bus_hypothesis_id,region_id,inference_mode,used_ground_truth_for_generation,used_ground_truth_for_evaluation,direction,role,member_nodes,ordered_member_nodes,width,bit_order,signedness_hypothesis,grouping_score,ordering_score,role_score,evidence_sources,feature_values,ambiguity_count,ground_truth_bus_name_if_known,ground_truth_match,rank,schema_version
arithmetic_add_add_w2__identity__ground_truth_region__inf__input__a,arithmetic_add_add_w2__identity__ground_truth_region,inferred_bus_mode,false,true,input,data_operand,"[""a_0"",""a_1""]","[""a_0"",""a_1""]",2,lsb_to_msb,unknown,0.900000,1.000000,0.800000,"[""name_prefix"",""index_contiguity"",""structural_similarity""]","{""index_contiguity_score"":1.0,""name_prefix"":""a"",""name_prefix_score"":1.0,""structural_similarity_score"":0.666667}",0,a,exact,1,semantic_bus_hypothesis_v1
arithmetic_add_add_w2__identity__ground_truth_region__inf__output__y,arithmetic_add_add_w2__identity__ground_truth_region,inferred_bus_mode,false,true,output,output,"[""y_0"",""y_1"",""y_2"",""y_3""]","[""y_0"",""y_1"",""y_2"",""y_3""]",4,lsb_to_msb,unknown,0.925000,1.000000,1.000000,"[""name_prefix"",""index_contiguity"",""structural_similarity""]","{""index_contiguity_score"":1.0,""name_prefix"":""y"",""name_prefix_score"":1.0,""structural_similarity_score"":0.75}",0,y,exact,1,semantic_bus_hypothesis_v1
arithmetic_add_add_w2__identity__whole_output_cone__inf__input__a,arithmetic_add_add_w2__identity__whole_output_cone,inferred_bus_mode,false,true,input,data_operand,"[""a_0"",""a_1""]","[""a_0"",""a_1""]",2,lsb_to_msb,unknown,0.900000,1.000000,0.800000,"[""name_prefix"",""index_contiguity"",""structural_similarity""]","{""index_contiguity_score"":1.0,""name_prefix"":""a"",""name_prefix_score"":1.0,""structural_similarity_score"":0.666667}",0,a,exact,1,semantic_bus_hypothesis_v1
arithmetic_add_add_w2__identity__whole_output_cone__inf__output__y,arithmetic_add_add_w2__identity__whole_output_cone,inferred_bus_mode,false,true,output,output,"[""y_0"",""y_1"",""y_2"",""y_3""]","[""y_0"",""y_1"",""y_2"",""y_3""]",4,lsb_to_msb,unknown,0.925000,1.000000,1.000000,"[""name_prefix"",""index_contiguity"",""structural_similarity""]","{""index_contiguity_score"":1.0,""name_prefix"":""y"",""name_prefix_score"":1.0,""structural_similarity_score"":0.75}",0,y,exact,1,semantic_bus_hypothesis_v1
arithmetic_affine_w2__balance__whole_output_cone__inf__input__a,arithmetic_affine_w2__balance__whole_output_cone,inferred_bus_mode,false,true,input,data_operand,"[""a_0"",""a_1""]","[""a_0"",""a_1""]",2,lsb_to_msb,unknown,0.940000,1.000000,0.800000,"[""name_prefix"",""index_contiguity"",""structural_similarity""]","{""index_contiguity_score"":1.0,""name_prefix"":""a"",""name_prefix_score"":1.0,""structural_similarity_score"":0.8}",0,a,exact,1,semantic_bus_hypothesis_v1
arithmetic_affine_w2__balance__whole_output_cone__inf__output__y,arithmetic_affine_w2__balance__whole_output_cone,inferred_bus_mode,false,true,output,output,"[""y_0"",""y_1"",""y_2"",""y_3"",""y_4""]","[""y_0"",""y_1"",""y_2"",""y_3"",""y_4""]",5,lsb_to_msb,unknown,0.780000,1.000000,1.000000,"[""name_prefix"",""index_contiguity"",""structural_similarity""]","{""index_contiguity_score"":1.0,""name_prefix"":""y"",""name_prefix_score"":1.0,""structural_similarity_score"":0.266667}",0,y,exact,1,semantic_bus_hypothesis_v1
arithmetic_affine_w2__compress2rs__whole_output_cone__inf__input__a,arithmetic_affine_w2__compress2rs__whole_output_cone,inferred_bus_mode,false,true,input,data_operand,"[""a_0"",""a_1""]","[""a_0"",""a_1""]",2,lsb_to_msb,unknown,0.850000,1.000000,0.800000,"[""name_prefix"",""index_contiguity"",""structural_similarity""]","{""index_contiguity_score"":1.0,""name_prefix"":""a"",""name_prefix_score"":1.0,""structural_similarity_score"":0.5}",0,a,exact,1,semantic_bus_hypothesis_v1
arithmetic_affine_w2__compress2rs__whole_output_cone__inf__output__y,arithmetic_affine_w2__compress2rs__whole_output_cone,inferred_bus_mode,false,true,output,output,"[""y_0"",""y_1"",""y_2"",""y_3"",""y_4""]","[""y_0"",""y_1"",""y_2"",""y_3"",""y_4""]",5,lsb_to_msb,unknown,0.735000,1.000000,1.000000,"[""name_prefix"",""index_contiguity"",""structural_similarity""]","{""index_contiguity_score"":1.0,""name_prefix"":""y"",""name_prefix_score"":1.0,""structural_similarity_score"":0.116667}",0,y,exact,1,semantic_bus_hypothesis_v1
arithmetic_affine_w2__dc2__whole_output_cone__inf__input__a,arithmetic_affine_w2__dc2__whole_output_cone,inferred_bus_mode,false,true,input,data_operand,"[""a_0"",""a_1""]","[""a_0"",""a_1""]",2,lsb_to_msb,unknown,0.850000,1.000000,0.800000,"[""name_prefix"",""index_contiguity"",""structural_similarity""]","{""index_contiguity_score"":1.0,""name_prefix"":""a"",""name_prefix_score"":1.0,""structural_similarity_score"":0.5}",0,a,exact,1,semantic_bus_hypothesis_v1
arithmetic_affine_w2__dc2__whole_output_cone__inf__output__y,arithmetic_affine_w2__dc2__whole_output_cone,inferred_bus_mode,false,true,output,output,"[""y_0"",""y_1"",""y_2"",""y_3"",""y_4""]","[""y_0"",""y_1"",""y_2"",""y_3"",""y_4""]",5,lsb_to_msb,unknown,0.743571,1.000000,1.000000,"[""name_prefix"",""index_contiguity"",""structural_similarity""]","{""index_contiguity_score"":1.0,""name_prefix"":""y"",""name_prefix_score"":1.0,""structural_similarity_score"":0.145238}",0,y,exact,1,semantic_bus_hypothesis_v1
arithmetic_affine_w2__identity__ground_truth_region__inf__input__a,arithmetic_affine_w2__identity__ground_truth_region,inferred_bus_mode,false,true,input,data_operand,"[""a_0"",""a_1""]","[""a_0"",""a_1""]",2,lsb_to_msb,unknown,0.900000,1.000000,0.800000,"[""name_prefix"",""index_contiguity"",""structural_similarity""]","{""index_contiguity_score"":1.0,""name_prefix"":""a"",""name_prefix_score"":1.0,""structural_similarity_score"":0.666667}",0,a,exact,1,semantic_bus_hypothesis_v1
arithmetic_affine_w2__identity__ground_truth_region__inf__output__y,arithmetic_affine_w2__identity__ground_truth_region,inferred_bus_mode,false,true,output,output,"[""y_0"",""y_1"",""y_2"",""y_3"",""y_4""]","[""y_0"",""y_1"",""y_2"",""y_3"",""y_4""]",5,lsb_to_msb,unknown,0.790000,1.000000,1.000000,"[""name_prefix"",""index_contiguity"",""structural_similarity""]","{""index_contiguity_score"":1.0,""name_prefix"":""y"",""name_prefix_score"":1.0,""structural_similarity_score"":0.3}",0,y,exact,1,semantic_bus_hypothesis_v1
arithmetic_affine_w2__identity__whole_output_cone__inf__input__a,arithmetic_affine_w2__identity__whole_output_cone,inferred_bus_mode,false,true,input,data_operand,"[""a_0"",""a_1""]","[""a_0"",""a_1""]",2,lsb_to_msb,unknown,0.900000,1.000000,0.800000,"[""name_prefix"",""index_contiguity"",""structural_similarity""]","{""index_contiguity_score"":1.0,""name_prefix"":""a"",""name_prefix_score"":1.0,""structural_similarity_score"":0.666667}",0,a,exact,1,semantic_bus_hypothesis_v1
arithmetic_affine_w2__identity__whole_output_cone__inf__output__y,arithmetic_affine_w2__identity__whole_output_cone,inferred_bus_mode,false,true,output,output,"[""y_0"",""y_1"",""y_2"",""y_3"",""y_4""]","[""y_0"",""y_1"",""y_2"",""y_3"",""y_4""]",5,lsb_to_msb,unknown,0.790000,1.000000,1.000000,"[""name_prefix"",""index_contiguity"",""structural_similarity""]","{""index_contiguity_score"":1.0,""name_prefix"":""y"",""name_prefix_score"":1.0,""structural_similarity_score"":0.3}",0,y,exact,1,semantic_bus_hypothesis_v1
arithmetic_affine_w2__refactor__whole_output_cone__inf__input__a,arithmetic_affine_w2__refactor__whole_output_cone,inferred_bus_mode,false,true,input,data_operand,"[""a_0"",""a_1""]","[""a_0"",""a_1""]",2,lsb_to_msb,unknown,0.828571,1.000000,0.800000,"[""name_prefix"",""index_contiguity"",""structural_similarity""]","{""index_contiguity_score"":1.0,""name_prefix"":""a"",""name_prefix_score"":1.0,""structural_similarity_score"":0.428571}",0,a,exact,1,semantic_bus_hypothesis_v1
arithmetic_affine_w2__refactor__whole_output_cone__inf__output__y,arithmetic_affine_w2__refactor__whole_output_cone,inferred_bus_mode,false,true,output,output,"[""y_0"",""y_1"",""y_2"",""y_3"",""y_4""]","[""y_0"",""y_1"",""y_2"",""y_3"",""y_4""]",5,lsb_to_msb,unknown,0.743000,1.000000,1.000000,"[""name_prefix"",""index_contiguity"",""structural_similarity""]","{""index_contiguity_score"":1.0,""name_prefix"":""y"",""name_prefix_score"":1.0,""structural_similarity_score"":0.143333}",0,y,exact,1,semantic_bus_hypothesis_v1
arithmetic_affine_w2__resub__whole_output_cone__inf__input__a,arithmetic_affine_w2__resub__whole_output_cone,inferred_bus_mode,false,true,input,data_operand,"[""a_0"",""a_1""]","[""a_0"",""a_1""]",2,lsb_to_msb,unknown,0.850000,1.000000,0.800000,"[""name_prefix"",""index_contiguity"",""structural_similarity""]","{""index_contiguity_score"":1.0,""name_prefix"":""a"",""name_prefix_score"":1.0,""structural_similarity_score"":0.5}",0,a,exact,1,semantic_bus_hypothesis_v1
arithmetic_affine_w2__resub__whole_output_cone__inf__output__y,arithmetic_affine_w2__resub__whole_output_cone,inferred_bus_mode,false,true,output,output,"[""y_0"",""y_1"",""y_2"",""y_3"",""y_4""]","[""y_0"",""y_1"",""y_2"",""y_3"",""y_4""]",5,lsb_to_msb,unknown,0.735000,1.000000,1.000000,"[""name_prefix"",""index_contiguity"",""structural_similarity""]","{""index_contiguity_score"":1.0,""name_prefix"":""y"",""name_prefix_score"":1.0,""structural_similarity_score"":0.116667}",0,y,exact,1,semantic_bus_hypothesis_v1
arithmetic_affine_w2__resyn__whole_output_cone__inf__input__a,arithmetic_affine_w2__resyn__whole_output_cone,inferred_bus_mode,false,true,input,data_operand,"[""a_0"",""a_1""]","[""a_0"",""a_1""]",2,lsb_to_msb,unknown,0.940000,1.000000,0.800000,"[""name_prefix"",""index_contiguity"",""structural_similarity""]","{""index_contiguity_score"":1.0,""name_prefix"":""a"",""name_prefix_score"":1.0,""structural_similarity_score"":0.8}",0,a,exact,1,semantic_bus_hypothesis_v1
arithmetic_affine_w2__resyn__whole_output_cone__inf__output__y,arithmetic_affine_w2__resyn__whole_output_cone,inferred_bus_mode,false,true,output,output,"[""y_0"",""y_1"",""y_2"",""y_3"",""y_4""]","[""y_0"",""y_1"",""y_2"",""y_3"",""y_4""]",5,lsb_to_msb,unknown,0.780000,1.000000,1.000000,"[""name_prefix"",""index_contiguity"",""structural_similarity""]","{""index_contiguity_score"":1.0,""name_prefix"":""y"",""name_prefix_score"":1.0,""structural_similarity_score"":0.266667}",0,y,exact,1,semantic_bus_hypothesis_v1
arithmetic_affine_w2__resyn2__whole_output_cone__inf__input__a,arithmetic_affine_w2__resyn2__whole_output_cone,inferred_bus_mode,false,true,input,data_operand,"[""a_0"",""a_1""]","[""a_0"",""a_1""]",2,lsb_to_msb,unknown,0.850000,1.000000,0.800000,"[""name_prefix"",""index_contiguity"",""structural_similarity""]","{""index_contiguity_score"":1.0,""name_prefix"":""a"",""name_prefix_score"":1.0,""structural_similarity_score"":0.5}",0,a,exact,1,semantic_bus_hypothesis_v1
arithmetic_affine_w2__resyn2__whole_output_cone__inf__output__y,arithmetic_affine_w2__resyn2__whole_output_cone,inferred_bus_mode,false,true,output,output,"[""y_0"",""y_1"",""y_2"",""y_3"",""y_4""]","[""y_0"",""y_1"",""y_2"",""y_3"",""y_4""]",5,lsb_to_msb,unknown,0.735000,1.000000,1.000000,"[""name_prefix"",""index_contiguity"",""structural_similarity""]","{""index_contiguity_score"":1.0,""name_prefix"":""y"",""name_prefix_score"":1.0,""structural_similarity_score"":0.116667}",0,y,exact,1,semantic_bus_hypothesis_v1
arithmetic_affine_w2__rewrite__whole_output_cone__inf__input__a,arithmetic_affine_w2__rewrite__whole_output_cone,inferred_bus_mode,false,true,input,data_operand,"[""a_0"",""a_1""]","[""a_0"",""a_1""]",2,lsb_to_msb,unknown,0.945455,1.000000,0.800000,"[""name_prefix"",""index_contiguity"",""structural_similarity""]","{""index_contiguity_score"":1.0,""name_prefix"":""a"",""name_prefix_score"":1.0,""structural_similarity_score"":0.818182}",0,a,exact,1,semantic_bus_hypothesis_v1
arithmetic_affine_w2__rewrite__whole_output_cone__inf__output__y,arithmetic_affine_w2__rewrite__whole_output_cone,inferred_bus_mode,false,true,output,output,"[""y_0"",""y_1"",""y_2"",""y_3"",""y_4""]","[""y_0"",""y_1"",""y_2"",""y_3"",""y_4""]",5,lsb_to_msb,unknown,0.773571,1.000000,1.000000,"[""name_prefix"",""index_contiguity"",""structural_similarity""]","{""index_contiguity_score"":1.0,""name_prefix"":""y"",""name_prefix_score"":1.0,""structural_similarity_score"":0.245238}",0,y,exact,1,semantic_bus_hypothesis_v1
arithmetic_affine_w3__balance__whole_output_cone__inf__input__a,arithmetic_affine_w3__balance__whole_output_cone,inferred_bus_mode,false,true,input,data_operand,"[""a_0"",""a_1"",""a_2""]","[""a_0"",""a_1"",""a_2""]",3,lsb_to_msb,unknown,0.847059,1.000000,0.800000,"[""name_prefix"",""index_contiguity"",""structural_similarity""]","{""index_contiguity_score"":1.0,""name_prefix"":""a"",""name_prefix_score"":1.0,""structural_similarity_score"":0.490196}",0,a,exact,1,semantic_bus_hypothesis_v1
arithmetic_affine_w3__balance__whole_output_cone__inf__output__y,arithmetic_affine_w3__balance__whole_output_cone,inferred_bus_mode,false,true,output,output,"[""y_0"",""y_1"",""y_2"",""y_3"",""y_4"",""y_5""]","[""y_0"",""y_1"",""y_2"",""y_3"",""y_4"",""y_5""]",6,lsb_to_msb,unknown,0.716865,1.000000,1.000000,"[""name_prefix"",""index_contiguity"",""structural_similarity""]","{""index_contiguity_score"":1.0,""name_prefix"":""y"",""name_prefix_score"":1.0,""structural_similarity_score"":0.056218}",0,y,exact,1,semantic_bus_hypothesis_v1
arithmetic_affine_w3__compress2rs__whole_output_cone__inf__input__a,arithmetic_affine_w3__compress2rs__whole_output_cone,inferred_bus_mode,false,true,input,data_operand,"[""a_0"",""a_1"",""a_2""]","[""a_0"",""a_1"",""a_2""]",3,lsb_to_msb,unknown,0.850000,1.000000,0.800000,"[""name_prefix"",""index_contiguity"",""structural_similarity""]","{""index_contiguity_score"":1.0,""name_prefix"":""a"",""name_prefix_score"":1.0,""structural_similarity_score"":0.5}",0,a,exact,1,semantic_bus_hypothesis_v1
arithmetic_affine_w3__compress2rs__whole_output_cone__inf__output__y,arithmetic_affine_w3__compress2rs__whole_output_cone,inferred_bus_mode,false,true,output,output,"[""y_0"",""y_1"",""y_2"",""y_3"",""y_4"",""y_5""]","[""y_0"",""y_1"",""y_2"",""y_3"",""y_4"",""y_5""]",6,lsb_to_msb,unknown,0.722591,1.000000,1.000000,"[""name_prefix"",""index_contiguity"",""structural_similarity""]","{""index_contiguity_score"":1.0,""name_prefix"":""y"",""name_prefix_score"":1.0,""structural_similarity_score"":0.075303}",0,y,exact,1,semantic_bus_hypothesis_v1
arithmetic_affine_w3__dc2__whole_output_cone__inf__input__a,arithmetic_affine_w3__dc2__whole_output_cone,inferred_bus_mode,false,true,input,data_operand,"[""a_0"",""a_1"",""a_2""]","[""a_0"",""a_1"",""a_2""]",3,lsb_to_msb,unknown,0.850000,1.000000,0.800000,"[""name_prefix"",""index_contiguity"",""structural_similarity""]","{""index_contiguity_score"":1.0,""name_prefix"":""a"",""name_prefix_score"":1.0,""structural_similarity_score"":0.5}",0,a,exact,1,semantic_bus_hypothesis_v1
arithmetic_affine_w3__dc2__whole_output_cone__inf__output__y,arithmetic_affine_w3__dc2__whole_output_cone,inferred_bus_mode,false,true,output,output,"[""y_0"",""y_1"",""y_2"",""y_3"",""y_4"",""y_5""]","[""y_0"",""y_1"",""y_2"",""y_3"",""y_4"",""y_5""]",6,lsb_to_msb,unknown,0.722591,1.000000,1.000000,"[""name_prefix"",""index_contiguity"",""structural_similarity""]","{""index_contiguity_score"":1.0,""name_prefix"":""y"",""name_prefix_score"":1.0,""structural_similarity_score"":0.075303}",0,y,exact,1,semantic_bus_hypothesis_v1
arithmetic_affine_w3__identity__ground_truth_region__inf__input__a,arithmetic_affine_w3__identity__ground_truth_region,inferred_bus_mode,false,true,input,data_operand,"[""a_0"",""a_1"",""a_2""]","[""a_0"",""a_1"",""a_2""]",3,lsb_to_msb,unknown,0.914286,1.000000,0.800000,"[""name_prefix"",""index_contiguity"",""structural_similarity""]","{""index_contiguity_score"":1.0,""name_prefix"":""a"",""name_prefix_score"":1.0,""structural_similarity_score"":0.714286}",0,a,exact,1,semantic_bus_hypothesis_v1
arithmetic_affine_w3__identity__ground_truth_region__inf__output__y,arithmetic_affine_w3__identity__ground_truth_region,inferred_bus_mode,false,true,output,output,"[""y_0"",""y_1"",""y_2"",""y_3"",""y_4"",""y_5""]","[""y_0"",""y_1"",""y_2"",""y_3"",""y_4"",""y_5""]",6,lsb_to_msb,unknown,0.820000,1.000000,1.000000,"[""name_prefix"",""index_contiguity"",""structural_similarity""]","{""index_contiguity_score"":1.0,""name_prefix"":""y"",""name_prefix_score"":1.0,""structural_similarity_score"":0.4}",0,y,exact,1,semantic_bus_hypothesis_v1
arithmetic_affine_w3__identity__whole_output_cone__inf__input__a,arithmetic_affine_w3__identity__whole_output_cone,inferred_bus_mode,false,true,input,data_operand,"[""a_0"",""a_1"",""a_2""]","[""a_0"",""a_1"",""a_2""]",3,lsb_to_msb,unknown,0.914286,1.000000,0.800000,"[""name_prefix"",""index_contiguity"",""structural_similarity""]","{""index_contiguity_score"":1.0,""name_prefix"":""a"",""name_prefix_score"":1.0,""structural_similarity_score"":0.714286}",0,a,exact,1,semantic_bus_hypothesis_v1
arithmetic_affine_w3__identity__whole_output_cone__inf__output__y,arithmetic_affine_w3__identity__whole_output_cone,inferred_bus_mode,false,true,output,output,"[""y_0"",""y_1"",""y_2"",""y_3"",""y_4"",""y_5""]","[""y_0"",""y_1"",""y_2"",""y_3"",""y_4"",""y_5""]",6,lsb_to_msb,unknown,0.820000,1.000000,1.000000,"[""name_prefix"",""index_contiguity"",""structural_similarity""]","{""index_contiguity_score"":1.0,""name_prefix"":""y"",""name_prefix_score"":1.0,""structural_similarity_score"":0.4}",0,y,exact,1,semantic_bus_hypothesis_v1
arithmetic_affine_w3__refactor__whole_output_cone__inf__input__a,arithmetic_affine_w3__refactor__whole_output_cone,inferred_bus_mode,false,true,input,data_operand,"[""a_0"",""a_1"",""a_2""]","[""a_0"",""a_1"",""a_2""]",3,lsb_to_msb,unknown,0.842857,1.000000,0.800000,"[""name_prefix"",""index_contiguity"",""structural_similarity""]","{""index_contiguity_score"":1.0,""name_prefix"":""a"",""name_prefix_score"":1.0,""structural_similarity_score"":0.47619}",0,a,exact,1,semantic_bus_hypothesis_v1
arithmetic_affine_w3__refactor__whole_output_cone__inf__output__y,arithmetic_affine_w3__refactor__whole_output_cone,inferred_bus_mode,false,true,output,output,"[""y_0"",""y_1"",""y_2"",""y_3"",""y_4"",""y_5""]","[""y_0"",""y_1"",""y_2"",""y_3"",""y_4"",""y_5""]",6,lsb_to_msb,unknown,0.718115,1.000000,1.000000,"[""name_prefix"",""index_contiguity"",""structural_similarity""]","{""index_contiguity_score"":1.0,""name_prefix"":""y"",""name_prefix_score"":1.0,""structural_similarity_score"":0.060385}",0,y,exact,1,semantic_bus_hypothesis_v1
arithmetic_affine_w3__resub__whole_output_cone__inf__input__a,arithmetic_affine_w3__resub__whole_output_cone,inferred_bus_mode,false,true,input,data_operand,"[""a_0"",""a_1"",""a_2""]","[""a_0"",""a_1"",""a_2""]",3,lsb_to_msb,unknown,0.853333,1.000000,0.800000,"[""name_prefix"",""index_contiguity"",""structural_similarity""]","{""index_contiguity_score"":1.0,""name_prefix"":""a"",""name_prefix_score"":1.0,""structural_similarity_score"":0.511111}",0,a,exact,1,semantic_bus_hypothesis_v1
arithmetic_affine_w3__resub__whole_output_cone__inf__output__y,arithmetic_affine_w3__resub__whole_output_cone,inferred_bus_mode,false,true,output,output,"[""y_0"",""y_1"",""y_2"",""y_3"",""y_4"",""y_5""]","[""y_0"",""y_1"",""y_2"",""y_3"",""y_4"",""y_5""]",6,lsb_to_msb,unknown,0.717714,1.000000,1.000000,"[""name_prefix"",""index_contiguity"",""structural_similarity""]","{""index_contiguity_score"":1.0,""name_prefix"":""y"",""name_prefix_score"":1.0,""structural_similarity_score"":0.059048}",0,y,exact,1,semantic_bus_hypothesis_v1
arithmetic_affine_w3__resyn__whole_output_cone__inf__input__a,arithmetic_affine_w3__resyn__whole_output_cone,inferred_bus_mode,false,true,input,data_operand,"[""a_0"",""a_1"",""a_2""]","[""a_0"",""a_1"",""a_2""]",3,lsb_to_msb,unknown,0.847059,1.000000,0.800000,"[""name_prefix"",""index_contiguity"",""structural_similarity""]","{""index_contiguity_score"":1.0,""name_prefix"":""a"",""name_prefix_score"":1.0,""structural_similarity_score"":0.490196}",0,a,exact,1,semantic_bus_hypothesis_v1
arithmetic_affine_w3__resyn__whole_output_cone__inf__output__y,arithmetic_affine_w3__resyn__whole_output_cone,inferred_bus_mode,false,true,output,output,"[""y_0"",""y_1"",""y_2"",""y_3"",""y_4"",""y_5""]","[""y_0"",""y_1"",""y_2"",""y_3"",""y_4"",""y_5""]",6,lsb_to_msb,unknown,0.716865,1.000000,1.000000,"[""name_prefix"",""index_contiguity"",""structural_similarity""]","{""index_contiguity_score"":1.0,""name_prefix"":""y"",""name_prefix_score"":1.0,""structural_similarity_score"":0.056218}",0,y,exact,1,semantic_bus_hypothesis_v1
arithmetic_affine_w3__resyn2__whole_output_cone__inf__input__a,arithmetic_affine_w3__resyn2__whole_output_cone,inferred_bus_mode,false,true,input,data_operand,"[""a_0"",""a_1"",""a_2""]","[""a_0"",""a_1"",""a_2""]",3,lsb_to_msb,unknown,0.850000,1.000000,0.800000,"[""name_prefix"",""index_contiguity"",""structural_similarity""]","{""index_contiguity_score"":1.0,""name_prefix"":""a"",""name_prefix_score"":1.0,""structural_similarity_score"":0.5}",0,a,exact,1,semantic_bus_hypothesis_v1
arithmetic_affine_w3__resyn2__whole_output_cone__inf__output__y,arithmetic_affine_w3__resyn2__whole_output_cone,inferred_bus_mode,false,true,output,output,"[""y_0"",""y_1"",""y_2"",""y_3"",""y_4"",""y_5""]","[""y_0"",""y_1"",""y_2"",""y_3"",""y_4"",""y_5""]",6,lsb_to_msb,unknown,0.722591,1.000000,1.000000,"[""name_prefix"",""index_contiguity"",""structural_similarity""]","{""index_contiguity_score"":1.0,""name_prefix"":""y"",""name_prefix_score"":1.0,""structural_similarity_score"":0.075303}",0,y,exact,1,semantic_bus_hypothesis_v1
arithmetic_affine_w3__rewrite__whole_output_cone__inf__input__a,arithmetic_affine_w3__rewrite__whole_output_cone,inferred_bus_mode,false,true,input,data_operand,"[""a_0"",""a_1"",""a_2""]","[""a_0"",""a_1"",""a_2""]",3,lsb_to_msb,unknown,0.847059,1.000000,0.800000,"[""name_prefix"",""index_contiguity"",""structural_similarity""]","{""index_contiguity_score"":1.0,""name_prefix"":""a"",""name_prefix_score"":1.0,""structural_similarity_score"":0.490196}",0,a,exact,1,semantic_bus_hypothesis_v1
arithmetic_affine_w3__rewrite__whole_output_cone__inf__output__y,arithmetic_affine_w3__rewrite__whole_output_cone,inferred_bus_mode,false,true,output,output,"[""y_0"",""y_1"",""y_2"",""y_3"",""y_4"",""y_5""]","[""y_0"",""y_1"",""y_2"",""y_3"",""y_4"",""y_5""]",6,lsb_to_msb,unknown,0.716865,1.000000,1.000000,"[""name_prefix"",""index_contiguity"",""structural_similarity""]","{""index_contiguity_score"":1.0,""name_prefix"":""y"",""name_prefix_score"":1.0,""structural_similarity_score"":0.056218}",0,y,exact,1,semantic_bus_hypothesis_v1
arithmetic_affine_w4__balance__whole_output_cone__inf__input__a,arithmetic_affine_w4__balance__whole_output_cone,inferred_bus_mode,false,true,input,data_operand,"[""a_0"",""a_1"",""a_2"",""a_3""]","[""a_0"",""a_1"",""a_2"",""a_3""]",4,lsb_to_msb,unknown,0.821382,1.000000,0.800000,"[""name_prefix"",""index_contiguity"",""structural_similarity""]","{""index_contiguity_score"":1.0,""name_prefix"":""a"",""name_prefix_score"":1.0,""structural_similarity_score"":0.404608}",0,a,exact,1,semantic_bus_hypothesis_v1
arithmetic_affine_w4__balance__whole_output_cone__inf__output__y,arithmetic_affine_w4__balance__whole_output_cone,inferred_bus_mode,false,true,output,output,"[""y_0"",""y_1"",""y_2"",""y_3"",""y_4"",""y_5"",""y_6""]","[""y_0"",""y_1"",""y_2"",""y_3"",""y_4"",""y_5"",""y_6""]",7,lsb_to_msb,unknown,0.725870,1.000000,1.000000,"[""name_prefix"",""index_contiguity"",""structural_similarity""]","{""index_contiguity_score"":1.0,""name_prefix"":""y"",""name_prefix_score"":1.0,""structural_similarity_score"":0.086232}",0,y,exact,1,semantic_bus_hypothesis_v1
arithmetic_affine_w4__compress2rs__whole_output_cone__inf__input__a,arithmetic_affine_w4__compress2rs__whole_output_cone,inferred_bus_mode,false,true,input,data_operand,"[""a_0"",""a_1"",""a_2"",""a_3""]","[""a_0"",""a_1"",""a_2"",""a_3""]",4,lsb_to_msb,unknown,0.851560,1.000000,0.800000,"[""name_prefix"",""index_contiguity"",""structural_similarity""]","{""index_contiguity_score"":1.0,""name_prefix"":""a"",""name_prefix_score"":1.0,""structural_similarity_score"":0.505201}",0,a,exact,1,semantic_bus_hypothesis_v1
arithmetic_affine_w4__compress2rs__whole_output_cone__inf__output__y,arithmetic_affine_w4__compress2rs__whole_output_cone,inferred_bus_mode,false,true,output,output,"[""y_0"",""y_1"",""y_2"",""y_3"",""y_4"",""y_5"",""y_6""]","[""y_0"",""y_1"",""y_2"",""y_3"",""y_4"",""y_5"",""y_6""]",7,lsb_to_msb,unknown,0.740397,1.000000,1.000000,"[""name_prefix"",""index_contiguity"",""structural_similarity""]","{""index_contiguity_score"":1.0,""name_prefix"":""y"",""name_prefix_score"":1.0,""structural_similarity_score"":0.134658}",0,y,exact,1,semantic_bus_hypothesis_v1
arithmetic_affine_w4__dc2__whole_output_cone__inf__input__a,arithmetic_affine_w4__dc2__whole_output_cone,inferred_bus_mode,false,true,input,data_operand,"[""a_0"",""a_1"",""a_2"",""a_3""]","[""a_0"",""a_1"",""a_2"",""a_3""]",4,lsb_to_msb,unknown,0.855217,1.000000,0.800000,"[""name_prefix"",""index_contiguity"",""structural_similarity""]","{""index_contiguity_score"":1.0,""name_prefix"":""a"",""name_prefix_score"":1.0,""structural_similarity_score"":0.517391}",0,a,exact,1,semantic_bus_hypothesis_v1
arithmetic_affine_w4__dc2__whole_output_cone__inf__output__y,arithmetic_affine_w4__dc2__whole_output_cone,inferred_bus_mode,false,true,output,output,"[""y_0"",""y_1"",""y_2"",""y_3"",""y_4"",""y_5"",""y_6""]","[""y_0"",""y_1"",""y_2"",""y_3"",""y_4"",""y_5"",""y_6""]",7,lsb_to_msb,unknown,0.734521,1.000000,1.000000,"[""name_prefix"",""index_contiguity"",""structural_similarity""]","{""index_contiguity_score"":1.0,""name_prefix"":""y"",""name_prefix_score"":1.0,""structural_similarity_score"":0.115069}",0,y,exact,1,semantic_bus_hypothesis_v1
arithmetic_affine_w4__identity__ground_truth_region__inf__input__a,arithmetic_affine_w4__identity__ground_truth_region,inferred_bus_mode,false,true,input,data_operand,"[""a_0"",""a_1"",""a_2"",""a_3""]","[""a_0"",""a_1"",""a_2"",""a_3""]",4,lsb_to_msb,unknown,0.925000,1.000000,0.800000,"[""name_prefix"",""index_contiguity"",""structural_similarity""]","{""index_contiguity_score"":1.0,""name_prefix"":""a"",""name_prefix_score"":1.0,""structural_similarity_score"":0.75}",0,a,exact,1,semantic_bus_hypothesis_v1
arithmetic_affine_w4__identity__ground_truth_region__inf__output__y,arithmetic_affine_w4__identity__ground_truth_region,inferred_bus_mode,false,true,output,output,"[""y_0"",""y_1"",""y_2"",""y_3"",""y_4"",""y_5"",""y_6""]","[""y_0"",""y_1"",""y_2"",""y_3"",""y_4"",""y_5"",""y_6""]",7,lsb_to_msb,unknown,0.842857,1.000000,1.000000,"[""name_prefix"",""index_contiguity"",""structural_similarity""]","{""index_contiguity_score"":1.0,""name_prefix"":""y"",""name_prefix_score"":1.0,""structural_similarity_score"":0.47619}",0,y,exact,1,semantic_bus_hypothesis_v1
arithmetic_affine_w4__identity__whole_output_cone__inf__input__a,arithmetic_affine_w4__identity__whole_output_cone,inferred_bus_mode,false,true,input,data_operand,"[""a_0"",""a_1"",""a_2"",""a_3""]","[""a_0"",""a_1"",""a_2"",""a_3""]",4,lsb_to_msb,unknown,0.925000,1.000000,0.800000,"[""name_prefix"",""index_contiguity"",""structural_similarity""]","{""index_contiguity_score"":1.0,""name_prefix"":""a"",""name_prefix_score"":1.0,""structural_similarity_score"":0.75}",0,a,exact,1,semantic_bus_hypothesis_v1
arithmetic_affine_w4__identity__whole_output_cone__inf__output__y,arithmetic_affine_w4__identity__whole_output_cone,inferred_bus_mode,false,true,output,output,"[""y_0"",""y_1"",""y_2"",""y_3"",""y_4"",""y_5"",""y_6""]","[""y_0"",""y_1"",""y_2"",""y_3"",""y_4"",""y_5"",""y_6""]",7,lsb_to_msb,unknown,0.842857,1.000000,1.000000,"[""name_prefix"",""index_contiguity"",""structural_similarity""]","{""index_contiguity_score"":1.0,""name_prefix"":""y"",""name_prefix_score"":1.0,""structural_similarity_score"":0.47619}",0,y,exact,1,semantic_bus_hypothesis_v1
arithmetic_affine_w4__refactor__whole_output_cone__inf__input__a,arithmetic_affine_w4__refactor__whole_output_cone,inferred_bus_mode,false,true,input,data_operand,"[""a_0"",""a_1"",""a_2"",""a_3""]","[""a_0"",""a_1"",""a_2"",""a_3""]",4,lsb_to_msb,unknown,0.847583,1.000000,0.800000,"[""name_prefix"",""index_contiguity"",""structural_similarity""]","{""index_contiguity_score"":1.0,""name_prefix"":""a"",""name_prefix_score"":1.0,""structural_similarity_score"":0.491944}",0,a,exact,1,semantic_bus_hypothesis_v1
arithmetic_affine_w4__refactor__whole_output_cone__inf__output__y,arithmetic_affine_w4__refactor__whole_output_cone,inferred_bus_mode,false,true,output,output,"[""y_0"",""y_1"",""y_2"",""y_3"",""y_4"",""y_5"",""y_6""]","[""y_0"",""y_1"",""y_2"",""y_3"",""y_4"",""y_5"",""y_6""]",7,lsb_to_msb,unknown,0.735035,1.000000,1.000000,"[""name_prefix"",""index_contiguity"",""structural_similarity""]","{""index_contiguity_score"":1.0,""name_prefix"":""y"",""name_prefix_score"":1.0,""structural_similarity_score"":0.116783}",0,y,exact,1,semantic_bus_hypothesis_v1
arithmetic_affine_w4__resub__whole_output_cone__inf__input__a,arithmetic_affine_w4__resub__whole_output_cone,inferred_bus_mode,false,true,input,data_operand,"[""a_0"",""a_1"",""a_2"",""a_3""]","[""a_0"",""a_1"",""a_2"",""a_3""]",4,lsb_to_msb,unknown,0.827369,1.000000,0.800000,"[""name_prefix"",""index_contiguity"",""structural_similarity""]","{""index_contiguity_score"":1.0,""name_prefix"":""a"",""name_prefix_score"":1.0,""structural_similarity_score"":0.424565}",0,a,exact,1,semantic_bus_hypothesis_v1
arithmetic_affine_w4__resub__whole_output_cone__inf__output__y,arithmetic_affine_w4__resub__whole_output_cone,inferred_bus_mode,false,true,output,output,"[""y_0"",""y_1"",""y_2"",""y_3"",""y_4"",""y_5"",""y_6""]","[""y_0"",""y_1"",""y_2"",""y_3"",""y_4"",""y_5"",""y_6""]",7,lsb_to_msb,unknown,0.732370,1.000000,1.000000,"[""name_prefix"",""index_contiguity"",""structural_similarity""]","{""index_contiguity_score"":1.0,""name_prefix"":""y"",""name_prefix_score"":1.0,""structural_similarity_score"":0.1079}",0,y,exact,1,semantic_bus_hypothesis_v1
arithmetic_affine_w4__resyn__whole_output_cone__inf__input__a,arithmetic_affine_w4__resyn__whole_output_cone,inferred_bus_mode,false,true,input,data_operand,"[""a_0"",""a_1"",""a_2"",""a_3""]","[""a_0"",""a_1"",""a_2"",""a_3""]",4,lsb_to_msb,unknown,0.844615,1.000000,0.800000,"[""name_prefix"",""index_contiguity"",""structural_similarity""]","{""index_contiguity_score"":1.0,""name_prefix"":""a"",""name_prefix_score"":1.0,""structural_similarity_score"":0.482051}",0,a,exact,1,semantic_bus_hypothesis_v1
arithmetic_affine_w4__resyn__whole_output_cone__inf__output__y,arithmetic_affine_w4__resyn__whole_output_cone,inferred_bus_mode,false,true,output,output,"[""y_0"",""y_1"",""y_2"",""y_3"",""y_4"",""y_5"",""y_6""]","[""y_0"",""y_1"",""y_2"",""y_3"",""y_4"",""y_5"",""y_6""]",7,lsb_to_msb,unknown,0.737198,1.000000,1.000000,"[""name_prefix"",""index_contiguity"",""structural_similarity""]","{""index_contiguity_score"":1.0,""name_prefix"":""y"",""name_prefix_score"":1.0,""structural_similarity_score"":0.123995}",0,y,exact,1,semantic_bus_hypothesis_v1
arithmetic_affine_w4__resyn2__whole_output_cone__inf__input__a,arithmetic_affine_w4__resyn2__whole_output_cone,inferred_bus_mode,false,true,input,data_operand,"[""a_0"",""a_1"",""a_2"",""a_3""]","[""a_0"",""a_1"",""a_2"",""a_3""]",4,lsb_to_msb,unknown,0.851560,1.000000,0.800000,"[""name_prefix"",""index_contiguity"",""structural_similarity""]","{""index_contiguity_score"":1.0,""name_prefix"":""a"",""name_prefix_score"":1.0,""structural_similarity_score"":0.505201}",0,a,exact,1,semantic_bus_hypothesis_v1
arithmetic_affine_w4__resyn2__whole_output_cone__inf__output__y,arithmetic_affine_w4__resyn2__whole_output_cone,inferred_bus_mode,false,true,output,output,"[""y_0"",""y_1"",""y_2"",""y_3"",""y_4"",""y_5"",""y_6""]","[""y_0"",""y_1"",""y_2"",""y_3"",""y_4"",""y_5"",""y_6""]",7,lsb_to_msb,unknown,0.740397,1.000000,1.000000,"[""name_prefix"",""index_contiguity"",""structural_similarity""]","{""index_contiguity_score"":1.0,""name_prefix"":""y"",""name_prefix_score"":1.0,""structural_similarity_score"":0.134658}",0,y,exact,1,semantic_bus_hypothesis_v1
arithmetic_affine_w4__rewrite__whole_output_cone__inf__input__a,arithmetic_affine_w4__rewrite__whole_output_cone,inferred_bus_mode,false,true,input,data_operand,"[""a_0"",""a_1"",""a_2"",""a_3""]","[""a_0"",""a_1"",""a_2"",""a_3""]",4,lsb_to_msb,unknown,0.844615,1.000000,0.800000,"[""name_prefix"",""index_contiguity"",""structural_similarity""]","{""index_contiguity_score"":1.0,""name_prefix"":""a"",""name_prefix_score"":1.0,""structural_similarity_score"":0.482051}",0,a,exact,1,semantic_bus_hypothesis_v1
arithmetic_affine_w4__rewrite__whole_output_cone__inf__output__y,arithmetic_affine_w4__rewrite__whole_output_cone,inferred_bus_mode,false,true,output,output,"[""y_0"",""y_1"",""y_2"",""y_3"",""y_4"",""y_5"",""y_6""]","[""y_0"",""y_1"",""y_2"",""y_3"",""y_4"",""y_5"",""y_6""]",7,lsb_to_msb,unknown,0.737198,1.000000,1.000000,"[""name_prefix"",""index_contiguity"",""structural_similarity""]","{""index_contiguity_score"":1.0,""name_prefix"":""y"",""name_prefix_score"":1.0,""structural_similarity_score"":0.123995}",0,y,exact,1,semantic_bus_hypothesis_v1
arithmetic_affine_w6__identity__ground_truth_region__inf__input__a,arithmetic_affine_w6__identity__ground_truth_region,inferred_bus_mode,false,true,input,data_operand,"[""a_0"",""a_1"",""a_2"",""a_3"",""a_4"",""a_5""]","[""a_0"",""a_1"",""a_2"",""a_3"",""a_4"",""a_5""]",6,lsb_to_msb,unknown,0.940000,1.000000,0.800000,"[""name_prefix"",""index_contiguity"",""structural_similarity""]","{""index_contiguity_score"":1.0,""name_prefix"":""a"",""name_prefix_score"":1.0,""structural_similarity_score"":0.8}",0,a,exact,1,semantic_bus_hypothesis_v1
arithmetic_affine_w6__identity__ground_truth_region__inf__output__y,arithmetic_affine_w6__identity__ground_truth_region,inferred_bus_mode,false,true,output,output,"[""y_0"",""y_1"",""y_2"",""y_3"",""y_4"",""y_5"",""y_6"",""y_7"",""y_8""]","[""y_0"",""y_1"",""y_2"",""y_3"",""y_4"",""y_5"",""y_6"",""y_7"",""y_8""]",9,lsb_to_msb,unknown,0.875000,1.000000,1.000000,"[""name_prefix"",""index_contiguity"",""structural_similarity""]","{""index_contiguity_score"":1.0,""name_prefix"":""y"",""name_prefix_score"":1.0,""structural_similarity_score"":0.583333}",0,y,exact,1,semantic_bus_hypothesis_v1
arithmetic_affine_w6__identity__whole_output_cone__inf__input__a,arithmetic_affine_w6__identity__whole_output_cone,inferred_bus_mode,false,true,input,data_operand,"[""a_0"",""a_1"",""a_2"",""a_3"",""a_4"",""a_5""]","[""a_0"",""a_1"",""a_2"",""a_3"",""a_4"",""a_5""]",6,lsb_to_msb,unknown,0.940000,1.000000,0.800000,"[""name_prefix"",""index_contiguity"",""structural_similarity""]","{""index_contiguity_score"":1.0,""name_prefix"":""a"",""name_prefix_score"":1.0,""structural_similarity_score"":0.8}",0,a,exact,1,semantic_bus_hypothesis_v1
arithmetic_affine_w6__identity__whole_output_cone__inf__output__y,arithmetic_affine_w6__identity__whole_output_cone,inferred_bus_mode,false,true,output,output,"[""y_0"",""y_1"",""y_2"",""y_3"",""y_4"",""y_5"",""y_6"",""y_7"",""y_8""]","[""y_0"",""y_1"",""y_2"",""y_3"",""y_4"",""y_5"",""y_6"",""y_7"",""y_8""]",9,lsb_to_msb,unknown,0.875000,1.000000,1.000000,"[""name_prefix"",""index_contiguity"",""structural_similarity""]","{""index_contiguity_score"":1.0,""name_prefix"":""y"",""name_prefix_score"":1.0,""structural_similarity_score"":0.583333}",0,y,exact,1,semantic_bus_hypothesis_v1
arithmetic_affine_w8__identity__ground_truth_region__inf__input__a,arithmetic_affine_w8__identity__ground_truth_region,inferred_bus_mode,false,true,input,data_operand,"[""a_0"",""a_1"",""a_2"",""a_3"",""a_4"",""a_5"",""a_6"",""a_7""]","[""a_0"",""a_1"",""a_2"",""a_3"",""a_4"",""a_5"",""a_6"",""a_7""]",8,lsb_to_msb,unknown,0.950000,1.000000,0.800000,"[""name_prefix"",""index_contiguity"",""structural_similarity""]","{""index_contiguity_score"":1.0,""name_prefix"":""a"",""name_prefix_score"":1.0,""structural_similarity_score"":0.833333}",0,a,exact,1,semantic_bus_hypothesis_v1
arithmetic_affine_w8__identity__ground_truth_region__inf__output__y,arithmetic_affine_w8__identity__ground_truth_region,inferred_bus_mode,false,true,output,output,"[""y_0"",""y_1"",""y_10"",""y_2"",""y_3"",""y_4"",""y_5"",""y_6"",""y_7"",""y_8"",""y_9""]","[""y_0"",""y_1"",""y_2"",""y_3"",""y_4"",""y_5"",""y_6"",""y_7"",""y_8"",""y_9"",""y_10""]",11,lsb_to_msb,unknown,0.896364,1.000000,1.000000,"[""name_prefix"",""index_contiguity"",""structural_similarity""]","{""index_contiguity_score"":1.0,""name_prefix"":""y"",""name_prefix_score"":1.0,""structural_similarity_score"":0.654545}",0,y,exact,1,semantic_bus_hypothesis_v1
arithmetic_affine_w8__identity__whole_output_cone__inf__input__a,arithmetic_affine_w8__identity__whole_output_cone,inferred_bus_mode,false,true,input,data_operand,"[""a_0"",""a_1"",""a_2"",""a_3"",""a_4"",""a_5"",""a_6"",""a_7""]","[""a_0"",""a_1"",""a_2"",""a_3"",""a_4"",""a_5"",""a_6"",""a_7""]",8,lsb_to_msb,unknown,0.950000,1.000000,0.800000,"[""name_prefix"",""index_contiguity"",""structural_similarity""]","{""index_contiguity_score"":1.0,""name_prefix"":""a"",""name_prefix_score"":1.0,""structural_similarity_score"":0.833333}",0,a,exact,1,semantic_bus_hypothesis_v1
arithmetic_affine_w8__identity__whole_output_cone__inf__output__y,arithmetic_affine_w8__identity__whole_output_cone,inferred_bus_mode,false,true,output,output,"[""y_0"",""y_1"",""y_10"",""y_2"",""y_3"",""y_4"",""y_5"",""y_6"",""y_7"",""y_8"",""y_9""]","[""y_0"",""y_1"",""y_2"",""y_3"",""y_4"",""y_5"",""y_6"",""y_7"",""y_8"",""y_9"",""y_10""]",11,lsb_to_msb,unknown,0.896364,1.000000,1.000000,"[""name_prefix"",""index_contiguity"",""structural_similarity""]","{""index_contiguity_score"":1.0,""name_prefix"":""y"",""name_prefix_score"":1.0,""structural_similarity_score"":0.654545}",0,y,exact,1,semantic_bus_hypothesis_v1
arithmetic_bilinear_w2__identity__ground_truth_region__inf__input__a,arithmetic_bilinear_w2__identity__ground_truth_region,inferred_bus_mode,false,true,input,data_operand,"[""a_0"",""a_1""]","[""a_0"",""a_1""]",2,lsb_to_msb,unknown,0.914286,1.000000,0.800000,"[""name_prefix"",""index_contiguity"",""structural_similarity""]","{""index_contiguity_score"":1.0,""name_prefix"":""a"",""name_prefix_score"":1.0,""structural_similarity_score"":0.714286}",0,a,exact,1,semantic_bus_hypothesis_v1
arithmetic_bilinear_w2__identity__ground_truth_region__inf__output__y,arithmetic_bilinear_w2__identity__ground_truth_region,inferred_bus_mode,false,true,output,output,"[""y_0"",""y_1"",""y_2"",""y_3"",""y_4""]","[""y_0"",""y_1"",""y_2"",""y_3"",""y_4""]",5,lsb_to_msb,unknown,0.940000,1.000000,1.000000,"[""name_prefix"",""index_contiguity"",""structural_similarity""]","{""index_contiguity_score"":1.0,""name_prefix"":""y"",""name_prefix_score"":1.0,""structural_similarity_score"":0.8}",0,y,exact,1,semantic_bus_hypothesis_v1
arithmetic_bilinear_w2__identity__whole_output_cone__inf__input__a,arithmetic_bilinear_w2__identity__whole_output_cone,inferred_bus_mode,false,true,input,data_operand,"[""a_0"",""a_1""]","[""a_0"",""a_1""]",2,lsb_to_msb,unknown,0.914286,1.000000,0.800000,"[""name_prefix"",""index_contiguity"",""structural_similarity""]","{""index_contiguity_score"":1.0,""name_prefix"":""a"",""name_prefix_score"":1.0,""structural_similarity_score"":0.714286}",0,a,exact,1,semantic_bus_hypothesis_v1
arithmetic_bilinear_w2__identity__whole_output_cone__inf__output__y,arithmetic_bilinear_w2__identity__whole_output_cone,inferred_bus_mode,false,true,output,output,"[""y_0"",""y_1"",""y_2"",""y_3"",""y_4""]","[""y_0"",""y_1"",""y_2"",""y_3"",""y_4""]",5,lsb_to_msb,unknown,0.940000,1.000000,1.000000,"[""name_prefix"",""index_contiguity"",""structural_similarity""]","{""index_contiguity_score"":1.0,""name_prefix"":""y"",""name_prefix_score"":1.0,""structural_similarity_score"":0.8}",0,y,exact,1,semantic_bus_hypothesis_v1
arithmetic_constant_multiply_w2__balance__whole_output_cone__inf__input__a,arithmetic_constant_multiply_w2__balance__whole_output_cone,inferred_bus_mode,false,true,input,data_operand,"[""a_0"",""a_1""]","[""a_0"",""a_1""]",2,lsb_to_msb,unknown,0.914286,1.000000,0.800000,"[""name_prefix"",""index_contiguity"",""structural_similarity""]","{""index_contiguity_score"":1.0,""name_prefix"":""a"",""name_prefix_score"":1.0,""structural_similarity_score"":0.714286}",0,a,exact,1,semantic_bus_hypothesis_v1
arithmetic_constant_multiply_w2__balance__whole_output_cone__inf__output__y,arithmetic_constant_multiply_w2__balance__whole_output_cone,inferred_bus_mode,false,true,output,output,"[""y_0"",""y_1"",""y_2"",""y_3""]","[""y_0"",""y_1"",""y_2"",""y_3""]",4,lsb_to_msb,unknown,0.839762,1.000000,1.000000,"[""name_prefix"",""index_contiguity"",""structural_similarity""]","{""index_contiguity_score"":1.0,""name_prefix"":""y"",""name_prefix_score"":1.0,""structural_similarity_score"":0.465873}",0,y,exact,1,semantic_bus_hypothesis_v1
arithmetic_constant_multiply_w2__compress2rs__whole_output_cone__inf__input__a,arithmetic_constant_multiply_w2__compress2rs__whole_output_cone,inferred_bus_mode,false,true,input,data_operand,"[""a_0"",""a_1""]","[""a_0"",""a_1""]",2,lsb_to_msb,unknown,0.871429,1.000000,0.800000,"[""name_prefix"",""index_contiguity"",""structural_similarity""]","{""index_contiguity_score"":1.0,""name_prefix"":""a"",""name_prefix_score"":1.0,""structural_similarity_score"":0.571429}",0,a,exact,1,semantic_bus_hypothesis_v1
arithmetic_constant_multiply_w2__compress2rs__whole_output_cone__inf__output__y,arithmetic_constant_multiply_w2__compress2rs__whole_output_cone,inferred_bus_mode,false,true,output,output,"[""y_0"",""y_1"",""y_2"",""y_3""]","[""y_0"",""y_1"",""y_2"",""y_3""]",4,lsb_to_msb,unknown,0.805000,1.000000,1.000000,"[""name_prefix"",""index_contiguity"",""structural_similarity""]","{""index_contiguity_score"":1.0,""name_prefix"":""y"",""name_prefix_score"":1.0,""structural_similarity_score"":0.35}",0,y,exact,1,semantic_bus_hypothesis_v1
arithmetic_constant_multiply_w2__dc2__whole_output_cone__inf__input__a,arithmetic_constant_multiply_w2__dc2__whole_output_cone,inferred_bus_mode,false,true,input,data_operand,"[""a_0"",""a_1""]","[""a_0"",""a_1""]",2,lsb_to_msb,unknown,0.871429,1.000000,0.800000,"[""name_prefix"",""index_contiguity"",""structural_similarity""]","{""index_contiguity_score"":1.0,""name_prefix"":""a"",""name_prefix_score"":1.0,""structural_similarity_score"":0.571429}",0,a,exact,1,semantic_bus_hypothesis_v1
arithmetic_constant_multiply_w2__dc2__whole_output_cone__inf__output__y,arithmetic_constant_multiply_w2__dc2__whole_output_cone,inferred_bus_mode,false,true,output,output,"[""y_0"",""y_1"",""y_2"",""y_3""]","[""y_0"",""y_1"",""y_2"",""y_3""]",4,lsb_to_msb,unknown,0.805000,1.000000,1.000000,"[""name_prefix"",""index_contiguity"",""structural_similarity""]","{""index_contiguity_score"":1.0,""name_prefix"":""y"",""name_prefix_score"":1.0,""structural_similarity_score"":0.35}",0,y,exact,1,semantic_bus_hypothesis_v1
arithmetic_constant_multiply_w2__identity__ground_truth_region__inf__input__a,arithmetic_constant_multiply_w2__identity__ground_truth_region,inferred_bus_mode,false,true,input,data_operand,"[""a_0"",""a_1""]","[""a_0"",""a_1""]",2,lsb_to_msb,unknown,0.900000,1.000000,0.800000,"[""name_prefix"",""index_contiguity"",""structural_similarity""]","{""index_contiguity_score"":1.0,""name_prefix"":""a"",""name_prefix_score"":1.0,""structural_similarity_score"":0.666667}",0,a,exact,1,semantic_bus_hypothesis_v1
arithmetic_constant_multiply_w2__identity__ground_truth_region__inf__output__y,arithmetic_constant_multiply_w2__identity__ground_truth_region,inferred_bus_mode,false,true,output,output,"[""y_0"",""y_1"",""y_2"",""y_3""]","[""y_0"",""y_1"",""y_2"",""y_3""]",4,lsb_to_msb,unknown,0.850000,1.000000,1.000000,"[""name_prefix"",""index_contiguity"",""structural_similarity""]","{""index_contiguity_score"":1.0,""name_prefix"":""y"",""name_prefix_score"":1.0,""structural_similarity_score"":0.5}",0,y,exact,1,semantic_bus_hypothesis_v1
arithmetic_constant_multiply_w2__identity__whole_output_cone__inf__input__a,arithmetic_constant_multiply_w2__identity__whole_output_cone,inferred_bus_mode,false,true,input,data_operand,"[""a_0"",""a_1""]","[""a_0"",""a_1""]",2,lsb_to_msb,unknown,0.900000,1.000000,0.800000,"[""name_prefix"",""index_contiguity"",""structural_similarity""]","{""index_contiguity_score"":1.0,""name_prefix"":""a"",""name_prefix_score"":1.0,""structural_similarity_score"":0.666667}",0,a,exact,1,semantic_bus_hypothesis_v1
arithmetic_constant_multiply_w2__identity__whole_output_cone__inf__output__y,arithmetic_constant_multiply_w2__identity__whole_output_cone,inferred_bus_mode,false,true,output,output,"[""y_0"",""y_1"",""y_2"",""y_3""]","[""y_0"",""y_1"",""y_2"",""y_3""]",4,lsb_to_msb,unknown,0.850000,1.000000,1.000000,"[""name_prefix"",""index_contiguity"",""structural_similarity""]","{""index_contiguity_score"":1.0,""name_prefix"":""y"",""name_prefix_score"":1.0,""structural_similarity_score"":0.5}",0,y,exact,1,semantic_bus_hypothesis_v1
arithmetic_constant_multiply_w2__refactor__whole_output_cone__inf__input__a,arithmetic_constant_multiply_w2__refactor__whole_output_cone,inferred_bus_mode,false,true,input,data_operand,"[""a_0"",""a_1""]","[""a_0"",""a_1""]",2,lsb_to_msb,unknown,0.871429,1.000000,0.800000,"[""name_prefix"",""index_contiguity"",""structural_similarity""]","{""index_contiguity_score"":1.0,""name_prefix"":""a"",""name_prefix_score"":1.0,""structural_similarity_score"":0.571429}",0,a,exact,1,semantic_bus_hypothesis_v1
arithmetic_constant_multiply_w2__refactor__whole_output_cone__inf__output__y,arithmetic_constant_multiply_w2__refactor__whole_output_cone,inferred_bus_mode,false,true,output,output,"[""y_0"",""y_1"",""y_2"",""y_3""]","[""y_0"",""y_1"",""y_2"",""y_3""]",4,lsb_to_msb,unknown,0.805000,1.000000,1.000000,"[""name_prefix"",""index_contiguity"",""structural_similarity""]","{""index_contiguity_score"":1.0,""name_prefix"":""y"",""name_prefix_score"":1.0,""structural_similarity_score"":0.35}",0,y,exact,1,semantic_bus_hypothesis_v1
arithmetic_constant_multiply_w2__resub__whole_output_cone__inf__input__a,arithmetic_constant_multiply_w2__resub__whole_output_cone,inferred_bus_mode,false,true,input,data_operand,"[""a_0"",""a_1""]","[""a_0"",""a_1""]",2,lsb_to_msb,unknown,0.871429,1.000000,0.800000,"[""name_prefix"",""index_contiguity"",""structural_similarity""]","{""index_contiguity_score"":1.0,""name_prefix"":""a"",""name_prefix_score"":1.0,""structural_similarity_score"":0.571429}",0,a,exact,1,semantic_bus_hypothesis_v1
arithmetic_constant_multiply_w2__resub__whole_output_cone__inf__output__y,arithmetic_constant_multiply_w2__resub__whole_output_cone,inferred_bus_mode,false,true,output,output,"[""y_0"",""y_1"",""y_2"",""y_3""]","[""y_0"",""y_1"",""y_2"",""y_3""]",4,lsb_to_msb,unknown,0.805000,1.000000,1.000000,"[""name_prefix"",""index_contiguity"",""structural_similarity""]","{""index_contiguity_score"":1.0,""name_prefix"":""y"",""name_prefix_score"":1.0,""structural_similarity_score"":0.35}",0,y,exact,1,semantic_bus_hypothesis_v1
arithmetic_constant_multiply_w2__resyn__whole_output_cone__inf__input__a,arithmetic_constant_multiply_w2__resyn__whole_output_cone,inferred_bus_mode,false,true,input,data_operand,"[""a_0"",""a_1""]","[""a_0"",""a_1""]",2,lsb_to_msb,unknown,0.914286,1.000000,0.800000,"[""name_prefix"",""index_contiguity"",""structural_similarity""]","{""index_contiguity_score"":1.0,""name_prefix"":""a"",""name_prefix_score"":1.0,""structural_similarity_score"":0.714286}",0,a,exact,1,semantic_bus_hypothesis_v1
arithmetic_constant_multiply_w2__resyn__whole_output_cone__inf__output__y,arithmetic_constant_multiply_w2__resyn__whole_output_cone,inferred_bus_mode,false,true,output,output,"[""y_0"",""y_1"",""y_2"",""y_3""]","[""y_0"",""y_1"",""y_2"",""y_3""]",4,lsb_to_msb,unknown,0.839762,1.000000,1.000000,"[""name_prefix"",""index_contiguity"",""structural_similarity""]","{""index_contiguity_score"":1.0,""name_prefix"":""y"",""name_prefix_score"":1.0,""structural_similarity_score"":0.465873}",0,y,exact,1,semantic_bus_hypothesis_v1
arithmetic_constant_multiply_w2__resyn2__whole_output_cone__inf__input__a,arithmetic_constant_multiply_w2__resyn2__whole_output_cone,inferred_bus_mode,false,true,input,data_operand,"[""a_0"",""a_1""]","[""a_0"",""a_1""]",2,lsb_to_msb,unknown,0.871429,1.000000,0.800000,"[""name_prefix"",""index_contiguity"",""structural_similarity""]","{""index_contiguity_score"":1.0,""name_prefix"":""a"",""name_prefix_score"":1.0,""structural_similarity_score"":0.571429}",0,a,exact,1,semantic_bus_hypothesis_v1
arithmetic_constant_multiply_w2__resyn2__whole_output_cone__inf__output__y,arithmetic_constant_multiply_w2__resyn2__whole_output_cone,inferred_bus_mode,false,true,output,output,"[""y_0"",""y_1"",""y_2"",""y_3""]","[""y_0"",""y_1"",""y_2"",""y_3""]",4,lsb_to_msb,unknown,0.805000,1.000000,1.000000,"[""name_prefix"",""index_contiguity"",""structural_similarity""]","{""index_contiguity_score"":1.0,""name_prefix"":""y"",""name_prefix_score"":1.0,""structural_similarity_score"":0.35}",0,y,exact,1,semantic_bus_hypothesis_v1
arithmetic_constant_multiply_w2__rewrite__whole_output_cone__inf__input__a,arithmetic_constant_multiply_w2__rewrite__whole_output_cone,inferred_bus_mode,false,true,input,data_operand,"[""a_0"",""a_1""]","[""a_0"",""a_1""]",2,lsb_to_msb,unknown,0.914286,1.000000,0.800000,"[""name_prefix"",""index_contiguity"",""structural_similarity""]","{""index_contiguity_score"":1.0,""name_prefix"":""a"",""name_prefix_score"":1.0,""structural_similarity_score"":0.714286}",0,a,exact,1,semantic_bus_hypothesis_v1
arithmetic_constant_multiply_w2__rewrite__whole_output_cone__inf__output__y,arithmetic_constant_multiply_w2__rewrite__whole_output_cone,inferred_bus_mode,false,true,output,output,"[""y_0"",""y_1"",""y_2"",""y_3""]","[""y_0"",""y_1"",""y_2"",""y_3""]",4,lsb_to_msb,unknown,0.839762,1.000000,1.000000,"[""name_prefix"",""index_contiguity"",""structural_similarity""]","{""index_contiguity_score"":1.0,""name_prefix"":""y"",""name_prefix_score"":1.0,""structural_similarity_score"":0.465873}",0,y,exact,1,semantic_bus_hypothesis_v1
arithmetic_constant_multiply_w3__balance__whole_output_cone__inf__input__a,arithmetic_constant_multiply_w3__balance__whole_output_cone,inferred_bus_mode,false,true,input,data_operand,"[""a_0"",""a_1"",""a_2""]","[""a_0"",""a_1"",""a_2""]",3,lsb_to_msb,unknown,0.853268,1.000000,0.800000,"[""name_prefix"",""index_contiguity"",""structural_similarity""]","{""index_contiguity_score"":1.0,""name_prefix"":""a"",""name_prefix_score"":1.0,""structural_similarity_score"":0.510893}",0,a,exact,1,semantic_bus_hypothesis_v1
arithmetic_constant_multiply_w3__balance__whole_output_cone__inf__output__y,arithmetic_constant_multiply_w3__balance__whole_output_cone,inferred_bus_mode,false,true,output,output,"[""y_0"",""y_1"",""y_2"",""y_3"",""y_4""]","[""y_0"",""y_1"",""y_2"",""y_3"",""y_4""]",5,lsb_to_msb,unknown,0.745857,1.000000,1.000000,"[""name_prefix"",""index_contiguity"",""structural_similarity""]","{""index_contiguity_score"":1.0,""name_prefix"":""y"",""name_prefix_score"":1.0,""structural_similarity_score"":0.152857}",0,y,exact,1,semantic_bus_hypothesis_v1
arithmetic_constant_multiply_w3__compress2rs__whole_output_cone__inf__input__a,arithmetic_constant_multiply_w3__compress2rs__whole_output_cone,inferred_bus_mode,false,true,input,data_operand,"[""a_0"",""a_1"",""a_2""]","[""a_0"",""a_1"",""a_2""]",3,lsb_to_msb,unknown,0.850476,1.000000,0.800000,"[""name_prefix"",""index_contiguity"",""structural_similarity""]","{""index_contiguity_score"":1.0,""name_prefix"":""a"",""name_prefix_score"":1.0,""structural_similarity_score"":0.501587}",0,a,exact,1,semantic_bus_hypothesis_v1
arithmetic_constant_multiply_w3__compress2rs__whole_output_cone__inf__output__y,arithmetic_constant_multiply_w3__compress2rs__whole_output_cone,inferred_bus_mode,false,true,output,output,"[""y_0"",""y_1"",""y_2"",""y_3"",""y_4""]","[""y_0"",""y_1"",""y_2"",""y_3"",""y_4""]",5,lsb_to_msb,unknown,0.752899,1.000000,1.000000,"[""name_prefix"",""index_contiguity"",""structural_similarity""]","{""index_contiguity_score"":1.0,""name_prefix"":""y"",""name_prefix_score"":1.0,""structural_similarity_score"":0.176331}",0,y,exact,1,semantic_bus_hypothesis_v1
arithmetic_constant_multiply_w3__dc2__whole_output_cone__inf__input__a,arithmetic_constant_multiply_w3__dc2__whole_output_cone,inferred_bus_mode,false,true,input,data_operand,"[""a_0"",""a_1"",""a_2""]","[""a_0"",""a_1"",""a_2""]",3,lsb_to_msb,unknown,0.858333,1.000000,0.800000,"[""name_prefix"",""index_contiguity"",""structural_similarity""]","{""index_contiguity_score"":1.0,""name_prefix"":""a"",""name_prefix_score"":1.0,""structural_similarity_score"":0.527778}",0,a,exact,1,semantic_bus_hypothesis_v1
arithmetic_constant_multiply_w3__dc2__whole_output_cone__inf__output__y,arithmetic_constant_multiply_w3__dc2__whole_output_cone,inferred_bus_mode,false,true,output,output,"[""y_0"",""y_1"",""y_2"",""y_3"",""y_4""]","[""y_0"",""y_1"",""y_2"",""y_3"",""y_4""]",5,lsb_to_msb,unknown,0.770089,1.000000,1.000000,"[""name_prefix"",""index_contiguity"",""structural_similarity""]","{""index_contiguity_score"":1.0,""name_prefix"":""y"",""name_prefix_score"":1.0,""structural_similarity_score"":0.233629}",0,y,exact,1,semantic_bus_hypothesis_v1
arithmetic_constant_multiply_w3__identity__ground_truth_region__inf__input__a,arithmetic_constant_multiply_w3__identity__ground_truth_region,inferred_bus_mode,false,true,input,data_operand,"[""a_0"",""a_1"",""a_2""]","[""a_0"",""a_1"",""a_2""]",3,lsb_to_msb,unknown,0.914286,1.000000,0.800000,"[""name_prefix"",""index_contiguity"",""structural_similarity""]","{""index_contiguity_score"":1.0,""name_prefix"":""a"",""name_prefix_score"":1.0,""structural_similarity_score"":0.714286}",0,a,exact,1,semantic_bus_hypothesis_v1
arithmetic_constant_multiply_w3__identity__ground_truth_region__inf__output__y,arithmetic_constant_multiply_w3__identity__ground_truth_region,inferred_bus_mode,false,true,output,output,"[""y_0"",""y_1"",""y_2"",""y_3"",""y_4""]","[""y_0"",""y_1"",""y_2"",""y_3"",""y_4""]",5,lsb_to_msb,unknown,0.880000,1.000000,1.000000,"[""name_prefix"",""index_contiguity"",""structural_similarity""]","{""index_contiguity_score"":1.0,""name_prefix"":""y"",""name_prefix_score"":1.0,""structural_similarity_score"":0.6}",0,y,exact,1,semantic_bus_hypothesis_v1
arithmetic_constant_multiply_w3__identity__whole_output_cone__inf__input__a,arithmetic_constant_multiply_w3__identity__whole_output_cone,inferred_bus_mode,false,true,input,data_operand,"[""a_0"",""a_1"",""a_2""]","[""a_0"",""a_1"",""a_2""]",3,lsb_to_msb,unknown,0.914286,1.000000,0.800000,"[""name_prefix"",""index_contiguity"",""structural_similarity""]","{""index_contiguity_score"":1.0,""name_prefix"":""a"",""name_prefix_score"":1.0,""structural_similarity_score"":0.714286}",0,a,exact,1,semantic_bus_hypothesis_v1
arithmetic_constant_multiply_w3__identity__whole_output_cone__inf__output__y,arithmetic_constant_multiply_w3__identity__whole_output_cone,inferred_bus_mode,false,true,output,output,"[""y_0"",""y_1"",""y_2"",""y_3"",""y_4""]","[""y_0"",""y_1"",""y_2"",""y_3"",""y_4""]",5,lsb_to_msb,unknown,0.880000,1.000000,1.000000,"[""name_prefix"",""index_contiguity"",""structural_similarity""]","{""index_contiguity_score"":1.0,""name_prefix"":""y"",""name_prefix_score"":1.0,""structural_similarity_score"":0.6}",0,y,exact,1,semantic_bus_hypothesis_v1
arithmetic_constant_multiply_w3__refactor__whole_output_cone__inf__input__a,arithmetic_constant_multiply_w3__refactor__whole_output_cone,inferred_bus_mode,false,true,input,data_operand,"[""a_0"",""a_1"",""a_2""]","[""a_0"",""a_1"",""a_2""]",3,lsb_to_msb,unknown,0.850476,1.000000,0.800000,"[""name_prefix"",""index_contiguity"",""structural_similarity""]","{""index_contiguity_score"":1.0,""name_prefix"":""a"",""name_prefix_score"":1.0,""structural_similarity_score"":0.501587}",0,a,exact,1,semantic_bus_hypothesis_v1
arithmetic_constant_multiply_w3__refactor__whole_output_cone__inf__output__y,arithmetic_constant_multiply_w3__refactor__whole_output_cone,inferred_bus_mode,false,true,output,output,"[""y_0"",""y_1"",""y_2"",""y_3"",""y_4""]","[""y_0"",""y_1"",""y_2"",""y_3"",""y_4""]",5,lsb_to_msb,unknown,0.753718,1.000000,1.000000,"[""name_prefix"",""index_contiguity"",""structural_similarity""]","{""index_contiguity_score"":1.0,""name_prefix"":""y"",""name_prefix_score"":1.0,""structural_similarity_score"":0.179058}",0,y,exact,1,semantic_bus_hypothesis_v1
arithmetic_constant_multiply_w3__resub__whole_output_cone__inf__input__a,arithmetic_constant_multiply_w3__resub__whole_output_cone,inferred_bus_mode,false,true,input,data_operand,"[""a_0"",""a_1"",""a_2""]","[""a_0"",""a_1"",""a_2""]",3,lsb_to_msb,unknown,0.856618,1.000000,0.800000,"[""name_prefix"",""index_contiguity"",""structural_similarity""]","{""index_contiguity_score"":1.0,""name_prefix"":""a"",""name_prefix_score"":1.0,""structural_similarity_score"":0.522059}",0,a,exact,1,semantic_bus_hypothesis_v1
arithmetic_constant_multiply_w3__resub__whole_output_cone__inf__output__y,arithmetic_constant_multiply_w3__resub__whole_output_cone,inferred_bus_mode,false,true,output,output,"[""y_0"",""y_1"",""y_2"",""y_3"",""y_4""]","[""y_0"",""y_1"",""y_2"",""y_3"",""y_4""]",5,lsb_to_msb,unknown,0.750132,1.000000,1.000000,"[""name_prefix"",""index_contiguity"",""structural_similarity""]","{""index_contiguity_score"":1.0,""name_prefix"":""y"",""name_prefix_score"":1.0,""structural_similarity_score"":0.167105}",0,y,exact,1,semantic_bus_hypothesis_v1
arithmetic_constant_multiply_w3__resyn__whole_output_cone__inf__input__a,arithmetic_constant_multiply_w3__resyn__whole_output_cone,inferred_bus_mode,false,true,input,data_operand,"[""a_0"",""a_1"",""a_2""]","[""a_0"",""a_1"",""a_2""]",3,lsb_to_msb,unknown,0.853268,1.000000,0.800000,"[""name_prefix"",""index_contiguity"",""structural_similarity""]","{""index_contiguity_score"":1.0,""name_prefix"":""a"",""name_prefix_score"":1.0,""structural_similarity_score"":0.510893}",0,a,exact,1,semantic_bus_hypothesis_v1
arithmetic_constant_multiply_w3__resyn__whole_output_cone__inf__output__y,arithmetic_constant_multiply_w3__resyn__whole_output_cone,inferred_bus_mode,false,true,output,output,"[""y_0"",""y_1"",""y_2"",""y_3"",""y_4""]","[""y_0"",""y_1"",""y_2"",""y_3"",""y_4""]",5,lsb_to_msb,unknown,0.745857,1.000000,1.000000,"[""name_prefix"",""index_contiguity"",""structural_similarity""]","{""index_contiguity_score"":1.0,""name_prefix"":""y"",""name_prefix_score"":1.0,""structural_similarity_score"":0.152857}",0,y,exact,1,semantic_bus_hypothesis_v1
arithmetic_constant_multiply_w3__resyn2__whole_output_cone__inf__input__a,arithmetic_constant_multiply_w3__resyn2__whole_output_cone,inferred_bus_mode,false,true,input,data_operand,"[""a_0"",""a_1"",""a_2""]","[""a_0"",""a_1"",""a_2""]",3,lsb_to_msb,unknown,0.850476,1.000000,0.800000,"[""name_prefix"",""index_contiguity"",""structural_similarity""]","{""index_contiguity_score"":1.0,""name_prefix"":""a"",""name_prefix_score"":1.0,""structural_similarity_score"":0.501587}",0,a,exact,1,semantic_bus_hypothesis_v1
arithmetic_constant_multiply_w3__resyn2__whole_output_cone__inf__output__y,arithmetic_constant_multiply_w3__resyn2__whole_output_cone,inferred_bus_mode,false,true,output,output,"[""y_0"",""y_1"",""y_2"",""y_3"",""y_4""]","[""y_0"",""y_1"",""y_2"",""y_3"",""y_4""]",5,lsb_to_msb,unknown,0.752899,1.000000,1.000000,"[""name_prefix"",""index_contiguity"",""structural_similarity""]","{""index_contiguity_score"":1.0,""name_prefix"":""y"",""name_prefix_score"":1.0,""structural_similarity_score"":0.176331}",0,y,exact,1,semantic_bus_hypothesis_v1
arithmetic_constant_multiply_w3__rewrite__whole_output_cone__inf__input__a,arithmetic_constant_multiply_w3__rewrite__whole_output_cone,inferred_bus_mode,false,true,input,data_operand,"[""a_0"",""a_1"",""a_2""]","[""a_0"",""a_1"",""a_2""]",3,lsb_to_msb,unknown,0.853268,1.000000,0.800000,"[""name_prefix"",""index_contiguity"",""structural_similarity""]","{""index_contiguity_score"":1.0,""name_prefix"":""a"",""name_prefix_score"":1.0,""structural_similarity_score"":0.510893}",0,a,exact,1,semantic_bus_hypothesis_v1
arithmetic_constant_multiply_w3__rewrite__whole_output_cone__inf__output__y,arithmetic_constant_multiply_w3__rewrite__whole_output_cone,inferred_bus_mode,false,true,output,output,"[""y_0"",""y_1"",""y_2"",""y_3"",""y_4""]","[""y_0"",""y_1"",""y_2"",""y_3"",""y_4""]",5,lsb_to_msb,unknown,0.745857,1.000000,1.000000,"[""name_prefix"",""index_contiguity"",""structural_similarity""]","{""index_contiguity_score"":1.0,""name_prefix"":""y"",""name_prefix_score"":1.0,""structural_similarity_score"":0.152857}",0,y,exact,1,semantic_bus_hypothesis_v1
arithmetic_constant_multiply_w4__balance__whole_output_cone__inf__input__a,arithmetic_constant_multiply_w4__balance__whole_output_cone,inferred_bus_mode,false,true,input,data_operand,"[""a_0"",""a_1"",""a_2"",""a_3""]","[""a_0"",""a_1"",""a_2"",""a_3""]",4,lsb_to_msb,unknown,0.836144,1.000000,0.800000,"[""name_prefix"",""index_contiguity"",""structural_similarity""]","{""index_contiguity_score"":1.0,""name_prefix"":""a"",""name_prefix_score"":1.0,""structural_similarity_score"":0.453812}",0,a,exact,1,semantic_bus_hypothesis_v1
arithmetic_constant_multiply_w4__balance__whole_output_cone__inf__output__y,arithmetic_constant_multiply_w4__balance__whole_output_cone,inferred_bus_mode,false,true,output,output,"[""y_0"",""y_1"",""y_2"",""y_3"",""y_4"",""y_5""]","[""y_0"",""y_1"",""y_2"",""y_3"",""y_4"",""y_5""]",6,lsb_to_msb,unknown,0.747279,1.000000,1.000000,"[""name_prefix"",""index_contiguity"",""structural_similarity""]","{""index_contiguity_score"":1.0,""name_prefix"":""y"",""name_prefix_score"":1.0,""structural_similarity_score"":0.157597}",0,y,exact,1,semantic_bus_hypothesis_v1
arithmetic_constant_multiply_w4__compress2rs__whole_output_cone__inf__input__a,arithmetic_constant_multiply_w4__compress2rs__whole_output_cone,inferred_bus_mode,false,true,input,data_operand,"[""a_0"",""a_1"",""a_2"",""a_3""]","[""a_0"",""a_1"",""a_2"",""a_3""]",4,lsb_to_msb,unknown,0.836075,1.000000,0.800000,"[""name_prefix"",""index_contiguity"",""structural_similarity""]","{""index_contiguity_score"":1.0,""name_prefix"":""a"",""name_prefix_score"":1.0,""structural_similarity_score"":0.453583}",0,a,exact,1,semantic_bus_hypothesis_v1
arithmetic_constant_multiply_w4__compress2rs__whole_output_cone__inf__output__y,arithmetic_constant_multiply_w4__compress2rs__whole_output_cone,inferred_bus_mode,false,true,output,output,"[""y_0"",""y_1"",""y_2"",""y_3"",""y_4"",""y_5""]","[""y_0"",""y_1"",""y_2"",""y_3"",""y_4"",""y_5""]",6,lsb_to_msb,unknown,0.775481,1.000000,1.000000,"[""name_prefix"",""index_contiguity"",""structural_similarity""]","{""index_contiguity_score"":1.0,""name_prefix"":""y"",""name_prefix_score"":1.0,""structural_similarity_score"":0.251604}",0,y,exact,1,semantic_bus_hypothesis_v1
arithmetic_constant_multiply_w4__dc2__whole_output_cone__inf__input__a,arithmetic_constant_multiply_w4__dc2__whole_output_cone,inferred_bus_mode,false,true,input,data_operand,"[""a_0"",""a_1"",""a_2"",""a_3""]","[""a_0"",""a_1"",""a_2"",""a_3""]",4,lsb_to_msb,unknown,0.848475,1.000000,0.800000,"[""name_prefix"",""index_contiguity"",""structural_similarity""]","{""index_contiguity_score"":1.0,""name_prefix"":""a"",""name_prefix_score"":1.0,""structural_similarity_score"":0.494918}",0,a,exact,1,semantic_bus_hypothesis_v1
arithmetic_constant_multiply_w4__dc2__whole_output_cone__inf__output__y,arithmetic_constant_multiply_w4__dc2__whole_output_cone,inferred_bus_mode,false,true,output,output,"[""y_0"",""y_1"",""y_2"",""y_3"",""y_4"",""y_5""]","[""y_0"",""y_1"",""y_2"",""y_3"",""y_4"",""y_5""]",6,lsb_to_msb,unknown,0.777522,1.000000,1.000000,"[""name_prefix"",""index_contiguity"",""structural_similarity""]","{""index_contiguity_score"":1.0,""name_prefix"":""y"",""name_prefix_score"":1.0,""structural_similarity_score"":0.258407}",0,y,exact,1,semantic_bus_hypothesis_v1
arithmetic_constant_multiply_w4__identity__ground_truth_region__inf__input__a,arithmetic_constant_multiply_w4__identity__ground_truth_region,inferred_bus_mode,false,true,input,data_operand,"[""a_0"",""a_1"",""a_2"",""a_3""]","[""a_0"",""a_1"",""a_2"",""a_3""]",4,lsb_to_msb,unknown,0.925000,1.000000,0.800000,"[""name_prefix"",""index_contiguity"",""structural_similarity""]","{""index_contiguity_score"":1.0,""name_prefix"":""a"",""name_prefix_score"":1.0,""structural_similarity_score"":0.75}",0,a,exact,1,semantic_bus_hypothesis_v1
arithmetic_constant_multiply_w4__identity__ground_truth_region__inf__output__y,arithmetic_constant_multiply_w4__identity__ground_truth_region,inferred_bus_mode,false,true,output,output,"[""y_0"",""y_1"",""y_2"",""y_3"",""y_4"",""y_5""]","[""y_0"",""y_1"",""y_2"",""y_3"",""y_4"",""y_5""]",6,lsb_to_msb,unknown,0.900000,1.000000,1.000000,"[""name_prefix"",""index_contiguity"",""structural_similarity""]","{""index_contiguity_score"":1.0,""name_prefix"":""y"",""name_prefix_score"":1.0,""structural_similarity_score"":0.666667}",0,y,exact,1,semantic_bus_hypothesis_v1
arithmetic_constant_multiply_w4__identity__whole_output_cone__inf__input__a,arithmetic_constant_multiply_w4__identity__whole_output_cone,inferred_bus_mode,false,true,input,data_operand,"[""a_0"",""a_1"",""a_2"",""a_3""]","[""a_0"",""a_1"",""a_2"",""a_3""]",4,lsb_to_msb,unknown,0.925000,1.000000,0.800000,"[""name_prefix"",""index_contiguity"",""structural_similarity""]","{""index_contiguity_score"":1.0,""name_prefix"":""a"",""name_prefix_score"":1.0,""structural_similarity_score"":0.75}",0,a,exact,1,semantic_bus_hypothesis_v1
arithmetic_constant_multiply_w4__identity__whole_output_cone__inf__output__y,arithmetic_constant_multiply_w4__identity__whole_output_cone,inferred_bus_mode,false,true,output,output,"[""y_0"",""y_1"",""y_2"",""y_3"",""y_4"",""y_5""]","[""y_0"",""y_1"",""y_2"",""y_3"",""y_4"",""y_5""]",6,lsb_to_msb,unknown,0.900000,1.000000,1.000000,"[""name_prefix"",""index_contiguity"",""structural_similarity""]","{""index_contiguity_score"":1.0,""name_prefix"":""y"",""name_prefix_score"":1.0,""structural_similarity_score"":0.666667}",0,y,exact,1,semantic_bus_hypothesis_v1
arithmetic_constant_multiply_w4__refactor__whole_output_cone__inf__input__a,arithmetic_constant_multiply_w4__refactor__whole_output_cone,inferred_bus_mode,false,true,input,data_operand,"[""a_0"",""a_1"",""a_2"",""a_3""]","[""a_0"",""a_1"",""a_2"",""a_3""]",4,lsb_to_msb,unknown,0.837752,1.000000,0.800000,"[""name_prefix"",""index_contiguity"",""structural_similarity""]","{""index_contiguity_score"":1.0,""name_prefix"":""a"",""name_prefix_score"":1.0,""structural_similarity_score"":0.459174}",0,a,exact,1,semantic_bus_hypothesis_v1
arithmetic_constant_multiply_w4__refactor__whole_output_cone__inf__output__y,arithmetic_constant_multiply_w4__refactor__whole_output_cone,inferred_bus_mode,false,true,output,output,"[""y_0"",""y_1"",""y_2"",""y_3"",""y_4"",""y_5""]","[""y_0"",""y_1"",""y_2"",""y_3"",""y_4"",""y_5""]",6,lsb_to_msb,unknown,0.755133,1.000000,1.000000,"[""name_prefix"",""index_contiguity"",""structural_similarity""]","{""index_contiguity_score"":1.0,""name_prefix"":""y"",""name_prefix_score"":1.0,""structural_similarity_score"":0.183777}",0,y,exact,1,semantic_bus_hypothesis_v1
arithmetic_constant_multiply_w4__resub__whole_output_cone__inf__input__a,arithmetic_constant_multiply_w4__resub__whole_output_cone,inferred_bus_mode,false,true,input,data_operand,"[""a_0"",""a_1"",""a_2"",""a_3""]","[""a_0"",""a_1"",""a_2"",""a_3""]",4,lsb_to_msb,unknown,0.843060,1.000000,0.800000,"[""name_prefix"",""index_contiguity"",""structural_similarity""]","{""index_contiguity_score"":1.0,""name_prefix"":""a"",""name_prefix_score"":1.0,""structural_similarity_score"":0.476867}",0,a,exact,1,semantic_bus_hypothesis_v1
arithmetic_constant_multiply_w4__resub__whole_output_cone__inf__output__y,arithmetic_constant_multiply_w4__resub__whole_output_cone,inferred_bus_mode,false,true,output,output,"[""y_0"",""y_1"",""y_2"",""y_3"",""y_4"",""y_5""]","[""y_0"",""y_1"",""y_2"",""y_3"",""y_4"",""y_5""]",6,lsb_to_msb,unknown,0.770021,1.000000,1.000000,"[""name_prefix"",""index_contiguity"",""structural_similarity""]","{""index_contiguity_score"":1.0,""name_prefix"":""y"",""name_prefix_score"":1.0,""structural_similarity_score"":0.233402}",0,y,exact,1,semantic_bus_hypothesis_v1
arithmetic_constant_multiply_w4__resyn__whole_output_cone__inf__input__a,arithmetic_constant_multiply_w4__resyn__whole_output_cone,inferred_bus_mode,false,true,input,data_operand,"[""a_0"",""a_1"",""a_2"",""a_3""]","[""a_0"",""a_1"",""a_2"",""a_3""]",4,lsb_to_msb,unknown,0.833728,1.000000,0.800000,"[""name_prefix"",""index_contiguity"",""structural_similarity""]","{""index_contiguity_score"":1.0,""name_prefix"":""a"",""name_prefix_score"":1.0,""structural_similarity_score"":0.445761}",0,a,exact,1,semantic_bus_hypothesis_v1
arithmetic_constant_multiply_w4__resyn__whole_output_cone__inf__output__y,arithmetic_constant_multiply_w4__resyn__whole_output_cone,inferred_bus_mode,false,true,output,output,"[""y_0"",""y_1"",""y_2"",""y_3"",""y_4"",""y_5""]","[""y_0"",""y_1"",""y_2"",""y_3"",""y_4"",""y_5""]",6,lsb_to_msb,unknown,0.767583,1.000000,1.000000,"[""name_prefix"",""index_contiguity"",""structural_similarity""]","{""index_contiguity_score"":1.0,""name_prefix"":""y"",""name_prefix_score"":1.0,""structural_similarity_score"":0.225276}",0,y,exact,1,semantic_bus_hypothesis_v1
arithmetic_constant_multiply_w4__resyn2__whole_output_cone__inf__input__a,arithmetic_constant_multiply_w4__resyn2__whole_output_cone,inferred_bus_mode,false,true,input,data_operand,"[""a_0"",""a_1"",""a_2"",""a_3""]","[""a_0"",""a_1"",""a_2"",""a_3""]",4,lsb_to_msb,unknown,0.836449,1.000000,0.800000,"[""name_prefix"",""index_contiguity"",""structural_similarity""]","{""index_contiguity_score"":1.0,""name_prefix"":""a"",""name_prefix_score"":1.0,""structural_similarity_score"":0.45483}",0,a,exact,1,semantic_bus_hypothesis_v1
arithmetic_constant_multiply_w4__resyn2__whole_output_cone__inf__output__y,arithmetic_constant_multiply_w4__resyn2__whole_output_cone,inferred_bus_mode,false,true,output,output,"[""y_0"",""y_1"",""y_2"",""y_3"",""y_4"",""y_5""]","[""y_0"",""y_1"",""y_2"",""y_3"",""y_4"",""y_5""]",6,lsb_to_msb,unknown,0.764135,1.000000,1.000000,"[""name_prefix"",""index_contiguity"",""structural_similarity""]","{""index_contiguity_score"":1.0,""name_prefix"":""y"",""name_prefix_score"":1.0,""structural_similarity_score"":0.213784}",0,y,exact,1,semantic_bus_hypothesis_v1
arithmetic_constant_multiply_w4__rewrite__whole_output_cone__inf__input__a,arithmetic_constant_multiply_w4__rewrite__whole_output_cone,inferred_bus_mode,false,true,input,data_operand,"[""a_0"",""a_1"",""a_2"",""a_3""]","[""a_0"",""a_1"",""a_2"",""a_3""]",4,lsb_to_msb,unknown,0.834584,1.000000,0.800000,"[""name_prefix"",""index_contiguity"",""structural_similarity""]","{""index_contiguity_score"":1.0,""name_prefix"":""a"",""name_prefix_score"":1.0,""structural_similarity_score"":0.448614}",0,a,exact,1,semantic_bus_hypothesis_v1
arithmetic_constant_multiply_w4__rewrite__whole_output_cone__inf__output__y,arithmetic_constant_multiply_w4__rewrite__whole_output_cone,inferred_bus_mode,false,true,output,output,"[""y_0"",""y_1"",""y_2"",""y_3"",""y_4"",""y_5""]","[""y_0"",""y_1"",""y_2"",""y_3"",""y_4"",""y_5""]",6,lsb_to_msb,unknown,0.765666,1.000000,1.000000,"[""name_prefix"",""index_contiguity"",""structural_similarity""]","{""index_contiguity_score"":1.0,""name_prefix"":""y"",""name_prefix_score"":1.0,""structural_similarity_score"":0.218887}",0,y,exact,1,semantic_bus_hypothesis_v1
arithmetic_constant_multiply_w6__identity__ground_truth_region__inf__input__a,arithmetic_constant_multiply_w6__identity__ground_truth_region,inferred_bus_mode,false,true,input,data_operand,"[""a_0"",""a_1"",""a_2"",""a_3"",""a_4"",""a_5""]","[""a_0"",""a_1"",""a_2"",""a_3"",""a_4"",""a_5""]",6,lsb_to_msb,unknown,0.940000,1.000000,0.800000,"[""name_prefix"",""index_contiguity"",""structural_similarity""]","{""index_contiguity_score"":1.0,""name_prefix"":""a"",""name_prefix_score"":1.0,""structural_similarity_score"":0.8}",0,a,exact,1,semantic_bus_hypothesis_v1
arithmetic_constant_multiply_w6__identity__ground_truth_region__inf__output__y,arithmetic_constant_multiply_w6__identity__ground_truth_region,inferred_bus_mode,false,true,output,output,"[""y_0"",""y_1"",""y_2"",""y_3"",""y_4"",""y_5"",""y_6"",""y_7""]","[""y_0"",""y_1"",""y_2"",""y_3"",""y_4"",""y_5"",""y_6"",""y_7""]",8,lsb_to_msb,unknown,0.925000,1.000000,1.000000,"[""name_prefix"",""index_contiguity"",""structural_similarity""]","{""index_contiguity_score"":1.0,""name_prefix"":""y"",""name_prefix_score"":1.0,""structural_similarity_score"":0.75}",0,y,exact,1,semantic_bus_hypothesis_v1
arithmetic_constant_multiply_w6__identity__whole_output_cone__inf__input__a,arithmetic_constant_multiply_w6__identity__whole_output_cone,inferred_bus_mode,false,true,input,data_operand,"[""a_0"",""a_1"",""a_2"",""a_3"",""a_4"",""a_5""]","[""a_0"",""a_1"",""a_2"",""a_3"",""a_4"",""a_5""]",6,lsb_to_msb,unknown,0.940000,1.000000,0.800000,"[""name_prefix"",""index_contiguity"",""structural_similarity""]","{""index_contiguity_score"":1.0,""name_prefix"":""a"",""name_prefix_score"":1.0,""structural_similarity_score"":0.8}",0,a,exact,1,semantic_bus_hypothesis_v1
arithmetic_constant_multiply_w6__identity__whole_output_cone__inf__output__y,arithmetic_constant_multiply_w6__identity__whole_output_cone,inferred_bus_mode,false,true,output,output,"[""y_0"",""y_1"",""y_2"",""y_3"",""y_4"",""y_5"",""y_6"",""y_7""]","[""y_0"",""y_1"",""y_2"",""y_3"",""y_4"",""y_5"",""y_6"",""y_7""]",8,lsb_to_msb,unknown,0.925000,1.000000,1.000000,"[""name_prefix"",""index_contiguity"",""structural_similarity""]","{""index_contiguity_score"":1.0,""name_prefix"":""y"",""name_prefix_score"":1.0,""structural_similarity_score"":0.75}",0,y,exact,1,semantic_bus_hypothesis_v1
arithmetic_constant_multiply_w8__identity__ground_truth_region__inf__input__a,arithmetic_constant_multiply_w8__identity__ground_truth_region,inferred_bus_mode,false,true,input,data_operand,"[""a_0"",""a_1"",""a_2"",""a_3"",""a_4"",""a_5"",""a_6"",""a_7""]","[""a_0"",""a_1"",""a_2"",""a_3"",""a_4"",""a_5"",""a_6"",""a_7""]",8,lsb_to_msb,unknown,0.950000,1.000000,0.800000,"[""name_prefix"",""index_contiguity"",""structural_similarity""]","{""index_contiguity_score"":1.0,""name_prefix"":""a"",""name_prefix_score"":1.0,""structural_similarity_score"":0.833333}",0,a,exact,1,semantic_bus_hypothesis_v1
arithmetic_constant_multiply_w8__identity__ground_truth_region__inf__output__y,arithmetic_constant_multiply_w8__identity__ground_truth_region,inferred_bus_mode,false,true,output,output,"[""y_0"",""y_1"",""y_2"",""y_3"",""y_4"",""y_5"",""y_6"",""y_7"",""y_8"",""y_9""]","[""y_0"",""y_1"",""y_2"",""y_3"",""y_4"",""y_5"",""y_6"",""y_7"",""y_8"",""y_9""]",10,lsb_to_msb,unknown,0.940000,1.000000,1.000000,"[""name_prefix"",""index_contiguity"",""structural_similarity""]","{""index_contiguity_score"":1.0,""name_prefix"":""y"",""name_prefix_score"":1.0,""structural_similarity_score"":0.8}",0,y,exact,1,semantic_bus_hypothesis_v1
arithmetic_constant_multiply_w8__identity__whole_output_cone__inf__input__a,arithmetic_constant_multiply_w8__identity__whole_output_cone,inferred_bus_mode,false,true,input,data_operand,"[""a_0"",""a_1"",""a_2"",""a_3"",""a_4"",""a_5"",""a_6"",""a_7""]","[""a_0"",""a_1"",""a_2"",""a_3"",""a_4"",""a_5"",""a_6"",""a_7""]",8,lsb_to_msb,unknown,0.950000,1.000000,0.800000,"[""name_prefix"",""index_contiguity"",""structural_similarity""]","{""index_contiguity_score"":1.0,""name_prefix"":""a"",""name_prefix_score"":1.0,""structural_similarity_score"":0.833333}",0,a,exact,1,semantic_bus_hypothesis_v1
arithmetic_constant_multiply_w8__identity__whole_output_cone__inf__output__y,arithmetic_constant_multiply_w8__identity__whole_output_cone,inferred_bus_mode,false,true,output,output,"[""y_0"",""y_1"",""y_2"",""y_3"",""y_4"",""y_5"",""y_6"",""y_7"",""y_8"",""y_9""]","[""y_0"",""y_1"",""y_2"",""y_3"",""y_4"",""y_5"",""y_6"",""y_7"",""y_8"",""y_9""]",10,lsb_to_msb,unknown,0.940000,1.000000,1.000000,"[""name_prefix"",""index_contiguity"",""structural_similarity""]","{""index_contiguity_score"":1.0,""name_prefix"":""y"",""name_prefix_score"":1.0,""structural_similarity_score"":0.8}",0,y,exact,1,semantic_bus_hypothesis_v1
arithmetic_full_multiply_w2__balance__whole_output_cone__inf__input__b,arithmetic_full_multiply_w2__balance__whole_output_cone,inferred_bus_mode,false,true,input,data_operand,"[""b_0"",""b_1""]","[""b_0"",""b_1""]",2,lsb_to_msb,unknown,0.858824,1.000000,0.800000,"[""name_prefix"",""index_contiguity"",""structural_similarity""]","{""index_contiguity_score"":1.0,""name_prefix"":""b"",""name_prefix_score"":1.0,""structural_similarity_score"":0.529412}",0,b,exact,1,semantic_bus_hypothesis_v1
arithmetic_full_multiply_w2__balance__whole_output_cone__inf__output__y,arithmetic_full_multiply_w2__balance__whole_output_cone,inferred_bus_mode,false,true,output,output,"[""y_0"",""y_1"",""y_2"",""y_3""]","[""y_0"",""y_1"",""y_2"",""y_3""]",4,lsb_to_msb,unknown,0.787082,1.000000,1.000000,"[""name_prefix"",""index_contiguity"",""structural_similarity""]","{""index_contiguity_score"":1.0,""name_prefix"":""y"",""name_prefix_score"":1.0,""structural_similarity_score"":0.290274}",0,y,exact,1,semantic_bus_hypothesis_v1
arithmetic_full_multiply_w2__compress2rs__whole_output_cone__inf__input__a,arithmetic_full_multiply_w2__compress2rs__whole_output_cone,inferred_bus_mode,false,true,input,data_operand,"[""a_0"",""a_1""]","[""a_0"",""a_1""]",2,lsb_to_msb,unknown,0.820000,1.000000,0.800000,"[""name_prefix"",""index_contiguity"",""structural_similarity""]","{""index_contiguity_score"":1.0,""name_prefix"":""a"",""name_prefix_score"":1.0,""structural_similarity_score"":0.4}",0,a,exact,1,semantic_bus_hypothesis_v1
arithmetic_full_multiply_w2__compress2rs__whole_output_cone__inf__output__y,arithmetic_full_multiply_w2__compress2rs__whole_output_cone,inferred_bus_mode,false,true,output,output,"[""y_0"",""y_1"",""y_2"",""y_3""]","[""y_0"",""y_1"",""y_2"",""y_3""]",4,lsb_to_msb,unknown,0.819484,1.000000,1.000000,"[""name_prefix"",""index_contiguity"",""structural_similarity""]","{""index_contiguity_score"":1.0,""name_prefix"":""y"",""name_prefix_score"":1.0,""structural_similarity_score"":0.39828}",0,y,exact,1,semantic_bus_hypothesis_v1
arithmetic_full_multiply_w2__dc2__whole_output_cone__inf__input__a,arithmetic_full_multiply_w2__dc2__whole_output_cone,inferred_bus_mode,false,true,input,data_operand,"[""a_0"",""a_1""]","[""a_0"",""a_1""]",2,lsb_to_msb,unknown,0.850000,1.000000,0.800000,"[""name_prefix"",""index_contiguity"",""structural_similarity""]","{""index_contiguity_score"":1.0,""name_prefix"":""a"",""name_prefix_score"":1.0,""structural_similarity_score"":0.5}",0,a,exact,1,semantic_bus_hypothesis_v1
arithmetic_full_multiply_w2__dc2__whole_output_cone__inf__output__y,arithmetic_full_multiply_w2__dc2__whole_output_cone,inferred_bus_mode,false,true,output,output,"[""y_0"",""y_1"",""y_2"",""y_3""]","[""y_0"",""y_1"",""y_2"",""y_3""]",4,lsb_to_msb,unknown,0.819484,1.000000,1.000000,"[""name_prefix"",""index_contiguity"",""structural_similarity""]","{""index_contiguity_score"":1.0,""name_prefix"":""y"",""name_prefix_score"":1.0,""structural_similarity_score"":0.39828}",0,y,exact,1,semantic_bus_hypothesis_v1
arithmetic_full_multiply_w2__identity__ground_truth_region__inf__input__a,arithmetic_full_multiply_w2__identity__ground_truth_region,inferred_bus_mode,false,true,input,data_operand,"[""a_0"",""a_1""]","[""a_0"",""a_1""]",2,lsb_to_msb,unknown,0.900000,1.000000,0.800000,"[""name_prefix"",""index_contiguity"",""structural_similarity""]","{""index_contiguity_score"":1.0,""name_prefix"":""a"",""name_prefix_score"":1.0,""structural_similarity_score"":0.666667}",0,a,exact,1,semantic_bus_hypothesis_v1
arithmetic_full_multiply_w2__identity__ground_truth_region__inf__output__y,arithmetic_full_multiply_w2__identity__ground_truth_region,inferred_bus_mode,false,true,output,output,"[""y_0"",""y_1"",""y_2"",""y_3""]","[""y_0"",""y_1"",""y_2"",""y_3""]",4,lsb_to_msb,unknown,0.900000,1.000000,1.000000,"[""name_prefix"",""index_contiguity"",""structural_similarity""]","{""index_contiguity_score"":1.0,""name_prefix"":""y"",""name_prefix_score"":1.0,""structural_similarity_score"":0.666667}",0,y,exact,1,semantic_bus_hypothesis_v1
arithmetic_full_multiply_w2__identity__whole_output_cone__inf__input__a,arithmetic_full_multiply_w2__identity__whole_output_cone,inferred_bus_mode,false,true,input,data_operand,"[""a_0"",""a_1""]","[""a_0"",""a_1""]",2,lsb_to_msb,unknown,0.900000,1.000000,0.800000,"[""name_prefix"",""index_contiguity"",""structural_similarity""]","{""index_contiguity_score"":1.0,""name_prefix"":""a"",""name_prefix_score"":1.0,""structural_similarity_score"":0.666667}",0,a,exact,1,semantic_bus_hypothesis_v1
arithmetic_full_multiply_w2__identity__whole_output_cone__inf__output__y,arithmetic_full_multiply_w2__identity__whole_output_cone,inferred_bus_mode,false,true,output,output,"[""y_0"",""y_1"",""y_2"",""y_3""]","[""y_0"",""y_1"",""y_2"",""y_3""]",4,lsb_to_msb,unknown,0.900000,1.000000,1.000000,"[""name_prefix"",""index_contiguity"",""structural_similarity""]","{""index_contiguity_score"":1.0,""name_prefix"":""y"",""name_prefix_score"":1.0,""structural_similarity_score"":0.666667}",0,y,exact,1,semantic_bus_hypothesis_v1
arithmetic_full_multiply_w2__refactor__whole_output_cone__inf__input__b,arithmetic_full_multiply_w2__refactor__whole_output_cone,inferred_bus_mode,false,true,input,data_operand,"[""b_0"",""b_1""]","[""b_0"",""b_1""]",2,lsb_to_msb,unknown,0.871429,1.000000,0.800000,"[""name_prefix"",""index_contiguity"",""structural_similarity""]","{""index_contiguity_score"":1.0,""name_prefix"":""b"",""name_prefix_score"":1.0,""structural_similarity_score"":0.571429}",0,b,exact,1,semantic_bus_hypothesis_v1
arithmetic_full_multiply_w2__refactor__whole_output_cone__inf__output__y,arithmetic_full_multiply_w2__refactor__whole_output_cone,inferred_bus_mode,false,true,output,output,"[""y_0"",""y_1"",""y_2"",""y_3""]","[""y_0"",""y_1"",""y_2"",""y_3""]",4,lsb_to_msb,unknown,0.790833,1.000000,1.000000,"[""name_prefix"",""index_contiguity"",""structural_similarity""]","{""index_contiguity_score"":1.0,""name_prefix"":""y"",""name_prefix_score"":1.0,""structural_similarity_score"":0.302778}",0,y,exact,1,semantic_bus_hypothesis_v1
arithmetic_full_multiply_w2__resub__whole_output_cone__inf__input__b,arithmetic_full_multiply_w2__resub__whole_output_cone,inferred_bus_mode,false,true,input,data_operand,"[""b_0"",""b_1""]","[""b_0"",""b_1""]",2,lsb_to_msb,unknown,0.876471,1.000000,0.800000,"[""name_prefix"",""index_contiguity"",""structural_similarity""]","{""index_contiguity_score"":1.0,""name_prefix"":""b"",""name_prefix_score"":1.0,""structural_similarity_score"":0.588235}",0,b,exact,1,semantic_bus_hypothesis_v1
arithmetic_full_multiply_w2__resub__whole_output_cone__inf__output__y,arithmetic_full_multiply_w2__resub__whole_output_cone,inferred_bus_mode,false,true,output,output,"[""y_0"",""y_1"",""y_2"",""y_3""]","[""y_0"",""y_1"",""y_2"",""y_3""]",4,lsb_to_msb,unknown,0.800831,1.000000,1.000000,"[""name_prefix"",""index_contiguity"",""structural_similarity""]","{""index_contiguity_score"":1.0,""name_prefix"":""y"",""name_prefix_score"":1.0,""structural_similarity_score"":0.336103}",0,y,exact,1,semantic_bus_hypothesis_v1
arithmetic_full_multiply_w2__resyn__whole_output_cone__inf__input__a,arithmetic_full_multiply_w2__resyn__whole_output_cone,inferred_bus_mode,false,true,input,data_operand,"[""a_0"",""a_1""]","[""a_0"",""a_1""]",2,lsb_to_msb,unknown,0.836364,1.000000,0.800000,"[""name_prefix"",""index_contiguity"",""structural_similarity""]","{""index_contiguity_score"":1.0,""name_prefix"":""a"",""name_prefix_score"":1.0,""structural_similarity_score"":0.454545}",0,a,exact,1,semantic_bus_hypothesis_v1
arithmetic_full_multiply_w2__resyn__whole_output_cone__inf__output__y,arithmetic_full_multiply_w2__resyn__whole_output_cone,inferred_bus_mode,false,true,output,output,"[""y_0"",""y_1"",""y_2"",""y_3""]","[""y_0"",""y_1"",""y_2"",""y_3""]",4,lsb_to_msb,unknown,0.810595,1.000000,1.000000,"[""name_prefix"",""index_contiguity"",""structural_similarity""]","{""index_contiguity_score"":1.0,""name_prefix"":""y"",""name_prefix_score"":1.0,""structural_similarity_score"":0.368651}",0,y,exact,1,semantic_bus_hypothesis_v1
arithmetic_full_multiply_w2__resyn2__whole_output_cone__inf__input__a,arithmetic_full_multiply_w2__resyn2__whole_output_cone,inferred_bus_mode,false,true,input,data_operand,"[""a_0"",""a_1""]","[""a_0"",""a_1""]",2,lsb_to_msb,unknown,0.820000,1.000000,0.800000,"[""name_prefix"",""index_contiguity"",""structural_similarity""]","{""index_contiguity_score"":1.0,""name_prefix"":""a"",""name_prefix_score"":1.0,""structural_similarity_score"":0.4}",0,a,exact,1,semantic_bus_hypothesis_v1
arithmetic_full_multiply_w2__resyn2__whole_output_cone__inf__output__y,arithmetic_full_multiply_w2__resyn2__whole_output_cone,inferred_bus_mode,false,true,output,output,"[""y_0"",""y_1"",""y_2"",""y_3""]","[""y_0"",""y_1"",""y_2"",""y_3""]",4,lsb_to_msb,unknown,0.819484,1.000000,1.000000,"[""name_prefix"",""index_contiguity"",""structural_similarity""]","{""index_contiguity_score"":1.0,""name_prefix"":""y"",""name_prefix_score"":1.0,""structural_similarity_score"":0.39828}",0,y,exact,1,semantic_bus_hypothesis_v1
arithmetic_full_multiply_w2__rewrite__whole_output_cone__inf__input__a,arithmetic_full_multiply_w2__rewrite__whole_output_cone,inferred_bus_mode,false,true,input,data_operand,"[""a_0"",""a_1""]","[""a_0"",""a_1""]",2,lsb_to_msb,unknown,0.836364,1.000000,0.800000,"[""name_prefix"",""index_contiguity"",""structural_similarity""]","{""index_contiguity_score"":1.0,""name_prefix"":""a"",""name_prefix_score"":1.0,""structural_similarity_score"":0.454545}",0,a,exact,1,semantic_bus_hypothesis_v1
arithmetic_full_multiply_w2__rewrite__whole_output_cone__inf__output__y,arithmetic_full_multiply_w2__rewrite__whole_output_cone,inferred_bus_mode,false,true,output,output,"[""y_0"",""y_1"",""y_2"",""y_3""]","[""y_0"",""y_1"",""y_2"",""y_3""]",4,lsb_to_msb,unknown,0.810595,1.000000,1.000000,"[""name_prefix"",""index_contiguity"",""structural_similarity""]","{""index_contiguity_score"":1.0,""name_prefix"":""y"",""name_prefix_score"":1.0,""structural_similarity_score"":0.368651}",0,y,exact,1,semantic_bus_hypothesis_v1
arithmetic_full_multiply_w3__identity__ground_truth_region__inf__input__a,arithmetic_full_multiply_w3__identity__ground_truth_region,inferred_bus_mode,false,true,input,data_operand,"[""a_0"",""a_1"",""a_2""]","[""a_0"",""a_1"",""a_2""]",3,lsb_to_msb,unknown,0.925000,1.000000,0.800000,"[""name_prefix"",""index_contiguity"",""structural_similarity""]","{""index_contiguity_score"":1.0,""name_prefix"":""a"",""name_prefix_score"":1.0,""structural_similarity_score"":0.75}",0,a,exact,1,semantic_bus_hypothesis_v1
arithmetic_full_multiply_w3__identity__ground_truth_region__inf__output__y,arithmetic_full_multiply_w3__identity__ground_truth_region,inferred_bus_mode,false,true,output,output,"[""y_0"",""y_1"",""y_2"",""y_3"",""y_4"",""y_5""]","[""y_0"",""y_1"",""y_2"",""y_3"",""y_4"",""y_5""]",6,lsb_to_msb,unknown,0.925000,1.000000,1.000000,"[""name_prefix"",""index_contiguity"",""structural_similarity""]","{""index_contiguity_score"":1.0,""name_prefix"":""y"",""name_prefix_score"":1.0,""structural_similarity_score"":0.75}",0,y,exact,1,semantic_bus_hypothesis_v1
arithmetic_full_multiply_w3__identity__whole_output_cone__inf__input__a,arithmetic_full_multiply_w3__identity__whole_output_cone,inferred_bus_mode,false,true,input,data_operand,"[""a_0"",""a_1"",""a_2""]","[""a_0"",""a_1"",""a_2""]",3,lsb_to_msb,unknown,0.925000,1.000000,0.800000,"[""name_prefix"",""index_contiguity"",""structural_similarity""]","{""index_contiguity_score"":1.0,""name_prefix"":""a"",""name_prefix_score"":1.0,""structural_similarity_score"":0.75}",0,a,exact,1,semantic_bus_hypothesis_v1
arithmetic_full_multiply_w3__identity__whole_output_cone__inf__output__y,arithmetic_full_multiply_w3__identity__whole_output_cone,inferred_bus_mode,false,true,output,output,"[""y_0"",""y_1"",""y_2"",""y_3"",""y_4"",""y_5""]","[""y_0"",""y_1"",""y_2"",""y_3"",""y_4"",""y_5""]",6,lsb_to_msb,unknown,0.925000,1.000000,1.000000,"[""name_prefix"",""index_contiguity"",""structural_similarity""]","{""index_contiguity_score"":1.0,""name_prefix"":""y"",""name_prefix_score"":1.0,""structural_similarity_score"":0.75}",0,y,exact,1,semantic_bus_hypothesis_v1
arithmetic_full_multiply_w4__identity__ground_truth_region__inf__input__a,arithmetic_full_multiply_w4__identity__ground_truth_region,inferred_bus_mode,false,true,input,data_operand,"[""a_0"",""a_1"",""a_2"",""a_3""]","[""a_0"",""a_1"",""a_2"",""a_3""]",4,lsb_to_msb,unknown,0.940000,1.000000,0.800000,"[""name_prefix"",""index_contiguity"",""structural_similarity""]","{""index_contiguity_score"":1.0,""name_prefix"":""a"",""name_prefix_score"":1.0,""structural_similarity_score"":0.8}",0,a,exact,1,semantic_bus_hypothesis_v1
arithmetic_full_multiply_w4__identity__ground_truth_region__inf__output__y,arithmetic_full_multiply_w4__identity__ground_truth_region,inferred_bus_mode,false,true,output,output,"[""y_0"",""y_1"",""y_2"",""y_3"",""y_4"",""y_5"",""y_6"",""y_7""]","[""y_0"",""y_1"",""y_2"",""y_3"",""y_4"",""y_5"",""y_6"",""y_7""]",8,lsb_to_msb,unknown,0.940000,1.000000,1.000000,"[""name_prefix"",""index_contiguity"",""structural_similarity""]","{""index_contiguity_score"":1.0,""name_prefix"":""y"",""name_prefix_score"":1.0,""structural_similarity_score"":0.8}",0,y,exact,1,semantic_bus_hypothesis_v1
arithmetic_full_multiply_w4__identity__whole_output_cone__inf__input__a,arithmetic_full_multiply_w4__identity__whole_output_cone,inferred_bus_mode,false,true,input,data_operand,"[""a_0"",""a_1"",""a_2"",""a_3""]","[""a_0"",""a_1"",""a_2"",""a_3""]",4,lsb_to_msb,unknown,0.940000,1.000000,0.800000,"[""name_prefix"",""index_contiguity"",""structural_similarity""]","{""index_contiguity_score"":1.0,""name_prefix"":""a"",""name_prefix_score"":1.0,""structural_similarity_score"":0.8}",0,a,exact,1,semantic_bus_hypothesis_v1
arithmetic_full_multiply_w4__identity__whole_output_cone__inf__output__y,arithmetic_full_multiply_w4__identity__whole_output_cone,inferred_bus_mode,false,true,output,output,"[""y_0"",""y_1"",""y_2"",""y_3"",""y_4"",""y_5"",""y_6"",""y_7""]","[""y_0"",""y_1"",""y_2"",""y_3"",""y_4"",""y_5"",""y_6"",""y_7""]",8,lsb_to_msb,unknown,0.940000,1.000000,1.000000,"[""name_prefix"",""index_contiguity"",""structural_similarity""]","{""index_contiguity_score"":1.0,""name_prefix"":""y"",""name_prefix_score"":1.0,""structural_similarity_score"":0.8}",0,y,exact,1,semantic_bus_hypothesis_v1
arithmetic_mixed_width_add_w3__identity__ground_truth_region__inf__input__a,arithmetic_mixed_width_add_w3__identity__ground_truth_region,inferred_bus_mode,false,true,input,data_operand,"[""a_0"",""a_1"",""a_2""]","[""a_0"",""a_1"",""a_2""]",3,lsb_to_msb,unknown,0.900000,1.000000,0.800000,"[""name_prefix"",""index_contiguity"",""structural_similarity""]","{""index_contiguity_score"":1.0,""name_prefix"":""a"",""name_prefix_score"":1.0,""structural_similarity_score"":0.666667}",0,a,exact,1,semantic_bus_hypothesis_v1
arithmetic_mixed_width_add_w3__identity__ground_truth_region__inf__output__y,arithmetic_mixed_width_add_w3__identity__ground_truth_region,inferred_bus_mode,false,true,output,output,"[""y_0"",""y_1"",""y_2"",""y_3""]","[""y_0"",""y_1"",""y_2"",""y_3""]",4,lsb_to_msb,unknown,0.914286,1.000000,1.000000,"[""name_prefix"",""index_contiguity"",""structural_similarity""]","{""index_contiguity_score"":1.0,""name_prefix"":""y"",""name_prefix_score"":1.0,""structural_similarity_score"":0.714286}",0,y,exact,1,semantic_bus_hypothesis_v1
arithmetic_mixed_width_add_w3__identity__whole_output_cone__inf__input__a,arithmetic_mixed_width_add_w3__identity__whole_output_cone,inferred_bus_mode,false,true,input,data_operand,"[""a_0"",""a_1"",""a_2""]","[""a_0"",""a_1"",""a_2""]",3,lsb_to_msb,unknown,0.900000,1.000000,0.800000,"[""name_prefix"",""index_contiguity"",""structural_similarity""]","{""index_contiguity_score"":1.0,""name_prefix"":""a"",""name_prefix_score"":1.0,""structural_similarity_score"":0.666667}",0,a,exact,1,semantic_bus_hypothesis_v1
arithmetic_mixed_width_add_w3__identity__whole_output_cone__inf__output__y,arithmetic_mixed_width_add_w3__identity__whole_output_cone,inferred_bus_mode,false,true,output,output,"[""y_0"",""y_1"",""y_2"",""y_3""]","[""y_0"",""y_1"",""y_2"",""y_3""]",4,lsb_to_msb,unknown,0.914286,1.000000,1.000000,"[""name_prefix"",""index_contiguity"",""structural_similarity""]","{""index_contiguity_score"":1.0,""name_prefix"":""y"",""name_prefix_score"":1.0,""structural_similarity_score"":0.714286}",0,y,exact,1,semantic_bus_hypothesis_v1
arithmetic_mixed_width_add_w4__identity__ground_truth_region__inf__input__a,arithmetic_mixed_width_add_w4__identity__ground_truth_region,inferred_bus_mode,false,true,input,data_operand,"[""a_0"",""a_1"",""a_2"",""a_3""]","[""a_0"",""a_1"",""a_2"",""a_3""]",4,lsb_to_msb,unknown,0.914286,1.000000,0.800000,"[""name_prefix"",""index_contiguity"",""structural_similarity""]","{""index_contiguity_score"":1.0,""name_prefix"":""a"",""name_prefix_score"":1.0,""structural_similarity_score"":0.714286}",0,a,exact,1,semantic_bus_hypothesis_v1
arithmetic_mixed_width_add_w4__identity__ground_truth_region__inf__output__y,arithmetic_mixed_width_add_w4__identity__ground_truth_region,inferred_bus_mode,false,true,output,output,"[""y_0"",""y_1"",""y_2"",""y_3"",""y_4""]","[""y_0"",""y_1"",""y_2"",""y_3"",""y_4""]",5,lsb_to_msb,unknown,0.933333,1.000000,1.000000,"[""name_prefix"",""index_contiguity"",""structural_similarity""]","{""index_contiguity_score"":1.0,""name_prefix"":""y"",""name_prefix_score"":1.0,""structural_similarity_score"":0.777778}",0,y,exact,1,semantic_bus_hypothesis_v1
arithmetic_mixed_width_add_w4__identity__whole_output_cone__inf__input__a,arithmetic_mixed_width_add_w4__identity__whole_output_cone,inferred_bus_mode,false,true,input,data_operand,"[""a_0"",""a_1"",""a_2"",""a_3""]","[""a_0"",""a_1"",""a_2"",""a_3""]",4,lsb_to_msb,unknown,0.914286,1.000000,0.800000,"[""name_prefix"",""index_contiguity"",""structural_similarity""]","{""index_contiguity_score"":1.0,""name_prefix"":""a"",""name_prefix_score"":1.0,""structural_similarity_score"":0.714286}",0,a,exact,1,semantic_bus_hypothesis_v1
arithmetic_mixed_width_add_w4__identity__whole_output_cone__inf__output__y,arithmetic_mixed_width_add_w4__identity__whole_output_cone,inferred_bus_mode,false,true,output,output,"[""y_0"",""y_1"",""y_2"",""y_3"",""y_4""]","[""y_0"",""y_1"",""y_2"",""y_3"",""y_4""]",5,lsb_to_msb,unknown,0.933333,1.000000,1.000000,"[""name_prefix"",""index_contiguity"",""structural_similarity""]","{""index_contiguity_score"":1.0,""name_prefix"":""y"",""name_prefix_score"":1.0,""structural_similarity_score"":0.777778}",0,y,exact,1,semantic_bus_hypothesis_v1
arithmetic_multiply_accumulate_w2__identity__ground_truth_region__inf__input__c,arithmetic_multiply_accumulate_w2__identity__ground_truth_region,inferred_bus_mode,false,true,input,data_operand,"[""c_0"",""c_1"",""c_2"",""c_3""]","[""c_0"",""c_1"",""c_2"",""c_3""]",4,lsb_to_msb,unknown,0.914286,1.000000,0.800000,"[""name_prefix"",""index_contiguity"",""structural_similarity""]","{""index_contiguity_score"":1.0,""name_prefix"":""c"",""name_prefix_score"":1.0,""structural_similarity_score"":0.714286}",0,c,exact,1,semantic_bus_hypothesis_v1
arithmetic_multiply_accumulate_w2__identity__ground_truth_region__inf__output__y,arithmetic_multiply_accumulate_w2__identity__ground_truth_region,inferred_bus_mode,false,true,output,output,"[""y_0"",""y_1"",""y_2"",""y_3"",""y_4""]","[""y_0"",""y_1"",""y_2"",""y_3"",""y_4""]",5,lsb_to_msb,unknown,0.940000,1.000000,1.000000,"[""name_prefix"",""index_contiguity"",""structural_similarity""]","{""index_contiguity_score"":1.0,""name_prefix"":""y"",""name_prefix_score"":1.0,""structural_similarity_score"":0.8}",0,y,exact,1,semantic_bus_hypothesis_v1
arithmetic_multiply_accumulate_w2__identity__whole_output_cone__inf__input__c,arithmetic_multiply_accumulate_w2__identity__whole_output_cone,inferred_bus_mode,false,true,input,data_operand,"[""c_0"",""c_1"",""c_2"",""c_3""]","[""c_0"",""c_1"",""c_2"",""c_3""]",4,lsb_to_msb,unknown,0.914286,1.000000,0.800000,"[""name_prefix"",""index_contiguity"",""structural_similarity""]","{""index_contiguity_score"":1.0,""name_prefix"":""c"",""name_prefix_score"":1.0,""structural_similarity_score"":0.714286}",0,c,exact,1,semantic_bus_hypothesis_v1
arithmetic_multiply_accumulate_w2__identity__whole_output_cone__inf__output__y,arithmetic_multiply_accumulate_w2__identity__whole_output_cone,inferred_bus_mode,false,true,output,output,"[""y_0"",""y_1"",""y_2"",""y_3"",""y_4""]","[""y_0"",""y_1"",""y_2"",""y_3"",""y_4""]",5,lsb_to_msb,unknown,0.940000,1.000000,1.000000,"[""name_prefix"",""index_contiguity"",""structural_similarity""]","{""index_contiguity_score"":1.0,""name_prefix"":""y"",""name_prefix_score"":1.0,""structural_similarity_score"":0.8}",0,y,exact,1,semantic_bus_hypothesis_v1
arithmetic_reversed_sub_w2__balance__whole_output_cone__inf__input__b,arithmetic_reversed_sub_w2__balance__whole_output_cone,inferred_bus_mode,false,true,input,data_operand,"[""b_0"",""b_1""]","[""b_0"",""b_1""]",2,lsb_to_msb,unknown,0.892000,1.000000,0.800000,"[""name_prefix"",""index_contiguity"",""structural_similarity""]","{""index_contiguity_score"":1.0,""name_prefix"":""b"",""name_prefix_score"":1.0,""structural_similarity_score"":0.64}",0,b,exact,1,semantic_bus_hypothesis_v1
arithmetic_reversed_sub_w2__balance__whole_output_cone__inf__output__y,arithmetic_reversed_sub_w2__balance__whole_output_cone,inferred_bus_mode,false,true,output,output,"[""y_0"",""y_1"",""y_2""]","[""y_0"",""y_1"",""y_2""]",3,lsb_to_msb,unknown,0.746424,1.000000,1.000000,"[""name_prefix"",""index_contiguity"",""structural_similarity""]","{""index_contiguity_score"":1.0,""name_prefix"":""y"",""name_prefix_score"":1.0,""structural_similarity_score"":0.154747}",0,y,exact,1,semantic_bus_hypothesis_v1
arithmetic_reversed_sub_w2__compress2rs__whole_output_cone__inf__input__a,arithmetic_reversed_sub_w2__compress2rs__whole_output_cone,inferred_bus_mode,false,true,input,data_operand,"[""a_0"",""a_1""]","[""a_0"",""a_1""]",2,lsb_to_msb,unknown,0.815385,1.000000,0.800000,"[""name_prefix"",""index_contiguity"",""structural_similarity""]","{""index_contiguity_score"":1.0,""name_prefix"":""a"",""name_prefix_score"":1.0,""structural_similarity_score"":0.384615}",0,a,exact,1,semantic_bus_hypothesis_v1
arithmetic_reversed_sub_w2__compress2rs__whole_output_cone__inf__output__y,arithmetic_reversed_sub_w2__compress2rs__whole_output_cone,inferred_bus_mode,false,true,output,output,"[""y_0"",""y_1"",""y_2""]","[""y_0"",""y_1"",""y_2""]",3,lsb_to_msb,unknown,0.804196,1.000000,1.000000,"[""name_prefix"",""index_contiguity"",""structural_similarity""]","{""index_contiguity_score"":1.0,""name_prefix"":""y"",""name_prefix_score"":1.0,""structural_similarity_score"":0.347319}",0,y,exact,1,semantic_bus_hypothesis_v1
arithmetic_reversed_sub_w2__dc2__whole_output_cone__inf__input__a,arithmetic_reversed_sub_w2__dc2__whole_output_cone,inferred_bus_mode,false,true,input,data_operand,"[""a_0"",""a_1""]","[""a_0"",""a_1""]",2,lsb_to_msb,unknown,0.815385,1.000000,0.800000,"[""name_prefix"",""index_contiguity"",""structural_similarity""]","{""index_contiguity_score"":1.0,""name_prefix"":""a"",""name_prefix_score"":1.0,""structural_similarity_score"":0.384615}",0,a,exact,1,semantic_bus_hypothesis_v1
arithmetic_reversed_sub_w2__dc2__whole_output_cone__inf__output__y,arithmetic_reversed_sub_w2__dc2__whole_output_cone,inferred_bus_mode,false,true,output,output,"[""y_0"",""y_1"",""y_2""]","[""y_0"",""y_1"",""y_2""]",3,lsb_to_msb,unknown,0.804196,1.000000,1.000000,"[""name_prefix"",""index_contiguity"",""structural_similarity""]","{""index_contiguity_score"":1.0,""name_prefix"":""y"",""name_prefix_score"":1.0,""structural_similarity_score"":0.347319}",0,y,exact,1,semantic_bus_hypothesis_v1
arithmetic_reversed_sub_w2__identity__ground_truth_region__inf__input__a,arithmetic_reversed_sub_w2__identity__ground_truth_region,inferred_bus_mode,false,true,input,data_operand,"[""a_0"",""a_1""]","[""a_0"",""a_1""]",2,lsb_to_msb,unknown,0.880000,1.000000,0.800000,"[""name_prefix"",""index_contiguity"",""structural_similarity""]","{""index_contiguity_score"":1.0,""name_prefix"":""a"",""name_prefix_score"":1.0,""structural_similarity_score"":0.6}",0,a,exact,1,semantic_bus_hypothesis_v1
arithmetic_reversed_sub_w2__identity__ground_truth_region__inf__output__y,arithmetic_reversed_sub_w2__identity__ground_truth_region,inferred_bus_mode,false,true,output,output,"[""y_0"",""y_1"",""y_2""]","[""y_0"",""y_1"",""y_2""]",3,lsb_to_msb,unknown,0.900000,1.000000,1.000000,"[""name_prefix"",""index_contiguity"",""structural_similarity""]","{""index_contiguity_score"":1.0,""name_prefix"":""y"",""name_prefix_score"":1.0,""structural_similarity_score"":0.666667}",0,y,exact,1,semantic_bus_hypothesis_v1
arithmetic_reversed_sub_w2__identity__whole_output_cone__inf__input__a,arithmetic_reversed_sub_w2__identity__whole_output_cone,inferred_bus_mode,false,true,input,data_operand,"[""a_0"",""a_1""]","[""a_0"",""a_1""]",2,lsb_to_msb,unknown,0.880000,1.000000,0.800000,"[""name_prefix"",""index_contiguity"",""structural_similarity""]","{""index_contiguity_score"":1.0,""name_prefix"":""a"",""name_prefix_score"":1.0,""structural_similarity_score"":0.6}",0,a,exact,1,semantic_bus_hypothesis_v1
arithmetic_reversed_sub_w2__identity__whole_output_cone__inf__output__y,arithmetic_reversed_sub_w2__identity__whole_output_cone,inferred_bus_mode,false,true,output,output,"[""y_0"",""y_1"",""y_2""]","[""y_0"",""y_1"",""y_2""]",3,lsb_to_msb,unknown,0.900000,1.000000,1.000000,"[""name_prefix"",""index_contiguity"",""structural_similarity""]","{""index_contiguity_score"":1.0,""name_prefix"":""y"",""name_prefix_score"":1.0,""structural_similarity_score"":0.666667}",0,y,exact,1,semantic_bus_hypothesis_v1
arithmetic_reversed_sub_w2__refactor__whole_output_cone__inf__input__b,arithmetic_reversed_sub_w2__refactor__whole_output_cone,inferred_bus_mode,false,true,input,data_operand,"[""b_0"",""b_1""]","[""b_0"",""b_1""]",2,lsb_to_msb,unknown,0.835000,1.000000,0.800000,"[""name_prefix"",""index_contiguity"",""structural_similarity""]","{""index_contiguity_score"":1.0,""name_prefix"":""b"",""name_prefix_score"":1.0,""structural_similarity_score"":0.45}",0,b,exact,1,semantic_bus_hypothesis_v1
arithmetic_reversed_sub_w2__refactor__whole_output_cone__inf__output__y,arithmetic_reversed_sub_w2__refactor__whole_output_cone,inferred_bus_mode,false,true,output,output,"[""y_0"",""y_1"",""y_2""]","[""y_0"",""y_1"",""y_2""]",3,lsb_to_msb,unknown,0.767647,1.000000,1.000000,"[""name_prefix"",""index_contiguity"",""structural_similarity""]","{""index_contiguity_score"":1.0,""name_prefix"":""y"",""name_prefix_score"":1.0,""structural_similarity_score"":0.22549}",0,y,exact,1,semantic_bus_hypothesis_v1
arithmetic_reversed_sub_w2__resub__whole_output_cone__inf__input__b,arithmetic_reversed_sub_w2__resub__whole_output_cone,inferred_bus_mode,false,true,input,data_operand,"[""b_0"",""b_1""]","[""b_0"",""b_1""]",2,lsb_to_msb,unknown,0.871429,1.000000,0.800000,"[""name_prefix"",""index_contiguity"",""structural_similarity""]","{""index_contiguity_score"":1.0,""name_prefix"":""b"",""name_prefix_score"":1.0,""structural_similarity_score"":0.571429}",0,b,exact,1,semantic_bus_hypothesis_v1
arithmetic_reversed_sub_w2__resub__whole_output_cone__inf__output__y,arithmetic_reversed_sub_w2__resub__whole_output_cone,inferred_bus_mode,false,true,output,output,"[""y_0"",""y_1"",""y_2""]","[""y_0"",""y_1"",""y_2""]",3,lsb_to_msb,unknown,0.768622,1.000000,1.000000,"[""name_prefix"",""index_contiguity"",""structural_similarity""]","{""index_contiguity_score"":1.0,""name_prefix"":""y"",""name_prefix_score"":1.0,""structural_similarity_score"":0.228739}",0,y,exact,1,semantic_bus_hypothesis_v1
arithmetic_reversed_sub_w2__resyn__whole_output_cone__inf__input__a,arithmetic_reversed_sub_w2__resyn__whole_output_cone,inferred_bus_mode,false,true,input,data_operand,"[""a_0"",""a_1""]","[""a_0"",""a_1""]",2,lsb_to_msb,unknown,0.815385,1.000000,0.800000,"[""name_prefix"",""index_contiguity"",""structural_similarity""]","{""index_contiguity_score"":1.0,""name_prefix"":""a"",""name_prefix_score"":1.0,""structural_similarity_score"":0.384615}",0,a,exact,1,semantic_bus_hypothesis_v1
arithmetic_reversed_sub_w2__resyn__whole_output_cone__inf__output__y,arithmetic_reversed_sub_w2__resyn__whole_output_cone,inferred_bus_mode,false,true,output,output,"[""y_0"",""y_1"",""y_2""]","[""y_0"",""y_1"",""y_2""]",3,lsb_to_msb,unknown,0.804196,1.000000,1.000000,"[""name_prefix"",""index_contiguity"",""structural_similarity""]","{""index_contiguity_score"":1.0,""name_prefix"":""y"",""name_prefix_score"":1.0,""structural_similarity_score"":0.347319}",0,y,exact,1,semantic_bus_hypothesis_v1
arithmetic_reversed_sub_w2__resyn2__whole_output_cone__inf__input__a,arithmetic_reversed_sub_w2__resyn2__whole_output_cone,inferred_bus_mode,false,true,input,data_operand,"[""a_0"",""a_1""]","[""a_0"",""a_1""]",2,lsb_to_msb,unknown,0.815385,1.000000,0.800000,"[""name_prefix"",""index_contiguity"",""structural_similarity""]","{""index_contiguity_score"":1.0,""name_prefix"":""a"",""name_prefix_score"":1.0,""structural_similarity_score"":0.384615}",0,a,exact,1,semantic_bus_hypothesis_v1
arithmetic_reversed_sub_w2__resyn2__whole_output_cone__inf__output__y,arithmetic_reversed_sub_w2__resyn2__whole_output_cone,inferred_bus_mode,false,true,output,output,"[""y_0"",""y_1"",""y_2""]","[""y_0"",""y_1"",""y_2""]",3,lsb_to_msb,unknown,0.804196,1.000000,1.000000,"[""name_prefix"",""index_contiguity"",""structural_similarity""]","{""index_contiguity_score"":1.0,""name_prefix"":""y"",""name_prefix_score"":1.0,""structural_similarity_score"":0.347319}",0,y,exact,1,semantic_bus_hypothesis_v1
arithmetic_reversed_sub_w2__rewrite__whole_output_cone__inf__input__a,arithmetic_reversed_sub_w2__rewrite__whole_output_cone,inferred_bus_mode,false,true,input,data_operand,"[""a_0"",""a_1""]","[""a_0"",""a_1""]",2,lsb_to_msb,unknown,0.815385,1.000000,0.800000,"[""name_prefix"",""index_contiguity"",""structural_similarity""]","{""index_contiguity_score"":1.0,""name_prefix"":""a"",""name_prefix_score"":1.0,""structural_similarity_score"":0.384615}",0,a,exact,1,semantic_bus_hypothesis_v1
arithmetic_reversed_sub_w2__rewrite__whole_output_cone__inf__output__y,arithmetic_reversed_sub_w2__rewrite__whole_output_cone,inferred_bus_mode,false,true,output,output,"[""y_0"",""y_1"",""y_2""]","[""y_0"",""y_1"",""y_2""]",3,lsb_to_msb,unknown,0.804196,1.000000,1.000000,"[""name_prefix"",""index_contiguity"",""structural_similarity""]","{""index_contiguity_score"":1.0,""name_prefix"":""y"",""name_prefix_score"":1.0,""structural_similarity_score"":0.347319}",0,y,exact,1,semantic_bus_hypothesis_v1
arithmetic_reversed_sub_w3__identity__ground_truth_region__inf__input__a,arithmetic_reversed_sub_w3__identity__ground_truth_region,inferred_bus_mode,false,true,input,data_operand,"[""a_0"",""a_1"",""a_2""]","[""a_0"",""a_1"",""a_2""]",3,lsb_to_msb,unknown,0.900000,1.000000,0.800000,"[""name_prefix"",""index_contiguity"",""structural_similarity""]","{""index_contiguity_score"":1.0,""name_prefix"":""a"",""name_prefix_score"":1.0,""structural_similarity_score"":0.666667}",0,a,exact,1,semantic_bus_hypothesis_v1
arithmetic_reversed_sub_w3__identity__ground_truth_region__inf__output__y,arithmetic_reversed_sub_w3__identity__ground_truth_region,inferred_bus_mode,false,true,output,output,"[""y_0"",""y_1"",""y_2"",""y_3""]","[""y_0"",""y_1"",""y_2"",""y_3""]",4,lsb_to_msb,unknown,0.925000,1.000000,1.000000,"[""name_prefix"",""index_contiguity"",""structural_similarity""]","{""index_contiguity_score"":1.0,""name_prefix"":""y"",""name_prefix_score"":1.0,""structural_similarity_score"":0.75}",0,y,exact,1,semantic_bus_hypothesis_v1
arithmetic_reversed_sub_w3__identity__whole_output_cone__inf__input__a,arithmetic_reversed_sub_w3__identity__whole_output_cone,inferred_bus_mode,false,true,input,data_operand,"[""a_0"",""a_1"",""a_2""]","[""a_0"",""a_1"",""a_2""]",3,lsb_to_msb,unknown,0.900000,1.000000,0.800000,"[""name_prefix"",""index_contiguity"",""structural_similarity""]","{""index_contiguity_score"":1.0,""name_prefix"":""a"",""name_prefix_score"":1.0,""structural_similarity_score"":0.666667}",0,a,exact,1,semantic_bus_hypothesis_v1
arithmetic_reversed_sub_w3__identity__whole_output_cone__inf__output__y,arithmetic_reversed_sub_w3__identity__whole_output_cone,inferred_bus_mode,false,true,output,output,"[""y_0"",""y_1"",""y_2"",""y_3""]","[""y_0"",""y_1"",""y_2"",""y_3""]",4,lsb_to_msb,unknown,0.925000,1.000000,1.000000,"[""name_prefix"",""index_contiguity"",""structural_similarity""]","{""index_contiguity_score"":1.0,""name_prefix"":""y"",""name_prefix_score"":1.0,""structural_similarity_score"":0.75}",0,y,exact,1,semantic_bus_hypothesis_v1
arithmetic_reversed_sub_w4__identity__ground_truth_region__inf__input__a,arithmetic_reversed_sub_w4__identity__ground_truth_region,inferred_bus_mode,false,true,input,data_operand,"[""a_0"",""a_1"",""a_2"",""a_3""]","[""a_0"",""a_1"",""a_2"",""a_3""]",4,lsb_to_msb,unknown,0.914286,1.000000,0.800000,"[""name_prefix"",""index_contiguity"",""structural_similarity""]","{""index_contiguity_score"":1.0,""name_prefix"":""a"",""name_prefix_score"":1.0,""structural_similarity_score"":0.714286}",0,a,exact,1,semantic_bus_hypothesis_v1
arithmetic_reversed_sub_w4__identity__ground_truth_region__inf__output__y,arithmetic_reversed_sub_w4__identity__ground_truth_region,inferred_bus_mode,false,true,output,output,"[""y_0"",""y_1"",""y_2"",""y_3"",""y_4""]","[""y_0"",""y_1"",""y_2"",""y_3"",""y_4""]",5,lsb_to_msb,unknown,0.940000,1.000000,1.000000,"[""name_prefix"",""index_contiguity"",""structural_similarity""]","{""index_contiguity_score"":1.0,""name_prefix"":""y"",""name_prefix_score"":1.0,""structural_similarity_score"":0.8}",0,y,exact,1,semantic_bus_hypothesis_v1
arithmetic_reversed_sub_w4__identity__whole_output_cone__inf__input__a,arithmetic_reversed_sub_w4__identity__whole_output_cone,inferred_bus_mode,false,true,input,data_operand,"[""a_0"",""a_1"",""a_2"",""a_3""]","[""a_0"",""a_1"",""a_2"",""a_3""]",4,lsb_to_msb,unknown,0.914286,1.000000,0.800000,"[""name_prefix"",""index_contiguity"",""structural_similarity""]","{""index_contiguity_score"":1.0,""name_prefix"":""a"",""name_prefix_score"":1.0,""structural_similarity_score"":0.714286}",0,a,exact,1,semantic_bus_hypothesis_v1
arithmetic_reversed_sub_w4__identity__whole_output_cone__inf__output__y,arithmetic_reversed_sub_w4__identity__whole_output_cone,inferred_bus_mode,false,true,output,output,"[""y_0"",""y_1"",""y_2"",""y_3"",""y_4""]","[""y_0"",""y_1"",""y_2"",""y_3"",""y_4""]",5,lsb_to_msb,unknown,0.940000,1.000000,1.000000,"[""name_prefix"",""index_contiguity"",""structural_similarity""]","{""index_contiguity_score"":1.0,""name_prefix"":""y"",""name_prefix_score"":1.0,""structural_similarity_score"":0.8}",0,y,exact,1,semantic_bus_hypothesis_v1
arithmetic_shifted_add_w2__balance__whole_output_cone__inf__input__b,arithmetic_shifted_add_w2__balance__whole_output_cone,inferred_bus_mode,false,true,input,data_operand,"[""b_0"",""b_1""]","[""b_0"",""b_1""]",2,lsb_to_msb,unknown,0.838462,1.000000,0.800000,"[""name_prefix"",""index_contiguity"",""structural_similarity""]","{""index_contiguity_score"":1.0,""name_prefix"":""b"",""name_prefix_score"":1.0,""structural_similarity_score"":0.461538}",0,b,exact,1,semantic_bus_hypothesis_v1
arithmetic_shifted_add_w2__balance__whole_output_cone__inf__output__y,arithmetic_shifted_add_w2__balance__whole_output_cone,inferred_bus_mode,false,true,output,output,"[""y_0"",""y_1"",""y_2"",""y_3""]","[""y_0"",""y_1"",""y_2"",""y_3""]",4,lsb_to_msb,unknown,0.734470,1.000000,1.000000,"[""name_prefix"",""index_contiguity"",""structural_similarity""]","{""index_contiguity_score"":1.0,""name_prefix"":""y"",""name_prefix_score"":1.0,""structural_similarity_score"":0.114899}",0,y,exact,1,semantic_bus_hypothesis_v1
arithmetic_shifted_add_w2__compress2rs__whole_output_cone__inf__input__b,arithmetic_shifted_add_w2__compress2rs__whole_output_cone,inferred_bus_mode,false,true,input,data_operand,"[""b_0"",""b_1""]","[""b_0"",""b_1""]",2,lsb_to_msb,unknown,0.812500,1.000000,0.800000,"[""name_prefix"",""index_contiguity"",""structural_similarity""]","{""index_contiguity_score"":1.0,""name_prefix"":""b"",""name_prefix_score"":1.0,""structural_similarity_score"":0.375}",0,b,exact,1,semantic_bus_hypothesis_v1
arithmetic_shifted_add_w2__compress2rs__whole_output_cone__inf__output__y,arithmetic_shifted_add_w2__compress2rs__whole_output_cone,inferred_bus_mode,false,true,output,output,"[""y_0"",""y_1"",""y_2"",""y_3""]","[""y_0"",""y_1"",""y_2"",""y_3""]",4,lsb_to_msb,unknown,0.773810,1.000000,1.000000,"[""name_prefix"",""index_contiguity"",""structural_similarity""]","{""index_contiguity_score"":1.0,""name_prefix"":""y"",""name_prefix_score"":1.0,""structural_similarity_score"":0.246032}",0,y,exact,1,semantic_bus_hypothesis_v1
arithmetic_shifted_add_w2__dc2__whole_output_cone__inf__input__b,arithmetic_shifted_add_w2__dc2__whole_output_cone,inferred_bus_mode,false,true,input,data_operand,"[""b_0"",""b_1""]","[""b_0"",""b_1""]",2,lsb_to_msb,unknown,0.812500,1.000000,0.800000,"[""name_prefix"",""index_contiguity"",""structural_similarity""]","{""index_contiguity_score"":1.0,""name_prefix"":""b"",""name_prefix_score"":1.0,""structural_similarity_score"":0.375}",0,b,exact,1,semantic_bus_hypothesis_v1
arithmetic_shifted_add_w2__dc2__whole_output_cone__inf__output__y,arithmetic_shifted_add_w2__dc2__whole_output_cone,inferred_bus_mode,false,true,output,output,"[""y_0"",""y_1"",""y_2"",""y_3""]","[""y_0"",""y_1"",""y_2"",""y_3""]",4,lsb_to_msb,unknown,0.773810,1.000000,1.000000,"[""name_prefix"",""index_contiguity"",""structural_similarity""]","{""index_contiguity_score"":1.0,""name_prefix"":""y"",""name_prefix_score"":1.0,""structural_similarity_score"":0.246032}",0,y,exact,1,semantic_bus_hypothesis_v1
arithmetic_shifted_add_w2__identity__ground_truth_region__inf__input__a,arithmetic_shifted_add_w2__identity__ground_truth_region,inferred_bus_mode,false,true,input,data_operand,"[""a_0"",""a_1""]","[""a_0"",""a_1""]",2,lsb_to_msb,unknown,0.900000,1.000000,0.800000,"[""name_prefix"",""index_contiguity"",""structural_similarity""]","{""index_contiguity_score"":1.0,""name_prefix"":""a"",""name_prefix_score"":1.0,""structural_similarity_score"":0.666667}",0,a,exact,1,semantic_bus_hypothesis_v1
arithmetic_shifted_add_w2__identity__ground_truth_region__inf__output__y,arithmetic_shifted_add_w2__identity__ground_truth_region,inferred_bus_mode,false,true,output,output,"[""y_0"",""y_1"",""y_2"",""y_3""]","[""y_0"",""y_1"",""y_2"",""y_3""]",4,lsb_to_msb,unknown,0.900000,1.000000,1.000000,"[""name_prefix"",""index_contiguity"",""structural_similarity""]","{""index_contiguity_score"":1.0,""name_prefix"":""y"",""name_prefix_score"":1.0,""structural_similarity_score"":0.666667}",0,y,exact,1,semantic_bus_hypothesis_v1
arithmetic_shifted_add_w2__identity__whole_output_cone__inf__input__a,arithmetic_shifted_add_w2__identity__whole_output_cone,inferred_bus_mode,false,true,input,data_operand,"[""a_0"",""a_1""]","[""a_0"",""a_1""]",2,lsb_to_msb,unknown,0.900000,1.000000,0.800000,"[""name_prefix"",""index_contiguity"",""structural_similarity""]","{""index_contiguity_score"":1.0,""name_prefix"":""a"",""name_prefix_score"":1.0,""structural_similarity_score"":0.666667}",0,a,exact,1,semantic_bus_hypothesis_v1
arithmetic_shifted_add_w2__identity__whole_output_cone__inf__output__y,arithmetic_shifted_add_w2__identity__whole_output_cone,inferred_bus_mode,false,true,output,output,"[""y_0"",""y_1"",""y_2"",""y_3""]","[""y_0"",""y_1"",""y_2"",""y_3""]",4,lsb_to_msb,unknown,0.900000,1.000000,1.000000,"[""name_prefix"",""index_contiguity"",""structural_similarity""]","{""index_contiguity_score"":1.0,""name_prefix"":""y"",""name_prefix_score"":1.0,""structural_similarity_score"":0.666667}",0,y,exact,1,semantic_bus_hypothesis_v1
arithmetic_shifted_add_w2__refactor__whole_output_cone__inf__input__b,arithmetic_shifted_add_w2__refactor__whole_output_cone,inferred_bus_mode,false,true,input,data_operand,"[""b_0"",""b_1""]","[""b_0"",""b_1""]",2,lsb_to_msb,unknown,0.820000,1.000000,0.800000,"[""name_prefix"",""index_contiguity"",""structural_similarity""]","{""index_contiguity_score"":1.0,""name_prefix"":""b"",""name_prefix_score"":1.0,""structural_similarity_score"":0.4}",0,b,exact,1,semantic_bus_hypothesis_v1
arithmetic_shifted_add_w2__refactor__whole_output_cone__inf__output__y,arithmetic_shifted_add_w2__refactor__whole_output_cone,inferred_bus_mode,false,true,output,output,"[""y_0"",""y_1"",""y_2"",""y_3""]","[""y_0"",""y_1"",""y_2"",""y_3""]",4,lsb_to_msb,unknown,0.752841,1.000000,1.000000,"[""name_prefix"",""index_contiguity"",""structural_similarity""]","{""index_contiguity_score"":1.0,""name_prefix"":""y"",""name_prefix_score"":1.0,""structural_similarity_score"":0.176136}",0,y,exact,1,semantic_bus_hypothesis_v1
arithmetic_shifted_add_w2__resub__whole_output_cone__inf__input__b,arithmetic_shifted_add_w2__resub__whole_output_cone,inferred_bus_mode,false,true,input,data_operand,"[""b_0"",""b_1""]","[""b_0"",""b_1""]",2,lsb_to_msb,unknown,0.861538,1.000000,0.800000,"[""name_prefix"",""index_contiguity"",""structural_similarity""]","{""index_contiguity_score"":1.0,""name_prefix"":""b"",""name_prefix_score"":1.0,""structural_similarity_score"":0.538462}",0,b,exact,1,semantic_bus_hypothesis_v1
arithmetic_shifted_add_w2__resub__whole_output_cone__inf__output__y,arithmetic_shifted_add_w2__resub__whole_output_cone,inferred_bus_mode,false,true,output,output,"[""y_0"",""y_1"",""y_2"",""y_3""]","[""y_0"",""y_1"",""y_2"",""y_3""]",4,lsb_to_msb,unknown,0.734470,1.000000,1.000000,"[""name_prefix"",""index_contiguity"",""structural_similarity""]","{""index_contiguity_score"":1.0,""name_prefix"":""y"",""name_prefix_score"":1.0,""structural_similarity_score"":0.114899}",0,y,exact,1,semantic_bus_hypothesis_v1
arithmetic_shifted_add_w2__resyn__whole_output_cone__inf__input__b,arithmetic_shifted_add_w2__resyn__whole_output_cone,inferred_bus_mode,false,true,input,data_operand,"[""b_0"",""b_1""]","[""b_0"",""b_1""]",2,lsb_to_msb,unknown,0.838462,1.000000,0.800000,"[""name_prefix"",""index_contiguity"",""structural_similarity""]","{""index_contiguity_score"":1.0,""name_prefix"":""b"",""name_prefix_score"":1.0,""structural_similarity_score"":0.461538}",0,b,exact,1,semantic_bus_hypothesis_v1
arithmetic_shifted_add_w2__resyn__whole_output_cone__inf__output__y,arithmetic_shifted_add_w2__resyn__whole_output_cone,inferred_bus_mode,false,true,output,output,"[""y_0"",""y_1"",""y_2"",""y_3""]","[""y_0"",""y_1"",""y_2"",""y_3""]",4,lsb_to_msb,unknown,0.734470,1.000000,1.000000,"[""name_prefix"",""index_contiguity"",""structural_similarity""]","{""index_contiguity_score"":1.0,""name_prefix"":""y"",""name_prefix_score"":1.0,""structural_similarity_score"":0.114899}",0,y,exact,1,semantic_bus_hypothesis_v1
arithmetic_shifted_add_w2__resyn2__whole_output_cone__inf__input__b,arithmetic_shifted_add_w2__resyn2__whole_output_cone,inferred_bus_mode,false,true,input,data_operand,"[""b_0"",""b_1""]","[""b_0"",""b_1""]",2,lsb_to_msb,unknown,0.812500,1.000000,0.800000,"[""name_prefix"",""index_contiguity"",""structural_similarity""]","{""index_contiguity_score"":1.0,""name_prefix"":""b"",""name_prefix_score"":1.0,""structural_similarity_score"":0.375}",0,b,exact,1,semantic_bus_hypothesis_v1
arithmetic_shifted_add_w2__resyn2__whole_output_cone__inf__output__y,arithmetic_shifted_add_w2__resyn2__whole_output_cone,inferred_bus_mode,false,true,output,output,"[""y_0"",""y_1"",""y_2"",""y_3""]","[""y_0"",""y_1"",""y_2"",""y_3""]",4,lsb_to_msb,unknown,0.773810,1.000000,1.000000,"[""name_prefix"",""index_contiguity"",""structural_similarity""]","{""index_contiguity_score"":1.0,""name_prefix"":""y"",""name_prefix_score"":1.0,""structural_similarity_score"":0.246032}",0,y,exact,1,semantic_bus_hypothesis_v1
arithmetic_shifted_add_w2__rewrite__whole_output_cone__inf__input__b,arithmetic_shifted_add_w2__rewrite__whole_output_cone,inferred_bus_mode,false,true,input,data_operand,"[""b_0"",""b_1""]","[""b_0"",""b_1""]",2,lsb_to_msb,unknown,0.861538,1.000000,0.800000,"[""name_prefix"",""index_contiguity"",""structural_similarity""]","{""index_contiguity_score"":1.0,""name_prefix"":""b"",""name_prefix_score"":1.0,""structural_similarity_score"":0.538462}",0,b,exact,1,semantic_bus_hypothesis_v1
arithmetic_shifted_add_w2__rewrite__whole_output_cone__inf__output__y,arithmetic_shifted_add_w2__rewrite__whole_output_cone,inferred_bus_mode,false,true,output,output,"[""y_0"",""y_1"",""y_2"",""y_3""]","[""y_0"",""y_1"",""y_2"",""y_3""]",4,lsb_to_msb,unknown,0.734470,1.000000,1.000000,"[""name_prefix"",""index_contiguity"",""structural_similarity""]","{""index_contiguity_score"":1.0,""name_prefix"":""y"",""name_prefix_score"":1.0,""structural_similarity_score"":0.114899}",0,y,exact,1,semantic_bus_hypothesis_v1
arithmetic_shifted_add_w3__identity__ground_truth_region__inf__input__a,arithmetic_shifted_add_w3__identity__ground_truth_region,inferred_bus_mode,false,true,input,data_operand,"[""a_0"",""a_1"",""a_2""]","[""a_0"",""a_1"",""a_2""]",3,lsb_to_msb,unknown,0.914286,1.000000,0.800000,"[""name_prefix"",""index_contiguity"",""structural_similarity""]","{""index_contiguity_score"":1.0,""name_prefix"":""a"",""name_prefix_score"":1.0,""structural_similarity_score"":0.714286}",0,a,exact,1,semantic_bus_hypothesis_v1
arithmetic_shifted_add_w3__identity__ground_truth_region__inf__output__y,arithmetic_shifted_add_w3__identity__ground_truth_region,inferred_bus_mode,false,true,output,output,"[""y_0"",""y_1"",""y_2"",""y_3"",""y_4""]","[""y_0"",""y_1"",""y_2"",""y_3"",""y_4""]",5,lsb_to_msb,unknown,0.925000,1.000000,1.000000,"[""name_prefix"",""index_contiguity"",""structural_similarity""]","{""index_contiguity_score"":1.0,""name_prefix"":""y"",""name_prefix_score"":1.0,""structural_similarity_score"":0.75}",0,y,exact,1,semantic_bus_hypothesis_v1
arithmetic_shifted_add_w3__identity__whole_output_cone__inf__input__a,arithmetic_shifted_add_w3__identity__whole_output_cone,inferred_bus_mode,false,true,input,data_operand,"[""a_0"",""a_1"",""a_2""]","[""a_0"",""a_1"",""a_2""]",3,lsb_to_msb,unknown,0.914286,1.000000,0.800000,"[""name_prefix"",""index_contiguity"",""structural_similarity""]","{""index_contiguity_score"":1.0,""name_prefix"":""a"",""name_prefix_score"":1.0,""structural_similarity_score"":0.714286}",0,a,exact,1,semantic_bus_hypothesis_v1
arithmetic_shifted_add_w3__identity__whole_output_cone__inf__output__y,arithmetic_shifted_add_w3__identity__whole_output_cone,inferred_bus_mode,false,true,output,output,"[""y_0"",""y_1"",""y_2"",""y_3"",""y_4""]","[""y_0"",""y_1"",""y_2"",""y_3"",""y_4""]",5,lsb_to_msb,unknown,0.925000,1.000000,1.000000,"[""name_prefix"",""index_contiguity"",""structural_similarity""]","{""index_contiguity_score"":1.0,""name_prefix"":""y"",""name_prefix_score"":1.0,""structural_similarity_score"":0.75}",0,y,exact,1,semantic_bus_hypothesis_v1
arithmetic_shifted_add_w4__identity__ground_truth_region__inf__input__a,arithmetic_shifted_add_w4__identity__ground_truth_region,inferred_bus_mode,false,true,input,data_operand,"[""a_0"",""a_1"",""a_2"",""a_3""]","[""a_0"",""a_1"",""a_2"",""a_3""]",4,lsb_to_msb,unknown,0.925000,1.000000,0.800000,"[""name_prefix"",""index_contiguity"",""structural_similarity""]","{""index_contiguity_score"":1.0,""name_prefix"":""a"",""name_prefix_score"":1.0,""structural_similarity_score"":0.75}",0,a,exact,1,semantic_bus_hypothesis_v1
arithmetic_shifted_add_w4__identity__ground_truth_region__inf__output__y,arithmetic_shifted_add_w4__identity__ground_truth_region,inferred_bus_mode,false,true,output,output,"[""y_0"",""y_1"",""y_2"",""y_3"",""y_4"",""y_5""]","[""y_0"",""y_1"",""y_2"",""y_3"",""y_4"",""y_5""]",6,lsb_to_msb,unknown,0.940000,1.000000,1.000000,"[""name_prefix"",""index_contiguity"",""structural_similarity""]","{""index_contiguity_score"":1.0,""name_prefix"":""y"",""name_prefix_score"":1.0,""structural_similarity_score"":0.8}",0,y,exact,1,semantic_bus_hypothesis_v1
arithmetic_shifted_add_w4__identity__whole_output_cone__inf__input__a,arithmetic_shifted_add_w4__identity__whole_output_cone,inferred_bus_mode,false,true,input,data_operand,"[""a_0"",""a_1"",""a_2"",""a_3""]","[""a_0"",""a_1"",""a_2"",""a_3""]",4,lsb_to_msb,unknown,0.925000,1.000000,0.800000,"[""name_prefix"",""index_contiguity"",""structural_similarity""]","{""index_contiguity_score"":1.0,""name_prefix"":""a"",""name_prefix_score"":1.0,""structural_similarity_score"":0.75}",0,a,exact,1,semantic_bus_hypothesis_v1
arithmetic_shifted_add_w4__identity__whole_output_cone__inf__output__y,arithmetic_shifted_add_w4__identity__whole_output_cone,inferred_bus_mode,false,true,output,output,"[""y_0"",""y_1"",""y_2"",""y_3"",""y_4"",""y_5""]","[""y_0"",""y_1"",""y_2"",""y_3"",""y_4"",""y_5""]",6,lsb_to_msb,unknown,0.940000,1.000000,1.000000,"[""name_prefix"",""index_contiguity"",""structural_similarity""]","{""index_contiguity_score"":1.0,""name_prefix"":""y"",""name_prefix_score"":1.0,""structural_similarity_score"":0.8}",0,y,exact,1,semantic_bus_hypothesis_v1
arithmetic_signed_add_w2__balance__whole_output_cone__inf__input__b,arithmetic_signed_add_w2__balance__whole_output_cone,inferred_bus_mode,false,true,input,data_operand,"[""b_0"",""b_1""]","[""b_0"",""b_1""]",2,lsb_to_msb,unknown,0.850000,1.000000,0.800000,"[""name_prefix"",""index_contiguity"",""structural_similarity""]","{""index_contiguity_score"":1.0,""name_prefix"":""b"",""name_prefix_score"":1.0,""structural_similarity_score"":0.5}",0,b,exact,1,semantic_bus_hypothesis_v1
arithmetic_signed_add_w2__balance__whole_output_cone__inf__output__y,arithmetic_signed_add_w2__balance__whole_output_cone,inferred_bus_mode,false,true,output,output,"[""y_0"",""y_1"",""y_2""]","[""y_0"",""y_1"",""y_2""]",3,lsb_to_msb,unknown,0.752664,1.000000,1.000000,"[""name_prefix"",""index_contiguity"",""structural_similarity""]","{""index_contiguity_score"":1.0,""name_prefix"":""y"",""name_prefix_score"":1.0,""structural_similarity_score"":0.175546}",0,y,exact,1,semantic_bus_hypothesis_v1
arithmetic_signed_add_w2__compress2rs__whole_output_cone__inf__input__a,arithmetic_signed_add_w2__compress2rs__whole_output_cone,inferred_bus_mode,false,true,input,data_operand,"[""a_0"",""a_1""]","[""a_0"",""a_1""]",2,lsb_to_msb,unknown,0.800000,1.000000,0.800000,"[""name_prefix"",""index_contiguity"",""structural_similarity""]","{""index_contiguity_score"":1.0,""name_prefix"":""a"",""name_prefix_score"":1.0,""structural_similarity_score"":0.333333}",0,a,exact,1,semantic_bus_hypothesis_v1
arithmetic_signed_add_w2__compress2rs__whole_output_cone__inf__output__y,arithmetic_signed_add_w2__compress2rs__whole_output_cone,inferred_bus_mode,false,true,output,output,"[""y_0"",""y_1"",""y_2""]","[""y_0"",""y_1"",""y_2""]",3,lsb_to_msb,unknown,0.823077,1.000000,1.000000,"[""name_prefix"",""index_contiguity"",""structural_similarity""]","{""index_contiguity_score"":1.0,""name_prefix"":""y"",""name_prefix_score"":1.0,""structural_similarity_score"":0.410256}",0,y,exact,1,semantic_bus_hypothesis_v1
arithmetic_signed_add_w2__dc2__whole_output_cone__inf__input__a,arithmetic_signed_add_w2__dc2__whole_output_cone,inferred_bus_mode,false,true,input,data_operand,"[""a_0"",""a_1""]","[""a_0"",""a_1""]",2,lsb_to_msb,unknown,0.815385,1.000000,0.800000,"[""name_prefix"",""index_contiguity"",""structural_similarity""]","{""index_contiguity_score"":1.0,""name_prefix"":""a"",""name_prefix_score"":1.0,""structural_similarity_score"":0.384615}",0,a,exact,1,semantic_bus_hypothesis_v1
arithmetic_signed_add_w2__dc2__whole_output_cone__inf__output__y,arithmetic_signed_add_w2__dc2__whole_output_cone,inferred_bus_mode,false,true,output,output,"[""y_0"",""y_1"",""y_2""]","[""y_0"",""y_1"",""y_2""]",3,lsb_to_msb,unknown,0.804196,1.000000,1.000000,"[""name_prefix"",""index_contiguity"",""structural_similarity""]","{""index_contiguity_score"":1.0,""name_prefix"":""y"",""name_prefix_score"":1.0,""structural_similarity_score"":0.347319}",0,y,exact,1,semantic_bus_hypothesis_v1
arithmetic_signed_add_w2__identity__ground_truth_region__inf__input__a,arithmetic_signed_add_w2__identity__ground_truth_region,inferred_bus_mode,false,true,input,data_operand,"[""a_0"",""a_1""]","[""a_0"",""a_1""]",2,lsb_to_msb,unknown,0.880000,1.000000,0.800000,"[""name_prefix"",""index_contiguity"",""structural_similarity""]","{""index_contiguity_score"":1.0,""name_prefix"":""a"",""name_prefix_score"":1.0,""structural_similarity_score"":0.6}",0,a,exact,1,semantic_bus_hypothesis_v1
arithmetic_signed_add_w2__identity__ground_truth_region__inf__output__y,arithmetic_signed_add_w2__identity__ground_truth_region,inferred_bus_mode,false,true,output,output,"[""y_0"",""y_1"",""y_2""]","[""y_0"",""y_1"",""y_2""]",3,lsb_to_msb,unknown,0.900000,1.000000,1.000000,"[""name_prefix"",""index_contiguity"",""structural_similarity""]","{""index_contiguity_score"":1.0,""name_prefix"":""y"",""name_prefix_score"":1.0,""structural_similarity_score"":0.666667}",0,y,exact,1,semantic_bus_hypothesis_v1
arithmetic_signed_add_w2__identity__whole_output_cone__inf__input__a,arithmetic_signed_add_w2__identity__whole_output_cone,inferred_bus_mode,false,true,input,data_operand,"[""a_0"",""a_1""]","[""a_0"",""a_1""]",2,lsb_to_msb,unknown,0.880000,1.000000,0.800000,"[""name_prefix"",""index_contiguity"",""structural_similarity""]","{""index_contiguity_score"":1.0,""name_prefix"":""a"",""name_prefix_score"":1.0,""structural_similarity_score"":0.6}",0,a,exact,1,semantic_bus_hypothesis_v1
arithmetic_signed_add_w2__identity__whole_output_cone__inf__output__y,arithmetic_signed_add_w2__identity__whole_output_cone,inferred_bus_mode,false,true,output,output,"[""y_0"",""y_1"",""y_2""]","[""y_0"",""y_1"",""y_2""]",3,lsb_to_msb,unknown,0.900000,1.000000,1.000000,"[""name_prefix"",""index_contiguity"",""structural_similarity""]","{""index_contiguity_score"":1.0,""name_prefix"":""y"",""name_prefix_score"":1.0,""structural_similarity_score"":0.666667}",0,y,exact,1,semantic_bus_hypothesis_v1
arithmetic_signed_add_w2__refactor__whole_output_cone__inf__input__b,arithmetic_signed_add_w2__refactor__whole_output_cone,inferred_bus_mode,false,true,input,data_operand,"[""b_0"",""b_1""]","[""b_0"",""b_1""]",2,lsb_to_msb,unknown,0.810526,1.000000,0.800000,"[""name_prefix"",""index_contiguity"",""structural_similarity""]","{""index_contiguity_score"":1.0,""name_prefix"":""b"",""name_prefix_score"":1.0,""structural_similarity_score"":0.368421}",0,b,exact,1,semantic_bus_hypothesis_v1
arithmetic_signed_add_w2__refactor__whole_output_cone__inf__output__y,arithmetic_signed_add_w2__refactor__whole_output_cone,inferred_bus_mode,false,true,output,output,"[""y_0"",""y_1"",""y_2""]","[""y_0"",""y_1"",""y_2""]",3,lsb_to_msb,unknown,0.761111,1.000000,1.000000,"[""name_prefix"",""index_contiguity"",""structural_similarity""]","{""index_contiguity_score"":1.0,""name_prefix"":""y"",""name_prefix_score"":1.0,""structural_similarity_score"":0.203704}",0,y,exact,1,semantic_bus_hypothesis_v1
arithmetic_signed_add_w2__resub__whole_output_cone__inf__input__b,arithmetic_signed_add_w2__resub__whole_output_cone,inferred_bus_mode,false,true,input,data_operand,"[""b_0"",""b_1""]","[""b_0"",""b_1""]",2,lsb_to_msb,unknown,0.850000,1.000000,0.800000,"[""name_prefix"",""index_contiguity"",""structural_similarity""]","{""index_contiguity_score"":1.0,""name_prefix"":""b"",""name_prefix_score"":1.0,""structural_similarity_score"":0.5}",0,b,exact,1,semantic_bus_hypothesis_v1
arithmetic_signed_add_w2__resub__whole_output_cone__inf__output__y,arithmetic_signed_add_w2__resub__whole_output_cone,inferred_bus_mode,false,true,output,output,"[""y_0"",""y_1"",""y_2""]","[""y_0"",""y_1"",""y_2""]",3,lsb_to_msb,unknown,0.771955,1.000000,1.000000,"[""name_prefix"",""index_contiguity"",""structural_similarity""]","{""index_contiguity_score"":1.0,""name_prefix"":""y"",""name_prefix_score"":1.0,""structural_similarity_score"":0.23985}",0,y,exact,1,semantic_bus_hypothesis_v1
arithmetic_signed_add_w2__resyn__whole_output_cone__inf__input__a,arithmetic_signed_add_w2__resyn__whole_output_cone,inferred_bus_mode,false,true,input,data_operand,"[""a_0"",""a_1""]","[""a_0"",""a_1""]",2,lsb_to_msb,unknown,0.831250,1.000000,0.800000,"[""name_prefix"",""index_contiguity"",""structural_similarity""]","{""index_contiguity_score"":1.0,""name_prefix"":""a"",""name_prefix_score"":1.0,""structural_similarity_score"":0.4375}",0,a,exact,1,semantic_bus_hypothesis_v1
arithmetic_signed_add_w2__resyn__whole_output_cone__inf__output__y,arithmetic_signed_add_w2__resyn__whole_output_cone,inferred_bus_mode,false,true,output,output,"[""y_0"",""y_1"",""y_2""]","[""y_0"",""y_1"",""y_2""]",3,lsb_to_msb,unknown,0.764286,1.000000,1.000000,"[""name_prefix"",""index_contiguity"",""structural_similarity""]","{""index_contiguity_score"":1.0,""name_prefix"":""y"",""name_prefix_score"":1.0,""structural_similarity_score"":0.214286}",0,y,exact,1,semantic_bus_hypothesis_v1
arithmetic_signed_add_w2__resyn2__whole_output_cone__inf__input__a,arithmetic_signed_add_w2__resyn2__whole_output_cone,inferred_bus_mode,false,true,input,data_operand,"[""a_0"",""a_1""]","[""a_0"",""a_1""]",2,lsb_to_msb,unknown,0.815385,1.000000,0.800000,"[""name_prefix"",""index_contiguity"",""structural_similarity""]","{""index_contiguity_score"":1.0,""name_prefix"":""a"",""name_prefix_score"":1.0,""structural_similarity_score"":0.384615}",0,a,exact,1,semantic_bus_hypothesis_v1
arithmetic_signed_add_w2__resyn2__whole_output_cone__inf__output__y,arithmetic_signed_add_w2__resyn2__whole_output_cone,inferred_bus_mode,false,true,output,output,"[""y_0"",""y_1"",""y_2""]","[""y_0"",""y_1"",""y_2""]",3,lsb_to_msb,unknown,0.804196,1.000000,1.000000,"[""name_prefix"",""index_contiguity"",""structural_similarity""]","{""index_contiguity_score"":1.0,""name_prefix"":""y"",""name_prefix_score"":1.0,""structural_similarity_score"":0.347319}",0,y,exact,1,semantic_bus_hypothesis_v1
arithmetic_signed_add_w2__rewrite__whole_output_cone__inf__input__a,arithmetic_signed_add_w2__rewrite__whole_output_cone,inferred_bus_mode,false,true,input,data_operand,"[""a_0"",""a_1""]","[""a_0"",""a_1""]",2,lsb_to_msb,unknown,0.793750,1.000000,0.800000,"[""name_prefix"",""index_contiguity"",""structural_similarity""]","{""index_contiguity_score"":1.0,""name_prefix"":""a"",""name_prefix_score"":1.0,""structural_similarity_score"":0.3125}",0,a,exact,1,semantic_bus_hypothesis_v1
arithmetic_signed_add_w2__rewrite__whole_output_cone__inf__output__y,arithmetic_signed_add_w2__rewrite__whole_output_cone,inferred_bus_mode,false,true,output,output,"[""y_0"",""y_1"",""y_2""]","[""y_0"",""y_1"",""y_2""]",3,lsb_to_msb,unknown,0.764286,1.000000,1.000000,"[""name_prefix"",""index_contiguity"",""structural_similarity""]","{""index_contiguity_score"":1.0,""name_prefix"":""y"",""name_prefix_score"":1.0,""structural_similarity_score"":0.214286}",0,y,exact,1,semantic_bus_hypothesis_v1
arithmetic_signed_add_w3__identity__ground_truth_region__inf__input__a,arithmetic_signed_add_w3__identity__ground_truth_region,inferred_bus_mode,false,true,input,data_operand,"[""a_0"",""a_1"",""a_2""]","[""a_0"",""a_1"",""a_2""]",3,lsb_to_msb,unknown,0.900000,1.000000,0.800000,"[""name_prefix"",""index_contiguity"",""structural_similarity""]","{""index_contiguity_score"":1.0,""name_prefix"":""a"",""name_prefix_score"":1.0,""structural_similarity_score"":0.666667}",0,a,exact,1,semantic_bus_hypothesis_v1
arithmetic_signed_add_w3__identity__ground_truth_region__inf__output__y,arithmetic_signed_add_w3__identity__ground_truth_region,inferred_bus_mode,false,true,output,output,"[""y_0"",""y_1"",""y_2"",""y_3""]","[""y_0"",""y_1"",""y_2"",""y_3""]",4,lsb_to_msb,unknown,0.925000,1.000000,1.000000,"[""name_prefix"",""index_contiguity"",""structural_similarity""]","{""index_contiguity_score"":1.0,""name_prefix"":""y"",""name_prefix_score"":1.0,""structural_similarity_score"":0.75}",0,y,exact,1,semantic_bus_hypothesis_v1
arithmetic_signed_add_w3__identity__whole_output_cone__inf__input__a,arithmetic_signed_add_w3__identity__whole_output_cone,inferred_bus_mode,false,true,input,data_operand,"[""a_0"",""a_1"",""a_2""]","[""a_0"",""a_1"",""a_2""]",3,lsb_to_msb,unknown,0.900000,1.000000,0.800000,"[""name_prefix"",""index_contiguity"",""structural_similarity""]","{""index_contiguity_score"":1.0,""name_prefix"":""a"",""name_prefix_score"":1.0,""structural_similarity_score"":0.666667}",0,a,exact,1,semantic_bus_hypothesis_v1
arithmetic_signed_add_w3__identity__whole_output_cone__inf__output__y,arithmetic_signed_add_w3__identity__whole_output_cone,inferred_bus_mode,false,true,output,output,"[""y_0"",""y_1"",""y_2"",""y_3""]","[""y_0"",""y_1"",""y_2"",""y_3""]",4,lsb_to_msb,unknown,0.925000,1.000000,1.000000,"[""name_prefix"",""index_contiguity"",""structural_similarity""]","{""index_contiguity_score"":1.0,""name_prefix"":""y"",""name_prefix_score"":1.0,""structural_similarity_score"":0.75}",0,y,exact,1,semantic_bus_hypothesis_v1
arithmetic_signed_add_w4__identity__ground_truth_region__inf__input__a,arithmetic_signed_add_w4__identity__ground_truth_region,inferred_bus_mode,false,true,input,data_operand,"[""a_0"",""a_1"",""a_2"",""a_3""]","[""a_0"",""a_1"",""a_2"",""a_3""]",4,lsb_to_msb,unknown,0.914286,1.000000,0.800000,"[""name_prefix"",""index_contiguity"",""structural_similarity""]","{""index_contiguity_score"":1.0,""name_prefix"":""a"",""name_prefix_score"":1.0,""structural_similarity_score"":0.714286}",0,a,exact,1,semantic_bus_hypothesis_v1
arithmetic_signed_add_w4__identity__ground_truth_region__inf__output__y,arithmetic_signed_add_w4__identity__ground_truth_region,inferred_bus_mode,false,true,output,output,"[""y_0"",""y_1"",""y_2"",""y_3"",""y_4""]","[""y_0"",""y_1"",""y_2"",""y_3"",""y_4""]",5,lsb_to_msb,unknown,0.940000,1.000000,1.000000,"[""name_prefix"",""index_contiguity"",""structural_similarity""]","{""index_contiguity_score"":1.0,""name_prefix"":""y"",""name_prefix_score"":1.0,""structural_similarity_score"":0.8}",0,y,exact,1,semantic_bus_hypothesis_v1
arithmetic_signed_add_w4__identity__whole_output_cone__inf__input__a,arithmetic_signed_add_w4__identity__whole_output_cone,inferred_bus_mode,false,true,input,data_operand,"[""a_0"",""a_1"",""a_2"",""a_3""]","[""a_0"",""a_1"",""a_2"",""a_3""]",4,lsb_to_msb,unknown,0.914286,1.000000,0.800000,"[""name_prefix"",""index_contiguity"",""structural_similarity""]","{""index_contiguity_score"":1.0,""name_prefix"":""a"",""name_prefix_score"":1.0,""structural_similarity_score"":0.714286}",0,a,exact,1,semantic_bus_hypothesis_v1
arithmetic_signed_add_w4__identity__whole_output_cone__inf__output__y,arithmetic_signed_add_w4__identity__whole_output_cone,inferred_bus_mode,false,true,output,output,"[""y_0"",""y_1"",""y_2"",""y_3"",""y_4""]","[""y_0"",""y_1"",""y_2"",""y_3"",""y_4""]",5,lsb_to_msb,unknown,0.940000,1.000000,1.000000,"[""name_prefix"",""index_contiguity"",""structural_similarity""]","{""index_contiguity_score"":1.0,""name_prefix"":""y"",""name_prefix_score"":1.0,""structural_similarity_score"":0.8}",0,y,exact,1,semantic_bus_hypothesis_v1
arithmetic_sub_w2__balance__whole_output_cone__inf__input__b,arithmetic_sub_w2__balance__whole_output_cone,inferred_bus_mode,false,true,input,data_operand,"[""b_0"",""b_1""]","[""b_0"",""b_1""]",2,lsb_to_msb,unknown,0.814286,1.000000,0.800000,"[""name_prefix"",""index_contiguity"",""structural_similarity""]","{""index_contiguity_score"":1.0,""name_prefix"":""b"",""name_prefix_score"":1.0,""structural_similarity_score"":0.380952}",0,b,exact,1,semantic_bus_hypothesis_v1
arithmetic_sub_w2__balance__whole_output_cone__inf__output__y,arithmetic_sub_w2__balance__whole_output_cone,inferred_bus_mode,false,true,output,output,"[""y_0"",""y_1"",""y_2""]","[""y_0"",""y_1"",""y_2""]",3,lsb_to_msb,unknown,0.768315,1.000000,1.000000,"[""name_prefix"",""index_contiguity"",""structural_similarity""]","{""index_contiguity_score"":1.0,""name_prefix"":""y"",""name_prefix_score"":1.0,""structural_similarity_score"":0.227717}",0,y,exact,1,semantic_bus_hypothesis_v1
arithmetic_sub_w2__compress2rs__whole_output_cone__inf__input__a,arithmetic_sub_w2__compress2rs__whole_output_cone,inferred_bus_mode,false,true,input,data_operand,"[""a_0"",""a_1""]","[""a_0"",""a_1""]",2,lsb_to_msb,unknown,0.800000,1.000000,0.800000,"[""name_prefix"",""index_contiguity"",""structural_similarity""]","{""index_contiguity_score"":1.0,""name_prefix"":""a"",""name_prefix_score"":1.0,""structural_similarity_score"":0.333333}",0,a,exact,1,semantic_bus_hypothesis_v1
arithmetic_sub_w2__compress2rs__whole_output_cone__inf__output__y,arithmetic_sub_w2__compress2rs__whole_output_cone,inferred_bus_mode,false,true,output,output,"[""y_0"",""y_1"",""y_2""]","[""y_0"",""y_1"",""y_2""]",3,lsb_to_msb,unknown,0.823077,1.000000,1.000000,"[""name_prefix"",""index_contiguity"",""structural_similarity""]","{""index_contiguity_score"":1.0,""name_prefix"":""y"",""name_prefix_score"":1.0,""structural_similarity_score"":0.410256}",0,y,exact,1,semantic_bus_hypothesis_v1
arithmetic_sub_w2__dc2__whole_output_cone__inf__input__a,arithmetic_sub_w2__dc2__whole_output_cone,inferred_bus_mode,false,true,input,data_operand,"[""a_0"",""a_1""]","[""a_0"",""a_1""]",2,lsb_to_msb,unknown,0.815385,1.000000,0.800000,"[""name_prefix"",""index_contiguity"",""structural_similarity""]","{""index_contiguity_score"":1.0,""name_prefix"":""a"",""name_prefix_score"":1.0,""structural_similarity_score"":0.384615}",0,a,exact,1,semantic_bus_hypothesis_v1
arithmetic_sub_w2__dc2__whole_output_cone__inf__output__y,arithmetic_sub_w2__dc2__whole_output_cone,inferred_bus_mode,false,true,output,output,"[""y_0"",""y_1"",""y_2""]","[""y_0"",""y_1"",""y_2""]",3,lsb_to_msb,unknown,0.804196,1.000000,1.000000,"[""name_prefix"",""index_contiguity"",""structural_similarity""]","{""index_contiguity_score"":1.0,""name_prefix"":""y"",""name_prefix_score"":1.0,""structural_similarity_score"":0.347319}",0,y,exact,1,semantic_bus_hypothesis_v1
arithmetic_sub_w2__identity__ground_truth_region__inf__input__a,arithmetic_sub_w2__identity__ground_truth_region,inferred_bus_mode,false,true,input,data_operand,"[""a_0"",""a_1""]","[""a_0"",""a_1""]",2,lsb_to_msb,unknown,0.880000,1.000000,0.800000,"[""name_prefix"",""index_contiguity"",""structural_similarity""]","{""index_contiguity_score"":1.0,""name_prefix"":""a"",""name_prefix_score"":1.0,""structural_similarity_score"":0.6}",0,a,exact,1,semantic_bus_hypothesis_v1
arithmetic_sub_w2__identity__ground_truth_region__inf__output__y,arithmetic_sub_w2__identity__ground_truth_region,inferred_bus_mode,false,true,output,output,"[""y_0"",""y_1"",""y_2""]","[""y_0"",""y_1"",""y_2""]",3,lsb_to_msb,unknown,0.900000,1.000000,1.000000,"[""name_prefix"",""index_contiguity"",""structural_similarity""]","{""index_contiguity_score"":1.0,""name_prefix"":""y"",""name_prefix_score"":1.0,""structural_similarity_score"":0.666667}",0,y,exact,1,semantic_bus_hypothesis_v1
arithmetic_sub_w2__identity__whole_output_cone__inf__input__a,arithmetic_sub_w2__identity__whole_output_cone,inferred_bus_mode,false,true,input,data_operand,"[""a_0"",""a_1""]","[""a_0"",""a_1""]",2,lsb_to_msb,unknown,0.880000,1.000000,0.800000,"[""name_prefix"",""index_contiguity"",""structural_similarity""]","{""index_contiguity_score"":1.0,""name_prefix"":""a"",""name_prefix_score"":1.0,""structural_similarity_score"":0.6}",0,a,exact,1,semantic_bus_hypothesis_v1
arithmetic_sub_w2__identity__whole_output_cone__inf__output__y,arithmetic_sub_w2__identity__whole_output_cone,inferred_bus_mode,false,true,output,output,"[""y_0"",""y_1"",""y_2""]","[""y_0"",""y_1"",""y_2""]",3,lsb_to_msb,unknown,0.900000,1.000000,1.000000,"[""name_prefix"",""index_contiguity"",""structural_similarity""]","{""index_contiguity_score"":1.0,""name_prefix"":""y"",""name_prefix_score"":1.0,""structural_similarity_score"":0.666667}",0,y,exact,1,semantic_bus_hypothesis_v1
arithmetic_sub_w2__refactor__whole_output_cone__inf__input__b,arithmetic_sub_w2__refactor__whole_output_cone,inferred_bus_mode,false,true,input,data_operand,"[""b_0"",""b_1""]","[""b_0"",""b_1""]",2,lsb_to_msb,unknown,0.842105,1.000000,0.800000,"[""name_prefix"",""index_contiguity"",""structural_similarity""]","{""index_contiguity_score"":1.0,""name_prefix"":""b"",""name_prefix_score"":1.0,""structural_similarity_score"":0.473684}",0,b,exact,1,semantic_bus_hypothesis_v1
arithmetic_sub_w2__refactor__whole_output_cone__inf__output__y,arithmetic_sub_w2__refactor__whole_output_cone,inferred_bus_mode,false,true,output,output,"[""y_0"",""y_1"",""y_2""]","[""y_0"",""y_1"",""y_2""]",3,lsb_to_msb,unknown,0.756437,1.000000,1.000000,"[""name_prefix"",""index_contiguity"",""structural_similarity""]","{""index_contiguity_score"":1.0,""name_prefix"":""y"",""name_prefix_score"":1.0,""structural_similarity_score"":0.188124}",0,y,exact,1,semantic_bus_hypothesis_v1
arithmetic_sub_w2__resub__whole_output_cone__inf__input__b,arithmetic_sub_w2__resub__whole_output_cone,inferred_bus_mode,false,true,input,data_operand,"[""b_0"",""b_1""]","[""b_0"",""b_1""]",2,lsb_to_msb,unknown,0.841176,1.000000,0.800000,"[""name_prefix"",""index_contiguity"",""structural_similarity""]","{""index_contiguity_score"":1.0,""name_prefix"":""b"",""name_prefix_score"":1.0,""structural_similarity_score"":0.470588}",0,b,exact,1,semantic_bus_hypothesis_v1
arithmetic_sub_w2__resub__whole_output_cone__inf__output__y,arithmetic_sub_w2__resub__whole_output_cone,inferred_bus_mode,false,true,output,output,"[""y_0"",""y_1"",""y_2""]","[""y_0"",""y_1"",""y_2""]",3,lsb_to_msb,unknown,0.798612,1.000000,1.000000,"[""name_prefix"",""index_contiguity"",""structural_similarity""]","{""index_contiguity_score"":1.0,""name_prefix"":""y"",""name_prefix_score"":1.0,""structural_similarity_score"":0.328708}",0,y,exact,1,semantic_bus_hypothesis_v1
arithmetic_sub_w2__resyn__whole_output_cone__inf__input__a,arithmetic_sub_w2__resyn__whole_output_cone,inferred_bus_mode,false,true,input,data_operand,"[""a_0"",""a_1""]","[""a_0"",""a_1""]",2,lsb_to_msb,unknown,0.815385,1.000000,0.800000,"[""name_prefix"",""index_contiguity"",""structural_similarity""]","{""index_contiguity_score"":1.0,""name_prefix"":""a"",""name_prefix_score"":1.0,""structural_similarity_score"":0.384615}",0,a,exact,1,semantic_bus_hypothesis_v1
arithmetic_sub_w2__resyn__whole_output_cone__inf__output__y,arithmetic_sub_w2__resyn__whole_output_cone,inferred_bus_mode,false,true,output,output,"[""y_0"",""y_1"",""y_2""]","[""y_0"",""y_1"",""y_2""]",3,lsb_to_msb,unknown,0.804196,1.000000,1.000000,"[""name_prefix"",""index_contiguity"",""structural_similarity""]","{""index_contiguity_score"":1.0,""name_prefix"":""y"",""name_prefix_score"":1.0,""structural_similarity_score"":0.347319}",0,y,exact,1,semantic_bus_hypothesis_v1
arithmetic_sub_w2__resyn2__whole_output_cone__inf__input__a,arithmetic_sub_w2__resyn2__whole_output_cone,inferred_bus_mode,false,true,input,data_operand,"[""a_0"",""a_1""]","[""a_0"",""a_1""]",2,lsb_to_msb,unknown,0.815385,1.000000,0.800000,"[""name_prefix"",""index_contiguity"",""structural_similarity""]","{""index_contiguity_score"":1.0,""name_prefix"":""a"",""name_prefix_score"":1.0,""structural_similarity_score"":0.384615}",0,a,exact,1,semantic_bus_hypothesis_v1
arithmetic_sub_w2__resyn2__whole_output_cone__inf__output__y,arithmetic_sub_w2__resyn2__whole_output_cone,inferred_bus_mode,false,true,output,output,"[""y_0"",""y_1"",""y_2""]","[""y_0"",""y_1"",""y_2""]",3,lsb_to_msb,unknown,0.804196,1.000000,1.000000,"[""name_prefix"",""index_contiguity"",""structural_similarity""]","{""index_contiguity_score"":1.0,""name_prefix"":""y"",""name_prefix_score"":1.0,""structural_similarity_score"":0.347319}",0,y,exact,1,semantic_bus_hypothesis_v1
arithmetic_sub_w2__rewrite__whole_output_cone__inf__input__a,arithmetic_sub_w2__rewrite__whole_output_cone,inferred_bus_mode,false,true,input,data_operand,"[""a_0"",""a_1""]","[""a_0"",""a_1""]",2,lsb_to_msb,unknown,0.815385,1.000000,0.800000,"[""name_prefix"",""index_contiguity"",""structural_similarity""]","{""index_contiguity_score"":1.0,""name_prefix"":""a"",""name_prefix_score"":1.0,""structural_similarity_score"":0.384615}",0,a,exact,1,semantic_bus_hypothesis_v1
arithmetic_sub_w2__rewrite__whole_output_cone__inf__output__y,arithmetic_sub_w2__rewrite__whole_output_cone,inferred_bus_mode,false,true,output,output,"[""y_0"",""y_1"",""y_2""]","[""y_0"",""y_1"",""y_2""]",3,lsb_to_msb,unknown,0.804196,1.000000,1.000000,"[""name_prefix"",""index_contiguity"",""structural_similarity""]","{""index_contiguity_score"":1.0,""name_prefix"":""y"",""name_prefix_score"":1.0,""structural_similarity_score"":0.347319}",0,y,exact,1,semantic_bus_hypothesis_v1
arithmetic_sub_w3__identity__ground_truth_region__inf__input__a,arithmetic_sub_w3__identity__ground_truth_region,inferred_bus_mode,false,true,input,data_operand,"[""a_0"",""a_1"",""a_2""]","[""a_0"",""a_1"",""a_2""]",3,lsb_to_msb,unknown,0.900000,1.000000,0.800000,"[""name_prefix"",""index_contiguity"",""structural_similarity""]","{""index_contiguity_score"":1.0,""name_prefix"":""a"",""name_prefix_score"":1.0,""structural_similarity_score"":0.666667}",0,a,exact,1,semantic_bus_hypothesis_v1
arithmetic_sub_w3__identity__ground_truth_region__inf__output__y,arithmetic_sub_w3__identity__ground_truth_region,inferred_bus_mode,false,true,output,output,"[""y_0"",""y_1"",""y_2"",""y_3""]","[""y_0"",""y_1"",""y_2"",""y_3""]",4,lsb_to_msb,unknown,0.925000,1.000000,1.000000,"[""name_prefix"",""index_contiguity"",""structural_similarity""]","{""index_contiguity_score"":1.0,""name_prefix"":""y"",""name_prefix_score"":1.0,""structural_similarity_score"":0.75}",0,y,exact,1,semantic_bus_hypothesis_v1
arithmetic_sub_w3__identity__whole_output_cone__inf__input__a,arithmetic_sub_w3__identity__whole_output_cone,inferred_bus_mode,false,true,input,data_operand,"[""a_0"",""a_1"",""a_2""]","[""a_0"",""a_1"",""a_2""]",3,lsb_to_msb,unknown,0.900000,1.000000,0.800000,"[""name_prefix"",""index_contiguity"",""structural_similarity""]","{""index_contiguity_score"":1.0,""name_prefix"":""a"",""name_prefix_score"":1.0,""structural_similarity_score"":0.666667}",0,a,exact,1,semantic_bus_hypothesis_v1
arithmetic_sub_w3__identity__whole_output_cone__inf__output__y,arithmetic_sub_w3__identity__whole_output_cone,inferred_bus_mode,false,true,output,output,"[""y_0"",""y_1"",""y_2"",""y_3""]","[""y_0"",""y_1"",""y_2"",""y_3""]",4,lsb_to_msb,unknown,0.925000,1.000000,1.000000,"[""name_prefix"",""index_contiguity"",""structural_similarity""]","{""index_contiguity_score"":1.0,""name_prefix"":""y"",""name_prefix_score"":1.0,""structural_similarity_score"":0.75}",0,y,exact,1,semantic_bus_hypothesis_v1
arithmetic_sub_w4__identity__ground_truth_region__inf__input__a,arithmetic_sub_w4__identity__ground_truth_region,inferred_bus_mode,false,true,input,data_operand,"[""a_0"",""a_1"",""a_2"",""a_3""]","[""a_0"",""a_1"",""a_2"",""a_3""]",4,lsb_to_msb,unknown,0.914286,1.000000,0.800000,"[""name_prefix"",""index_contiguity"",""structural_similarity""]","{""index_contiguity_score"":1.0,""name_prefix"":""a"",""name_prefix_score"":1.0,""structural_similarity_score"":0.714286}",0,a,exact,1,semantic_bus_hypothesis_v1
arithmetic_sub_w4__identity__ground_truth_region__inf__output__y,arithmetic_sub_w4__identity__ground_truth_region,inferred_bus_mode,false,true,output,output,"[""y_0"",""y_1"",""y_2"",""y_3"",""y_4""]","[""y_0"",""y_1"",""y_2"",""y_3"",""y_4""]",5,lsb_to_msb,unknown,0.940000,1.000000,1.000000,"[""name_prefix"",""index_contiguity"",""structural_similarity""]","{""index_contiguity_score"":1.0,""name_prefix"":""y"",""name_prefix_score"":1.0,""structural_similarity_score"":0.8}",0,y,exact,1,semantic_bus_hypothesis_v1
arithmetic_sub_w4__identity__whole_output_cone__inf__input__a,arithmetic_sub_w4__identity__whole_output_cone,inferred_bus_mode,false,true,input,data_operand,"[""a_0"",""a_1"",""a_2"",""a_3""]","[""a_0"",""a_1"",""a_2"",""a_3""]",4,lsb_to_msb,unknown,0.914286,1.000000,0.800000,"[""name_prefix"",""index_contiguity"",""structural_similarity""]","{""index_contiguity_score"":1.0,""name_prefix"":""a"",""name_prefix_score"":1.0,""structural_similarity_score"":0.714286}",0,a,exact,1,semantic_bus_hypothesis_v1
arithmetic_sub_w4__identity__whole_output_cone__inf__output__y,arithmetic_sub_w4__identity__whole_output_cone,inferred_bus_mode,false,true,output,output,"[""y_0"",""y_1"",""y_2"",""y_3"",""y_4""]","[""y_0"",""y_1"",""y_2"",""y_3"",""y_4""]",5,lsb_to_msb,unknown,0.940000,1.000000,1.000000,"[""name_prefix"",""index_contiguity"",""structural_similarity""]","{""index_contiguity_score"":1.0,""name_prefix"":""y"",""name_prefix_score"":1.0,""structural_similarity_score"":0.8}",0,y,exact,1,semantic_bus_hypothesis_v1
arithmetic_truncated_multiply_w2__balance__whole_output_cone__inf__input__b,arithmetic_truncated_multiply_w2__balance__whole_output_cone,inferred_bus_mode,false,true,input,data_operand,"[""b_0"",""b_1""]","[""b_0"",""b_1""]",2,lsb_to_msb,unknown,0.875000,1.000000,0.800000,"[""name_prefix"",""index_contiguity"",""structural_similarity""]","{""index_contiguity_score"":1.0,""name_prefix"":""b"",""name_prefix_score"":1.0,""structural_similarity_score"":0.583333}",0,b,exact,1,semantic_bus_hypothesis_v1
arithmetic_truncated_multiply_w2__balance__whole_output_cone__inf__output__y,arithmetic_truncated_multiply_w2__balance__whole_output_cone,inferred_bus_mode,false,true,output,output,"[""y_0"",""y_1""]","[""y_0"",""y_1""]",2,lsb_to_msb,unknown,0.740000,1.000000,1.000000,"[""name_prefix"",""index_contiguity"",""structural_similarity""]","{""index_contiguity_score"":1.0,""name_prefix"":""y"",""name_prefix_score"":1.0,""structural_similarity_score"":0.133333}",0,y,exact,1,semantic_bus_hypothesis_v1
arithmetic_truncated_multiply_w2__compress2rs__whole_output_cone__inf__input__a,arithmetic_truncated_multiply_w2__compress2rs__whole_output_cone,inferred_bus_mode,false,true,input,data_operand,"[""a_0"",""a_1""]","[""a_0"",""a_1""]",2,lsb_to_msb,unknown,0.812500,1.000000,0.800000,"[""name_prefix"",""index_contiguity"",""structural_similarity""]","{""index_contiguity_score"":1.0,""name_prefix"":""a"",""name_prefix_score"":1.0,""structural_similarity_score"":0.375}",0,a,exact,1,semantic_bus_hypothesis_v1
arithmetic_truncated_multiply_w2__compress2rs__whole_output_cone__inf__output__y,arithmetic_truncated_multiply_w2__compress2rs__whole_output_cone,inferred_bus_mode,false,true,output,output,"[""y_0"",""y_1""]","[""y_0"",""y_1""]",2,lsb_to_msb,unknown,0.760000,1.000000,1.000000,"[""name_prefix"",""index_contiguity"",""structural_similarity""]","{""index_contiguity_score"":1.0,""name_prefix"":""y"",""name_prefix_score"":1.0,""structural_similarity_score"":0.2}",0,y,exact,1,semantic_bus_hypothesis_v1
arithmetic_truncated_multiply_w2__dc2__whole_output_cone__inf__input__a,arithmetic_truncated_multiply_w2__dc2__whole_output_cone,inferred_bus_mode,false,true,input,data_operand,"[""a_0"",""a_1""]","[""a_0"",""a_1""]",2,lsb_to_msb,unknown,0.812500,1.000000,0.800000,"[""name_prefix"",""index_contiguity"",""structural_similarity""]","{""index_contiguity_score"":1.0,""name_prefix"":""a"",""name_prefix_score"":1.0,""structural_similarity_score"":0.375}",0,a,exact,1,semantic_bus_hypothesis_v1
arithmetic_truncated_multiply_w2__dc2__whole_output_cone__inf__output__y,arithmetic_truncated_multiply_w2__dc2__whole_output_cone,inferred_bus_mode,false,true,output,output,"[""y_0"",""y_1""]","[""y_0"",""y_1""]",2,lsb_to_msb,unknown,0.760000,1.000000,1.000000,"[""name_prefix"",""index_contiguity"",""structural_similarity""]","{""index_contiguity_score"":1.0,""name_prefix"":""y"",""name_prefix_score"":1.0,""structural_similarity_score"":0.2}",0,y,exact,1,semantic_bus_hypothesis_v1
arithmetic_truncated_multiply_w2__identity__ground_truth_region__inf__input__a,arithmetic_truncated_multiply_w2__identity__ground_truth_region,inferred_bus_mode,false,true,input,data_operand,"[""a_0"",""a_1""]","[""a_0"",""a_1""]",2,lsb_to_msb,unknown,0.850000,1.000000,0.800000,"[""name_prefix"",""index_contiguity"",""structural_similarity""]","{""index_contiguity_score"":1.0,""name_prefix"":""a"",""name_prefix_score"":1.0,""structural_similarity_score"":0.5}",0,a,exact,1,semantic_bus_hypothesis_v1
arithmetic_truncated_multiply_w2__identity__ground_truth_region__inf__output__y,arithmetic_truncated_multiply_w2__identity__ground_truth_region,inferred_bus_mode,false,true,output,output,"[""y_0"",""y_1""]","[""y_0"",""y_1""]",2,lsb_to_msb,unknown,0.900000,1.000000,1.000000,"[""name_prefix"",""index_contiguity"",""structural_similarity""]","{""index_contiguity_score"":1.0,""name_prefix"":""y"",""name_prefix_score"":1.0,""structural_similarity_score"":0.666667}",0,y,exact,1,semantic_bus_hypothesis_v1
arithmetic_truncated_multiply_w2__identity__whole_output_cone__inf__input__a,arithmetic_truncated_multiply_w2__identity__whole_output_cone,inferred_bus_mode,false,true,input,data_operand,"[""a_0"",""a_1""]","[""a_0"",""a_1""]",2,lsb_to_msb,unknown,0.850000,1.000000,0.800000,"[""name_prefix"",""index_contiguity"",""structural_similarity""]","{""index_contiguity_score"":1.0,""name_prefix"":""a"",""name_prefix_score"":1.0,""structural_similarity_score"":0.5}",0,a,exact,1,semantic_bus_hypothesis_v1
arithmetic_truncated_multiply_w2__identity__whole_output_cone__inf__output__y,arithmetic_truncated_multiply_w2__identity__whole_output_cone,inferred_bus_mode,false,true,output,output,"[""y_0"",""y_1""]","[""y_0"",""y_1""]",2,lsb_to_msb,unknown,0.900000,1.000000,1.000000,"[""name_prefix"",""index_contiguity"",""structural_similarity""]","{""index_contiguity_score"":1.0,""name_prefix"":""y"",""name_prefix_score"":1.0,""structural_similarity_score"":0.666667}",0,y,exact,1,semantic_bus_hypothesis_v1
arithmetic_truncated_multiply_w2__refactor__whole_output_cone__inf__input__b,arithmetic_truncated_multiply_w2__refactor__whole_output_cone,inferred_bus_mode,false,true,input,data_operand,"[""b_0"",""b_1""]","[""b_0"",""b_1""]",2,lsb_to_msb,unknown,0.850000,1.000000,0.800000,"[""name_prefix"",""index_contiguity"",""structural_similarity""]","{""index_contiguity_score"":1.0,""name_prefix"":""b"",""name_prefix_score"":1.0,""structural_similarity_score"":0.5}",0,b,exact,1,semantic_bus_hypothesis_v1
arithmetic_truncated_multiply_w2__refactor__whole_output_cone__inf__output__y,arithmetic_truncated_multiply_w2__refactor__whole_output_cone,inferred_bus_mode,false,true,output,output,"[""y_0"",""y_1""]","[""y_0"",""y_1""]",2,lsb_to_msb,unknown,0.750000,1.000000,1.000000,"[""name_prefix"",""index_contiguity"",""structural_similarity""]","{""index_contiguity_score"":1.0,""name_prefix"":""y"",""name_prefix_score"":1.0,""structural_similarity_score"":0.166667}",0,y,exact,1,semantic_bus_hypothesis_v1
arithmetic_truncated_multiply_w2__resub__whole_output_cone__inf__input__b,arithmetic_truncated_multiply_w2__resub__whole_output_cone,inferred_bus_mode,false,true,input,data_operand,"[""b_0"",""b_1""]","[""b_0"",""b_1""]",2,lsb_to_msb,unknown,0.861538,1.000000,0.800000,"[""name_prefix"",""index_contiguity"",""structural_similarity""]","{""index_contiguity_score"":1.0,""name_prefix"":""b"",""name_prefix_score"":1.0,""structural_similarity_score"":0.538462}",0,b,exact,1,semantic_bus_hypothesis_v1
arithmetic_truncated_multiply_w2__resub__whole_output_cone__inf__output__y,arithmetic_truncated_multiply_w2__resub__whole_output_cone,inferred_bus_mode,false,true,output,output,"[""y_0"",""y_1""]","[""y_0"",""y_1""]",2,lsb_to_msb,unknown,0.740000,1.000000,1.000000,"[""name_prefix"",""index_contiguity"",""structural_similarity""]","{""index_contiguity_score"":1.0,""name_prefix"":""y"",""name_prefix_score"":1.0,""structural_similarity_score"":0.133333}",0,y,exact,1,semantic_bus_hypothesis_v1
arithmetic_truncated_multiply_w2__resyn__whole_output_cone__inf__input__a,arithmetic_truncated_multiply_w2__resyn__whole_output_cone,inferred_bus_mode,false,true,input,data_operand,"[""a_0"",""a_1""]","[""a_0"",""a_1""]",2,lsb_to_msb,unknown,0.812500,1.000000,0.800000,"[""name_prefix"",""index_contiguity"",""structural_similarity""]","{""index_contiguity_score"":1.0,""name_prefix"":""a"",""name_prefix_score"":1.0,""structural_similarity_score"":0.375}",0,a,exact,1,semantic_bus_hypothesis_v1
arithmetic_truncated_multiply_w2__resyn__whole_output_cone__inf__output__y,arithmetic_truncated_multiply_w2__resyn__whole_output_cone,inferred_bus_mode,false,true,output,output,"[""y_0"",""y_1""]","[""y_0"",""y_1""]",2,lsb_to_msb,unknown,0.760000,1.000000,1.000000,"[""name_prefix"",""index_contiguity"",""structural_similarity""]","{""index_contiguity_score"":1.0,""name_prefix"":""y"",""name_prefix_score"":1.0,""structural_similarity_score"":0.2}",0,y,exact,1,semantic_bus_hypothesis_v1
arithmetic_truncated_multiply_w2__resyn2__whole_output_cone__inf__input__a,arithmetic_truncated_multiply_w2__resyn2__whole_output_cone,inferred_bus_mode,false,true,input,data_operand,"[""a_0"",""a_1""]","[""a_0"",""a_1""]",2,lsb_to_msb,unknown,0.812500,1.000000,0.800000,"[""name_prefix"",""index_contiguity"",""structural_similarity""]","{""index_contiguity_score"":1.0,""name_prefix"":""a"",""name_prefix_score"":1.0,""structural_similarity_score"":0.375}",0,a,exact,1,semantic_bus_hypothesis_v1
arithmetic_truncated_multiply_w2__resyn2__whole_output_cone__inf__output__y,arithmetic_truncated_multiply_w2__resyn2__whole_output_cone,inferred_bus_mode,false,true,output,output,"[""y_0"",""y_1""]","[""y_0"",""y_1""]",2,lsb_to_msb,unknown,0.760000,1.000000,1.000000,"[""name_prefix"",""index_contiguity"",""structural_similarity""]","{""index_contiguity_score"":1.0,""name_prefix"":""y"",""name_prefix_score"":1.0,""structural_similarity_score"":0.2}",0,y,exact,1,semantic_bus_hypothesis_v1
arithmetic_truncated_multiply_w2__rewrite__whole_output_cone__inf__input__a,arithmetic_truncated_multiply_w2__rewrite__whole_output_cone,inferred_bus_mode,false,true,input,data_operand,"[""a_0"",""a_1""]","[""a_0"",""a_1""]",2,lsb_to_msb,unknown,0.812500,1.000000,0.800000,"[""name_prefix"",""index_contiguity"",""structural_similarity""]","{""index_contiguity_score"":1.0,""name_prefix"":""a"",""name_prefix_score"":1.0,""structural_similarity_score"":0.375}",0,a,exact,1,semantic_bus_hypothesis_v1
arithmetic_truncated_multiply_w2__rewrite__whole_output_cone__inf__output__y,arithmetic_truncated_multiply_w2__rewrite__whole_output_cone,inferred_bus_mode,false,true,output,output,"[""y_0"",""y_1""]","[""y_0"",""y_1""]",2,lsb_to_msb,unknown,0.760000,1.000000,1.000000,"[""name_prefix"",""index_contiguity"",""structural_similarity""]","{""index_contiguity_score"":1.0,""name_prefix"":""y"",""name_prefix_score"":1.0,""structural_similarity_score"":0.2}",0,y,exact,1,semantic_bus_hypothesis_v1
arithmetic_truncated_multiply_w3__identity__ground_truth_region__inf__input__a,arithmetic_truncated_multiply_w3__identity__ground_truth_region,inferred_bus_mode,false,true,input,data_operand,"[""a_0"",""a_1"",""a_2""]","[""a_0"",""a_1"",""a_2""]",3,lsb_to_msb,unknown,0.880000,1.000000,0.800000,"[""name_prefix"",""index_contiguity"",""structural_similarity""]","{""index_contiguity_score"":1.0,""name_prefix"":""a"",""name_prefix_score"":1.0,""structural_similarity_score"":0.6}",0,a,exact,1,semantic_bus_hypothesis_v1
arithmetic_truncated_multiply_w3__identity__ground_truth_region__inf__output__y,arithmetic_truncated_multiply_w3__identity__ground_truth_region,inferred_bus_mode,false,true,output,output,"[""y_0"",""y_1"",""y_2""]","[""y_0"",""y_1"",""y_2""]",3,lsb_to_msb,unknown,0.925000,1.000000,1.000000,"[""name_prefix"",""index_contiguity"",""structural_similarity""]","{""index_contiguity_score"":1.0,""name_prefix"":""y"",""name_prefix_score"":1.0,""structural_similarity_score"":0.75}",0,y,exact,1,semantic_bus_hypothesis_v1
arithmetic_truncated_multiply_w3__identity__whole_output_cone__inf__input__a,arithmetic_truncated_multiply_w3__identity__whole_output_cone,inferred_bus_mode,false,true,input,data_operand,"[""a_0"",""a_1"",""a_2""]","[""a_0"",""a_1"",""a_2""]",3,lsb_to_msb,unknown,0.880000,1.000000,0.800000,"[""name_prefix"",""index_contiguity"",""structural_similarity""]","{""index_contiguity_score"":1.0,""name_prefix"":""a"",""name_prefix_score"":1.0,""structural_similarity_score"":0.6}",0,a,exact,1,semantic_bus_hypothesis_v1
arithmetic_truncated_multiply_w3__identity__whole_output_cone__inf__output__y,arithmetic_truncated_multiply_w3__identity__whole_output_cone,inferred_bus_mode,false,true,output,output,"[""y_0"",""y_1"",""y_2""]","[""y_0"",""y_1"",""y_2""]",3,lsb_to_msb,unknown,0.925000,1.000000,1.000000,"[""name_prefix"",""index_contiguity"",""structural_similarity""]","{""index_contiguity_score"":1.0,""name_prefix"":""y"",""name_prefix_score"":1.0,""structural_similarity_score"":0.75}",0,y,exact,1,semantic_bus_hypothesis_v1
arithmetic_truncated_multiply_w4__identity__ground_truth_region__inf__input__a,arithmetic_truncated_multiply_w4__identity__ground_truth_region,inferred_bus_mode,false,true,input,data_operand,"[""a_0"",""a_1"",""a_2"",""a_3""]","[""a_0"",""a_1"",""a_2"",""a_3""]",4,lsb_to_msb,unknown,0.900000,1.000000,0.800000,"[""name_prefix"",""index_contiguity"",""structural_similarity""]","{""index_contiguity_score"":1.0,""name_prefix"":""a"",""name_prefix_score"":1.0,""structural_similarity_score"":0.666667}",0,a,exact,1,semantic_bus_hypothesis_v1
arithmetic_truncated_multiply_w4__identity__ground_truth_region__inf__output__y,arithmetic_truncated_multiply_w4__identity__ground_truth_region,inferred_bus_mode,false,true,output,output,"[""y_0"",""y_1"",""y_2"",""y_3""]","[""y_0"",""y_1"",""y_2"",""y_3""]",4,lsb_to_msb,unknown,0.940000,1.000000,1.000000,"[""name_prefix"",""index_contiguity"",""structural_similarity""]","{""index_contiguity_score"":1.0,""name_prefix"":""y"",""name_prefix_score"":1.0,""structural_similarity_score"":0.8}",0,y,exact,1,semantic_bus_hypothesis_v1
arithmetic_truncated_multiply_w4__identity__whole_output_cone__inf__input__a,arithmetic_truncated_multiply_w4__identity__whole_output_cone,inferred_bus_mode,false,true,input,data_operand,"[""a_0"",""a_1"",""a_2"",""a_3""]","[""a_0"",""a_1"",""a_2"",""a_3""]",4,lsb_to_msb,unknown,0.900000,1.000000,0.800000,"[""name_prefix"",""index_contiguity"",""structural_similarity""]","{""index_contiguity_score"":1.0,""name_prefix"":""a"",""name_prefix_score"":1.0,""structural_similarity_score"":0.666667}",0,a,exact,1,semantic_bus_hypothesis_v1
arithmetic_truncated_multiply_w4__identity__whole_output_cone__inf__output__y,arithmetic_truncated_multiply_w4__identity__whole_output_cone,inferred_bus_mode,false,true,output,output,"[""y_0"",""y_1"",""y_2"",""y_3""]","[""y_0"",""y_1"",""y_2"",""y_3""]",4,lsb_to_msb,unknown,0.940000,1.000000,1.000000,"[""name_prefix"",""index_contiguity"",""structural_similarity""]","{""index_contiguity_score"":1.0,""name_prefix"":""y"",""name_prefix_score"":1.0,""structural_similarity_score"":0.8}",0,y,exact,1,semantic_bus_hypothesis_v1
arithmetic_unsigned_add_w2__balance__whole_output_cone__inf__input__b,arithmetic_unsigned_add_w2__balance__whole_output_cone,inferred_bus_mode,false,true,input,data_operand,"[""b_0"",""b_1""]","[""b_0"",""b_1""]",2,lsb_to_msb,unknown,0.892000,1.000000,0.800000,"[""name_prefix"",""index_contiguity"",""structural_similarity""]","{""index_contiguity_score"":1.0,""name_prefix"":""b"",""name_prefix_score"":1.0,""structural_similarity_score"":0.64}",0,b,exact,1,semantic_bus_hypothesis_v1
arithmetic_unsigned_add_w2__balance__whole_output_cone__inf__output__y,arithmetic_unsigned_add_w2__balance__whole_output_cone,inferred_bus_mode,false,true,output,output,"[""y_0"",""y_1"",""y_2""]","[""y_0"",""y_1"",""y_2""]",3,lsb_to_msb,unknown,0.746424,1.000000,1.000000,"[""name_prefix"",""index_contiguity"",""structural_similarity""]","{""index_contiguity_score"":1.0,""name_prefix"":""y"",""name_prefix_score"":1.0,""structural_similarity_score"":0.154747}",0,y,exact,1,semantic_bus_hypothesis_v1
arithmetic_unsigned_add_w2__compress2rs__whole_output_cone__inf__input__a,arithmetic_unsigned_add_w2__compress2rs__whole_output_cone,inferred_bus_mode,false,true,input,data_operand,"[""a_0"",""a_1""]","[""a_0"",""a_1""]",2,lsb_to_msb,unknown,0.800000,1.000000,0.800000,"[""name_prefix"",""index_contiguity"",""structural_similarity""]","{""index_contiguity_score"":1.0,""name_prefix"":""a"",""name_prefix_score"":1.0,""structural_similarity_score"":0.333333}",0,a,exact,1,semantic_bus_hypothesis_v1
arithmetic_unsigned_add_w2__compress2rs__whole_output_cone__inf__output__y,arithmetic_unsigned_add_w2__compress2rs__whole_output_cone,inferred_bus_mode,false,true,output,output,"[""y_0"",""y_1"",""y_2""]","[""y_0"",""y_1"",""y_2""]",3,lsb_to_msb,unknown,0.823077,1.000000,1.000000,"[""name_prefix"",""index_contiguity"",""structural_similarity""]","{""index_contiguity_score"":1.0,""name_prefix"":""y"",""name_prefix_score"":1.0,""structural_similarity_score"":0.410256}",0,y,exact,1,semantic_bus_hypothesis_v1
arithmetic_unsigned_add_w2__dc2__whole_output_cone__inf__input__a,arithmetic_unsigned_add_w2__dc2__whole_output_cone,inferred_bus_mode,false,true,input,data_operand,"[""a_0"",""a_1""]","[""a_0"",""a_1""]",2,lsb_to_msb,unknown,0.815385,1.000000,0.800000,"[""name_prefix"",""index_contiguity"",""structural_similarity""]","{""index_contiguity_score"":1.0,""name_prefix"":""a"",""name_prefix_score"":1.0,""structural_similarity_score"":0.384615}",0,a,exact,1,semantic_bus_hypothesis_v1
arithmetic_unsigned_add_w2__dc2__whole_output_cone__inf__output__y,arithmetic_unsigned_add_w2__dc2__whole_output_cone,inferred_bus_mode,false,true,output,output,"[""y_0"",""y_1"",""y_2""]","[""y_0"",""y_1"",""y_2""]",3,lsb_to_msb,unknown,0.804196,1.000000,1.000000,"[""name_prefix"",""index_contiguity"",""structural_similarity""]","{""index_contiguity_score"":1.0,""name_prefix"":""y"",""name_prefix_score"":1.0,""structural_similarity_score"":0.347319}",0,y,exact,1,semantic_bus_hypothesis_v1
arithmetic_unsigned_add_w2__identity__ground_truth_region__inf__input__a,arithmetic_unsigned_add_w2__identity__ground_truth_region,inferred_bus_mode,false,true,input,data_operand,"[""a_0"",""a_1""]","[""a_0"",""a_1""]",2,lsb_to_msb,unknown,0.880000,1.000000,0.800000,"[""name_prefix"",""index_contiguity"",""structural_similarity""]","{""index_contiguity_score"":1.0,""name_prefix"":""a"",""name_prefix_score"":1.0,""structural_similarity_score"":0.6}",0,a,exact,1,semantic_bus_hypothesis_v1
arithmetic_unsigned_add_w2__identity__ground_truth_region__inf__output__y,arithmetic_unsigned_add_w2__identity__ground_truth_region,inferred_bus_mode,false,true,output,output,"[""y_0"",""y_1"",""y_2""]","[""y_0"",""y_1"",""y_2""]",3,lsb_to_msb,unknown,0.900000,1.000000,1.000000,"[""name_prefix"",""index_contiguity"",""structural_similarity""]","{""index_contiguity_score"":1.0,""name_prefix"":""y"",""name_prefix_score"":1.0,""structural_similarity_score"":0.666667}",0,y,exact,1,semantic_bus_hypothesis_v1
arithmetic_unsigned_add_w2__identity__whole_output_cone__inf__input__a,arithmetic_unsigned_add_w2__identity__whole_output_cone,inferred_bus_mode,false,true,input,data_operand,"[""a_0"",""a_1""]","[""a_0"",""a_1""]",2,lsb_to_msb,unknown,0.880000,1.000000,0.800000,"[""name_prefix"",""index_contiguity"",""structural_similarity""]","{""index_contiguity_score"":1.0,""name_prefix"":""a"",""name_prefix_score"":1.0,""structural_similarity_score"":0.6}",0,a,exact,1,semantic_bus_hypothesis_v1
arithmetic_unsigned_add_w2__identity__whole_output_cone__inf__output__y,arithmetic_unsigned_add_w2__identity__whole_output_cone,inferred_bus_mode,false,true,output,output,"[""y_0"",""y_1"",""y_2""]","[""y_0"",""y_1"",""y_2""]",3,lsb_to_msb,unknown,0.900000,1.000000,1.000000,"[""name_prefix"",""index_contiguity"",""structural_similarity""]","{""index_contiguity_score"":1.0,""name_prefix"":""y"",""name_prefix_score"":1.0,""structural_similarity_score"":0.666667}",0,y,exact,1,semantic_bus_hypothesis_v1
arithmetic_unsigned_add_w2__refactor__whole_output_cone__inf__input__b,arithmetic_unsigned_add_w2__refactor__whole_output_cone,inferred_bus_mode,false,true,input,data_operand,"[""b_0"",""b_1""]","[""b_0"",""b_1""]",2,lsb_to_msb,unknown,0.863636,1.000000,0.800000,"[""name_prefix"",""index_contiguity"",""structural_similarity""]","{""index_contiguity_score"":1.0,""name_prefix"":""b"",""name_prefix_score"":1.0,""structural_similarity_score"":0.545455}",0,b,exact,1,semantic_bus_hypothesis_v1
arithmetic_unsigned_add_w2__refactor__whole_output_cone__inf__output__y,arithmetic_unsigned_add_w2__refactor__whole_output_cone,inferred_bus_mode,false,true,output,output,"[""y_0"",""y_1"",""y_2""]","[""y_0"",""y_1"",""y_2""]",3,lsb_to_msb,unknown,0.746241,1.000000,1.000000,"[""name_prefix"",""index_contiguity"",""structural_similarity""]","{""index_contiguity_score"":1.0,""name_prefix"":""y"",""name_prefix_score"":1.0,""structural_similarity_score"":0.154135}",0,y,exact,1,semantic_bus_hypothesis_v1
arithmetic_unsigned_add_w2__resub__whole_output_cone__inf__input__b,arithmetic_unsigned_add_w2__resub__whole_output_cone,inferred_bus_mode,false,true,input,data_operand,"[""b_0"",""b_1""]","[""b_0"",""b_1""]",2,lsb_to_msb,unknown,0.882609,1.000000,0.800000,"[""name_prefix"",""index_contiguity"",""structural_similarity""]","{""index_contiguity_score"":1.0,""name_prefix"":""b"",""name_prefix_score"":1.0,""structural_similarity_score"":0.608696}",0,b,exact,1,semantic_bus_hypothesis_v1
arithmetic_unsigned_add_w2__resub__whole_output_cone__inf__output__y,arithmetic_unsigned_add_w2__resub__whole_output_cone,inferred_bus_mode,false,true,output,output,"[""y_0"",""y_1"",""y_2""]","[""y_0"",""y_1"",""y_2""]",3,lsb_to_msb,unknown,0.745599,1.000000,1.000000,"[""name_prefix"",""index_contiguity"",""structural_similarity""]","{""index_contiguity_score"":1.0,""name_prefix"":""y"",""name_prefix_score"":1.0,""structural_similarity_score"":0.151996}",0,y,exact,1,semantic_bus_hypothesis_v1
arithmetic_unsigned_add_w2__resyn__whole_output_cone__inf__input__a,arithmetic_unsigned_add_w2__resyn__whole_output_cone,inferred_bus_mode,false,true,input,data_operand,"[""a_0"",""a_1""]","[""a_0"",""a_1""]",2,lsb_to_msb,unknown,0.793750,1.000000,0.800000,"[""name_prefix"",""index_contiguity"",""structural_similarity""]","{""index_contiguity_score"":1.0,""name_prefix"":""a"",""name_prefix_score"":1.0,""structural_similarity_score"":0.3125}",0,a,exact,1,semantic_bus_hypothesis_v1
arithmetic_unsigned_add_w2__resyn__whole_output_cone__inf__output__y,arithmetic_unsigned_add_w2__resyn__whole_output_cone,inferred_bus_mode,false,true,output,output,"[""y_0"",""y_1"",""y_2""]","[""y_0"",""y_1"",""y_2""]",3,lsb_to_msb,unknown,0.764286,1.000000,1.000000,"[""name_prefix"",""index_contiguity"",""structural_similarity""]","{""index_contiguity_score"":1.0,""name_prefix"":""y"",""name_prefix_score"":1.0,""structural_similarity_score"":0.214286}",0,y,exact,1,semantic_bus_hypothesis_v1
arithmetic_unsigned_add_w2__resyn2__whole_output_cone__inf__input__a,arithmetic_unsigned_add_w2__resyn2__whole_output_cone,inferred_bus_mode,false,true,input,data_operand,"[""a_0"",""a_1""]","[""a_0"",""a_1""]",2,lsb_to_msb,unknown,0.815385,1.000000,0.800000,"[""name_prefix"",""index_contiguity"",""structural_similarity""]","{""index_contiguity_score"":1.0,""name_prefix"":""a"",""name_prefix_score"":1.0,""structural_similarity_score"":0.384615}",0,a,exact,1,semantic_bus_hypothesis_v1
arithmetic_unsigned_add_w2__resyn2__whole_output_cone__inf__output__y,arithmetic_unsigned_add_w2__resyn2__whole_output_cone,inferred_bus_mode,false,true,output,output,"[""y_0"",""y_1"",""y_2""]","[""y_0"",""y_1"",""y_2""]",3,lsb_to_msb,unknown,0.804196,1.000000,1.000000,"[""name_prefix"",""index_contiguity"",""structural_similarity""]","{""index_contiguity_score"":1.0,""name_prefix"":""y"",""name_prefix_score"":1.0,""structural_similarity_score"":0.347319}",0,y,exact,1,semantic_bus_hypothesis_v1
arithmetic_unsigned_add_w2__rewrite__whole_output_cone__inf__input__b,arithmetic_unsigned_add_w2__rewrite__whole_output_cone,inferred_bus_mode,false,true,input,data_operand,"[""b_0"",""b_1""]","[""b_0"",""b_1""]",2,lsb_to_msb,unknown,0.831250,1.000000,0.800000,"[""name_prefix"",""index_contiguity"",""structural_similarity""]","{""index_contiguity_score"":1.0,""name_prefix"":""b"",""name_prefix_score"":1.0,""structural_similarity_score"":0.4375}",0,b,exact,1,semantic_bus_hypothesis_v1
arithmetic_unsigned_add_w2__rewrite__whole_output_cone__inf__output__y,arithmetic_unsigned_add_w2__rewrite__whole_output_cone,inferred_bus_mode,false,true,output,output,"[""y_0"",""y_1"",""y_2""]","[""y_0"",""y_1"",""y_2""]",3,lsb_to_msb,unknown,0.769670,1.000000,1.000000,"[""name_prefix"",""index_contiguity"",""structural_similarity""]","{""index_contiguity_score"":1.0,""name_prefix"":""y"",""name_prefix_score"":1.0,""structural_similarity_score"":0.232234}",0,y,exact,1,semantic_bus_hypothesis_v1
arithmetic_unsigned_add_w3__identity__ground_truth_region__inf__input__a,arithmetic_unsigned_add_w3__identity__ground_truth_region,inferred_bus_mode,false,true,input,data_operand,"[""a_0"",""a_1"",""a_2""]","[""a_0"",""a_1"",""a_2""]",3,lsb_to_msb,unknown,0.900000,1.000000,0.800000,"[""name_prefix"",""index_contiguity"",""structural_similarity""]","{""index_contiguity_score"":1.0,""name_prefix"":""a"",""name_prefix_score"":1.0,""structural_similarity_score"":0.666667}",0,a,exact,1,semantic_bus_hypothesis_v1
arithmetic_unsigned_add_w3__identity__ground_truth_region__inf__output__y,arithmetic_unsigned_add_w3__identity__ground_truth_region,inferred_bus_mode,false,true,output,output,"[""y_0"",""y_1"",""y_2"",""y_3""]","[""y_0"",""y_1"",""y_2"",""y_3""]",4,lsb_to_msb,unknown,0.925000,1.000000,1.000000,"[""name_prefix"",""index_contiguity"",""structural_similarity""]","{""index_contiguity_score"":1.0,""name_prefix"":""y"",""name_prefix_score"":1.0,""structural_similarity_score"":0.75}",0,y,exact,1,semantic_bus_hypothesis_v1
arithmetic_unsigned_add_w3__identity__whole_output_cone__inf__input__a,arithmetic_unsigned_add_w3__identity__whole_output_cone,inferred_bus_mode,false,true,input,data_operand,"[""a_0"",""a_1"",""a_2""]","[""a_0"",""a_1"",""a_2""]",3,lsb_to_msb,unknown,0.900000,1.000000,0.800000,"[""name_prefix"",""index_contiguity"",""structural_similarity""]","{""index_contiguity_score"":1.0,""name_prefix"":""a"",""name_prefix_score"":1.0,""structural_similarity_score"":0.666667}",0,a,exact,1,semantic_bus_hypothesis_v1
arithmetic_unsigned_add_w3__identity__whole_output_cone__inf__output__y,arithmetic_unsigned_add_w3__identity__whole_output_cone,inferred_bus_mode,false,true,output,output,"[""y_0"",""y_1"",""y_2"",""y_3""]","[""y_0"",""y_1"",""y_2"",""y_3""]",4,lsb_to_msb,unknown,0.925000,1.000000,1.000000,"[""name_prefix"",""index_contiguity"",""structural_similarity""]","{""index_contiguity_score"":1.0,""name_prefix"":""y"",""name_prefix_score"":1.0,""structural_similarity_score"":0.75}",0,y,exact,1,semantic_bus_hypothesis_v1
arithmetic_unsigned_add_w4__identity__ground_truth_region__inf__input__a,arithmetic_unsigned_add_w4__identity__ground_truth_region,inferred_bus_mode,false,true,input,data_operand,"[""a_0"",""a_1"",""a_2"",""a_3""]","[""a_0"",""a_1"",""a_2"",""a_3""]",4,lsb_to_msb,unknown,0.914286,1.000000,0.800000,"[""name_prefix"",""index_contiguity"",""structural_similarity""]","{""index_contiguity_score"":1.0,""name_prefix"":""a"",""name_prefix_score"":1.0,""structural_similarity_score"":0.714286}",0,a,exact,1,semantic_bus_hypothesis_v1
arithmetic_unsigned_add_w4__identity__ground_truth_region__inf__output__y,arithmetic_unsigned_add_w4__identity__ground_truth_region,inferred_bus_mode,false,true,output,output,"[""y_0"",""y_1"",""y_2"",""y_3"",""y_4""]","[""y_0"",""y_1"",""y_2"",""y_3"",""y_4""]",5,lsb_to_msb,unknown,0.940000,1.000000,1.000000,"[""name_prefix"",""index_contiguity"",""structural_similarity""]","{""index_contiguity_score"":1.0,""name_prefix"":""y"",""name_prefix_score"":1.0,""structural_similarity_score"":0.8}",0,y,exact,1,semantic_bus_hypothesis_v1
arithmetic_unsigned_add_w4__identity__whole_output_cone__inf__input__a,arithmetic_unsigned_add_w4__identity__whole_output_cone,inferred_bus_mode,false,true,input,data_operand,"[""a_0"",""a_1"",""a_2"",""a_3""]","[""a_0"",""a_1"",""a_2"",""a_3""]",4,lsb_to_msb,unknown,0.914286,1.000000,0.800000,"[""name_prefix"",""index_contiguity"",""structural_similarity""]","{""index_contiguity_score"":1.0,""name_prefix"":""a"",""name_prefix_score"":1.0,""structural_similarity_score"":0.714286}",0,a,exact,1,semantic_bus_hypothesis_v1
arithmetic_unsigned_add_w4__identity__whole_output_cone__inf__output__y,arithmetic_unsigned_add_w4__identity__whole_output_cone,inferred_bus_mode,false,true,output,output,"[""y_0"",""y_1"",""y_2"",""y_3"",""y_4""]","[""y_0"",""y_1"",""y_2"",""y_3"",""y_4""]",5,lsb_to_msb,unknown,0.940000,1.000000,1.000000,"[""name_prefix"",""index_contiguity"",""structural_similarity""]","{""index_contiguity_score"":1.0,""name_prefix"":""y"",""name_prefix_score"":1.0,""structural_similarity_score"":0.8}",0,y,exact,1,semantic_bus_hypothesis_v1
bitmanip_concat_w2__balance__whole_output_cone__inf__input__a,bitmanip_concat_w2__balance__whole_output_cone,inferred_bus_mode,false,true,input,data_operand,"[""a_0"",""a_1""]","[""a_0"",""a_1""]",2,lsb_to_msb,unknown,0.700000,1.000000,0.800000,"[""name_prefix"",""index_contiguity"",""structural_similarity""]","{""index_contiguity_score"":1.0,""name_prefix"":""a"",""name_prefix_score"":1.0,""structural_similarity_score"":0.0}",0,a,exact,1,semantic_bus_hypothesis_v1
bitmanip_concat_w2__balance__whole_output_cone__inf__output__y,bitmanip_concat_w2__balance__whole_output_cone,inferred_bus_mode,false,true,output,output,"[""y_0"",""y_1"",""y_2"",""y_3""]","[""y_0"",""y_1"",""y_2"",""y_3""]",4,lsb_to_msb,unknown,0.700000,1.000000,1.000000,"[""name_prefix"",""index_contiguity"",""structural_similarity""]","{""index_contiguity_score"":1.0,""name_prefix"":""y"",""name_prefix_score"":1.0,""structural_similarity_score"":0.0}",0,y,exact,1,semantic_bus_hypothesis_v1
bitmanip_concat_w2__compress2rs__whole_output_cone__inf__input__a,bitmanip_concat_w2__compress2rs__whole_output_cone,inferred_bus_mode,false,true,input,data_operand,"[""a_0"",""a_1""]","[""a_0"",""a_1""]",2,lsb_to_msb,unknown,0.700000,1.000000,0.800000,"[""name_prefix"",""index_contiguity"",""structural_similarity""]","{""index_contiguity_score"":1.0,""name_prefix"":""a"",""name_prefix_score"":1.0,""structural_similarity_score"":0.0}",0,a,exact,1,semantic_bus_hypothesis_v1
bitmanip_concat_w2__compress2rs__whole_output_cone__inf__output__y,bitmanip_concat_w2__compress2rs__whole_output_cone,inferred_bus_mode,false,true,output,output,"[""y_0"",""y_1"",""y_2"",""y_3""]","[""y_0"",""y_1"",""y_2"",""y_3""]",4,lsb_to_msb,unknown,0.700000,1.000000,1.000000,"[""name_prefix"",""index_contiguity"",""structural_similarity""]","{""index_contiguity_score"":1.0,""name_prefix"":""y"",""name_prefix_score"":1.0,""structural_similarity_score"":0.0}",0,y,exact,1,semantic_bus_hypothesis_v1
bitmanip_concat_w2__dc2__whole_output_cone__inf__input__a,bitmanip_concat_w2__dc2__whole_output_cone,inferred_bus_mode,false,true,input,data_operand,"[""a_0"",""a_1""]","[""a_0"",""a_1""]",2,lsb_to_msb,unknown,0.700000,1.000000,0.800000,"[""name_prefix"",""index_contiguity"",""structural_similarity""]","{""index_contiguity_score"":1.0,""name_prefix"":""a"",""name_prefix_score"":1.0,""structural_similarity_score"":0.0}",0,a,exact,1,semantic_bus_hypothesis_v1
bitmanip_concat_w2__dc2__whole_output_cone__inf__output__y,bitmanip_concat_w2__dc2__whole_output_cone,inferred_bus_mode,false,true,output,output,"[""y_0"",""y_1"",""y_2"",""y_3""]","[""y_0"",""y_1"",""y_2"",""y_3""]",4,lsb_to_msb,unknown,0.700000,1.000000,1.000000,"[""name_prefix"",""index_contiguity"",""structural_similarity""]","{""index_contiguity_score"":1.0,""name_prefix"":""y"",""name_prefix_score"":1.0,""structural_similarity_score"":0.0}",0,y,exact,1,semantic_bus_hypothesis_v1
bitmanip_concat_w2__identity__ground_truth_region__inf__input__a,bitmanip_concat_w2__identity__ground_truth_region,inferred_bus_mode,false,true,input,data_operand,"[""a_0"",""a_1""]","[""a_0"",""a_1""]",2,lsb_to_msb,unknown,0.900000,1.000000,0.800000,"[""name_prefix"",""index_contiguity"",""structural_similarity""]","{""index_contiguity_score"":1.0,""name_prefix"":""a"",""name_prefix_score"":1.0,""structural_similarity_score"":0.666667}",0,a,exact,1,semantic_bus_hypothesis_v1
bitmanip_concat_w2__identity__ground_truth_region__inf__output__y,bitmanip_concat_w2__identity__ground_truth_region,inferred_bus_mode,false,true,output,output,"[""y_0"",""y_1"",""y_2"",""y_3""]","[""y_0"",""y_1"",""y_2"",""y_3""]",4,lsb_to_msb,unknown,0.900000,1.000000,1.000000,"[""name_prefix"",""index_contiguity"",""structural_similarity""]","{""index_contiguity_score"":1.0,""name_prefix"":""y"",""name_prefix_score"":1.0,""structural_similarity_score"":0.666667}",0,y,exact,1,semantic_bus_hypothesis_v1
bitmanip_concat_w2__identity__whole_output_cone__inf__input__a,bitmanip_concat_w2__identity__whole_output_cone,inferred_bus_mode,false,true,input,data_operand,"[""a_0"",""a_1""]","[""a_0"",""a_1""]",2,lsb_to_msb,unknown,0.900000,1.000000,0.800000,"[""name_prefix"",""index_contiguity"",""structural_similarity""]","{""index_contiguity_score"":1.0,""name_prefix"":""a"",""name_prefix_score"":1.0,""structural_similarity_score"":0.666667}",0,a,exact,1,semantic_bus_hypothesis_v1
bitmanip_concat_w2__identity__whole_output_cone__inf__output__y,bitmanip_concat_w2__identity__whole_output_cone,inferred_bus_mode,false,true,output,output,"[""y_0"",""y_1"",""y_2"",""y_3""]","[""y_0"",""y_1"",""y_2"",""y_3""]",4,lsb_to_msb,unknown,0.900000,1.000000,1.000000,"[""name_prefix"",""index_contiguity"",""structural_similarity""]","{""index_contiguity_score"":1.0,""name_prefix"":""y"",""name_prefix_score"":1.0,""structural_similarity_score"":0.666667}",0,y,exact,1,semantic_bus_hypothesis_v1
bitmanip_concat_w2__refactor__whole_output_cone__inf__input__a,bitmanip_concat_w2__refactor__whole_output_cone,inferred_bus_mode,false,true,input,data_operand,"[""a_0"",""a_1""]","[""a_0"",""a_1""]",2,lsb_to_msb,unknown,0.700000,1.000000,0.800000,"[""name_prefix"",""index_contiguity"",""structural_similarity""]","{""index_contiguity_score"":1.0,""name_prefix"":""a"",""name_prefix_score"":1.0,""structural_similarity_score"":0.0}",0,a,exact,1,semantic_bus_hypothesis_v1
bitmanip_concat_w2__refactor__whole_output_cone__inf__output__y,bitmanip_concat_w2__refactor__whole_output_cone,inferred_bus_mode,false,true,output,output,"[""y_0"",""y_1"",""y_2"",""y_3""]","[""y_0"",""y_1"",""y_2"",""y_3""]",4,lsb_to_msb,unknown,0.700000,1.000000,1.000000,"[""name_prefix"",""index_contiguity"",""structural_similarity""]","{""index_contiguity_score"":1.0,""name_prefix"":""y"",""name_prefix_score"":1.0,""structural_similarity_score"":0.0}",0,y,exact,1,semantic_bus_hypothesis_v1
bitmanip_concat_w2__resub__whole_output_cone__inf__input__a,bitmanip_concat_w2__resub__whole_output_cone,inferred_bus_mode,false,true,input,data_operand,"[""a_0"",""a_1""]","[""a_0"",""a_1""]",2,lsb_to_msb,unknown,0.700000,1.000000,0.800000,"[""name_prefix"",""index_contiguity"",""structural_similarity""]","{""index_contiguity_score"":1.0,""name_prefix"":""a"",""name_prefix_score"":1.0,""structural_similarity_score"":0.0}",0,a,exact,1,semantic_bus_hypothesis_v1
bitmanip_concat_w2__resub__whole_output_cone__inf__output__y,bitmanip_concat_w2__resub__whole_output_cone,inferred_bus_mode,false,true,output,output,"[""y_0"",""y_1"",""y_2"",""y_3""]","[""y_0"",""y_1"",""y_2"",""y_3""]",4,lsb_to_msb,unknown,0.700000,1.000000,1.000000,"[""name_prefix"",""index_contiguity"",""structural_similarity""]","{""index_contiguity_score"":1.0,""name_prefix"":""y"",""name_prefix_score"":1.0,""structural_similarity_score"":0.0}",0,y,exact,1,semantic_bus_hypothesis_v1
bitmanip_concat_w2__resyn__whole_output_cone__inf__input__a,bitmanip_concat_w2__resyn__whole_output_cone,inferred_bus_mode,false,true,input,data_operand,"[""a_0"",""a_1""]","[""a_0"",""a_1""]",2,lsb_to_msb,unknown,0.700000,1.000000,0.800000,"[""name_prefix"",""index_contiguity"",""structural_similarity""]","{""index_contiguity_score"":1.0,""name_prefix"":""a"",""name_prefix_score"":1.0,""structural_similarity_score"":0.0}",0,a,exact,1,semantic_bus_hypothesis_v1
bitmanip_concat_w2__resyn__whole_output_cone__inf__output__y,bitmanip_concat_w2__resyn__whole_output_cone,inferred_bus_mode,false,true,output,output,"[""y_0"",""y_1"",""y_2"",""y_3""]","[""y_0"",""y_1"",""y_2"",""y_3""]",4,lsb_to_msb,unknown,0.700000,1.000000,1.000000,"[""name_prefix"",""index_contiguity"",""structural_similarity""]","{""index_contiguity_score"":1.0,""name_prefix"":""y"",""name_prefix_score"":1.0,""structural_similarity_score"":0.0}",0,y,exact,1,semantic_bus_hypothesis_v1
bitmanip_concat_w2__resyn2__whole_output_cone__inf__input__a,bitmanip_concat_w2__resyn2__whole_output_cone,inferred_bus_mode,false,true,input,data_operand,"[""a_0"",""a_1""]","[""a_0"",""a_1""]",2,lsb_to_msb,unknown,0.700000,1.000000,0.800000,"[""name_prefix"",""index_contiguity"",""structural_similarity""]","{""index_contiguity_score"":1.0,""name_prefix"":""a"",""name_prefix_score"":1.0,""structural_similarity_score"":0.0}",0,a,exact,1,semantic_bus_hypothesis_v1
bitmanip_concat_w2__resyn2__whole_output_cone__inf__output__y,bitmanip_concat_w2__resyn2__whole_output_cone,inferred_bus_mode,false,true,output,output,"[""y_0"",""y_1"",""y_2"",""y_3""]","[""y_0"",""y_1"",""y_2"",""y_3""]",4,lsb_to_msb,unknown,0.700000,1.000000,1.000000,"[""name_prefix"",""index_contiguity"",""structural_similarity""]","{""index_contiguity_score"":1.0,""name_prefix"":""y"",""name_prefix_score"":1.0,""structural_similarity_score"":0.0}",0,y,exact,1,semantic_bus_hypothesis_v1
bitmanip_concat_w2__rewrite__whole_output_cone__inf__input__a,bitmanip_concat_w2__rewrite__whole_output_cone,inferred_bus_mode,false,true,input,data_operand,"[""a_0"",""a_1""]","[""a_0"",""a_1""]",2,lsb_to_msb,unknown,0.700000,1.000000,0.800000,"[""name_prefix"",""index_contiguity"",""structural_similarity""]","{""index_contiguity_score"":1.0,""name_prefix"":""a"",""name_prefix_score"":1.0,""structural_similarity_score"":0.0}",0,a,exact,1,semantic_bus_hypothesis_v1
bitmanip_concat_w2__rewrite__whole_output_cone__inf__output__y,bitmanip_concat_w2__rewrite__whole_output_cone,inferred_bus_mode,false,true,output,output,"[""y_0"",""y_1"",""y_2"",""y_3""]","[""y_0"",""y_1"",""y_2"",""y_3""]",4,lsb_to_msb,unknown,0.700000,1.000000,1.000000,"[""name_prefix"",""index_contiguity"",""structural_similarity""]","{""index_contiguity_score"":1.0,""name_prefix"":""y"",""name_prefix_score"":1.0,""structural_similarity_score"":0.0}",0,y,exact,1,semantic_bus_hypothesis_v1
bitmanip_concat_w3__identity__ground_truth_region__inf__input__a,bitmanip_concat_w3__identity__ground_truth_region,inferred_bus_mode,false,true,input,data_operand,"[""a_0"",""a_1"",""a_2""]","[""a_0"",""a_1"",""a_2""]",3,lsb_to_msb,unknown,0.925000,1.000000,0.800000,"[""name_prefix"",""index_contiguity"",""structural_similarity""]","{""index_contiguity_score"":1.0,""name_prefix"":""a"",""name_prefix_score"":1.0,""structural_similarity_score"":0.75}",0,a,exact,1,semantic_bus_hypothesis_v1
bitmanip_concat_w3__identity__ground_truth_region__inf__output__y,bitmanip_concat_w3__identity__ground_truth_region,inferred_bus_mode,false,true,output,output,"[""y_0"",""y_1"",""y_2"",""y_3"",""y_4"",""y_5""]","[""y_0"",""y_1"",""y_2"",""y_3"",""y_4"",""y_5""]",6,lsb_to_msb,unknown,0.925000,1.000000,1.000000,"[""name_prefix"",""index_contiguity"",""structural_similarity""]","{""index_contiguity_score"":1.0,""name_prefix"":""y"",""name_prefix_score"":1.0,""structural_similarity_score"":0.75}",0,y,exact,1,semantic_bus_hypothesis_v1
bitmanip_concat_w3__identity__whole_output_cone__inf__input__a,bitmanip_concat_w3__identity__whole_output_cone,inferred_bus_mode,false,true,input,data_operand,"[""a_0"",""a_1"",""a_2""]","[""a_0"",""a_1"",""a_2""]",3,lsb_to_msb,unknown,0.925000,1.000000,0.800000,"[""name_prefix"",""index_contiguity"",""structural_similarity""]","{""index_contiguity_score"":1.0,""name_prefix"":""a"",""name_prefix_score"":1.0,""structural_similarity_score"":0.75}",0,a,exact,1,semantic_bus_hypothesis_v1
bitmanip_concat_w3__identity__whole_output_cone__inf__output__y,bitmanip_concat_w3__identity__whole_output_cone,inferred_bus_mode,false,true,output,output,"[""y_0"",""y_1"",""y_2"",""y_3"",""y_4"",""y_5""]","[""y_0"",""y_1"",""y_2"",""y_3"",""y_4"",""y_5""]",6,lsb_to_msb,unknown,0.925000,1.000000,1.000000,"[""name_prefix"",""index_contiguity"",""structural_similarity""]","{""index_contiguity_score"":1.0,""name_prefix"":""y"",""name_prefix_score"":1.0,""structural_similarity_score"":0.75}",0,y,exact,1,semantic_bus_hypothesis_v1
bitmanip_concat_w4__identity__ground_truth_region__inf__input__a,bitmanip_concat_w4__identity__ground_truth_region,inferred_bus_mode,false,true,input,data_operand,"[""a_0"",""a_1"",""a_2"",""a_3""]","[""a_0"",""a_1"",""a_2"",""a_3""]",4,lsb_to_msb,unknown,0.940000,1.000000,0.800000,"[""name_prefix"",""index_contiguity"",""structural_similarity""]","{""index_contiguity_score"":1.0,""name_prefix"":""a"",""name_prefix_score"":1.0,""structural_similarity_score"":0.8}",0,a,exact,1,semantic_bus_hypothesis_v1
bitmanip_concat_w4__identity__ground_truth_region__inf__output__y,bitmanip_concat_w4__identity__ground_truth_region,inferred_bus_mode,false,true,output,output,"[""y_0"",""y_1"",""y_2"",""y_3"",""y_4"",""y_5"",""y_6"",""y_7""]","[""y_0"",""y_1"",""y_2"",""y_3"",""y_4"",""y_5"",""y_6"",""y_7""]",8,lsb_to_msb,unknown,0.940000,1.000000,1.000000,"[""name_prefix"",""index_contiguity"",""structural_similarity""]","{""index_contiguity_score"":1.0,""name_prefix"":""y"",""name_prefix_score"":1.0,""structural_similarity_score"":0.8}",0,y,exact,1,semantic_bus_hypothesis_v1
bitmanip_concat_w4__identity__whole_output_cone__inf__input__a,bitmanip_concat_w4__identity__whole_output_cone,inferred_bus_mode,false,true,input,data_operand,"[""a_0"",""a_1"",""a_2"",""a_3""]","[""a_0"",""a_1"",""a_2"",""a_3""]",4,lsb_to_msb,unknown,0.940000,1.000000,0.800000,"[""name_prefix"",""index_contiguity"",""structural_similarity""]","{""index_contiguity_score"":1.0,""name_prefix"":""a"",""name_prefix_score"":1.0,""structural_similarity_score"":0.8}",0,a,exact,1,semantic_bus_hypothesis_v1
bitmanip_concat_w4__identity__whole_output_cone__inf__output__y,bitmanip_concat_w4__identity__whole_output_cone,inferred_bus_mode,false,true,output,output,"[""y_0"",""y_1"",""y_2"",""y_3"",""y_4"",""y_5"",""y_6"",""y_7""]","[""y_0"",""y_1"",""y_2"",""y_3"",""y_4"",""y_5"",""y_6"",""y_7""]",8,lsb_to_msb,unknown,0.940000,1.000000,1.000000,"[""name_prefix"",""index_contiguity"",""structural_similarity""]","{""index_contiguity_score"":1.0,""name_prefix"":""y"",""name_prefix_score"":1.0,""structural_similarity_score"":0.8}",0,y,exact,1,semantic_bus_hypothesis_v1
bitmanip_mask_low_w2__balance__whole_output_cone__inf__input__a,bitmanip_mask_low_w2__balance__whole_output_cone,inferred_bus_mode,false,true,input,data_operand,"[""a_0"",""a_1""]","[""a_0"",""a_1""]",2,lsb_to_msb,unknown,0.880000,1.000000,0.800000,"[""name_prefix"",""index_contiguity"",""structural_similarity""]","{""index_contiguity_score"":1.0,""name_prefix"":""a"",""name_prefix_score"":1.0,""structural_similarity_score"":0.6}",0,a,exact,1,semantic_bus_hypothesis_v1
bitmanip_mask_low_w2__balance__whole_output_cone__inf__output__y,bitmanip_mask_low_w2__balance__whole_output_cone,inferred_bus_mode,false,true,output,output,"[""y_0"",""y_1""]","[""y_0"",""y_1""]",2,lsb_to_msb,unknown,0.700000,1.000000,1.000000,"[""name_prefix"",""index_contiguity"",""structural_similarity""]","{""index_contiguity_score"":1.0,""name_prefix"":""y"",""name_prefix_score"":1.0,""structural_similarity_score"":0.0}",0,y,exact,1,semantic_bus_hypothesis_v1
bitmanip_mask_low_w2__compress2rs__whole_output_cone__inf__input__a,bitmanip_mask_low_w2__compress2rs__whole_output_cone,inferred_bus_mode,false,true,input,data_operand,"[""a_0""]","[""a_0""]",1,lsb_to_msb,unknown,1.000000,1.000000,0.600000,"[""name_prefix"",""index_contiguity"",""structural_similarity""]","{""index_contiguity_score"":1.0,""name_prefix"":""a"",""name_prefix_score"":1.0,""structural_similarity_score"":1.0}",0,a,partial,1,semantic_bus_hypothesis_v1
bitmanip_mask_low_w2__compress2rs__whole_output_cone__inf__output__y,bitmanip_mask_low_w2__compress2rs__whole_output_cone,inferred_bus_mode,false,true,output,output,"[""y_0"",""y_1""]","[""y_0"",""y_1""]",2,lsb_to_msb,unknown,0.700000,1.000000,1.000000,"[""name_prefix"",""index_contiguity"",""structural_similarity""]","{""index_contiguity_score"":1.0,""name_prefix"":""y"",""name_prefix_score"":1.0,""structural_similarity_score"":0.0}",0,y,exact,1,semantic_bus_hypothesis_v1
bitmanip_mask_low_w2__dc2__whole_output_cone__inf__input__a,bitmanip_mask_low_w2__dc2__whole_output_cone,inferred_bus_mode,false,true,input,data_operand,"[""a_0""]","[""a_0""]",1,lsb_to_msb,unknown,1.000000,1.000000,0.600000,"[""name_prefix"",""index_contiguity"",""structural_similarity""]","{""index_contiguity_score"":1.0,""name_prefix"":""a"",""name_prefix_score"":1.0,""structural_similarity_score"":1.0}",0,a,partial,1,semantic_bus_hypothesis_v1
bitmanip_mask_low_w2__dc2__whole_output_cone__inf__output__y,bitmanip_mask_low_w2__dc2__whole_output_cone,inferred_bus_mode,false,true,output,output,"[""y_0"",""y_1""]","[""y_0"",""y_1""]",2,lsb_to_msb,unknown,0.700000,1.000000,1.000000,"[""name_prefix"",""index_contiguity"",""structural_similarity""]","{""index_contiguity_score"":1.0,""name_prefix"":""y"",""name_prefix_score"":1.0,""structural_similarity_score"":0.0}",0,y,exact,1,semantic_bus_hypothesis_v1
bitmanip_mask_low_w2__identity__ground_truth_region__inf__input__a,bitmanip_mask_low_w2__identity__ground_truth_region,inferred_bus_mode,false,true,input,data_operand,"[""a_0"",""a_1""]","[""a_0"",""a_1""]",2,lsb_to_msb,unknown,0.800000,1.000000,0.800000,"[""name_prefix"",""index_contiguity"",""structural_similarity""]","{""index_contiguity_score"":1.0,""name_prefix"":""a"",""name_prefix_score"":1.0,""structural_similarity_score"":0.333333}",0,a,exact,1,semantic_bus_hypothesis_v1
bitmanip_mask_low_w2__identity__ground_truth_region__inf__output__y,bitmanip_mask_low_w2__identity__ground_truth_region,inferred_bus_mode,false,true,output,output,"[""y_0"",""y_1""]","[""y_0"",""y_1""]",2,lsb_to_msb,unknown,0.700000,1.000000,1.000000,"[""name_prefix"",""index_contiguity"",""structural_similarity""]","{""index_contiguity_score"":1.0,""name_prefix"":""y"",""name_prefix_score"":1.0,""structural_similarity_score"":0.0}",0,y,exact,1,semantic_bus_hypothesis_v1
bitmanip_mask_low_w2__identity__whole_output_cone__inf__input__a,bitmanip_mask_low_w2__identity__whole_output_cone,inferred_bus_mode,false,true,input,data_operand,"[""a_0"",""a_1""]","[""a_0"",""a_1""]",2,lsb_to_msb,unknown,0.800000,1.000000,0.800000,"[""name_prefix"",""index_contiguity"",""structural_similarity""]","{""index_contiguity_score"":1.0,""name_prefix"":""a"",""name_prefix_score"":1.0,""structural_similarity_score"":0.333333}",0,a,exact,1,semantic_bus_hypothesis_v1
bitmanip_mask_low_w2__identity__whole_output_cone__inf__output__y,bitmanip_mask_low_w2__identity__whole_output_cone,inferred_bus_mode,false,true,output,output,"[""y_0"",""y_1""]","[""y_0"",""y_1""]",2,lsb_to_msb,unknown,0.700000,1.000000,1.000000,"[""name_prefix"",""index_contiguity"",""structural_similarity""]","{""index_contiguity_score"":1.0,""name_prefix"":""y"",""name_prefix_score"":1.0,""structural_similarity_score"":0.0}",0,y,exact,1,semantic_bus_hypothesis_v1
bitmanip_mask_low_w2__refactor__whole_output_cone__inf__input__a,bitmanip_mask_low_w2__refactor__whole_output_cone,inferred_bus_mode,false,true,input,data_operand,"[""a_0""]","[""a_0""]",1,lsb_to_msb,unknown,1.000000,1.000000,0.600000,"[""name_prefix"",""index_contiguity"",""structural_similarity""]","{""index_contiguity_score"":1.0,""name_prefix"":""a"",""name_prefix_score"":1.0,""structural_similarity_score"":1.0}",0,a,partial,1,semantic_bus_hypothesis_v1
bitmanip_mask_low_w2__refactor__whole_output_cone__inf__output__y,bitmanip_mask_low_w2__refactor__whole_output_cone,inferred_bus_mode,false,true,output,output,"[""y_0"",""y_1""]","[""y_0"",""y_1""]",2,lsb_to_msb,unknown,0.700000,1.000000,1.000000,"[""name_prefix"",""index_contiguity"",""structural_similarity""]","{""index_contiguity_score"":1.0,""name_prefix"":""y"",""name_prefix_score"":1.0,""structural_similarity_score"":0.0}",0,y,exact,1,semantic_bus_hypothesis_v1
bitmanip_mask_low_w2__resub__whole_output_cone__inf__input__a,bitmanip_mask_low_w2__resub__whole_output_cone,inferred_bus_mode,false,true,input,data_operand,"[""a_0""]","[""a_0""]",1,lsb_to_msb,unknown,1.000000,1.000000,0.600000,"[""name_prefix"",""index_contiguity"",""structural_similarity""]","{""index_contiguity_score"":1.0,""name_prefix"":""a"",""name_prefix_score"":1.0,""structural_similarity_score"":1.0}",0,a,partial,1,semantic_bus_hypothesis_v1
bitmanip_mask_low_w2__resub__whole_output_cone__inf__output__y,bitmanip_mask_low_w2__resub__whole_output_cone,inferred_bus_mode,false,true,output,output,"[""y_0"",""y_1""]","[""y_0"",""y_1""]",2,lsb_to_msb,unknown,0.700000,1.000000,1.000000,"[""name_prefix"",""index_contiguity"",""structural_similarity""]","{""index_contiguity_score"":1.0,""name_prefix"":""y"",""name_prefix_score"":1.0,""structural_similarity_score"":0.0}",0,y,exact,1,semantic_bus_hypothesis_v1
bitmanip_mask_low_w2__resyn__whole_output_cone__inf__input__a,bitmanip_mask_low_w2__resyn__whole_output_cone,inferred_bus_mode,false,true,input,data_operand,"[""a_0"",""a_1""]","[""a_0"",""a_1""]",2,lsb_to_msb,unknown,0.880000,1.000000,0.800000,"[""name_prefix"",""index_contiguity"",""structural_similarity""]","{""index_contiguity_score"":1.0,""name_prefix"":""a"",""name_prefix_score"":1.0,""structural_similarity_score"":0.6}",0,a,exact,1,semantic_bus_hypothesis_v1
bitmanip_mask_low_w2__resyn__whole_output_cone__inf__output__y,bitmanip_mask_low_w2__resyn__whole_output_cone,inferred_bus_mode,false,true,output,output,"[""y_0"",""y_1""]","[""y_0"",""y_1""]",2,lsb_to_msb,unknown,0.700000,1.000000,1.000000,"[""name_prefix"",""index_contiguity"",""structural_similarity""]","{""index_contiguity_score"":1.0,""name_prefix"":""y"",""name_prefix_score"":1.0,""structural_similarity_score"":0.0}",0,y,exact,1,semantic_bus_hypothesis_v1
bitmanip_mask_low_w2__resyn2__whole_output_cone__inf__input__a,bitmanip_mask_low_w2__resyn2__whole_output_cone,inferred_bus_mode,false,true,input,data_operand,"[""a_0""]","[""a_0""]",1,lsb_to_msb,unknown,1.000000,1.000000,0.600000,"[""name_prefix"",""index_contiguity"",""structural_similarity""]","{""index_contiguity_score"":1.0,""name_prefix"":""a"",""name_prefix_score"":1.0,""structural_similarity_score"":1.0}",0,a,partial,1,semantic_bus_hypothesis_v1
bitmanip_mask_low_w2__resyn2__whole_output_cone__inf__output__y,bitmanip_mask_low_w2__resyn2__whole_output_cone,inferred_bus_mode,false,true,output,output,"[""y_0"",""y_1""]","[""y_0"",""y_1""]",2,lsb_to_msb,unknown,0.700000,1.000000,1.000000,"[""name_prefix"",""index_contiguity"",""structural_similarity""]","{""index_contiguity_score"":1.0,""name_prefix"":""y"",""name_prefix_score"":1.0,""structural_similarity_score"":0.0}",0,y,exact,1,semantic_bus_hypothesis_v1
bitmanip_mask_low_w2__rewrite__whole_output_cone__inf__input__a,bitmanip_mask_low_w2__rewrite__whole_output_cone,inferred_bus_mode,false,true,input,data_operand,"[""a_0"",""a_1""]","[""a_0"",""a_1""]",2,lsb_to_msb,unknown,0.880000,1.000000,0.800000,"[""name_prefix"",""index_contiguity"",""structural_similarity""]","{""index_contiguity_score"":1.0,""name_prefix"":""a"",""name_prefix_score"":1.0,""structural_similarity_score"":0.6}",0,a,exact,1,semantic_bus_hypothesis_v1
bitmanip_mask_low_w2__rewrite__whole_output_cone__inf__output__y,bitmanip_mask_low_w2__rewrite__whole_output_cone,inferred_bus_mode,false,true,output,output,"[""y_0"",""y_1""]","[""y_0"",""y_1""]",2,lsb_to_msb,unknown,0.700000,1.000000,1.000000,"[""name_prefix"",""index_contiguity"",""structural_similarity""]","{""index_contiguity_score"":1.0,""name_prefix"":""y"",""name_prefix_score"":1.0,""structural_similarity_score"":0.0}",0,y,exact,1,semantic_bus_hypothesis_v1
bitmanip_mask_low_w3__balance__whole_output_cone__inf__input__a,bitmanip_mask_low_w3__balance__whole_output_cone,inferred_bus_mode,false,true,input,data_operand,"[""a_0""]","[""a_0""]",1,lsb_to_msb,unknown,1.000000,1.000000,0.600000,"[""name_prefix"",""index_contiguity"",""structural_similarity""]","{""index_contiguity_score"":1.0,""name_prefix"":""a"",""name_prefix_score"":1.0,""structural_similarity_score"":1.0}",0,a,partial,1,semantic_bus_hypothesis_v1
bitmanip_mask_low_w3__balance__whole_output_cone__inf__output__y,bitmanip_mask_low_w3__balance__whole_output_cone,inferred_bus_mode,false,true,output,output,"[""y_0"",""y_1"",""y_2""]","[""y_0"",""y_1"",""y_2""]",3,lsb_to_msb,unknown,0.700000,1.000000,1.000000,"[""name_prefix"",""index_contiguity"",""structural_similarity""]","{""index_contiguity_score"":1.0,""name_prefix"":""y"",""name_prefix_score"":1.0,""structural_similarity_score"":0.0}",0,y,exact,1,semantic_bus_hypothesis_v1
bitmanip_mask_low_w3__compress2rs__whole_output_cone__inf__input__a,bitmanip_mask_low_w3__compress2rs__whole_output_cone,inferred_bus_mode,false,true,input,data_operand,"[""a_0""]","[""a_0""]",1,lsb_to_msb,unknown,1.000000,1.000000,0.600000,"[""name_prefix"",""index_contiguity"",""structural_similarity""]","{""index_contiguity_score"":1.0,""name_prefix"":""a"",""name_prefix_score"":1.0,""structural_similarity_score"":1.0}",0,a,partial,1,semantic_bus_hypothesis_v1
bitmanip_mask_low_w3__compress2rs__whole_output_cone__inf__output__y,bitmanip_mask_low_w3__compress2rs__whole_output_cone,inferred_bus_mode,false,true,output,output,"[""y_0"",""y_1"",""y_2""]","[""y_0"",""y_1"",""y_2""]",3,lsb_to_msb,unknown,0.700000,1.000000,1.000000,"[""name_prefix"",""index_contiguity"",""structural_similarity""]","{""index_contiguity_score"":1.0,""name_prefix"":""y"",""name_prefix_score"":1.0,""structural_similarity_score"":0.0}",0,y,exact,1,semantic_bus_hypothesis_v1
bitmanip_mask_low_w3__dc2__whole_output_cone__inf__input__a,bitmanip_mask_low_w3__dc2__whole_output_cone,inferred_bus_mode,false,true,input,data_operand,"[""a_0""]","[""a_0""]",1,lsb_to_msb,unknown,1.000000,1.000000,0.600000,"[""name_prefix"",""index_contiguity"",""structural_similarity""]","{""index_contiguity_score"":1.0,""name_prefix"":""a"",""name_prefix_score"":1.0,""structural_similarity_score"":1.0}",0,a,partial,1,semantic_bus_hypothesis_v1
bitmanip_mask_low_w3__dc2__whole_output_cone__inf__output__y,bitmanip_mask_low_w3__dc2__whole_output_cone,inferred_bus_mode,false,true,output,output,"[""y_0"",""y_1"",""y_2""]","[""y_0"",""y_1"",""y_2""]",3,lsb_to_msb,unknown,0.700000,1.000000,1.000000,"[""name_prefix"",""index_contiguity"",""structural_similarity""]","{""index_contiguity_score"":1.0,""name_prefix"":""y"",""name_prefix_score"":1.0,""structural_similarity_score"":0.0}",0,y,exact,1,semantic_bus_hypothesis_v1
bitmanip_mask_low_w3__identity__ground_truth_region__inf__input__a,bitmanip_mask_low_w3__identity__ground_truth_region,inferred_bus_mode,false,true,input,data_operand,"[""a_0"",""a_1"",""a_2""]","[""a_0"",""a_1"",""a_2""]",3,lsb_to_msb,unknown,0.800000,1.000000,0.800000,"[""name_prefix"",""index_contiguity"",""structural_similarity""]","{""index_contiguity_score"":1.0,""name_prefix"":""a"",""name_prefix_score"":1.0,""structural_similarity_score"":0.333333}",0,a,exact,1,semantic_bus_hypothesis_v1
bitmanip_mask_low_w3__identity__ground_truth_region__inf__output__y,bitmanip_mask_low_w3__identity__ground_truth_region,inferred_bus_mode,false,true,output,output,"[""y_0"",""y_1"",""y_2""]","[""y_0"",""y_1"",""y_2""]",3,lsb_to_msb,unknown,0.700000,1.000000,1.000000,"[""name_prefix"",""index_contiguity"",""structural_similarity""]","{""index_contiguity_score"":1.0,""name_prefix"":""y"",""name_prefix_score"":1.0,""structural_similarity_score"":0.0}",0,y,exact,1,semantic_bus_hypothesis_v1
bitmanip_mask_low_w3__identity__whole_output_cone__inf__input__a,bitmanip_mask_low_w3__identity__whole_output_cone,inferred_bus_mode,false,true,input,data_operand,"[""a_0"",""a_1"",""a_2""]","[""a_0"",""a_1"",""a_2""]",3,lsb_to_msb,unknown,0.800000,1.000000,0.800000,"[""name_prefix"",""index_contiguity"",""structural_similarity""]","{""index_contiguity_score"":1.0,""name_prefix"":""a"",""name_prefix_score"":1.0,""structural_similarity_score"":0.333333}",0,a,exact,1,semantic_bus_hypothesis_v1
bitmanip_mask_low_w3__identity__whole_output_cone__inf__output__y,bitmanip_mask_low_w3__identity__whole_output_cone,inferred_bus_mode,false,true,output,output,"[""y_0"",""y_1"",""y_2""]","[""y_0"",""y_1"",""y_2""]",3,lsb_to_msb,unknown,0.700000,1.000000,1.000000,"[""name_prefix"",""index_contiguity"",""structural_similarity""]","{""index_contiguity_score"":1.0,""name_prefix"":""y"",""name_prefix_score"":1.0,""structural_similarity_score"":0.0}",0,y,exact,1,semantic_bus_hypothesis_v1
bitmanip_mask_low_w3__refactor__whole_output_cone__inf__input__a,bitmanip_mask_low_w3__refactor__whole_output_cone,inferred_bus_mode,false,true,input,data_operand,"[""a_0""]","[""a_0""]",1,lsb_to_msb,unknown,1.000000,1.000000,0.600000,"[""name_prefix"",""index_contiguity"",""structural_similarity""]","{""index_contiguity_score"":1.0,""name_prefix"":""a"",""name_prefix_score"":1.0,""structural_similarity_score"":1.0}",0,a,partial,1,semantic_bus_hypothesis_v1
bitmanip_mask_low_w3__refactor__whole_output_cone__inf__output__y,bitmanip_mask_low_w3__refactor__whole_output_cone,inferred_bus_mode,false,true,output,output,"[""y_0"",""y_1"",""y_2""]","[""y_0"",""y_1"",""y_2""]",3,lsb_to_msb,unknown,0.700000,1.000000,1.000000,"[""name_prefix"",""index_contiguity"",""structural_similarity""]","{""index_contiguity_score"":1.0,""name_prefix"":""y"",""name_prefix_score"":1.0,""structural_similarity_score"":0.0}",0,y,exact,1,semantic_bus_hypothesis_v1
bitmanip_mask_low_w3__resub__whole_output_cone__inf__input__a,bitmanip_mask_low_w3__resub__whole_output_cone,inferred_bus_mode,false,true,input,data_operand,"[""a_0""]","[""a_0""]",1,lsb_to_msb,unknown,1.000000,1.000000,0.600000,"[""name_prefix"",""index_contiguity"",""structural_similarity""]","{""index_contiguity_score"":1.0,""name_prefix"":""a"",""name_prefix_score"":1.0,""structural_similarity_score"":1.0}",0,a,partial,1,semantic_bus_hypothesis_v1
bitmanip_mask_low_w3__resub__whole_output_cone__inf__output__y,bitmanip_mask_low_w3__resub__whole_output_cone,inferred_bus_mode,false,true,output,output,"[""y_0"",""y_1"",""y_2""]","[""y_0"",""y_1"",""y_2""]",3,lsb_to_msb,unknown,0.700000,1.000000,1.000000,"[""name_prefix"",""index_contiguity"",""structural_similarity""]","{""index_contiguity_score"":1.0,""name_prefix"":""y"",""name_prefix_score"":1.0,""structural_similarity_score"":0.0}",0,y,exact,1,semantic_bus_hypothesis_v1
bitmanip_mask_low_w3__resyn__whole_output_cone__inf__input__a,bitmanip_mask_low_w3__resyn__whole_output_cone,inferred_bus_mode,false,true,input,data_operand,"[""a_0""]","[""a_0""]",1,lsb_to_msb,unknown,1.000000,1.000000,0.600000,"[""name_prefix"",""index_contiguity"",""structural_similarity""]","{""index_contiguity_score"":1.0,""name_prefix"":""a"",""name_prefix_score"":1.0,""structural_similarity_score"":1.0}",0,a,partial,1,semantic_bus_hypothesis_v1
bitmanip_mask_low_w3__resyn__whole_output_cone__inf__output__y,bitmanip_mask_low_w3__resyn__whole_output_cone,inferred_bus_mode,false,true,output,output,"[""y_0"",""y_1"",""y_2""]","[""y_0"",""y_1"",""y_2""]",3,lsb_to_msb,unknown,0.700000,1.000000,1.000000,"[""name_prefix"",""index_contiguity"",""structural_similarity""]","{""index_contiguity_score"":1.0,""name_prefix"":""y"",""name_prefix_score"":1.0,""structural_similarity_score"":0.0}",0,y,exact,1,semantic_bus_hypothesis_v1
bitmanip_mask_low_w3__resyn2__whole_output_cone__inf__input__a,bitmanip_mask_low_w3__resyn2__whole_output_cone,inferred_bus_mode,false,true,input,data_operand,"[""a_0""]","[""a_0""]",1,lsb_to_msb,unknown,1.000000,1.000000,0.600000,"[""name_prefix"",""index_contiguity"",""structural_similarity""]","{""index_contiguity_score"":1.0,""name_prefix"":""a"",""name_prefix_score"":1.0,""structural_similarity_score"":1.0}",0,a,partial,1,semantic_bus_hypothesis_v1
bitmanip_mask_low_w3__resyn2__whole_output_cone__inf__output__y,bitmanip_mask_low_w3__resyn2__whole_output_cone,inferred_bus_mode,false,true,output,output,"[""y_0"",""y_1"",""y_2""]","[""y_0"",""y_1"",""y_2""]",3,lsb_to_msb,unknown,0.700000,1.000000,1.000000,"[""name_prefix"",""index_contiguity"",""structural_similarity""]","{""index_contiguity_score"":1.0,""name_prefix"":""y"",""name_prefix_score"":1.0,""structural_similarity_score"":0.0}",0,y,exact,1,semantic_bus_hypothesis_v1
bitmanip_mask_low_w3__rewrite__whole_output_cone__inf__input__a,bitmanip_mask_low_w3__rewrite__whole_output_cone,inferred_bus_mode,false,true,input,data_operand,"[""a_0""]","[""a_0""]",1,lsb_to_msb,unknown,1.000000,1.000000,0.600000,"[""name_prefix"",""index_contiguity"",""structural_similarity""]","{""index_contiguity_score"":1.0,""name_prefix"":""a"",""name_prefix_score"":1.0,""structural_similarity_score"":1.0}",0,a,partial,1,semantic_bus_hypothesis_v1
bitmanip_mask_low_w3__rewrite__whole_output_cone__inf__output__y,bitmanip_mask_low_w3__rewrite__whole_output_cone,inferred_bus_mode,false,true,output,output,"[""y_0"",""y_1"",""y_2""]","[""y_0"",""y_1"",""y_2""]",3,lsb_to_msb,unknown,0.700000,1.000000,1.000000,"[""name_prefix"",""index_contiguity"",""structural_similarity""]","{""index_contiguity_score"":1.0,""name_prefix"":""y"",""name_prefix_score"":1.0,""structural_similarity_score"":0.0}",0,y,exact,1,semantic_bus_hypothesis_v1
bitmanip_mask_low_w4__balance__whole_output_cone__inf__input__a,bitmanip_mask_low_w4__balance__whole_output_cone,inferred_bus_mode,false,true,input,data_operand,"[""a_0"",""a_1""]","[""a_0"",""a_1""]",2,lsb_to_msb,unknown,0.700000,1.000000,0.800000,"[""name_prefix"",""index_contiguity"",""structural_similarity""]","{""index_contiguity_score"":1.0,""name_prefix"":""a"",""name_prefix_score"":1.0,""structural_similarity_score"":0.0}",0,a,partial,1,semantic_bus_hypothesis_v1
bitmanip_mask_low_w4__balance__whole_output_cone__inf__output__y,bitmanip_mask_low_w4__balance__whole_output_cone,inferred_bus_mode,false,true,output,output,"[""y_0"",""y_1"",""y_2"",""y_3""]","[""y_0"",""y_1"",""y_2"",""y_3""]",4,lsb_to_msb,unknown,0.700000,1.000000,1.000000,"[""name_prefix"",""index_contiguity"",""structural_similarity""]","{""index_contiguity_score"":1.0,""name_prefix"":""y"",""name_prefix_score"":1.0,""structural_similarity_score"":0.0}",0,y,exact,1,semantic_bus_hypothesis_v1
bitmanip_mask_low_w4__compress2rs__whole_output_cone__inf__input__a,bitmanip_mask_low_w4__compress2rs__whole_output_cone,inferred_bus_mode,false,true,input,data_operand,"[""a_0"",""a_1""]","[""a_0"",""a_1""]",2,lsb_to_msb,unknown,0.700000,1.000000,0.800000,"[""name_prefix"",""index_contiguity"",""structural_similarity""]","{""index_contiguity_score"":1.0,""name_prefix"":""a"",""name_prefix_score"":1.0,""structural_similarity_score"":0.0}",0,a,partial,1,semantic_bus_hypothesis_v1
bitmanip_mask_low_w4__compress2rs__whole_output_cone__inf__output__y,bitmanip_mask_low_w4__compress2rs__whole_output_cone,inferred_bus_mode,false,true,output,output,"[""y_0"",""y_1"",""y_2"",""y_3""]","[""y_0"",""y_1"",""y_2"",""y_3""]",4,lsb_to_msb,unknown,0.700000,1.000000,1.000000,"[""name_prefix"",""index_contiguity"",""structural_similarity""]","{""index_contiguity_score"":1.0,""name_prefix"":""y"",""name_prefix_score"":1.0,""structural_similarity_score"":0.0}",0,y,exact,1,semantic_bus_hypothesis_v1
bitmanip_mask_low_w4__dc2__whole_output_cone__inf__input__a,bitmanip_mask_low_w4__dc2__whole_output_cone,inferred_bus_mode,false,true,input,data_operand,"[""a_0"",""a_1""]","[""a_0"",""a_1""]",2,lsb_to_msb,unknown,0.700000,1.000000,0.800000,"[""name_prefix"",""index_contiguity"",""structural_similarity""]","{""index_contiguity_score"":1.0,""name_prefix"":""a"",""name_prefix_score"":1.0,""structural_similarity_score"":0.0}",0,a,partial,1,semantic_bus_hypothesis_v1
bitmanip_mask_low_w4__dc2__whole_output_cone__inf__output__y,bitmanip_mask_low_w4__dc2__whole_output_cone,inferred_bus_mode,false,true,output,output,"[""y_0"",""y_1"",""y_2"",""y_3""]","[""y_0"",""y_1"",""y_2"",""y_3""]",4,lsb_to_msb,unknown,0.700000,1.000000,1.000000,"[""name_prefix"",""index_contiguity"",""structural_similarity""]","{""index_contiguity_score"":1.0,""name_prefix"":""y"",""name_prefix_score"":1.0,""structural_similarity_score"":0.0}",0,y,exact,1,semantic_bus_hypothesis_v1
bitmanip_mask_low_w4__identity__ground_truth_region__inf__input__a,bitmanip_mask_low_w4__identity__ground_truth_region,inferred_bus_mode,false,true,input,data_operand,"[""a_0"",""a_1"",""a_2"",""a_3""]","[""a_0"",""a_1"",""a_2"",""a_3""]",4,lsb_to_msb,unknown,0.850000,1.000000,0.800000,"[""name_prefix"",""index_contiguity"",""structural_similarity""]","{""index_contiguity_score"":1.0,""name_prefix"":""a"",""name_prefix_score"":1.0,""structural_similarity_score"":0.5}",0,a,exact,1,semantic_bus_hypothesis_v1
bitmanip_mask_low_w4__identity__ground_truth_region__inf__output__y,bitmanip_mask_low_w4__identity__ground_truth_region,inferred_bus_mode,false,true,output,output,"[""y_0"",""y_1"",""y_2"",""y_3""]","[""y_0"",""y_1"",""y_2"",""y_3""]",4,lsb_to_msb,unknown,0.733333,1.000000,1.000000,"[""name_prefix"",""index_contiguity"",""structural_similarity""]","{""index_contiguity_score"":1.0,""name_prefix"":""y"",""name_prefix_score"":1.0,""structural_similarity_score"":0.111111}",0,y,exact,1,semantic_bus_hypothesis_v1
bitmanip_mask_low_w4__identity__whole_output_cone__inf__input__a,bitmanip_mask_low_w4__identity__whole_output_cone,inferred_bus_mode,false,true,input,data_operand,"[""a_0"",""a_1"",""a_2"",""a_3""]","[""a_0"",""a_1"",""a_2"",""a_3""]",4,lsb_to_msb,unknown,0.850000,1.000000,0.800000,"[""name_prefix"",""index_contiguity"",""structural_similarity""]","{""index_contiguity_score"":1.0,""name_prefix"":""a"",""name_prefix_score"":1.0,""structural_similarity_score"":0.5}",0,a,exact,1,semantic_bus_hypothesis_v1
bitmanip_mask_low_w4__identity__whole_output_cone__inf__output__y,bitmanip_mask_low_w4__identity__whole_output_cone,inferred_bus_mode,false,true,output,output,"[""y_0"",""y_1"",""y_2"",""y_3""]","[""y_0"",""y_1"",""y_2"",""y_3""]",4,lsb_to_msb,unknown,0.733333,1.000000,1.000000,"[""name_prefix"",""index_contiguity"",""structural_similarity""]","{""index_contiguity_score"":1.0,""name_prefix"":""y"",""name_prefix_score"":1.0,""structural_similarity_score"":0.111111}",0,y,exact,1,semantic_bus_hypothesis_v1
bitmanip_mask_low_w4__refactor__whole_output_cone__inf__input__a,bitmanip_mask_low_w4__refactor__whole_output_cone,inferred_bus_mode,false,true,input,data_operand,"[""a_0"",""a_1""]","[""a_0"",""a_1""]",2,lsb_to_msb,unknown,0.700000,1.000000,0.800000,"[""name_prefix"",""index_contiguity"",""structural_similarity""]","{""index_contiguity_score"":1.0,""name_prefix"":""a"",""name_prefix_score"":1.0,""structural_similarity_score"":0.0}",0,a,partial,1,semantic_bus_hypothesis_v1
bitmanip_mask_low_w4__refactor__whole_output_cone__inf__output__y,bitmanip_mask_low_w4__refactor__whole_output_cone,inferred_bus_mode,false,true,output,output,"[""y_0"",""y_1"",""y_2"",""y_3""]","[""y_0"",""y_1"",""y_2"",""y_3""]",4,lsb_to_msb,unknown,0.700000,1.000000,1.000000,"[""name_prefix"",""index_contiguity"",""structural_similarity""]","{""index_contiguity_score"":1.0,""name_prefix"":""y"",""name_prefix_score"":1.0,""structural_similarity_score"":0.0}",0,y,exact,1,semantic_bus_hypothesis_v1
bitmanip_mask_low_w4__resub__whole_output_cone__inf__input__a,bitmanip_mask_low_w4__resub__whole_output_cone,inferred_bus_mode,false,true,input,data_operand,"[""a_0"",""a_1""]","[""a_0"",""a_1""]",2,lsb_to_msb,unknown,0.700000,1.000000,0.800000,"[""name_prefix"",""index_contiguity"",""structural_similarity""]","{""index_contiguity_score"":1.0,""name_prefix"":""a"",""name_prefix_score"":1.0,""structural_similarity_score"":0.0}",0,a,partial,1,semantic_bus_hypothesis_v1
bitmanip_mask_low_w4__resub__whole_output_cone__inf__output__y,bitmanip_mask_low_w4__resub__whole_output_cone,inferred_bus_mode,false,true,output,output,"[""y_0"",""y_1"",""y_2"",""y_3""]","[""y_0"",""y_1"",""y_2"",""y_3""]",4,lsb_to_msb,unknown,0.700000,1.000000,1.000000,"[""name_prefix"",""index_contiguity"",""structural_similarity""]","{""index_contiguity_score"":1.0,""name_prefix"":""y"",""name_prefix_score"":1.0,""structural_similarity_score"":0.0}",0,y,exact,1,semantic_bus_hypothesis_v1
bitmanip_mask_low_w4__resyn__whole_output_cone__inf__input__a,bitmanip_mask_low_w4__resyn__whole_output_cone,inferred_bus_mode,false,true,input,data_operand,"[""a_0"",""a_1""]","[""a_0"",""a_1""]",2,lsb_to_msb,unknown,0.700000,1.000000,0.800000,"[""name_prefix"",""index_contiguity"",""structural_similarity""]","{""index_contiguity_score"":1.0,""name_prefix"":""a"",""name_prefix_score"":1.0,""structural_similarity_score"":0.0}",0,a,partial,1,semantic_bus_hypothesis_v1
bitmanip_mask_low_w4__resyn__whole_output_cone__inf__output__y,bitmanip_mask_low_w4__resyn__whole_output_cone,inferred_bus_mode,false,true,output,output,"[""y_0"",""y_1"",""y_2"",""y_3""]","[""y_0"",""y_1"",""y_2"",""y_3""]",4,lsb_to_msb,unknown,0.700000,1.000000,1.000000,"[""name_prefix"",""index_contiguity"",""structural_similarity""]","{""index_contiguity_score"":1.0,""name_prefix"":""y"",""name_prefix_score"":1.0,""structural_similarity_score"":0.0}",0,y,exact,1,semantic_bus_hypothesis_v1
bitmanip_mask_low_w4__resyn2__whole_output_cone__inf__input__a,bitmanip_mask_low_w4__resyn2__whole_output_cone,inferred_bus_mode,false,true,input,data_operand,"[""a_0"",""a_1""]","[""a_0"",""a_1""]",2,lsb_to_msb,unknown,0.700000,1.000000,0.800000,"[""name_prefix"",""index_contiguity"",""structural_similarity""]","{""index_contiguity_score"":1.0,""name_prefix"":""a"",""name_prefix_score"":1.0,""structural_similarity_score"":0.0}",0,a,partial,1,semantic_bus_hypothesis_v1
bitmanip_mask_low_w4__resyn2__whole_output_cone__inf__output__y,bitmanip_mask_low_w4__resyn2__whole_output_cone,inferred_bus_mode,false,true,output,output,"[""y_0"",""y_1"",""y_2"",""y_3""]","[""y_0"",""y_1"",""y_2"",""y_3""]",4,lsb_to_msb,unknown,0.700000,1.000000,1.000000,"[""name_prefix"",""index_contiguity"",""structural_similarity""]","{""index_contiguity_score"":1.0,""name_prefix"":""y"",""name_prefix_score"":1.0,""structural_similarity_score"":0.0}",0,y,exact,1,semantic_bus_hypothesis_v1
bitmanip_mask_low_w4__rewrite__whole_output_cone__inf__input__a,bitmanip_mask_low_w4__rewrite__whole_output_cone,inferred_bus_mode,false,true,input,data_operand,"[""a_0"",""a_1""]","[""a_0"",""a_1""]",2,lsb_to_msb,unknown,0.700000,1.000000,0.800000,"[""name_prefix"",""index_contiguity"",""structural_similarity""]","{""index_contiguity_score"":1.0,""name_prefix"":""a"",""name_prefix_score"":1.0,""structural_similarity_score"":0.0}",0,a,partial,1,semantic_bus_hypothesis_v1
bitmanip_mask_low_w4__rewrite__whole_output_cone__inf__output__y,bitmanip_mask_low_w4__rewrite__whole_output_cone,inferred_bus_mode,false,true,output,output,"[""y_0"",""y_1"",""y_2"",""y_3""]","[""y_0"",""y_1"",""y_2"",""y_3""]",4,lsb_to_msb,unknown,0.700000,1.000000,1.000000,"[""name_prefix"",""index_contiguity"",""structural_similarity""]","{""index_contiguity_score"":1.0,""name_prefix"":""y"",""name_prefix_score"":1.0,""structural_similarity_score"":0.0}",0,y,exact,1,semantic_bus_hypothesis_v1
bitmanip_mask_low_w6__identity__ground_truth_region__inf__input__a,bitmanip_mask_low_w6__identity__ground_truth_region,inferred_bus_mode,false,true,input,data_operand,"[""a_0"",""a_1"",""a_2"",""a_3"",""a_4"",""a_5""]","[""a_0"",""a_1"",""a_2"",""a_3"",""a_4"",""a_5""]",6,lsb_to_msb,unknown,0.880000,1.000000,0.800000,"[""name_prefix"",""index_contiguity"",""structural_similarity""]","{""index_contiguity_score"":1.0,""name_prefix"":""a"",""name_prefix_score"":1.0,""structural_similarity_score"":0.6}",0,a,exact,1,semantic_bus_hypothesis_v1
bitmanip_mask_low_w6__identity__ground_truth_region__inf__output__y,bitmanip_mask_low_w6__identity__ground_truth_region,inferred_bus_mode,false,true,output,output,"[""y_0"",""y_1"",""y_2"",""y_3"",""y_4"",""y_5""]","[""y_0"",""y_1"",""y_2"",""y_3"",""y_4"",""y_5""]",6,lsb_to_msb,unknown,0.745000,1.000000,1.000000,"[""name_prefix"",""index_contiguity"",""structural_similarity""]","{""index_contiguity_score"":1.0,""name_prefix"":""y"",""name_prefix_score"":1.0,""structural_similarity_score"":0.15}",0,y,exact,1,semantic_bus_hypothesis_v1
bitmanip_mask_low_w6__identity__whole_output_cone__inf__input__a,bitmanip_mask_low_w6__identity__whole_output_cone,inferred_bus_mode,false,true,input,data_operand,"[""a_0"",""a_1"",""a_2"",""a_3"",""a_4"",""a_5""]","[""a_0"",""a_1"",""a_2"",""a_3"",""a_4"",""a_5""]",6,lsb_to_msb,unknown,0.880000,1.000000,0.800000,"[""name_prefix"",""index_contiguity"",""structural_similarity""]","{""index_contiguity_score"":1.0,""name_prefix"":""a"",""name_prefix_score"":1.0,""structural_similarity_score"":0.6}",0,a,exact,1,semantic_bus_hypothesis_v1
bitmanip_mask_low_w6__identity__whole_output_cone__inf__output__y,bitmanip_mask_low_w6__identity__whole_output_cone,inferred_bus_mode,false,true,output,output,"[""y_0"",""y_1"",""y_2"",""y_3"",""y_4"",""y_5""]","[""y_0"",""y_1"",""y_2"",""y_3"",""y_4"",""y_5""]",6,lsb_to_msb,unknown,0.745000,1.000000,1.000000,"[""name_prefix"",""index_contiguity"",""structural_similarity""]","{""index_contiguity_score"":1.0,""name_prefix"":""y"",""name_prefix_score"":1.0,""structural_similarity_score"":0.15}",0,y,exact,1,semantic_bus_hypothesis_v1
bitmanip_mask_low_w8__identity__ground_truth_region__inf__input__a,bitmanip_mask_low_w8__identity__ground_truth_region,inferred_bus_mode,false,true,input,data_operand,"[""a_0"",""a_1"",""a_2"",""a_3"",""a_4"",""a_5"",""a_6"",""a_7""]","[""a_0"",""a_1"",""a_2"",""a_3"",""a_4"",""a_5"",""a_6"",""a_7""]",8,lsb_to_msb,unknown,0.900000,1.000000,0.800000,"[""name_prefix"",""index_contiguity"",""structural_similarity""]","{""index_contiguity_score"":1.0,""name_prefix"":""a"",""name_prefix_score"":1.0,""structural_similarity_score"":0.666667}",0,a,exact,1,semantic_bus_hypothesis_v1
bitmanip_mask_low_w8__identity__ground_truth_region__inf__output__y,bitmanip_mask_low_w8__identity__ground_truth_region,inferred_bus_mode,false,true,output,output,"[""y_0"",""y_1"",""y_2"",""y_3"",""y_4"",""y_5"",""y_6"",""y_7""]","[""y_0"",""y_1"",""y_2"",""y_3"",""y_4"",""y_5"",""y_6"",""y_7""]",8,lsb_to_msb,unknown,0.751429,1.000000,1.000000,"[""name_prefix"",""index_contiguity"",""structural_similarity""]","{""index_contiguity_score"":1.0,""name_prefix"":""y"",""name_prefix_score"":1.0,""structural_similarity_score"":0.171429}",0,y,exact,1,semantic_bus_hypothesis_v1
bitmanip_mask_low_w8__identity__whole_output_cone__inf__input__a,bitmanip_mask_low_w8__identity__whole_output_cone,inferred_bus_mode,false,true,input,data_operand,"[""a_0"",""a_1"",""a_2"",""a_3"",""a_4"",""a_5"",""a_6"",""a_7""]","[""a_0"",""a_1"",""a_2"",""a_3"",""a_4"",""a_5"",""a_6"",""a_7""]",8,lsb_to_msb,unknown,0.900000,1.000000,0.800000,"[""name_prefix"",""index_contiguity"",""structural_similarity""]","{""index_contiguity_score"":1.0,""name_prefix"":""a"",""name_prefix_score"":1.0,""structural_similarity_score"":0.666667}",0,a,exact,1,semantic_bus_hypothesis_v1
bitmanip_mask_low_w8__identity__whole_output_cone__inf__output__y,bitmanip_mask_low_w8__identity__whole_output_cone,inferred_bus_mode,false,true,output,output,"[""y_0"",""y_1"",""y_2"",""y_3"",""y_4"",""y_5"",""y_6"",""y_7""]","[""y_0"",""y_1"",""y_2"",""y_3"",""y_4"",""y_5"",""y_6"",""y_7""]",8,lsb_to_msb,unknown,0.751429,1.000000,1.000000,"[""name_prefix"",""index_contiguity"",""structural_similarity""]","{""index_contiguity_score"":1.0,""name_prefix"":""y"",""name_prefix_score"":1.0,""structural_similarity_score"":0.171429}",0,y,exact,1,semantic_bus_hypothesis_v1
bitmanip_rotate_left_w2__balance__whole_output_cone__inf__input__a,bitmanip_rotate_left_w2__balance__whole_output_cone,inferred_bus_mode,false,true,input,data_operand,"[""a_0"",""a_1""]","[""a_0"",""a_1""]",2,lsb_to_msb,unknown,0.914286,1.000000,0.800000,"[""name_prefix"",""index_contiguity"",""structural_similarity""]","{""index_contiguity_score"":1.0,""name_prefix"":""a"",""name_prefix_score"":1.0,""structural_similarity_score"":0.714286}",0,a,exact,1,semantic_bus_hypothesis_v1
bitmanip_rotate_left_w2__balance__whole_output_cone__inf__output__y,bitmanip_rotate_left_w2__balance__whole_output_cone,inferred_bus_mode,false,true,output,output,"[""y_0"",""y_1""]","[""y_0"",""y_1""]",2,lsb_to_msb,unknown,0.828571,1.000000,1.000000,"[""name_prefix"",""index_contiguity"",""structural_similarity""]","{""index_contiguity_score"":1.0,""name_prefix"":""y"",""name_prefix_score"":1.0,""structural_similarity_score"":0.428571}",0,y,exact,1,semantic_bus_hypothesis_v1
bitmanip_rotate_left_w2__compress2rs__whole_output_cone__inf__input__a,bitmanip_rotate_left_w2__compress2rs__whole_output_cone,inferred_bus_mode,false,true,input,data_operand,"[""a_0"",""a_1""]","[""a_0"",""a_1""]",2,lsb_to_msb,unknown,0.700000,1.000000,0.800000,"[""name_prefix"",""index_contiguity"",""structural_similarity""]","{""index_contiguity_score"":1.0,""name_prefix"":""a"",""name_prefix_score"":1.0,""structural_similarity_score"":0.0}",0,a,exact,1,semantic_bus_hypothesis_v1
bitmanip_rotate_left_w2__compress2rs__whole_output_cone__inf__output__y,bitmanip_rotate_left_w2__compress2rs__whole_output_cone,inferred_bus_mode,false,true,output,output,"[""y_0"",""y_1""]","[""y_0"",""y_1""]",2,lsb_to_msb,unknown,0.700000,1.000000,1.000000,"[""name_prefix"",""index_contiguity"",""structural_similarity""]","{""index_contiguity_score"":1.0,""name_prefix"":""y"",""name_prefix_score"":1.0,""structural_similarity_score"":0.0}",0,y,exact,1,semantic_bus_hypothesis_v1
bitmanip_rotate_left_w2__dc2__whole_output_cone__inf__input__a,bitmanip_rotate_left_w2__dc2__whole_output_cone,inferred_bus_mode,false,true,input,data_operand,"[""a_0"",""a_1""]","[""a_0"",""a_1""]",2,lsb_to_msb,unknown,0.700000,1.000000,0.800000,"[""name_prefix"",""index_contiguity"",""structural_similarity""]","{""index_contiguity_score"":1.0,""name_prefix"":""a"",""name_prefix_score"":1.0,""structural_similarity_score"":0.0}",0,a,exact,1,semantic_bus_hypothesis_v1
bitmanip_rotate_left_w2__dc2__whole_output_cone__inf__output__y,bitmanip_rotate_left_w2__dc2__whole_output_cone,inferred_bus_mode,false,true,output,output,"[""y_0"",""y_1""]","[""y_0"",""y_1""]",2,lsb_to_msb,unknown,0.700000,1.000000,1.000000,"[""name_prefix"",""index_contiguity"",""structural_similarity""]","{""index_contiguity_score"":1.0,""name_prefix"":""y"",""name_prefix_score"":1.0,""structural_similarity_score"":0.0}",0,y,exact,1,semantic_bus_hypothesis_v1
bitmanip_rotate_left_w2__identity__ground_truth_region__inf__input__a,bitmanip_rotate_left_w2__identity__ground_truth_region,inferred_bus_mode,false,true,input,data_operand,"[""a_0"",""a_1""]","[""a_0"",""a_1""]",2,lsb_to_msb,unknown,0.850000,1.000000,0.800000,"[""name_prefix"",""index_contiguity"",""structural_similarity""]","{""index_contiguity_score"":1.0,""name_prefix"":""a"",""name_prefix_score"":1.0,""structural_similarity_score"":0.5}",0,a,exact,1,semantic_bus_hypothesis_v1
bitmanip_rotate_left_w2__identity__ground_truth_region__inf__output__y,bitmanip_rotate_left_w2__identity__ground_truth_region,inferred_bus_mode,false,true,output,output,"[""y_0"",""y_1""]","[""y_0"",""y_1""]",2,lsb_to_msb,unknown,0.850000,1.000000,1.000000,"[""name_prefix"",""index_contiguity"",""structural_similarity""]","{""index_contiguity_score"":1.0,""name_prefix"":""y"",""name_prefix_score"":1.0,""structural_similarity_score"":0.5}",0,y,exact,1,semantic_bus_hypothesis_v1
bitmanip_rotate_left_w2__identity__whole_output_cone__inf__input__a,bitmanip_rotate_left_w2__identity__whole_output_cone,inferred_bus_mode,false,true,input,data_operand,"[""a_0"",""a_1""]","[""a_0"",""a_1""]",2,lsb_to_msb,unknown,0.850000,1.000000,0.800000,"[""name_prefix"",""index_contiguity"",""structural_similarity""]","{""index_contiguity_score"":1.0,""name_prefix"":""a"",""name_prefix_score"":1.0,""structural_similarity_score"":0.5}",0,a,exact,1,semantic_bus_hypothesis_v1
bitmanip_rotate_left_w2__identity__whole_output_cone__inf__output__y,bitmanip_rotate_left_w2__identity__whole_output_cone,inferred_bus_mode,false,true,output,output,"[""y_0"",""y_1""]","[""y_0"",""y_1""]",2,lsb_to_msb,unknown,0.850000,1.000000,1.000000,"[""name_prefix"",""index_contiguity"",""structural_similarity""]","{""index_contiguity_score"":1.0,""name_prefix"":""y"",""name_prefix_score"":1.0,""structural_similarity_score"":0.5}",0,y,exact,1,semantic_bus_hypothesis_v1
bitmanip_rotate_left_w2__refactor__whole_output_cone__inf__input__a,bitmanip_rotate_left_w2__refactor__whole_output_cone,inferred_bus_mode,false,true,input,data_operand,"[""a_0"",""a_1""]","[""a_0"",""a_1""]",2,lsb_to_msb,unknown,0.700000,1.000000,0.800000,"[""name_prefix"",""index_contiguity"",""structural_similarity""]","{""index_contiguity_score"":1.0,""name_prefix"":""a"",""name_prefix_score"":1.0,""structural_similarity_score"":0.0}",0,a,exact,1,semantic_bus_hypothesis_v1
bitmanip_rotate_left_w2__refactor__whole_output_cone__inf__output__y,bitmanip_rotate_left_w2__refactor__whole_output_cone,inferred_bus_mode,false,true,output,output,"[""y_0"",""y_1""]","[""y_0"",""y_1""]",2,lsb_to_msb,unknown,0.700000,1.000000,1.000000,"[""name_prefix"",""index_contiguity"",""structural_similarity""]","{""index_contiguity_score"":1.0,""name_prefix"":""y"",""name_prefix_score"":1.0,""structural_similarity_score"":0.0}",0,y,exact,1,semantic_bus_hypothesis_v1
bitmanip_rotate_left_w2__resub__whole_output_cone__inf__input__a,bitmanip_rotate_left_w2__resub__whole_output_cone,inferred_bus_mode,false,true,input,data_operand,"[""a_0"",""a_1""]","[""a_0"",""a_1""]",2,lsb_to_msb,unknown,0.700000,1.000000,0.800000,"[""name_prefix"",""index_contiguity"",""structural_similarity""]","{""index_contiguity_score"":1.0,""name_prefix"":""a"",""name_prefix_score"":1.0,""structural_similarity_score"":0.0}",0,a,exact,1,semantic_bus_hypothesis_v1
bitmanip_rotate_left_w2__resub__whole_output_cone__inf__output__y,bitmanip_rotate_left_w2__resub__whole_output_cone,inferred_bus_mode,false,true,output,output,"[""y_0"",""y_1""]","[""y_0"",""y_1""]",2,lsb_to_msb,unknown,0.700000,1.000000,1.000000,"[""name_prefix"",""index_contiguity"",""structural_similarity""]","{""index_contiguity_score"":1.0,""name_prefix"":""y"",""name_prefix_score"":1.0,""structural_similarity_score"":0.0}",0,y,exact,1,semantic_bus_hypothesis_v1
bitmanip_rotate_left_w2__resyn__whole_output_cone__inf__input__a,bitmanip_rotate_left_w2__resyn__whole_output_cone,inferred_bus_mode,false,true,input,data_operand,"[""a_0"",""a_1""]","[""a_0"",""a_1""]",2,lsb_to_msb,unknown,0.914286,1.000000,0.800000,"[""name_prefix"",""index_contiguity"",""structural_similarity""]","{""index_contiguity_score"":1.0,""name_prefix"":""a"",""name_prefix_score"":1.0,""structural_similarity_score"":0.714286}",0,a,exact,1,semantic_bus_hypothesis_v1
bitmanip_rotate_left_w2__resyn__whole_output_cone__inf__output__y,bitmanip_rotate_left_w2__resyn__whole_output_cone,inferred_bus_mode,false,true,output,output,"[""y_0"",""y_1""]","[""y_0"",""y_1""]",2,lsb_to_msb,unknown,0.828571,1.000000,1.000000,"[""name_prefix"",""index_contiguity"",""structural_similarity""]","{""index_contiguity_score"":1.0,""name_prefix"":""y"",""name_prefix_score"":1.0,""structural_similarity_score"":0.428571}",0,y,exact,1,semantic_bus_hypothesis_v1
bitmanip_rotate_left_w2__resyn2__whole_output_cone__inf__input__a,bitmanip_rotate_left_w2__resyn2__whole_output_cone,inferred_bus_mode,false,true,input,data_operand,"[""a_0"",""a_1""]","[""a_0"",""a_1""]",2,lsb_to_msb,unknown,0.700000,1.000000,0.800000,"[""name_prefix"",""index_contiguity"",""structural_similarity""]","{""index_contiguity_score"":1.0,""name_prefix"":""a"",""name_prefix_score"":1.0,""structural_similarity_score"":0.0}",0,a,exact,1,semantic_bus_hypothesis_v1
bitmanip_rotate_left_w2__resyn2__whole_output_cone__inf__output__y,bitmanip_rotate_left_w2__resyn2__whole_output_cone,inferred_bus_mode,false,true,output,output,"[""y_0"",""y_1""]","[""y_0"",""y_1""]",2,lsb_to_msb,unknown,0.700000,1.000000,1.000000,"[""name_prefix"",""index_contiguity"",""structural_similarity""]","{""index_contiguity_score"":1.0,""name_prefix"":""y"",""name_prefix_score"":1.0,""structural_similarity_score"":0.0}",0,y,exact,1,semantic_bus_hypothesis_v1
bitmanip_rotate_left_w2__rewrite__whole_output_cone__inf__input__a,bitmanip_rotate_left_w2__rewrite__whole_output_cone,inferred_bus_mode,false,true,input,data_operand,"[""a_0"",""a_1""]","[""a_0"",""a_1""]",2,lsb_to_msb,unknown,0.914286,1.000000,0.800000,"[""name_prefix"",""index_contiguity"",""structural_similarity""]","{""index_contiguity_score"":1.0,""name_prefix"":""a"",""name_prefix_score"":1.0,""structural_similarity_score"":0.714286}",0,a,exact,1,semantic_bus_hypothesis_v1
bitmanip_rotate_left_w2__rewrite__whole_output_cone__inf__output__y,bitmanip_rotate_left_w2__rewrite__whole_output_cone,inferred_bus_mode,false,true,output,output,"[""y_0"",""y_1""]","[""y_0"",""y_1""]",2,lsb_to_msb,unknown,0.828571,1.000000,1.000000,"[""name_prefix"",""index_contiguity"",""structural_similarity""]","{""index_contiguity_score"":1.0,""name_prefix"":""y"",""name_prefix_score"":1.0,""structural_similarity_score"":0.428571}",0,y,exact,1,semantic_bus_hypothesis_v1
bitmanip_rotate_left_w3__balance__whole_output_cone__inf__input__a,bitmanip_rotate_left_w3__balance__whole_output_cone,inferred_bus_mode,false,true,input,data_operand,"[""a_0"",""a_1"",""a_2""]","[""a_0"",""a_1"",""a_2""]",3,lsb_to_msb,unknown,0.700000,1.000000,0.800000,"[""name_prefix"",""index_contiguity"",""structural_similarity""]","{""index_contiguity_score"":1.0,""name_prefix"":""a"",""name_prefix_score"":1.0,""structural_similarity_score"":0.0}",0,a,exact,1,semantic_bus_hypothesis_v1
bitmanip_rotate_left_w3__balance__whole_output_cone__inf__output__y,bitmanip_rotate_left_w3__balance__whole_output_cone,inferred_bus_mode,false,true,output,output,"[""y_0"",""y_1"",""y_2""]","[""y_0"",""y_1"",""y_2""]",3,lsb_to_msb,unknown,0.700000,1.000000,1.000000,"[""name_prefix"",""index_contiguity"",""structural_similarity""]","{""index_contiguity_score"":1.0,""name_prefix"":""y"",""name_prefix_score"":1.0,""structural_similarity_score"":0.0}",0,y,exact,1,semantic_bus_hypothesis_v1
bitmanip_rotate_left_w3__compress2rs__whole_output_cone__inf__input__a,bitmanip_rotate_left_w3__compress2rs__whole_output_cone,inferred_bus_mode,false,true,input,data_operand,"[""a_0"",""a_1"",""a_2""]","[""a_0"",""a_1"",""a_2""]",3,lsb_to_msb,unknown,0.700000,1.000000,0.800000,"[""name_prefix"",""index_contiguity"",""structural_similarity""]","{""index_contiguity_score"":1.0,""name_prefix"":""a"",""name_prefix_score"":1.0,""structural_similarity_score"":0.0}",0,a,exact,1,semantic_bus_hypothesis_v1
bitmanip_rotate_left_w3__compress2rs__whole_output_cone__inf__output__y,bitmanip_rotate_left_w3__compress2rs__whole_output_cone,inferred_bus_mode,false,true,output,output,"[""y_0"",""y_1"",""y_2""]","[""y_0"",""y_1"",""y_2""]",3,lsb_to_msb,unknown,0.700000,1.000000,1.000000,"[""name_prefix"",""index_contiguity"",""structural_similarity""]","{""index_contiguity_score"":1.0,""name_prefix"":""y"",""name_prefix_score"":1.0,""structural_similarity_score"":0.0}",0,y,exact,1,semantic_bus_hypothesis_v1
bitmanip_rotate_left_w3__dc2__whole_output_cone__inf__input__a,bitmanip_rotate_left_w3__dc2__whole_output_cone,inferred_bus_mode,false,true,input,data_operand,"[""a_0"",""a_1"",""a_2""]","[""a_0"",""a_1"",""a_2""]",3,lsb_to_msb,unknown,0.700000,1.000000,0.800000,"[""name_prefix"",""index_contiguity"",""structural_similarity""]","{""index_contiguity_score"":1.0,""name_prefix"":""a"",""name_prefix_score"":1.0,""structural_similarity_score"":0.0}",0,a,exact,1,semantic_bus_hypothesis_v1
bitmanip_rotate_left_w3__dc2__whole_output_cone__inf__output__y,bitmanip_rotate_left_w3__dc2__whole_output_cone,inferred_bus_mode,false,true,output,output,"[""y_0"",""y_1"",""y_2""]","[""y_0"",""y_1"",""y_2""]",3,lsb_to_msb,unknown,0.700000,1.000000,1.000000,"[""name_prefix"",""index_contiguity"",""structural_similarity""]","{""index_contiguity_score"":1.0,""name_prefix"":""y"",""name_prefix_score"":1.0,""structural_similarity_score"":0.0}",0,y,exact,1,semantic_bus_hypothesis_v1
bitmanip_rotate_left_w3__identity__ground_truth_region__inf__input__a,bitmanip_rotate_left_w3__identity__ground_truth_region,inferred_bus_mode,false,true,input,data_operand,"[""a_0"",""a_1"",""a_2""]","[""a_0"",""a_1"",""a_2""]",3,lsb_to_msb,unknown,0.880000,1.000000,0.800000,"[""name_prefix"",""index_contiguity"",""structural_similarity""]","{""index_contiguity_score"":1.0,""name_prefix"":""a"",""name_prefix_score"":1.0,""structural_similarity_score"":0.6}",0,a,exact,1,semantic_bus_hypothesis_v1
bitmanip_rotate_left_w3__identity__ground_truth_region__inf__output__y,bitmanip_rotate_left_w3__identity__ground_truth_region,inferred_bus_mode,false,true,output,output,"[""y_0"",""y_1"",""y_2""]","[""y_0"",""y_1"",""y_2""]",3,lsb_to_msb,unknown,0.880000,1.000000,1.000000,"[""name_prefix"",""index_contiguity"",""structural_similarity""]","{""index_contiguity_score"":1.0,""name_prefix"":""y"",""name_prefix_score"":1.0,""structural_similarity_score"":0.6}",0,y,exact,1,semantic_bus_hypothesis_v1
bitmanip_rotate_left_w3__identity__whole_output_cone__inf__input__a,bitmanip_rotate_left_w3__identity__whole_output_cone,inferred_bus_mode,false,true,input,data_operand,"[""a_0"",""a_1"",""a_2""]","[""a_0"",""a_1"",""a_2""]",3,lsb_to_msb,unknown,0.880000,1.000000,0.800000,"[""name_prefix"",""index_contiguity"",""structural_similarity""]","{""index_contiguity_score"":1.0,""name_prefix"":""a"",""name_prefix_score"":1.0,""structural_similarity_score"":0.6}",0,a,exact,1,semantic_bus_hypothesis_v1
bitmanip_rotate_left_w3__identity__whole_output_cone__inf__output__y,bitmanip_rotate_left_w3__identity__whole_output_cone,inferred_bus_mode,false,true,output,output,"[""y_0"",""y_1"",""y_2""]","[""y_0"",""y_1"",""y_2""]",3,lsb_to_msb,unknown,0.880000,1.000000,1.000000,"[""name_prefix"",""index_contiguity"",""structural_similarity""]","{""index_contiguity_score"":1.0,""name_prefix"":""y"",""name_prefix_score"":1.0,""structural_similarity_score"":0.6}",0,y,exact,1,semantic_bus_hypothesis_v1
bitmanip_rotate_left_w3__refactor__whole_output_cone__inf__input__a,bitmanip_rotate_left_w3__refactor__whole_output_cone,inferred_bus_mode,false,true,input,data_operand,"[""a_0"",""a_1"",""a_2""]","[""a_0"",""a_1"",""a_2""]",3,lsb_to_msb,unknown,0.700000,1.000000,0.800000,"[""name_prefix"",""index_contiguity"",""structural_similarity""]","{""index_contiguity_score"":1.0,""name_prefix"":""a"",""name_prefix_score"":1.0,""structural_similarity_score"":0.0}",0,a,exact,1,semantic_bus_hypothesis_v1
bitmanip_rotate_left_w3__refactor__whole_output_cone__inf__output__y,bitmanip_rotate_left_w3__refactor__whole_output_cone,inferred_bus_mode,false,true,output,output,"[""y_0"",""y_1"",""y_2""]","[""y_0"",""y_1"",""y_2""]",3,lsb_to_msb,unknown,0.700000,1.000000,1.000000,"[""name_prefix"",""index_contiguity"",""structural_similarity""]","{""index_contiguity_score"":1.0,""name_prefix"":""y"",""name_prefix_score"":1.0,""structural_similarity_score"":0.0}",0,y,exact,1,semantic_bus_hypothesis_v1
bitmanip_rotate_left_w3__resub__whole_output_cone__inf__input__a,bitmanip_rotate_left_w3__resub__whole_output_cone,inferred_bus_mode,false,true,input,data_operand,"[""a_0"",""a_1"",""a_2""]","[""a_0"",""a_1"",""a_2""]",3,lsb_to_msb,unknown,0.700000,1.000000,0.800000,"[""name_prefix"",""index_contiguity"",""structural_similarity""]","{""index_contiguity_score"":1.0,""name_prefix"":""a"",""name_prefix_score"":1.0,""structural_similarity_score"":0.0}",0,a,exact,1,semantic_bus_hypothesis_v1
bitmanip_rotate_left_w3__resub__whole_output_cone__inf__output__y,bitmanip_rotate_left_w3__resub__whole_output_cone,inferred_bus_mode,false,true,output,output,"[""y_0"",""y_1"",""y_2""]","[""y_0"",""y_1"",""y_2""]",3,lsb_to_msb,unknown,0.700000,1.000000,1.000000,"[""name_prefix"",""index_contiguity"",""structural_similarity""]","{""index_contiguity_score"":1.0,""name_prefix"":""y"",""name_prefix_score"":1.0,""structural_similarity_score"":0.0}",0,y,exact,1,semantic_bus_hypothesis_v1
bitmanip_rotate_left_w3__resyn__whole_output_cone__inf__input__a,bitmanip_rotate_left_w3__resyn__whole_output_cone,inferred_bus_mode,false,true,input,data_operand,"[""a_0"",""a_1"",""a_2""]","[""a_0"",""a_1"",""a_2""]",3,lsb_to_msb,unknown,0.700000,1.000000,0.800000,"[""name_prefix"",""index_contiguity"",""structural_similarity""]","{""index_contiguity_score"":1.0,""name_prefix"":""a"",""name_prefix_score"":1.0,""structural_similarity_score"":0.0}",0,a,exact,1,semantic_bus_hypothesis_v1
bitmanip_rotate_left_w3__resyn__whole_output_cone__inf__output__y,bitmanip_rotate_left_w3__resyn__whole_output_cone,inferred_bus_mode,false,true,output,output,"[""y_0"",""y_1"",""y_2""]","[""y_0"",""y_1"",""y_2""]",3,lsb_to_msb,unknown,0.700000,1.000000,1.000000,"[""name_prefix"",""index_contiguity"",""structural_similarity""]","{""index_contiguity_score"":1.0,""name_prefix"":""y"",""name_prefix_score"":1.0,""structural_similarity_score"":0.0}",0,y,exact,1,semantic_bus_hypothesis_v1
bitmanip_rotate_left_w3__resyn2__whole_output_cone__inf__input__a,bitmanip_rotate_left_w3__resyn2__whole_output_cone,inferred_bus_mode,false,true,input,data_operand,"[""a_0"",""a_1"",""a_2""]","[""a_0"",""a_1"",""a_2""]",3,lsb_to_msb,unknown,0.700000,1.000000,0.800000,"[""name_prefix"",""index_contiguity"",""structural_similarity""]","{""index_contiguity_score"":1.0,""name_prefix"":""a"",""name_prefix_score"":1.0,""structural_similarity_score"":0.0}",0,a,exact,1,semantic_bus_hypothesis_v1
bitmanip_rotate_left_w3__resyn2__whole_output_cone__inf__output__y,bitmanip_rotate_left_w3__resyn2__whole_output_cone,inferred_bus_mode,false,true,output,output,"[""y_0"",""y_1"",""y_2""]","[""y_0"",""y_1"",""y_2""]",3,lsb_to_msb,unknown,0.700000,1.000000,1.000000,"[""name_prefix"",""index_contiguity"",""structural_similarity""]","{""index_contiguity_score"":1.0,""name_prefix"":""y"",""name_prefix_score"":1.0,""structural_similarity_score"":0.0}",0,y,exact,1,semantic_bus_hypothesis_v1
bitmanip_rotate_left_w3__rewrite__whole_output_cone__inf__input__a,bitmanip_rotate_left_w3__rewrite__whole_output_cone,inferred_bus_mode,false,true,input,data_operand,"[""a_0"",""a_1"",""a_2""]","[""a_0"",""a_1"",""a_2""]",3,lsb_to_msb,unknown,0.700000,1.000000,0.800000,"[""name_prefix"",""index_contiguity"",""structural_similarity""]","{""index_contiguity_score"":1.0,""name_prefix"":""a"",""name_prefix_score"":1.0,""structural_similarity_score"":0.0}",0,a,exact,1,semantic_bus_hypothesis_v1
bitmanip_rotate_left_w3__rewrite__whole_output_cone__inf__output__y,bitmanip_rotate_left_w3__rewrite__whole_output_cone,inferred_bus_mode,false,true,output,output,"[""y_0"",""y_1"",""y_2""]","[""y_0"",""y_1"",""y_2""]",3,lsb_to_msb,unknown,0.700000,1.000000,1.000000,"[""name_prefix"",""index_contiguity"",""structural_similarity""]","{""index_contiguity_score"":1.0,""name_prefix"":""y"",""name_prefix_score"":1.0,""structural_similarity_score"":0.0}",0,y,exact,1,semantic_bus_hypothesis_v1
bitmanip_rotate_left_w4__balance__whole_output_cone__inf__input__a,bitmanip_rotate_left_w4__balance__whole_output_cone,inferred_bus_mode,false,true,input,data_operand,"[""a_0"",""a_1"",""a_2"",""a_3""]","[""a_0"",""a_1"",""a_2"",""a_3""]",4,lsb_to_msb,unknown,0.700000,1.000000,0.800000,"[""name_prefix"",""index_contiguity"",""structural_similarity""]","{""index_contiguity_score"":1.0,""name_prefix"":""a"",""name_prefix_score"":1.0,""structural_similarity_score"":0.0}",0,a,exact,1,semantic_bus_hypothesis_v1
bitmanip_rotate_left_w4__balance__whole_output_cone__inf__output__y,bitmanip_rotate_left_w4__balance__whole_output_cone,inferred_bus_mode,false,true,output,output,"[""y_0"",""y_1"",""y_2"",""y_3""]","[""y_0"",""y_1"",""y_2"",""y_3""]",4,lsb_to_msb,unknown,0.700000,1.000000,1.000000,"[""name_prefix"",""index_contiguity"",""structural_similarity""]","{""index_contiguity_score"":1.0,""name_prefix"":""y"",""name_prefix_score"":1.0,""structural_similarity_score"":0.0}",0,y,exact,1,semantic_bus_hypothesis_v1
bitmanip_rotate_left_w4__compress2rs__whole_output_cone__inf__input__a,bitmanip_rotate_left_w4__compress2rs__whole_output_cone,inferred_bus_mode,false,true,input,data_operand,"[""a_0"",""a_1"",""a_2"",""a_3""]","[""a_0"",""a_1"",""a_2"",""a_3""]",4,lsb_to_msb,unknown,0.700000,1.000000,0.800000,"[""name_prefix"",""index_contiguity"",""structural_similarity""]","{""index_contiguity_score"":1.0,""name_prefix"":""a"",""name_prefix_score"":1.0,""structural_similarity_score"":0.0}",0,a,exact,1,semantic_bus_hypothesis_v1
bitmanip_rotate_left_w4__compress2rs__whole_output_cone__inf__output__y,bitmanip_rotate_left_w4__compress2rs__whole_output_cone,inferred_bus_mode,false,true,output,output,"[""y_0"",""y_1"",""y_2"",""y_3""]","[""y_0"",""y_1"",""y_2"",""y_3""]",4,lsb_to_msb,unknown,0.700000,1.000000,1.000000,"[""name_prefix"",""index_contiguity"",""structural_similarity""]","{""index_contiguity_score"":1.0,""name_prefix"":""y"",""name_prefix_score"":1.0,""structural_similarity_score"":0.0}",0,y,exact,1,semantic_bus_hypothesis_v1
bitmanip_rotate_left_w4__dc2__whole_output_cone__inf__input__a,bitmanip_rotate_left_w4__dc2__whole_output_cone,inferred_bus_mode,false,true,input,data_operand,"[""a_0"",""a_1"",""a_2"",""a_3""]","[""a_0"",""a_1"",""a_2"",""a_3""]",4,lsb_to_msb,unknown,0.700000,1.000000,0.800000,"[""name_prefix"",""index_contiguity"",""structural_similarity""]","{""index_contiguity_score"":1.0,""name_prefix"":""a"",""name_prefix_score"":1.0,""structural_similarity_score"":0.0}",0,a,exact,1,semantic_bus_hypothesis_v1
bitmanip_rotate_left_w4__dc2__whole_output_cone__inf__output__y,bitmanip_rotate_left_w4__dc2__whole_output_cone,inferred_bus_mode,false,true,output,output,"[""y_0"",""y_1"",""y_2"",""y_3""]","[""y_0"",""y_1"",""y_2"",""y_3""]",4,lsb_to_msb,unknown,0.700000,1.000000,1.000000,"[""name_prefix"",""index_contiguity"",""structural_similarity""]","{""index_contiguity_score"":1.0,""name_prefix"":""y"",""name_prefix_score"":1.0,""structural_similarity_score"":0.0}",0,y,exact,1,semantic_bus_hypothesis_v1
bitmanip_rotate_left_w4__identity__ground_truth_region__inf__input__a,bitmanip_rotate_left_w4__identity__ground_truth_region,inferred_bus_mode,false,true,input,data_operand,"[""a_0"",""a_1"",""a_2"",""a_3""]","[""a_0"",""a_1"",""a_2"",""a_3""]",4,lsb_to_msb,unknown,0.900000,1.000000,0.800000,"[""name_prefix"",""index_contiguity"",""structural_similarity""]","{""index_contiguity_score"":1.0,""name_prefix"":""a"",""name_prefix_score"":1.0,""structural_similarity_score"":0.666667}",0,a,exact,1,semantic_bus_hypothesis_v1
bitmanip_rotate_left_w4__identity__ground_truth_region__inf__output__y,bitmanip_rotate_left_w4__identity__ground_truth_region,inferred_bus_mode,false,true,output,output,"[""y_0"",""y_1"",""y_2"",""y_3""]","[""y_0"",""y_1"",""y_2"",""y_3""]",4,lsb_to_msb,unknown,0.900000,1.000000,1.000000,"[""name_prefix"",""index_contiguity"",""structural_similarity""]","{""index_contiguity_score"":1.0,""name_prefix"":""y"",""name_prefix_score"":1.0,""structural_similarity_score"":0.666667}",0,y,exact,1,semantic_bus_hypothesis_v1
bitmanip_rotate_left_w4__identity__whole_output_cone__inf__input__a,bitmanip_rotate_left_w4__identity__whole_output_cone,inferred_bus_mode,false,true,input,data_operand,"[""a_0"",""a_1"",""a_2"",""a_3""]","[""a_0"",""a_1"",""a_2"",""a_3""]",4,lsb_to_msb,unknown,0.900000,1.000000,0.800000,"[""name_prefix"",""index_contiguity"",""structural_similarity""]","{""index_contiguity_score"":1.0,""name_prefix"":""a"",""name_prefix_score"":1.0,""structural_similarity_score"":0.666667}",0,a,exact,1,semantic_bus_hypothesis_v1
bitmanip_rotate_left_w4__identity__whole_output_cone__inf__output__y,bitmanip_rotate_left_w4__identity__whole_output_cone,inferred_bus_mode,false,true,output,output,"[""y_0"",""y_1"",""y_2"",""y_3""]","[""y_0"",""y_1"",""y_2"",""y_3""]",4,lsb_to_msb,unknown,0.900000,1.000000,1.000000,"[""name_prefix"",""index_contiguity"",""structural_similarity""]","{""index_contiguity_score"":1.0,""name_prefix"":""y"",""name_prefix_score"":1.0,""structural_similarity_score"":0.666667}",0,y,exact,1,semantic_bus_hypothesis_v1
bitmanip_rotate_left_w4__refactor__whole_output_cone__inf__input__a,bitmanip_rotate_left_w4__refactor__whole_output_cone,inferred_bus_mode,false,true,input,data_operand,"[""a_0"",""a_1"",""a_2"",""a_3""]","[""a_0"",""a_1"",""a_2"",""a_3""]",4,lsb_to_msb,unknown,0.700000,1.000000,0.800000,"[""name_prefix"",""index_contiguity"",""structural_similarity""]","{""index_contiguity_score"":1.0,""name_prefix"":""a"",""name_prefix_score"":1.0,""structural_similarity_score"":0.0}",0,a,exact,1,semantic_bus_hypothesis_v1
bitmanip_rotate_left_w4__refactor__whole_output_cone__inf__output__y,bitmanip_rotate_left_w4__refactor__whole_output_cone,inferred_bus_mode,false,true,output,output,"[""y_0"",""y_1"",""y_2"",""y_3""]","[""y_0"",""y_1"",""y_2"",""y_3""]",4,lsb_to_msb,unknown,0.700000,1.000000,1.000000,"[""name_prefix"",""index_contiguity"",""structural_similarity""]","{""index_contiguity_score"":1.0,""name_prefix"":""y"",""name_prefix_score"":1.0,""structural_similarity_score"":0.0}",0,y,exact,1,semantic_bus_hypothesis_v1
bitmanip_rotate_left_w4__resub__whole_output_cone__inf__input__a,bitmanip_rotate_left_w4__resub__whole_output_cone,inferred_bus_mode,false,true,input,data_operand,"[""a_0"",""a_1"",""a_2"",""a_3""]","[""a_0"",""a_1"",""a_2"",""a_3""]",4,lsb_to_msb,unknown,0.700000,1.000000,0.800000,"[""name_prefix"",""index_contiguity"",""structural_similarity""]","{""index_contiguity_score"":1.0,""name_prefix"":""a"",""name_prefix_score"":1.0,""structural_similarity_score"":0.0}",0,a,exact,1,semantic_bus_hypothesis_v1
bitmanip_rotate_left_w4__resub__whole_output_cone__inf__output__y,bitmanip_rotate_left_w4__resub__whole_output_cone,inferred_bus_mode,false,true,output,output,"[""y_0"",""y_1"",""y_2"",""y_3""]","[""y_0"",""y_1"",""y_2"",""y_3""]",4,lsb_to_msb,unknown,0.700000,1.000000,1.000000,"[""name_prefix"",""index_contiguity"",""structural_similarity""]","{""index_contiguity_score"":1.0,""name_prefix"":""y"",""name_prefix_score"":1.0,""structural_similarity_score"":0.0}",0,y,exact,1,semantic_bus_hypothesis_v1
bitmanip_rotate_left_w4__resyn__whole_output_cone__inf__input__a,bitmanip_rotate_left_w4__resyn__whole_output_cone,inferred_bus_mode,false,true,input,data_operand,"[""a_0"",""a_1"",""a_2"",""a_3""]","[""a_0"",""a_1"",""a_2"",""a_3""]",4,lsb_to_msb,unknown,0.700000,1.000000,0.800000,"[""name_prefix"",""index_contiguity"",""structural_similarity""]","{""index_contiguity_score"":1.0,""name_prefix"":""a"",""name_prefix_score"":1.0,""structural_similarity_score"":0.0}",0,a,exact,1,semantic_bus_hypothesis_v1
bitmanip_rotate_left_w4__resyn__whole_output_cone__inf__output__y,bitmanip_rotate_left_w4__resyn__whole_output_cone,inferred_bus_mode,false,true,output,output,"[""y_0"",""y_1"",""y_2"",""y_3""]","[""y_0"",""y_1"",""y_2"",""y_3""]",4,lsb_to_msb,unknown,0.700000,1.000000,1.000000,"[""name_prefix"",""index_contiguity"",""structural_similarity""]","{""index_contiguity_score"":1.0,""name_prefix"":""y"",""name_prefix_score"":1.0,""structural_similarity_score"":0.0}",0,y,exact,1,semantic_bus_hypothesis_v1
bitmanip_rotate_left_w4__resyn2__whole_output_cone__inf__input__a,bitmanip_rotate_left_w4__resyn2__whole_output_cone,inferred_bus_mode,false,true,input,data_operand,"[""a_0"",""a_1"",""a_2"",""a_3""]","[""a_0"",""a_1"",""a_2"",""a_3""]",4,lsb_to_msb,unknown,0.700000,1.000000,0.800000,"[""name_prefix"",""index_contiguity"",""structural_similarity""]","{""index_contiguity_score"":1.0,""name_prefix"":""a"",""name_prefix_score"":1.0,""structural_similarity_score"":0.0}",0,a,exact,1,semantic_bus_hypothesis_v1
bitmanip_rotate_left_w4__resyn2__whole_output_cone__inf__output__y,bitmanip_rotate_left_w4__resyn2__whole_output_cone,inferred_bus_mode,false,true,output,output,"[""y_0"",""y_1"",""y_2"",""y_3""]","[""y_0"",""y_1"",""y_2"",""y_3""]",4,lsb_to_msb,unknown,0.700000,1.000000,1.000000,"[""name_prefix"",""index_contiguity"",""structural_similarity""]","{""index_contiguity_score"":1.0,""name_prefix"":""y"",""name_prefix_score"":1.0,""structural_similarity_score"":0.0}",0,y,exact,1,semantic_bus_hypothesis_v1
bitmanip_rotate_left_w4__rewrite__whole_output_cone__inf__input__a,bitmanip_rotate_left_w4__rewrite__whole_output_cone,inferred_bus_mode,false,true,input,data_operand,"[""a_0"",""a_1"",""a_2"",""a_3""]","[""a_0"",""a_1"",""a_2"",""a_3""]",4,lsb_to_msb,unknown,0.700000,1.000000,0.800000,"[""name_prefix"",""index_contiguity"",""structural_similarity""]","{""index_contiguity_score"":1.0,""name_prefix"":""a"",""name_prefix_score"":1.0,""structural_similarity_score"":0.0}",0,a,exact,1,semantic_bus_hypothesis_v1
bitmanip_rotate_left_w4__rewrite__whole_output_cone__inf__output__y,bitmanip_rotate_left_w4__rewrite__whole_output_cone,inferred_bus_mode,false,true,output,output,"[""y_0"",""y_1"",""y_2"",""y_3""]","[""y_0"",""y_1"",""y_2"",""y_3""]",4,lsb_to_msb,unknown,0.700000,1.000000,1.000000,"[""name_prefix"",""index_contiguity"",""structural_similarity""]","{""index_contiguity_score"":1.0,""name_prefix"":""y"",""name_prefix_score"":1.0,""structural_similarity_score"":0.0}",0,y,exact,1,semantic_bus_hypothesis_v1
bitmanip_rotate_left_w6__identity__ground_truth_region__inf__input__a,bitmanip_rotate_left_w6__identity__ground_truth_region,inferred_bus_mode,false,true,input,data_operand,"[""a_0"",""a_1"",""a_2"",""a_3"",""a_4"",""a_5""]","[""a_0"",""a_1"",""a_2"",""a_3"",""a_4"",""a_5""]",6,lsb_to_msb,unknown,0.925000,1.000000,0.800000,"[""name_prefix"",""index_contiguity"",""structural_similarity""]","{""index_contiguity_score"":1.0,""name_prefix"":""a"",""name_prefix_score"":1.0,""structural_similarity_score"":0.75}",0,a,exact,1,semantic_bus_hypothesis_v1
bitmanip_rotate_left_w6__identity__ground_truth_region__inf__output__y,bitmanip_rotate_left_w6__identity__ground_truth_region,inferred_bus_mode,false,true,output,output,"[""y_0"",""y_1"",""y_2"",""y_3"",""y_4"",""y_5""]","[""y_0"",""y_1"",""y_2"",""y_3"",""y_4"",""y_5""]",6,lsb_to_msb,unknown,0.925000,1.000000,1.000000,"[""name_prefix"",""index_contiguity"",""structural_similarity""]","{""index_contiguity_score"":1.0,""name_prefix"":""y"",""name_prefix_score"":1.0,""structural_similarity_score"":0.75}",0,y,exact,1,semantic_bus_hypothesis_v1
bitmanip_rotate_left_w6__identity__whole_output_cone__inf__input__a,bitmanip_rotate_left_w6__identity__whole_output_cone,inferred_bus_mode,false,true,input,data_operand,"[""a_0"",""a_1"",""a_2"",""a_3"",""a_4"",""a_5""]","[""a_0"",""a_1"",""a_2"",""a_3"",""a_4"",""a_5""]",6,lsb_to_msb,unknown,0.925000,1.000000,0.800000,"[""name_prefix"",""index_contiguity"",""structural_similarity""]","{""index_contiguity_score"":1.0,""name_prefix"":""a"",""name_prefix_score"":1.0,""structural_similarity_score"":0.75}",0,a,exact,1,semantic_bus_hypothesis_v1
bitmanip_rotate_left_w6__identity__whole_output_cone__inf__output__y,bitmanip_rotate_left_w6__identity__whole_output_cone,inferred_bus_mode,false,true,output,output,"[""y_0"",""y_1"",""y_2"",""y_3"",""y_4"",""y_5""]","[""y_0"",""y_1"",""y_2"",""y_3"",""y_4"",""y_5""]",6,lsb_to_msb,unknown,0.925000,1.000000,1.000000,"[""name_prefix"",""index_contiguity"",""structural_similarity""]","{""index_contiguity_score"":1.0,""name_prefix"":""y"",""name_prefix_score"":1.0,""structural_similarity_score"":0.75}",0,y,exact,1,semantic_bus_hypothesis_v1
bitmanip_rotate_left_w8__identity__ground_truth_region__inf__input__a,bitmanip_rotate_left_w8__identity__ground_truth_region,inferred_bus_mode,false,true,input,data_operand,"[""a_0"",""a_1"",""a_2"",""a_3"",""a_4"",""a_5"",""a_6"",""a_7""]","[""a_0"",""a_1"",""a_2"",""a_3"",""a_4"",""a_5"",""a_6"",""a_7""]",8,lsb_to_msb,unknown,0.940000,1.000000,0.800000,"[""name_prefix"",""index_contiguity"",""structural_similarity""]","{""index_contiguity_score"":1.0,""name_prefix"":""a"",""name_prefix_score"":1.0,""structural_similarity_score"":0.8}",0,a,exact,1,semantic_bus_hypothesis_v1
bitmanip_rotate_left_w8__identity__ground_truth_region__inf__output__y,bitmanip_rotate_left_w8__identity__ground_truth_region,inferred_bus_mode,false,true,output,output,"[""y_0"",""y_1"",""y_2"",""y_3"",""y_4"",""y_5"",""y_6"",""y_7""]","[""y_0"",""y_1"",""y_2"",""y_3"",""y_4"",""y_5"",""y_6"",""y_7""]",8,lsb_to_msb,unknown,0.940000,1.000000,1.000000,"[""name_prefix"",""index_contiguity"",""structural_similarity""]","{""index_contiguity_score"":1.0,""name_prefix"":""y"",""name_prefix_score"":1.0,""structural_similarity_score"":0.8}",0,y,exact,1,semantic_bus_hypothesis_v1
bitmanip_rotate_left_w8__identity__whole_output_cone__inf__input__a,bitmanip_rotate_left_w8__identity__whole_output_cone,inferred_bus_mode,false,true,input,data_operand,"[""a_0"",""a_1"",""a_2"",""a_3"",""a_4"",""a_5"",""a_6"",""a_7""]","[""a_0"",""a_1"",""a_2"",""a_3"",""a_4"",""a_5"",""a_6"",""a_7""]",8,lsb_to_msb,unknown,0.940000,1.000000,0.800000,"[""name_prefix"",""index_contiguity"",""structural_similarity""]","{""index_contiguity_score"":1.0,""name_prefix"":""a"",""name_prefix_score"":1.0,""structural_similarity_score"":0.8}",0,a,exact,1,semantic_bus_hypothesis_v1
bitmanip_rotate_left_w8__identity__whole_output_cone__inf__output__y,bitmanip_rotate_left_w8__identity__whole_output_cone,inferred_bus_mode,false,true,output,output,"[""y_0"",""y_1"",""y_2"",""y_3"",""y_4"",""y_5"",""y_6"",""y_7""]","[""y_0"",""y_1"",""y_2"",""y_3"",""y_4"",""y_5"",""y_6"",""y_7""]",8,lsb_to_msb,unknown,0.940000,1.000000,1.000000,"[""name_prefix"",""index_contiguity"",""structural_similarity""]","{""index_contiguity_score"":1.0,""name_prefix"":""y"",""name_prefix_score"":1.0,""structural_similarity_score"":0.8}",0,y,exact,1,semantic_bus_hypothesis_v1
bitmanip_shift_left_w2__balance__whole_output_cone__inf__input__a,bitmanip_shift_left_w2__balance__whole_output_cone,inferred_bus_mode,false,true,input,data_operand,"[""a_0"",""a_1""]","[""a_0"",""a_1""]",2,lsb_to_msb,unknown,0.880000,1.000000,0.800000,"[""name_prefix"",""index_contiguity"",""structural_similarity""]","{""index_contiguity_score"":1.0,""name_prefix"":""a"",""name_prefix_score"":1.0,""structural_similarity_score"":0.6}",0,a,exact,1,semantic_bus_hypothesis_v1
bitmanip_shift_left_w2__balance__whole_output_cone__inf__output__y,bitmanip_shift_left_w2__balance__whole_output_cone,inferred_bus_mode,false,true,output,output,"[""y_0"",""y_1""]","[""y_0"",""y_1""]",2,lsb_to_msb,unknown,0.700000,1.000000,1.000000,"[""name_prefix"",""index_contiguity"",""structural_similarity""]","{""index_contiguity_score"":1.0,""name_prefix"":""y"",""name_prefix_score"":1.0,""structural_similarity_score"":0.0}",0,y,exact,1,semantic_bus_hypothesis_v1
bitmanip_shift_left_w2__compress2rs__whole_output_cone__inf__input__a,bitmanip_shift_left_w2__compress2rs__whole_output_cone,inferred_bus_mode,false,true,input,data_operand,"[""a_0""]","[""a_0""]",1,lsb_to_msb,unknown,1.000000,1.000000,0.600000,"[""name_prefix"",""index_contiguity"",""structural_similarity""]","{""index_contiguity_score"":1.0,""name_prefix"":""a"",""name_prefix_score"":1.0,""structural_similarity_score"":1.0}",0,a,partial,1,semantic_bus_hypothesis_v1
bitmanip_shift_left_w2__compress2rs__whole_output_cone__inf__output__y,bitmanip_shift_left_w2__compress2rs__whole_output_cone,inferred_bus_mode,false,true,output,output,"[""y_0"",""y_1""]","[""y_0"",""y_1""]",2,lsb_to_msb,unknown,0.700000,1.000000,1.000000,"[""name_prefix"",""index_contiguity"",""structural_similarity""]","{""index_contiguity_score"":1.0,""name_prefix"":""y"",""name_prefix_score"":1.0,""structural_similarity_score"":0.0}",0,y,exact,1,semantic_bus_hypothesis_v1
bitmanip_shift_left_w2__dc2__whole_output_cone__inf__input__a,bitmanip_shift_left_w2__dc2__whole_output_cone,inferred_bus_mode,false,true,input,data_operand,"[""a_0""]","[""a_0""]",1,lsb_to_msb,unknown,1.000000,1.000000,0.600000,"[""name_prefix"",""index_contiguity"",""structural_similarity""]","{""index_contiguity_score"":1.0,""name_prefix"":""a"",""name_prefix_score"":1.0,""structural_similarity_score"":1.0}",0,a,partial,1,semantic_bus_hypothesis_v1
bitmanip_shift_left_w2__dc2__whole_output_cone__inf__output__y,bitmanip_shift_left_w2__dc2__whole_output_cone,inferred_bus_mode,false,true,output,output,"[""y_0"",""y_1""]","[""y_0"",""y_1""]",2,lsb_to_msb,unknown,0.700000,1.000000,1.000000,"[""name_prefix"",""index_contiguity"",""structural_similarity""]","{""index_contiguity_score"":1.0,""name_prefix"":""y"",""name_prefix_score"":1.0,""structural_similarity_score"":0.0}",0,y,exact,1,semantic_bus_hypothesis_v1
bitmanip_shift_left_w2__identity__ground_truth_region__inf__input__a,bitmanip_shift_left_w2__identity__ground_truth_region,inferred_bus_mode,false,true,input,data_operand,"[""a_0"",""a_1""]","[""a_0"",""a_1""]",2,lsb_to_msb,unknown,0.800000,1.000000,0.800000,"[""name_prefix"",""index_contiguity"",""structural_similarity""]","{""index_contiguity_score"":1.0,""name_prefix"":""a"",""name_prefix_score"":1.0,""structural_similarity_score"":0.333333}",0,a,exact,1,semantic_bus_hypothesis_v1
bitmanip_shift_left_w2__identity__ground_truth_region__inf__output__y,bitmanip_shift_left_w2__identity__ground_truth_region,inferred_bus_mode,false,true,output,output,"[""y_0"",""y_1""]","[""y_0"",""y_1""]",2,lsb_to_msb,unknown,0.700000,1.000000,1.000000,"[""name_prefix"",""index_contiguity"",""structural_similarity""]","{""index_contiguity_score"":1.0,""name_prefix"":""y"",""name_prefix_score"":1.0,""structural_similarity_score"":0.0}",0,y,exact,1,semantic_bus_hypothesis_v1
bitmanip_shift_left_w2__identity__whole_output_cone__inf__input__a,bitmanip_shift_left_w2__identity__whole_output_cone,inferred_bus_mode,false,true,input,data_operand,"[""a_0"",""a_1""]","[""a_0"",""a_1""]",2,lsb_to_msb,unknown,0.800000,1.000000,0.800000,"[""name_prefix"",""index_contiguity"",""structural_similarity""]","{""index_contiguity_score"":1.0,""name_prefix"":""a"",""name_prefix_score"":1.0,""structural_similarity_score"":0.333333}",0,a,exact,1,semantic_bus_hypothesis_v1
bitmanip_shift_left_w2__identity__whole_output_cone__inf__output__y,bitmanip_shift_left_w2__identity__whole_output_cone,inferred_bus_mode,false,true,output,output,"[""y_0"",""y_1""]","[""y_0"",""y_1""]",2,lsb_to_msb,unknown,0.700000,1.000000,1.000000,"[""name_prefix"",""index_contiguity"",""structural_similarity""]","{""index_contiguity_score"":1.0,""name_prefix"":""y"",""name_prefix_score"":1.0,""structural_similarity_score"":0.0}",0,y,exact,1,semantic_bus_hypothesis_v1
bitmanip_shift_left_w2__refactor__whole_output_cone__inf__input__a,bitmanip_shift_left_w2__refactor__whole_output_cone,inferred_bus_mode,false,true,input,data_operand,"[""a_0""]","[""a_0""]",1,lsb_to_msb,unknown,1.000000,1.000000,0.600000,"[""name_prefix"",""index_contiguity"",""structural_similarity""]","{""index_contiguity_score"":1.0,""name_prefix"":""a"",""name_prefix_score"":1.0,""structural_similarity_score"":1.0}",0,a,partial,1,semantic_bus_hypothesis_v1
bitmanip_shift_left_w2__refactor__whole_output_cone__inf__output__y,bitmanip_shift_left_w2__refactor__whole_output_cone,inferred_bus_mode,false,true,output,output,"[""y_0"",""y_1""]","[""y_0"",""y_1""]",2,lsb_to_msb,unknown,0.700000,1.000000,1.000000,"[""name_prefix"",""index_contiguity"",""structural_similarity""]","{""index_contiguity_score"":1.0,""name_prefix"":""y"",""name_prefix_score"":1.0,""structural_similarity_score"":0.0}",0,y,exact,1,semantic_bus_hypothesis_v1
bitmanip_shift_left_w2__resub__whole_output_cone__inf__input__a,bitmanip_shift_left_w2__resub__whole_output_cone,inferred_bus_mode,false,true,input,data_operand,"[""a_0""]","[""a_0""]",1,lsb_to_msb,unknown,1.000000,1.000000,0.600000,"[""name_prefix"",""index_contiguity"",""structural_similarity""]","{""index_contiguity_score"":1.0,""name_prefix"":""a"",""name_prefix_score"":1.0,""structural_similarity_score"":1.0}",0,a,partial,1,semantic_bus_hypothesis_v1
bitmanip_shift_left_w2__resub__whole_output_cone__inf__output__y,bitmanip_shift_left_w2__resub__whole_output_cone,inferred_bus_mode,false,true,output,output,"[""y_0"",""y_1""]","[""y_0"",""y_1""]",2,lsb_to_msb,unknown,0.700000,1.000000,1.000000,"[""name_prefix"",""index_contiguity"",""structural_similarity""]","{""index_contiguity_score"":1.0,""name_prefix"":""y"",""name_prefix_score"":1.0,""structural_similarity_score"":0.0}",0,y,exact,1,semantic_bus_hypothesis_v1
bitmanip_shift_left_w2__resyn__whole_output_cone__inf__input__a,bitmanip_shift_left_w2__resyn__whole_output_cone,inferred_bus_mode,false,true,input,data_operand,"[""a_0"",""a_1""]","[""a_0"",""a_1""]",2,lsb_to_msb,unknown,0.880000,1.000000,0.800000,"[""name_prefix"",""index_contiguity"",""structural_similarity""]","{""index_contiguity_score"":1.0,""name_prefix"":""a"",""name_prefix_score"":1.0,""structural_similarity_score"":0.6}",0,a,exact,1,semantic_bus_hypothesis_v1
bitmanip_shift_left_w2__resyn__whole_output_cone__inf__output__y,bitmanip_shift_left_w2__resyn__whole_output_cone,inferred_bus_mode,false,true,output,output,"[""y_0"",""y_1""]","[""y_0"",""y_1""]",2,lsb_to_msb,unknown,0.700000,1.000000,1.000000,"[""name_prefix"",""index_contiguity"",""structural_similarity""]","{""index_contiguity_score"":1.0,""name_prefix"":""y"",""name_prefix_score"":1.0,""structural_similarity_score"":0.0}",0,y,exact,1,semantic_bus_hypothesis_v1
bitmanip_shift_left_w2__resyn2__whole_output_cone__inf__input__a,bitmanip_shift_left_w2__resyn2__whole_output_cone,inferred_bus_mode,false,true,input,data_operand,"[""a_0""]","[""a_0""]",1,lsb_to_msb,unknown,1.000000,1.000000,0.600000,"[""name_prefix"",""index_contiguity"",""structural_similarity""]","{""index_contiguity_score"":1.0,""name_prefix"":""a"",""name_prefix_score"":1.0,""structural_similarity_score"":1.0}",0,a,partial,1,semantic_bus_hypothesis_v1
bitmanip_shift_left_w2__resyn2__whole_output_cone__inf__output__y,bitmanip_shift_left_w2__resyn2__whole_output_cone,inferred_bus_mode,false,true,output,output,"[""y_0"",""y_1""]","[""y_0"",""y_1""]",2,lsb_to_msb,unknown,0.700000,1.000000,1.000000,"[""name_prefix"",""index_contiguity"",""structural_similarity""]","{""index_contiguity_score"":1.0,""name_prefix"":""y"",""name_prefix_score"":1.0,""structural_similarity_score"":0.0}",0,y,exact,1,semantic_bus_hypothesis_v1
bitmanip_shift_left_w2__rewrite__whole_output_cone__inf__input__a,bitmanip_shift_left_w2__rewrite__whole_output_cone,inferred_bus_mode,false,true,input,data_operand,"[""a_0"",""a_1""]","[""a_0"",""a_1""]",2,lsb_to_msb,unknown,0.880000,1.000000,0.800000,"[""name_prefix"",""index_contiguity"",""structural_similarity""]","{""index_contiguity_score"":1.0,""name_prefix"":""a"",""name_prefix_score"":1.0,""structural_similarity_score"":0.6}",0,a,exact,1,semantic_bus_hypothesis_v1
bitmanip_shift_left_w2__rewrite__whole_output_cone__inf__output__y,bitmanip_shift_left_w2__rewrite__whole_output_cone,inferred_bus_mode,false,true,output,output,"[""y_0"",""y_1""]","[""y_0"",""y_1""]",2,lsb_to_msb,unknown,0.700000,1.000000,1.000000,"[""name_prefix"",""index_contiguity"",""structural_similarity""]","{""index_contiguity_score"":1.0,""name_prefix"":""y"",""name_prefix_score"":1.0,""structural_similarity_score"":0.0}",0,y,exact,1,semantic_bus_hypothesis_v1
bitmanip_shift_left_w3__balance__whole_output_cone__inf__input__a,bitmanip_shift_left_w3__balance__whole_output_cone,inferred_bus_mode,false,true,input,data_operand,"[""a_0"",""a_1""]","[""a_0"",""a_1""]",2,lsb_to_msb,unknown,0.700000,1.000000,0.800000,"[""name_prefix"",""index_contiguity"",""structural_similarity""]","{""index_contiguity_score"":1.0,""name_prefix"":""a"",""name_prefix_score"":1.0,""structural_similarity_score"":0.0}",0,a,partial,1,semantic_bus_hypothesis_v1
bitmanip_shift_left_w3__balance__whole_output_cone__inf__output__y,bitmanip_shift_left_w3__balance__whole_output_cone,inferred_bus_mode,false,true,output,output,"[""y_0"",""y_1"",""y_2""]","[""y_0"",""y_1"",""y_2""]",3,lsb_to_msb,unknown,0.700000,1.000000,1.000000,"[""name_prefix"",""index_contiguity"",""structural_similarity""]","{""index_contiguity_score"":1.0,""name_prefix"":""y"",""name_prefix_score"":1.0,""structural_similarity_score"":0.0}",0,y,exact,1,semantic_bus_hypothesis_v1
bitmanip_shift_left_w3__compress2rs__whole_output_cone__inf__input__a,bitmanip_shift_left_w3__compress2rs__whole_output_cone,inferred_bus_mode,false,true,input,data_operand,"[""a_0"",""a_1""]","[""a_0"",""a_1""]",2,lsb_to_msb,unknown,0.700000,1.000000,0.800000,"[""name_prefix"",""index_contiguity"",""structural_similarity""]","{""index_contiguity_score"":1.0,""name_prefix"":""a"",""name_prefix_score"":1.0,""structural_similarity_score"":0.0}",0,a,partial,1,semantic_bus_hypothesis_v1
bitmanip_shift_left_w3__compress2rs__whole_output_cone__inf__output__y,bitmanip_shift_left_w3__compress2rs__whole_output_cone,inferred_bus_mode,false,true,output,output,"[""y_0"",""y_1"",""y_2""]","[""y_0"",""y_1"",""y_2""]",3,lsb_to_msb,unknown,0.700000,1.000000,1.000000,"[""name_prefix"",""index_contiguity"",""structural_similarity""]","{""index_contiguity_score"":1.0,""name_prefix"":""y"",""name_prefix_score"":1.0,""structural_similarity_score"":0.0}",0,y,exact,1,semantic_bus_hypothesis_v1
bitmanip_shift_left_w3__dc2__whole_output_cone__inf__input__a,bitmanip_shift_left_w3__dc2__whole_output_cone,inferred_bus_mode,false,true,input,data_operand,"[""a_0"",""a_1""]","[""a_0"",""a_1""]",2,lsb_to_msb,unknown,0.700000,1.000000,0.800000,"[""name_prefix"",""index_contiguity"",""structural_similarity""]","{""index_contiguity_score"":1.0,""name_prefix"":""a"",""name_prefix_score"":1.0,""structural_similarity_score"":0.0}",0,a,partial,1,semantic_bus_hypothesis_v1
bitmanip_shift_left_w3__dc2__whole_output_cone__inf__output__y,bitmanip_shift_left_w3__dc2__whole_output_cone,inferred_bus_mode,false,true,output,output,"[""y_0"",""y_1"",""y_2""]","[""y_0"",""y_1"",""y_2""]",3,lsb_to_msb,unknown,0.700000,1.000000,1.000000,"[""name_prefix"",""index_contiguity"",""structural_similarity""]","{""index_contiguity_score"":1.0,""name_prefix"":""y"",""name_prefix_score"":1.0,""structural_similarity_score"":0.0}",0,y,exact,1,semantic_bus_hypothesis_v1
bitmanip_shift_left_w3__identity__ground_truth_region__inf__input__a,bitmanip_shift_left_w3__identity__ground_truth_region,inferred_bus_mode,false,true,input,data_operand,"[""a_0"",""a_1"",""a_2""]","[""a_0"",""a_1"",""a_2""]",3,lsb_to_msb,unknown,0.850000,1.000000,0.800000,"[""name_prefix"",""index_contiguity"",""structural_similarity""]","{""index_contiguity_score"":1.0,""name_prefix"":""a"",""name_prefix_score"":1.0,""structural_similarity_score"":0.5}",0,a,exact,1,semantic_bus_hypothesis_v1
bitmanip_shift_left_w3__identity__ground_truth_region__inf__output__y,bitmanip_shift_left_w3__identity__ground_truth_region,inferred_bus_mode,false,true,output,output,"[""y_0"",""y_1"",""y_2""]","[""y_0"",""y_1"",""y_2""]",3,lsb_to_msb,unknown,0.760000,1.000000,1.000000,"[""name_prefix"",""index_contiguity"",""structural_similarity""]","{""index_contiguity_score"":1.0,""name_prefix"":""y"",""name_prefix_score"":1.0,""structural_similarity_score"":0.2}",0,y,exact,1,semantic_bus_hypothesis_v1
bitmanip_shift_left_w3__identity__whole_output_cone__inf__input__a,bitmanip_shift_left_w3__identity__whole_output_cone,inferred_bus_mode,false,true,input,data_operand,"[""a_0"",""a_1"",""a_2""]","[""a_0"",""a_1"",""a_2""]",3,lsb_to_msb,unknown,0.850000,1.000000,0.800000,"[""name_prefix"",""index_contiguity"",""structural_similarity""]","{""index_contiguity_score"":1.0,""name_prefix"":""a"",""name_prefix_score"":1.0,""structural_similarity_score"":0.5}",0,a,exact,1,semantic_bus_hypothesis_v1
bitmanip_shift_left_w3__identity__whole_output_cone__inf__output__y,bitmanip_shift_left_w3__identity__whole_output_cone,inferred_bus_mode,false,true,output,output,"[""y_0"",""y_1"",""y_2""]","[""y_0"",""y_1"",""y_2""]",3,lsb_to_msb,unknown,0.760000,1.000000,1.000000,"[""name_prefix"",""index_contiguity"",""structural_similarity""]","{""index_contiguity_score"":1.0,""name_prefix"":""y"",""name_prefix_score"":1.0,""structural_similarity_score"":0.2}",0,y,exact,1,semantic_bus_hypothesis_v1
bitmanip_shift_left_w3__refactor__whole_output_cone__inf__input__a,bitmanip_shift_left_w3__refactor__whole_output_cone,inferred_bus_mode,false,true,input,data_operand,"[""a_0"",""a_1""]","[""a_0"",""a_1""]",2,lsb_to_msb,unknown,0.700000,1.000000,0.800000,"[""name_prefix"",""index_contiguity"",""structural_similarity""]","{""index_contiguity_score"":1.0,""name_prefix"":""a"",""name_prefix_score"":1.0,""structural_similarity_score"":0.0}",0,a,partial,1,semantic_bus_hypothesis_v1
bitmanip_shift_left_w3__refactor__whole_output_cone__inf__output__y,bitmanip_shift_left_w3__refactor__whole_output_cone,inferred_bus_mode,false,true,output,output,"[""y_0"",""y_1"",""y_2""]","[""y_0"",""y_1"",""y_2""]",3,lsb_to_msb,unknown,0.700000,1.000000,1.000000,"[""name_prefix"",""index_contiguity"",""structural_similarity""]","{""index_contiguity_score"":1.0,""name_prefix"":""y"",""name_prefix_score"":1.0,""structural_similarity_score"":0.0}",0,y,exact,1,semantic_bus_hypothesis_v1
bitmanip_shift_left_w3__resub__whole_output_cone__inf__input__a,bitmanip_shift_left_w3__resub__whole_output_cone,inferred_bus_mode,false,true,input,data_operand,"[""a_0"",""a_1""]","[""a_0"",""a_1""]",2,lsb_to_msb,unknown,0.700000,1.000000,0.800000,"[""name_prefix"",""index_contiguity"",""structural_similarity""]","{""index_contiguity_score"":1.0,""name_prefix"":""a"",""name_prefix_score"":1.0,""structural_similarity_score"":0.0}",0,a,partial,1,semantic_bus_hypothesis_v1
bitmanip_shift_left_w3__resub__whole_output_cone__inf__output__y,bitmanip_shift_left_w3__resub__whole_output_cone,inferred_bus_mode,false,true,output,output,"[""y_0"",""y_1"",""y_2""]","[""y_0"",""y_1"",""y_2""]",3,lsb_to_msb,unknown,0.700000,1.000000,1.000000,"[""name_prefix"",""index_contiguity"",""structural_similarity""]","{""index_contiguity_score"":1.0,""name_prefix"":""y"",""name_prefix_score"":1.0,""structural_similarity_score"":0.0}",0,y,exact,1,semantic_bus_hypothesis_v1
bitmanip_shift_left_w3__resyn__whole_output_cone__inf__input__a,bitmanip_shift_left_w3__resyn__whole_output_cone,inferred_bus_mode,false,true,input,data_operand,"[""a_0"",""a_1""]","[""a_0"",""a_1""]",2,lsb_to_msb,unknown,0.700000,1.000000,0.800000,"[""name_prefix"",""index_contiguity"",""structural_similarity""]","{""index_contiguity_score"":1.0,""name_prefix"":""a"",""name_prefix_score"":1.0,""structural_similarity_score"":0.0}",0,a,partial,1,semantic_bus_hypothesis_v1
bitmanip_shift_left_w3__resyn__whole_output_cone__inf__output__y,bitmanip_shift_left_w3__resyn__whole_output_cone,inferred_bus_mode,false,true,output,output,"[""y_0"",""y_1"",""y_2""]","[""y_0"",""y_1"",""y_2""]",3,lsb_to_msb,unknown,0.700000,1.000000,1.000000,"[""name_prefix"",""index_contiguity"",""structural_similarity""]","{""index_contiguity_score"":1.0,""name_prefix"":""y"",""name_prefix_score"":1.0,""structural_similarity_score"":0.0}",0,y,exact,1,semantic_bus_hypothesis_v1
bitmanip_shift_left_w3__resyn2__whole_output_cone__inf__input__a,bitmanip_shift_left_w3__resyn2__whole_output_cone,inferred_bus_mode,false,true,input,data_operand,"[""a_0"",""a_1""]","[""a_0"",""a_1""]",2,lsb_to_msb,unknown,0.700000,1.000000,0.800000,"[""name_prefix"",""index_contiguity"",""structural_similarity""]","{""index_contiguity_score"":1.0,""name_prefix"":""a"",""name_prefix_score"":1.0,""structural_similarity_score"":0.0}",0,a,partial,1,semantic_bus_hypothesis_v1
bitmanip_shift_left_w3__resyn2__whole_output_cone__inf__output__y,bitmanip_shift_left_w3__resyn2__whole_output_cone,inferred_bus_mode,false,true,output,output,"[""y_0"",""y_1"",""y_2""]","[""y_0"",""y_1"",""y_2""]",3,lsb_to_msb,unknown,0.700000,1.000000,1.000000,"[""name_prefix"",""index_contiguity"",""structural_similarity""]","{""index_contiguity_score"":1.0,""name_prefix"":""y"",""name_prefix_score"":1.0,""structural_similarity_score"":0.0}",0,y,exact,1,semantic_bus_hypothesis_v1
bitmanip_shift_left_w3__rewrite__whole_output_cone__inf__input__a,bitmanip_shift_left_w3__rewrite__whole_output_cone,inferred_bus_mode,false,true,input,data_operand,"[""a_0"",""a_1""]","[""a_0"",""a_1""]",2,lsb_to_msb,unknown,0.700000,1.000000,0.800000,"[""name_prefix"",""index_contiguity"",""structural_similarity""]","{""index_contiguity_score"":1.0,""name_prefix"":""a"",""name_prefix_score"":1.0,""structural_similarity_score"":0.0}",0,a,partial,1,semantic_bus_hypothesis_v1
bitmanip_shift_left_w3__rewrite__whole_output_cone__inf__output__y,bitmanip_shift_left_w3__rewrite__whole_output_cone,inferred_bus_mode,false,true,output,output,"[""y_0"",""y_1"",""y_2""]","[""y_0"",""y_1"",""y_2""]",3,lsb_to_msb,unknown,0.700000,1.000000,1.000000,"[""name_prefix"",""index_contiguity"",""structural_similarity""]","{""index_contiguity_score"":1.0,""name_prefix"":""y"",""name_prefix_score"":1.0,""structural_similarity_score"":0.0}",0,y,exact,1,semantic_bus_hypothesis_v1
bitmanip_shift_left_w4__balance__whole_output_cone__inf__input__a,bitmanip_shift_left_w4__balance__whole_output_cone,inferred_bus_mode,false,true,input,data_operand,"[""a_0"",""a_1"",""a_2""]","[""a_0"",""a_1"",""a_2""]",3,lsb_to_msb,unknown,0.700000,1.000000,0.800000,"[""name_prefix"",""index_contiguity"",""structural_similarity""]","{""index_contiguity_score"":1.0,""name_prefix"":""a"",""name_prefix_score"":1.0,""structural_similarity_score"":0.0}",0,a,partial,1,semantic_bus_hypothesis_v1
bitmanip_shift_left_w4__balance__whole_output_cone__inf__output__y,bitmanip_shift_left_w4__balance__whole_output_cone,inferred_bus_mode,false,true,output,output,"[""y_0"",""y_1"",""y_2"",""y_3""]","[""y_0"",""y_1"",""y_2"",""y_3""]",4,lsb_to_msb,unknown,0.700000,1.000000,1.000000,"[""name_prefix"",""index_contiguity"",""structural_similarity""]","{""index_contiguity_score"":1.0,""name_prefix"":""y"",""name_prefix_score"":1.0,""structural_similarity_score"":0.0}",0,y,exact,1,semantic_bus_hypothesis_v1
bitmanip_shift_left_w4__compress2rs__whole_output_cone__inf__input__a,bitmanip_shift_left_w4__compress2rs__whole_output_cone,inferred_bus_mode,false,true,input,data_operand,"[""a_0"",""a_1"",""a_2""]","[""a_0"",""a_1"",""a_2""]",3,lsb_to_msb,unknown,0.700000,1.000000,0.800000,"[""name_prefix"",""index_contiguity"",""structural_similarity""]","{""index_contiguity_score"":1.0,""name_prefix"":""a"",""name_prefix_score"":1.0,""structural_similarity_score"":0.0}",0,a,partial,1,semantic_bus_hypothesis_v1
bitmanip_shift_left_w4__compress2rs__whole_output_cone__inf__output__y,bitmanip_shift_left_w4__compress2rs__whole_output_cone,inferred_bus_mode,false,true,output,output,"[""y_0"",""y_1"",""y_2"",""y_3""]","[""y_0"",""y_1"",""y_2"",""y_3""]",4,lsb_to_msb,unknown,0.700000,1.000000,1.000000,"[""name_prefix"",""index_contiguity"",""structural_similarity""]","{""index_contiguity_score"":1.0,""name_prefix"":""y"",""name_prefix_score"":1.0,""structural_similarity_score"":0.0}",0,y,exact,1,semantic_bus_hypothesis_v1
bitmanip_shift_left_w4__dc2__whole_output_cone__inf__input__a,bitmanip_shift_left_w4__dc2__whole_output_cone,inferred_bus_mode,false,true,input,data_operand,"[""a_0"",""a_1"",""a_2""]","[""a_0"",""a_1"",""a_2""]",3,lsb_to_msb,unknown,0.700000,1.000000,0.800000,"[""name_prefix"",""index_contiguity"",""structural_similarity""]","{""index_contiguity_score"":1.0,""name_prefix"":""a"",""name_prefix_score"":1.0,""structural_similarity_score"":0.0}",0,a,partial,1,semantic_bus_hypothesis_v1
bitmanip_shift_left_w4__dc2__whole_output_cone__inf__output__y,bitmanip_shift_left_w4__dc2__whole_output_cone,inferred_bus_mode,false,true,output,output,"[""y_0"",""y_1"",""y_2"",""y_3""]","[""y_0"",""y_1"",""y_2"",""y_3""]",4,lsb_to_msb,unknown,0.700000,1.000000,1.000000,"[""name_prefix"",""index_contiguity"",""structural_similarity""]","{""index_contiguity_score"":1.0,""name_prefix"":""y"",""name_prefix_score"":1.0,""structural_similarity_score"":0.0}",0,y,exact,1,semantic_bus_hypothesis_v1
bitmanip_shift_left_w4__identity__ground_truth_region__inf__input__a,bitmanip_shift_left_w4__identity__ground_truth_region,inferred_bus_mode,false,true,input,data_operand,"[""a_0"",""a_1"",""a_2"",""a_3""]","[""a_0"",""a_1"",""a_2"",""a_3""]",4,lsb_to_msb,unknown,0.880000,1.000000,0.800000,"[""name_prefix"",""index_contiguity"",""structural_similarity""]","{""index_contiguity_score"":1.0,""name_prefix"":""a"",""name_prefix_score"":1.0,""structural_similarity_score"":0.6}",0,a,exact,1,semantic_bus_hypothesis_v1
bitmanip_shift_left_w4__identity__ground_truth_region__inf__output__y,bitmanip_shift_left_w4__identity__ground_truth_region,inferred_bus_mode,false,true,output,output,"[""y_0"",""y_1"",""y_2"",""y_3""]","[""y_0"",""y_1"",""y_2"",""y_3""]",4,lsb_to_msb,unknown,0.800000,1.000000,1.000000,"[""name_prefix"",""index_contiguity"",""structural_similarity""]","{""index_contiguity_score"":1.0,""name_prefix"":""y"",""name_prefix_score"":1.0,""structural_similarity_score"":0.333333}",0,y,exact,1,semantic_bus_hypothesis_v1
bitmanip_shift_left_w4__identity__whole_output_cone__inf__input__a,bitmanip_shift_left_w4__identity__whole_output_cone,inferred_bus_mode,false,true,input,data_operand,"[""a_0"",""a_1"",""a_2"",""a_3""]","[""a_0"",""a_1"",""a_2"",""a_3""]",4,lsb_to_msb,unknown,0.880000,1.000000,0.800000,"[""name_prefix"",""index_contiguity"",""structural_similarity""]","{""index_contiguity_score"":1.0,""name_prefix"":""a"",""name_prefix_score"":1.0,""structural_similarity_score"":0.6}",0,a,exact,1,semantic_bus_hypothesis_v1
bitmanip_shift_left_w4__identity__whole_output_cone__inf__output__y,bitmanip_shift_left_w4__identity__whole_output_cone,inferred_bus_mode,false,true,output,output,"[""y_0"",""y_1"",""y_2"",""y_3""]","[""y_0"",""y_1"",""y_2"",""y_3""]",4,lsb_to_msb,unknown,0.800000,1.000000,1.000000,"[""name_prefix"",""index_contiguity"",""structural_similarity""]","{""index_contiguity_score"":1.0,""name_prefix"":""y"",""name_prefix_score"":1.0,""structural_similarity_score"":0.333333}",0,y,exact,1,semantic_bus_hypothesis_v1
bitmanip_shift_left_w4__refactor__whole_output_cone__inf__input__a,bitmanip_shift_left_w4__refactor__whole_output_cone,inferred_bus_mode,false,true,input,data_operand,"[""a_0"",""a_1"",""a_2""]","[""a_0"",""a_1"",""a_2""]",3,lsb_to_msb,unknown,0.700000,1.000000,0.800000,"[""name_prefix"",""index_contiguity"",""structural_similarity""]","{""index_contiguity_score"":1.0,""name_prefix"":""a"",""name_prefix_score"":1.0,""structural_similarity_score"":0.0}",0,a,partial,1,semantic_bus_hypothesis_v1
bitmanip_shift_left_w4__refactor__whole_output_cone__inf__output__y,bitmanip_shift_left_w4__refactor__whole_output_cone,inferred_bus_mode,false,true,output,output,"[""y_0"",""y_1"",""y_2"",""y_3""]","[""y_0"",""y_1"",""y_2"",""y_3""]",4,lsb_to_msb,unknown,0.700000,1.000000,1.000000,"[""name_prefix"",""index_contiguity"",""structural_similarity""]","{""index_contiguity_score"":1.0,""name_prefix"":""y"",""name_prefix_score"":1.0,""structural_similarity_score"":0.0}",0,y,exact,1,semantic_bus_hypothesis_v1
bitmanip_shift_left_w4__resub__whole_output_cone__inf__input__a,bitmanip_shift_left_w4__resub__whole_output_cone,inferred_bus_mode,false,true,input,data_operand,"[""a_0"",""a_1"",""a_2""]","[""a_0"",""a_1"",""a_2""]",3,lsb_to_msb,unknown,0.700000,1.000000,0.800000,"[""name_prefix"",""index_contiguity"",""structural_similarity""]","{""index_contiguity_score"":1.0,""name_prefix"":""a"",""name_prefix_score"":1.0,""structural_similarity_score"":0.0}",0,a,partial,1,semantic_bus_hypothesis_v1
bitmanip_shift_left_w4__resub__whole_output_cone__inf__output__y,bitmanip_shift_left_w4__resub__whole_output_cone,inferred_bus_mode,false,true,output,output,"[""y_0"",""y_1"",""y_2"",""y_3""]","[""y_0"",""y_1"",""y_2"",""y_3""]",4,lsb_to_msb,unknown,0.700000,1.000000,1.000000,"[""name_prefix"",""index_contiguity"",""structural_similarity""]","{""index_contiguity_score"":1.0,""name_prefix"":""y"",""name_prefix_score"":1.0,""structural_similarity_score"":0.0}",0,y,exact,1,semantic_bus_hypothesis_v1
bitmanip_shift_left_w4__resyn__whole_output_cone__inf__input__a,bitmanip_shift_left_w4__resyn__whole_output_cone,inferred_bus_mode,false,true,input,data_operand,"[""a_0"",""a_1"",""a_2""]","[""a_0"",""a_1"",""a_2""]",3,lsb_to_msb,unknown,0.700000,1.000000,0.800000,"[""name_prefix"",""index_contiguity"",""structural_similarity""]","{""index_contiguity_score"":1.0,""name_prefix"":""a"",""name_prefix_score"":1.0,""structural_similarity_score"":0.0}",0,a,partial,1,semantic_bus_hypothesis_v1
bitmanip_shift_left_w4__resyn__whole_output_cone__inf__output__y,bitmanip_shift_left_w4__resyn__whole_output_cone,inferred_bus_mode,false,true,output,output,"[""y_0"",""y_1"",""y_2"",""y_3""]","[""y_0"",""y_1"",""y_2"",""y_3""]",4,lsb_to_msb,unknown,0.700000,1.000000,1.000000,"[""name_prefix"",""index_contiguity"",""structural_similarity""]","{""index_contiguity_score"":1.0,""name_prefix"":""y"",""name_prefix_score"":1.0,""structural_similarity_score"":0.0}",0,y,exact,1,semantic_bus_hypothesis_v1
bitmanip_shift_left_w4__resyn2__whole_output_cone__inf__input__a,bitmanip_shift_left_w4__resyn2__whole_output_cone,inferred_bus_mode,false,true,input,data_operand,"[""a_0"",""a_1"",""a_2""]","[""a_0"",""a_1"",""a_2""]",3,lsb_to_msb,unknown,0.700000,1.000000,0.800000,"[""name_prefix"",""index_contiguity"",""structural_similarity""]","{""index_contiguity_score"":1.0,""name_prefix"":""a"",""name_prefix_score"":1.0,""structural_similarity_score"":0.0}",0,a,partial,1,semantic_bus_hypothesis_v1
bitmanip_shift_left_w4__resyn2__whole_output_cone__inf__output__y,bitmanip_shift_left_w4__resyn2__whole_output_cone,inferred_bus_mode,false,true,output,output,"[""y_0"",""y_1"",""y_2"",""y_3""]","[""y_0"",""y_1"",""y_2"",""y_3""]",4,lsb_to_msb,unknown,0.700000,1.000000,1.000000,"[""name_prefix"",""index_contiguity"",""structural_similarity""]","{""index_contiguity_score"":1.0,""name_prefix"":""y"",""name_prefix_score"":1.0,""structural_similarity_score"":0.0}",0,y,exact,1,semantic_bus_hypothesis_v1
bitmanip_shift_left_w4__rewrite__whole_output_cone__inf__input__a,bitmanip_shift_left_w4__rewrite__whole_output_cone,inferred_bus_mode,false,true,input,data_operand,"[""a_0"",""a_1"",""a_2""]","[""a_0"",""a_1"",""a_2""]",3,lsb_to_msb,unknown,0.700000,1.000000,0.800000,"[""name_prefix"",""index_contiguity"",""structural_similarity""]","{""index_contiguity_score"":1.0,""name_prefix"":""a"",""name_prefix_score"":1.0,""structural_similarity_score"":0.0}",0,a,partial,1,semantic_bus_hypothesis_v1
bitmanip_shift_left_w4__rewrite__whole_output_cone__inf__output__y,bitmanip_shift_left_w4__rewrite__whole_output_cone,inferred_bus_mode,false,true,output,output,"[""y_0"",""y_1"",""y_2"",""y_3""]","[""y_0"",""y_1"",""y_2"",""y_3""]",4,lsb_to_msb,unknown,0.700000,1.000000,1.000000,"[""name_prefix"",""index_contiguity"",""structural_similarity""]","{""index_contiguity_score"":1.0,""name_prefix"":""y"",""name_prefix_score"":1.0,""structural_similarity_score"":0.0}",0,y,exact,1,semantic_bus_hypothesis_v1
bitmanip_shift_left_w6__identity__ground_truth_region__inf__input__a,bitmanip_shift_left_w6__identity__ground_truth_region,inferred_bus_mode,false,true,input,data_operand,"[""a_0"",""a_1"",""a_2"",""a_3"",""a_4"",""a_5""]","[""a_0"",""a_1"",""a_2"",""a_3"",""a_4"",""a_5""]",6,lsb_to_msb,unknown,0.914286,1.000000,0.800000,"[""name_prefix"",""index_contiguity"",""structural_similarity""]","{""index_contiguity_score"":1.0,""name_prefix"":""a"",""name_prefix_score"":1.0,""structural_similarity_score"":0.714286}",0,a,exact,1,semantic_bus_hypothesis_v1
bitmanip_shift_left_w6__identity__ground_truth_region__inf__output__y,bitmanip_shift_left_w6__identity__ground_truth_region,inferred_bus_mode,false,true,output,output,"[""y_0"",""y_1"",""y_2"",""y_3"",""y_4"",""y_5""]","[""y_0"",""y_1"",""y_2"",""y_3"",""y_4"",""y_5""]",6,lsb_to_msb,unknown,0.850000,1.000000,1.000000,"[""name_prefix"",""index_contiguity"",""structural_similarity""]","{""index_contiguity_score"":1.0,""name_prefix"":""y"",""name_prefix_score"":1.0,""structural_similarity_score"":0.5}",0,y,exact,1,semantic_bus_hypothesis_v1
bitmanip_shift_left_w6__identity__whole_output_cone__inf__input__a,bitmanip_shift_left_w6__identity__whole_output_cone,inferred_bus_mode,false,true,input,data_operand,"[""a_0"",""a_1"",""a_2"",""a_3"",""a_4"",""a_5""]","[""a_0"",""a_1"",""a_2"",""a_3"",""a_4"",""a_5""]",6,lsb_to_msb,unknown,0.914286,1.000000,0.800000,"[""name_prefix"",""index_contiguity"",""structural_similarity""]","{""index_contiguity_score"":1.0,""name_prefix"":""a"",""name_prefix_score"":1.0,""structural_similarity_score"":0.714286}",0,a,exact,1,semantic_bus_hypothesis_v1
bitmanip_shift_left_w6__identity__whole_output_cone__inf__output__y,bitmanip_shift_left_w6__identity__whole_output_cone,inferred_bus_mode,false,true,output,output,"[""y_0"",""y_1"",""y_2"",""y_3"",""y_4"",""y_5""]","[""y_0"",""y_1"",""y_2"",""y_3"",""y_4"",""y_5""]",6,lsb_to_msb,unknown,0.850000,1.000000,1.000000,"[""name_prefix"",""index_contiguity"",""structural_similarity""]","{""index_contiguity_score"":1.0,""name_prefix"":""y"",""name_prefix_score"":1.0,""structural_similarity_score"":0.5}",0,y,exact,1,semantic_bus_hypothesis_v1
bitmanip_shift_left_w8__identity__ground_truth_region__inf__input__a,bitmanip_shift_left_w8__identity__ground_truth_region,inferred_bus_mode,false,true,input,data_operand,"[""a_0"",""a_1"",""a_2"",""a_3"",""a_4"",""a_5"",""a_6"",""a_7""]","[""a_0"",""a_1"",""a_2"",""a_3"",""a_4"",""a_5"",""a_6"",""a_7""]",8,lsb_to_msb,unknown,0.933333,1.000000,0.800000,"[""name_prefix"",""index_contiguity"",""structural_similarity""]","{""index_contiguity_score"":1.0,""name_prefix"":""a"",""name_prefix_score"":1.0,""structural_similarity_score"":0.777778}",0,a,exact,1,semantic_bus_hypothesis_v1
bitmanip_shift_left_w8__identity__ground_truth_region__inf__output__y,bitmanip_shift_left_w8__identity__ground_truth_region,inferred_bus_mode,false,true,output,output,"[""y_0"",""y_1"",""y_2"",""y_3"",""y_4"",""y_5"",""y_6"",""y_7""]","[""y_0"",""y_1"",""y_2"",""y_3"",""y_4"",""y_5"",""y_6"",""y_7""]",8,lsb_to_msb,unknown,0.880000,1.000000,1.000000,"[""name_prefix"",""index_contiguity"",""structural_similarity""]","{""index_contiguity_score"":1.0,""name_prefix"":""y"",""name_prefix_score"":1.0,""structural_similarity_score"":0.6}",0,y,exact,1,semantic_bus_hypothesis_v1
bitmanip_shift_left_w8__identity__whole_output_cone__inf__input__a,bitmanip_shift_left_w8__identity__whole_output_cone,inferred_bus_mode,false,true,input,data_operand,"[""a_0"",""a_1"",""a_2"",""a_3"",""a_4"",""a_5"",""a_6"",""a_7""]","[""a_0"",""a_1"",""a_2"",""a_3"",""a_4"",""a_5"",""a_6"",""a_7""]",8,lsb_to_msb,unknown,0.933333,1.000000,0.800000,"[""name_prefix"",""index_contiguity"",""structural_similarity""]","{""index_contiguity_score"":1.0,""name_prefix"":""a"",""name_prefix_score"":1.0,""structural_similarity_score"":0.777778}",0,a,exact,1,semantic_bus_hypothesis_v1
bitmanip_shift_left_w8__identity__whole_output_cone__inf__output__y,bitmanip_shift_left_w8__identity__whole_output_cone,inferred_bus_mode,false,true,output,output,"[""y_0"",""y_1"",""y_2"",""y_3"",""y_4"",""y_5"",""y_6"",""y_7""]","[""y_0"",""y_1"",""y_2"",""y_3"",""y_4"",""y_5"",""y_6"",""y_7""]",8,lsb_to_msb,unknown,0.880000,1.000000,1.000000,"[""name_prefix"",""index_contiguity"",""structural_similarity""]","{""index_contiguity_score"":1.0,""name_prefix"":""y"",""name_prefix_score"":1.0,""structural_similarity_score"":0.6}",0,y,exact,1,semantic_bus_hypothesis_v1
bitmanip_shift_right_w2__balance__whole_output_cone__inf__input__a,bitmanip_shift_right_w2__balance__whole_output_cone,inferred_bus_mode,false,true,input,data_operand,"[""a_0"",""a_1""]","[""a_0"",""a_1""]",2,lsb_to_msb,unknown,0.880000,1.000000,0.800000,"[""name_prefix"",""index_contiguity"",""structural_similarity""]","{""index_contiguity_score"":1.0,""name_prefix"":""a"",""name_prefix_score"":1.0,""structural_similarity_score"":0.6}",0,a,exact,1,semantic_bus_hypothesis_v1
bitmanip_shift_right_w2__balance__whole_output_cone__inf__output__y,bitmanip_shift_right_w2__balance__whole_output_cone,inferred_bus_mode,false,true,output,output,"[""y_0"",""y_1""]","[""y_0"",""y_1""]",2,lsb_to_msb,unknown,0.700000,1.000000,1.000000,"[""name_prefix"",""index_contiguity"",""structural_similarity""]","{""index_contiguity_score"":1.0,""name_prefix"":""y"",""name_prefix_score"":1.0,""structural_similarity_score"":0.0}",0,y,exact,1,semantic_bus_hypothesis_v1
bitmanip_shift_right_w2__compress2rs__whole_output_cone__inf__input__a,bitmanip_shift_right_w2__compress2rs__whole_output_cone,inferred_bus_mode,false,true,input,data_operand,"[""a_1""]","[""a_1""]",1,lsb_to_msb,unknown,1.000000,1.000000,0.600000,"[""name_prefix"",""index_contiguity"",""structural_similarity""]","{""index_contiguity_score"":1.0,""name_prefix"":""a"",""name_prefix_score"":1.0,""structural_similarity_score"":1.0}",0,a,partial,1,semantic_bus_hypothesis_v1
bitmanip_shift_right_w2__compress2rs__whole_output_cone__inf__output__y,bitmanip_shift_right_w2__compress2rs__whole_output_cone,inferred_bus_mode,false,true,output,output,"[""y_0"",""y_1""]","[""y_0"",""y_1""]",2,lsb_to_msb,unknown,0.700000,1.000000,1.000000,"[""name_prefix"",""index_contiguity"",""structural_similarity""]","{""index_contiguity_score"":1.0,""name_prefix"":""y"",""name_prefix_score"":1.0,""structural_similarity_score"":0.0}",0,y,exact,1,semantic_bus_hypothesis_v1
bitmanip_shift_right_w2__dc2__whole_output_cone__inf__input__a,bitmanip_shift_right_w2__dc2__whole_output_cone,inferred_bus_mode,false,true,input,data_operand,"[""a_1""]","[""a_1""]",1,lsb_to_msb,unknown,1.000000,1.000000,0.600000,"[""name_prefix"",""index_contiguity"",""structural_similarity""]","{""index_contiguity_score"":1.0,""name_prefix"":""a"",""name_prefix_score"":1.0,""structural_similarity_score"":1.0}",0,a,partial,1,semantic_bus_hypothesis_v1
bitmanip_shift_right_w2__dc2__whole_output_cone__inf__output__y,bitmanip_shift_right_w2__dc2__whole_output_cone,inferred_bus_mode,false,true,output,output,"[""y_0"",""y_1""]","[""y_0"",""y_1""]",2,lsb_to_msb,unknown,0.700000,1.000000,1.000000,"[""name_prefix"",""index_contiguity"",""structural_similarity""]","{""index_contiguity_score"":1.0,""name_prefix"":""y"",""name_prefix_score"":1.0,""structural_similarity_score"":0.0}",0,y,exact,1,semantic_bus_hypothesis_v1
bitmanip_shift_right_w2__identity__ground_truth_region__inf__input__a,bitmanip_shift_right_w2__identity__ground_truth_region,inferred_bus_mode,false,true,input,data_operand,"[""a_0"",""a_1""]","[""a_0"",""a_1""]",2,lsb_to_msb,unknown,0.800000,1.000000,0.800000,"[""name_prefix"",""index_contiguity"",""structural_similarity""]","{""index_contiguity_score"":1.0,""name_prefix"":""a"",""name_prefix_score"":1.0,""structural_similarity_score"":0.333333}",0,a,exact,1,semantic_bus_hypothesis_v1
bitmanip_shift_right_w2__identity__ground_truth_region__inf__output__y,bitmanip_shift_right_w2__identity__ground_truth_region,inferred_bus_mode,false,true,output,output,"[""y_0"",""y_1""]","[""y_0"",""y_1""]",2,lsb_to_msb,unknown,0.700000,1.000000,1.000000,"[""name_prefix"",""index_contiguity"",""structural_similarity""]","{""index_contiguity_score"":1.0,""name_prefix"":""y"",""name_prefix_score"":1.0,""structural_similarity_score"":0.0}",0,y,exact,1,semantic_bus_hypothesis_v1
bitmanip_shift_right_w2__identity__whole_output_cone__inf__input__a,bitmanip_shift_right_w2__identity__whole_output_cone,inferred_bus_mode,false,true,input,data_operand,"[""a_0"",""a_1""]","[""a_0"",""a_1""]",2,lsb_to_msb,unknown,0.800000,1.000000,0.800000,"[""name_prefix"",""index_contiguity"",""structural_similarity""]","{""index_contiguity_score"":1.0,""name_prefix"":""a"",""name_prefix_score"":1.0,""structural_similarity_score"":0.333333}",0,a,exact,1,semantic_bus_hypothesis_v1
bitmanip_shift_right_w2__identity__whole_output_cone__inf__output__y,bitmanip_shift_right_w2__identity__whole_output_cone,inferred_bus_mode,false,true,output,output,"[""y_0"",""y_1""]","[""y_0"",""y_1""]",2,lsb_to_msb,unknown,0.700000,1.000000,1.000000,"[""name_prefix"",""index_contiguity"",""structural_similarity""]","{""index_contiguity_score"":1.0,""name_prefix"":""y"",""name_prefix_score"":1.0,""structural_similarity_score"":0.0}",0,y,exact,1,semantic_bus_hypothesis_v1
bitmanip_shift_right_w2__refactor__whole_output_cone__inf__input__a,bitmanip_shift_right_w2__refactor__whole_output_cone,inferred_bus_mode,false,true,input,data_operand,"[""a_1""]","[""a_1""]",1,lsb_to_msb,unknown,1.000000,1.000000,0.600000,"[""name_prefix"",""index_contiguity"",""structural_similarity""]","{""index_contiguity_score"":1.0,""name_prefix"":""a"",""name_prefix_score"":1.0,""structural_similarity_score"":1.0}",0,a,partial,1,semantic_bus_hypothesis_v1
bitmanip_shift_right_w2__refactor__whole_output_cone__inf__output__y,bitmanip_shift_right_w2__refactor__whole_output_cone,inferred_bus_mode,false,true,output,output,"[""y_0"",""y_1""]","[""y_0"",""y_1""]",2,lsb_to_msb,unknown,0.700000,1.000000,1.000000,"[""name_prefix"",""index_contiguity"",""structural_similarity""]","{""index_contiguity_score"":1.0,""name_prefix"":""y"",""name_prefix_score"":1.0,""structural_similarity_score"":0.0}",0,y,exact,1,semantic_bus_hypothesis_v1
bitmanip_shift_right_w2__resub__whole_output_cone__inf__input__a,bitmanip_shift_right_w2__resub__whole_output_cone,inferred_bus_mode,false,true,input,data_operand,"[""a_1""]","[""a_1""]",1,lsb_to_msb,unknown,1.000000,1.000000,0.600000,"[""name_prefix"",""index_contiguity"",""structural_similarity""]","{""index_contiguity_score"":1.0,""name_prefix"":""a"",""name_prefix_score"":1.0,""structural_similarity_score"":1.0}",0,a,partial,1,semantic_bus_hypothesis_v1
bitmanip_shift_right_w2__resub__whole_output_cone__inf__output__y,bitmanip_shift_right_w2__resub__whole_output_cone,inferred_bus_mode,false,true,output,output,"[""y_0"",""y_1""]","[""y_0"",""y_1""]",2,lsb_to_msb,unknown,0.700000,1.000000,1.000000,"[""name_prefix"",""index_contiguity"",""structural_similarity""]","{""index_contiguity_score"":1.0,""name_prefix"":""y"",""name_prefix_score"":1.0,""structural_similarity_score"":0.0}",0,y,exact,1,semantic_bus_hypothesis_v1
bitmanip_shift_right_w2__resyn__whole_output_cone__inf__input__a,bitmanip_shift_right_w2__resyn__whole_output_cone,inferred_bus_mode,false,true,input,data_operand,"[""a_0"",""a_1""]","[""a_0"",""a_1""]",2,lsb_to_msb,unknown,0.880000,1.000000,0.800000,"[""name_prefix"",""index_contiguity"",""structural_similarity""]","{""index_contiguity_score"":1.0,""name_prefix"":""a"",""name_prefix_score"":1.0,""structural_similarity_score"":0.6}",0,a,exact,1,semantic_bus_hypothesis_v1
bitmanip_shift_right_w2__resyn__whole_output_cone__inf__output__y,bitmanip_shift_right_w2__resyn__whole_output_cone,inferred_bus_mode,false,true,output,output,"[""y_0"",""y_1""]","[""y_0"",""y_1""]",2,lsb_to_msb,unknown,0.700000,1.000000,1.000000,"[""name_prefix"",""index_contiguity"",""structural_similarity""]","{""index_contiguity_score"":1.0,""name_prefix"":""y"",""name_prefix_score"":1.0,""structural_similarity_score"":0.0}",0,y,exact,1,semantic_bus_hypothesis_v1
bitmanip_shift_right_w2__resyn2__whole_output_cone__inf__input__a,bitmanip_shift_right_w2__resyn2__whole_output_cone,inferred_bus_mode,false,true,input,data_operand,"[""a_1""]","[""a_1""]",1,lsb_to_msb,unknown,1.000000,1.000000,0.600000,"[""name_prefix"",""index_contiguity"",""structural_similarity""]","{""index_contiguity_score"":1.0,""name_prefix"":""a"",""name_prefix_score"":1.0,""structural_similarity_score"":1.0}",0,a,partial,1,semantic_bus_hypothesis_v1
bitmanip_shift_right_w2__resyn2__whole_output_cone__inf__output__y,bitmanip_shift_right_w2__resyn2__whole_output_cone,inferred_bus_mode,false,true,output,output,"[""y_0"",""y_1""]","[""y_0"",""y_1""]",2,lsb_to_msb,unknown,0.700000,1.000000,1.000000,"[""name_prefix"",""index_contiguity"",""structural_similarity""]","{""index_contiguity_score"":1.0,""name_prefix"":""y"",""name_prefix_score"":1.0,""structural_similarity_score"":0.0}",0,y,exact,1,semantic_bus_hypothesis_v1
bitmanip_shift_right_w2__rewrite__whole_output_cone__inf__input__a,bitmanip_shift_right_w2__rewrite__whole_output_cone,inferred_bus_mode,false,true,input,data_operand,"[""a_0"",""a_1""]","[""a_0"",""a_1""]",2,lsb_to_msb,unknown,0.880000,1.000000,0.800000,"[""name_prefix"",""index_contiguity"",""structural_similarity""]","{""index_contiguity_score"":1.0,""name_prefix"":""a"",""name_prefix_score"":1.0,""structural_similarity_score"":0.6}",0,a,exact,1,semantic_bus_hypothesis_v1
bitmanip_shift_right_w2__rewrite__whole_output_cone__inf__output__y,bitmanip_shift_right_w2__rewrite__whole_output_cone,inferred_bus_mode,false,true,output,output,"[""y_0"",""y_1""]","[""y_0"",""y_1""]",2,lsb_to_msb,unknown,0.700000,1.000000,1.000000,"[""name_prefix"",""index_contiguity"",""structural_similarity""]","{""index_contiguity_score"":1.0,""name_prefix"":""y"",""name_prefix_score"":1.0,""structural_similarity_score"":0.0}",0,y,exact,1,semantic_bus_hypothesis_v1
bitmanip_shift_right_w3__balance__whole_output_cone__inf__input__a,bitmanip_shift_right_w3__balance__whole_output_cone,inferred_bus_mode,false,true,input,data_operand,"[""a_1"",""a_2""]","[""a_1"",""a_2""]",2,lsb_to_msb,unknown,0.700000,1.000000,0.800000,"[""name_prefix"",""index_contiguity"",""structural_similarity""]","{""index_contiguity_score"":1.0,""name_prefix"":""a"",""name_prefix_score"":1.0,""structural_similarity_score"":0.0}",0,a,partial,1,semantic_bus_hypothesis_v1
bitmanip_shift_right_w3__balance__whole_output_cone__inf__output__y,bitmanip_shift_right_w3__balance__whole_output_cone,inferred_bus_mode,false,true,output,output,"[""y_0"",""y_1"",""y_2""]","[""y_0"",""y_1"",""y_2""]",3,lsb_to_msb,unknown,0.700000,1.000000,1.000000,"[""name_prefix"",""index_contiguity"",""structural_similarity""]","{""index_contiguity_score"":1.0,""name_prefix"":""y"",""name_prefix_score"":1.0,""structural_similarity_score"":0.0}",0,y,exact,1,semantic_bus_hypothesis_v1
bitmanip_shift_right_w3__compress2rs__whole_output_cone__inf__input__a,bitmanip_shift_right_w3__compress2rs__whole_output_cone,inferred_bus_mode,false,true,input,data_operand,"[""a_1"",""a_2""]","[""a_1"",""a_2""]",2,lsb_to_msb,unknown,0.700000,1.000000,0.800000,"[""name_prefix"",""index_contiguity"",""structural_similarity""]","{""index_contiguity_score"":1.0,""name_prefix"":""a"",""name_prefix_score"":1.0,""structural_similarity_score"":0.0}",0,a,partial,1,semantic_bus_hypothesis_v1
bitmanip_shift_right_w3__compress2rs__whole_output_cone__inf__output__y,bitmanip_shift_right_w3__compress2rs__whole_output_cone,inferred_bus_mode,false,true,output,output,"[""y_0"",""y_1"",""y_2""]","[""y_0"",""y_1"",""y_2""]",3,lsb_to_msb,unknown,0.700000,1.000000,1.000000,"[""name_prefix"",""index_contiguity"",""structural_similarity""]","{""index_contiguity_score"":1.0,""name_prefix"":""y"",""name_prefix_score"":1.0,""structural_similarity_score"":0.0}",0,y,exact,1,semantic_bus_hypothesis_v1
bitmanip_shift_right_w3__dc2__whole_output_cone__inf__input__a,bitmanip_shift_right_w3__dc2__whole_output_cone,inferred_bus_mode,false,true,input,data_operand,"[""a_1"",""a_2""]","[""a_1"",""a_2""]",2,lsb_to_msb,unknown,0.700000,1.000000,0.800000,"[""name_prefix"",""index_contiguity"",""structural_similarity""]","{""index_contiguity_score"":1.0,""name_prefix"":""a"",""name_prefix_score"":1.0,""structural_similarity_score"":0.0}",0,a,partial,1,semantic_bus_hypothesis_v1
bitmanip_shift_right_w3__dc2__whole_output_cone__inf__output__y,bitmanip_shift_right_w3__dc2__whole_output_cone,inferred_bus_mode,false,true,output,output,"[""y_0"",""y_1"",""y_2""]","[""y_0"",""y_1"",""y_2""]",3,lsb_to_msb,unknown,0.700000,1.000000,1.000000,"[""name_prefix"",""index_contiguity"",""structural_similarity""]","{""index_contiguity_score"":1.0,""name_prefix"":""y"",""name_prefix_score"":1.0,""structural_similarity_score"":0.0}",0,y,exact,1,semantic_bus_hypothesis_v1
bitmanip_shift_right_w3__identity__ground_truth_region__inf__input__a,bitmanip_shift_right_w3__identity__ground_truth_region,inferred_bus_mode,false,true,input,data_operand,"[""a_0"",""a_1"",""a_2""]","[""a_0"",""a_1"",""a_2""]",3,lsb_to_msb,unknown,0.850000,1.000000,0.800000,"[""name_prefix"",""index_contiguity"",""structural_similarity""]","{""index_contiguity_score"":1.0,""name_prefix"":""a"",""name_prefix_score"":1.0,""structural_similarity_score"":0.5}",0,a,exact,1,semantic_bus_hypothesis_v1
bitmanip_shift_right_w3__identity__ground_truth_region__inf__output__y,bitmanip_shift_right_w3__identity__ground_truth_region,inferred_bus_mode,false,true,output,output,"[""y_0"",""y_1"",""y_2""]","[""y_0"",""y_1"",""y_2""]",3,lsb_to_msb,unknown,0.760000,1.000000,1.000000,"[""name_prefix"",""index_contiguity"",""structural_similarity""]","{""index_contiguity_score"":1.0,""name_prefix"":""y"",""name_prefix_score"":1.0,""structural_similarity_score"":0.2}",0,y,exact,1,semantic_bus_hypothesis_v1
bitmanip_shift_right_w3__identity__whole_output_cone__inf__input__a,bitmanip_shift_right_w3__identity__whole_output_cone,inferred_bus_mode,false,true,input,data_operand,"[""a_0"",""a_1"",""a_2""]","[""a_0"",""a_1"",""a_2""]",3,lsb_to_msb,unknown,0.850000,1.000000,0.800000,"[""name_prefix"",""index_contiguity"",""structural_similarity""]","{""index_contiguity_score"":1.0,""name_prefix"":""a"",""name_prefix_score"":1.0,""structural_similarity_score"":0.5}",0,a,exact,1,semantic_bus_hypothesis_v1
bitmanip_shift_right_w3__identity__whole_output_cone__inf__output__y,bitmanip_shift_right_w3__identity__whole_output_cone,inferred_bus_mode,false,true,output,output,"[""y_0"",""y_1"",""y_2""]","[""y_0"",""y_1"",""y_2""]",3,lsb_to_msb,unknown,0.760000,1.000000,1.000000,"[""name_prefix"",""index_contiguity"",""structural_similarity""]","{""index_contiguity_score"":1.0,""name_prefix"":""y"",""name_prefix_score"":1.0,""structural_similarity_score"":0.2}",0,y,exact,1,semantic_bus_hypothesis_v1
bitmanip_shift_right_w3__refactor__whole_output_cone__inf__input__a,bitmanip_shift_right_w3__refactor__whole_output_cone,inferred_bus_mode,false,true,input,data_operand,"[""a_1"",""a_2""]","[""a_1"",""a_2""]",2,lsb_to_msb,unknown,0.700000,1.000000,0.800000,"[""name_prefix"",""index_contiguity"",""structural_similarity""]","{""index_contiguity_score"":1.0,""name_prefix"":""a"",""name_prefix_score"":1.0,""structural_similarity_score"":0.0}",0,a,partial,1,semantic_bus_hypothesis_v1
bitmanip_shift_right_w3__refactor__whole_output_cone__inf__output__y,bitmanip_shift_right_w3__refactor__whole_output_cone,inferred_bus_mode,false,true,output,output,"[""y_0"",""y_1"",""y_2""]","[""y_0"",""y_1"",""y_2""]",3,lsb_to_msb,unknown,0.700000,1.000000,1.000000,"[""name_prefix"",""index_contiguity"",""structural_similarity""]","{""index_contiguity_score"":1.0,""name_prefix"":""y"",""name_prefix_score"":1.0,""structural_similarity_score"":0.0}",0,y,exact,1,semantic_bus_hypothesis_v1
bitmanip_shift_right_w3__resub__whole_output_cone__inf__input__a,bitmanip_shift_right_w3__resub__whole_output_cone,inferred_bus_mode,false,true,input,data_operand,"[""a_1"",""a_2""]","[""a_1"",""a_2""]",2,lsb_to_msb,unknown,0.700000,1.000000,0.800000,"[""name_prefix"",""index_contiguity"",""structural_similarity""]","{""index_contiguity_score"":1.0,""name_prefix"":""a"",""name_prefix_score"":1.0,""structural_similarity_score"":0.0}",0,a,partial,1,semantic_bus_hypothesis_v1
bitmanip_shift_right_w3__resub__whole_output_cone__inf__output__y,bitmanip_shift_right_w3__resub__whole_output_cone,inferred_bus_mode,false,true,output,output,"[""y_0"",""y_1"",""y_2""]","[""y_0"",""y_1"",""y_2""]",3,lsb_to_msb,unknown,0.700000,1.000000,1.000000,"[""name_prefix"",""index_contiguity"",""structural_similarity""]","{""index_contiguity_score"":1.0,""name_prefix"":""y"",""name_prefix_score"":1.0,""structural_similarity_score"":0.0}",0,y,exact,1,semantic_bus_hypothesis_v1
bitmanip_shift_right_w3__resyn__whole_output_cone__inf__input__a,bitmanip_shift_right_w3__resyn__whole_output_cone,inferred_bus_mode,false,true,input,data_operand,"[""a_1"",""a_2""]","[""a_1"",""a_2""]",2,lsb_to_msb,unknown,0.700000,1.000000,0.800000,"[""name_prefix"",""index_contiguity"",""structural_similarity""]","{""index_contiguity_score"":1.0,""name_prefix"":""a"",""name_prefix_score"":1.0,""structural_similarity_score"":0.0}",0,a,partial,1,semantic_bus_hypothesis_v1
bitmanip_shift_right_w3__resyn__whole_output_cone__inf__output__y,bitmanip_shift_right_w3__resyn__whole_output_cone,inferred_bus_mode,false,true,output,output,"[""y_0"",""y_1"",""y_2""]","[""y_0"",""y_1"",""y_2""]",3,lsb_to_msb,unknown,0.700000,1.000000,1.000000,"[""name_prefix"",""index_contiguity"",""structural_similarity""]","{""index_contiguity_score"":1.0,""name_prefix"":""y"",""name_prefix_score"":1.0,""structural_similarity_score"":0.0}",0,y,exact,1,semantic_bus_hypothesis_v1
bitmanip_shift_right_w3__resyn2__whole_output_cone__inf__input__a,bitmanip_shift_right_w3__resyn2__whole_output_cone,inferred_bus_mode,false,true,input,data_operand,"[""a_1"",""a_2""]","[""a_1"",""a_2""]",2,lsb_to_msb,unknown,0.700000,1.000000,0.800000,"[""name_prefix"",""index_contiguity"",""structural_similarity""]","{""index_contiguity_score"":1.0,""name_prefix"":""a"",""name_prefix_score"":1.0,""structural_similarity_score"":0.0}",0,a,partial,1,semantic_bus_hypothesis_v1
bitmanip_shift_right_w3__resyn2__whole_output_cone__inf__output__y,bitmanip_shift_right_w3__resyn2__whole_output_cone,inferred_bus_mode,false,true,output,output,"[""y_0"",""y_1"",""y_2""]","[""y_0"",""y_1"",""y_2""]",3,lsb_to_msb,unknown,0.700000,1.000000,1.000000,"[""name_prefix"",""index_contiguity"",""structural_similarity""]","{""index_contiguity_score"":1.0,""name_prefix"":""y"",""name_prefix_score"":1.0,""structural_similarity_score"":0.0}",0,y,exact,1,semantic_bus_hypothesis_v1
bitmanip_shift_right_w3__rewrite__whole_output_cone__inf__input__a,bitmanip_shift_right_w3__rewrite__whole_output_cone,inferred_bus_mode,false,true,input,data_operand,"[""a_1"",""a_2""]","[""a_1"",""a_2""]",2,lsb_to_msb,unknown,0.700000,1.000000,0.800000,"[""name_prefix"",""index_contiguity"",""structural_similarity""]","{""index_contiguity_score"":1.0,""name_prefix"":""a"",""name_prefix_score"":1.0,""structural_similarity_score"":0.0}",0,a,partial,1,semantic_bus_hypothesis_v1
bitmanip_shift_right_w3__rewrite__whole_output_cone__inf__output__y,bitmanip_shift_right_w3__rewrite__whole_output_cone,inferred_bus_mode,false,true,output,output,"[""y_0"",""y_1"",""y_2""]","[""y_0"",""y_1"",""y_2""]",3,lsb_to_msb,unknown,0.700000,1.000000,1.000000,"[""name_prefix"",""index_contiguity"",""structural_similarity""]","{""index_contiguity_score"":1.0,""name_prefix"":""y"",""name_prefix_score"":1.0,""structural_similarity_score"":0.0}",0,y,exact,1,semantic_bus_hypothesis_v1
bitmanip_shift_right_w4__balance__whole_output_cone__inf__input__a,bitmanip_shift_right_w4__balance__whole_output_cone,inferred_bus_mode,false,true,input,data_operand,"[""a_1"",""a_2"",""a_3""]","[""a_1"",""a_2"",""a_3""]",3,lsb_to_msb,unknown,0.700000,1.000000,0.800000,"[""name_prefix"",""index_contiguity"",""structural_similarity""]","{""index_contiguity_score"":1.0,""name_prefix"":""a"",""name_prefix_score"":1.0,""structural_similarity_score"":0.0}",0,a,partial,1,semantic_bus_hypothesis_v1
bitmanip_shift_right_w4__balance__whole_output_cone__inf__output__y,bitmanip_shift_right_w4__balance__whole_output_cone,inferred_bus_mode,false,true,output,output,"[""y_0"",""y_1"",""y_2"",""y_3""]","[""y_0"",""y_1"",""y_2"",""y_3""]",4,lsb_to_msb,unknown,0.700000,1.000000,1.000000,"[""name_prefix"",""index_contiguity"",""structural_similarity""]","{""index_contiguity_score"":1.0,""name_prefix"":""y"",""name_prefix_score"":1.0,""structural_similarity_score"":0.0}",0,y,exact,1,semantic_bus_hypothesis_v1
bitmanip_shift_right_w4__compress2rs__whole_output_cone__inf__input__a,bitmanip_shift_right_w4__compress2rs__whole_output_cone,inferred_bus_mode,false,true,input,data_operand,"[""a_1"",""a_2"",""a_3""]","[""a_1"",""a_2"",""a_3""]",3,lsb_to_msb,unknown,0.700000,1.000000,0.800000,"[""name_prefix"",""index_contiguity"",""structural_similarity""]","{""index_contiguity_score"":1.0,""name_prefix"":""a"",""name_prefix_score"":1.0,""structural_similarity_score"":0.0}",0,a,partial,1,semantic_bus_hypothesis_v1
bitmanip_shift_right_w4__compress2rs__whole_output_cone__inf__output__y,bitmanip_shift_right_w4__compress2rs__whole_output_cone,inferred_bus_mode,false,true,output,output,"[""y_0"",""y_1"",""y_2"",""y_3""]","[""y_0"",""y_1"",""y_2"",""y_3""]",4,lsb_to_msb,unknown,0.700000,1.000000,1.000000,"[""name_prefix"",""index_contiguity"",""structural_similarity""]","{""index_contiguity_score"":1.0,""name_prefix"":""y"",""name_prefix_score"":1.0,""structural_similarity_score"":0.0}",0,y,exact,1,semantic_bus_hypothesis_v1
bitmanip_shift_right_w4__dc2__whole_output_cone__inf__input__a,bitmanip_shift_right_w4__dc2__whole_output_cone,inferred_bus_mode,false,true,input,data_operand,"[""a_1"",""a_2"",""a_3""]","[""a_1"",""a_2"",""a_3""]",3,lsb_to_msb,unknown,0.700000,1.000000,0.800000,"[""name_prefix"",""index_contiguity"",""structural_similarity""]","{""index_contiguity_score"":1.0,""name_prefix"":""a"",""name_prefix_score"":1.0,""structural_similarity_score"":0.0}",0,a,partial,1,semantic_bus_hypothesis_v1
bitmanip_shift_right_w4__dc2__whole_output_cone__inf__output__y,bitmanip_shift_right_w4__dc2__whole_output_cone,inferred_bus_mode,false,true,output,output,"[""y_0"",""y_1"",""y_2"",""y_3""]","[""y_0"",""y_1"",""y_2"",""y_3""]",4,lsb_to_msb,unknown,0.700000,1.000000,1.000000,"[""name_prefix"",""index_contiguity"",""structural_similarity""]","{""index_contiguity_score"":1.0,""name_prefix"":""y"",""name_prefix_score"":1.0,""structural_similarity_score"":0.0}",0,y,exact,1,semantic_bus_hypothesis_v1
bitmanip_shift_right_w4__identity__ground_truth_region__inf__input__a,bitmanip_shift_right_w4__identity__ground_truth_region,inferred_bus_mode,false,true,input,data_operand,"[""a_0"",""a_1"",""a_2"",""a_3""]","[""a_0"",""a_1"",""a_2"",""a_3""]",4,lsb_to_msb,unknown,0.880000,1.000000,0.800000,"[""name_prefix"",""index_contiguity"",""structural_similarity""]","{""index_contiguity_score"":1.0,""name_prefix"":""a"",""name_prefix_score"":1.0,""structural_similarity_score"":0.6}",0,a,exact,1,semantic_bus_hypothesis_v1
bitmanip_shift_right_w4__identity__ground_truth_region__inf__output__y,bitmanip_shift_right_w4__identity__ground_truth_region,inferred_bus_mode,false,true,output,output,"[""y_0"",""y_1"",""y_2"",""y_3""]","[""y_0"",""y_1"",""y_2"",""y_3""]",4,lsb_to_msb,unknown,0.800000,1.000000,1.000000,"[""name_prefix"",""index_contiguity"",""structural_similarity""]","{""index_contiguity_score"":1.0,""name_prefix"":""y"",""name_prefix_score"":1.0,""structural_similarity_score"":0.333333}",0,y,exact,1,semantic_bus_hypothesis_v1
bitmanip_shift_right_w4__identity__whole_output_cone__inf__input__a,bitmanip_shift_right_w4__identity__whole_output_cone,inferred_bus_mode,false,true,input,data_operand,"[""a_0"",""a_1"",""a_2"",""a_3""]","[""a_0"",""a_1"",""a_2"",""a_3""]",4,lsb_to_msb,unknown,0.880000,1.000000,0.800000,"[""name_prefix"",""index_contiguity"",""structural_similarity""]","{""index_contiguity_score"":1.0,""name_prefix"":""a"",""name_prefix_score"":1.0,""structural_similarity_score"":0.6}",0,a,exact,1,semantic_bus_hypothesis_v1
bitmanip_shift_right_w4__identity__whole_output_cone__inf__output__y,bitmanip_shift_right_w4__identity__whole_output_cone,inferred_bus_mode,false,true,output,output,"[""y_0"",""y_1"",""y_2"",""y_3""]","[""y_0"",""y_1"",""y_2"",""y_3""]",4,lsb_to_msb,unknown,0.800000,1.000000,1.000000,"[""name_prefix"",""index_contiguity"",""structural_similarity""]","{""index_contiguity_score"":1.0,""name_prefix"":""y"",""name_prefix_score"":1.0,""structural_similarity_score"":0.333333}",0,y,exact,1,semantic_bus_hypothesis_v1
bitmanip_shift_right_w4__refactor__whole_output_cone__inf__input__a,bitmanip_shift_right_w4__refactor__whole_output_cone,inferred_bus_mode,false,true,input,data_operand,"[""a_1"",""a_2"",""a_3""]","[""a_1"",""a_2"",""a_3""]",3,lsb_to_msb,unknown,0.700000,1.000000,0.800000,"[""name_prefix"",""index_contiguity"",""structural_similarity""]","{""index_contiguity_score"":1.0,""name_prefix"":""a"",""name_prefix_score"":1.0,""structural_similarity_score"":0.0}",0,a,partial,1,semantic_bus_hypothesis_v1
bitmanip_shift_right_w4__refactor__whole_output_cone__inf__output__y,bitmanip_shift_right_w4__refactor__whole_output_cone,inferred_bus_mode,false,true,output,output,"[""y_0"",""y_1"",""y_2"",""y_3""]","[""y_0"",""y_1"",""y_2"",""y_3""]",4,lsb_to_msb,unknown,0.700000,1.000000,1.000000,"[""name_prefix"",""index_contiguity"",""structural_similarity""]","{""index_contiguity_score"":1.0,""name_prefix"":""y"",""name_prefix_score"":1.0,""structural_similarity_score"":0.0}",0,y,exact,1,semantic_bus_hypothesis_v1
bitmanip_shift_right_w4__resub__whole_output_cone__inf__input__a,bitmanip_shift_right_w4__resub__whole_output_cone,inferred_bus_mode,false,true,input,data_operand,"[""a_1"",""a_2"",""a_3""]","[""a_1"",""a_2"",""a_3""]",3,lsb_to_msb,unknown,0.700000,1.000000,0.800000,"[""name_prefix"",""index_contiguity"",""structural_similarity""]","{""index_contiguity_score"":1.0,""name_prefix"":""a"",""name_prefix_score"":1.0,""structural_similarity_score"":0.0}",0,a,partial,1,semantic_bus_hypothesis_v1
bitmanip_shift_right_w4__resub__whole_output_cone__inf__output__y,bitmanip_shift_right_w4__resub__whole_output_cone,inferred_bus_mode,false,true,output,output,"[""y_0"",""y_1"",""y_2"",""y_3""]","[""y_0"",""y_1"",""y_2"",""y_3""]",4,lsb_to_msb,unknown,0.700000,1.000000,1.000000,"[""name_prefix"",""index_contiguity"",""structural_similarity""]","{""index_contiguity_score"":1.0,""name_prefix"":""y"",""name_prefix_score"":1.0,""structural_similarity_score"":0.0}",0,y,exact,1,semantic_bus_hypothesis_v1
bitmanip_shift_right_w4__resyn__whole_output_cone__inf__input__a,bitmanip_shift_right_w4__resyn__whole_output_cone,inferred_bus_mode,false,true,input,data_operand,"[""a_1"",""a_2"",""a_3""]","[""a_1"",""a_2"",""a_3""]",3,lsb_to_msb,unknown,0.700000,1.000000,0.800000,"[""name_prefix"",""index_contiguity"",""structural_similarity""]","{""index_contiguity_score"":1.0,""name_prefix"":""a"",""name_prefix_score"":1.0,""structural_similarity_score"":0.0}",0,a,partial,1,semantic_bus_hypothesis_v1
bitmanip_shift_right_w4__resyn__whole_output_cone__inf__output__y,bitmanip_shift_right_w4__resyn__whole_output_cone,inferred_bus_mode,false,true,output,output,"[""y_0"",""y_1"",""y_2"",""y_3""]","[""y_0"",""y_1"",""y_2"",""y_3""]",4,lsb_to_msb,unknown,0.700000,1.000000,1.000000,"[""name_prefix"",""index_contiguity"",""structural_similarity""]","{""index_contiguity_score"":1.0,""name_prefix"":""y"",""name_prefix_score"":1.0,""structural_similarity_score"":0.0}",0,y,exact,1,semantic_bus_hypothesis_v1
bitmanip_shift_right_w4__resyn2__whole_output_cone__inf__input__a,bitmanip_shift_right_w4__resyn2__whole_output_cone,inferred_bus_mode,false,true,input,data_operand,"[""a_1"",""a_2"",""a_3""]","[""a_1"",""a_2"",""a_3""]",3,lsb_to_msb,unknown,0.700000,1.000000,0.800000,"[""name_prefix"",""index_contiguity"",""structural_similarity""]","{""index_contiguity_score"":1.0,""name_prefix"":""a"",""name_prefix_score"":1.0,""structural_similarity_score"":0.0}",0,a,partial,1,semantic_bus_hypothesis_v1
bitmanip_shift_right_w4__resyn2__whole_output_cone__inf__output__y,bitmanip_shift_right_w4__resyn2__whole_output_cone,inferred_bus_mode,false,true,output,output,"[""y_0"",""y_1"",""y_2"",""y_3""]","[""y_0"",""y_1"",""y_2"",""y_3""]",4,lsb_to_msb,unknown,0.700000,1.000000,1.000000,"[""name_prefix"",""index_contiguity"",""structural_similarity""]","{""index_contiguity_score"":1.0,""name_prefix"":""y"",""name_prefix_score"":1.0,""structural_similarity_score"":0.0}",0,y,exact,1,semantic_bus_hypothesis_v1
bitmanip_shift_right_w4__rewrite__whole_output_cone__inf__input__a,bitmanip_shift_right_w4__rewrite__whole_output_cone,inferred_bus_mode,false,true,input,data_operand,"[""a_1"",""a_2"",""a_3""]","[""a_1"",""a_2"",""a_3""]",3,lsb_to_msb,unknown,0.700000,1.000000,0.800000,"[""name_prefix"",""index_contiguity"",""structural_similarity""]","{""index_contiguity_score"":1.0,""name_prefix"":""a"",""name_prefix_score"":1.0,""structural_similarity_score"":0.0}",0,a,partial,1,semantic_bus_hypothesis_v1
bitmanip_shift_right_w4__rewrite__whole_output_cone__inf__output__y,bitmanip_shift_right_w4__rewrite__whole_output_cone,inferred_bus_mode,false,true,output,output,"[""y_0"",""y_1"",""y_2"",""y_3""]","[""y_0"",""y_1"",""y_2"",""y_3""]",4,lsb_to_msb,unknown,0.700000,1.000000,1.000000,"[""name_prefix"",""index_contiguity"",""structural_similarity""]","{""index_contiguity_score"":1.0,""name_prefix"":""y"",""name_prefix_score"":1.0,""structural_similarity_score"":0.0}",0,y,exact,1,semantic_bus_hypothesis_v1
bitmanip_shift_right_w6__identity__ground_truth_region__inf__input__a,bitmanip_shift_right_w6__identity__ground_truth_region,inferred_bus_mode,false,true,input,data_operand,"[""a_0"",""a_1"",""a_2"",""a_3"",""a_4"",""a_5""]","[""a_0"",""a_1"",""a_2"",""a_3"",""a_4"",""a_5""]",6,lsb_to_msb,unknown,0.914286,1.000000,0.800000,"[""name_prefix"",""index_contiguity"",""structural_similarity""]","{""index_contiguity_score"":1.0,""name_prefix"":""a"",""name_prefix_score"":1.0,""structural_similarity_score"":0.714286}",0,a,exact,1,semantic_bus_hypothesis_v1
bitmanip_shift_right_w6__identity__ground_truth_region__inf__output__y,bitmanip_shift_right_w6__identity__ground_truth_region,inferred_bus_mode,false,true,output,output,"[""y_0"",""y_1"",""y_2"",""y_3"",""y_4"",""y_5""]","[""y_0"",""y_1"",""y_2"",""y_3"",""y_4"",""y_5""]",6,lsb_to_msb,unknown,0.850000,1.000000,1.000000,"[""name_prefix"",""index_contiguity"",""structural_similarity""]","{""index_contiguity_score"":1.0,""name_prefix"":""y"",""name_prefix_score"":1.0,""structural_similarity_score"":0.5}",0,y,exact,1,semantic_bus_hypothesis_v1
bitmanip_shift_right_w6__identity__whole_output_cone__inf__input__a,bitmanip_shift_right_w6__identity__whole_output_cone,inferred_bus_mode,false,true,input,data_operand,"[""a_0"",""a_1"",""a_2"",""a_3"",""a_4"",""a_5""]","[""a_0"",""a_1"",""a_2"",""a_3"",""a_4"",""a_5""]",6,lsb_to_msb,unknown,0.914286,1.000000,0.800000,"[""name_prefix"",""index_contiguity"",""structural_similarity""]","{""index_contiguity_score"":1.0,""name_prefix"":""a"",""name_prefix_score"":1.0,""structural_similarity_score"":0.714286}",0,a,exact,1,semantic_bus_hypothesis_v1
bitmanip_shift_right_w6__identity__whole_output_cone__inf__output__y,bitmanip_shift_right_w6__identity__whole_output_cone,inferred_bus_mode,false,true,output,output,"[""y_0"",""y_1"",""y_2"",""y_3"",""y_4"",""y_5""]","[""y_0"",""y_1"",""y_2"",""y_3"",""y_4"",""y_5""]",6,lsb_to_msb,unknown,0.850000,1.000000,1.000000,"[""name_prefix"",""index_contiguity"",""structural_similarity""]","{""index_contiguity_score"":1.0,""name_prefix"":""y"",""name_prefix_score"":1.0,""structural_similarity_score"":0.5}",0,y,exact,1,semantic_bus_hypothesis_v1
bitmanip_shift_right_w8__identity__ground_truth_region__inf__input__a,bitmanip_shift_right_w8__identity__ground_truth_region,inferred_bus_mode,false,true,input,data_operand,"[""a_0"",""a_1"",""a_2"",""a_3"",""a_4"",""a_5"",""a_6"",""a_7""]","[""a_0"",""a_1"",""a_2"",""a_3"",""a_4"",""a_5"",""a_6"",""a_7""]",8,lsb_to_msb,unknown,0.933333,1.000000,0.800000,"[""name_prefix"",""index_contiguity"",""structural_similarity""]","{""index_contiguity_score"":1.0,""name_prefix"":""a"",""name_prefix_score"":1.0,""structural_similarity_score"":0.777778}",0,a,exact,1,semantic_bus_hypothesis_v1
bitmanip_shift_right_w8__identity__ground_truth_region__inf__output__y,bitmanip_shift_right_w8__identity__ground_truth_region,inferred_bus_mode,false,true,output,output,"[""y_0"",""y_1"",""y_2"",""y_3"",""y_4"",""y_5"",""y_6"",""y_7""]","[""y_0"",""y_1"",""y_2"",""y_3"",""y_4"",""y_5"",""y_6"",""y_7""]",8,lsb_to_msb,unknown,0.880000,1.000000,1.000000,"[""name_prefix"",""index_contiguity"",""structural_similarity""]","{""index_contiguity_score"":1.0,""name_prefix"":""y"",""name_prefix_score"":1.0,""structural_similarity_score"":0.6}",0,y,exact,1,semantic_bus_hypothesis_v1
bitmanip_shift_right_w8__identity__whole_output_cone__inf__input__a,bitmanip_shift_right_w8__identity__whole_output_cone,inferred_bus_mode,false,true,input,data_operand,"[""a_0"",""a_1"",""a_2"",""a_3"",""a_4"",""a_5"",""a_6"",""a_7""]","[""a_0"",""a_1"",""a_2"",""a_3"",""a_4"",""a_5"",""a_6"",""a_7""]",8,lsb_to_msb,unknown,0.933333,1.000000,0.800000,"[""name_prefix"",""index_contiguity"",""structural_similarity""]","{""index_contiguity_score"":1.0,""name_prefix"":""a"",""name_prefix_score"":1.0,""structural_similarity_score"":0.777778}",0,a,exact,1,semantic_bus_hypothesis_v1
bitmanip_shift_right_w8__identity__whole_output_cone__inf__output__y,bitmanip_shift_right_w8__identity__whole_output_cone,inferred_bus_mode,false,true,output,output,"[""y_0"",""y_1"",""y_2"",""y_3"",""y_4"",""y_5"",""y_6"",""y_7""]","[""y_0"",""y_1"",""y_2"",""y_3"",""y_4"",""y_5"",""y_6"",""y_7""]",8,lsb_to_msb,unknown,0.880000,1.000000,1.000000,"[""name_prefix"",""index_contiguity"",""structural_similarity""]","{""index_contiguity_score"":1.0,""name_prefix"":""y"",""name_prefix_score"":1.0,""structural_similarity_score"":0.6}",0,y,exact,1,semantic_bus_hypothesis_v1
bitmanip_sign_extend_w2__balance__whole_output_cone__inf__input__a,bitmanip_sign_extend_w2__balance__whole_output_cone,inferred_bus_mode,false,true,input,data_operand,"[""a_0"",""a_1""]","[""a_0"",""a_1""]",2,lsb_to_msb,unknown,0.933333,1.000000,0.800000,"[""name_prefix"",""index_contiguity"",""structural_similarity""]","{""index_contiguity_score"":1.0,""name_prefix"":""a"",""name_prefix_score"":1.0,""structural_similarity_score"":0.777778}",0,a,exact,1,semantic_bus_hypothesis_v1
bitmanip_sign_extend_w2__balance__whole_output_cone__inf__output__y,bitmanip_sign_extend_w2__balance__whole_output_cone,inferred_bus_mode,false,true,output,output,"[""y_0"",""y_1"",""y_2"",""y_3""]","[""y_0"",""y_1"",""y_2"",""y_3""]",4,lsb_to_msb,unknown,0.877976,1.000000,1.000000,"[""name_prefix"",""index_contiguity"",""structural_similarity""]","{""index_contiguity_score"":1.0,""name_prefix"":""y"",""name_prefix_score"":1.0,""structural_similarity_score"":0.593254}",0,y,exact,1,semantic_bus_hypothesis_v1
bitmanip_sign_extend_w2__compress2rs__whole_output_cone__inf__input__a,bitmanip_sign_extend_w2__compress2rs__whole_output_cone,inferred_bus_mode,false,true,input,data_operand,"[""a_0"",""a_1""]","[""a_0"",""a_1""]",2,lsb_to_msb,unknown,0.700000,1.000000,0.800000,"[""name_prefix"",""index_contiguity"",""structural_similarity""]","{""index_contiguity_score"":1.0,""name_prefix"":""a"",""name_prefix_score"":1.0,""structural_similarity_score"":0.0}",0,a,exact,1,semantic_bus_hypothesis_v1
bitmanip_sign_extend_w2__compress2rs__whole_output_cone__inf__output__y,bitmanip_sign_extend_w2__compress2rs__whole_output_cone,inferred_bus_mode,false,true,output,output,"[""y_0"",""y_1"",""y_2"",""y_3""]","[""y_0"",""y_1"",""y_2"",""y_3""]",4,lsb_to_msb,unknown,0.750000,1.000000,1.000000,"[""name_prefix"",""index_contiguity"",""structural_similarity""]","{""index_contiguity_score"":1.0,""name_prefix"":""y"",""name_prefix_score"":1.0,""structural_similarity_score"":0.166667}",0,y,exact,1,semantic_bus_hypothesis_v1
bitmanip_sign_extend_w2__dc2__whole_output_cone__inf__input__a,bitmanip_sign_extend_w2__dc2__whole_output_cone,inferred_bus_mode,false,true,input,data_operand,"[""a_0"",""a_1""]","[""a_0"",""a_1""]",2,lsb_to_msb,unknown,0.700000,1.000000,0.800000,"[""name_prefix"",""index_contiguity"",""structural_similarity""]","{""index_contiguity_score"":1.0,""name_prefix"":""a"",""name_prefix_score"":1.0,""structural_similarity_score"":0.0}",0,a,exact,1,semantic_bus_hypothesis_v1
bitmanip_sign_extend_w2__dc2__whole_output_cone__inf__output__y,bitmanip_sign_extend_w2__dc2__whole_output_cone,inferred_bus_mode,false,true,output,output,"[""y_0"",""y_1"",""y_2"",""y_3""]","[""y_0"",""y_1"",""y_2"",""y_3""]",4,lsb_to_msb,unknown,0.750000,1.000000,1.000000,"[""name_prefix"",""index_contiguity"",""structural_similarity""]","{""index_contiguity_score"":1.0,""name_prefix"":""y"",""name_prefix_score"":1.0,""structural_similarity_score"":0.166667}",0,y,exact,1,semantic_bus_hypothesis_v1
bitmanip_sign_extend_w2__identity__ground_truth_region__inf__input__a,bitmanip_sign_extend_w2__identity__ground_truth_region,inferred_bus_mode,false,true,input,data_operand,"[""a_0"",""a_1""]","[""a_0"",""a_1""]",2,lsb_to_msb,unknown,0.900000,1.000000,0.800000,"[""name_prefix"",""index_contiguity"",""structural_similarity""]","{""index_contiguity_score"":1.0,""name_prefix"":""a"",""name_prefix_score"":1.0,""structural_similarity_score"":0.666667}",0,a,exact,1,semantic_bus_hypothesis_v1
bitmanip_sign_extend_w2__identity__ground_truth_region__inf__output__y,bitmanip_sign_extend_w2__identity__ground_truth_region,inferred_bus_mode,false,true,output,output,"[""y_0"",""y_1"",""y_2"",""y_3""]","[""y_0"",""y_1"",""y_2"",""y_3""]",4,lsb_to_msb,unknown,0.850000,1.000000,1.000000,"[""name_prefix"",""index_contiguity"",""structural_similarity""]","{""index_contiguity_score"":1.0,""name_prefix"":""y"",""name_prefix_score"":1.0,""structural_similarity_score"":0.5}",0,y,exact,1,semantic_bus_hypothesis_v1
bitmanip_sign_extend_w2__identity__whole_output_cone__inf__input__a,bitmanip_sign_extend_w2__identity__whole_output_cone,inferred_bus_mode,false,true,input,data_operand,"[""a_0"",""a_1""]","[""a_0"",""a_1""]",2,lsb_to_msb,unknown,0.900000,1.000000,0.800000,"[""name_prefix"",""index_contiguity"",""structural_similarity""]","{""index_contiguity_score"":1.0,""name_prefix"":""a"",""name_prefix_score"":1.0,""structural_similarity_score"":0.666667}",0,a,exact,1,semantic_bus_hypothesis_v1
bitmanip_sign_extend_w2__identity__whole_output_cone__inf__output__y,bitmanip_sign_extend_w2__identity__whole_output_cone,inferred_bus_mode,false,true,output,output,"[""y_0"",""y_1"",""y_2"",""y_3""]","[""y_0"",""y_1"",""y_2"",""y_3""]",4,lsb_to_msb,unknown,0.850000,1.000000,1.000000,"[""name_prefix"",""index_contiguity"",""structural_similarity""]","{""index_contiguity_score"":1.0,""name_prefix"":""y"",""name_prefix_score"":1.0,""structural_similarity_score"":0.5}",0,y,exact,1,semantic_bus_hypothesis_v1
bitmanip_sign_extend_w2__refactor__whole_output_cone__inf__input__a,bitmanip_sign_extend_w2__refactor__whole_output_cone,inferred_bus_mode,false,true,input,data_operand,"[""a_0"",""a_1""]","[""a_0"",""a_1""]",2,lsb_to_msb,unknown,0.700000,1.000000,0.800000,"[""name_prefix"",""index_contiguity"",""structural_similarity""]","{""index_contiguity_score"":1.0,""name_prefix"":""a"",""name_prefix_score"":1.0,""structural_similarity_score"":0.0}",0,a,exact,1,semantic_bus_hypothesis_v1
bitmanip_sign_extend_w2__refactor__whole_output_cone__inf__output__y,bitmanip_sign_extend_w2__refactor__whole_output_cone,inferred_bus_mode,false,true,output,output,"[""y_0"",""y_1"",""y_2"",""y_3""]","[""y_0"",""y_1"",""y_2"",""y_3""]",4,lsb_to_msb,unknown,0.750000,1.000000,1.000000,"[""name_prefix"",""index_contiguity"",""structural_similarity""]","{""index_contiguity_score"":1.0,""name_prefix"":""y"",""name_prefix_score"":1.0,""structural_similarity_score"":0.166667}",0,y,exact,1,semantic_bus_hypothesis_v1
bitmanip_sign_extend_w2__resub__whole_output_cone__inf__input__a,bitmanip_sign_extend_w2__resub__whole_output_cone,inferred_bus_mode,false,true,input,data_operand,"[""a_0"",""a_1""]","[""a_0"",""a_1""]",2,lsb_to_msb,unknown,0.700000,1.000000,0.800000,"[""name_prefix"",""index_contiguity"",""structural_similarity""]","{""index_contiguity_score"":1.0,""name_prefix"":""a"",""name_prefix_score"":1.0,""structural_similarity_score"":0.0}",0,a,exact,1,semantic_bus_hypothesis_v1
bitmanip_sign_extend_w2__resub__whole_output_cone__inf__output__y,bitmanip_sign_extend_w2__resub__whole_output_cone,inferred_bus_mode,false,true,output,output,"[""y_0"",""y_1"",""y_2"",""y_3""]","[""y_0"",""y_1"",""y_2"",""y_3""]",4,lsb_to_msb,unknown,0.750000,1.000000,1.000000,"[""name_prefix"",""index_contiguity"",""structural_similarity""]","{""index_contiguity_score"":1.0,""name_prefix"":""y"",""name_prefix_score"":1.0,""structural_similarity_score"":0.166667}",0,y,exact,1,semantic_bus_hypothesis_v1
bitmanip_sign_extend_w2__resyn__whole_output_cone__inf__input__a,bitmanip_sign_extend_w2__resyn__whole_output_cone,inferred_bus_mode,false,true,input,data_operand,"[""a_0"",""a_1""]","[""a_0"",""a_1""]",2,lsb_to_msb,unknown,0.933333,1.000000,0.800000,"[""name_prefix"",""index_contiguity"",""structural_similarity""]","{""index_contiguity_score"":1.0,""name_prefix"":""a"",""name_prefix_score"":1.0,""structural_similarity_score"":0.777778}",0,a,exact,1,semantic_bus_hypothesis_v1
bitmanip_sign_extend_w2__resyn__whole_output_cone__inf__output__y,bitmanip_sign_extend_w2__resyn__whole_output_cone,inferred_bus_mode,false,true,output,output,"[""y_0"",""y_1"",""y_2"",""y_3""]","[""y_0"",""y_1"",""y_2"",""y_3""]",4,lsb_to_msb,unknown,0.877976,1.000000,1.000000,"[""name_prefix"",""index_contiguity"",""structural_similarity""]","{""index_contiguity_score"":1.0,""name_prefix"":""y"",""name_prefix_score"":1.0,""structural_similarity_score"":0.593254}",0,y,exact,1,semantic_bus_hypothesis_v1
bitmanip_sign_extend_w2__resyn2__whole_output_cone__inf__input__a,bitmanip_sign_extend_w2__resyn2__whole_output_cone,inferred_bus_mode,false,true,input,data_operand,"[""a_0"",""a_1""]","[""a_0"",""a_1""]",2,lsb_to_msb,unknown,0.700000,1.000000,0.800000,"[""name_prefix"",""index_contiguity"",""structural_similarity""]","{""index_contiguity_score"":1.0,""name_prefix"":""a"",""name_prefix_score"":1.0,""structural_similarity_score"":0.0}",0,a,exact,1,semantic_bus_hypothesis_v1
bitmanip_sign_extend_w2__resyn2__whole_output_cone__inf__output__y,bitmanip_sign_extend_w2__resyn2__whole_output_cone,inferred_bus_mode,false,true,output,output,"[""y_0"",""y_1"",""y_2"",""y_3""]","[""y_0"",""y_1"",""y_2"",""y_3""]",4,lsb_to_msb,unknown,0.750000,1.000000,1.000000,"[""name_prefix"",""index_contiguity"",""structural_similarity""]","{""index_contiguity_score"":1.0,""name_prefix"":""y"",""name_prefix_score"":1.0,""structural_similarity_score"":0.166667}",0,y,exact,1,semantic_bus_hypothesis_v1
bitmanip_sign_extend_w2__rewrite__whole_output_cone__inf__input__a,bitmanip_sign_extend_w2__rewrite__whole_output_cone,inferred_bus_mode,false,true,input,data_operand,"[""a_0"",""a_1""]","[""a_0"",""a_1""]",2,lsb_to_msb,unknown,0.933333,1.000000,0.800000,"[""name_prefix"",""index_contiguity"",""structural_similarity""]","{""index_contiguity_score"":1.0,""name_prefix"":""a"",""name_prefix_score"":1.0,""structural_similarity_score"":0.777778}",0,a,exact,1,semantic_bus_hypothesis_v1
bitmanip_sign_extend_w2__rewrite__whole_output_cone__inf__output__y,bitmanip_sign_extend_w2__rewrite__whole_output_cone,inferred_bus_mode,false,true,output,output,"[""y_0"",""y_1"",""y_2"",""y_3""]","[""y_0"",""y_1"",""y_2"",""y_3""]",4,lsb_to_msb,unknown,0.877976,1.000000,1.000000,"[""name_prefix"",""index_contiguity"",""structural_similarity""]","{""index_contiguity_score"":1.0,""name_prefix"":""y"",""name_prefix_score"":1.0,""structural_similarity_score"":0.593254}",0,y,exact,1,semantic_bus_hypothesis_v1
bitmanip_sign_extend_w3__balance__whole_output_cone__inf__input__a,bitmanip_sign_extend_w3__balance__whole_output_cone,inferred_bus_mode,false,true,input,data_operand,"[""a_0"",""a_1"",""a_2""]","[""a_0"",""a_1"",""a_2""]",3,lsb_to_msb,unknown,0.700000,1.000000,0.800000,"[""name_prefix"",""index_contiguity"",""structural_similarity""]","{""index_contiguity_score"":1.0,""name_prefix"":""a"",""name_prefix_score"":1.0,""structural_similarity_score"":0.0}",0,a,exact,1,semantic_bus_hypothesis_v1
bitmanip_sign_extend_w3__balance__whole_output_cone__inf__output__y,bitmanip_sign_extend_w3__balance__whole_output_cone,inferred_bus_mode,false,true,output,output,"[""y_0"",""y_1"",""y_2"",""y_3"",""y_4"",""y_5""]","[""y_0"",""y_1"",""y_2"",""y_3"",""y_4"",""y_5""]",6,lsb_to_msb,unknown,0.740000,1.000000,1.000000,"[""name_prefix"",""index_contiguity"",""structural_similarity""]","{""index_contiguity_score"":1.0,""name_prefix"":""y"",""name_prefix_score"":1.0,""structural_similarity_score"":0.133333}",0,y,exact,1,semantic_bus_hypothesis_v1
bitmanip_sign_extend_w3__compress2rs__whole_output_cone__inf__input__a,bitmanip_sign_extend_w3__compress2rs__whole_output_cone,inferred_bus_mode,false,true,input,data_operand,"[""a_0"",""a_1"",""a_2""]","[""a_0"",""a_1"",""a_2""]",3,lsb_to_msb,unknown,0.700000,1.000000,0.800000,"[""name_prefix"",""index_contiguity"",""structural_similarity""]","{""index_contiguity_score"":1.0,""name_prefix"":""a"",""name_prefix_score"":1.0,""structural_similarity_score"":0.0}",0,a,exact,1,semantic_bus_hypothesis_v1
bitmanip_sign_extend_w3__compress2rs__whole_output_cone__inf__output__y,bitmanip_sign_extend_w3__compress2rs__whole_output_cone,inferred_bus_mode,false,true,output,output,"[""y_0"",""y_1"",""y_2"",""y_3"",""y_4"",""y_5""]","[""y_0"",""y_1"",""y_2"",""y_3"",""y_4"",""y_5""]",6,lsb_to_msb,unknown,0.740000,1.000000,1.000000,"[""name_prefix"",""index_contiguity"",""structural_similarity""]","{""index_contiguity_score"":1.0,""name_prefix"":""y"",""name_prefix_score"":1.0,""structural_similarity_score"":0.133333}",0,y,exact,1,semantic_bus_hypothesis_v1
bitmanip_sign_extend_w3__dc2__whole_output_cone__inf__input__a,bitmanip_sign_extend_w3__dc2__whole_output_cone,inferred_bus_mode,false,true,input,data_operand,"[""a_0"",""a_1"",""a_2""]","[""a_0"",""a_1"",""a_2""]",3,lsb_to_msb,unknown,0.700000,1.000000,0.800000,"[""name_prefix"",""index_contiguity"",""structural_similarity""]","{""index_contiguity_score"":1.0,""name_prefix"":""a"",""name_prefix_score"":1.0,""structural_similarity_score"":0.0}",0,a,exact,1,semantic_bus_hypothesis_v1
bitmanip_sign_extend_w3__dc2__whole_output_cone__inf__output__y,bitmanip_sign_extend_w3__dc2__whole_output_cone,inferred_bus_mode,false,true,output,output,"[""y_0"",""y_1"",""y_2"",""y_3"",""y_4"",""y_5""]","[""y_0"",""y_1"",""y_2"",""y_3"",""y_4"",""y_5""]",6,lsb_to_msb,unknown,0.740000,1.000000,1.000000,"[""name_prefix"",""index_contiguity"",""structural_similarity""]","{""index_contiguity_score"":1.0,""name_prefix"":""y"",""name_prefix_score"":1.0,""structural_similarity_score"":0.133333}",0,y,exact,1,semantic_bus_hypothesis_v1
bitmanip_sign_extend_w3__identity__ground_truth_region__inf__input__a,bitmanip_sign_extend_w3__identity__ground_truth_region,inferred_bus_mode,false,true,input,data_operand,"[""a_0"",""a_1"",""a_2""]","[""a_0"",""a_1"",""a_2""]",3,lsb_to_msb,unknown,0.925000,1.000000,0.800000,"[""name_prefix"",""index_contiguity"",""structural_similarity""]","{""index_contiguity_score"":1.0,""name_prefix"":""a"",""name_prefix_score"":1.0,""structural_similarity_score"":0.75}",0,a,exact,1,semantic_bus_hypothesis_v1
bitmanip_sign_extend_w3__identity__ground_truth_region__inf__output__y,bitmanip_sign_extend_w3__identity__ground_truth_region,inferred_bus_mode,false,true,output,output,"[""y_0"",""y_1"",""y_2"",""y_3"",""y_4"",""y_5""]","[""y_0"",""y_1"",""y_2"",""y_3"",""y_4"",""y_5""]",6,lsb_to_msb,unknown,0.880000,1.000000,1.000000,"[""name_prefix"",""index_contiguity"",""structural_similarity""]","{""index_contiguity_score"":1.0,""name_prefix"":""y"",""name_prefix_score"":1.0,""structural_similarity_score"":0.6}",0,y,exact,1,semantic_bus_hypothesis_v1
bitmanip_sign_extend_w3__identity__whole_output_cone__inf__input__a,bitmanip_sign_extend_w3__identity__whole_output_cone,inferred_bus_mode,false,true,input,data_operand,"[""a_0"",""a_1"",""a_2""]","[""a_0"",""a_1"",""a_2""]",3,lsb_to_msb,unknown,0.925000,1.000000,0.800000,"[""name_prefix"",""index_contiguity"",""structural_similarity""]","{""index_contiguity_score"":1.0,""name_prefix"":""a"",""name_prefix_score"":1.0,""structural_similarity_score"":0.75}",0,a,exact,1,semantic_bus_hypothesis_v1
bitmanip_sign_extend_w3__identity__whole_output_cone__inf__output__y,bitmanip_sign_extend_w3__identity__whole_output_cone,inferred_bus_mode,false,true,output,output,"[""y_0"",""y_1"",""y_2"",""y_3"",""y_4"",""y_5""]","[""y_0"",""y_1"",""y_2"",""y_3"",""y_4"",""y_5""]",6,lsb_to_msb,unknown,0.880000,1.000000,1.000000,"[""name_prefix"",""index_contiguity"",""structural_similarity""]","{""index_contiguity_score"":1.0,""name_prefix"":""y"",""name_prefix_score"":1.0,""structural_similarity_score"":0.6}",0,y,exact,1,semantic_bus_hypothesis_v1
bitmanip_sign_extend_w3__refactor__whole_output_cone__inf__input__a,bitmanip_sign_extend_w3__refactor__whole_output_cone,inferred_bus_mode,false,true,input,data_operand,"[""a_0"",""a_1"",""a_2""]","[""a_0"",""a_1"",""a_2""]",3,lsb_to_msb,unknown,0.700000,1.000000,0.800000,"[""name_prefix"",""index_contiguity"",""structural_similarity""]","{""index_contiguity_score"":1.0,""name_prefix"":""a"",""name_prefix_score"":1.0,""structural_similarity_score"":0.0}",0,a,exact,1,semantic_bus_hypothesis_v1
bitmanip_sign_extend_w3__refactor__whole_output_cone__inf__output__y,bitmanip_sign_extend_w3__refactor__whole_output_cone,inferred_bus_mode,false,true,output,output,"[""y_0"",""y_1"",""y_2"",""y_3"",""y_4"",""y_5""]","[""y_0"",""y_1"",""y_2"",""y_3"",""y_4"",""y_5""]",6,lsb_to_msb,unknown,0.740000,1.000000,1.000000,"[""name_prefix"",""index_contiguity"",""structural_similarity""]","{""index_contiguity_score"":1.0,""name_prefix"":""y"",""name_prefix_score"":1.0,""structural_similarity_score"":0.133333}",0,y,exact,1,semantic_bus_hypothesis_v1
bitmanip_sign_extend_w3__resub__whole_output_cone__inf__input__a,bitmanip_sign_extend_w3__resub__whole_output_cone,inferred_bus_mode,false,true,input,data_operand,"[""a_0"",""a_1"",""a_2""]","[""a_0"",""a_1"",""a_2""]",3,lsb_to_msb,unknown,0.700000,1.000000,0.800000,"[""name_prefix"",""index_contiguity"",""structural_similarity""]","{""index_contiguity_score"":1.0,""name_prefix"":""a"",""name_prefix_score"":1.0,""structural_similarity_score"":0.0}",0,a,exact,1,semantic_bus_hypothesis_v1
bitmanip_sign_extend_w3__resub__whole_output_cone__inf__output__y,bitmanip_sign_extend_w3__resub__whole_output_cone,inferred_bus_mode,false,true,output,output,"[""y_0"",""y_1"",""y_2"",""y_3"",""y_4"",""y_5""]","[""y_0"",""y_1"",""y_2"",""y_3"",""y_4"",""y_5""]",6,lsb_to_msb,unknown,0.740000,1.000000,1.000000,"[""name_prefix"",""index_contiguity"",""structural_similarity""]","{""index_contiguity_score"":1.0,""name_prefix"":""y"",""name_prefix_score"":1.0,""structural_similarity_score"":0.133333}",0,y,exact,1,semantic_bus_hypothesis_v1
bitmanip_sign_extend_w3__resyn__whole_output_cone__inf__input__a,bitmanip_sign_extend_w3__resyn__whole_output_cone,inferred_bus_mode,false,true,input,data_operand,"[""a_0"",""a_1"",""a_2""]","[""a_0"",""a_1"",""a_2""]",3,lsb_to_msb,unknown,0.700000,1.000000,0.800000,"[""name_prefix"",""index_contiguity"",""structural_similarity""]","{""index_contiguity_score"":1.0,""name_prefix"":""a"",""name_prefix_score"":1.0,""structural_similarity_score"":0.0}",0,a,exact,1,semantic_bus_hypothesis_v1
bitmanip_sign_extend_w3__resyn__whole_output_cone__inf__output__y,bitmanip_sign_extend_w3__resyn__whole_output_cone,inferred_bus_mode,false,true,output,output,"[""y_0"",""y_1"",""y_2"",""y_3"",""y_4"",""y_5""]","[""y_0"",""y_1"",""y_2"",""y_3"",""y_4"",""y_5""]",6,lsb_to_msb,unknown,0.740000,1.000000,1.000000,"[""name_prefix"",""index_contiguity"",""structural_similarity""]","{""index_contiguity_score"":1.0,""name_prefix"":""y"",""name_prefix_score"":1.0,""structural_similarity_score"":0.133333}",0,y,exact,1,semantic_bus_hypothesis_v1
bitmanip_sign_extend_w3__resyn2__whole_output_cone__inf__input__a,bitmanip_sign_extend_w3__resyn2__whole_output_cone,inferred_bus_mode,false,true,input,data_operand,"[""a_0"",""a_1"",""a_2""]","[""a_0"",""a_1"",""a_2""]",3,lsb_to_msb,unknown,0.700000,1.000000,0.800000,"[""name_prefix"",""index_contiguity"",""structural_similarity""]","{""index_contiguity_score"":1.0,""name_prefix"":""a"",""name_prefix_score"":1.0,""structural_similarity_score"":0.0}",0,a,exact,1,semantic_bus_hypothesis_v1
bitmanip_sign_extend_w3__resyn2__whole_output_cone__inf__output__y,bitmanip_sign_extend_w3__resyn2__whole_output_cone,inferred_bus_mode,false,true,output,output,"[""y_0"",""y_1"",""y_2"",""y_3"",""y_4"",""y_5""]","[""y_0"",""y_1"",""y_2"",""y_3"",""y_4"",""y_5""]",6,lsb_to_msb,unknown,0.740000,1.000000,1.000000,"[""name_prefix"",""index_contiguity"",""structural_similarity""]","{""index_contiguity_score"":1.0,""name_prefix"":""y"",""name_prefix_score"":1.0,""structural_similarity_score"":0.133333}",0,y,exact,1,semantic_bus_hypothesis_v1
bitmanip_sign_extend_w3__rewrite__whole_output_cone__inf__input__a,bitmanip_sign_extend_w3__rewrite__whole_output_cone,inferred_bus_mode,false,true,input,data_operand,"[""a_0"",""a_1"",""a_2""]","[""a_0"",""a_1"",""a_2""]",3,lsb_to_msb,unknown,0.700000,1.000000,0.800000,"[""name_prefix"",""index_contiguity"",""structural_similarity""]","{""index_contiguity_score"":1.0,""name_prefix"":""a"",""name_prefix_score"":1.0,""structural_similarity_score"":0.0}",0,a,exact,1,semantic_bus_hypothesis_v1
bitmanip_sign_extend_w3__rewrite__whole_output_cone__inf__output__y,bitmanip_sign_extend_w3__rewrite__whole_output_cone,inferred_bus_mode,false,true,output,output,"[""y_0"",""y_1"",""y_2"",""y_3"",""y_4"",""y_5""]","[""y_0"",""y_1"",""y_2"",""y_3"",""y_4"",""y_5""]",6,lsb_to_msb,unknown,0.740000,1.000000,1.000000,"[""name_prefix"",""index_contiguity"",""structural_similarity""]","{""index_contiguity_score"":1.0,""name_prefix"":""y"",""name_prefix_score"":1.0,""structural_similarity_score"":0.133333}",0,y,exact,1,semantic_bus_hypothesis_v1
bitmanip_sign_extend_w4__balance__whole_output_cone__inf__input__a,bitmanip_sign_extend_w4__balance__whole_output_cone,inferred_bus_mode,false,true,input,data_operand,"[""a_0"",""a_1"",""a_2"",""a_3""]","[""a_0"",""a_1"",""a_2"",""a_3""]",4,lsb_to_msb,unknown,0.700000,1.000000,0.800000,"[""name_prefix"",""index_contiguity"",""structural_similarity""]","{""index_contiguity_score"":1.0,""name_prefix"":""a"",""name_prefix_score"":1.0,""structural_similarity_score"":0.0}",0,a,exact,1,semantic_bus_hypothesis_v1
bitmanip_sign_extend_w4__balance__whole_output_cone__inf__output__y,bitmanip_sign_extend_w4__balance__whole_output_cone,inferred_bus_mode,false,true,output,output,"[""y_0"",""y_1"",""y_2"",""y_3"",""y_4"",""y_5"",""y_6"",""y_7""]","[""y_0"",""y_1"",""y_2"",""y_3"",""y_4"",""y_5"",""y_6"",""y_7""]",8,lsb_to_msb,unknown,0.735714,1.000000,1.000000,"[""name_prefix"",""index_contiguity"",""structural_similarity""]","{""index_contiguity_score"":1.0,""name_prefix"":""y"",""name_prefix_score"":1.0,""structural_similarity_score"":0.119048}",0,y,exact,1,semantic_bus_hypothesis_v1
bitmanip_sign_extend_w4__compress2rs__whole_output_cone__inf__input__a,bitmanip_sign_extend_w4__compress2rs__whole_output_cone,inferred_bus_mode,false,true,input,data_operand,"[""a_0"",""a_1"",""a_2"",""a_3""]","[""a_0"",""a_1"",""a_2"",""a_3""]",4,lsb_to_msb,unknown,0.700000,1.000000,0.800000,"[""name_prefix"",""index_contiguity"",""structural_similarity""]","{""index_contiguity_score"":1.0,""name_prefix"":""a"",""name_prefix_score"":1.0,""structural_similarity_score"":0.0}",0,a,exact,1,semantic_bus_hypothesis_v1
bitmanip_sign_extend_w4__compress2rs__whole_output_cone__inf__output__y,bitmanip_sign_extend_w4__compress2rs__whole_output_cone,inferred_bus_mode,false,true,output,output,"[""y_0"",""y_1"",""y_2"",""y_3"",""y_4"",""y_5"",""y_6"",""y_7""]","[""y_0"",""y_1"",""y_2"",""y_3"",""y_4"",""y_5"",""y_6"",""y_7""]",8,lsb_to_msb,unknown,0.735714,1.000000,1.000000,"[""name_prefix"",""index_contiguity"",""structural_similarity""]","{""index_contiguity_score"":1.0,""name_prefix"":""y"",""name_prefix_score"":1.0,""structural_similarity_score"":0.119048}",0,y,exact,1,semantic_bus_hypothesis_v1
bitmanip_sign_extend_w4__dc2__whole_output_cone__inf__input__a,bitmanip_sign_extend_w4__dc2__whole_output_cone,inferred_bus_mode,false,true,input,data_operand,"[""a_0"",""a_1"",""a_2"",""a_3""]","[""a_0"",""a_1"",""a_2"",""a_3""]",4,lsb_to_msb,unknown,0.700000,1.000000,0.800000,"[""name_prefix"",""index_contiguity"",""structural_similarity""]","{""index_contiguity_score"":1.0,""name_prefix"":""a"",""name_prefix_score"":1.0,""structural_similarity_score"":0.0}",0,a,exact,1,semantic_bus_hypothesis_v1
bitmanip_sign_extend_w4__dc2__whole_output_cone__inf__output__y,bitmanip_sign_extend_w4__dc2__whole_output_cone,inferred_bus_mode,false,true,output,output,"[""y_0"",""y_1"",""y_2"",""y_3"",""y_4"",""y_5"",""y_6"",""y_7""]","[""y_0"",""y_1"",""y_2"",""y_3"",""y_4"",""y_5"",""y_6"",""y_7""]",8,lsb_to_msb,unknown,0.735714,1.000000,1.000000,"[""name_prefix"",""index_contiguity"",""structural_similarity""]","{""index_contiguity_score"":1.0,""name_prefix"":""y"",""name_prefix_score"":1.0,""structural_similarity_score"":0.119048}",0,y,exact,1,semantic_bus_hypothesis_v1
bitmanip_sign_extend_w4__identity__ground_truth_region__inf__input__a,bitmanip_sign_extend_w4__identity__ground_truth_region,inferred_bus_mode,false,true,input,data_operand,"[""a_0"",""a_1"",""a_2"",""a_3""]","[""a_0"",""a_1"",""a_2"",""a_3""]",4,lsb_to_msb,unknown,0.940000,1.000000,0.800000,"[""name_prefix"",""index_contiguity"",""structural_similarity""]","{""index_contiguity_score"":1.0,""name_prefix"":""a"",""name_prefix_score"":1.0,""structural_similarity_score"":0.8}",0,a,exact,1,semantic_bus_hypothesis_v1
bitmanip_sign_extend_w4__identity__ground_truth_region__inf__output__y,bitmanip_sign_extend_w4__identity__ground_truth_region,inferred_bus_mode,false,true,output,output,"[""y_0"",""y_1"",""y_2"",""y_3"",""y_4"",""y_5"",""y_6"",""y_7""]","[""y_0"",""y_1"",""y_2"",""y_3"",""y_4"",""y_5"",""y_6"",""y_7""]",8,lsb_to_msb,unknown,0.900000,1.000000,1.000000,"[""name_prefix"",""index_contiguity"",""structural_similarity""]","{""index_contiguity_score"":1.0,""name_prefix"":""y"",""name_prefix_score"":1.0,""structural_similarity_score"":0.666667}",0,y,exact,1,semantic_bus_hypothesis_v1
bitmanip_sign_extend_w4__identity__whole_output_cone__inf__input__a,bitmanip_sign_extend_w4__identity__whole_output_cone,inferred_bus_mode,false,true,input,data_operand,"[""a_0"",""a_1"",""a_2"",""a_3""]","[""a_0"",""a_1"",""a_2"",""a_3""]",4,lsb_to_msb,unknown,0.940000,1.000000,0.800000,"[""name_prefix"",""index_contiguity"",""structural_similarity""]","{""index_contiguity_score"":1.0,""name_prefix"":""a"",""name_prefix_score"":1.0,""structural_similarity_score"":0.8}",0,a,exact,1,semantic_bus_hypothesis_v1
bitmanip_sign_extend_w4__identity__whole_output_cone__inf__output__y,bitmanip_sign_extend_w4__identity__whole_output_cone,inferred_bus_mode,false,true,output,output,"[""y_0"",""y_1"",""y_2"",""y_3"",""y_4"",""y_5"",""y_6"",""y_7""]","[""y_0"",""y_1"",""y_2"",""y_3"",""y_4"",""y_5"",""y_6"",""y_7""]",8,lsb_to_msb,unknown,0.900000,1.000000,1.000000,"[""name_prefix"",""index_contiguity"",""structural_similarity""]","{""index_contiguity_score"":1.0,""name_prefix"":""y"",""name_prefix_score"":1.0,""structural_similarity_score"":0.666667}",0,y,exact,1,semantic_bus_hypothesis_v1
bitmanip_sign_extend_w4__refactor__whole_output_cone__inf__input__a,bitmanip_sign_extend_w4__refactor__whole_output_cone,inferred_bus_mode,false,true,input,data_operand,"[""a_0"",""a_1"",""a_2"",""a_3""]","[""a_0"",""a_1"",""a_2"",""a_3""]",4,lsb_to_msb,unknown,0.700000,1.000000,0.800000,"[""name_prefix"",""index_contiguity"",""structural_similarity""]","{""index_contiguity_score"":1.0,""name_prefix"":""a"",""name_prefix_score"":1.0,""structural_similarity_score"":0.0}",0,a,exact,1,semantic_bus_hypothesis_v1
bitmanip_sign_extend_w4__refactor__whole_output_cone__inf__output__y,bitmanip_sign_extend_w4__refactor__whole_output_cone,inferred_bus_mode,false,true,output,output,"[""y_0"",""y_1"",""y_2"",""y_3"",""y_4"",""y_5"",""y_6"",""y_7""]","[""y_0"",""y_1"",""y_2"",""y_3"",""y_4"",""y_5"",""y_6"",""y_7""]",8,lsb_to_msb,unknown,0.735714,1.000000,1.000000,"[""name_prefix"",""index_contiguity"",""structural_similarity""]","{""index_contiguity_score"":1.0,""name_prefix"":""y"",""name_prefix_score"":1.0,""structural_similarity_score"":0.119048}",0,y,exact,1,semantic_bus_hypothesis_v1
bitmanip_sign_extend_w4__resub__whole_output_cone__inf__input__a,bitmanip_sign_extend_w4__resub__whole_output_cone,inferred_bus_mode,false,true,input,data_operand,"[""a_0"",""a_1"",""a_2"",""a_3""]","[""a_0"",""a_1"",""a_2"",""a_3""]",4,lsb_to_msb,unknown,0.700000,1.000000,0.800000,"[""name_prefix"",""index_contiguity"",""structural_similarity""]","{""index_contiguity_score"":1.0,""name_prefix"":""a"",""name_prefix_score"":1.0,""structural_similarity_score"":0.0}",0,a,exact,1,semantic_bus_hypothesis_v1
bitmanip_sign_extend_w4__resub__whole_output_cone__inf__output__y,bitmanip_sign_extend_w4__resub__whole_output_cone,inferred_bus_mode,false,true,output,output,"[""y_0"",""y_1"",""y_2"",""y_3"",""y_4"",""y_5"",""y_6"",""y_7""]","[""y_0"",""y_1"",""y_2"",""y_3"",""y_4"",""y_5"",""y_6"",""y_7""]",8,lsb_to_msb,unknown,0.735714,1.000000,1.000000,"[""name_prefix"",""index_contiguity"",""structural_similarity""]","{""index_contiguity_score"":1.0,""name_prefix"":""y"",""name_prefix_score"":1.0,""structural_similarity_score"":0.119048}",0,y,exact,1,semantic_bus_hypothesis_v1
bitmanip_sign_extend_w4__resyn__whole_output_cone__inf__input__a,bitmanip_sign_extend_w4__resyn__whole_output_cone,inferred_bus_mode,false,true,input,data_operand,"[""a_0"",""a_1"",""a_2"",""a_3""]","[""a_0"",""a_1"",""a_2"",""a_3""]",4,lsb_to_msb,unknown,0.700000,1.000000,0.800000,"[""name_prefix"",""index_contiguity"",""structural_similarity""]","{""index_contiguity_score"":1.0,""name_prefix"":""a"",""name_prefix_score"":1.0,""structural_similarity_score"":0.0}",0,a,exact,1,semantic_bus_hypothesis_v1
bitmanip_sign_extend_w4__resyn__whole_output_cone__inf__output__y,bitmanip_sign_extend_w4__resyn__whole_output_cone,inferred_bus_mode,false,true,output,output,"[""y_0"",""y_1"",""y_2"",""y_3"",""y_4"",""y_5"",""y_6"",""y_7""]","[""y_0"",""y_1"",""y_2"",""y_3"",""y_4"",""y_5"",""y_6"",""y_7""]",8,lsb_to_msb,unknown,0.735714,1.000000,1.000000,"[""name_prefix"",""index_contiguity"",""structural_similarity""]","{""index_contiguity_score"":1.0,""name_prefix"":""y"",""name_prefix_score"":1.0,""structural_similarity_score"":0.119048}",0,y,exact,1,semantic_bus_hypothesis_v1
bitmanip_sign_extend_w4__resyn2__whole_output_cone__inf__input__a,bitmanip_sign_extend_w4__resyn2__whole_output_cone,inferred_bus_mode,false,true,input,data_operand,"[""a_0"",""a_1"",""a_2"",""a_3""]","[""a_0"",""a_1"",""a_2"",""a_3""]",4,lsb_to_msb,unknown,0.700000,1.000000,0.800000,"[""name_prefix"",""index_contiguity"",""structural_similarity""]","{""index_contiguity_score"":1.0,""name_prefix"":""a"",""name_prefix_score"":1.0,""structural_similarity_score"":0.0}",0,a,exact,1,semantic_bus_hypothesis_v1
bitmanip_sign_extend_w4__resyn2__whole_output_cone__inf__output__y,bitmanip_sign_extend_w4__resyn2__whole_output_cone,inferred_bus_mode,false,true,output,output,"[""y_0"",""y_1"",""y_2"",""y_3"",""y_4"",""y_5"",""y_6"",""y_7""]","[""y_0"",""y_1"",""y_2"",""y_3"",""y_4"",""y_5"",""y_6"",""y_7""]",8,lsb_to_msb,unknown,0.735714,1.000000,1.000000,"[""name_prefix"",""index_contiguity"",""structural_similarity""]","{""index_contiguity_score"":1.0,""name_prefix"":""y"",""name_prefix_score"":1.0,""structural_similarity_score"":0.119048}",0,y,exact,1,semantic_bus_hypothesis_v1
bitmanip_sign_extend_w4__rewrite__whole_output_cone__inf__input__a,bitmanip_sign_extend_w4__rewrite__whole_output_cone,inferred_bus_mode,false,true,input,data_operand,"[""a_0"",""a_1"",""a_2"",""a_3""]","[""a_0"",""a_1"",""a_2"",""a_3""]",4,lsb_to_msb,unknown,0.700000,1.000000,0.800000,"[""name_prefix"",""index_contiguity"",""structural_similarity""]","{""index_contiguity_score"":1.0,""name_prefix"":""a"",""name_prefix_score"":1.0,""structural_similarity_score"":0.0}",0,a,exact,1,semantic_bus_hypothesis_v1
bitmanip_sign_extend_w4__rewrite__whole_output_cone__inf__output__y,bitmanip_sign_extend_w4__rewrite__whole_output_cone,inferred_bus_mode,false,true,output,output,"[""y_0"",""y_1"",""y_2"",""y_3"",""y_4"",""y_5"",""y_6"",""y_7""]","[""y_0"",""y_1"",""y_2"",""y_3"",""y_4"",""y_5"",""y_6"",""y_7""]",8,lsb_to_msb,unknown,0.735714,1.000000,1.000000,"[""name_prefix"",""index_contiguity"",""structural_similarity""]","{""index_contiguity_score"":1.0,""name_prefix"":""y"",""name_prefix_score"":1.0,""structural_similarity_score"":0.119048}",0,y,exact,1,semantic_bus_hypothesis_v1
bitmanip_sign_extend_w6__identity__ground_truth_region__inf__input__a,bitmanip_sign_extend_w6__identity__ground_truth_region,inferred_bus_mode,false,true,input,data_operand,"[""a_0"",""a_1"",""a_2"",""a_3"",""a_4"",""a_5""]","[""a_0"",""a_1"",""a_2"",""a_3"",""a_4"",""a_5""]",6,lsb_to_msb,unknown,0.957143,1.000000,0.800000,"[""name_prefix"",""index_contiguity"",""structural_similarity""]","{""index_contiguity_score"":1.0,""name_prefix"":""a"",""name_prefix_score"":1.0,""structural_similarity_score"":0.857143}",0,a,exact,1,semantic_bus_hypothesis_v1
bitmanip_sign_extend_w6__identity__ground_truth_region__inf__output__y,bitmanip_sign_extend_w6__identity__ground_truth_region,inferred_bus_mode,false,true,output,output,"[""y_0"",""y_1"",""y_10"",""y_11"",""y_2"",""y_3"",""y_4"",""y_5"",""y_6"",""y_7"",""y_8"",""y_9""]","[""y_0"",""y_1"",""y_2"",""y_3"",""y_4"",""y_5"",""y_6"",""y_7"",""y_8"",""y_9"",""y_10"",""y_11""]",12,lsb_to_msb,unknown,0.925000,1.000000,1.000000,"[""name_prefix"",""index_contiguity"",""structural_similarity""]","{""index_contiguity_score"":1.0,""name_prefix"":""y"",""name_prefix_score"":1.0,""structural_similarity_score"":0.75}",0,y,exact,1,semantic_bus_hypothesis_v1
bitmanip_sign_extend_w6__identity__whole_output_cone__inf__input__a,bitmanip_sign_extend_w6__identity__whole_output_cone,inferred_bus_mode,false,true,input,data_operand,"[""a_0"",""a_1"",""a_2"",""a_3"",""a_4"",""a_5""]","[""a_0"",""a_1"",""a_2"",""a_3"",""a_4"",""a_5""]",6,lsb_to_msb,unknown,0.957143,1.000000,0.800000,"[""name_prefix"",""index_contiguity"",""structural_similarity""]","{""index_contiguity_score"":1.0,""name_prefix"":""a"",""name_prefix_score"":1.0,""structural_similarity_score"":0.857143}",0,a,exact,1,semantic_bus_hypothesis_v1
bitmanip_sign_extend_w6__identity__whole_output_cone__inf__output__y,bitmanip_sign_extend_w6__identity__whole_output_cone,inferred_bus_mode,false,true,output,output,"[""y_0"",""y_1"",""y_10"",""y_11"",""y_2"",""y_3"",""y_4"",""y_5"",""y_6"",""y_7"",""y_8"",""y_9""]","[""y_0"",""y_1"",""y_2"",""y_3"",""y_4"",""y_5"",""y_6"",""y_7"",""y_8"",""y_9"",""y_10"",""y_11""]",12,lsb_to_msb,unknown,0.925000,1.000000,1.000000,"[""name_prefix"",""index_contiguity"",""structural_similarity""]","{""index_contiguity_score"":1.0,""name_prefix"":""y"",""name_prefix_score"":1.0,""structural_similarity_score"":0.75}",0,y,exact,1,semantic_bus_hypothesis_v1
bitmanip_sign_extend_w8__identity__ground_truth_region__inf__input__a,bitmanip_sign_extend_w8__identity__ground_truth_region,inferred_bus_mode,false,true,input,data_operand,"[""a_0"",""a_1"",""a_2"",""a_3"",""a_4"",""a_5"",""a_6"",""a_7""]","[""a_0"",""a_1"",""a_2"",""a_3"",""a_4"",""a_5"",""a_6"",""a_7""]",8,lsb_to_msb,unknown,0.966667,1.000000,0.800000,"[""name_prefix"",""index_contiguity"",""structural_similarity""]","{""index_contiguity_score"":1.0,""name_prefix"":""a"",""name_prefix_score"":1.0,""structural_similarity_score"":0.888889}",0,a,exact,1,semantic_bus_hypothesis_v1
bitmanip_sign_extend_w8__identity__ground_truth_region__inf__output__y,bitmanip_sign_extend_w8__identity__ground_truth_region,inferred_bus_mode,false,true,output,output,"[""y_0"",""y_1"",""y_10"",""y_11"",""y_12"",""y_13"",""y_14"",""y_15"",""y_2"",""y_3"",""y_4"",""y_5"",""y_6"",""y_7"",""y_8"",""y_9""]","[""y_0"",""y_1"",""y_2"",""y_3"",""y_4"",""y_5"",""y_6"",""y_7"",""y_8"",""y_9"",""y_10"",""y_11"",""y_12"",""y_13"",""y_14"",""y_15""]",16,lsb_to_msb,unknown,0.940000,1.000000,1.000000,"[""name_prefix"",""index_contiguity"",""structural_similarity""]","{""index_contiguity_score"":1.0,""name_prefix"":""y"",""name_prefix_score"":1.0,""structural_similarity_score"":0.8}",0,y,exact,1,semantic_bus_hypothesis_v1
bitmanip_sign_extend_w8__identity__whole_output_cone__inf__input__a,bitmanip_sign_extend_w8__identity__whole_output_cone,inferred_bus_mode,false,true,input,data_operand,"[""a_0"",""a_1"",""a_2"",""a_3"",""a_4"",""a_5"",""a_6"",""a_7""]","[""a_0"",""a_1"",""a_2"",""a_3"",""a_4"",""a_5"",""a_6"",""a_7""]",8,lsb_to_msb,unknown,0.966667,1.000000,0.800000,"[""name_prefix"",""index_contiguity"",""structural_similarity""]","{""index_contiguity_score"":1.0,""name_prefix"":""a"",""name_prefix_score"":1.0,""structural_similarity_score"":0.888889}",0,a,exact,1,semantic_bus_hypothesis_v1
bitmanip_sign_extend_w8__identity__whole_output_cone__inf__output__y,bitmanip_sign_extend_w8__identity__whole_output_cone,inferred_bus_mode,false,true,output,output,"[""y_0"",""y_1"",""y_10"",""y_11"",""y_12"",""y_13"",""y_14"",""y_15"",""y_2"",""y_3"",""y_4"",""y_5"",""y_6"",""y_7"",""y_8"",""y_9""]","[""y_0"",""y_1"",""y_2"",""y_3"",""y_4"",""y_5"",""y_6"",""y_7"",""y_8"",""y_9"",""y_10"",""y_11"",""y_12"",""y_13"",""y_14"",""y_15""]",16,lsb_to_msb,unknown,0.940000,1.000000,1.000000,"[""name_prefix"",""index_contiguity"",""structural_similarity""]","{""index_contiguity_score"":1.0,""name_prefix"":""y"",""name_prefix_score"":1.0,""structural_similarity_score"":0.8}",0,y,exact,1,semantic_bus_hypothesis_v1
bitmanip_slice_low_w2__balance__whole_output_cone__inf__input__a,bitmanip_slice_low_w2__balance__whole_output_cone,inferred_bus_mode,false,true,input,data_operand,"[""a_0"",""a_1""]","[""a_0"",""a_1""]",2,lsb_to_msb,unknown,0.880000,1.000000,0.800000,"[""name_prefix"",""index_contiguity"",""structural_similarity""]","{""index_contiguity_score"":1.0,""name_prefix"":""a"",""name_prefix_score"":1.0,""structural_similarity_score"":0.6}",0,a,exact,1,semantic_bus_hypothesis_v1
bitmanip_slice_low_w2__balance__whole_output_cone__inf__output__y,bitmanip_slice_low_w2__balance__whole_output_cone,inferred_bus_mode,false,true,output,output,"[""y""]","[""y""]",1,lsb_to_msb,unknown,0.640000,0.500000,1.000000,"[""name_prefix"",""index_contiguity"",""structural_similarity""]","{""index_contiguity_score"":1.0,""name_prefix"":""y"",""name_prefix_score"":0.2,""structural_similarity_score"":1.0}",0,y,exact,1,semantic_bus_hypothesis_v1
bitmanip_slice_low_w2__compress2rs__whole_output_cone__inf__input__a,bitmanip_slice_low_w2__compress2rs__whole_output_cone,inferred_bus_mode,false,true,input,data_operand,"[""a_0""]","[""a_0""]",1,lsb_to_msb,unknown,1.000000,1.000000,0.600000,"[""name_prefix"",""index_contiguity"",""structural_similarity""]","{""index_contiguity_score"":1.0,""name_prefix"":""a"",""name_prefix_score"":1.0,""structural_similarity_score"":1.0}",0,a,partial,1,semantic_bus_hypothesis_v1
bitmanip_slice_low_w2__compress2rs__whole_output_cone__inf__output__y,bitmanip_slice_low_w2__compress2rs__whole_output_cone,inferred_bus_mode,false,true,output,output,"[""y""]","[""y""]",1,lsb_to_msb,unknown,0.640000,0.500000,1.000000,"[""name_prefix"",""index_contiguity"",""structural_similarity""]","{""index_contiguity_score"":1.0,""name_prefix"":""y"",""name_prefix_score"":0.2,""structural_similarity_score"":1.0}",0,y,exact,1,semantic_bus_hypothesis_v1
bitmanip_slice_low_w2__dc2__whole_output_cone__inf__input__a,bitmanip_slice_low_w2__dc2__whole_output_cone,inferred_bus_mode,false,true,input,data_operand,"[""a_0""]","[""a_0""]",1,lsb_to_msb,unknown,1.000000,1.000000,0.600000,"[""name_prefix"",""index_contiguity"",""structural_similarity""]","{""index_contiguity_score"":1.0,""name_prefix"":""a"",""name_prefix_score"":1.0,""structural_similarity_score"":1.0}",0,a,partial,1,semantic_bus_hypothesis_v1
bitmanip_slice_low_w2__dc2__whole_output_cone__inf__output__y,bitmanip_slice_low_w2__dc2__whole_output_cone,inferred_bus_mode,false,true,output,output,"[""y""]","[""y""]",1,lsb_to_msb,unknown,0.640000,0.500000,1.000000,"[""name_prefix"",""index_contiguity"",""structural_similarity""]","{""index_contiguity_score"":1.0,""name_prefix"":""y"",""name_prefix_score"":0.2,""structural_similarity_score"":1.0}",0,y,exact,1,semantic_bus_hypothesis_v1
bitmanip_slice_low_w2__identity__ground_truth_region__inf__input__a,bitmanip_slice_low_w2__identity__ground_truth_region,inferred_bus_mode,false,true,input,data_operand,"[""a_0"",""a_1""]","[""a_0"",""a_1""]",2,lsb_to_msb,unknown,0.800000,1.000000,0.800000,"[""name_prefix"",""index_contiguity"",""structural_similarity""]","{""index_contiguity_score"":1.0,""name_prefix"":""a"",""name_prefix_score"":1.0,""structural_similarity_score"":0.333333}",0,a,exact,1,semantic_bus_hypothesis_v1
bitmanip_slice_low_w2__identity__ground_truth_region__inf__output__y,bitmanip_slice_low_w2__identity__ground_truth_region,inferred_bus_mode,false,true,output,output,"[""y""]","[""y""]",1,lsb_to_msb,unknown,0.640000,0.500000,1.000000,"[""name_prefix"",""index_contiguity"",""structural_similarity""]","{""index_contiguity_score"":1.0,""name_prefix"":""y"",""name_prefix_score"":0.2,""structural_similarity_score"":1.0}",0,y,exact,1,semantic_bus_hypothesis_v1
bitmanip_slice_low_w2__identity__whole_output_cone__inf__input__a,bitmanip_slice_low_w2__identity__whole_output_cone,inferred_bus_mode,false,true,input,data_operand,"[""a_0"",""a_1""]","[""a_0"",""a_1""]",2,lsb_to_msb,unknown,0.800000,1.000000,0.800000,"[""name_prefix"",""index_contiguity"",""structural_similarity""]","{""index_contiguity_score"":1.0,""name_prefix"":""a"",""name_prefix_score"":1.0,""structural_similarity_score"":0.333333}",0,a,exact,1,semantic_bus_hypothesis_v1
bitmanip_slice_low_w2__identity__whole_output_cone__inf__output__y,bitmanip_slice_low_w2__identity__whole_output_cone,inferred_bus_mode,false,true,output,output,"[""y""]","[""y""]",1,lsb_to_msb,unknown,0.640000,0.500000,1.000000,"[""name_prefix"",""index_contiguity"",""structural_similarity""]","{""index_contiguity_score"":1.0,""name_prefix"":""y"",""name_prefix_score"":0.2,""structural_similarity_score"":1.0}",0,y,exact,1,semantic_bus_hypothesis_v1
bitmanip_slice_low_w2__refactor__whole_output_cone__inf__input__a,bitmanip_slice_low_w2__refactor__whole_output_cone,inferred_bus_mode,false,true,input,data_operand,"[""a_0""]","[""a_0""]",1,lsb_to_msb,unknown,1.000000,1.000000,0.600000,"[""name_prefix"",""index_contiguity"",""structural_similarity""]","{""index_contiguity_score"":1.0,""name_prefix"":""a"",""name_prefix_score"":1.0,""structural_similarity_score"":1.0}",0,a,partial,1,semantic_bus_hypothesis_v1
bitmanip_slice_low_w2__refactor__whole_output_cone__inf__output__y,bitmanip_slice_low_w2__refactor__whole_output_cone,inferred_bus_mode,false,true,output,output,"[""y""]","[""y""]",1,lsb_to_msb,unknown,0.640000,0.500000,1.000000,"[""name_prefix"",""index_contiguity"",""structural_similarity""]","{""index_contiguity_score"":1.0,""name_prefix"":""y"",""name_prefix_score"":0.2,""structural_similarity_score"":1.0}",0,y,exact,1,semantic_bus_hypothesis_v1
bitmanip_slice_low_w2__resub__whole_output_cone__inf__input__a,bitmanip_slice_low_w2__resub__whole_output_cone,inferred_bus_mode,false,true,input,data_operand,"[""a_0""]","[""a_0""]",1,lsb_to_msb,unknown,1.000000,1.000000,0.600000,"[""name_prefix"",""index_contiguity"",""structural_similarity""]","{""index_contiguity_score"":1.0,""name_prefix"":""a"",""name_prefix_score"":1.0,""structural_similarity_score"":1.0}",0,a,partial,1,semantic_bus_hypothesis_v1
bitmanip_slice_low_w2__resub__whole_output_cone__inf__output__y,bitmanip_slice_low_w2__resub__whole_output_cone,inferred_bus_mode,false,true,output,output,"[""y""]","[""y""]",1,lsb_to_msb,unknown,0.640000,0.500000,1.000000,"[""name_prefix"",""index_contiguity"",""structural_similarity""]","{""index_contiguity_score"":1.0,""name_prefix"":""y"",""name_prefix_score"":0.2,""structural_similarity_score"":1.0}",0,y,exact,1,semantic_bus_hypothesis_v1
bitmanip_slice_low_w2__resyn__whole_output_cone__inf__input__a,bitmanip_slice_low_w2__resyn__whole_output_cone,inferred_bus_mode,false,true,input,data_operand,"[""a_0"",""a_1""]","[""a_0"",""a_1""]",2,lsb_to_msb,unknown,0.880000,1.000000,0.800000,"[""name_prefix"",""index_contiguity"",""structural_similarity""]","{""index_contiguity_score"":1.0,""name_prefix"":""a"",""name_prefix_score"":1.0,""structural_similarity_score"":0.6}",0,a,exact,1,semantic_bus_hypothesis_v1
bitmanip_slice_low_w2__resyn__whole_output_cone__inf__output__y,bitmanip_slice_low_w2__resyn__whole_output_cone,inferred_bus_mode,false,true,output,output,"[""y""]","[""y""]",1,lsb_to_msb,unknown,0.640000,0.500000,1.000000,"[""name_prefix"",""index_contiguity"",""structural_similarity""]","{""index_contiguity_score"":1.0,""name_prefix"":""y"",""name_prefix_score"":0.2,""structural_similarity_score"":1.0}",0,y,exact,1,semantic_bus_hypothesis_v1
bitmanip_slice_low_w2__resyn2__whole_output_cone__inf__input__a,bitmanip_slice_low_w2__resyn2__whole_output_cone,inferred_bus_mode,false,true,input,data_operand,"[""a_0""]","[""a_0""]",1,lsb_to_msb,unknown,1.000000,1.000000,0.600000,"[""name_prefix"",""index_contiguity"",""structural_similarity""]","{""index_contiguity_score"":1.0,""name_prefix"":""a"",""name_prefix_score"":1.0,""structural_similarity_score"":1.0}",0,a,partial,1,semantic_bus_hypothesis_v1
bitmanip_slice_low_w2__resyn2__whole_output_cone__inf__output__y,bitmanip_slice_low_w2__resyn2__whole_output_cone,inferred_bus_mode,false,true,output,output,"[""y""]","[""y""]",1,lsb_to_msb,unknown,0.640000,0.500000,1.000000,"[""name_prefix"",""index_contiguity"",""structural_similarity""]","{""index_contiguity_score"":1.0,""name_prefix"":""y"",""name_prefix_score"":0.2,""structural_similarity_score"":1.0}",0,y,exact,1,semantic_bus_hypothesis_v1
bitmanip_slice_low_w2__rewrite__whole_output_cone__inf__input__a,bitmanip_slice_low_w2__rewrite__whole_output_cone,inferred_bus_mode,false,true,input,data_operand,"[""a_0"",""a_1""]","[""a_0"",""a_1""]",2,lsb_to_msb,unknown,0.880000,1.000000,0.800000,"[""name_prefix"",""index_contiguity"",""structural_similarity""]","{""index_contiguity_score"":1.0,""name_prefix"":""a"",""name_prefix_score"":1.0,""structural_similarity_score"":0.6}",0,a,exact,1,semantic_bus_hypothesis_v1
bitmanip_slice_low_w2__rewrite__whole_output_cone__inf__output__y,bitmanip_slice_low_w2__rewrite__whole_output_cone,inferred_bus_mode,false,true,output,output,"[""y""]","[""y""]",1,lsb_to_msb,unknown,0.640000,0.500000,1.000000,"[""name_prefix"",""index_contiguity"",""structural_similarity""]","{""index_contiguity_score"":1.0,""name_prefix"":""y"",""name_prefix_score"":0.2,""structural_similarity_score"":1.0}",0,y,exact,1,semantic_bus_hypothesis_v1
bitmanip_slice_low_w3__balance__whole_output_cone__inf__input__a,bitmanip_slice_low_w3__balance__whole_output_cone,inferred_bus_mode,false,true,input,data_operand,"[""a_0""]","[""a_0""]",1,lsb_to_msb,unknown,1.000000,1.000000,0.600000,"[""name_prefix"",""index_contiguity"",""structural_similarity""]","{""index_contiguity_score"":1.0,""name_prefix"":""a"",""name_prefix_score"":1.0,""structural_similarity_score"":1.0}",0,a,partial,1,semantic_bus_hypothesis_v1
bitmanip_slice_low_w3__balance__whole_output_cone__inf__output__y,bitmanip_slice_low_w3__balance__whole_output_cone,inferred_bus_mode,false,true,output,output,"[""y""]","[""y""]",1,lsb_to_msb,unknown,0.640000,0.500000,1.000000,"[""name_prefix"",""index_contiguity"",""structural_similarity""]","{""index_contiguity_score"":1.0,""name_prefix"":""y"",""name_prefix_score"":0.2,""structural_similarity_score"":1.0}",0,y,exact,1,semantic_bus_hypothesis_v1
bitmanip_slice_low_w3__compress2rs__whole_output_cone__inf__input__a,bitmanip_slice_low_w3__compress2rs__whole_output_cone,inferred_bus_mode,false,true,input,data_operand,"[""a_0""]","[""a_0""]",1,lsb_to_msb,unknown,1.000000,1.000000,0.600000,"[""name_prefix"",""index_contiguity"",""structural_similarity""]","{""index_contiguity_score"":1.0,""name_prefix"":""a"",""name_prefix_score"":1.0,""structural_similarity_score"":1.0}",0,a,partial,1,semantic_bus_hypothesis_v1
bitmanip_slice_low_w3__compress2rs__whole_output_cone__inf__output__y,bitmanip_slice_low_w3__compress2rs__whole_output_cone,inferred_bus_mode,false,true,output,output,"[""y""]","[""y""]",1,lsb_to_msb,unknown,0.640000,0.500000,1.000000,"[""name_prefix"",""index_contiguity"",""structural_similarity""]","{""index_contiguity_score"":1.0,""name_prefix"":""y"",""name_prefix_score"":0.2,""structural_similarity_score"":1.0}",0,y,exact,1,semantic_bus_hypothesis_v1
bitmanip_slice_low_w3__dc2__whole_output_cone__inf__input__a,bitmanip_slice_low_w3__dc2__whole_output_cone,inferred_bus_mode,false,true,input,data_operand,"[""a_0""]","[""a_0""]",1,lsb_to_msb,unknown,1.000000,1.000000,0.600000,"[""name_prefix"",""index_contiguity"",""structural_similarity""]","{""index_contiguity_score"":1.0,""name_prefix"":""a"",""name_prefix_score"":1.0,""structural_similarity_score"":1.0}",0,a,partial,1,semantic_bus_hypothesis_v1
bitmanip_slice_low_w3__dc2__whole_output_cone__inf__output__y,bitmanip_slice_low_w3__dc2__whole_output_cone,inferred_bus_mode,false,true,output,output,"[""y""]","[""y""]",1,lsb_to_msb,unknown,0.640000,0.500000,1.000000,"[""name_prefix"",""index_contiguity"",""structural_similarity""]","{""index_contiguity_score"":1.0,""name_prefix"":""y"",""name_prefix_score"":0.2,""structural_similarity_score"":1.0}",0,y,exact,1,semantic_bus_hypothesis_v1
bitmanip_slice_low_w3__identity__ground_truth_region__inf__input__a,bitmanip_slice_low_w3__identity__ground_truth_region,inferred_bus_mode,false,true,input,data_operand,"[""a_0"",""a_1"",""a_2""]","[""a_0"",""a_1"",""a_2""]",3,lsb_to_msb,unknown,0.800000,1.000000,0.800000,"[""name_prefix"",""index_contiguity"",""structural_similarity""]","{""index_contiguity_score"":1.0,""name_prefix"":""a"",""name_prefix_score"":1.0,""structural_similarity_score"":0.333333}",0,a,exact,1,semantic_bus_hypothesis_v1
bitmanip_slice_low_w3__identity__ground_truth_region__inf__output__y,bitmanip_slice_low_w3__identity__ground_truth_region,inferred_bus_mode,false,true,output,output,"[""y""]","[""y""]",1,lsb_to_msb,unknown,0.640000,0.500000,1.000000,"[""name_prefix"",""index_contiguity"",""structural_similarity""]","{""index_contiguity_score"":1.0,""name_prefix"":""y"",""name_prefix_score"":0.2,""structural_similarity_score"":1.0}",0,y,exact,1,semantic_bus_hypothesis_v1
bitmanip_slice_low_w3__identity__whole_output_cone__inf__input__a,bitmanip_slice_low_w3__identity__whole_output_cone,inferred_bus_mode,false,true,input,data_operand,"[""a_0"",""a_1"",""a_2""]","[""a_0"",""a_1"",""a_2""]",3,lsb_to_msb,unknown,0.800000,1.000000,0.800000,"[""name_prefix"",""index_contiguity"",""structural_similarity""]","{""index_contiguity_score"":1.0,""name_prefix"":""a"",""name_prefix_score"":1.0,""structural_similarity_score"":0.333333}",0,a,exact,1,semantic_bus_hypothesis_v1
bitmanip_slice_low_w3__identity__whole_output_cone__inf__output__y,bitmanip_slice_low_w3__identity__whole_output_cone,inferred_bus_mode,false,true,output,output,"[""y""]","[""y""]",1,lsb_to_msb,unknown,0.640000,0.500000,1.000000,"[""name_prefix"",""index_contiguity"",""structural_similarity""]","{""index_contiguity_score"":1.0,""name_prefix"":""y"",""name_prefix_score"":0.2,""structural_similarity_score"":1.0}",0,y,exact,1,semantic_bus_hypothesis_v1
bitmanip_slice_low_w3__refactor__whole_output_cone__inf__input__a,bitmanip_slice_low_w3__refactor__whole_output_cone,inferred_bus_mode,false,true,input,data_operand,"[""a_0""]","[""a_0""]",1,lsb_to_msb,unknown,1.000000,1.000000,0.600000,"[""name_prefix"",""index_contiguity"",""structural_similarity""]","{""index_contiguity_score"":1.0,""name_prefix"":""a"",""name_prefix_score"":1.0,""structural_similarity_score"":1.0}",0,a,partial,1,semantic_bus_hypothesis_v1
bitmanip_slice_low_w3__refactor__whole_output_cone__inf__output__y,bitmanip_slice_low_w3__refactor__whole_output_cone,inferred_bus_mode,false,true,output,output,"[""y""]","[""y""]",1,lsb_to_msb,unknown,0.640000,0.500000,1.000000,"[""name_prefix"",""index_contiguity"",""structural_similarity""]","{""index_contiguity_score"":1.0,""name_prefix"":""y"",""name_prefix_score"":0.2,""structural_similarity_score"":1.0}",0,y,exact,1,semantic_bus_hypothesis_v1
bitmanip_slice_low_w3__resub__whole_output_cone__inf__input__a,bitmanip_slice_low_w3__resub__whole_output_cone,inferred_bus_mode,false,true,input,data_operand,"[""a_0""]","[""a_0""]",1,lsb_to_msb,unknown,1.000000,1.000000,0.600000,"[""name_prefix"",""index_contiguity"",""structural_similarity""]","{""index_contiguity_score"":1.0,""name_prefix"":""a"",""name_prefix_score"":1.0,""structural_similarity_score"":1.0}",0,a,partial,1,semantic_bus_hypothesis_v1
bitmanip_slice_low_w3__resub__whole_output_cone__inf__output__y,bitmanip_slice_low_w3__resub__whole_output_cone,inferred_bus_mode,false,true,output,output,"[""y""]","[""y""]",1,lsb_to_msb,unknown,0.640000,0.500000,1.000000,"[""name_prefix"",""index_contiguity"",""structural_similarity""]","{""index_contiguity_score"":1.0,""name_prefix"":""y"",""name_prefix_score"":0.2,""structural_similarity_score"":1.0}",0,y,exact,1,semantic_bus_hypothesis_v1
bitmanip_slice_low_w3__resyn__whole_output_cone__inf__input__a,bitmanip_slice_low_w3__resyn__whole_output_cone,inferred_bus_mode,false,true,input,data_operand,"[""a_0""]","[""a_0""]",1,lsb_to_msb,unknown,1.000000,1.000000,0.600000,"[""name_prefix"",""index_contiguity"",""structural_similarity""]","{""index_contiguity_score"":1.0,""name_prefix"":""a"",""name_prefix_score"":1.0,""structural_similarity_score"":1.0}",0,a,partial,1,semantic_bus_hypothesis_v1
bitmanip_slice_low_w3__resyn__whole_output_cone__inf__output__y,bitmanip_slice_low_w3__resyn__whole_output_cone,inferred_bus_mode,false,true,output,output,"[""y""]","[""y""]",1,lsb_to_msb,unknown,0.640000,0.500000,1.000000,"[""name_prefix"",""index_contiguity"",""structural_similarity""]","{""index_contiguity_score"":1.0,""name_prefix"":""y"",""name_prefix_score"":0.2,""structural_similarity_score"":1.0}",0,y,exact,1,semantic_bus_hypothesis_v1
bitmanip_slice_low_w3__resyn2__whole_output_cone__inf__input__a,bitmanip_slice_low_w3__resyn2__whole_output_cone,inferred_bus_mode,false,true,input,data_operand,"[""a_0""]","[""a_0""]",1,lsb_to_msb,unknown,1.000000,1.000000,0.600000,"[""name_prefix"",""index_contiguity"",""structural_similarity""]","{""index_contiguity_score"":1.0,""name_prefix"":""a"",""name_prefix_score"":1.0,""structural_similarity_score"":1.0}",0,a,partial,1,semantic_bus_hypothesis_v1
bitmanip_slice_low_w3__resyn2__whole_output_cone__inf__output__y,bitmanip_slice_low_w3__resyn2__whole_output_cone,inferred_bus_mode,false,true,output,output,"[""y""]","[""y""]",1,lsb_to_msb,unknown,0.640000,0.500000,1.000000,"[""name_prefix"",""index_contiguity"",""structural_similarity""]","{""index_contiguity_score"":1.0,""name_prefix"":""y"",""name_prefix_score"":0.2,""structural_similarity_score"":1.0}",0,y,exact,1,semantic_bus_hypothesis_v1
bitmanip_slice_low_w3__rewrite__whole_output_cone__inf__input__a,bitmanip_slice_low_w3__rewrite__whole_output_cone,inferred_bus_mode,false,true,input,data_operand,"[""a_0""]","[""a_0""]",1,lsb_to_msb,unknown,1.000000,1.000000,0.600000,"[""name_prefix"",""index_contiguity"",""structural_similarity""]","{""index_contiguity_score"":1.0,""name_prefix"":""a"",""name_prefix_score"":1.0,""structural_similarity_score"":1.0}",0,a,partial,1,semantic_bus_hypothesis_v1
bitmanip_slice_low_w3__rewrite__whole_output_cone__inf__output__y,bitmanip_slice_low_w3__rewrite__whole_output_cone,inferred_bus_mode,false,true,output,output,"[""y""]","[""y""]",1,lsb_to_msb,unknown,0.640000,0.500000,1.000000,"[""name_prefix"",""index_contiguity"",""structural_similarity""]","{""index_contiguity_score"":1.0,""name_prefix"":""y"",""name_prefix_score"":0.2,""structural_similarity_score"":1.0}",0,y,exact,1,semantic_bus_hypothesis_v1
bitmanip_slice_low_w4__balance__whole_output_cone__inf__input__a,bitmanip_slice_low_w4__balance__whole_output_cone,inferred_bus_mode,false,true,input,data_operand,"[""a_0"",""a_1""]","[""a_0"",""a_1""]",2,lsb_to_msb,unknown,0.700000,1.000000,0.800000,"[""name_prefix"",""index_contiguity"",""structural_similarity""]","{""index_contiguity_score"":1.0,""name_prefix"":""a"",""name_prefix_score"":1.0,""structural_similarity_score"":0.0}",0,a,partial,1,semantic_bus_hypothesis_v1
bitmanip_slice_low_w4__balance__whole_output_cone__inf__output__y,bitmanip_slice_low_w4__balance__whole_output_cone,inferred_bus_mode,false,true,output,output,"[""y_0"",""y_1""]","[""y_0"",""y_1""]",2,lsb_to_msb,unknown,0.700000,1.000000,1.000000,"[""name_prefix"",""index_contiguity"",""structural_similarity""]","{""index_contiguity_score"":1.0,""name_prefix"":""y"",""name_prefix_score"":1.0,""structural_similarity_score"":0.0}",0,y,exact,1,semantic_bus_hypothesis_v1
bitmanip_slice_low_w4__compress2rs__whole_output_cone__inf__input__a,bitmanip_slice_low_w4__compress2rs__whole_output_cone,inferred_bus_mode,false,true,input,data_operand,"[""a_0"",""a_1""]","[""a_0"",""a_1""]",2,lsb_to_msb,unknown,0.700000,1.000000,0.800000,"[""name_prefix"",""index_contiguity"",""structural_similarity""]","{""index_contiguity_score"":1.0,""name_prefix"":""a"",""name_prefix_score"":1.0,""structural_similarity_score"":0.0}",0,a,partial,1,semantic_bus_hypothesis_v1
bitmanip_slice_low_w4__compress2rs__whole_output_cone__inf__output__y,bitmanip_slice_low_w4__compress2rs__whole_output_cone,inferred_bus_mode,false,true,output,output,"[""y_0"",""y_1""]","[""y_0"",""y_1""]",2,lsb_to_msb,unknown,0.700000,1.000000,1.000000,"[""name_prefix"",""index_contiguity"",""structural_similarity""]","{""index_contiguity_score"":1.0,""name_prefix"":""y"",""name_prefix_score"":1.0,""structural_similarity_score"":0.0}",0,y,exact,1,semantic_bus_hypothesis_v1
bitmanip_slice_low_w4__dc2__whole_output_cone__inf__input__a,bitmanip_slice_low_w4__dc2__whole_output_cone,inferred_bus_mode,false,true,input,data_operand,"[""a_0"",""a_1""]","[""a_0"",""a_1""]",2,lsb_to_msb,unknown,0.700000,1.000000,0.800000,"[""name_prefix"",""index_contiguity"",""structural_similarity""]","{""index_contiguity_score"":1.0,""name_prefix"":""a"",""name_prefix_score"":1.0,""structural_similarity_score"":0.0}",0,a,partial,1,semantic_bus_hypothesis_v1
bitmanip_slice_low_w4__dc2__whole_output_cone__inf__output__y,bitmanip_slice_low_w4__dc2__whole_output_cone,inferred_bus_mode,false,true,output,output,"[""y_0"",""y_1""]","[""y_0"",""y_1""]",2,lsb_to_msb,unknown,0.700000,1.000000,1.000000,"[""name_prefix"",""index_contiguity"",""structural_similarity""]","{""index_contiguity_score"":1.0,""name_prefix"":""y"",""name_prefix_score"":1.0,""structural_similarity_score"":0.0}",0,y,exact,1,semantic_bus_hypothesis_v1
bitmanip_slice_low_w4__identity__ground_truth_region__inf__input__a,bitmanip_slice_low_w4__identity__ground_truth_region,inferred_bus_mode,false,true,input,data_operand,"[""a_0"",""a_1"",""a_2"",""a_3""]","[""a_0"",""a_1"",""a_2"",""a_3""]",4,lsb_to_msb,unknown,0.850000,1.000000,0.800000,"[""name_prefix"",""index_contiguity"",""structural_similarity""]","{""index_contiguity_score"":1.0,""name_prefix"":""a"",""name_prefix_score"":1.0,""structural_similarity_score"":0.5}",0,a,exact,1,semantic_bus_hypothesis_v1
bitmanip_slice_low_w4__identity__ground_truth_region__inf__output__y,bitmanip_slice_low_w4__identity__ground_truth_region,inferred_bus_mode,false,true,output,output,"[""y_0"",""y_1""]","[""y_0"",""y_1""]",2,lsb_to_msb,unknown,0.900000,1.000000,1.000000,"[""name_prefix"",""index_contiguity"",""structural_similarity""]","{""index_contiguity_score"":1.0,""name_prefix"":""y"",""name_prefix_score"":1.0,""structural_similarity_score"":0.666667}",0,y,exact,1,semantic_bus_hypothesis_v1
bitmanip_slice_low_w4__identity__whole_output_cone__inf__input__a,bitmanip_slice_low_w4__identity__whole_output_cone,inferred_bus_mode,false,true,input,data_operand,"[""a_0"",""a_1"",""a_2"",""a_3""]","[""a_0"",""a_1"",""a_2"",""a_3""]",4,lsb_to_msb,unknown,0.850000,1.000000,0.800000,"[""name_prefix"",""index_contiguity"",""structural_similarity""]","{""index_contiguity_score"":1.0,""name_prefix"":""a"",""name_prefix_score"":1.0,""structural_similarity_score"":0.5}",0,a,exact,1,semantic_bus_hypothesis_v1
bitmanip_slice_low_w4__identity__whole_output_cone__inf__output__y,bitmanip_slice_low_w4__identity__whole_output_cone,inferred_bus_mode,false,true,output,output,"[""y_0"",""y_1""]","[""y_0"",""y_1""]",2,lsb_to_msb,unknown,0.900000,1.000000,1.000000,"[""name_prefix"",""index_contiguity"",""structural_similarity""]","{""index_contiguity_score"":1.0,""name_prefix"":""y"",""name_prefix_score"":1.0,""structural_similarity_score"":0.666667}",0,y,exact,1,semantic_bus_hypothesis_v1
bitmanip_slice_low_w4__refactor__whole_output_cone__inf__input__a,bitmanip_slice_low_w4__refactor__whole_output_cone,inferred_bus_mode,false,true,input,data_operand,"[""a_0"",""a_1""]","[""a_0"",""a_1""]",2,lsb_to_msb,unknown,0.700000,1.000000,0.800000,"[""name_prefix"",""index_contiguity"",""structural_similarity""]","{""index_contiguity_score"":1.0,""name_prefix"":""a"",""name_prefix_score"":1.0,""structural_similarity_score"":0.0}",0,a,partial,1,semantic_bus_hypothesis_v1
bitmanip_slice_low_w4__refactor__whole_output_cone__inf__output__y,bitmanip_slice_low_w4__refactor__whole_output_cone,inferred_bus_mode,false,true,output,output,"[""y_0"",""y_1""]","[""y_0"",""y_1""]",2,lsb_to_msb,unknown,0.700000,1.000000,1.000000,"[""name_prefix"",""index_contiguity"",""structural_similarity""]","{""index_contiguity_score"":1.0,""name_prefix"":""y"",""name_prefix_score"":1.0,""structural_similarity_score"":0.0}",0,y,exact,1,semantic_bus_hypothesis_v1
bitmanip_slice_low_w4__resub__whole_output_cone__inf__input__a,bitmanip_slice_low_w4__resub__whole_output_cone,inferred_bus_mode,false,true,input,data_operand,"[""a_0"",""a_1""]","[""a_0"",""a_1""]",2,lsb_to_msb,unknown,0.700000,1.000000,0.800000,"[""name_prefix"",""index_contiguity"",""structural_similarity""]","{""index_contiguity_score"":1.0,""name_prefix"":""a"",""name_prefix_score"":1.0,""structural_similarity_score"":0.0}",0,a,partial,1,semantic_bus_hypothesis_v1
bitmanip_slice_low_w4__resub__whole_output_cone__inf__output__y,bitmanip_slice_low_w4__resub__whole_output_cone,inferred_bus_mode,false,true,output,output,"[""y_0"",""y_1""]","[""y_0"",""y_1""]",2,lsb_to_msb,unknown,0.700000,1.000000,1.000000,"[""name_prefix"",""index_contiguity"",""structural_similarity""]","{""index_contiguity_score"":1.0,""name_prefix"":""y"",""name_prefix_score"":1.0,""structural_similarity_score"":0.0}",0,y,exact,1,semantic_bus_hypothesis_v1
bitmanip_slice_low_w4__resyn__whole_output_cone__inf__input__a,bitmanip_slice_low_w4__resyn__whole_output_cone,inferred_bus_mode,false,true,input,data_operand,"[""a_0"",""a_1""]","[""a_0"",""a_1""]",2,lsb_to_msb,unknown,0.700000,1.000000,0.800000,"[""name_prefix"",""index_contiguity"",""structural_similarity""]","{""index_contiguity_score"":1.0,""name_prefix"":""a"",""name_prefix_score"":1.0,""structural_similarity_score"":0.0}",0,a,partial,1,semantic_bus_hypothesis_v1
bitmanip_slice_low_w4__resyn__whole_output_cone__inf__output__y,bitmanip_slice_low_w4__resyn__whole_output_cone,inferred_bus_mode,false,true,output,output,"[""y_0"",""y_1""]","[""y_0"",""y_1""]",2,lsb_to_msb,unknown,0.700000,1.000000,1.000000,"[""name_prefix"",""index_contiguity"",""structural_similarity""]","{""index_contiguity_score"":1.0,""name_prefix"":""y"",""name_prefix_score"":1.0,""structural_similarity_score"":0.0}",0,y,exact,1,semantic_bus_hypothesis_v1
bitmanip_slice_low_w4__resyn2__whole_output_cone__inf__input__a,bitmanip_slice_low_w4__resyn2__whole_output_cone,inferred_bus_mode,false,true,input,data_operand,"[""a_0"",""a_1""]","[""a_0"",""a_1""]",2,lsb_to_msb,unknown,0.700000,1.000000,0.800000,"[""name_prefix"",""index_contiguity"",""structural_similarity""]","{""index_contiguity_score"":1.0,""name_prefix"":""a"",""name_prefix_score"":1.0,""structural_similarity_score"":0.0}",0,a,partial,1,semantic_bus_hypothesis_v1
bitmanip_slice_low_w4__resyn2__whole_output_cone__inf__output__y,bitmanip_slice_low_w4__resyn2__whole_output_cone,inferred_bus_mode,false,true,output,output,"[""y_0"",""y_1""]","[""y_0"",""y_1""]",2,lsb_to_msb,unknown,0.700000,1.000000,1.000000,"[""name_prefix"",""index_contiguity"",""structural_similarity""]","{""index_contiguity_score"":1.0,""name_prefix"":""y"",""name_prefix_score"":1.0,""structural_similarity_score"":0.0}",0,y,exact,1,semantic_bus_hypothesis_v1
bitmanip_slice_low_w4__rewrite__whole_output_cone__inf__input__a,bitmanip_slice_low_w4__rewrite__whole_output_cone,inferred_bus_mode,false,true,input,data_operand,"[""a_0"",""a_1""]","[""a_0"",""a_1""]",2,lsb_to_msb,unknown,0.700000,1.000000,0.800000,"[""name_prefix"",""index_contiguity"",""structural_similarity""]","{""index_contiguity_score"":1.0,""name_prefix"":""a"",""name_prefix_score"":1.0,""structural_similarity_score"":0.0}",0,a,partial,1,semantic_bus_hypothesis_v1
bitmanip_slice_low_w4__rewrite__whole_output_cone__inf__output__y,bitmanip_slice_low_w4__rewrite__whole_output_cone,inferred_bus_mode,false,true,output,output,"[""y_0"",""y_1""]","[""y_0"",""y_1""]",2,lsb_to_msb,unknown,0.700000,1.000000,1.000000,"[""name_prefix"",""index_contiguity"",""structural_similarity""]","{""index_contiguity_score"":1.0,""name_prefix"":""y"",""name_prefix_score"":1.0,""structural_similarity_score"":0.0}",0,y,exact,1,semantic_bus_hypothesis_v1
bitmanip_slice_low_w6__identity__ground_truth_region__inf__input__a,bitmanip_slice_low_w6__identity__ground_truth_region,inferred_bus_mode,false,true,input,data_operand,"[""a_0"",""a_1"",""a_2"",""a_3"",""a_4"",""a_5""]","[""a_0"",""a_1"",""a_2"",""a_3"",""a_4"",""a_5""]",6,lsb_to_msb,unknown,0.880000,1.000000,0.800000,"[""name_prefix"",""index_contiguity"",""structural_similarity""]","{""index_contiguity_score"":1.0,""name_prefix"":""a"",""name_prefix_score"":1.0,""structural_similarity_score"":0.6}",0,a,exact,1,semantic_bus_hypothesis_v1
bitmanip_slice_low_w6__identity__ground_truth_region__inf__output__y,bitmanip_slice_low_w6__identity__ground_truth_region,inferred_bus_mode,false,true,output,output,"[""y_0"",""y_1"",""y_2""]","[""y_0"",""y_1"",""y_2""]",3,lsb_to_msb,unknown,0.925000,1.000000,1.000000,"[""name_prefix"",""index_contiguity"",""structural_similarity""]","{""index_contiguity_score"":1.0,""name_prefix"":""y"",""name_prefix_score"":1.0,""structural_similarity_score"":0.75}",0,y,exact,1,semantic_bus_hypothesis_v1
bitmanip_slice_low_w6__identity__whole_output_cone__inf__input__a,bitmanip_slice_low_w6__identity__whole_output_cone,inferred_bus_mode,false,true,input,data_operand,"[""a_0"",""a_1"",""a_2"",""a_3"",""a_4"",""a_5""]","[""a_0"",""a_1"",""a_2"",""a_3"",""a_4"",""a_5""]",6,lsb_to_msb,unknown,0.880000,1.000000,0.800000,"[""name_prefix"",""index_contiguity"",""structural_similarity""]","{""index_contiguity_score"":1.0,""name_prefix"":""a"",""name_prefix_score"":1.0,""structural_similarity_score"":0.6}",0,a,exact,1,semantic_bus_hypothesis_v1
bitmanip_slice_low_w6__identity__whole_output_cone__inf__output__y,bitmanip_slice_low_w6__identity__whole_output_cone,inferred_bus_mode,false,true,output,output,"[""y_0"",""y_1"",""y_2""]","[""y_0"",""y_1"",""y_2""]",3,lsb_to_msb,unknown,0.925000,1.000000,1.000000,"[""name_prefix"",""index_contiguity"",""structural_similarity""]","{""index_contiguity_score"":1.0,""name_prefix"":""y"",""name_prefix_score"":1.0,""structural_similarity_score"":0.75}",0,y,exact,1,semantic_bus_hypothesis_v1
bitmanip_slice_low_w8__identity__ground_truth_region__inf__input__a,bitmanip_slice_low_w8__identity__ground_truth_region,inferred_bus_mode,false,true,input,data_operand,"[""a_0"",""a_1"",""a_2"",""a_3"",""a_4"",""a_5"",""a_6"",""a_7""]","[""a_0"",""a_1"",""a_2"",""a_3"",""a_4"",""a_5"",""a_6"",""a_7""]",8,lsb_to_msb,unknown,0.900000,1.000000,0.800000,"[""name_prefix"",""index_contiguity"",""structural_similarity""]","{""index_contiguity_score"":1.0,""name_prefix"":""a"",""name_prefix_score"":1.0,""structural_similarity_score"":0.666667}",0,a,exact,1,semantic_bus_hypothesis_v1
bitmanip_slice_low_w8__identity__ground_truth_region__inf__output__y,bitmanip_slice_low_w8__identity__ground_truth_region,inferred_bus_mode,false,true,output,output,"[""y_0"",""y_1"",""y_2"",""y_3""]","[""y_0"",""y_1"",""y_2"",""y_3""]",4,lsb_to_msb,unknown,0.940000,1.000000,1.000000,"[""name_prefix"",""index_contiguity"",""structural_similarity""]","{""index_contiguity_score"":1.0,""name_prefix"":""y"",""name_prefix_score"":1.0,""structural_similarity_score"":0.8}",0,y,exact,1,semantic_bus_hypothesis_v1
bitmanip_slice_low_w8__identity__whole_output_cone__inf__input__a,bitmanip_slice_low_w8__identity__whole_output_cone,inferred_bus_mode,false,true,input,data_operand,"[""a_0"",""a_1"",""a_2"",""a_3"",""a_4"",""a_5"",""a_6"",""a_7""]","[""a_0"",""a_1"",""a_2"",""a_3"",""a_4"",""a_5"",""a_6"",""a_7""]",8,lsb_to_msb,unknown,0.900000,1.000000,0.800000,"[""name_prefix"",""index_contiguity"",""structural_similarity""]","{""index_contiguity_score"":1.0,""name_prefix"":""a"",""name_prefix_score"":1.0,""structural_similarity_score"":0.666667}",0,a,exact,1,semantic_bus_hypothesis_v1
bitmanip_slice_low_w8__identity__whole_output_cone__inf__output__y,bitmanip_slice_low_w8__identity__whole_output_cone,inferred_bus_mode,false,true,output,output,"[""y_0"",""y_1"",""y_2"",""y_3""]","[""y_0"",""y_1"",""y_2"",""y_3""]",4,lsb_to_msb,unknown,0.940000,1.000000,1.000000,"[""name_prefix"",""index_contiguity"",""structural_similarity""]","{""index_contiguity_score"":1.0,""name_prefix"":""y"",""name_prefix_score"":1.0,""structural_similarity_score"":0.8}",0,y,exact,1,semantic_bus_hypothesis_v1
bitmanip_zero_extend_w2__balance__whole_output_cone__inf__input__a,bitmanip_zero_extend_w2__balance__whole_output_cone,inferred_bus_mode,false,true,input,data_operand,"[""a_0"",""a_1""]","[""a_0"",""a_1""]",2,lsb_to_msb,unknown,0.914286,1.000000,0.800000,"[""name_prefix"",""index_contiguity"",""structural_similarity""]","{""index_contiguity_score"":1.0,""name_prefix"":""a"",""name_prefix_score"":1.0,""structural_similarity_score"":0.714286}",0,a,exact,1,semantic_bus_hypothesis_v1
bitmanip_zero_extend_w2__balance__whole_output_cone__inf__output__y,bitmanip_zero_extend_w2__balance__whole_output_cone,inferred_bus_mode,false,true,output,output,"[""y_0"",""y_1"",""y_2"",""y_3""]","[""y_0"",""y_1"",""y_2"",""y_3""]",4,lsb_to_msb,unknown,0.721429,1.000000,1.000000,"[""name_prefix"",""index_contiguity"",""structural_similarity""]","{""index_contiguity_score"":1.0,""name_prefix"":""y"",""name_prefix_score"":1.0,""structural_similarity_score"":0.071429}",0,y,exact,1,semantic_bus_hypothesis_v1
bitmanip_zero_extend_w2__compress2rs__whole_output_cone__inf__input__a,bitmanip_zero_extend_w2__compress2rs__whole_output_cone,inferred_bus_mode,false,true,input,data_operand,"[""a_0"",""a_1""]","[""a_0"",""a_1""]",2,lsb_to_msb,unknown,0.700000,1.000000,0.800000,"[""name_prefix"",""index_contiguity"",""structural_similarity""]","{""index_contiguity_score"":1.0,""name_prefix"":""a"",""name_prefix_score"":1.0,""structural_similarity_score"":0.0}",0,a,exact,1,semantic_bus_hypothesis_v1
bitmanip_zero_extend_w2__compress2rs__whole_output_cone__inf__output__y,bitmanip_zero_extend_w2__compress2rs__whole_output_cone,inferred_bus_mode,false,true,output,output,"[""y_0"",""y_1"",""y_2"",""y_3""]","[""y_0"",""y_1"",""y_2"",""y_3""]",4,lsb_to_msb,unknown,0.700000,1.000000,1.000000,"[""name_prefix"",""index_contiguity"",""structural_similarity""]","{""index_contiguity_score"":1.0,""name_prefix"":""y"",""name_prefix_score"":1.0,""structural_similarity_score"":0.0}",0,y,exact,1,semantic_bus_hypothesis_v1
bitmanip_zero_extend_w2__dc2__whole_output_cone__inf__input__a,bitmanip_zero_extend_w2__dc2__whole_output_cone,inferred_bus_mode,false,true,input,data_operand,"[""a_0"",""a_1""]","[""a_0"",""a_1""]",2,lsb_to_msb,unknown,0.700000,1.000000,0.800000,"[""name_prefix"",""index_contiguity"",""structural_similarity""]","{""index_contiguity_score"":1.0,""name_prefix"":""a"",""name_prefix_score"":1.0,""structural_similarity_score"":0.0}",0,a,exact,1,semantic_bus_hypothesis_v1
bitmanip_zero_extend_w2__dc2__whole_output_cone__inf__output__y,bitmanip_zero_extend_w2__dc2__whole_output_cone,inferred_bus_mode,false,true,output,output,"[""y_0"",""y_1"",""y_2"",""y_3""]","[""y_0"",""y_1"",""y_2"",""y_3""]",4,lsb_to_msb,unknown,0.700000,1.000000,1.000000,"[""name_prefix"",""index_contiguity"",""structural_similarity""]","{""index_contiguity_score"":1.0,""name_prefix"":""y"",""name_prefix_score"":1.0,""structural_similarity_score"":0.0}",0,y,exact,1,semantic_bus_hypothesis_v1
bitmanip_zero_extend_w2__identity__ground_truth_region__inf__input__a,bitmanip_zero_extend_w2__identity__ground_truth_region,inferred_bus_mode,false,true,input,data_operand,"[""a_0"",""a_1""]","[""a_0"",""a_1""]",2,lsb_to_msb,unknown,0.850000,1.000000,0.800000,"[""name_prefix"",""index_contiguity"",""structural_similarity""]","{""index_contiguity_score"":1.0,""name_prefix"":""a"",""name_prefix_score"":1.0,""structural_similarity_score"":0.5}",0,a,exact,1,semantic_bus_hypothesis_v1
bitmanip_zero_extend_w2__identity__ground_truth_region__inf__output__y,bitmanip_zero_extend_w2__identity__ground_truth_region,inferred_bus_mode,false,true,output,output,"[""y_0"",""y_1"",""y_2"",""y_3""]","[""y_0"",""y_1"",""y_2"",""y_3""]",4,lsb_to_msb,unknown,0.725000,1.000000,1.000000,"[""name_prefix"",""index_contiguity"",""structural_similarity""]","{""index_contiguity_score"":1.0,""name_prefix"":""y"",""name_prefix_score"":1.0,""structural_similarity_score"":0.083333}",0,y,exact,1,semantic_bus_hypothesis_v1
bitmanip_zero_extend_w2__identity__whole_output_cone__inf__input__a,bitmanip_zero_extend_w2__identity__whole_output_cone,inferred_bus_mode,false,true,input,data_operand,"[""a_0"",""a_1""]","[""a_0"",""a_1""]",2,lsb_to_msb,unknown,0.850000,1.000000,0.800000,"[""name_prefix"",""index_contiguity"",""structural_similarity""]","{""index_contiguity_score"":1.0,""name_prefix"":""a"",""name_prefix_score"":1.0,""structural_similarity_score"":0.5}",0,a,exact,1,semantic_bus_hypothesis_v1
bitmanip_zero_extend_w2__identity__whole_output_cone__inf__output__y,bitmanip_zero_extend_w2__identity__whole_output_cone,inferred_bus_mode,false,true,output,output,"[""y_0"",""y_1"",""y_2"",""y_3""]","[""y_0"",""y_1"",""y_2"",""y_3""]",4,lsb_to_msb,unknown,0.725000,1.000000,1.000000,"[""name_prefix"",""index_contiguity"",""structural_similarity""]","{""index_contiguity_score"":1.0,""name_prefix"":""y"",""name_prefix_score"":1.0,""structural_similarity_score"":0.083333}",0,y,exact,1,semantic_bus_hypothesis_v1
bitmanip_zero_extend_w2__refactor__whole_output_cone__inf__input__a,bitmanip_zero_extend_w2__refactor__whole_output_cone,inferred_bus_mode,false,true,input,data_operand,"[""a_0"",""a_1""]","[""a_0"",""a_1""]",2,lsb_to_msb,unknown,0.700000,1.000000,0.800000,"[""name_prefix"",""index_contiguity"",""structural_similarity""]","{""index_contiguity_score"":1.0,""name_prefix"":""a"",""name_prefix_score"":1.0,""structural_similarity_score"":0.0}",0,a,exact,1,semantic_bus_hypothesis_v1
bitmanip_zero_extend_w2__refactor__whole_output_cone__inf__output__y,bitmanip_zero_extend_w2__refactor__whole_output_cone,inferred_bus_mode,false,true,output,output,"[""y_0"",""y_1"",""y_2"",""y_3""]","[""y_0"",""y_1"",""y_2"",""y_3""]",4,lsb_to_msb,unknown,0.700000,1.000000,1.000000,"[""name_prefix"",""index_contiguity"",""structural_similarity""]","{""index_contiguity_score"":1.0,""name_prefix"":""y"",""name_prefix_score"":1.0,""structural_similarity_score"":0.0}",0,y,exact,1,semantic_bus_hypothesis_v1
bitmanip_zero_extend_w2__resub__whole_output_cone__inf__input__a,bitmanip_zero_extend_w2__resub__whole_output_cone,inferred_bus_mode,false,true,input,data_operand,"[""a_0"",""a_1""]","[""a_0"",""a_1""]",2,lsb_to_msb,unknown,0.700000,1.000000,0.800000,"[""name_prefix"",""index_contiguity"",""structural_similarity""]","{""index_contiguity_score"":1.0,""name_prefix"":""a"",""name_prefix_score"":1.0,""structural_similarity_score"":0.0}",0,a,exact,1,semantic_bus_hypothesis_v1
bitmanip_zero_extend_w2__resub__whole_output_cone__inf__output__y,bitmanip_zero_extend_w2__resub__whole_output_cone,inferred_bus_mode,false,true,output,output,"[""y_0"",""y_1"",""y_2"",""y_3""]","[""y_0"",""y_1"",""y_2"",""y_3""]",4,lsb_to_msb,unknown,0.700000,1.000000,1.000000,"[""name_prefix"",""index_contiguity"",""structural_similarity""]","{""index_contiguity_score"":1.0,""name_prefix"":""y"",""name_prefix_score"":1.0,""structural_similarity_score"":0.0}",0,y,exact,1,semantic_bus_hypothesis_v1
bitmanip_zero_extend_w2__resyn__whole_output_cone__inf__input__a,bitmanip_zero_extend_w2__resyn__whole_output_cone,inferred_bus_mode,false,true,input,data_operand,"[""a_0"",""a_1""]","[""a_0"",""a_1""]",2,lsb_to_msb,unknown,0.914286,1.000000,0.800000,"[""name_prefix"",""index_contiguity"",""structural_similarity""]","{""index_contiguity_score"":1.0,""name_prefix"":""a"",""name_prefix_score"":1.0,""structural_similarity_score"":0.714286}",0,a,exact,1,semantic_bus_hypothesis_v1
bitmanip_zero_extend_w2__resyn__whole_output_cone__inf__output__y,bitmanip_zero_extend_w2__resyn__whole_output_cone,inferred_bus_mode,false,true,output,output,"[""y_0"",""y_1"",""y_2"",""y_3""]","[""y_0"",""y_1"",""y_2"",""y_3""]",4,lsb_to_msb,unknown,0.721429,1.000000,1.000000,"[""name_prefix"",""index_contiguity"",""structural_similarity""]","{""index_contiguity_score"":1.0,""name_prefix"":""y"",""name_prefix_score"":1.0,""structural_similarity_score"":0.071429}",0,y,exact,1,semantic_bus_hypothesis_v1
bitmanip_zero_extend_w2__resyn2__whole_output_cone__inf__input__a,bitmanip_zero_extend_w2__resyn2__whole_output_cone,inferred_bus_mode,false,true,input,data_operand,"[""a_0"",""a_1""]","[""a_0"",""a_1""]",2,lsb_to_msb,unknown,0.700000,1.000000,0.800000,"[""name_prefix"",""index_contiguity"",""structural_similarity""]","{""index_contiguity_score"":1.0,""name_prefix"":""a"",""name_prefix_score"":1.0,""structural_similarity_score"":0.0}",0,a,exact,1,semantic_bus_hypothesis_v1
bitmanip_zero_extend_w2__resyn2__whole_output_cone__inf__output__y,bitmanip_zero_extend_w2__resyn2__whole_output_cone,inferred_bus_mode,false,true,output,output,"[""y_0"",""y_1"",""y_2"",""y_3""]","[""y_0"",""y_1"",""y_2"",""y_3""]",4,lsb_to_msb,unknown,0.700000,1.000000,1.000000,"[""name_prefix"",""index_contiguity"",""structural_similarity""]","{""index_contiguity_score"":1.0,""name_prefix"":""y"",""name_prefix_score"":1.0,""structural_similarity_score"":0.0}",0,y,exact,1,semantic_bus_hypothesis_v1
bitmanip_zero_extend_w2__rewrite__whole_output_cone__inf__input__a,bitmanip_zero_extend_w2__rewrite__whole_output_cone,inferred_bus_mode,false,true,input,data_operand,"[""a_0"",""a_1""]","[""a_0"",""a_1""]",2,lsb_to_msb,unknown,0.914286,1.000000,0.800000,"[""name_prefix"",""index_contiguity"",""structural_similarity""]","{""index_contiguity_score"":1.0,""name_prefix"":""a"",""name_prefix_score"":1.0,""structural_similarity_score"":0.714286}",0,a,exact,1,semantic_bus_hypothesis_v1
bitmanip_zero_extend_w2__rewrite__whole_output_cone__inf__output__y,bitmanip_zero_extend_w2__rewrite__whole_output_cone,inferred_bus_mode,false,true,output,output,"[""y_0"",""y_1"",""y_2"",""y_3""]","[""y_0"",""y_1"",""y_2"",""y_3""]",4,lsb_to_msb,unknown,0.721429,1.000000,1.000000,"[""name_prefix"",""index_contiguity"",""structural_similarity""]","{""index_contiguity_score"":1.0,""name_prefix"":""y"",""name_prefix_score"":1.0,""structural_similarity_score"":0.071429}",0,y,exact,1,semantic_bus_hypothesis_v1
bitmanip_zero_extend_w3__balance__whole_output_cone__inf__input__a,bitmanip_zero_extend_w3__balance__whole_output_cone,inferred_bus_mode,false,true,input,data_operand,"[""a_0"",""a_1"",""a_2""]","[""a_0"",""a_1"",""a_2""]",3,lsb_to_msb,unknown,0.700000,1.000000,0.800000,"[""name_prefix"",""index_contiguity"",""structural_similarity""]","{""index_contiguity_score"":1.0,""name_prefix"":""a"",""name_prefix_score"":1.0,""structural_similarity_score"":0.0}",0,a,exact,1,semantic_bus_hypothesis_v1
bitmanip_zero_extend_w3__balance__whole_output_cone__inf__output__y,bitmanip_zero_extend_w3__balance__whole_output_cone,inferred_bus_mode,false,true,output,output,"[""y_0"",""y_1"",""y_2"",""y_3"",""y_4"",""y_5""]","[""y_0"",""y_1"",""y_2"",""y_3"",""y_4"",""y_5""]",6,lsb_to_msb,unknown,0.700000,1.000000,1.000000,"[""name_prefix"",""index_contiguity"",""structural_similarity""]","{""index_contiguity_score"":1.0,""name_prefix"":""y"",""name_prefix_score"":1.0,""structural_similarity_score"":0.0}",0,y,exact,1,semantic_bus_hypothesis_v1
bitmanip_zero_extend_w3__compress2rs__whole_output_cone__inf__input__a,bitmanip_zero_extend_w3__compress2rs__whole_output_cone,inferred_bus_mode,false,true,input,data_operand,"[""a_0"",""a_1"",""a_2""]","[""a_0"",""a_1"",""a_2""]",3,lsb_to_msb,unknown,0.700000,1.000000,0.800000,"[""name_prefix"",""index_contiguity"",""structural_similarity""]","{""index_contiguity_score"":1.0,""name_prefix"":""a"",""name_prefix_score"":1.0,""structural_similarity_score"":0.0}",0,a,exact,1,semantic_bus_hypothesis_v1
bitmanip_zero_extend_w3__compress2rs__whole_output_cone__inf__output__y,bitmanip_zero_extend_w3__compress2rs__whole_output_cone,inferred_bus_mode,false,true,output,output,"[""y_0"",""y_1"",""y_2"",""y_3"",""y_4"",""y_5""]","[""y_0"",""y_1"",""y_2"",""y_3"",""y_4"",""y_5""]",6,lsb_to_msb,unknown,0.700000,1.000000,1.000000,"[""name_prefix"",""index_contiguity"",""structural_similarity""]","{""index_contiguity_score"":1.0,""name_prefix"":""y"",""name_prefix_score"":1.0,""structural_similarity_score"":0.0}",0,y,exact,1,semantic_bus_hypothesis_v1
bitmanip_zero_extend_w3__dc2__whole_output_cone__inf__input__a,bitmanip_zero_extend_w3__dc2__whole_output_cone,inferred_bus_mode,false,true,input,data_operand,"[""a_0"",""a_1"",""a_2""]","[""a_0"",""a_1"",""a_2""]",3,lsb_to_msb,unknown,0.700000,1.000000,0.800000,"[""name_prefix"",""index_contiguity"",""structural_similarity""]","{""index_contiguity_score"":1.0,""name_prefix"":""a"",""name_prefix_score"":1.0,""structural_similarity_score"":0.0}",0,a,exact,1,semantic_bus_hypothesis_v1
bitmanip_zero_extend_w3__dc2__whole_output_cone__inf__output__y,bitmanip_zero_extend_w3__dc2__whole_output_cone,inferred_bus_mode,false,true,output,output,"[""y_0"",""y_1"",""y_2"",""y_3"",""y_4"",""y_5""]","[""y_0"",""y_1"",""y_2"",""y_3"",""y_4"",""y_5""]",6,lsb_to_msb,unknown,0.700000,1.000000,1.000000,"[""name_prefix"",""index_contiguity"",""structural_similarity""]","{""index_contiguity_score"":1.0,""name_prefix"":""y"",""name_prefix_score"":1.0,""structural_similarity_score"":0.0}",0,y,exact,1,semantic_bus_hypothesis_v1
bitmanip_zero_extend_w3__identity__ground_truth_region__inf__input__a,bitmanip_zero_extend_w3__identity__ground_truth_region,inferred_bus_mode,false,true,input,data_operand,"[""a_0"",""a_1"",""a_2""]","[""a_0"",""a_1"",""a_2""]",3,lsb_to_msb,unknown,0.880000,1.000000,0.800000,"[""name_prefix"",""index_contiguity"",""structural_similarity""]","{""index_contiguity_score"":1.0,""name_prefix"":""a"",""name_prefix_score"":1.0,""structural_similarity_score"":0.6}",0,a,exact,1,semantic_bus_hypothesis_v1
bitmanip_zero_extend_w3__identity__ground_truth_region__inf__output__y,bitmanip_zero_extend_w3__identity__ground_truth_region,inferred_bus_mode,false,true,output,output,"[""y_0"",""y_1"",""y_2"",""y_3"",""y_4"",""y_5""]","[""y_0"",""y_1"",""y_2"",""y_3"",""y_4"",""y_5""]",6,lsb_to_msb,unknown,0.736000,1.000000,1.000000,"[""name_prefix"",""index_contiguity"",""structural_similarity""]","{""index_contiguity_score"":1.0,""name_prefix"":""y"",""name_prefix_score"":1.0,""structural_similarity_score"":0.12}",0,y,exact,1,semantic_bus_hypothesis_v1
bitmanip_zero_extend_w3__identity__whole_output_cone__inf__input__a,bitmanip_zero_extend_w3__identity__whole_output_cone,inferred_bus_mode,false,true,input,data_operand,"[""a_0"",""a_1"",""a_2""]","[""a_0"",""a_1"",""a_2""]",3,lsb_to_msb,unknown,0.880000,1.000000,0.800000,"[""name_prefix"",""index_contiguity"",""structural_similarity""]","{""index_contiguity_score"":1.0,""name_prefix"":""a"",""name_prefix_score"":1.0,""structural_similarity_score"":0.6}",0,a,exact,1,semantic_bus_hypothesis_v1
bitmanip_zero_extend_w3__identity__whole_output_cone__inf__output__y,bitmanip_zero_extend_w3__identity__whole_output_cone,inferred_bus_mode,false,true,output,output,"[""y_0"",""y_1"",""y_2"",""y_3"",""y_4"",""y_5""]","[""y_0"",""y_1"",""y_2"",""y_3"",""y_4"",""y_5""]",6,lsb_to_msb,unknown,0.736000,1.000000,1.000000,"[""name_prefix"",""index_contiguity"",""structural_similarity""]","{""index_contiguity_score"":1.0,""name_prefix"":""y"",""name_prefix_score"":1.0,""structural_similarity_score"":0.12}",0,y,exact,1,semantic_bus_hypothesis_v1
bitmanip_zero_extend_w3__refactor__whole_output_cone__inf__input__a,bitmanip_zero_extend_w3__refactor__whole_output_cone,inferred_bus_mode,false,true,input,data_operand,"[""a_0"",""a_1"",""a_2""]","[""a_0"",""a_1"",""a_2""]",3,lsb_to_msb,unknown,0.700000,1.000000,0.800000,"[""name_prefix"",""index_contiguity"",""structural_similarity""]","{""index_contiguity_score"":1.0,""name_prefix"":""a"",""name_prefix_score"":1.0,""structural_similarity_score"":0.0}",0,a,exact,1,semantic_bus_hypothesis_v1
bitmanip_zero_extend_w3__refactor__whole_output_cone__inf__output__y,bitmanip_zero_extend_w3__refactor__whole_output_cone,inferred_bus_mode,false,true,output,output,"[""y_0"",""y_1"",""y_2"",""y_3"",""y_4"",""y_5""]","[""y_0"",""y_1"",""y_2"",""y_3"",""y_4"",""y_5""]",6,lsb_to_msb,unknown,0.700000,1.000000,1.000000,"[""name_prefix"",""index_contiguity"",""structural_similarity""]","{""index_contiguity_score"":1.0,""name_prefix"":""y"",""name_prefix_score"":1.0,""structural_similarity_score"":0.0}",0,y,exact,1,semantic_bus_hypothesis_v1
bitmanip_zero_extend_w3__resub__whole_output_cone__inf__input__a,bitmanip_zero_extend_w3__resub__whole_output_cone,inferred_bus_mode,false,true,input,data_operand,"[""a_0"",""a_1"",""a_2""]","[""a_0"",""a_1"",""a_2""]",3,lsb_to_msb,unknown,0.700000,1.000000,0.800000,"[""name_prefix"",""index_contiguity"",""structural_similarity""]","{""index_contiguity_score"":1.0,""name_prefix"":""a"",""name_prefix_score"":1.0,""structural_similarity_score"":0.0}",0,a,exact,1,semantic_bus_hypothesis_v1
bitmanip_zero_extend_w3__resub__whole_output_cone__inf__output__y,bitmanip_zero_extend_w3__resub__whole_output_cone,inferred_bus_mode,false,true,output,output,"[""y_0"",""y_1"",""y_2"",""y_3"",""y_4"",""y_5""]","[""y_0"",""y_1"",""y_2"",""y_3"",""y_4"",""y_5""]",6,lsb_to_msb,unknown,0.700000,1.000000,1.000000,"[""name_prefix"",""index_contiguity"",""structural_similarity""]","{""index_contiguity_score"":1.0,""name_prefix"":""y"",""name_prefix_score"":1.0,""structural_similarity_score"":0.0}",0,y,exact,1,semantic_bus_hypothesis_v1
bitmanip_zero_extend_w3__resyn__whole_output_cone__inf__input__a,bitmanip_zero_extend_w3__resyn__whole_output_cone,inferred_bus_mode,false,true,input,data_operand,"[""a_0"",""a_1"",""a_2""]","[""a_0"",""a_1"",""a_2""]",3,lsb_to_msb,unknown,0.700000,1.000000,0.800000,"[""name_prefix"",""index_contiguity"",""structural_similarity""]","{""index_contiguity_score"":1.0,""name_prefix"":""a"",""name_prefix_score"":1.0,""structural_similarity_score"":0.0}",0,a,exact,1,semantic_bus_hypothesis_v1
bitmanip_zero_extend_w3__resyn__whole_output_cone__inf__output__y,bitmanip_zero_extend_w3__resyn__whole_output_cone,inferred_bus_mode,false,true,output,output,"[""y_0"",""y_1"",""y_2"",""y_3"",""y_4"",""y_5""]","[""y_0"",""y_1"",""y_2"",""y_3"",""y_4"",""y_5""]",6,lsb_to_msb,unknown,0.700000,1.000000,1.000000,"[""name_prefix"",""index_contiguity"",""structural_similarity""]","{""index_contiguity_score"":1.0,""name_prefix"":""y"",""name_prefix_score"":1.0,""structural_similarity_score"":0.0}",0,y,exact,1,semantic_bus_hypothesis_v1
bitmanip_zero_extend_w3__resyn2__whole_output_cone__inf__input__a,bitmanip_zero_extend_w3__resyn2__whole_output_cone,inferred_bus_mode,false,true,input,data_operand,"[""a_0"",""a_1"",""a_2""]","[""a_0"",""a_1"",""a_2""]",3,lsb_to_msb,unknown,0.700000,1.000000,0.800000,"[""name_prefix"",""index_contiguity"",""structural_similarity""]","{""index_contiguity_score"":1.0,""name_prefix"":""a"",""name_prefix_score"":1.0,""structural_similarity_score"":0.0}",0,a,exact,1,semantic_bus_hypothesis_v1
bitmanip_zero_extend_w3__resyn2__whole_output_cone__inf__output__y,bitmanip_zero_extend_w3__resyn2__whole_output_cone,inferred_bus_mode,false,true,output,output,"[""y_0"",""y_1"",""y_2"",""y_3"",""y_4"",""y_5""]","[""y_0"",""y_1"",""y_2"",""y_3"",""y_4"",""y_5""]",6,lsb_to_msb,unknown,0.700000,1.000000,1.000000,"[""name_prefix"",""index_contiguity"",""structural_similarity""]","{""index_contiguity_score"":1.0,""name_prefix"":""y"",""name_prefix_score"":1.0,""structural_similarity_score"":0.0}",0,y,exact,1,semantic_bus_hypothesis_v1
bitmanip_zero_extend_w3__rewrite__whole_output_cone__inf__input__a,bitmanip_zero_extend_w3__rewrite__whole_output_cone,inferred_bus_mode,false,true,input,data_operand,"[""a_0"",""a_1"",""a_2""]","[""a_0"",""a_1"",""a_2""]",3,lsb_to_msb,unknown,0.700000,1.000000,0.800000,"[""name_prefix"",""index_contiguity"",""structural_similarity""]","{""index_contiguity_score"":1.0,""name_prefix"":""a"",""name_prefix_score"":1.0,""structural_similarity_score"":0.0}",0,a,exact,1,semantic_bus_hypothesis_v1
bitmanip_zero_extend_w3__rewrite__whole_output_cone__inf__output__y,bitmanip_zero_extend_w3__rewrite__whole_output_cone,inferred_bus_mode,false,true,output,output,"[""y_0"",""y_1"",""y_2"",""y_3"",""y_4"",""y_5""]","[""y_0"",""y_1"",""y_2"",""y_3"",""y_4"",""y_5""]",6,lsb_to_msb,unknown,0.700000,1.000000,1.000000,"[""name_prefix"",""index_contiguity"",""structural_similarity""]","{""index_contiguity_score"":1.0,""name_prefix"":""y"",""name_prefix_score"":1.0,""structural_similarity_score"":0.0}",0,y,exact,1,semantic_bus_hypothesis_v1
bitmanip_zero_extend_w4__balance__whole_output_cone__inf__input__a,bitmanip_zero_extend_w4__balance__whole_output_cone,inferred_bus_mode,false,true,input,data_operand,"[""a_0"",""a_1"",""a_2"",""a_3""]","[""a_0"",""a_1"",""a_2"",""a_3""]",4,lsb_to_msb,unknown,0.700000,1.000000,0.800000,"[""name_prefix"",""index_contiguity"",""structural_similarity""]","{""index_contiguity_score"":1.0,""name_prefix"":""a"",""name_prefix_score"":1.0,""structural_similarity_score"":0.0}",0,a,exact,1,semantic_bus_hypothesis_v1
bitmanip_zero_extend_w4__balance__whole_output_cone__inf__output__y,bitmanip_zero_extend_w4__balance__whole_output_cone,inferred_bus_mode,false,true,output,output,"[""y_0"",""y_1"",""y_2"",""y_3"",""y_4"",""y_5"",""y_6"",""y_7""]","[""y_0"",""y_1"",""y_2"",""y_3"",""y_4"",""y_5"",""y_6"",""y_7""]",8,lsb_to_msb,unknown,0.700000,1.000000,1.000000,"[""name_prefix"",""index_contiguity"",""structural_similarity""]","{""index_contiguity_score"":1.0,""name_prefix"":""y"",""name_prefix_score"":1.0,""structural_similarity_score"":0.0}",0,y,exact,1,semantic_bus_hypothesis_v1
bitmanip_zero_extend_w4__compress2rs__whole_output_cone__inf__input__a,bitmanip_zero_extend_w4__compress2rs__whole_output_cone,inferred_bus_mode,false,true,input,data_operand,"[""a_0"",""a_1"",""a_2"",""a_3""]","[""a_0"",""a_1"",""a_2"",""a_3""]",4,lsb_to_msb,unknown,0.700000,1.000000,0.800000,"[""name_prefix"",""index_contiguity"",""structural_similarity""]","{""index_contiguity_score"":1.0,""name_prefix"":""a"",""name_prefix_score"":1.0,""structural_similarity_score"":0.0}",0,a,exact,1,semantic_bus_hypothesis_v1
bitmanip_zero_extend_w4__compress2rs__whole_output_cone__inf__output__y,bitmanip_zero_extend_w4__compress2rs__whole_output_cone,inferred_bus_mode,false,true,output,output,"[""y_0"",""y_1"",""y_2"",""y_3"",""y_4"",""y_5"",""y_6"",""y_7""]","[""y_0"",""y_1"",""y_2"",""y_3"",""y_4"",""y_5"",""y_6"",""y_7""]",8,lsb_to_msb,unknown,0.700000,1.000000,1.000000,"[""name_prefix"",""index_contiguity"",""structural_similarity""]","{""index_contiguity_score"":1.0,""name_prefix"":""y"",""name_prefix_score"":1.0,""structural_similarity_score"":0.0}",0,y,exact,1,semantic_bus_hypothesis_v1
bitmanip_zero_extend_w4__dc2__whole_output_cone__inf__input__a,bitmanip_zero_extend_w4__dc2__whole_output_cone,inferred_bus_mode,false,true,input,data_operand,"[""a_0"",""a_1"",""a_2"",""a_3""]","[""a_0"",""a_1"",""a_2"",""a_3""]",4,lsb_to_msb,unknown,0.700000,1.000000,0.800000,"[""name_prefix"",""index_contiguity"",""structural_similarity""]","{""index_contiguity_score"":1.0,""name_prefix"":""a"",""name_prefix_score"":1.0,""structural_similarity_score"":0.0}",0,a,exact,1,semantic_bus_hypothesis_v1
bitmanip_zero_extend_w4__dc2__whole_output_cone__inf__output__y,bitmanip_zero_extend_w4__dc2__whole_output_cone,inferred_bus_mode,false,true,output,output,"[""y_0"",""y_1"",""y_2"",""y_3"",""y_4"",""y_5"",""y_6"",""y_7""]","[""y_0"",""y_1"",""y_2"",""y_3"",""y_4"",""y_5"",""y_6"",""y_7""]",8,lsb_to_msb,unknown,0.700000,1.000000,1.000000,"[""name_prefix"",""index_contiguity"",""structural_similarity""]","{""index_contiguity_score"":1.0,""name_prefix"":""y"",""name_prefix_score"":1.0,""structural_similarity_score"":0.0}",0,y,exact,1,semantic_bus_hypothesis_v1
bitmanip_zero_extend_w4__identity__ground_truth_region__inf__input__a,bitmanip_zero_extend_w4__identity__ground_truth_region,inferred_bus_mode,false,true,input,data_operand,"[""a_0"",""a_1"",""a_2"",""a_3""]","[""a_0"",""a_1"",""a_2"",""a_3""]",4,lsb_to_msb,unknown,0.900000,1.000000,0.800000,"[""name_prefix"",""index_contiguity"",""structural_similarity""]","{""index_contiguity_score"":1.0,""name_prefix"":""a"",""name_prefix_score"":1.0,""structural_similarity_score"":0.666667}",0,a,exact,1,semantic_bus_hypothesis_v1
bitmanip_zero_extend_w4__identity__ground_truth_region__inf__output__y,bitmanip_zero_extend_w4__identity__ground_truth_region,inferred_bus_mode,false,true,output,output,"[""y_0"",""y_1"",""y_2"",""y_3"",""y_4"",""y_5"",""y_6"",""y_7""]","[""y_0"",""y_1"",""y_2"",""y_3"",""y_4"",""y_5"",""y_6"",""y_7""]",8,lsb_to_msb,unknown,0.742857,1.000000,1.000000,"[""name_prefix"",""index_contiguity"",""structural_similarity""]","{""index_contiguity_score"":1.0,""name_prefix"":""y"",""name_prefix_score"":1.0,""structural_similarity_score"":0.142857}",0,y,exact,1,semantic_bus_hypothesis_v1
bitmanip_zero_extend_w4__identity__whole_output_cone__inf__input__a,bitmanip_zero_extend_w4__identity__whole_output_cone,inferred_bus_mode,false,true,input,data_operand,"[""a_0"",""a_1"",""a_2"",""a_3""]","[""a_0"",""a_1"",""a_2"",""a_3""]",4,lsb_to_msb,unknown,0.900000,1.000000,0.800000,"[""name_prefix"",""index_contiguity"",""structural_similarity""]","{""index_contiguity_score"":1.0,""name_prefix"":""a"",""name_prefix_score"":1.0,""structural_similarity_score"":0.666667}",0,a,exact,1,semantic_bus_hypothesis_v1
bitmanip_zero_extend_w4__identity__whole_output_cone__inf__output__y,bitmanip_zero_extend_w4__identity__whole_output_cone,inferred_bus_mode,false,true,output,output,"[""y_0"",""y_1"",""y_2"",""y_3"",""y_4"",""y_5"",""y_6"",""y_7""]","[""y_0"",""y_1"",""y_2"",""y_3"",""y_4"",""y_5"",""y_6"",""y_7""]",8,lsb_to_msb,unknown,0.742857,1.000000,1.000000,"[""name_prefix"",""index_contiguity"",""structural_similarity""]","{""index_contiguity_score"":1.0,""name_prefix"":""y"",""name_prefix_score"":1.0,""structural_similarity_score"":0.142857}",0,y,exact,1,semantic_bus_hypothesis_v1
bitmanip_zero_extend_w4__refactor__whole_output_cone__inf__input__a,bitmanip_zero_extend_w4__refactor__whole_output_cone,inferred_bus_mode,false,true,input,data_operand,"[""a_0"",""a_1"",""a_2"",""a_3""]","[""a_0"",""a_1"",""a_2"",""a_3""]",4,lsb_to_msb,unknown,0.700000,1.000000,0.800000,"[""name_prefix"",""index_contiguity"",""structural_similarity""]","{""index_contiguity_score"":1.0,""name_prefix"":""a"",""name_prefix_score"":1.0,""structural_similarity_score"":0.0}",0,a,exact,1,semantic_bus_hypothesis_v1
bitmanip_zero_extend_w4__refactor__whole_output_cone__inf__output__y,bitmanip_zero_extend_w4__refactor__whole_output_cone,inferred_bus_mode,false,true,output,output,"[""y_0"",""y_1"",""y_2"",""y_3"",""y_4"",""y_5"",""y_6"",""y_7""]","[""y_0"",""y_1"",""y_2"",""y_3"",""y_4"",""y_5"",""y_6"",""y_7""]",8,lsb_to_msb,unknown,0.700000,1.000000,1.000000,"[""name_prefix"",""index_contiguity"",""structural_similarity""]","{""index_contiguity_score"":1.0,""name_prefix"":""y"",""name_prefix_score"":1.0,""structural_similarity_score"":0.0}",0,y,exact,1,semantic_bus_hypothesis_v1
bitmanip_zero_extend_w4__resub__whole_output_cone__inf__input__a,bitmanip_zero_extend_w4__resub__whole_output_cone,inferred_bus_mode,false,true,input,data_operand,"[""a_0"",""a_1"",""a_2"",""a_3""]","[""a_0"",""a_1"",""a_2"",""a_3""]",4,lsb_to_msb,unknown,0.700000,1.000000,0.800000,"[""name_prefix"",""index_contiguity"",""structural_similarity""]","{""index_contiguity_score"":1.0,""name_prefix"":""a"",""name_prefix_score"":1.0,""structural_similarity_score"":0.0}",0,a,exact,1,semantic_bus_hypothesis_v1
bitmanip_zero_extend_w4__resub__whole_output_cone__inf__output__y,bitmanip_zero_extend_w4__resub__whole_output_cone,inferred_bus_mode,false,true,output,output,"[""y_0"",""y_1"",""y_2"",""y_3"",""y_4"",""y_5"",""y_6"",""y_7""]","[""y_0"",""y_1"",""y_2"",""y_3"",""y_4"",""y_5"",""y_6"",""y_7""]",8,lsb_to_msb,unknown,0.700000,1.000000,1.000000,"[""name_prefix"",""index_contiguity"",""structural_similarity""]","{""index_contiguity_score"":1.0,""name_prefix"":""y"",""name_prefix_score"":1.0,""structural_similarity_score"":0.0}",0,y,exact,1,semantic_bus_hypothesis_v1
bitmanip_zero_extend_w4__resyn__whole_output_cone__inf__input__a,bitmanip_zero_extend_w4__resyn__whole_output_cone,inferred_bus_mode,false,true,input,data_operand,"[""a_0"",""a_1"",""a_2"",""a_3""]","[""a_0"",""a_1"",""a_2"",""a_3""]",4,lsb_to_msb,unknown,0.700000,1.000000,0.800000,"[""name_prefix"",""index_contiguity"",""structural_similarity""]","{""index_contiguity_score"":1.0,""name_prefix"":""a"",""name_prefix_score"":1.0,""structural_similarity_score"":0.0}",0,a,exact,1,semantic_bus_hypothesis_v1
bitmanip_zero_extend_w4__resyn__whole_output_cone__inf__output__y,bitmanip_zero_extend_w4__resyn__whole_output_cone,inferred_bus_mode,false,true,output,output,"[""y_0"",""y_1"",""y_2"",""y_3"",""y_4"",""y_5"",""y_6"",""y_7""]","[""y_0"",""y_1"",""y_2"",""y_3"",""y_4"",""y_5"",""y_6"",""y_7""]",8,lsb_to_msb,unknown,0.700000,1.000000,1.000000,"[""name_prefix"",""index_contiguity"",""structural_similarity""]","{""index_contiguity_score"":1.0,""name_prefix"":""y"",""name_prefix_score"":1.0,""structural_similarity_score"":0.0}",0,y,exact,1,semantic_bus_hypothesis_v1
bitmanip_zero_extend_w4__resyn2__whole_output_cone__inf__input__a,bitmanip_zero_extend_w4__resyn2__whole_output_cone,inferred_bus_mode,false,true,input,data_operand,"[""a_0"",""a_1"",""a_2"",""a_3""]","[""a_0"",""a_1"",""a_2"",""a_3""]",4,lsb_to_msb,unknown,0.700000,1.000000,0.800000,"[""name_prefix"",""index_contiguity"",""structural_similarity""]","{""index_contiguity_score"":1.0,""name_prefix"":""a"",""name_prefix_score"":1.0,""structural_similarity_score"":0.0}",0,a,exact,1,semantic_bus_hypothesis_v1
bitmanip_zero_extend_w4__resyn2__whole_output_cone__inf__output__y,bitmanip_zero_extend_w4__resyn2__whole_output_cone,inferred_bus_mode,false,true,output,output,"[""y_0"",""y_1"",""y_2"",""y_3"",""y_4"",""y_5"",""y_6"",""y_7""]","[""y_0"",""y_1"",""y_2"",""y_3"",""y_4"",""y_5"",""y_6"",""y_7""]",8,lsb_to_msb,unknown,0.700000,1.000000,1.000000,"[""name_prefix"",""index_contiguity"",""structural_similarity""]","{""index_contiguity_score"":1.0,""name_prefix"":""y"",""name_prefix_score"":1.0,""structural_similarity_score"":0.0}",0,y,exact,1,semantic_bus_hypothesis_v1
bitmanip_zero_extend_w4__rewrite__whole_output_cone__inf__input__a,bitmanip_zero_extend_w4__rewrite__whole_output_cone,inferred_bus_mode,false,true,input,data_operand,"[""a_0"",""a_1"",""a_2"",""a_3""]","[""a_0"",""a_1"",""a_2"",""a_3""]",4,lsb_to_msb,unknown,0.700000,1.000000,0.800000,"[""name_prefix"",""index_contiguity"",""structural_similarity""]","{""index_contiguity_score"":1.0,""name_prefix"":""a"",""name_prefix_score"":1.0,""structural_similarity_score"":0.0}",0,a,exact,1,semantic_bus_hypothesis_v1
bitmanip_zero_extend_w4__rewrite__whole_output_cone__inf__output__y,bitmanip_zero_extend_w4__rewrite__whole_output_cone,inferred_bus_mode,false,true,output,output,"[""y_0"",""y_1"",""y_2"",""y_3"",""y_4"",""y_5"",""y_6"",""y_7""]","[""y_0"",""y_1"",""y_2"",""y_3"",""y_4"",""y_5"",""y_6"",""y_7""]",8,lsb_to_msb,unknown,0.700000,1.000000,1.000000,"[""name_prefix"",""index_contiguity"",""structural_similarity""]","{""index_contiguity_score"":1.0,""name_prefix"":""y"",""name_prefix_score"":1.0,""structural_similarity_score"":0.0}",0,y,exact,1,semantic_bus_hypothesis_v1
bitmanip_zero_extend_w6__identity__ground_truth_region__inf__input__a,bitmanip_zero_extend_w6__identity__ground_truth_region,inferred_bus_mode,false,true,input,data_operand,"[""a_0"",""a_1"",""a_2"",""a_3"",""a_4"",""a_5""]","[""a_0"",""a_1"",""a_2"",""a_3"",""a_4"",""a_5""]",6,lsb_to_msb,unknown,0.925000,1.000000,0.800000,"[""name_prefix"",""index_contiguity"",""structural_similarity""]","{""index_contiguity_score"":1.0,""name_prefix"":""a"",""name_prefix_score"":1.0,""structural_similarity_score"":0.75}",0,a,exact,1,semantic_bus_hypothesis_v1
bitmanip_zero_extend_w6__identity__ground_truth_region__inf__output__y,bitmanip_zero_extend_w6__identity__ground_truth_region,inferred_bus_mode,false,true,output,output,"[""y_0"",""y_1"",""y_10"",""y_11"",""y_2"",""y_3"",""y_4"",""y_5"",""y_6"",""y_7"",""y_8"",""y_9""]","[""y_0"",""y_1"",""y_2"",""y_3"",""y_4"",""y_5"",""y_6"",""y_7"",""y_8"",""y_9"",""y_10"",""y_11""]",12,lsb_to_msb,unknown,0.751136,1.000000,1.000000,"[""name_prefix"",""index_contiguity"",""structural_similarity""]","{""index_contiguity_score"":1.0,""name_prefix"":""y"",""name_prefix_score"":1.0,""structural_similarity_score"":0.170455}",0,y,exact,1,semantic_bus_hypothesis_v1
bitmanip_zero_extend_w6__identity__whole_output_cone__inf__input__a,bitmanip_zero_extend_w6__identity__whole_output_cone,inferred_bus_mode,false,true,input,data_operand,"[""a_0"",""a_1"",""a_2"",""a_3"",""a_4"",""a_5""]","[""a_0"",""a_1"",""a_2"",""a_3"",""a_4"",""a_5""]",6,lsb_to_msb,unknown,0.925000,1.000000,0.800000,"[""name_prefix"",""index_contiguity"",""structural_similarity""]","{""index_contiguity_score"":1.0,""name_prefix"":""a"",""name_prefix_score"":1.0,""structural_similarity_score"":0.75}",0,a,exact,1,semantic_bus_hypothesis_v1
bitmanip_zero_extend_w6__identity__whole_output_cone__inf__output__y,bitmanip_zero_extend_w6__identity__whole_output_cone,inferred_bus_mode,false,true,output,output,"[""y_0"",""y_1"",""y_10"",""y_11"",""y_2"",""y_3"",""y_4"",""y_5"",""y_6"",""y_7"",""y_8"",""y_9""]","[""y_0"",""y_1"",""y_2"",""y_3"",""y_4"",""y_5"",""y_6"",""y_7"",""y_8"",""y_9"",""y_10"",""y_11""]",12,lsb_to_msb,unknown,0.751136,1.000000,1.000000,"[""name_prefix"",""index_contiguity"",""structural_similarity""]","{""index_contiguity_score"":1.0,""name_prefix"":""y"",""name_prefix_score"":1.0,""structural_similarity_score"":0.170455}",0,y,exact,1,semantic_bus_hypothesis_v1
bitmanip_zero_extend_w8__identity__ground_truth_region__inf__input__a,bitmanip_zero_extend_w8__identity__ground_truth_region,inferred_bus_mode,false,true,input,data_operand,"[""a_0"",""a_1"",""a_2"",""a_3"",""a_4"",""a_5"",""a_6"",""a_7""]","[""a_0"",""a_1"",""a_2"",""a_3"",""a_4"",""a_5"",""a_6"",""a_7""]",8,lsb_to_msb,unknown,0.940000,1.000000,0.800000,"[""name_prefix"",""index_contiguity"",""structural_similarity""]","{""index_contiguity_score"":1.0,""name_prefix"":""a"",""name_prefix_score"":1.0,""structural_similarity_score"":0.8}",0,a,exact,1,semantic_bus_hypothesis_v1
bitmanip_zero_extend_w8__identity__ground_truth_region__inf__output__y,bitmanip_zero_extend_w8__identity__ground_truth_region,inferred_bus_mode,false,true,output,output,"[""y_0"",""y_1"",""y_10"",""y_11"",""y_12"",""y_13"",""y_14"",""y_15"",""y_2"",""y_3"",""y_4"",""y_5"",""y_6"",""y_7"",""y_8"",""y_9""]","[""y_0"",""y_1"",""y_2"",""y_3"",""y_4"",""y_5"",""y_6"",""y_7"",""y_8"",""y_9"",""y_10"",""y_11"",""y_12"",""y_13"",""y_14"",""y_15""]",16,lsb_to_msb,unknown,0.756000,1.000000,1.000000,"[""name_prefix"",""index_contiguity"",""structural_similarity""]","{""index_contiguity_score"":1.0,""name_prefix"":""y"",""name_prefix_score"":1.0,""structural_similarity_score"":0.186667}",0,y,exact,1,semantic_bus_hypothesis_v1
bitmanip_zero_extend_w8__identity__whole_output_cone__inf__input__a,bitmanip_zero_extend_w8__identity__whole_output_cone,inferred_bus_mode,false,true,input,data_operand,"[""a_0"",""a_1"",""a_2"",""a_3"",""a_4"",""a_5"",""a_6"",""a_7""]","[""a_0"",""a_1"",""a_2"",""a_3"",""a_4"",""a_5"",""a_6"",""a_7""]",8,lsb_to_msb,unknown,0.940000,1.000000,0.800000,"[""name_prefix"",""index_contiguity"",""structural_similarity""]","{""index_contiguity_score"":1.0,""name_prefix"":""a"",""name_prefix_score"":1.0,""structural_similarity_score"":0.8}",0,a,exact,1,semantic_bus_hypothesis_v1
bitmanip_zero_extend_w8__identity__whole_output_cone__inf__output__y,bitmanip_zero_extend_w8__identity__whole_output_cone,inferred_bus_mode,false,true,output,output,"[""y_0"",""y_1"",""y_10"",""y_11"",""y_12"",""y_13"",""y_14"",""y_15"",""y_2"",""y_3"",""y_4"",""y_5"",""y_6"",""y_7"",""y_8"",""y_9""]","[""y_0"",""y_1"",""y_2"",""y_3"",""y_4"",""y_5"",""y_6"",""y_7"",""y_8"",""y_9"",""y_10"",""y_11"",""y_12"",""y_13"",""y_14"",""y_15""]",16,lsb_to_msb,unknown,0.756000,1.000000,1.000000,"[""name_prefix"",""index_contiguity"",""structural_similarity""]","{""index_contiguity_score"":1.0,""name_prefix"":""y"",""name_prefix_score"":1.0,""structural_similarity_score"":0.186667}",0,y,exact,1,semantic_bus_hypothesis_v1
boolean_bitwise_and_w2__balance__whole_output_cone__inf__input__a,boolean_bitwise_and_w2__balance__whole_output_cone,inferred_bus_mode,false,true,input,data_operand,"[""a_0"",""a_1""]","[""a_0"",""a_1""]",2,lsb_to_msb,unknown,0.700000,1.000000,0.800000,"[""name_prefix"",""index_contiguity"",""structural_similarity""]","{""index_contiguity_score"":1.0,""name_prefix"":""a"",""name_prefix_score"":1.0,""structural_similarity_score"":0.0}",0,a,exact,1,semantic_bus_hypothesis_v1
boolean_bitwise_and_w2__balance__whole_output_cone__inf__output__y,boolean_bitwise_and_w2__balance__whole_output_cone,inferred_bus_mode,false,true,output,output,"[""y_0"",""y_1""]","[""y_0"",""y_1""]",2,lsb_to_msb,unknown,0.700000,1.000000,1.000000,"[""name_prefix"",""index_contiguity"",""structural_similarity""]","{""index_contiguity_score"":1.0,""name_prefix"":""y"",""name_prefix_score"":1.0,""structural_similarity_score"":0.0}",0,y,exact,1,semantic_bus_hypothesis_v1
boolean_bitwise_and_w2__compress2rs__whole_output_cone__inf__input__a,boolean_bitwise_and_w2__compress2rs__whole_output_cone,inferred_bus_mode,false,true,input,data_operand,"[""a_0"",""a_1""]","[""a_0"",""a_1""]",2,lsb_to_msb,unknown,0.700000,1.000000,0.800000,"[""name_prefix"",""index_contiguity"",""structural_similarity""]","{""index_contiguity_score"":1.0,""name_prefix"":""a"",""name_prefix_score"":1.0,""structural_similarity_score"":0.0}",0,a,exact,1,semantic_bus_hypothesis_v1
boolean_bitwise_and_w2__compress2rs__whole_output_cone__inf__output__y,boolean_bitwise_and_w2__compress2rs__whole_output_cone,inferred_bus_mode,false,true,output,output,"[""y_0"",""y_1""]","[""y_0"",""y_1""]",2,lsb_to_msb,unknown,0.700000,1.000000,1.000000,"[""name_prefix"",""index_contiguity"",""structural_similarity""]","{""index_contiguity_score"":1.0,""name_prefix"":""y"",""name_prefix_score"":1.0,""structural_similarity_score"":0.0}",0,y,exact,1,semantic_bus_hypothesis_v1
boolean_bitwise_and_w2__dc2__whole_output_cone__inf__input__a,boolean_bitwise_and_w2__dc2__whole_output_cone,inferred_bus_mode,false,true,input,data_operand,"[""a_0"",""a_1""]","[""a_0"",""a_1""]",2,lsb_to_msb,unknown,0.700000,1.000000,0.800000,"[""name_prefix"",""index_contiguity"",""structural_similarity""]","{""index_contiguity_score"":1.0,""name_prefix"":""a"",""name_prefix_score"":1.0,""structural_similarity_score"":0.0}",0,a,exact,1,semantic_bus_hypothesis_v1
boolean_bitwise_and_w2__dc2__whole_output_cone__inf__output__y,boolean_bitwise_and_w2__dc2__whole_output_cone,inferred_bus_mode,false,true,output,output,"[""y_0"",""y_1""]","[""y_0"",""y_1""]",2,lsb_to_msb,unknown,0.700000,1.000000,1.000000,"[""name_prefix"",""index_contiguity"",""structural_similarity""]","{""index_contiguity_score"":1.0,""name_prefix"":""y"",""name_prefix_score"":1.0,""structural_similarity_score"":0.0}",0,y,exact,1,semantic_bus_hypothesis_v1
boolean_bitwise_and_w2__identity__ground_truth_region__inf__input__a,boolean_bitwise_and_w2__identity__ground_truth_region,inferred_bus_mode,false,true,input,data_operand,"[""a_0"",""a_1""]","[""a_0"",""a_1""]",2,lsb_to_msb,unknown,0.850000,1.000000,0.800000,"[""name_prefix"",""index_contiguity"",""structural_similarity""]","{""index_contiguity_score"":1.0,""name_prefix"":""a"",""name_prefix_score"":1.0,""structural_similarity_score"":0.5}",0,a,exact,1,semantic_bus_hypothesis_v1
boolean_bitwise_and_w2__identity__ground_truth_region__inf__output__y,boolean_bitwise_and_w2__identity__ground_truth_region,inferred_bus_mode,false,true,output,output,"[""y_0"",""y_1""]","[""y_0"",""y_1""]",2,lsb_to_msb,unknown,0.900000,1.000000,1.000000,"[""name_prefix"",""index_contiguity"",""structural_similarity""]","{""index_contiguity_score"":1.0,""name_prefix"":""y"",""name_prefix_score"":1.0,""structural_similarity_score"":0.666667}",0,y,exact,1,semantic_bus_hypothesis_v1
boolean_bitwise_and_w2__identity__whole_output_cone__inf__input__a,boolean_bitwise_and_w2__identity__whole_output_cone,inferred_bus_mode,false,true,input,data_operand,"[""a_0"",""a_1""]","[""a_0"",""a_1""]",2,lsb_to_msb,unknown,0.850000,1.000000,0.800000,"[""name_prefix"",""index_contiguity"",""structural_similarity""]","{""index_contiguity_score"":1.0,""name_prefix"":""a"",""name_prefix_score"":1.0,""structural_similarity_score"":0.5}",0,a,exact,1,semantic_bus_hypothesis_v1
boolean_bitwise_and_w2__identity__whole_output_cone__inf__output__y,boolean_bitwise_and_w2__identity__whole_output_cone,inferred_bus_mode,false,true,output,output,"[""y_0"",""y_1""]","[""y_0"",""y_1""]",2,lsb_to_msb,unknown,0.900000,1.000000,1.000000,"[""name_prefix"",""index_contiguity"",""structural_similarity""]","{""index_contiguity_score"":1.0,""name_prefix"":""y"",""name_prefix_score"":1.0,""structural_similarity_score"":0.666667}",0,y,exact,1,semantic_bus_hypothesis_v1
boolean_bitwise_and_w2__refactor__whole_output_cone__inf__input__a,boolean_bitwise_and_w2__refactor__whole_output_cone,inferred_bus_mode,false,true,input,data_operand,"[""a_0"",""a_1""]","[""a_0"",""a_1""]",2,lsb_to_msb,unknown,0.700000,1.000000,0.800000,"[""name_prefix"",""index_contiguity"",""structural_similarity""]","{""index_contiguity_score"":1.0,""name_prefix"":""a"",""name_prefix_score"":1.0,""structural_similarity_score"":0.0}",0,a,exact,1,semantic_bus_hypothesis_v1
boolean_bitwise_and_w2__refactor__whole_output_cone__inf__output__y,boolean_bitwise_and_w2__refactor__whole_output_cone,inferred_bus_mode,false,true,output,output,"[""y_0"",""y_1""]","[""y_0"",""y_1""]",2,lsb_to_msb,unknown,0.700000,1.000000,1.000000,"[""name_prefix"",""index_contiguity"",""structural_similarity""]","{""index_contiguity_score"":1.0,""name_prefix"":""y"",""name_prefix_score"":1.0,""structural_similarity_score"":0.0}",0,y,exact,1,semantic_bus_hypothesis_v1
boolean_bitwise_and_w2__resub__whole_output_cone__inf__input__a,boolean_bitwise_and_w2__resub__whole_output_cone,inferred_bus_mode,false,true,input,data_operand,"[""a_0"",""a_1""]","[""a_0"",""a_1""]",2,lsb_to_msb,unknown,0.700000,1.000000,0.800000,"[""name_prefix"",""index_contiguity"",""structural_similarity""]","{""index_contiguity_score"":1.0,""name_prefix"":""a"",""name_prefix_score"":1.0,""structural_similarity_score"":0.0}",0,a,exact,1,semantic_bus_hypothesis_v1
boolean_bitwise_and_w2__resub__whole_output_cone__inf__output__y,boolean_bitwise_and_w2__resub__whole_output_cone,inferred_bus_mode,false,true,output,output,"[""y_0"",""y_1""]","[""y_0"",""y_1""]",2,lsb_to_msb,unknown,0.700000,1.000000,1.000000,"[""name_prefix"",""index_contiguity"",""structural_similarity""]","{""index_contiguity_score"":1.0,""name_prefix"":""y"",""name_prefix_score"":1.0,""structural_similarity_score"":0.0}",0,y,exact,1,semantic_bus_hypothesis_v1
boolean_bitwise_and_w2__resyn__whole_output_cone__inf__input__a,boolean_bitwise_and_w2__resyn__whole_output_cone,inferred_bus_mode,false,true,input,data_operand,"[""a_0"",""a_1""]","[""a_0"",""a_1""]",2,lsb_to_msb,unknown,0.700000,1.000000,0.800000,"[""name_prefix"",""index_contiguity"",""structural_similarity""]","{""index_contiguity_score"":1.0,""name_prefix"":""a"",""name_prefix_score"":1.0,""structural_similarity_score"":0.0}",0,a,exact,1,semantic_bus_hypothesis_v1
boolean_bitwise_and_w2__resyn__whole_output_cone__inf__output__y,boolean_bitwise_and_w2__resyn__whole_output_cone,inferred_bus_mode,false,true,output,output,"[""y_0"",""y_1""]","[""y_0"",""y_1""]",2,lsb_to_msb,unknown,0.700000,1.000000,1.000000,"[""name_prefix"",""index_contiguity"",""structural_similarity""]","{""index_contiguity_score"":1.0,""name_prefix"":""y"",""name_prefix_score"":1.0,""structural_similarity_score"":0.0}",0,y,exact,1,semantic_bus_hypothesis_v1
boolean_bitwise_and_w2__resyn2__whole_output_cone__inf__input__a,boolean_bitwise_and_w2__resyn2__whole_output_cone,inferred_bus_mode,false,true,input,data_operand,"[""a_0"",""a_1""]","[""a_0"",""a_1""]",2,lsb_to_msb,unknown,0.700000,1.000000,0.800000,"[""name_prefix"",""index_contiguity"",""structural_similarity""]","{""index_contiguity_score"":1.0,""name_prefix"":""a"",""name_prefix_score"":1.0,""structural_similarity_score"":0.0}",0,a,exact,1,semantic_bus_hypothesis_v1
boolean_bitwise_and_w2__resyn2__whole_output_cone__inf__output__y,boolean_bitwise_and_w2__resyn2__whole_output_cone,inferred_bus_mode,false,true,output,output,"[""y_0"",""y_1""]","[""y_0"",""y_1""]",2,lsb_to_msb,unknown,0.700000,1.000000,1.000000,"[""name_prefix"",""index_contiguity"",""structural_similarity""]","{""index_contiguity_score"":1.0,""name_prefix"":""y"",""name_prefix_score"":1.0,""structural_similarity_score"":0.0}",0,y,exact,1,semantic_bus_hypothesis_v1
boolean_bitwise_and_w2__rewrite__whole_output_cone__inf__input__a,boolean_bitwise_and_w2__rewrite__whole_output_cone,inferred_bus_mode,false,true,input,data_operand,"[""a_0"",""a_1""]","[""a_0"",""a_1""]",2,lsb_to_msb,unknown,0.700000,1.000000,0.800000,"[""name_prefix"",""index_contiguity"",""structural_similarity""]","{""index_contiguity_score"":1.0,""name_prefix"":""a"",""name_prefix_score"":1.0,""structural_similarity_score"":0.0}",0,a,exact,1,semantic_bus_hypothesis_v1
boolean_bitwise_and_w2__rewrite__whole_output_cone__inf__output__y,boolean_bitwise_and_w2__rewrite__whole_output_cone,inferred_bus_mode,false,true,output,output,"[""y_0"",""y_1""]","[""y_0"",""y_1""]",2,lsb_to_msb,unknown,0.700000,1.000000,1.000000,"[""name_prefix"",""index_contiguity"",""structural_similarity""]","{""index_contiguity_score"":1.0,""name_prefix"":""y"",""name_prefix_score"":1.0,""structural_similarity_score"":0.0}",0,y,exact,1,semantic_bus_hypothesis_v1
boolean_bitwise_and_w3__identity__ground_truth_region__inf__input__a,boolean_bitwise_and_w3__identity__ground_truth_region,inferred_bus_mode,false,true,input,data_operand,"[""a_0"",""a_1"",""a_2""]","[""a_0"",""a_1"",""a_2""]",3,lsb_to_msb,unknown,0.880000,1.000000,0.800000,"[""name_prefix"",""index_contiguity"",""structural_similarity""]","{""index_contiguity_score"":1.0,""name_prefix"":""a"",""name_prefix_score"":1.0,""structural_similarity_score"":0.6}",0,a,exact,1,semantic_bus_hypothesis_v1
boolean_bitwise_and_w3__identity__ground_truth_region__inf__output__y,boolean_bitwise_and_w3__identity__ground_truth_region,inferred_bus_mode,false,true,output,output,"[""y_0"",""y_1"",""y_2""]","[""y_0"",""y_1"",""y_2""]",3,lsb_to_msb,unknown,0.925000,1.000000,1.000000,"[""name_prefix"",""index_contiguity"",""structural_similarity""]","{""index_contiguity_score"":1.0,""name_prefix"":""y"",""name_prefix_score"":1.0,""structural_similarity_score"":0.75}",0,y,exact,1,semantic_bus_hypothesis_v1
boolean_bitwise_and_w3__identity__whole_output_cone__inf__input__a,boolean_bitwise_and_w3__identity__whole_output_cone,inferred_bus_mode,false,true,input,data_operand,"[""a_0"",""a_1"",""a_2""]","[""a_0"",""a_1"",""a_2""]",3,lsb_to_msb,unknown,0.880000,1.000000,0.800000,"[""name_prefix"",""index_contiguity"",""structural_similarity""]","{""index_contiguity_score"":1.0,""name_prefix"":""a"",""name_prefix_score"":1.0,""structural_similarity_score"":0.6}",0,a,exact,1,semantic_bus_hypothesis_v1
boolean_bitwise_and_w3__identity__whole_output_cone__inf__output__y,boolean_bitwise_and_w3__identity__whole_output_cone,inferred_bus_mode,false,true,output,output,"[""y_0"",""y_1"",""y_2""]","[""y_0"",""y_1"",""y_2""]",3,lsb_to_msb,unknown,0.925000,1.000000,1.000000,"[""name_prefix"",""index_contiguity"",""structural_similarity""]","{""index_contiguity_score"":1.0,""name_prefix"":""y"",""name_prefix_score"":1.0,""structural_similarity_score"":0.75}",0,y,exact,1,semantic_bus_hypothesis_v1
boolean_bitwise_and_w4__identity__ground_truth_region__inf__input__a,boolean_bitwise_and_w4__identity__ground_truth_region,inferred_bus_mode,false,true,input,data_operand,"[""a_0"",""a_1"",""a_2"",""a_3""]","[""a_0"",""a_1"",""a_2"",""a_3""]",4,lsb_to_msb,unknown,0.900000,1.000000,0.800000,"[""name_prefix"",""index_contiguity"",""structural_similarity""]","{""index_contiguity_score"":1.0,""name_prefix"":""a"",""name_prefix_score"":1.0,""structural_similarity_score"":0.666667}",0,a,exact,1,semantic_bus_hypothesis_v1
boolean_bitwise_and_w4__identity__ground_truth_region__inf__output__y,boolean_bitwise_and_w4__identity__ground_truth_region,inferred_bus_mode,false,true,output,output,"[""y_0"",""y_1"",""y_2"",""y_3""]","[""y_0"",""y_1"",""y_2"",""y_3""]",4,lsb_to_msb,unknown,0.940000,1.000000,1.000000,"[""name_prefix"",""index_contiguity"",""structural_similarity""]","{""index_contiguity_score"":1.0,""name_prefix"":""y"",""name_prefix_score"":1.0,""structural_similarity_score"":0.8}",0,y,exact,1,semantic_bus_hypothesis_v1
boolean_bitwise_and_w4__identity__whole_output_cone__inf__input__a,boolean_bitwise_and_w4__identity__whole_output_cone,inferred_bus_mode,false,true,input,data_operand,"[""a_0"",""a_1"",""a_2"",""a_3""]","[""a_0"",""a_1"",""a_2"",""a_3""]",4,lsb_to_msb,unknown,0.900000,1.000000,0.800000,"[""name_prefix"",""index_contiguity"",""structural_similarity""]","{""index_contiguity_score"":1.0,""name_prefix"":""a"",""name_prefix_score"":1.0,""structural_similarity_score"":0.666667}",0,a,exact,1,semantic_bus_hypothesis_v1
boolean_bitwise_and_w4__identity__whole_output_cone__inf__output__y,boolean_bitwise_and_w4__identity__whole_output_cone,inferred_bus_mode,false,true,output,output,"[""y_0"",""y_1"",""y_2"",""y_3""]","[""y_0"",""y_1"",""y_2"",""y_3""]",4,lsb_to_msb,unknown,0.940000,1.000000,1.000000,"[""name_prefix"",""index_contiguity"",""structural_similarity""]","{""index_contiguity_score"":1.0,""name_prefix"":""y"",""name_prefix_score"":1.0,""structural_similarity_score"":0.8}",0,y,exact,1,semantic_bus_hypothesis_v1
boolean_bitwise_or_w2__balance__whole_output_cone__inf__input__a,boolean_bitwise_or_w2__balance__whole_output_cone,inferred_bus_mode,false,true,input,data_operand,"[""a_0"",""a_1""]","[""a_0"",""a_1""]",2,lsb_to_msb,unknown,0.700000,1.000000,0.800000,"[""name_prefix"",""index_contiguity"",""structural_similarity""]","{""index_contiguity_score"":1.0,""name_prefix"":""a"",""name_prefix_score"":1.0,""structural_similarity_score"":0.0}",0,a,exact,1,semantic_bus_hypothesis_v1
boolean_bitwise_or_w2__balance__whole_output_cone__inf__output__y,boolean_bitwise_or_w2__balance__whole_output_cone,inferred_bus_mode,false,true,output,output,"[""y_0"",""y_1""]","[""y_0"",""y_1""]",2,lsb_to_msb,unknown,0.700000,1.000000,1.000000,"[""name_prefix"",""index_contiguity"",""structural_similarity""]","{""index_contiguity_score"":1.0,""name_prefix"":""y"",""name_prefix_score"":1.0,""structural_similarity_score"":0.0}",0,y,exact,1,semantic_bus_hypothesis_v1
boolean_bitwise_or_w2__compress2rs__whole_output_cone__inf__input__a,boolean_bitwise_or_w2__compress2rs__whole_output_cone,inferred_bus_mode,false,true,input,data_operand,"[""a_0"",""a_1""]","[""a_0"",""a_1""]",2,lsb_to_msb,unknown,0.700000,1.000000,0.800000,"[""name_prefix"",""index_contiguity"",""structural_similarity""]","{""index_contiguity_score"":1.0,""name_prefix"":""a"",""name_prefix_score"":1.0,""structural_similarity_score"":0.0}",0,a,exact,1,semantic_bus_hypothesis_v1
boolean_bitwise_or_w2__compress2rs__whole_output_cone__inf__output__y,boolean_bitwise_or_w2__compress2rs__whole_output_cone,inferred_bus_mode,false,true,output,output,"[""y_0"",""y_1""]","[""y_0"",""y_1""]",2,lsb_to_msb,unknown,0.700000,1.000000,1.000000,"[""name_prefix"",""index_contiguity"",""structural_similarity""]","{""index_contiguity_score"":1.0,""name_prefix"":""y"",""name_prefix_score"":1.0,""structural_similarity_score"":0.0}",0,y,exact,1,semantic_bus_hypothesis_v1
boolean_bitwise_or_w2__dc2__whole_output_cone__inf__input__a,boolean_bitwise_or_w2__dc2__whole_output_cone,inferred_bus_mode,false,true,input,data_operand,"[""a_0"",""a_1""]","[""a_0"",""a_1""]",2,lsb_to_msb,unknown,0.700000,1.000000,0.800000,"[""name_prefix"",""index_contiguity"",""structural_similarity""]","{""index_contiguity_score"":1.0,""name_prefix"":""a"",""name_prefix_score"":1.0,""structural_similarity_score"":0.0}",0,a,exact,1,semantic_bus_hypothesis_v1
boolean_bitwise_or_w2__dc2__whole_output_cone__inf__output__y,boolean_bitwise_or_w2__dc2__whole_output_cone,inferred_bus_mode,false,true,output,output,"[""y_0"",""y_1""]","[""y_0"",""y_1""]",2,lsb_to_msb,unknown,0.700000,1.000000,1.000000,"[""name_prefix"",""index_contiguity"",""structural_similarity""]","{""index_contiguity_score"":1.0,""name_prefix"":""y"",""name_prefix_score"":1.0,""structural_similarity_score"":0.0}",0,y,exact,1,semantic_bus_hypothesis_v1
boolean_bitwise_or_w2__identity__ground_truth_region__inf__input__a,boolean_bitwise_or_w2__identity__ground_truth_region,inferred_bus_mode,false,true,input,data_operand,"[""a_0"",""a_1""]","[""a_0"",""a_1""]",2,lsb_to_msb,unknown,0.850000,1.000000,0.800000,"[""name_prefix"",""index_contiguity"",""structural_similarity""]","{""index_contiguity_score"":1.0,""name_prefix"":""a"",""name_prefix_score"":1.0,""structural_similarity_score"":0.5}",0,a,exact,1,semantic_bus_hypothesis_v1
boolean_bitwise_or_w2__identity__ground_truth_region__inf__output__y,boolean_bitwise_or_w2__identity__ground_truth_region,inferred_bus_mode,false,true,output,output,"[""y_0"",""y_1""]","[""y_0"",""y_1""]",2,lsb_to_msb,unknown,0.900000,1.000000,1.000000,"[""name_prefix"",""index_contiguity"",""structural_similarity""]","{""index_contiguity_score"":1.0,""name_prefix"":""y"",""name_prefix_score"":1.0,""structural_similarity_score"":0.666667}",0,y,exact,1,semantic_bus_hypothesis_v1
boolean_bitwise_or_w2__identity__whole_output_cone__inf__input__a,boolean_bitwise_or_w2__identity__whole_output_cone,inferred_bus_mode,false,true,input,data_operand,"[""a_0"",""a_1""]","[""a_0"",""a_1""]",2,lsb_to_msb,unknown,0.850000,1.000000,0.800000,"[""name_prefix"",""index_contiguity"",""structural_similarity""]","{""index_contiguity_score"":1.0,""name_prefix"":""a"",""name_prefix_score"":1.0,""structural_similarity_score"":0.5}",0,a,exact,1,semantic_bus_hypothesis_v1
boolean_bitwise_or_w2__identity__whole_output_cone__inf__output__y,boolean_bitwise_or_w2__identity__whole_output_cone,inferred_bus_mode,false,true,output,output,"[""y_0"",""y_1""]","[""y_0"",""y_1""]",2,lsb_to_msb,unknown,0.900000,1.000000,1.000000,"[""name_prefix"",""index_contiguity"",""structural_similarity""]","{""index_contiguity_score"":1.0,""name_prefix"":""y"",""name_prefix_score"":1.0,""structural_similarity_score"":0.666667}",0,y,exact,1,semantic_bus_hypothesis_v1
boolean_bitwise_or_w2__refactor__whole_output_cone__inf__input__a,boolean_bitwise_or_w2__refactor__whole_output_cone,inferred_bus_mode,false,true,input,data_operand,"[""a_0"",""a_1""]","[""a_0"",""a_1""]",2,lsb_to_msb,unknown,0.700000,1.000000,0.800000,"[""name_prefix"",""index_contiguity"",""structural_similarity""]","{""index_contiguity_score"":1.0,""name_prefix"":""a"",""name_prefix_score"":1.0,""structural_similarity_score"":0.0}",0,a,exact,1,semantic_bus_hypothesis_v1
boolean_bitwise_or_w2__refactor__whole_output_cone__inf__output__y,boolean_bitwise_or_w2__refactor__whole_output_cone,inferred_bus_mode,false,true,output,output,"[""y_0"",""y_1""]","[""y_0"",""y_1""]",2,lsb_to_msb,unknown,0.700000,1.000000,1.000000,"[""name_prefix"",""index_contiguity"",""structural_similarity""]","{""index_contiguity_score"":1.0,""name_prefix"":""y"",""name_prefix_score"":1.0,""structural_similarity_score"":0.0}",0,y,exact,1,semantic_bus_hypothesis_v1
boolean_bitwise_or_w2__resub__whole_output_cone__inf__input__a,boolean_bitwise_or_w2__resub__whole_output_cone,inferred_bus_mode,false,true,input,data_operand,"[""a_0"",""a_1""]","[""a_0"",""a_1""]",2,lsb_to_msb,unknown,0.700000,1.000000,0.800000,"[""name_prefix"",""index_contiguity"",""structural_similarity""]","{""index_contiguity_score"":1.0,""name_prefix"":""a"",""name_prefix_score"":1.0,""structural_similarity_score"":0.0}",0,a,exact,1,semantic_bus_hypothesis_v1
boolean_bitwise_or_w2__resub__whole_output_cone__inf__output__y,boolean_bitwise_or_w2__resub__whole_output_cone,inferred_bus_mode,false,true,output,output,"[""y_0"",""y_1""]","[""y_0"",""y_1""]",2,lsb_to_msb,unknown,0.700000,1.000000,1.000000,"[""name_prefix"",""index_contiguity"",""structural_similarity""]","{""index_contiguity_score"":1.0,""name_prefix"":""y"",""name_prefix_score"":1.0,""structural_similarity_score"":0.0}",0,y,exact,1,semantic_bus_hypothesis_v1
boolean_bitwise_or_w2__resyn__whole_output_cone__inf__input__a,boolean_bitwise_or_w2__resyn__whole_output_cone,inferred_bus_mode,false,true,input,data_operand,"[""a_0"",""a_1""]","[""a_0"",""a_1""]",2,lsb_to_msb,unknown,0.700000,1.000000,0.800000,"[""name_prefix"",""index_contiguity"",""structural_similarity""]","{""index_contiguity_score"":1.0,""name_prefix"":""a"",""name_prefix_score"":1.0,""structural_similarity_score"":0.0}",0,a,exact,1,semantic_bus_hypothesis_v1
boolean_bitwise_or_w2__resyn__whole_output_cone__inf__output__y,boolean_bitwise_or_w2__resyn__whole_output_cone,inferred_bus_mode,false,true,output,output,"[""y_0"",""y_1""]","[""y_0"",""y_1""]",2,lsb_to_msb,unknown,0.700000,1.000000,1.000000,"[""name_prefix"",""index_contiguity"",""structural_similarity""]","{""index_contiguity_score"":1.0,""name_prefix"":""y"",""name_prefix_score"":1.0,""structural_similarity_score"":0.0}",0,y,exact,1,semantic_bus_hypothesis_v1
boolean_bitwise_or_w2__resyn2__whole_output_cone__inf__input__a,boolean_bitwise_or_w2__resyn2__whole_output_cone,inferred_bus_mode,false,true,input,data_operand,"[""a_0"",""a_1""]","[""a_0"",""a_1""]",2,lsb_to_msb,unknown,0.700000,1.000000,0.800000,"[""name_prefix"",""index_contiguity"",""structural_similarity""]","{""index_contiguity_score"":1.0,""name_prefix"":""a"",""name_prefix_score"":1.0,""structural_similarity_score"":0.0}",0,a,exact,1,semantic_bus_hypothesis_v1
boolean_bitwise_or_w2__resyn2__whole_output_cone__inf__output__y,boolean_bitwise_or_w2__resyn2__whole_output_cone,inferred_bus_mode,false,true,output,output,"[""y_0"",""y_1""]","[""y_0"",""y_1""]",2,lsb_to_msb,unknown,0.700000,1.000000,1.000000,"[""name_prefix"",""index_contiguity"",""structural_similarity""]","{""index_contiguity_score"":1.0,""name_prefix"":""y"",""name_prefix_score"":1.0,""structural_similarity_score"":0.0}",0,y,exact,1,semantic_bus_hypothesis_v1
boolean_bitwise_or_w2__rewrite__whole_output_cone__inf__input__a,boolean_bitwise_or_w2__rewrite__whole_output_cone,inferred_bus_mode,false,true,input,data_operand,"[""a_0"",""a_1""]","[""a_0"",""a_1""]",2,lsb_to_msb,unknown,0.700000,1.000000,0.800000,"[""name_prefix"",""index_contiguity"",""structural_similarity""]","{""index_contiguity_score"":1.0,""name_prefix"":""a"",""name_prefix_score"":1.0,""structural_similarity_score"":0.0}",0,a,exact,1,semantic_bus_hypothesis_v1
boolean_bitwise_or_w2__rewrite__whole_output_cone__inf__output__y,boolean_bitwise_or_w2__rewrite__whole_output_cone,inferred_bus_mode,false,true,output,output,"[""y_0"",""y_1""]","[""y_0"",""y_1""]",2,lsb_to_msb,unknown,0.700000,1.000000,1.000000,"[""name_prefix"",""index_contiguity"",""structural_similarity""]","{""index_contiguity_score"":1.0,""name_prefix"":""y"",""name_prefix_score"":1.0,""structural_similarity_score"":0.0}",0,y,exact,1,semantic_bus_hypothesis_v1
boolean_bitwise_or_w3__identity__ground_truth_region__inf__input__a,boolean_bitwise_or_w3__identity__ground_truth_region,inferred_bus_mode,false,true,input,data_operand,"[""a_0"",""a_1"",""a_2""]","[""a_0"",""a_1"",""a_2""]",3,lsb_to_msb,unknown,0.880000,1.000000,0.800000,"[""name_prefix"",""index_contiguity"",""structural_similarity""]","{""index_contiguity_score"":1.0,""name_prefix"":""a"",""name_prefix_score"":1.0,""structural_similarity_score"":0.6}",0,a,exact,1,semantic_bus_hypothesis_v1
boolean_bitwise_or_w3__identity__ground_truth_region__inf__output__y,boolean_bitwise_or_w3__identity__ground_truth_region,inferred_bus_mode,false,true,output,output,"[""y_0"",""y_1"",""y_2""]","[""y_0"",""y_1"",""y_2""]",3,lsb_to_msb,unknown,0.925000,1.000000,1.000000,"[""name_prefix"",""index_contiguity"",""structural_similarity""]","{""index_contiguity_score"":1.0,""name_prefix"":""y"",""name_prefix_score"":1.0,""structural_similarity_score"":0.75}",0,y,exact,1,semantic_bus_hypothesis_v1
boolean_bitwise_or_w3__identity__whole_output_cone__inf__input__a,boolean_bitwise_or_w3__identity__whole_output_cone,inferred_bus_mode,false,true,input,data_operand,"[""a_0"",""a_1"",""a_2""]","[""a_0"",""a_1"",""a_2""]",3,lsb_to_msb,unknown,0.880000,1.000000,0.800000,"[""name_prefix"",""index_contiguity"",""structural_similarity""]","{""index_contiguity_score"":1.0,""name_prefix"":""a"",""name_prefix_score"":1.0,""structural_similarity_score"":0.6}",0,a,exact,1,semantic_bus_hypothesis_v1
boolean_bitwise_or_w3__identity__whole_output_cone__inf__output__y,boolean_bitwise_or_w3__identity__whole_output_cone,inferred_bus_mode,false,true,output,output,"[""y_0"",""y_1"",""y_2""]","[""y_0"",""y_1"",""y_2""]",3,lsb_to_msb,unknown,0.925000,1.000000,1.000000,"[""name_prefix"",""index_contiguity"",""structural_similarity""]","{""index_contiguity_score"":1.0,""name_prefix"":""y"",""name_prefix_score"":1.0,""structural_similarity_score"":0.75}",0,y,exact,1,semantic_bus_hypothesis_v1
boolean_bitwise_or_w4__identity__ground_truth_region__inf__input__a,boolean_bitwise_or_w4__identity__ground_truth_region,inferred_bus_mode,false,true,input,data_operand,"[""a_0"",""a_1"",""a_2"",""a_3""]","[""a_0"",""a_1"",""a_2"",""a_3""]",4,lsb_to_msb,unknown,0.900000,1.000000,0.800000,"[""name_prefix"",""index_contiguity"",""structural_similarity""]","{""index_contiguity_score"":1.0,""name_prefix"":""a"",""name_prefix_score"":1.0,""structural_similarity_score"":0.666667}",0,a,exact,1,semantic_bus_hypothesis_v1
boolean_bitwise_or_w4__identity__ground_truth_region__inf__output__y,boolean_bitwise_or_w4__identity__ground_truth_region,inferred_bus_mode,false,true,output,output,"[""y_0"",""y_1"",""y_2"",""y_3""]","[""y_0"",""y_1"",""y_2"",""y_3""]",4,lsb_to_msb,unknown,0.940000,1.000000,1.000000,"[""name_prefix"",""index_contiguity"",""structural_similarity""]","{""index_contiguity_score"":1.0,""name_prefix"":""y"",""name_prefix_score"":1.0,""structural_similarity_score"":0.8}",0,y,exact,1,semantic_bus_hypothesis_v1
boolean_bitwise_or_w4__identity__whole_output_cone__inf__input__a,boolean_bitwise_or_w4__identity__whole_output_cone,inferred_bus_mode,false,true,input,data_operand,"[""a_0"",""a_1"",""a_2"",""a_3""]","[""a_0"",""a_1"",""a_2"",""a_3""]",4,lsb_to_msb,unknown,0.900000,1.000000,0.800000,"[""name_prefix"",""index_contiguity"",""structural_similarity""]","{""index_contiguity_score"":1.0,""name_prefix"":""a"",""name_prefix_score"":1.0,""structural_similarity_score"":0.666667}",0,a,exact,1,semantic_bus_hypothesis_v1
boolean_bitwise_or_w4__identity__whole_output_cone__inf__output__y,boolean_bitwise_or_w4__identity__whole_output_cone,inferred_bus_mode,false,true,output,output,"[""y_0"",""y_1"",""y_2"",""y_3""]","[""y_0"",""y_1"",""y_2"",""y_3""]",4,lsb_to_msb,unknown,0.940000,1.000000,1.000000,"[""name_prefix"",""index_contiguity"",""structural_similarity""]","{""index_contiguity_score"":1.0,""name_prefix"":""y"",""name_prefix_score"":1.0,""structural_similarity_score"":0.8}",0,y,exact,1,semantic_bus_hypothesis_v1
boolean_bitwise_xnor_w2__balance__whole_output_cone__inf__input__a,boolean_bitwise_xnor_w2__balance__whole_output_cone,inferred_bus_mode,false,true,input,data_operand,"[""a_0"",""a_1""]","[""a_0"",""a_1""]",2,lsb_to_msb,unknown,0.700000,1.000000,0.800000,"[""name_prefix"",""index_contiguity"",""structural_similarity""]","{""index_contiguity_score"":1.0,""name_prefix"":""a"",""name_prefix_score"":1.0,""structural_similarity_score"":0.0}",0,a,exact,1,semantic_bus_hypothesis_v1
boolean_bitwise_xnor_w2__balance__whole_output_cone__inf__output__y,boolean_bitwise_xnor_w2__balance__whole_output_cone,inferred_bus_mode,false,true,output,output,"[""y_0"",""y_1""]","[""y_0"",""y_1""]",2,lsb_to_msb,unknown,0.700000,1.000000,1.000000,"[""name_prefix"",""index_contiguity"",""structural_similarity""]","{""index_contiguity_score"":1.0,""name_prefix"":""y"",""name_prefix_score"":1.0,""structural_similarity_score"":0.0}",0,y,exact,1,semantic_bus_hypothesis_v1
boolean_bitwise_xnor_w2__compress2rs__whole_output_cone__inf__input__a,boolean_bitwise_xnor_w2__compress2rs__whole_output_cone,inferred_bus_mode,false,true,input,data_operand,"[""a_0"",""a_1""]","[""a_0"",""a_1""]",2,lsb_to_msb,unknown,0.700000,1.000000,0.800000,"[""name_prefix"",""index_contiguity"",""structural_similarity""]","{""index_contiguity_score"":1.0,""name_prefix"":""a"",""name_prefix_score"":1.0,""structural_similarity_score"":0.0}",0,a,exact,1,semantic_bus_hypothesis_v1
boolean_bitwise_xnor_w2__compress2rs__whole_output_cone__inf__output__y,boolean_bitwise_xnor_w2__compress2rs__whole_output_cone,inferred_bus_mode,false,true,output,output,"[""y_0"",""y_1""]","[""y_0"",""y_1""]",2,lsb_to_msb,unknown,0.700000,1.000000,1.000000,"[""name_prefix"",""index_contiguity"",""structural_similarity""]","{""index_contiguity_score"":1.0,""name_prefix"":""y"",""name_prefix_score"":1.0,""structural_similarity_score"":0.0}",0,y,exact,1,semantic_bus_hypothesis_v1
boolean_bitwise_xnor_w2__dc2__whole_output_cone__inf__input__a,boolean_bitwise_xnor_w2__dc2__whole_output_cone,inferred_bus_mode,false,true,input,data_operand,"[""a_0"",""a_1""]","[""a_0"",""a_1""]",2,lsb_to_msb,unknown,0.700000,1.000000,0.800000,"[""name_prefix"",""index_contiguity"",""structural_similarity""]","{""index_contiguity_score"":1.0,""name_prefix"":""a"",""name_prefix_score"":1.0,""structural_similarity_score"":0.0}",0,a,exact,1,semantic_bus_hypothesis_v1
boolean_bitwise_xnor_w2__dc2__whole_output_cone__inf__output__y,boolean_bitwise_xnor_w2__dc2__whole_output_cone,inferred_bus_mode,false,true,output,output,"[""y_0"",""y_1""]","[""y_0"",""y_1""]",2,lsb_to_msb,unknown,0.700000,1.000000,1.000000,"[""name_prefix"",""index_contiguity"",""structural_similarity""]","{""index_contiguity_score"":1.0,""name_prefix"":""y"",""name_prefix_score"":1.0,""structural_similarity_score"":0.0}",0,y,exact,1,semantic_bus_hypothesis_v1
boolean_bitwise_xnor_w2__identity__ground_truth_region__inf__input__a,boolean_bitwise_xnor_w2__identity__ground_truth_region,inferred_bus_mode,false,true,input,data_operand,"[""a_0"",""a_1""]","[""a_0"",""a_1""]",2,lsb_to_msb,unknown,0.850000,1.000000,0.800000,"[""name_prefix"",""index_contiguity"",""structural_similarity""]","{""index_contiguity_score"":1.0,""name_prefix"":""a"",""name_prefix_score"":1.0,""structural_similarity_score"":0.5}",0,a,exact,1,semantic_bus_hypothesis_v1
boolean_bitwise_xnor_w2__identity__ground_truth_region__inf__output__y,boolean_bitwise_xnor_w2__identity__ground_truth_region,inferred_bus_mode,false,true,output,output,"[""y_0"",""y_1""]","[""y_0"",""y_1""]",2,lsb_to_msb,unknown,0.900000,1.000000,1.000000,"[""name_prefix"",""index_contiguity"",""structural_similarity""]","{""index_contiguity_score"":1.0,""name_prefix"":""y"",""name_prefix_score"":1.0,""structural_similarity_score"":0.666667}",0,y,exact,1,semantic_bus_hypothesis_v1
boolean_bitwise_xnor_w2__identity__whole_output_cone__inf__input__a,boolean_bitwise_xnor_w2__identity__whole_output_cone,inferred_bus_mode,false,true,input,data_operand,"[""a_0"",""a_1""]","[""a_0"",""a_1""]",2,lsb_to_msb,unknown,0.850000,1.000000,0.800000,"[""name_prefix"",""index_contiguity"",""structural_similarity""]","{""index_contiguity_score"":1.0,""name_prefix"":""a"",""name_prefix_score"":1.0,""structural_similarity_score"":0.5}",0,a,exact,1,semantic_bus_hypothesis_v1
boolean_bitwise_xnor_w2__identity__whole_output_cone__inf__output__y,boolean_bitwise_xnor_w2__identity__whole_output_cone,inferred_bus_mode,false,true,output,output,"[""y_0"",""y_1""]","[""y_0"",""y_1""]",2,lsb_to_msb,unknown,0.900000,1.000000,1.000000,"[""name_prefix"",""index_contiguity"",""structural_similarity""]","{""index_contiguity_score"":1.0,""name_prefix"":""y"",""name_prefix_score"":1.0,""structural_similarity_score"":0.666667}",0,y,exact,1,semantic_bus_hypothesis_v1
boolean_bitwise_xnor_w2__refactor__whole_output_cone__inf__input__a,boolean_bitwise_xnor_w2__refactor__whole_output_cone,inferred_bus_mode,false,true,input,data_operand,"[""a_0"",""a_1""]","[""a_0"",""a_1""]",2,lsb_to_msb,unknown,0.700000,1.000000,0.800000,"[""name_prefix"",""index_contiguity"",""structural_similarity""]","{""index_contiguity_score"":1.0,""name_prefix"":""a"",""name_prefix_score"":1.0,""structural_similarity_score"":0.0}",0,a,exact,1,semantic_bus_hypothesis_v1
boolean_bitwise_xnor_w2__refactor__whole_output_cone__inf__output__y,boolean_bitwise_xnor_w2__refactor__whole_output_cone,inferred_bus_mode,false,true,output,output,"[""y_0"",""y_1""]","[""y_0"",""y_1""]",2,lsb_to_msb,unknown,0.700000,1.000000,1.000000,"[""name_prefix"",""index_contiguity"",""structural_similarity""]","{""index_contiguity_score"":1.0,""name_prefix"":""y"",""name_prefix_score"":1.0,""structural_similarity_score"":0.0}",0,y,exact,1,semantic_bus_hypothesis_v1
boolean_bitwise_xnor_w2__resub__whole_output_cone__inf__input__a,boolean_bitwise_xnor_w2__resub__whole_output_cone,inferred_bus_mode,false,true,input,data_operand,"[""a_0"",""a_1""]","[""a_0"",""a_1""]",2,lsb_to_msb,unknown,0.700000,1.000000,0.800000,"[""name_prefix"",""index_contiguity"",""structural_similarity""]","{""index_contiguity_score"":1.0,""name_prefix"":""a"",""name_prefix_score"":1.0,""structural_similarity_score"":0.0}",0,a,exact,1,semantic_bus_hypothesis_v1
boolean_bitwise_xnor_w2__resub__whole_output_cone__inf__output__y,boolean_bitwise_xnor_w2__resub__whole_output_cone,inferred_bus_mode,false,true,output,output,"[""y_0"",""y_1""]","[""y_0"",""y_1""]",2,lsb_to_msb,unknown,0.700000,1.000000,1.000000,"[""name_prefix"",""index_contiguity"",""structural_similarity""]","{""index_contiguity_score"":1.0,""name_prefix"":""y"",""name_prefix_score"":1.0,""structural_similarity_score"":0.0}",0,y,exact,1,semantic_bus_hypothesis_v1
boolean_bitwise_xnor_w2__resyn__whole_output_cone__inf__input__a,boolean_bitwise_xnor_w2__resyn__whole_output_cone,inferred_bus_mode,false,true,input,data_operand,"[""a_0"",""a_1""]","[""a_0"",""a_1""]",2,lsb_to_msb,unknown,0.700000,1.000000,0.800000,"[""name_prefix"",""index_contiguity"",""structural_similarity""]","{""index_contiguity_score"":1.0,""name_prefix"":""a"",""name_prefix_score"":1.0,""structural_similarity_score"":0.0}",0,a,exact,1,semantic_bus_hypothesis_v1
boolean_bitwise_xnor_w2__resyn__whole_output_cone__inf__output__y,boolean_bitwise_xnor_w2__resyn__whole_output_cone,inferred_bus_mode,false,true,output,output,"[""y_0"",""y_1""]","[""y_0"",""y_1""]",2,lsb_to_msb,unknown,0.700000,1.000000,1.000000,"[""name_prefix"",""index_contiguity"",""structural_similarity""]","{""index_contiguity_score"":1.0,""name_prefix"":""y"",""name_prefix_score"":1.0,""structural_similarity_score"":0.0}",0,y,exact,1,semantic_bus_hypothesis_v1
boolean_bitwise_xnor_w2__resyn2__whole_output_cone__inf__input__a,boolean_bitwise_xnor_w2__resyn2__whole_output_cone,inferred_bus_mode,false,true,input,data_operand,"[""a_0"",""a_1""]","[""a_0"",""a_1""]",2,lsb_to_msb,unknown,0.700000,1.000000,0.800000,"[""name_prefix"",""index_contiguity"",""structural_similarity""]","{""index_contiguity_score"":1.0,""name_prefix"":""a"",""name_prefix_score"":1.0,""structural_similarity_score"":0.0}",0,a,exact,1,semantic_bus_hypothesis_v1
boolean_bitwise_xnor_w2__resyn2__whole_output_cone__inf__output__y,boolean_bitwise_xnor_w2__resyn2__whole_output_cone,inferred_bus_mode,false,true,output,output,"[""y_0"",""y_1""]","[""y_0"",""y_1""]",2,lsb_to_msb,unknown,0.700000,1.000000,1.000000,"[""name_prefix"",""index_contiguity"",""structural_similarity""]","{""index_contiguity_score"":1.0,""name_prefix"":""y"",""name_prefix_score"":1.0,""structural_similarity_score"":0.0}",0,y,exact,1,semantic_bus_hypothesis_v1
boolean_bitwise_xnor_w2__rewrite__whole_output_cone__inf__input__a,boolean_bitwise_xnor_w2__rewrite__whole_output_cone,inferred_bus_mode,false,true,input,data_operand,"[""a_0"",""a_1""]","[""a_0"",""a_1""]",2,lsb_to_msb,unknown,0.700000,1.000000,0.800000,"[""name_prefix"",""index_contiguity"",""structural_similarity""]","{""index_contiguity_score"":1.0,""name_prefix"":""a"",""name_prefix_score"":1.0,""structural_similarity_score"":0.0}",0,a,exact,1,semantic_bus_hypothesis_v1
boolean_bitwise_xnor_w2__rewrite__whole_output_cone__inf__output__y,boolean_bitwise_xnor_w2__rewrite__whole_output_cone,inferred_bus_mode,false,true,output,output,"[""y_0"",""y_1""]","[""y_0"",""y_1""]",2,lsb_to_msb,unknown,0.700000,1.000000,1.000000,"[""name_prefix"",""index_contiguity"",""structural_similarity""]","{""index_contiguity_score"":1.0,""name_prefix"":""y"",""name_prefix_score"":1.0,""structural_similarity_score"":0.0}",0,y,exact,1,semantic_bus_hypothesis_v1
boolean_bitwise_xnor_w3__identity__ground_truth_region__inf__input__a,boolean_bitwise_xnor_w3__identity__ground_truth_region,inferred_bus_mode,false,true,input,data_operand,"[""a_0"",""a_1"",""a_2""]","[""a_0"",""a_1"",""a_2""]",3,lsb_to_msb,unknown,0.880000,1.000000,0.800000,"[""name_prefix"",""index_contiguity"",""structural_similarity""]","{""index_contiguity_score"":1.0,""name_prefix"":""a"",""name_prefix_score"":1.0,""structural_similarity_score"":0.6}",0,a,exact,1,semantic_bus_hypothesis_v1
boolean_bitwise_xnor_w3__identity__ground_truth_region__inf__output__y,boolean_bitwise_xnor_w3__identity__ground_truth_region,inferred_bus_mode,false,true,output,output,"[""y_0"",""y_1"",""y_2""]","[""y_0"",""y_1"",""y_2""]",3,lsb_to_msb,unknown,0.925000,1.000000,1.000000,"[""name_prefix"",""index_contiguity"",""structural_similarity""]","{""index_contiguity_score"":1.0,""name_prefix"":""y"",""name_prefix_score"":1.0,""structural_similarity_score"":0.75}",0,y,exact,1,semantic_bus_hypothesis_v1
boolean_bitwise_xnor_w3__identity__whole_output_cone__inf__input__a,boolean_bitwise_xnor_w3__identity__whole_output_cone,inferred_bus_mode,false,true,input,data_operand,"[""a_0"",""a_1"",""a_2""]","[""a_0"",""a_1"",""a_2""]",3,lsb_to_msb,unknown,0.880000,1.000000,0.800000,"[""name_prefix"",""index_contiguity"",""structural_similarity""]","{""index_contiguity_score"":1.0,""name_prefix"":""a"",""name_prefix_score"":1.0,""structural_similarity_score"":0.6}",0,a,exact,1,semantic_bus_hypothesis_v1
boolean_bitwise_xnor_w3__identity__whole_output_cone__inf__output__y,boolean_bitwise_xnor_w3__identity__whole_output_cone,inferred_bus_mode,false,true,output,output,"[""y_0"",""y_1"",""y_2""]","[""y_0"",""y_1"",""y_2""]",3,lsb_to_msb,unknown,0.925000,1.000000,1.000000,"[""name_prefix"",""index_contiguity"",""structural_similarity""]","{""index_contiguity_score"":1.0,""name_prefix"":""y"",""name_prefix_score"":1.0,""structural_similarity_score"":0.75}",0,y,exact,1,semantic_bus_hypothesis_v1
boolean_bitwise_xnor_w4__identity__ground_truth_region__inf__input__a,boolean_bitwise_xnor_w4__identity__ground_truth_region,inferred_bus_mode,false,true,input,data_operand,"[""a_0"",""a_1"",""a_2"",""a_3""]","[""a_0"",""a_1"",""a_2"",""a_3""]",4,lsb_to_msb,unknown,0.900000,1.000000,0.800000,"[""name_prefix"",""index_contiguity"",""structural_similarity""]","{""index_contiguity_score"":1.0,""name_prefix"":""a"",""name_prefix_score"":1.0,""structural_similarity_score"":0.666667}",0,a,exact,1,semantic_bus_hypothesis_v1
boolean_bitwise_xnor_w4__identity__ground_truth_region__inf__output__y,boolean_bitwise_xnor_w4__identity__ground_truth_region,inferred_bus_mode,false,true,output,output,"[""y_0"",""y_1"",""y_2"",""y_3""]","[""y_0"",""y_1"",""y_2"",""y_3""]",4,lsb_to_msb,unknown,0.940000,1.000000,1.000000,"[""name_prefix"",""index_contiguity"",""structural_similarity""]","{""index_contiguity_score"":1.0,""name_prefix"":""y"",""name_prefix_score"":1.0,""structural_similarity_score"":0.8}",0,y,exact,1,semantic_bus_hypothesis_v1
boolean_bitwise_xnor_w4__identity__whole_output_cone__inf__input__a,boolean_bitwise_xnor_w4__identity__whole_output_cone,inferred_bus_mode,false,true,input,data_operand,"[""a_0"",""a_1"",""a_2"",""a_3""]","[""a_0"",""a_1"",""a_2"",""a_3""]",4,lsb_to_msb,unknown,0.900000,1.000000,0.800000,"[""name_prefix"",""index_contiguity"",""structural_similarity""]","{""index_contiguity_score"":1.0,""name_prefix"":""a"",""name_prefix_score"":1.0,""structural_similarity_score"":0.666667}",0,a,exact,1,semantic_bus_hypothesis_v1
boolean_bitwise_xnor_w4__identity__whole_output_cone__inf__output__y,boolean_bitwise_xnor_w4__identity__whole_output_cone,inferred_bus_mode,false,true,output,output,"[""y_0"",""y_1"",""y_2"",""y_3""]","[""y_0"",""y_1"",""y_2"",""y_3""]",4,lsb_to_msb,unknown,0.940000,1.000000,1.000000,"[""name_prefix"",""index_contiguity"",""structural_similarity""]","{""index_contiguity_score"":1.0,""name_prefix"":""y"",""name_prefix_score"":1.0,""structural_similarity_score"":0.8}",0,y,exact,1,semantic_bus_hypothesis_v1
boolean_bitwise_xor_w2__balance__whole_output_cone__inf__input__a,boolean_bitwise_xor_w2__balance__whole_output_cone,inferred_bus_mode,false,true,input,data_operand,"[""a_0"",""a_1""]","[""a_0"",""a_1""]",2,lsb_to_msb,unknown,0.700000,1.000000,0.800000,"[""name_prefix"",""index_contiguity"",""structural_similarity""]","{""index_contiguity_score"":1.0,""name_prefix"":""a"",""name_prefix_score"":1.0,""structural_similarity_score"":0.0}",0,a,exact,1,semantic_bus_hypothesis_v1
boolean_bitwise_xor_w2__balance__whole_output_cone__inf__output__y,boolean_bitwise_xor_w2__balance__whole_output_cone,inferred_bus_mode,false,true,output,output,"[""y_0"",""y_1""]","[""y_0"",""y_1""]",2,lsb_to_msb,unknown,0.700000,1.000000,1.000000,"[""name_prefix"",""index_contiguity"",""structural_similarity""]","{""index_contiguity_score"":1.0,""name_prefix"":""y"",""name_prefix_score"":1.0,""structural_similarity_score"":0.0}",0,y,exact,1,semantic_bus_hypothesis_v1
boolean_bitwise_xor_w2__compress2rs__whole_output_cone__inf__input__a,boolean_bitwise_xor_w2__compress2rs__whole_output_cone,inferred_bus_mode,false,true,input,data_operand,"[""a_0"",""a_1""]","[""a_0"",""a_1""]",2,lsb_to_msb,unknown,0.700000,1.000000,0.800000,"[""name_prefix"",""index_contiguity"",""structural_similarity""]","{""index_contiguity_score"":1.0,""name_prefix"":""a"",""name_prefix_score"":1.0,""structural_similarity_score"":0.0}",0,a,exact,1,semantic_bus_hypothesis_v1
boolean_bitwise_xor_w2__compress2rs__whole_output_cone__inf__output__y,boolean_bitwise_xor_w2__compress2rs__whole_output_cone,inferred_bus_mode,false,true,output,output,"[""y_0"",""y_1""]","[""y_0"",""y_1""]",2,lsb_to_msb,unknown,0.700000,1.000000,1.000000,"[""name_prefix"",""index_contiguity"",""structural_similarity""]","{""index_contiguity_score"":1.0,""name_prefix"":""y"",""name_prefix_score"":1.0,""structural_similarity_score"":0.0}",0,y,exact,1,semantic_bus_hypothesis_v1
boolean_bitwise_xor_w2__dc2__whole_output_cone__inf__input__a,boolean_bitwise_xor_w2__dc2__whole_output_cone,inferred_bus_mode,false,true,input,data_operand,"[""a_0"",""a_1""]","[""a_0"",""a_1""]",2,lsb_to_msb,unknown,0.700000,1.000000,0.800000,"[""name_prefix"",""index_contiguity"",""structural_similarity""]","{""index_contiguity_score"":1.0,""name_prefix"":""a"",""name_prefix_score"":1.0,""structural_similarity_score"":0.0}",0,a,exact,1,semantic_bus_hypothesis_v1
boolean_bitwise_xor_w2__dc2__whole_output_cone__inf__output__y,boolean_bitwise_xor_w2__dc2__whole_output_cone,inferred_bus_mode,false,true,output,output,"[""y_0"",""y_1""]","[""y_0"",""y_1""]",2,lsb_to_msb,unknown,0.700000,1.000000,1.000000,"[""name_prefix"",""index_contiguity"",""structural_similarity""]","{""index_contiguity_score"":1.0,""name_prefix"":""y"",""name_prefix_score"":1.0,""structural_similarity_score"":0.0}",0,y,exact,1,semantic_bus_hypothesis_v1
boolean_bitwise_xor_w2__identity__ground_truth_region__inf__input__a,boolean_bitwise_xor_w2__identity__ground_truth_region,inferred_bus_mode,false,true,input,data_operand,"[""a_0"",""a_1""]","[""a_0"",""a_1""]",2,lsb_to_msb,unknown,0.850000,1.000000,0.800000,"[""name_prefix"",""index_contiguity"",""structural_similarity""]","{""index_contiguity_score"":1.0,""name_prefix"":""a"",""name_prefix_score"":1.0,""structural_similarity_score"":0.5}",0,a,exact,1,semantic_bus_hypothesis_v1
boolean_bitwise_xor_w2__identity__ground_truth_region__inf__output__y,boolean_bitwise_xor_w2__identity__ground_truth_region,inferred_bus_mode,false,true,output,output,"[""y_0"",""y_1""]","[""y_0"",""y_1""]",2,lsb_to_msb,unknown,0.900000,1.000000,1.000000,"[""name_prefix"",""index_contiguity"",""structural_similarity""]","{""index_contiguity_score"":1.0,""name_prefix"":""y"",""name_prefix_score"":1.0,""structural_similarity_score"":0.666667}",0,y,exact,1,semantic_bus_hypothesis_v1
boolean_bitwise_xor_w2__identity__whole_output_cone__inf__input__a,boolean_bitwise_xor_w2__identity__whole_output_cone,inferred_bus_mode,false,true,input,data_operand,"[""a_0"",""a_1""]","[""a_0"",""a_1""]",2,lsb_to_msb,unknown,0.850000,1.000000,0.800000,"[""name_prefix"",""index_contiguity"",""structural_similarity""]","{""index_contiguity_score"":1.0,""name_prefix"":""a"",""name_prefix_score"":1.0,""structural_similarity_score"":0.5}",0,a,exact,1,semantic_bus_hypothesis_v1
boolean_bitwise_xor_w2__identity__whole_output_cone__inf__output__y,boolean_bitwise_xor_w2__identity__whole_output_cone,inferred_bus_mode,false,true,output,output,"[""y_0"",""y_1""]","[""y_0"",""y_1""]",2,lsb_to_msb,unknown,0.900000,1.000000,1.000000,"[""name_prefix"",""index_contiguity"",""structural_similarity""]","{""index_contiguity_score"":1.0,""name_prefix"":""y"",""name_prefix_score"":1.0,""structural_similarity_score"":0.666667}",0,y,exact,1,semantic_bus_hypothesis_v1
boolean_bitwise_xor_w2__refactor__whole_output_cone__inf__input__a,boolean_bitwise_xor_w2__refactor__whole_output_cone,inferred_bus_mode,false,true,input,data_operand,"[""a_0"",""a_1""]","[""a_0"",""a_1""]",2,lsb_to_msb,unknown,0.700000,1.000000,0.800000,"[""name_prefix"",""index_contiguity"",""structural_similarity""]","{""index_contiguity_score"":1.0,""name_prefix"":""a"",""name_prefix_score"":1.0,""structural_similarity_score"":0.0}",0,a,exact,1,semantic_bus_hypothesis_v1
boolean_bitwise_xor_w2__refactor__whole_output_cone__inf__output__y,boolean_bitwise_xor_w2__refactor__whole_output_cone,inferred_bus_mode,false,true,output,output,"[""y_0"",""y_1""]","[""y_0"",""y_1""]",2,lsb_to_msb,unknown,0.700000,1.000000,1.000000,"[""name_prefix"",""index_contiguity"",""structural_similarity""]","{""index_contiguity_score"":1.0,""name_prefix"":""y"",""name_prefix_score"":1.0,""structural_similarity_score"":0.0}",0,y,exact,1,semantic_bus_hypothesis_v1
boolean_bitwise_xor_w2__resub__whole_output_cone__inf__input__a,boolean_bitwise_xor_w2__resub__whole_output_cone,inferred_bus_mode,false,true,input,data_operand,"[""a_0"",""a_1""]","[""a_0"",""a_1""]",2,lsb_to_msb,unknown,0.700000,1.000000,0.800000,"[""name_prefix"",""index_contiguity"",""structural_similarity""]","{""index_contiguity_score"":1.0,""name_prefix"":""a"",""name_prefix_score"":1.0,""structural_similarity_score"":0.0}",0,a,exact,1,semantic_bus_hypothesis_v1
boolean_bitwise_xor_w2__resub__whole_output_cone__inf__output__y,boolean_bitwise_xor_w2__resub__whole_output_cone,inferred_bus_mode,false,true,output,output,"[""y_0"",""y_1""]","[""y_0"",""y_1""]",2,lsb_to_msb,unknown,0.700000,1.000000,1.000000,"[""name_prefix"",""index_contiguity"",""structural_similarity""]","{""index_contiguity_score"":1.0,""name_prefix"":""y"",""name_prefix_score"":1.0,""structural_similarity_score"":0.0}",0,y,exact,1,semantic_bus_hypothesis_v1
boolean_bitwise_xor_w2__resyn__whole_output_cone__inf__input__a,boolean_bitwise_xor_w2__resyn__whole_output_cone,inferred_bus_mode,false,true,input,data_operand,"[""a_0"",""a_1""]","[""a_0"",""a_1""]",2,lsb_to_msb,unknown,0.700000,1.000000,0.800000,"[""name_prefix"",""index_contiguity"",""structural_similarity""]","{""index_contiguity_score"":1.0,""name_prefix"":""a"",""name_prefix_score"":1.0,""structural_similarity_score"":0.0}",0,a,exact,1,semantic_bus_hypothesis_v1
boolean_bitwise_xor_w2__resyn__whole_output_cone__inf__output__y,boolean_bitwise_xor_w2__resyn__whole_output_cone,inferred_bus_mode,false,true,output,output,"[""y_0"",""y_1""]","[""y_0"",""y_1""]",2,lsb_to_msb,unknown,0.700000,1.000000,1.000000,"[""name_prefix"",""index_contiguity"",""structural_similarity""]","{""index_contiguity_score"":1.0,""name_prefix"":""y"",""name_prefix_score"":1.0,""structural_similarity_score"":0.0}",0,y,exact,1,semantic_bus_hypothesis_v1
boolean_bitwise_xor_w2__resyn2__whole_output_cone__inf__input__a,boolean_bitwise_xor_w2__resyn2__whole_output_cone,inferred_bus_mode,false,true,input,data_operand,"[""a_0"",""a_1""]","[""a_0"",""a_1""]",2,lsb_to_msb,unknown,0.700000,1.000000,0.800000,"[""name_prefix"",""index_contiguity"",""structural_similarity""]","{""index_contiguity_score"":1.0,""name_prefix"":""a"",""name_prefix_score"":1.0,""structural_similarity_score"":0.0}",0,a,exact,1,semantic_bus_hypothesis_v1
boolean_bitwise_xor_w2__resyn2__whole_output_cone__inf__output__y,boolean_bitwise_xor_w2__resyn2__whole_output_cone,inferred_bus_mode,false,true,output,output,"[""y_0"",""y_1""]","[""y_0"",""y_1""]",2,lsb_to_msb,unknown,0.700000,1.000000,1.000000,"[""name_prefix"",""index_contiguity"",""structural_similarity""]","{""index_contiguity_score"":1.0,""name_prefix"":""y"",""name_prefix_score"":1.0,""structural_similarity_score"":0.0}",0,y,exact,1,semantic_bus_hypothesis_v1
boolean_bitwise_xor_w2__rewrite__whole_output_cone__inf__input__a,boolean_bitwise_xor_w2__rewrite__whole_output_cone,inferred_bus_mode,false,true,input,data_operand,"[""a_0"",""a_1""]","[""a_0"",""a_1""]",2,lsb_to_msb,unknown,0.700000,1.000000,0.800000,"[""name_prefix"",""index_contiguity"",""structural_similarity""]","{""index_contiguity_score"":1.0,""name_prefix"":""a"",""name_prefix_score"":1.0,""structural_similarity_score"":0.0}",0,a,exact,1,semantic_bus_hypothesis_v1
boolean_bitwise_xor_w2__rewrite__whole_output_cone__inf__output__y,boolean_bitwise_xor_w2__rewrite__whole_output_cone,inferred_bus_mode,false,true,output,output,"[""y_0"",""y_1""]","[""y_0"",""y_1""]",2,lsb_to_msb,unknown,0.700000,1.000000,1.000000,"[""name_prefix"",""index_contiguity"",""structural_similarity""]","{""index_contiguity_score"":1.0,""name_prefix"":""y"",""name_prefix_score"":1.0,""structural_similarity_score"":0.0}",0,y,exact,1,semantic_bus_hypothesis_v1
boolean_bitwise_xor_w3__identity__ground_truth_region__inf__input__a,boolean_bitwise_xor_w3__identity__ground_truth_region,inferred_bus_mode,false,true,input,data_operand,"[""a_0"",""a_1"",""a_2""]","[""a_0"",""a_1"",""a_2""]",3,lsb_to_msb,unknown,0.880000,1.000000,0.800000,"[""name_prefix"",""index_contiguity"",""structural_similarity""]","{""index_contiguity_score"":1.0,""name_prefix"":""a"",""name_prefix_score"":1.0,""structural_similarity_score"":0.6}",0,a,exact,1,semantic_bus_hypothesis_v1
boolean_bitwise_xor_w3__identity__ground_truth_region__inf__output__y,boolean_bitwise_xor_w3__identity__ground_truth_region,inferred_bus_mode,false,true,output,output,"[""y_0"",""y_1"",""y_2""]","[""y_0"",""y_1"",""y_2""]",3,lsb_to_msb,unknown,0.925000,1.000000,1.000000,"[""name_prefix"",""index_contiguity"",""structural_similarity""]","{""index_contiguity_score"":1.0,""name_prefix"":""y"",""name_prefix_score"":1.0,""structural_similarity_score"":0.75}",0,y,exact,1,semantic_bus_hypothesis_v1
boolean_bitwise_xor_w3__identity__whole_output_cone__inf__input__a,boolean_bitwise_xor_w3__identity__whole_output_cone,inferred_bus_mode,false,true,input,data_operand,"[""a_0"",""a_1"",""a_2""]","[""a_0"",""a_1"",""a_2""]",3,lsb_to_msb,unknown,0.880000,1.000000,0.800000,"[""name_prefix"",""index_contiguity"",""structural_similarity""]","{""index_contiguity_score"":1.0,""name_prefix"":""a"",""name_prefix_score"":1.0,""structural_similarity_score"":0.6}",0,a,exact,1,semantic_bus_hypothesis_v1
boolean_bitwise_xor_w3__identity__whole_output_cone__inf__output__y,boolean_bitwise_xor_w3__identity__whole_output_cone,inferred_bus_mode,false,true,output,output,"[""y_0"",""y_1"",""y_2""]","[""y_0"",""y_1"",""y_2""]",3,lsb_to_msb,unknown,0.925000,1.000000,1.000000,"[""name_prefix"",""index_contiguity"",""structural_similarity""]","{""index_contiguity_score"":1.0,""name_prefix"":""y"",""name_prefix_score"":1.0,""structural_similarity_score"":0.75}",0,y,exact,1,semantic_bus_hypothesis_v1
boolean_bitwise_xor_w4__identity__ground_truth_region__inf__input__a,boolean_bitwise_xor_w4__identity__ground_truth_region,inferred_bus_mode,false,true,input,data_operand,"[""a_0"",""a_1"",""a_2"",""a_3""]","[""a_0"",""a_1"",""a_2"",""a_3""]",4,lsb_to_msb,unknown,0.900000,1.000000,0.800000,"[""name_prefix"",""index_contiguity"",""structural_similarity""]","{""index_contiguity_score"":1.0,""name_prefix"":""a"",""name_prefix_score"":1.0,""structural_similarity_score"":0.666667}",0,a,exact,1,semantic_bus_hypothesis_v1
boolean_bitwise_xor_w4__identity__ground_truth_region__inf__output__y,boolean_bitwise_xor_w4__identity__ground_truth_region,inferred_bus_mode,false,true,output,output,"[""y_0"",""y_1"",""y_2"",""y_3""]","[""y_0"",""y_1"",""y_2"",""y_3""]",4,lsb_to_msb,unknown,0.940000,1.000000,1.000000,"[""name_prefix"",""index_contiguity"",""structural_similarity""]","{""index_contiguity_score"":1.0,""name_prefix"":""y"",""name_prefix_score"":1.0,""structural_similarity_score"":0.8}",0,y,exact,1,semantic_bus_hypothesis_v1
boolean_bitwise_xor_w4__identity__whole_output_cone__inf__input__a,boolean_bitwise_xor_w4__identity__whole_output_cone,inferred_bus_mode,false,true,input,data_operand,"[""a_0"",""a_1"",""a_2"",""a_3""]","[""a_0"",""a_1"",""a_2"",""a_3""]",4,lsb_to_msb,unknown,0.900000,1.000000,0.800000,"[""name_prefix"",""index_contiguity"",""structural_similarity""]","{""index_contiguity_score"":1.0,""name_prefix"":""a"",""name_prefix_score"":1.0,""structural_similarity_score"":0.666667}",0,a,exact,1,semantic_bus_hypothesis_v1
boolean_bitwise_xor_w4__identity__whole_output_cone__inf__output__y,boolean_bitwise_xor_w4__identity__whole_output_cone,inferred_bus_mode,false,true,output,output,"[""y_0"",""y_1"",""y_2"",""y_3""]","[""y_0"",""y_1"",""y_2"",""y_3""]",4,lsb_to_msb,unknown,0.940000,1.000000,1.000000,"[""name_prefix"",""index_contiguity"",""structural_similarity""]","{""index_contiguity_score"":1.0,""name_prefix"":""y"",""name_prefix_score"":1.0,""structural_similarity_score"":0.8}",0,y,exact,1,semantic_bus_hypothesis_v1
boolean_masked_and_w2__balance__whole_output_cone__inf__input__mask,boolean_masked_and_w2__balance__whole_output_cone,inferred_bus_mode,false,true,input,control,"[""mask""]","[""mask""]",1,lsb_to_msb,unknown,0.865000,0.500000,0.550000,"[""name_prefix"",""index_contiguity"",""structural_similarity""]","{""index_contiguity_score"":1.0,""name_prefix"":""mask"",""name_prefix_score"":0.7,""structural_similarity_score"":1.0}",0,mask,exact,1,semantic_bus_hypothesis_v1
boolean_masked_and_w2__balance__whole_output_cone__inf__output__y,boolean_masked_and_w2__balance__whole_output_cone,inferred_bus_mode,false,true,output,output,"[""y_0"",""y_1""]","[""y_0"",""y_1""]",2,lsb_to_msb,unknown,0.760000,1.000000,1.000000,"[""name_prefix"",""index_contiguity"",""structural_similarity""]","{""index_contiguity_score"":1.0,""name_prefix"":""y"",""name_prefix_score"":1.0,""structural_similarity_score"":0.2}",0,y,exact,1,semantic_bus_hypothesis_v1
boolean_masked_and_w2__compress2rs__whole_output_cone__inf__input__mask,boolean_masked_and_w2__compress2rs__whole_output_cone,inferred_bus_mode,false,true,input,control,"[""mask""]","[""mask""]",1,lsb_to_msb,unknown,0.865000,0.500000,0.550000,"[""name_prefix"",""index_contiguity"",""structural_similarity""]","{""index_contiguity_score"":1.0,""name_prefix"":""mask"",""name_prefix_score"":0.7,""structural_similarity_score"":1.0}",0,mask,exact,1,semantic_bus_hypothesis_v1
boolean_masked_and_w2__compress2rs__whole_output_cone__inf__output__y,boolean_masked_and_w2__compress2rs__whole_output_cone,inferred_bus_mode,false,true,output,output,"[""y_0"",""y_1""]","[""y_0"",""y_1""]",2,lsb_to_msb,unknown,0.760000,1.000000,1.000000,"[""name_prefix"",""index_contiguity"",""structural_similarity""]","{""index_contiguity_score"":1.0,""name_prefix"":""y"",""name_prefix_score"":1.0,""structural_similarity_score"":0.2}",0,y,exact,1,semantic_bus_hypothesis_v1
boolean_masked_and_w2__dc2__whole_output_cone__inf__input__mask,boolean_masked_and_w2__dc2__whole_output_cone,inferred_bus_mode,false,true,input,control,"[""mask""]","[""mask""]",1,lsb_to_msb,unknown,0.865000,0.500000,0.550000,"[""name_prefix"",""index_contiguity"",""structural_similarity""]","{""index_contiguity_score"":1.0,""name_prefix"":""mask"",""name_prefix_score"":0.7,""structural_similarity_score"":1.0}",0,mask,exact,1,semantic_bus_hypothesis_v1
boolean_masked_and_w2__dc2__whole_output_cone__inf__output__y,boolean_masked_and_w2__dc2__whole_output_cone,inferred_bus_mode,false,true,output,output,"[""y_0"",""y_1""]","[""y_0"",""y_1""]",2,lsb_to_msb,unknown,0.760000,1.000000,1.000000,"[""name_prefix"",""index_contiguity"",""structural_similarity""]","{""index_contiguity_score"":1.0,""name_prefix"":""y"",""name_prefix_score"":1.0,""structural_similarity_score"":0.2}",0,y,exact,1,semantic_bus_hypothesis_v1
boolean_masked_and_w2__identity__ground_truth_region__inf__input__mask,boolean_masked_and_w2__identity__ground_truth_region,inferred_bus_mode,false,true,input,control,"[""mask""]","[""mask""]",1,lsb_to_msb,unknown,0.865000,0.500000,0.550000,"[""name_prefix"",""index_contiguity"",""structural_similarity""]","{""index_contiguity_score"":1.0,""name_prefix"":""mask"",""name_prefix_score"":0.7,""structural_similarity_score"":1.0}",0,mask,exact,1,semantic_bus_hypothesis_v1
boolean_masked_and_w2__identity__ground_truth_region__inf__output__y,boolean_masked_and_w2__identity__ground_truth_region,inferred_bus_mode,false,true,output,output,"[""y_0"",""y_1""]","[""y_0"",""y_1""]",2,lsb_to_msb,unknown,0.880000,1.000000,1.000000,"[""name_prefix"",""index_contiguity"",""structural_similarity""]","{""index_contiguity_score"":1.0,""name_prefix"":""y"",""name_prefix_score"":1.0,""structural_similarity_score"":0.6}",0,y,exact,1,semantic_bus_hypothesis_v1
boolean_masked_and_w2__identity__whole_output_cone__inf__input__mask,boolean_masked_and_w2__identity__whole_output_cone,inferred_bus_mode,false,true,input,control,"[""mask""]","[""mask""]",1,lsb_to_msb,unknown,0.865000,0.500000,0.550000,"[""name_prefix"",""index_contiguity"",""structural_similarity""]","{""index_contiguity_score"":1.0,""name_prefix"":""mask"",""name_prefix_score"":0.7,""structural_similarity_score"":1.0}",0,mask,exact,1,semantic_bus_hypothesis_v1
boolean_masked_and_w2__identity__whole_output_cone__inf__output__y,boolean_masked_and_w2__identity__whole_output_cone,inferred_bus_mode,false,true,output,output,"[""y_0"",""y_1""]","[""y_0"",""y_1""]",2,lsb_to_msb,unknown,0.880000,1.000000,1.000000,"[""name_prefix"",""index_contiguity"",""structural_similarity""]","{""index_contiguity_score"":1.0,""name_prefix"":""y"",""name_prefix_score"":1.0,""structural_similarity_score"":0.6}",0,y,exact,1,semantic_bus_hypothesis_v1
boolean_masked_and_w2__refactor__whole_output_cone__inf__input__mask,boolean_masked_and_w2__refactor__whole_output_cone,inferred_bus_mode,false,true,input,control,"[""mask""]","[""mask""]",1,lsb_to_msb,unknown,0.865000,0.500000,0.550000,"[""name_prefix"",""index_contiguity"",""structural_similarity""]","{""index_contiguity_score"":1.0,""name_prefix"":""mask"",""name_prefix_score"":0.7,""structural_similarity_score"":1.0}",0,mask,exact,1,semantic_bus_hypothesis_v1
boolean_masked_and_w2__refactor__whole_output_cone__inf__output__y,boolean_masked_and_w2__refactor__whole_output_cone,inferred_bus_mode,false,true,output,output,"[""y_0"",""y_1""]","[""y_0"",""y_1""]",2,lsb_to_msb,unknown,0.760000,1.000000,1.000000,"[""name_prefix"",""index_contiguity"",""structural_similarity""]","{""index_contiguity_score"":1.0,""name_prefix"":""y"",""name_prefix_score"":1.0,""structural_similarity_score"":0.2}",0,y,exact,1,semantic_bus_hypothesis_v1
boolean_masked_and_w2__resub__whole_output_cone__inf__input__mask,boolean_masked_and_w2__resub__whole_output_cone,inferred_bus_mode,false,true,input,control,"[""mask""]","[""mask""]",1,lsb_to_msb,unknown,0.865000,0.500000,0.550000,"[""name_prefix"",""index_contiguity"",""structural_similarity""]","{""index_contiguity_score"":1.0,""name_prefix"":""mask"",""name_prefix_score"":0.7,""structural_similarity_score"":1.0}",0,mask,exact,1,semantic_bus_hypothesis_v1
boolean_masked_and_w2__resub__whole_output_cone__inf__output__y,boolean_masked_and_w2__resub__whole_output_cone,inferred_bus_mode,false,true,output,output,"[""y_0"",""y_1""]","[""y_0"",""y_1""]",2,lsb_to_msb,unknown,0.760000,1.000000,1.000000,"[""name_prefix"",""index_contiguity"",""structural_similarity""]","{""index_contiguity_score"":1.0,""name_prefix"":""y"",""name_prefix_score"":1.0,""structural_similarity_score"":0.2}",0,y,exact,1,semantic_bus_hypothesis_v1
boolean_masked_and_w2__resyn__whole_output_cone__inf__input__mask,boolean_masked_and_w2__resyn__whole_output_cone,inferred_bus_mode,false,true,input,control,"[""mask""]","[""mask""]",1,lsb_to_msb,unknown,0.865000,0.500000,0.550000,"[""name_prefix"",""index_contiguity"",""structural_similarity""]","{""index_contiguity_score"":1.0,""name_prefix"":""mask"",""name_prefix_score"":0.7,""structural_similarity_score"":1.0}",0,mask,exact,1,semantic_bus_hypothesis_v1
boolean_masked_and_w2__resyn__whole_output_cone__inf__output__y,boolean_masked_and_w2__resyn__whole_output_cone,inferred_bus_mode,false,true,output,output,"[""y_0"",""y_1""]","[""y_0"",""y_1""]",2,lsb_to_msb,unknown,0.760000,1.000000,1.000000,"[""name_prefix"",""index_contiguity"",""structural_similarity""]","{""index_contiguity_score"":1.0,""name_prefix"":""y"",""name_prefix_score"":1.0,""structural_similarity_score"":0.2}",0,y,exact,1,semantic_bus_hypothesis_v1
boolean_masked_and_w2__resyn2__whole_output_cone__inf__input__mask,boolean_masked_and_w2__resyn2__whole_output_cone,inferred_bus_mode,false,true,input,control,"[""mask""]","[""mask""]",1,lsb_to_msb,unknown,0.865000,0.500000,0.550000,"[""name_prefix"",""index_contiguity"",""structural_similarity""]","{""index_contiguity_score"":1.0,""name_prefix"":""mask"",""name_prefix_score"":0.7,""structural_similarity_score"":1.0}",0,mask,exact,1,semantic_bus_hypothesis_v1
boolean_masked_and_w2__resyn2__whole_output_cone__inf__output__y,boolean_masked_and_w2__resyn2__whole_output_cone,inferred_bus_mode,false,true,output,output,"[""y_0"",""y_1""]","[""y_0"",""y_1""]",2,lsb_to_msb,unknown,0.760000,1.000000,1.000000,"[""name_prefix"",""index_contiguity"",""structural_similarity""]","{""index_contiguity_score"":1.0,""name_prefix"":""y"",""name_prefix_score"":1.0,""structural_similarity_score"":0.2}",0,y,exact,1,semantic_bus_hypothesis_v1
boolean_masked_and_w2__rewrite__whole_output_cone__inf__input__mask,boolean_masked_and_w2__rewrite__whole_output_cone,inferred_bus_mode,false,true,input,control,"[""mask""]","[""mask""]",1,lsb_to_msb,unknown,0.865000,0.500000,0.550000,"[""name_prefix"",""index_contiguity"",""structural_similarity""]","{""index_contiguity_score"":1.0,""name_prefix"":""mask"",""name_prefix_score"":0.7,""structural_similarity_score"":1.0}",0,mask,exact,1,semantic_bus_hypothesis_v1
boolean_masked_and_w2__rewrite__whole_output_cone__inf__output__y,boolean_masked_and_w2__rewrite__whole_output_cone,inferred_bus_mode,false,true,output,output,"[""y_0"",""y_1""]","[""y_0"",""y_1""]",2,lsb_to_msb,unknown,0.760000,1.000000,1.000000,"[""name_prefix"",""index_contiguity"",""structural_similarity""]","{""index_contiguity_score"":1.0,""name_prefix"":""y"",""name_prefix_score"":1.0,""structural_similarity_score"":0.2}",0,y,exact,1,semantic_bus_hypothesis_v1
boolean_masked_and_w3__balance__whole_output_cone__inf__input__mask,boolean_masked_and_w3__balance__whole_output_cone,inferred_bus_mode,false,true,input,control,"[""mask""]","[""mask""]",1,lsb_to_msb,unknown,0.865000,0.500000,0.550000,"[""name_prefix"",""index_contiguity"",""structural_similarity""]","{""index_contiguity_score"":1.0,""name_prefix"":""mask"",""name_prefix_score"":0.7,""structural_similarity_score"":1.0}",0,mask,exact,1,semantic_bus_hypothesis_v1
boolean_masked_and_w3__balance__whole_output_cone__inf__output__y,boolean_masked_and_w3__balance__whole_output_cone,inferred_bus_mode,false,true,output,output,"[""y_0"",""y_1"",""y_2""]","[""y_0"",""y_1"",""y_2""]",3,lsb_to_msb,unknown,0.760000,1.000000,1.000000,"[""name_prefix"",""index_contiguity"",""structural_similarity""]","{""index_contiguity_score"":1.0,""name_prefix"":""y"",""name_prefix_score"":1.0,""structural_similarity_score"":0.2}",0,y,exact,1,semantic_bus_hypothesis_v1
boolean_masked_and_w3__compress2rs__whole_output_cone__inf__input__mask,boolean_masked_and_w3__compress2rs__whole_output_cone,inferred_bus_mode,false,true,input,control,"[""mask""]","[""mask""]",1,lsb_to_msb,unknown,0.865000,0.500000,0.550000,"[""name_prefix"",""index_contiguity"",""structural_similarity""]","{""index_contiguity_score"":1.0,""name_prefix"":""mask"",""name_prefix_score"":0.7,""structural_similarity_score"":1.0}",0,mask,exact,1,semantic_bus_hypothesis_v1
boolean_masked_and_w3__compress2rs__whole_output_cone__inf__output__y,boolean_masked_and_w3__compress2rs__whole_output_cone,inferred_bus_mode,false,true,output,output,"[""y_0"",""y_1"",""y_2""]","[""y_0"",""y_1"",""y_2""]",3,lsb_to_msb,unknown,0.760000,1.000000,1.000000,"[""name_prefix"",""index_contiguity"",""structural_similarity""]","{""index_contiguity_score"":1.0,""name_prefix"":""y"",""name_prefix_score"":1.0,""structural_similarity_score"":0.2}",0,y,exact,1,semantic_bus_hypothesis_v1
boolean_masked_and_w3__dc2__whole_output_cone__inf__input__mask,boolean_masked_and_w3__dc2__whole_output_cone,inferred_bus_mode,false,true,input,control,"[""mask""]","[""mask""]",1,lsb_to_msb,unknown,0.865000,0.500000,0.550000,"[""name_prefix"",""index_contiguity"",""structural_similarity""]","{""index_contiguity_score"":1.0,""name_prefix"":""mask"",""name_prefix_score"":0.7,""structural_similarity_score"":1.0}",0,mask,exact,1,semantic_bus_hypothesis_v1
boolean_masked_and_w3__dc2__whole_output_cone__inf__output__y,boolean_masked_and_w3__dc2__whole_output_cone,inferred_bus_mode,false,true,output,output,"[""y_0"",""y_1"",""y_2""]","[""y_0"",""y_1"",""y_2""]",3,lsb_to_msb,unknown,0.760000,1.000000,1.000000,"[""name_prefix"",""index_contiguity"",""structural_similarity""]","{""index_contiguity_score"":1.0,""name_prefix"":""y"",""name_prefix_score"":1.0,""structural_similarity_score"":0.2}",0,y,exact,1,semantic_bus_hypothesis_v1
boolean_masked_and_w3__identity__ground_truth_region__inf__input__a,boolean_masked_and_w3__identity__ground_truth_region,inferred_bus_mode,false,true,input,data_operand,"[""a_0"",""a_1"",""a_2""]","[""a_0"",""a_1"",""a_2""]",3,lsb_to_msb,unknown,0.880000,1.000000,0.800000,"[""name_prefix"",""index_contiguity"",""structural_similarity""]","{""index_contiguity_score"":1.0,""name_prefix"":""a"",""name_prefix_score"":1.0,""structural_similarity_score"":0.6}",0,a,exact,1,semantic_bus_hypothesis_v1
boolean_masked_and_w3__identity__ground_truth_region__inf__output__y,boolean_masked_and_w3__identity__ground_truth_region,inferred_bus_mode,false,true,output,output,"[""y_0"",""y_1"",""y_2""]","[""y_0"",""y_1"",""y_2""]",3,lsb_to_msb,unknown,0.900000,1.000000,1.000000,"[""name_prefix"",""index_contiguity"",""structural_similarity""]","{""index_contiguity_score"":1.0,""name_prefix"":""y"",""name_prefix_score"":1.0,""structural_similarity_score"":0.666667}",0,y,exact,1,semantic_bus_hypothesis_v1
boolean_masked_and_w3__identity__whole_output_cone__inf__input__a,boolean_masked_and_w3__identity__whole_output_cone,inferred_bus_mode,false,true,input,data_operand,"[""a_0"",""a_1"",""a_2""]","[""a_0"",""a_1"",""a_2""]",3,lsb_to_msb,unknown,0.880000,1.000000,0.800000,"[""name_prefix"",""index_contiguity"",""structural_similarity""]","{""index_contiguity_score"":1.0,""name_prefix"":""a"",""name_prefix_score"":1.0,""structural_similarity_score"":0.6}",0,a,exact,1,semantic_bus_hypothesis_v1
boolean_masked_and_w3__identity__whole_output_cone__inf__output__y,boolean_masked_and_w3__identity__whole_output_cone,inferred_bus_mode,false,true,output,output,"[""y_0"",""y_1"",""y_2""]","[""y_0"",""y_1"",""y_2""]",3,lsb_to_msb,unknown,0.900000,1.000000,1.000000,"[""name_prefix"",""index_contiguity"",""structural_similarity""]","{""index_contiguity_score"":1.0,""name_prefix"":""y"",""name_prefix_score"":1.0,""structural_similarity_score"":0.666667}",0,y,exact,1,semantic_bus_hypothesis_v1
boolean_masked_and_w3__refactor__whole_output_cone__inf__input__mask,boolean_masked_and_w3__refactor__whole_output_cone,inferred_bus_mode,false,true,input,control,"[""mask""]","[""mask""]",1,lsb_to_msb,unknown,0.865000,0.500000,0.550000,"[""name_prefix"",""index_contiguity"",""structural_similarity""]","{""index_contiguity_score"":1.0,""name_prefix"":""mask"",""name_prefix_score"":0.7,""structural_similarity_score"":1.0}",0,mask,exact,1,semantic_bus_hypothesis_v1
boolean_masked_and_w3__refactor__whole_output_cone__inf__output__y,boolean_masked_and_w3__refactor__whole_output_cone,inferred_bus_mode,false,true,output,output,"[""y_0"",""y_1"",""y_2""]","[""y_0"",""y_1"",""y_2""]",3,lsb_to_msb,unknown,0.760000,1.000000,1.000000,"[""name_prefix"",""index_contiguity"",""structural_similarity""]","{""index_contiguity_score"":1.0,""name_prefix"":""y"",""name_prefix_score"":1.0,""structural_similarity_score"":0.2}",0,y,exact,1,semantic_bus_hypothesis_v1
boolean_masked_and_w3__resub__whole_output_cone__inf__input__mask,boolean_masked_and_w3__resub__whole_output_cone,inferred_bus_mode,false,true,input,control,"[""mask""]","[""mask""]",1,lsb_to_msb,unknown,0.865000,0.500000,0.550000,"[""name_prefix"",""index_contiguity"",""structural_similarity""]","{""index_contiguity_score"":1.0,""name_prefix"":""mask"",""name_prefix_score"":0.7,""structural_similarity_score"":1.0}",0,mask,exact,1,semantic_bus_hypothesis_v1
boolean_masked_and_w3__resub__whole_output_cone__inf__output__y,boolean_masked_and_w3__resub__whole_output_cone,inferred_bus_mode,false,true,output,output,"[""y_0"",""y_1"",""y_2""]","[""y_0"",""y_1"",""y_2""]",3,lsb_to_msb,unknown,0.760000,1.000000,1.000000,"[""name_prefix"",""index_contiguity"",""structural_similarity""]","{""index_contiguity_score"":1.0,""name_prefix"":""y"",""name_prefix_score"":1.0,""structural_similarity_score"":0.2}",0,y,exact,1,semantic_bus_hypothesis_v1
boolean_masked_and_w3__resyn__whole_output_cone__inf__input__mask,boolean_masked_and_w3__resyn__whole_output_cone,inferred_bus_mode,false,true,input,control,"[""mask""]","[""mask""]",1,lsb_to_msb,unknown,0.865000,0.500000,0.550000,"[""name_prefix"",""index_contiguity"",""structural_similarity""]","{""index_contiguity_score"":1.0,""name_prefix"":""mask"",""name_prefix_score"":0.7,""structural_similarity_score"":1.0}",0,mask,exact,1,semantic_bus_hypothesis_v1
boolean_masked_and_w3__resyn__whole_output_cone__inf__output__y,boolean_masked_and_w3__resyn__whole_output_cone,inferred_bus_mode,false,true,output,output,"[""y_0"",""y_1"",""y_2""]","[""y_0"",""y_1"",""y_2""]",3,lsb_to_msb,unknown,0.760000,1.000000,1.000000,"[""name_prefix"",""index_contiguity"",""structural_similarity""]","{""index_contiguity_score"":1.0,""name_prefix"":""y"",""name_prefix_score"":1.0,""structural_similarity_score"":0.2}",0,y,exact,1,semantic_bus_hypothesis_v1
boolean_masked_and_w3__resyn2__whole_output_cone__inf__input__mask,boolean_masked_and_w3__resyn2__whole_output_cone,inferred_bus_mode,false,true,input,control,"[""mask""]","[""mask""]",1,lsb_to_msb,unknown,0.865000,0.500000,0.550000,"[""name_prefix"",""index_contiguity"",""structural_similarity""]","{""index_contiguity_score"":1.0,""name_prefix"":""mask"",""name_prefix_score"":0.7,""structural_similarity_score"":1.0}",0,mask,exact,1,semantic_bus_hypothesis_v1
boolean_masked_and_w3__resyn2__whole_output_cone__inf__output__y,boolean_masked_and_w3__resyn2__whole_output_cone,inferred_bus_mode,false,true,output,output,"[""y_0"",""y_1"",""y_2""]","[""y_0"",""y_1"",""y_2""]",3,lsb_to_msb,unknown,0.760000,1.000000,1.000000,"[""name_prefix"",""index_contiguity"",""structural_similarity""]","{""index_contiguity_score"":1.0,""name_prefix"":""y"",""name_prefix_score"":1.0,""structural_similarity_score"":0.2}",0,y,exact,1,semantic_bus_hypothesis_v1
boolean_masked_and_w3__rewrite__whole_output_cone__inf__input__mask,boolean_masked_and_w3__rewrite__whole_output_cone,inferred_bus_mode,false,true,input,control,"[""mask""]","[""mask""]",1,lsb_to_msb,unknown,0.865000,0.500000,0.550000,"[""name_prefix"",""index_contiguity"",""structural_similarity""]","{""index_contiguity_score"":1.0,""name_prefix"":""mask"",""name_prefix_score"":0.7,""structural_similarity_score"":1.0}",0,mask,exact,1,semantic_bus_hypothesis_v1
boolean_masked_and_w3__rewrite__whole_output_cone__inf__output__y,boolean_masked_and_w3__rewrite__whole_output_cone,inferred_bus_mode,false,true,output,output,"[""y_0"",""y_1"",""y_2""]","[""y_0"",""y_1"",""y_2""]",3,lsb_to_msb,unknown,0.760000,1.000000,1.000000,"[""name_prefix"",""index_contiguity"",""structural_similarity""]","{""index_contiguity_score"":1.0,""name_prefix"":""y"",""name_prefix_score"":1.0,""structural_similarity_score"":0.2}",0,y,exact,1,semantic_bus_hypothesis_v1
boolean_masked_and_w4__identity__ground_truth_region__inf__input__a,boolean_masked_and_w4__identity__ground_truth_region,inferred_bus_mode,false,true,input,data_operand,"[""a_0"",""a_1"",""a_2"",""a_3""]","[""a_0"",""a_1"",""a_2"",""a_3""]",4,lsb_to_msb,unknown,0.900000,1.000000,0.800000,"[""name_prefix"",""index_contiguity"",""structural_similarity""]","{""index_contiguity_score"":1.0,""name_prefix"":""a"",""name_prefix_score"":1.0,""structural_similarity_score"":0.666667}",0,a,exact,1,semantic_bus_hypothesis_v1
boolean_masked_and_w4__identity__ground_truth_region__inf__output__y,boolean_masked_and_w4__identity__ground_truth_region,inferred_bus_mode,false,true,output,output,"[""y_0"",""y_1"",""y_2"",""y_3""]","[""y_0"",""y_1"",""y_2"",""y_3""]",4,lsb_to_msb,unknown,0.914286,1.000000,1.000000,"[""name_prefix"",""index_contiguity"",""structural_similarity""]","{""index_contiguity_score"":1.0,""name_prefix"":""y"",""name_prefix_score"":1.0,""structural_similarity_score"":0.714286}",0,y,exact,1,semantic_bus_hypothesis_v1
boolean_masked_and_w4__identity__whole_output_cone__inf__input__a,boolean_masked_and_w4__identity__whole_output_cone,inferred_bus_mode,false,true,input,data_operand,"[""a_0"",""a_1"",""a_2"",""a_3""]","[""a_0"",""a_1"",""a_2"",""a_3""]",4,lsb_to_msb,unknown,0.900000,1.000000,0.800000,"[""name_prefix"",""index_contiguity"",""structural_similarity""]","{""index_contiguity_score"":1.0,""name_prefix"":""a"",""name_prefix_score"":1.0,""structural_similarity_score"":0.666667}",0,a,exact,1,semantic_bus_hypothesis_v1
boolean_masked_and_w4__identity__whole_output_cone__inf__output__y,boolean_masked_and_w4__identity__whole_output_cone,inferred_bus_mode,false,true,output,output,"[""y_0"",""y_1"",""y_2"",""y_3""]","[""y_0"",""y_1"",""y_2"",""y_3""]",4,lsb_to_msb,unknown,0.914286,1.000000,1.000000,"[""name_prefix"",""index_contiguity"",""structural_similarity""]","{""index_contiguity_score"":1.0,""name_prefix"":""y"",""name_prefix_score"":1.0,""structural_similarity_score"":0.714286}",0,y,exact,1,semantic_bus_hypothesis_v1
boolean_masked_and_w6__identity__ground_truth_region__inf__input__a,boolean_masked_and_w6__identity__ground_truth_region,inferred_bus_mode,false,true,input,data_operand,"[""a_0"",""a_1"",""a_2"",""a_3"",""a_4"",""a_5""]","[""a_0"",""a_1"",""a_2"",""a_3"",""a_4"",""a_5""]",6,lsb_to_msb,unknown,0.925000,1.000000,0.800000,"[""name_prefix"",""index_contiguity"",""structural_similarity""]","{""index_contiguity_score"":1.0,""name_prefix"":""a"",""name_prefix_score"":1.0,""structural_similarity_score"":0.75}",0,a,exact,1,semantic_bus_hypothesis_v1
boolean_masked_and_w6__identity__ground_truth_region__inf__output__y,boolean_masked_and_w6__identity__ground_truth_region,inferred_bus_mode,false,true,output,output,"[""y_0"",""y_1"",""y_2"",""y_3"",""y_4"",""y_5""]","[""y_0"",""y_1"",""y_2"",""y_3"",""y_4"",""y_5""]",6,lsb_to_msb,unknown,0.933333,1.000000,1.000000,"[""name_prefix"",""index_contiguity"",""structural_similarity""]","{""index_contiguity_score"":1.0,""name_prefix"":""y"",""name_prefix_score"":1.0,""structural_similarity_score"":0.777778}",0,y,exact,1,semantic_bus_hypothesis_v1
boolean_masked_and_w6__identity__whole_output_cone__inf__input__a,boolean_masked_and_w6__identity__whole_output_cone,inferred_bus_mode,false,true,input,data_operand,"[""a_0"",""a_1"",""a_2"",""a_3"",""a_4"",""a_5""]","[""a_0"",""a_1"",""a_2"",""a_3"",""a_4"",""a_5""]",6,lsb_to_msb,unknown,0.925000,1.000000,0.800000,"[""name_prefix"",""index_contiguity"",""structural_similarity""]","{""index_contiguity_score"":1.0,""name_prefix"":""a"",""name_prefix_score"":1.0,""structural_similarity_score"":0.75}",0,a,exact,1,semantic_bus_hypothesis_v1
boolean_masked_and_w6__identity__whole_output_cone__inf__output__y,boolean_masked_and_w6__identity__whole_output_cone,inferred_bus_mode,false,true,output,output,"[""y_0"",""y_1"",""y_2"",""y_3"",""y_4"",""y_5""]","[""y_0"",""y_1"",""y_2"",""y_3"",""y_4"",""y_5""]",6,lsb_to_msb,unknown,0.933333,1.000000,1.000000,"[""name_prefix"",""index_contiguity"",""structural_similarity""]","{""index_contiguity_score"":1.0,""name_prefix"":""y"",""name_prefix_score"":1.0,""structural_similarity_score"":0.777778}",0,y,exact,1,semantic_bus_hypothesis_v1
boolean_masked_xor_w2__balance__whole_output_cone__inf__input__mask,boolean_masked_xor_w2__balance__whole_output_cone,inferred_bus_mode,false,true,input,control,"[""mask""]","[""mask""]",1,lsb_to_msb,unknown,0.865000,0.500000,0.550000,"[""name_prefix"",""index_contiguity"",""structural_similarity""]","{""index_contiguity_score"":1.0,""name_prefix"":""mask"",""name_prefix_score"":0.7,""structural_similarity_score"":1.0}",0,mask,exact,1,semantic_bus_hypothesis_v1
boolean_masked_xor_w2__balance__whole_output_cone__inf__output__y,boolean_masked_xor_w2__balance__whole_output_cone,inferred_bus_mode,false,true,output,output,"[""y_0"",""y_1""]","[""y_0"",""y_1""]",2,lsb_to_msb,unknown,0.733333,1.000000,1.000000,"[""name_prefix"",""index_contiguity"",""structural_similarity""]","{""index_contiguity_score"":1.0,""name_prefix"":""y"",""name_prefix_score"":1.0,""structural_similarity_score"":0.111111}",0,y,exact,1,semantic_bus_hypothesis_v1
boolean_masked_xor_w2__compress2rs__whole_output_cone__inf__input__mask,boolean_masked_xor_w2__compress2rs__whole_output_cone,inferred_bus_mode,false,true,input,control,"[""mask""]","[""mask""]",1,lsb_to_msb,unknown,0.865000,0.500000,0.550000,"[""name_prefix"",""index_contiguity"",""structural_similarity""]","{""index_contiguity_score"":1.0,""name_prefix"":""mask"",""name_prefix_score"":0.7,""structural_similarity_score"":1.0}",0,mask,exact,1,semantic_bus_hypothesis_v1
boolean_masked_xor_w2__compress2rs__whole_output_cone__inf__output__y,boolean_masked_xor_w2__compress2rs__whole_output_cone,inferred_bus_mode,false,true,output,output,"[""y_0"",""y_1""]","[""y_0"",""y_1""]",2,lsb_to_msb,unknown,0.733333,1.000000,1.000000,"[""name_prefix"",""index_contiguity"",""structural_similarity""]","{""index_contiguity_score"":1.0,""name_prefix"":""y"",""name_prefix_score"":1.0,""structural_similarity_score"":0.111111}",0,y,exact,1,semantic_bus_hypothesis_v1
boolean_masked_xor_w2__dc2__whole_output_cone__inf__input__mask,boolean_masked_xor_w2__dc2__whole_output_cone,inferred_bus_mode,false,true,input,control,"[""mask""]","[""mask""]",1,lsb_to_msb,unknown,0.865000,0.500000,0.550000,"[""name_prefix"",""index_contiguity"",""structural_similarity""]","{""index_contiguity_score"":1.0,""name_prefix"":""mask"",""name_prefix_score"":0.7,""structural_similarity_score"":1.0}",0,mask,exact,1,semantic_bus_hypothesis_v1
boolean_masked_xor_w2__dc2__whole_output_cone__inf__output__y,boolean_masked_xor_w2__dc2__whole_output_cone,inferred_bus_mode,false,true,output,output,"[""y_0"",""y_1""]","[""y_0"",""y_1""]",2,lsb_to_msb,unknown,0.733333,1.000000,1.000000,"[""name_prefix"",""index_contiguity"",""structural_similarity""]","{""index_contiguity_score"":1.0,""name_prefix"":""y"",""name_prefix_score"":1.0,""structural_similarity_score"":0.111111}",0,y,exact,1,semantic_bus_hypothesis_v1
boolean_masked_xor_w2__identity__ground_truth_region__inf__input__mask,boolean_masked_xor_w2__identity__ground_truth_region,inferred_bus_mode,false,true,input,control,"[""mask""]","[""mask""]",1,lsb_to_msb,unknown,0.865000,0.500000,0.550000,"[""name_prefix"",""index_contiguity"",""structural_similarity""]","{""index_contiguity_score"":1.0,""name_prefix"":""mask"",""name_prefix_score"":0.7,""structural_similarity_score"":1.0}",0,mask,exact,1,semantic_bus_hypothesis_v1
boolean_masked_xor_w2__identity__ground_truth_region__inf__output__y,boolean_masked_xor_w2__identity__ground_truth_region,inferred_bus_mode,false,true,output,output,"[""y_0"",""y_1""]","[""y_0"",""y_1""]",2,lsb_to_msb,unknown,0.880000,1.000000,1.000000,"[""name_prefix"",""index_contiguity"",""structural_similarity""]","{""index_contiguity_score"":1.0,""name_prefix"":""y"",""name_prefix_score"":1.0,""structural_similarity_score"":0.6}",0,y,exact,1,semantic_bus_hypothesis_v1
boolean_masked_xor_w2__identity__whole_output_cone__inf__input__mask,boolean_masked_xor_w2__identity__whole_output_cone,inferred_bus_mode,false,true,input,control,"[""mask""]","[""mask""]",1,lsb_to_msb,unknown,0.865000,0.500000,0.550000,"[""name_prefix"",""index_contiguity"",""structural_similarity""]","{""index_contiguity_score"":1.0,""name_prefix"":""mask"",""name_prefix_score"":0.7,""structural_similarity_score"":1.0}",0,mask,exact,1,semantic_bus_hypothesis_v1
boolean_masked_xor_w2__identity__whole_output_cone__inf__output__y,boolean_masked_xor_w2__identity__whole_output_cone,inferred_bus_mode,false,true,output,output,"[""y_0"",""y_1""]","[""y_0"",""y_1""]",2,lsb_to_msb,unknown,0.880000,1.000000,1.000000,"[""name_prefix"",""index_contiguity"",""structural_similarity""]","{""index_contiguity_score"":1.0,""name_prefix"":""y"",""name_prefix_score"":1.0,""structural_similarity_score"":0.6}",0,y,exact,1,semantic_bus_hypothesis_v1
boolean_masked_xor_w2__refactor__whole_output_cone__inf__input__mask,boolean_masked_xor_w2__refactor__whole_output_cone,inferred_bus_mode,false,true,input,control,"[""mask""]","[""mask""]",1,lsb_to_msb,unknown,0.865000,0.500000,0.550000,"[""name_prefix"",""index_contiguity"",""structural_similarity""]","{""index_contiguity_score"":1.0,""name_prefix"":""mask"",""name_prefix_score"":0.7,""structural_similarity_score"":1.0}",0,mask,exact,1,semantic_bus_hypothesis_v1
boolean_masked_xor_w2__refactor__whole_output_cone__inf__output__y,boolean_masked_xor_w2__refactor__whole_output_cone,inferred_bus_mode,false,true,output,output,"[""y_0"",""y_1""]","[""y_0"",""y_1""]",2,lsb_to_msb,unknown,0.733333,1.000000,1.000000,"[""name_prefix"",""index_contiguity"",""structural_similarity""]","{""index_contiguity_score"":1.0,""name_prefix"":""y"",""name_prefix_score"":1.0,""structural_similarity_score"":0.111111}",0,y,exact,1,semantic_bus_hypothesis_v1
boolean_masked_xor_w2__resub__whole_output_cone__inf__input__mask,boolean_masked_xor_w2__resub__whole_output_cone,inferred_bus_mode,false,true,input,control,"[""mask""]","[""mask""]",1,lsb_to_msb,unknown,0.865000,0.500000,0.550000,"[""name_prefix"",""index_contiguity"",""structural_similarity""]","{""index_contiguity_score"":1.0,""name_prefix"":""mask"",""name_prefix_score"":0.7,""structural_similarity_score"":1.0}",0,mask,exact,1,semantic_bus_hypothesis_v1
boolean_masked_xor_w2__resub__whole_output_cone__inf__output__y,boolean_masked_xor_w2__resub__whole_output_cone,inferred_bus_mode,false,true,output,output,"[""y_0"",""y_1""]","[""y_0"",""y_1""]",2,lsb_to_msb,unknown,0.733333,1.000000,1.000000,"[""name_prefix"",""index_contiguity"",""structural_similarity""]","{""index_contiguity_score"":1.0,""name_prefix"":""y"",""name_prefix_score"":1.0,""structural_similarity_score"":0.111111}",0,y,exact,1,semantic_bus_hypothesis_v1
boolean_masked_xor_w2__resyn__whole_output_cone__inf__input__mask,boolean_masked_xor_w2__resyn__whole_output_cone,inferred_bus_mode,false,true,input,control,"[""mask""]","[""mask""]",1,lsb_to_msb,unknown,0.865000,0.500000,0.550000,"[""name_prefix"",""index_contiguity"",""structural_similarity""]","{""index_contiguity_score"":1.0,""name_prefix"":""mask"",""name_prefix_score"":0.7,""structural_similarity_score"":1.0}",0,mask,exact,1,semantic_bus_hypothesis_v1
boolean_masked_xor_w2__resyn__whole_output_cone__inf__output__y,boolean_masked_xor_w2__resyn__whole_output_cone,inferred_bus_mode,false,true,output,output,"[""y_0"",""y_1""]","[""y_0"",""y_1""]",2,lsb_to_msb,unknown,0.733333,1.000000,1.000000,"[""name_prefix"",""index_contiguity"",""structural_similarity""]","{""index_contiguity_score"":1.0,""name_prefix"":""y"",""name_prefix_score"":1.0,""structural_similarity_score"":0.111111}",0,y,exact,1,semantic_bus_hypothesis_v1
boolean_masked_xor_w2__resyn2__whole_output_cone__inf__input__mask,boolean_masked_xor_w2__resyn2__whole_output_cone,inferred_bus_mode,false,true,input,control,"[""mask""]","[""mask""]",1,lsb_to_msb,unknown,0.865000,0.500000,0.550000,"[""name_prefix"",""index_contiguity"",""structural_similarity""]","{""index_contiguity_score"":1.0,""name_prefix"":""mask"",""name_prefix_score"":0.7,""structural_similarity_score"":1.0}",0,mask,exact,1,semantic_bus_hypothesis_v1
boolean_masked_xor_w2__resyn2__whole_output_cone__inf__output__y,boolean_masked_xor_w2__resyn2__whole_output_cone,inferred_bus_mode,false,true,output,output,"[""y_0"",""y_1""]","[""y_0"",""y_1""]",2,lsb_to_msb,unknown,0.733333,1.000000,1.000000,"[""name_prefix"",""index_contiguity"",""structural_similarity""]","{""index_contiguity_score"":1.0,""name_prefix"":""y"",""name_prefix_score"":1.0,""structural_similarity_score"":0.111111}",0,y,exact,1,semantic_bus_hypothesis_v1
boolean_masked_xor_w2__rewrite__whole_output_cone__inf__input__mask,boolean_masked_xor_w2__rewrite__whole_output_cone,inferred_bus_mode,false,true,input,control,"[""mask""]","[""mask""]",1,lsb_to_msb,unknown,0.865000,0.500000,0.550000,"[""name_prefix"",""index_contiguity"",""structural_similarity""]","{""index_contiguity_score"":1.0,""name_prefix"":""mask"",""name_prefix_score"":0.7,""structural_similarity_score"":1.0}",0,mask,exact,1,semantic_bus_hypothesis_v1
boolean_masked_xor_w2__rewrite__whole_output_cone__inf__output__y,boolean_masked_xor_w2__rewrite__whole_output_cone,inferred_bus_mode,false,true,output,output,"[""y_0"",""y_1""]","[""y_0"",""y_1""]",2,lsb_to_msb,unknown,0.733333,1.000000,1.000000,"[""name_prefix"",""index_contiguity"",""structural_similarity""]","{""index_contiguity_score"":1.0,""name_prefix"":""y"",""name_prefix_score"":1.0,""structural_similarity_score"":0.111111}",0,y,exact,1,semantic_bus_hypothesis_v1
boolean_masked_xor_w3__balance__whole_output_cone__inf__input__mask,boolean_masked_xor_w3__balance__whole_output_cone,inferred_bus_mode,false,true,input,control,"[""mask""]","[""mask""]",1,lsb_to_msb,unknown,0.865000,0.500000,0.550000,"[""name_prefix"",""index_contiguity"",""structural_similarity""]","{""index_contiguity_score"":1.0,""name_prefix"":""mask"",""name_prefix_score"":0.7,""structural_similarity_score"":1.0}",0,mask,exact,1,semantic_bus_hypothesis_v1
boolean_masked_xor_w3__balance__whole_output_cone__inf__output__y,boolean_masked_xor_w3__balance__whole_output_cone,inferred_bus_mode,false,true,output,output,"[""y_0"",""y_1"",""y_2""]","[""y_0"",""y_1"",""y_2""]",3,lsb_to_msb,unknown,0.733333,1.000000,1.000000,"[""name_prefix"",""index_contiguity"",""structural_similarity""]","{""index_contiguity_score"":1.0,""name_prefix"":""y"",""name_prefix_score"":1.0,""structural_similarity_score"":0.111111}",0,y,exact,1,semantic_bus_hypothesis_v1
boolean_masked_xor_w3__compress2rs__whole_output_cone__inf__input__mask,boolean_masked_xor_w3__compress2rs__whole_output_cone,inferred_bus_mode,false,true,input,control,"[""mask""]","[""mask""]",1,lsb_to_msb,unknown,0.865000,0.500000,0.550000,"[""name_prefix"",""index_contiguity"",""structural_similarity""]","{""index_contiguity_score"":1.0,""name_prefix"":""mask"",""name_prefix_score"":0.7,""structural_similarity_score"":1.0}",0,mask,exact,1,semantic_bus_hypothesis_v1
boolean_masked_xor_w3__compress2rs__whole_output_cone__inf__output__y,boolean_masked_xor_w3__compress2rs__whole_output_cone,inferred_bus_mode,false,true,output,output,"[""y_0"",""y_1"",""y_2""]","[""y_0"",""y_1"",""y_2""]",3,lsb_to_msb,unknown,0.733333,1.000000,1.000000,"[""name_prefix"",""index_contiguity"",""structural_similarity""]","{""index_contiguity_score"":1.0,""name_prefix"":""y"",""name_prefix_score"":1.0,""structural_similarity_score"":0.111111}",0,y,exact,1,semantic_bus_hypothesis_v1
boolean_masked_xor_w3__dc2__whole_output_cone__inf__input__mask,boolean_masked_xor_w3__dc2__whole_output_cone,inferred_bus_mode,false,true,input,control,"[""mask""]","[""mask""]",1,lsb_to_msb,unknown,0.865000,0.500000,0.550000,"[""name_prefix"",""index_contiguity"",""structural_similarity""]","{""index_contiguity_score"":1.0,""name_prefix"":""mask"",""name_prefix_score"":0.7,""structural_similarity_score"":1.0}",0,mask,exact,1,semantic_bus_hypothesis_v1
boolean_masked_xor_w3__dc2__whole_output_cone__inf__output__y,boolean_masked_xor_w3__dc2__whole_output_cone,inferred_bus_mode,false,true,output,output,"[""y_0"",""y_1"",""y_2""]","[""y_0"",""y_1"",""y_2""]",3,lsb_to_msb,unknown,0.733333,1.000000,1.000000,"[""name_prefix"",""index_contiguity"",""structural_similarity""]","{""index_contiguity_score"":1.0,""name_prefix"":""y"",""name_prefix_score"":1.0,""structural_similarity_score"":0.111111}",0,y,exact,1,semantic_bus_hypothesis_v1
boolean_masked_xor_w3__identity__ground_truth_region__inf__input__a,boolean_masked_xor_w3__identity__ground_truth_region,inferred_bus_mode,false,true,input,data_operand,"[""a_0"",""a_1"",""a_2""]","[""a_0"",""a_1"",""a_2""]",3,lsb_to_msb,unknown,0.880000,1.000000,0.800000,"[""name_prefix"",""index_contiguity"",""structural_similarity""]","{""index_contiguity_score"":1.0,""name_prefix"":""a"",""name_prefix_score"":1.0,""structural_similarity_score"":0.6}",0,a,exact,1,semantic_bus_hypothesis_v1
boolean_masked_xor_w3__identity__ground_truth_region__inf__output__y,boolean_masked_xor_w3__identity__ground_truth_region,inferred_bus_mode,false,true,output,output,"[""y_0"",""y_1"",""y_2""]","[""y_0"",""y_1"",""y_2""]",3,lsb_to_msb,unknown,0.900000,1.000000,1.000000,"[""name_prefix"",""index_contiguity"",""structural_similarity""]","{""index_contiguity_score"":1.0,""name_prefix"":""y"",""name_prefix_score"":1.0,""structural_similarity_score"":0.666667}",0,y,exact,1,semantic_bus_hypothesis_v1
boolean_masked_xor_w3__identity__whole_output_cone__inf__input__a,boolean_masked_xor_w3__identity__whole_output_cone,inferred_bus_mode,false,true,input,data_operand,"[""a_0"",""a_1"",""a_2""]","[""a_0"",""a_1"",""a_2""]",3,lsb_to_msb,unknown,0.880000,1.000000,0.800000,"[""name_prefix"",""index_contiguity"",""structural_similarity""]","{""index_contiguity_score"":1.0,""name_prefix"":""a"",""name_prefix_score"":1.0,""structural_similarity_score"":0.6}",0,a,exact,1,semantic_bus_hypothesis_v1
boolean_masked_xor_w3__identity__whole_output_cone__inf__output__y,boolean_masked_xor_w3__identity__whole_output_cone,inferred_bus_mode,false,true,output,output,"[""y_0"",""y_1"",""y_2""]","[""y_0"",""y_1"",""y_2""]",3,lsb_to_msb,unknown,0.900000,1.000000,1.000000,"[""name_prefix"",""index_contiguity"",""structural_similarity""]","{""index_contiguity_score"":1.0,""name_prefix"":""y"",""name_prefix_score"":1.0,""structural_similarity_score"":0.666667}",0,y,exact,1,semantic_bus_hypothesis_v1
boolean_masked_xor_w3__refactor__whole_output_cone__inf__input__mask,boolean_masked_xor_w3__refactor__whole_output_cone,inferred_bus_mode,false,true,input,control,"[""mask""]","[""mask""]",1,lsb_to_msb,unknown,0.865000,0.500000,0.550000,"[""name_prefix"",""index_contiguity"",""structural_similarity""]","{""index_contiguity_score"":1.0,""name_prefix"":""mask"",""name_prefix_score"":0.7,""structural_similarity_score"":1.0}",0,mask,exact,1,semantic_bus_hypothesis_v1
boolean_masked_xor_w3__refactor__whole_output_cone__inf__output__y,boolean_masked_xor_w3__refactor__whole_output_cone,inferred_bus_mode,false,true,output,output,"[""y_0"",""y_1"",""y_2""]","[""y_0"",""y_1"",""y_2""]",3,lsb_to_msb,unknown,0.733333,1.000000,1.000000,"[""name_prefix"",""index_contiguity"",""structural_similarity""]","{""index_contiguity_score"":1.0,""name_prefix"":""y"",""name_prefix_score"":1.0,""structural_similarity_score"":0.111111}",0,y,exact,1,semantic_bus_hypothesis_v1
boolean_masked_xor_w3__resub__whole_output_cone__inf__input__mask,boolean_masked_xor_w3__resub__whole_output_cone,inferred_bus_mode,false,true,input,control,"[""mask""]","[""mask""]",1,lsb_to_msb,unknown,0.865000,0.500000,0.550000,"[""name_prefix"",""index_contiguity"",""structural_similarity""]","{""index_contiguity_score"":1.0,""name_prefix"":""mask"",""name_prefix_score"":0.7,""structural_similarity_score"":1.0}",0,mask,exact,1,semantic_bus_hypothesis_v1
boolean_masked_xor_w3__resub__whole_output_cone__inf__output__y,boolean_masked_xor_w3__resub__whole_output_cone,inferred_bus_mode,false,true,output,output,"[""y_0"",""y_1"",""y_2""]","[""y_0"",""y_1"",""y_2""]",3,lsb_to_msb,unknown,0.733333,1.000000,1.000000,"[""name_prefix"",""index_contiguity"",""structural_similarity""]","{""index_contiguity_score"":1.0,""name_prefix"":""y"",""name_prefix_score"":1.0,""structural_similarity_score"":0.111111}",0,y,exact,1,semantic_bus_hypothesis_v1
boolean_masked_xor_w3__resyn__whole_output_cone__inf__input__mask,boolean_masked_xor_w3__resyn__whole_output_cone,inferred_bus_mode,false,true,input,control,"[""mask""]","[""mask""]",1,lsb_to_msb,unknown,0.865000,0.500000,0.550000,"[""name_prefix"",""index_contiguity"",""structural_similarity""]","{""index_contiguity_score"":1.0,""name_prefix"":""mask"",""name_prefix_score"":0.7,""structural_similarity_score"":1.0}",0,mask,exact,1,semantic_bus_hypothesis_v1
boolean_masked_xor_w3__resyn__whole_output_cone__inf__output__y,boolean_masked_xor_w3__resyn__whole_output_cone,inferred_bus_mode,false,true,output,output,"[""y_0"",""y_1"",""y_2""]","[""y_0"",""y_1"",""y_2""]",3,lsb_to_msb,unknown,0.733333,1.000000,1.000000,"[""name_prefix"",""index_contiguity"",""structural_similarity""]","{""index_contiguity_score"":1.0,""name_prefix"":""y"",""name_prefix_score"":1.0,""structural_similarity_score"":0.111111}",0,y,exact,1,semantic_bus_hypothesis_v1
boolean_masked_xor_w3__resyn2__whole_output_cone__inf__input__mask,boolean_masked_xor_w3__resyn2__whole_output_cone,inferred_bus_mode,false,true,input,control,"[""mask""]","[""mask""]",1,lsb_to_msb,unknown,0.865000,0.500000,0.550000,"[""name_prefix"",""index_contiguity"",""structural_similarity""]","{""index_contiguity_score"":1.0,""name_prefix"":""mask"",""name_prefix_score"":0.7,""structural_similarity_score"":1.0}",0,mask,exact,1,semantic_bus_hypothesis_v1
boolean_masked_xor_w3__resyn2__whole_output_cone__inf__output__y,boolean_masked_xor_w3__resyn2__whole_output_cone,inferred_bus_mode,false,true,output,output,"[""y_0"",""y_1"",""y_2""]","[""y_0"",""y_1"",""y_2""]",3,lsb_to_msb,unknown,0.733333,1.000000,1.000000,"[""name_prefix"",""index_contiguity"",""structural_similarity""]","{""index_contiguity_score"":1.0,""name_prefix"":""y"",""name_prefix_score"":1.0,""structural_similarity_score"":0.111111}",0,y,exact,1,semantic_bus_hypothesis_v1
boolean_masked_xor_w3__rewrite__whole_output_cone__inf__input__mask,boolean_masked_xor_w3__rewrite__whole_output_cone,inferred_bus_mode,false,true,input,control,"[""mask""]","[""mask""]",1,lsb_to_msb,unknown,0.865000,0.500000,0.550000,"[""name_prefix"",""index_contiguity"",""structural_similarity""]","{""index_contiguity_score"":1.0,""name_prefix"":""mask"",""name_prefix_score"":0.7,""structural_similarity_score"":1.0}",0,mask,exact,1,semantic_bus_hypothesis_v1
boolean_masked_xor_w3__rewrite__whole_output_cone__inf__output__y,boolean_masked_xor_w3__rewrite__whole_output_cone,inferred_bus_mode,false,true,output,output,"[""y_0"",""y_1"",""y_2""]","[""y_0"",""y_1"",""y_2""]",3,lsb_to_msb,unknown,0.733333,1.000000,1.000000,"[""name_prefix"",""index_contiguity"",""structural_similarity""]","{""index_contiguity_score"":1.0,""name_prefix"":""y"",""name_prefix_score"":1.0,""structural_similarity_score"":0.111111}",0,y,exact,1,semantic_bus_hypothesis_v1
boolean_masked_xor_w4__identity__ground_truth_region__inf__input__a,boolean_masked_xor_w4__identity__ground_truth_region,inferred_bus_mode,false,true,input,data_operand,"[""a_0"",""a_1"",""a_2"",""a_3""]","[""a_0"",""a_1"",""a_2"",""a_3""]",4,lsb_to_msb,unknown,0.900000,1.000000,0.800000,"[""name_prefix"",""index_contiguity"",""structural_similarity""]","{""index_contiguity_score"":1.0,""name_prefix"":""a"",""name_prefix_score"":1.0,""structural_similarity_score"":0.666667}",0,a,exact,1,semantic_bus_hypothesis_v1
boolean_masked_xor_w4__identity__ground_truth_region__inf__output__y,boolean_masked_xor_w4__identity__ground_truth_region,inferred_bus_mode,false,true,output,output,"[""y_0"",""y_1"",""y_2"",""y_3""]","[""y_0"",""y_1"",""y_2"",""y_3""]",4,lsb_to_msb,unknown,0.914286,1.000000,1.000000,"[""name_prefix"",""index_contiguity"",""structural_similarity""]","{""index_contiguity_score"":1.0,""name_prefix"":""y"",""name_prefix_score"":1.0,""structural_similarity_score"":0.714286}",0,y,exact,1,semantic_bus_hypothesis_v1
boolean_masked_xor_w4__identity__whole_output_cone__inf__input__a,boolean_masked_xor_w4__identity__whole_output_cone,inferred_bus_mode,false,true,input,data_operand,"[""a_0"",""a_1"",""a_2"",""a_3""]","[""a_0"",""a_1"",""a_2"",""a_3""]",4,lsb_to_msb,unknown,0.900000,1.000000,0.800000,"[""name_prefix"",""index_contiguity"",""structural_similarity""]","{""index_contiguity_score"":1.0,""name_prefix"":""a"",""name_prefix_score"":1.0,""structural_similarity_score"":0.666667}",0,a,exact,1,semantic_bus_hypothesis_v1
boolean_masked_xor_w4__identity__whole_output_cone__inf__output__y,boolean_masked_xor_w4__identity__whole_output_cone,inferred_bus_mode,false,true,output,output,"[""y_0"",""y_1"",""y_2"",""y_3""]","[""y_0"",""y_1"",""y_2"",""y_3""]",4,lsb_to_msb,unknown,0.914286,1.000000,1.000000,"[""name_prefix"",""index_contiguity"",""structural_similarity""]","{""index_contiguity_score"":1.0,""name_prefix"":""y"",""name_prefix_score"":1.0,""structural_similarity_score"":0.714286}",0,y,exact,1,semantic_bus_hypothesis_v1
boolean_masked_xor_w6__identity__ground_truth_region__inf__input__a,boolean_masked_xor_w6__identity__ground_truth_region,inferred_bus_mode,false,true,input,data_operand,"[""a_0"",""a_1"",""a_2"",""a_3"",""a_4"",""a_5""]","[""a_0"",""a_1"",""a_2"",""a_3"",""a_4"",""a_5""]",6,lsb_to_msb,unknown,0.925000,1.000000,0.800000,"[""name_prefix"",""index_contiguity"",""structural_similarity""]","{""index_contiguity_score"":1.0,""name_prefix"":""a"",""name_prefix_score"":1.0,""structural_similarity_score"":0.75}",0,a,exact,1,semantic_bus_hypothesis_v1
boolean_masked_xor_w6__identity__ground_truth_region__inf__output__y,boolean_masked_xor_w6__identity__ground_truth_region,inferred_bus_mode,false,true,output,output,"[""y_0"",""y_1"",""y_2"",""y_3"",""y_4"",""y_5""]","[""y_0"",""y_1"",""y_2"",""y_3"",""y_4"",""y_5""]",6,lsb_to_msb,unknown,0.933333,1.000000,1.000000,"[""name_prefix"",""index_contiguity"",""structural_similarity""]","{""index_contiguity_score"":1.0,""name_prefix"":""y"",""name_prefix_score"":1.0,""structural_similarity_score"":0.777778}",0,y,exact,1,semantic_bus_hypothesis_v1
boolean_masked_xor_w6__identity__whole_output_cone__inf__input__a,boolean_masked_xor_w6__identity__whole_output_cone,inferred_bus_mode,false,true,input,data_operand,"[""a_0"",""a_1"",""a_2"",""a_3"",""a_4"",""a_5""]","[""a_0"",""a_1"",""a_2"",""a_3"",""a_4"",""a_5""]",6,lsb_to_msb,unknown,0.925000,1.000000,0.800000,"[""name_prefix"",""index_contiguity"",""structural_similarity""]","{""index_contiguity_score"":1.0,""name_prefix"":""a"",""name_prefix_score"":1.0,""structural_similarity_score"":0.75}",0,a,exact,1,semantic_bus_hypothesis_v1
boolean_masked_xor_w6__identity__whole_output_cone__inf__output__y,boolean_masked_xor_w6__identity__whole_output_cone,inferred_bus_mode,false,true,output,output,"[""y_0"",""y_1"",""y_2"",""y_3"",""y_4"",""y_5""]","[""y_0"",""y_1"",""y_2"",""y_3"",""y_4"",""y_5""]",6,lsb_to_msb,unknown,0.933333,1.000000,1.000000,"[""name_prefix"",""index_contiguity"",""structural_similarity""]","{""index_contiguity_score"":1.0,""name_prefix"":""y"",""name_prefix_score"":1.0,""structural_similarity_score"":0.777778}",0,y,exact,1,semantic_bus_hypothesis_v1
boolean_parity_w2__balance__whole_output_cone__inf__input__a,boolean_parity_w2__balance__whole_output_cone,inferred_bus_mode,false,true,input,data_operand,"[""a_0"",""a_1""]","[""a_0"",""a_1""]",2,lsb_to_msb,unknown,0.880000,1.000000,0.800000,"[""name_prefix"",""index_contiguity"",""structural_similarity""]","{""index_contiguity_score"":1.0,""name_prefix"":""a"",""name_prefix_score"":1.0,""structural_similarity_score"":0.6}",0,a,exact,1,semantic_bus_hypothesis_v1
boolean_parity_w2__balance__whole_output_cone__inf__output__y,boolean_parity_w2__balance__whole_output_cone,inferred_bus_mode,false,true,output,output,"[""y""]","[""y""]",1,lsb_to_msb,unknown,0.640000,0.500000,1.000000,"[""name_prefix"",""index_contiguity"",""structural_similarity""]","{""index_contiguity_score"":1.0,""name_prefix"":""y"",""name_prefix_score"":0.2,""structural_similarity_score"":1.0}",0,y,exact,1,semantic_bus_hypothesis_v1
boolean_parity_w2__compress2rs__whole_output_cone__inf__input__a,boolean_parity_w2__compress2rs__whole_output_cone,inferred_bus_mode,false,true,input,data_operand,"[""a_0"",""a_1""]","[""a_0"",""a_1""]",2,lsb_to_msb,unknown,0.880000,1.000000,0.800000,"[""name_prefix"",""index_contiguity"",""structural_similarity""]","{""index_contiguity_score"":1.0,""name_prefix"":""a"",""name_prefix_score"":1.0,""structural_similarity_score"":0.6}",0,a,exact,1,semantic_bus_hypothesis_v1
boolean_parity_w2__compress2rs__whole_output_cone__inf__output__y,boolean_parity_w2__compress2rs__whole_output_cone,inferred_bus_mode,false,true,output,output,"[""y""]","[""y""]",1,lsb_to_msb,unknown,0.640000,0.500000,1.000000,"[""name_prefix"",""index_contiguity"",""structural_similarity""]","{""index_contiguity_score"":1.0,""name_prefix"":""y"",""name_prefix_score"":0.2,""structural_similarity_score"":1.0}",0,y,exact,1,semantic_bus_hypothesis_v1
boolean_parity_w2__dc2__whole_output_cone__inf__input__a,boolean_parity_w2__dc2__whole_output_cone,inferred_bus_mode,false,true,input,data_operand,"[""a_0"",""a_1""]","[""a_0"",""a_1""]",2,lsb_to_msb,unknown,0.880000,1.000000,0.800000,"[""name_prefix"",""index_contiguity"",""structural_similarity""]","{""index_contiguity_score"":1.0,""name_prefix"":""a"",""name_prefix_score"":1.0,""structural_similarity_score"":0.6}",0,a,exact,1,semantic_bus_hypothesis_v1
boolean_parity_w2__dc2__whole_output_cone__inf__output__y,boolean_parity_w2__dc2__whole_output_cone,inferred_bus_mode,false,true,output,output,"[""y""]","[""y""]",1,lsb_to_msb,unknown,0.640000,0.500000,1.000000,"[""name_prefix"",""index_contiguity"",""structural_similarity""]","{""index_contiguity_score"":1.0,""name_prefix"":""y"",""name_prefix_score"":0.2,""structural_similarity_score"":1.0}",0,y,exact,1,semantic_bus_hypothesis_v1
boolean_parity_w2__identity__ground_truth_region__inf__input__a,boolean_parity_w2__identity__ground_truth_region,inferred_bus_mode,false,true,input,data_operand,"[""a_0"",""a_1""]","[""a_0"",""a_1""]",2,lsb_to_msb,unknown,0.800000,1.000000,0.800000,"[""name_prefix"",""index_contiguity"",""structural_similarity""]","{""index_contiguity_score"":1.0,""name_prefix"":""a"",""name_prefix_score"":1.0,""structural_similarity_score"":0.333333}",0,a,exact,1,semantic_bus_hypothesis_v1
boolean_parity_w2__identity__ground_truth_region__inf__output__y,boolean_parity_w2__identity__ground_truth_region,inferred_bus_mode,false,true,output,output,"[""y""]","[""y""]",1,lsb_to_msb,unknown,0.640000,0.500000,1.000000,"[""name_prefix"",""index_contiguity"",""structural_similarity""]","{""index_contiguity_score"":1.0,""name_prefix"":""y"",""name_prefix_score"":0.2,""structural_similarity_score"":1.0}",0,y,exact,1,semantic_bus_hypothesis_v1
boolean_parity_w2__identity__whole_output_cone__inf__input__a,boolean_parity_w2__identity__whole_output_cone,inferred_bus_mode,false,true,input,data_operand,"[""a_0"",""a_1""]","[""a_0"",""a_1""]",2,lsb_to_msb,unknown,0.800000,1.000000,0.800000,"[""name_prefix"",""index_contiguity"",""structural_similarity""]","{""index_contiguity_score"":1.0,""name_prefix"":""a"",""name_prefix_score"":1.0,""structural_similarity_score"":0.333333}",0,a,exact,1,semantic_bus_hypothesis_v1
boolean_parity_w2__identity__whole_output_cone__inf__output__y,boolean_parity_w2__identity__whole_output_cone,inferred_bus_mode,false,true,output,output,"[""y""]","[""y""]",1,lsb_to_msb,unknown,0.640000,0.500000,1.000000,"[""name_prefix"",""index_contiguity"",""structural_similarity""]","{""index_contiguity_score"":1.0,""name_prefix"":""y"",""name_prefix_score"":0.2,""structural_similarity_score"":1.0}",0,y,exact,1,semantic_bus_hypothesis_v1
boolean_parity_w2__refactor__whole_output_cone__inf__input__a,boolean_parity_w2__refactor__whole_output_cone,inferred_bus_mode,false,true,input,data_operand,"[""a_0"",""a_1""]","[""a_0"",""a_1""]",2,lsb_to_msb,unknown,0.880000,1.000000,0.800000,"[""name_prefix"",""index_contiguity"",""structural_similarity""]","{""index_contiguity_score"":1.0,""name_prefix"":""a"",""name_prefix_score"":1.0,""structural_similarity_score"":0.6}",0,a,exact,1,semantic_bus_hypothesis_v1
boolean_parity_w2__refactor__whole_output_cone__inf__output__y,boolean_parity_w2__refactor__whole_output_cone,inferred_bus_mode,false,true,output,output,"[""y""]","[""y""]",1,lsb_to_msb,unknown,0.640000,0.500000,1.000000,"[""name_prefix"",""index_contiguity"",""structural_similarity""]","{""index_contiguity_score"":1.0,""name_prefix"":""y"",""name_prefix_score"":0.2,""structural_similarity_score"":1.0}",0,y,exact,1,semantic_bus_hypothesis_v1
boolean_parity_w2__resub__whole_output_cone__inf__input__a,boolean_parity_w2__resub__whole_output_cone,inferred_bus_mode,false,true,input,data_operand,"[""a_0"",""a_1""]","[""a_0"",""a_1""]",2,lsb_to_msb,unknown,0.880000,1.000000,0.800000,"[""name_prefix"",""index_contiguity"",""structural_similarity""]","{""index_contiguity_score"":1.0,""name_prefix"":""a"",""name_prefix_score"":1.0,""structural_similarity_score"":0.6}",0,a,exact,1,semantic_bus_hypothesis_v1
boolean_parity_w2__resub__whole_output_cone__inf__output__y,boolean_parity_w2__resub__whole_output_cone,inferred_bus_mode,false,true,output,output,"[""y""]","[""y""]",1,lsb_to_msb,unknown,0.640000,0.500000,1.000000,"[""name_prefix"",""index_contiguity"",""structural_similarity""]","{""index_contiguity_score"":1.0,""name_prefix"":""y"",""name_prefix_score"":0.2,""structural_similarity_score"":1.0}",0,y,exact,1,semantic_bus_hypothesis_v1
boolean_parity_w2__resyn__whole_output_cone__inf__input__a,boolean_parity_w2__resyn__whole_output_cone,inferred_bus_mode,false,true,input,data_operand,"[""a_0"",""a_1""]","[""a_0"",""a_1""]",2,lsb_to_msb,unknown,0.880000,1.000000,0.800000,"[""name_prefix"",""index_contiguity"",""structural_similarity""]","{""index_contiguity_score"":1.0,""name_prefix"":""a"",""name_prefix_score"":1.0,""structural_similarity_score"":0.6}",0,a,exact,1,semantic_bus_hypothesis_v1
boolean_parity_w2__resyn__whole_output_cone__inf__output__y,boolean_parity_w2__resyn__whole_output_cone,inferred_bus_mode,false,true,output,output,"[""y""]","[""y""]",1,lsb_to_msb,unknown,0.640000,0.500000,1.000000,"[""name_prefix"",""index_contiguity"",""structural_similarity""]","{""index_contiguity_score"":1.0,""name_prefix"":""y"",""name_prefix_score"":0.2,""structural_similarity_score"":1.0}",0,y,exact,1,semantic_bus_hypothesis_v1
boolean_parity_w2__resyn2__whole_output_cone__inf__input__a,boolean_parity_w2__resyn2__whole_output_cone,inferred_bus_mode,false,true,input,data_operand,"[""a_0"",""a_1""]","[""a_0"",""a_1""]",2,lsb_to_msb,unknown,0.880000,1.000000,0.800000,"[""name_prefix"",""index_contiguity"",""structural_similarity""]","{""index_contiguity_score"":1.0,""name_prefix"":""a"",""name_prefix_score"":1.0,""structural_similarity_score"":0.6}",0,a,exact,1,semantic_bus_hypothesis_v1
boolean_parity_w2__resyn2__whole_output_cone__inf__output__y,boolean_parity_w2__resyn2__whole_output_cone,inferred_bus_mode,false,true,output,output,"[""y""]","[""y""]",1,lsb_to_msb,unknown,0.640000,0.500000,1.000000,"[""name_prefix"",""index_contiguity"",""structural_similarity""]","{""index_contiguity_score"":1.0,""name_prefix"":""y"",""name_prefix_score"":0.2,""structural_similarity_score"":1.0}",0,y,exact,1,semantic_bus_hypothesis_v1
boolean_parity_w2__rewrite__whole_output_cone__inf__input__a,boolean_parity_w2__rewrite__whole_output_cone,inferred_bus_mode,false,true,input,data_operand,"[""a_0"",""a_1""]","[""a_0"",""a_1""]",2,lsb_to_msb,unknown,0.880000,1.000000,0.800000,"[""name_prefix"",""index_contiguity"",""structural_similarity""]","{""index_contiguity_score"":1.0,""name_prefix"":""a"",""name_prefix_score"":1.0,""structural_similarity_score"":0.6}",0,a,exact,1,semantic_bus_hypothesis_v1
boolean_parity_w2__rewrite__whole_output_cone__inf__output__y,boolean_parity_w2__rewrite__whole_output_cone,inferred_bus_mode,false,true,output,output,"[""y""]","[""y""]",1,lsb_to_msb,unknown,0.640000,0.500000,1.000000,"[""name_prefix"",""index_contiguity"",""structural_similarity""]","{""index_contiguity_score"":1.0,""name_prefix"":""y"",""name_prefix_score"":0.2,""structural_similarity_score"":1.0}",0,y,exact,1,semantic_bus_hypothesis_v1
boolean_parity_w3__balance__whole_output_cone__inf__input__a,boolean_parity_w3__balance__whole_output_cone,inferred_bus_mode,false,true,input,data_operand,"[""a_0"",""a_1"",""a_2""]","[""a_0"",""a_1"",""a_2""]",3,lsb_to_msb,unknown,0.836364,1.000000,0.800000,"[""name_prefix"",""index_contiguity"",""structural_similarity""]","{""index_contiguity_score"":1.0,""name_prefix"":""a"",""name_prefix_score"":1.0,""structural_similarity_score"":0.454545}",0,a,exact,1,semantic_bus_hypothesis_v1
boolean_parity_w3__balance__whole_output_cone__inf__output__y,boolean_parity_w3__balance__whole_output_cone,inferred_bus_mode,false,true,output,output,"[""y""]","[""y""]",1,lsb_to_msb,unknown,0.640000,0.500000,1.000000,"[""name_prefix"",""index_contiguity"",""structural_similarity""]","{""index_contiguity_score"":1.0,""name_prefix"":""y"",""name_prefix_score"":0.2,""structural_similarity_score"":1.0}",0,y,exact,1,semantic_bus_hypothesis_v1
boolean_parity_w3__compress2rs__whole_output_cone__inf__input__a,boolean_parity_w3__compress2rs__whole_output_cone,inferred_bus_mode,false,true,input,data_operand,"[""a_0"",""a_1"",""a_2""]","[""a_0"",""a_1"",""a_2""]",3,lsb_to_msb,unknown,0.850000,1.000000,0.800000,"[""name_prefix"",""index_contiguity"",""structural_similarity""]","{""index_contiguity_score"":1.0,""name_prefix"":""a"",""name_prefix_score"":1.0,""structural_similarity_score"":0.5}",0,a,exact,1,semantic_bus_hypothesis_v1
boolean_parity_w3__compress2rs__whole_output_cone__inf__output__y,boolean_parity_w3__compress2rs__whole_output_cone,inferred_bus_mode,false,true,output,output,"[""y""]","[""y""]",1,lsb_to_msb,unknown,0.640000,0.500000,1.000000,"[""name_prefix"",""index_contiguity"",""structural_similarity""]","{""index_contiguity_score"":1.0,""name_prefix"":""y"",""name_prefix_score"":0.2,""structural_similarity_score"":1.0}",0,y,exact,1,semantic_bus_hypothesis_v1
boolean_parity_w3__dc2__whole_output_cone__inf__input__a,boolean_parity_w3__dc2__whole_output_cone,inferred_bus_mode,false,true,input,data_operand,"[""a_0"",""a_1"",""a_2""]","[""a_0"",""a_1"",""a_2""]",3,lsb_to_msb,unknown,0.850000,1.000000,0.800000,"[""name_prefix"",""index_contiguity"",""structural_similarity""]","{""index_contiguity_score"":1.0,""name_prefix"":""a"",""name_prefix_score"":1.0,""structural_similarity_score"":0.5}",0,a,exact,1,semantic_bus_hypothesis_v1
boolean_parity_w3__dc2__whole_output_cone__inf__output__y,boolean_parity_w3__dc2__whole_output_cone,inferred_bus_mode,false,true,output,output,"[""y""]","[""y""]",1,lsb_to_msb,unknown,0.640000,0.500000,1.000000,"[""name_prefix"",""index_contiguity"",""structural_similarity""]","{""index_contiguity_score"":1.0,""name_prefix"":""y"",""name_prefix_score"":0.2,""structural_similarity_score"":1.0}",0,y,exact,1,semantic_bus_hypothesis_v1
boolean_parity_w3__identity__ground_truth_region__inf__input__a,boolean_parity_w3__identity__ground_truth_region,inferred_bus_mode,false,true,input,data_operand,"[""a_0"",""a_1"",""a_2""]","[""a_0"",""a_1"",""a_2""]",3,lsb_to_msb,unknown,0.800000,1.000000,0.800000,"[""name_prefix"",""index_contiguity"",""structural_similarity""]","{""index_contiguity_score"":1.0,""name_prefix"":""a"",""name_prefix_score"":1.0,""structural_similarity_score"":0.333333}",0,a,exact,1,semantic_bus_hypothesis_v1
boolean_parity_w3__identity__ground_truth_region__inf__output__y,boolean_parity_w3__identity__ground_truth_region,inferred_bus_mode,false,true,output,output,"[""y""]","[""y""]",1,lsb_to_msb,unknown,0.640000,0.500000,1.000000,"[""name_prefix"",""index_contiguity"",""structural_similarity""]","{""index_contiguity_score"":1.0,""name_prefix"":""y"",""name_prefix_score"":0.2,""structural_similarity_score"":1.0}",0,y,exact,1,semantic_bus_hypothesis_v1
boolean_parity_w3__identity__whole_output_cone__inf__input__a,boolean_parity_w3__identity__whole_output_cone,inferred_bus_mode,false,true,input,data_operand,"[""a_0"",""a_1"",""a_2""]","[""a_0"",""a_1"",""a_2""]",3,lsb_to_msb,unknown,0.800000,1.000000,0.800000,"[""name_prefix"",""index_contiguity"",""structural_similarity""]","{""index_contiguity_score"":1.0,""name_prefix"":""a"",""name_prefix_score"":1.0,""structural_similarity_score"":0.333333}",0,a,exact,1,semantic_bus_hypothesis_v1
boolean_parity_w3__identity__whole_output_cone__inf__output__y,boolean_parity_w3__identity__whole_output_cone,inferred_bus_mode,false,true,output,output,"[""y""]","[""y""]",1,lsb_to_msb,unknown,0.640000,0.500000,1.000000,"[""name_prefix"",""index_contiguity"",""structural_similarity""]","{""index_contiguity_score"":1.0,""name_prefix"":""y"",""name_prefix_score"":0.2,""structural_similarity_score"":1.0}",0,y,exact,1,semantic_bus_hypothesis_v1
boolean_parity_w3__refactor__whole_output_cone__inf__input__a,boolean_parity_w3__refactor__whole_output_cone,inferred_bus_mode,false,true,input,data_operand,"[""a_0"",""a_1"",""a_2""]","[""a_0"",""a_1"",""a_2""]",3,lsb_to_msb,unknown,0.850000,1.000000,0.800000,"[""name_prefix"",""index_contiguity"",""structural_similarity""]","{""index_contiguity_score"":1.0,""name_prefix"":""a"",""name_prefix_score"":1.0,""structural_similarity_score"":0.5}",0,a,exact,1,semantic_bus_hypothesis_v1
boolean_parity_w3__refactor__whole_output_cone__inf__output__y,boolean_parity_w3__refactor__whole_output_cone,inferred_bus_mode,false,true,output,output,"[""y""]","[""y""]",1,lsb_to_msb,unknown,0.640000,0.500000,1.000000,"[""name_prefix"",""index_contiguity"",""structural_similarity""]","{""index_contiguity_score"":1.0,""name_prefix"":""y"",""name_prefix_score"":0.2,""structural_similarity_score"":1.0}",0,y,exact,1,semantic_bus_hypothesis_v1
boolean_parity_w3__resub__whole_output_cone__inf__input__a,boolean_parity_w3__resub__whole_output_cone,inferred_bus_mode,false,true,input,data_operand,"[""a_0"",""a_1"",""a_2""]","[""a_0"",""a_1"",""a_2""]",3,lsb_to_msb,unknown,0.850000,1.000000,0.800000,"[""name_prefix"",""index_contiguity"",""structural_similarity""]","{""index_contiguity_score"":1.0,""name_prefix"":""a"",""name_prefix_score"":1.0,""structural_similarity_score"":0.5}",0,a,exact,1,semantic_bus_hypothesis_v1
boolean_parity_w3__resub__whole_output_cone__inf__output__y,boolean_parity_w3__resub__whole_output_cone,inferred_bus_mode,false,true,output,output,"[""y""]","[""y""]",1,lsb_to_msb,unknown,0.640000,0.500000,1.000000,"[""name_prefix"",""index_contiguity"",""structural_similarity""]","{""index_contiguity_score"":1.0,""name_prefix"":""y"",""name_prefix_score"":0.2,""structural_similarity_score"":1.0}",0,y,exact,1,semantic_bus_hypothesis_v1
boolean_parity_w3__resyn__whole_output_cone__inf__input__a,boolean_parity_w3__resyn__whole_output_cone,inferred_bus_mode,false,true,input,data_operand,"[""a_0"",""a_1"",""a_2""]","[""a_0"",""a_1"",""a_2""]",3,lsb_to_msb,unknown,0.836364,1.000000,0.800000,"[""name_prefix"",""index_contiguity"",""structural_similarity""]","{""index_contiguity_score"":1.0,""name_prefix"":""a"",""name_prefix_score"":1.0,""structural_similarity_score"":0.454545}",0,a,exact,1,semantic_bus_hypothesis_v1
boolean_parity_w3__resyn__whole_output_cone__inf__output__y,boolean_parity_w3__resyn__whole_output_cone,inferred_bus_mode,false,true,output,output,"[""y""]","[""y""]",1,lsb_to_msb,unknown,0.640000,0.500000,1.000000,"[""name_prefix"",""index_contiguity"",""structural_similarity""]","{""index_contiguity_score"":1.0,""name_prefix"":""y"",""name_prefix_score"":0.2,""structural_similarity_score"":1.0}",0,y,exact,1,semantic_bus_hypothesis_v1
boolean_parity_w3__resyn2__whole_output_cone__inf__input__a,boolean_parity_w3__resyn2__whole_output_cone,inferred_bus_mode,false,true,input,data_operand,"[""a_0"",""a_1"",""a_2""]","[""a_0"",""a_1"",""a_2""]",3,lsb_to_msb,unknown,0.850000,1.000000,0.800000,"[""name_prefix"",""index_contiguity"",""structural_similarity""]","{""index_contiguity_score"":1.0,""name_prefix"":""a"",""name_prefix_score"":1.0,""structural_similarity_score"":0.5}",0,a,exact,1,semantic_bus_hypothesis_v1
boolean_parity_w3__resyn2__whole_output_cone__inf__output__y,boolean_parity_w3__resyn2__whole_output_cone,inferred_bus_mode,false,true,output,output,"[""y""]","[""y""]",1,lsb_to_msb,unknown,0.640000,0.500000,1.000000,"[""name_prefix"",""index_contiguity"",""structural_similarity""]","{""index_contiguity_score"":1.0,""name_prefix"":""y"",""name_prefix_score"":0.2,""structural_similarity_score"":1.0}",0,y,exact,1,semantic_bus_hypothesis_v1
boolean_parity_w3__rewrite__whole_output_cone__inf__input__a,boolean_parity_w3__rewrite__whole_output_cone,inferred_bus_mode,false,true,input,data_operand,"[""a_0"",""a_1"",""a_2""]","[""a_0"",""a_1"",""a_2""]",3,lsb_to_msb,unknown,0.836364,1.000000,0.800000,"[""name_prefix"",""index_contiguity"",""structural_similarity""]","{""index_contiguity_score"":1.0,""name_prefix"":""a"",""name_prefix_score"":1.0,""structural_similarity_score"":0.454545}",0,a,exact,1,semantic_bus_hypothesis_v1
boolean_parity_w3__rewrite__whole_output_cone__inf__output__y,boolean_parity_w3__rewrite__whole_output_cone,inferred_bus_mode,false,true,output,output,"[""y""]","[""y""]",1,lsb_to_msb,unknown,0.640000,0.500000,1.000000,"[""name_prefix"",""index_contiguity"",""structural_similarity""]","{""index_contiguity_score"":1.0,""name_prefix"":""y"",""name_prefix_score"":0.2,""structural_similarity_score"":1.0}",0,y,exact,1,semantic_bus_hypothesis_v1
boolean_parity_w4__balance__whole_output_cone__inf__input__a,boolean_parity_w4__balance__whole_output_cone,inferred_bus_mode,false,true,input,data_operand,"[""a_0"",""a_1"",""a_2"",""a_3""]","[""a_0"",""a_1"",""a_2"",""a_3""]",4,lsb_to_msb,unknown,0.817112,1.000000,0.800000,"[""name_prefix"",""index_contiguity"",""structural_similarity""]","{""index_contiguity_score"":1.0,""name_prefix"":""a"",""name_prefix_score"":1.0,""structural_similarity_score"":0.390374}",0,a,exact,1,semantic_bus_hypothesis_v1
boolean_parity_w4__balance__whole_output_cone__inf__output__y,boolean_parity_w4__balance__whole_output_cone,inferred_bus_mode,false,true,output,output,"[""y""]","[""y""]",1,lsb_to_msb,unknown,0.640000,0.500000,1.000000,"[""name_prefix"",""index_contiguity"",""structural_similarity""]","{""index_contiguity_score"":1.0,""name_prefix"":""y"",""name_prefix_score"":0.2,""structural_similarity_score"":1.0}",0,y,exact,1,semantic_bus_hypothesis_v1
boolean_parity_w4__compress2rs__whole_output_cone__inf__input__a,boolean_parity_w4__compress2rs__whole_output_cone,inferred_bus_mode,false,true,input,data_operand,"[""a_0"",""a_1"",""a_2"",""a_3""]","[""a_0"",""a_1"",""a_2"",""a_3""]",4,lsb_to_msb,unknown,0.829545,1.000000,0.800000,"[""name_prefix"",""index_contiguity"",""structural_similarity""]","{""index_contiguity_score"":1.0,""name_prefix"":""a"",""name_prefix_score"":1.0,""structural_similarity_score"":0.431818}",0,a,exact,1,semantic_bus_hypothesis_v1
boolean_parity_w4__compress2rs__whole_output_cone__inf__output__y,boolean_parity_w4__compress2rs__whole_output_cone,inferred_bus_mode,false,true,output,output,"[""y""]","[""y""]",1,lsb_to_msb,unknown,0.640000,0.500000,1.000000,"[""name_prefix"",""index_contiguity"",""structural_similarity""]","{""index_contiguity_score"":1.0,""name_prefix"":""y"",""name_prefix_score"":0.2,""structural_similarity_score"":1.0}",0,y,exact,1,semantic_bus_hypothesis_v1
boolean_parity_w4__dc2__whole_output_cone__inf__input__a,boolean_parity_w4__dc2__whole_output_cone,inferred_bus_mode,false,true,input,data_operand,"[""a_0"",""a_1"",""a_2"",""a_3""]","[""a_0"",""a_1"",""a_2"",""a_3""]",4,lsb_to_msb,unknown,0.829545,1.000000,0.800000,"[""name_prefix"",""index_contiguity"",""structural_similarity""]","{""index_contiguity_score"":1.0,""name_prefix"":""a"",""name_prefix_score"":1.0,""structural_similarity_score"":0.431818}",0,a,exact,1,semantic_bus_hypothesis_v1
boolean_parity_w4__dc2__whole_output_cone__inf__output__y,boolean_parity_w4__dc2__whole_output_cone,inferred_bus_mode,false,true,output,output,"[""y""]","[""y""]",1,lsb_to_msb,unknown,0.640000,0.500000,1.000000,"[""name_prefix"",""index_contiguity"",""structural_similarity""]","{""index_contiguity_score"":1.0,""name_prefix"":""y"",""name_prefix_score"":0.2,""structural_similarity_score"":1.0}",0,y,exact,1,semantic_bus_hypothesis_v1
boolean_parity_w4__identity__ground_truth_region__inf__input__a,boolean_parity_w4__identity__ground_truth_region,inferred_bus_mode,false,true,input,data_operand,"[""a_0"",""a_1"",""a_2"",""a_3""]","[""a_0"",""a_1"",""a_2"",""a_3""]",4,lsb_to_msb,unknown,0.800000,1.000000,0.800000,"[""name_prefix"",""index_contiguity"",""structural_similarity""]","{""index_contiguity_score"":1.0,""name_prefix"":""a"",""name_prefix_score"":1.0,""structural_similarity_score"":0.333333}",0,a,exact,1,semantic_bus_hypothesis_v1
boolean_parity_w4__identity__ground_truth_region__inf__output__y,boolean_parity_w4__identity__ground_truth_region,inferred_bus_mode,false,true,output,output,"[""y""]","[""y""]",1,lsb_to_msb,unknown,0.640000,0.500000,1.000000,"[""name_prefix"",""index_contiguity"",""structural_similarity""]","{""index_contiguity_score"":1.0,""name_prefix"":""y"",""name_prefix_score"":0.2,""structural_similarity_score"":1.0}",0,y,exact,1,semantic_bus_hypothesis_v1
boolean_parity_w4__identity__whole_output_cone__inf__input__a,boolean_parity_w4__identity__whole_output_cone,inferred_bus_mode,false,true,input,data_operand,"[""a_0"",""a_1"",""a_2"",""a_3""]","[""a_0"",""a_1"",""a_2"",""a_3""]",4,lsb_to_msb,unknown,0.800000,1.000000,0.800000,"[""name_prefix"",""index_contiguity"",""structural_similarity""]","{""index_contiguity_score"":1.0,""name_prefix"":""a"",""name_prefix_score"":1.0,""structural_similarity_score"":0.333333}",0,a,exact,1,semantic_bus_hypothesis_v1
boolean_parity_w4__identity__whole_output_cone__inf__output__y,boolean_parity_w4__identity__whole_output_cone,inferred_bus_mode,false,true,output,output,"[""y""]","[""y""]",1,lsb_to_msb,unknown,0.640000,0.500000,1.000000,"[""name_prefix"",""index_contiguity"",""structural_similarity""]","{""index_contiguity_score"":1.0,""name_prefix"":""y"",""name_prefix_score"":0.2,""structural_similarity_score"":1.0}",0,y,exact,1,semantic_bus_hypothesis_v1
boolean_parity_w4__refactor__whole_output_cone__inf__input__a,boolean_parity_w4__refactor__whole_output_cone,inferred_bus_mode,false,true,input,data_operand,"[""a_0"",""a_1"",""a_2"",""a_3""]","[""a_0"",""a_1"",""a_2"",""a_3""]",4,lsb_to_msb,unknown,0.829545,1.000000,0.800000,"[""name_prefix"",""index_contiguity"",""structural_similarity""]","{""index_contiguity_score"":1.0,""name_prefix"":""a"",""name_prefix_score"":1.0,""structural_similarity_score"":0.431818}",0,a,exact,1,semantic_bus_hypothesis_v1
boolean_parity_w4__refactor__whole_output_cone__inf__output__y,boolean_parity_w4__refactor__whole_output_cone,inferred_bus_mode,false,true,output,output,"[""y""]","[""y""]",1,lsb_to_msb,unknown,0.640000,0.500000,1.000000,"[""name_prefix"",""index_contiguity"",""structural_similarity""]","{""index_contiguity_score"":1.0,""name_prefix"":""y"",""name_prefix_score"":0.2,""structural_similarity_score"":1.0}",0,y,exact,1,semantic_bus_hypothesis_v1
boolean_parity_w4__resub__whole_output_cone__inf__input__a,boolean_parity_w4__resub__whole_output_cone,inferred_bus_mode,false,true,input,data_operand,"[""a_0"",""a_1"",""a_2"",""a_3""]","[""a_0"",""a_1"",""a_2"",""a_3""]",4,lsb_to_msb,unknown,0.829545,1.000000,0.800000,"[""name_prefix"",""index_contiguity"",""structural_similarity""]","{""index_contiguity_score"":1.0,""name_prefix"":""a"",""name_prefix_score"":1.0,""structural_similarity_score"":0.431818}",0,a,exact,1,semantic_bus_hypothesis_v1
boolean_parity_w4__resub__whole_output_cone__inf__output__y,boolean_parity_w4__resub__whole_output_cone,inferred_bus_mode,false,true,output,output,"[""y""]","[""y""]",1,lsb_to_msb,unknown,0.640000,0.500000,1.000000,"[""name_prefix"",""index_contiguity"",""structural_similarity""]","{""index_contiguity_score"":1.0,""name_prefix"":""y"",""name_prefix_score"":0.2,""structural_similarity_score"":1.0}",0,y,exact,1,semantic_bus_hypothesis_v1
boolean_parity_w4__resyn__whole_output_cone__inf__input__a,boolean_parity_w4__resyn__whole_output_cone,inferred_bus_mode,false,true,input,data_operand,"[""a_0"",""a_1"",""a_2"",""a_3""]","[""a_0"",""a_1"",""a_2"",""a_3""]",4,lsb_to_msb,unknown,0.829545,1.000000,0.800000,"[""name_prefix"",""index_contiguity"",""structural_similarity""]","{""index_contiguity_score"":1.0,""name_prefix"":""a"",""name_prefix_score"":1.0,""structural_similarity_score"":0.431818}",0,a,exact,1,semantic_bus_hypothesis_v1
boolean_parity_w4__resyn__whole_output_cone__inf__output__y,boolean_parity_w4__resyn__whole_output_cone,inferred_bus_mode,false,true,output,output,"[""y""]","[""y""]",1,lsb_to_msb,unknown,0.640000,0.500000,1.000000,"[""name_prefix"",""index_contiguity"",""structural_similarity""]","{""index_contiguity_score"":1.0,""name_prefix"":""y"",""name_prefix_score"":0.2,""structural_similarity_score"":1.0}",0,y,exact,1,semantic_bus_hypothesis_v1
boolean_parity_w4__resyn2__whole_output_cone__inf__input__a,boolean_parity_w4__resyn2__whole_output_cone,inferred_bus_mode,false,true,input,data_operand,"[""a_0"",""a_1"",""a_2"",""a_3""]","[""a_0"",""a_1"",""a_2"",""a_3""]",4,lsb_to_msb,unknown,0.829545,1.000000,0.800000,"[""name_prefix"",""index_contiguity"",""structural_similarity""]","{""index_contiguity_score"":1.0,""name_prefix"":""a"",""name_prefix_score"":1.0,""structural_similarity_score"":0.431818}",0,a,exact,1,semantic_bus_hypothesis_v1
boolean_parity_w4__resyn2__whole_output_cone__inf__output__y,boolean_parity_w4__resyn2__whole_output_cone,inferred_bus_mode,false,true,output,output,"[""y""]","[""y""]",1,lsb_to_msb,unknown,0.640000,0.500000,1.000000,"[""name_prefix"",""index_contiguity"",""structural_similarity""]","{""index_contiguity_score"":1.0,""name_prefix"":""y"",""name_prefix_score"":0.2,""structural_similarity_score"":1.0}",0,y,exact,1,semantic_bus_hypothesis_v1
boolean_parity_w4__rewrite__whole_output_cone__inf__input__a,boolean_parity_w4__rewrite__whole_output_cone,inferred_bus_mode,false,true,input,data_operand,"[""a_0"",""a_1"",""a_2"",""a_3""]","[""a_0"",""a_1"",""a_2"",""a_3""]",4,lsb_to_msb,unknown,0.821266,1.000000,0.800000,"[""name_prefix"",""index_contiguity"",""structural_similarity""]","{""index_contiguity_score"":1.0,""name_prefix"":""a"",""name_prefix_score"":1.0,""structural_similarity_score"":0.404221}",0,a,exact,1,semantic_bus_hypothesis_v1
boolean_parity_w4__rewrite__whole_output_cone__inf__output__y,boolean_parity_w4__rewrite__whole_output_cone,inferred_bus_mode,false,true,output,output,"[""y""]","[""y""]",1,lsb_to_msb,unknown,0.640000,0.500000,1.000000,"[""name_prefix"",""index_contiguity"",""structural_similarity""]","{""index_contiguity_score"":1.0,""name_prefix"":""y"",""name_prefix_score"":0.2,""structural_similarity_score"":1.0}",0,y,exact,1,semantic_bus_hypothesis_v1
boolean_parity_w6__identity__ground_truth_region__inf__input__a,boolean_parity_w6__identity__ground_truth_region,inferred_bus_mode,false,true,input,data_operand,"[""a_0"",""a_1"",""a_2"",""a_3"",""a_4"",""a_5""]","[""a_0"",""a_1"",""a_2"",""a_3"",""a_4"",""a_5""]",6,lsb_to_msb,unknown,0.800000,1.000000,0.800000,"[""name_prefix"",""index_contiguity"",""structural_similarity""]","{""index_contiguity_score"":1.0,""name_prefix"":""a"",""name_prefix_score"":1.0,""structural_similarity_score"":0.333333}",0,a,exact,1,semantic_bus_hypothesis_v1
boolean_parity_w6__identity__ground_truth_region__inf__output__y,boolean_parity_w6__identity__ground_truth_region,inferred_bus_mode,false,true,output,output,"[""y""]","[""y""]",1,lsb_to_msb,unknown,0.640000,0.500000,1.000000,"[""name_prefix"",""index_contiguity"",""structural_similarity""]","{""index_contiguity_score"":1.0,""name_prefix"":""y"",""name_prefix_score"":0.2,""structural_similarity_score"":1.0}",0,y,exact,1,semantic_bus_hypothesis_v1
boolean_parity_w6__identity__whole_output_cone__inf__input__a,boolean_parity_w6__identity__whole_output_cone,inferred_bus_mode,false,true,input,data_operand,"[""a_0"",""a_1"",""a_2"",""a_3"",""a_4"",""a_5""]","[""a_0"",""a_1"",""a_2"",""a_3"",""a_4"",""a_5""]",6,lsb_to_msb,unknown,0.800000,1.000000,0.800000,"[""name_prefix"",""index_contiguity"",""structural_similarity""]","{""index_contiguity_score"":1.0,""name_prefix"":""a"",""name_prefix_score"":1.0,""structural_similarity_score"":0.333333}",0,a,exact,1,semantic_bus_hypothesis_v1
boolean_parity_w6__identity__whole_output_cone__inf__output__y,boolean_parity_w6__identity__whole_output_cone,inferred_bus_mode,false,true,output,output,"[""y""]","[""y""]",1,lsb_to_msb,unknown,0.640000,0.500000,1.000000,"[""name_prefix"",""index_contiguity"",""structural_similarity""]","{""index_contiguity_score"":1.0,""name_prefix"":""y"",""name_prefix_score"":0.2,""structural_similarity_score"":1.0}",0,y,exact,1,semantic_bus_hypothesis_v1
boolean_parity_w8__identity__ground_truth_region__inf__input__a,boolean_parity_w8__identity__ground_truth_region,inferred_bus_mode,false,true,input,data_operand,"[""a_0"",""a_1"",""a_2"",""a_3"",""a_4"",""a_5"",""a_6"",""a_7""]","[""a_0"",""a_1"",""a_2"",""a_3"",""a_4"",""a_5"",""a_6"",""a_7""]",8,lsb_to_msb,unknown,0.800000,1.000000,0.800000,"[""name_prefix"",""index_contiguity"",""structural_similarity""]","{""index_contiguity_score"":1.0,""name_prefix"":""a"",""name_prefix_score"":1.0,""structural_similarity_score"":0.333333}",0,a,exact,1,semantic_bus_hypothesis_v1
boolean_parity_w8__identity__ground_truth_region__inf__output__y,boolean_parity_w8__identity__ground_truth_region,inferred_bus_mode,false,true,output,output,"[""y""]","[""y""]",1,lsb_to_msb,unknown,0.640000,0.500000,1.000000,"[""name_prefix"",""index_contiguity"",""structural_similarity""]","{""index_contiguity_score"":1.0,""name_prefix"":""y"",""name_prefix_score"":0.2,""structural_similarity_score"":1.0}",0,y,exact,1,semantic_bus_hypothesis_v1
boolean_parity_w8__identity__whole_output_cone__inf__input__a,boolean_parity_w8__identity__whole_output_cone,inferred_bus_mode,false,true,input,data_operand,"[""a_0"",""a_1"",""a_2"",""a_3"",""a_4"",""a_5"",""a_6"",""a_7""]","[""a_0"",""a_1"",""a_2"",""a_3"",""a_4"",""a_5"",""a_6"",""a_7""]",8,lsb_to_msb,unknown,0.800000,1.000000,0.800000,"[""name_prefix"",""index_contiguity"",""structural_similarity""]","{""index_contiguity_score"":1.0,""name_prefix"":""a"",""name_prefix_score"":1.0,""structural_similarity_score"":0.333333}",0,a,exact,1,semantic_bus_hypothesis_v1
boolean_parity_w8__identity__whole_output_cone__inf__output__y,boolean_parity_w8__identity__whole_output_cone,inferred_bus_mode,false,true,output,output,"[""y""]","[""y""]",1,lsb_to_msb,unknown,0.640000,0.500000,1.000000,"[""name_prefix"",""index_contiguity"",""structural_similarity""]","{""index_contiguity_score"":1.0,""name_prefix"":""y"",""name_prefix_score"":0.2,""structural_similarity_score"":1.0}",0,y,exact,1,semantic_bus_hypothesis_v1
comparison_eq_w2__balance__whole_output_cone__inf__input__a,comparison_eq_w2__balance__whole_output_cone,inferred_bus_mode,false,true,input,data_operand,"[""a_0"",""a_1""]","[""a_0"",""a_1""]",2,lsb_to_msb,unknown,0.733333,1.000000,0.800000,"[""name_prefix"",""index_contiguity"",""structural_similarity""]","{""index_contiguity_score"":1.0,""name_prefix"":""a"",""name_prefix_score"":1.0,""structural_similarity_score"":0.111111}",0,a,exact,1,semantic_bus_hypothesis_v1
comparison_eq_w2__balance__whole_output_cone__inf__output__y,comparison_eq_w2__balance__whole_output_cone,inferred_bus_mode,false,true,output,output,"[""y""]","[""y""]",1,lsb_to_msb,unknown,0.640000,0.500000,1.000000,"[""name_prefix"",""index_contiguity"",""structural_similarity""]","{""index_contiguity_score"":1.0,""name_prefix"":""y"",""name_prefix_score"":0.2,""structural_similarity_score"":1.0}",0,y,exact,1,semantic_bus_hypothesis_v1
comparison_eq_w2__compress2rs__whole_output_cone__inf__input__a,comparison_eq_w2__compress2rs__whole_output_cone,inferred_bus_mode,false,true,input,data_operand,"[""a_0"",""a_1""]","[""a_0"",""a_1""]",2,lsb_to_msb,unknown,0.733333,1.000000,0.800000,"[""name_prefix"",""index_contiguity"",""structural_similarity""]","{""index_contiguity_score"":1.0,""name_prefix"":""a"",""name_prefix_score"":1.0,""structural_similarity_score"":0.111111}",0,a,exact,1,semantic_bus_hypothesis_v1
comparison_eq_w2__compress2rs__whole_output_cone__inf__output__y,comparison_eq_w2__compress2rs__whole_output_cone,inferred_bus_mode,false,true,output,output,"[""y""]","[""y""]",1,lsb_to_msb,unknown,0.640000,0.500000,1.000000,"[""name_prefix"",""index_contiguity"",""structural_similarity""]","{""index_contiguity_score"":1.0,""name_prefix"":""y"",""name_prefix_score"":0.2,""structural_similarity_score"":1.0}",0,y,exact,1,semantic_bus_hypothesis_v1
comparison_eq_w2__dc2__whole_output_cone__inf__input__a,comparison_eq_w2__dc2__whole_output_cone,inferred_bus_mode,false,true,input,data_operand,"[""a_0"",""a_1""]","[""a_0"",""a_1""]",2,lsb_to_msb,unknown,0.733333,1.000000,0.800000,"[""name_prefix"",""index_contiguity"",""structural_similarity""]","{""index_contiguity_score"":1.0,""name_prefix"":""a"",""name_prefix_score"":1.0,""structural_similarity_score"":0.111111}",0,a,exact,1,semantic_bus_hypothesis_v1
comparison_eq_w2__dc2__whole_output_cone__inf__output__y,comparison_eq_w2__dc2__whole_output_cone,inferred_bus_mode,false,true,output,output,"[""y""]","[""y""]",1,lsb_to_msb,unknown,0.640000,0.500000,1.000000,"[""name_prefix"",""index_contiguity"",""structural_similarity""]","{""index_contiguity_score"":1.0,""name_prefix"":""y"",""name_prefix_score"":0.2,""structural_similarity_score"":1.0}",0,y,exact,1,semantic_bus_hypothesis_v1
comparison_eq_w2__identity__ground_truth_region__inf__input__a,comparison_eq_w2__identity__ground_truth_region,inferred_bus_mode,false,true,input,data_operand,"[""a_0"",""a_1""]","[""a_0"",""a_1""]",2,lsb_to_msb,unknown,0.800000,1.000000,0.800000,"[""name_prefix"",""index_contiguity"",""structural_similarity""]","{""index_contiguity_score"":1.0,""name_prefix"":""a"",""name_prefix_score"":1.0,""structural_similarity_score"":0.333333}",0,a,exact,1,semantic_bus_hypothesis_v1
comparison_eq_w2__identity__ground_truth_region__inf__output__y,comparison_eq_w2__identity__ground_truth_region,inferred_bus_mode,false,true,output,output,"[""y""]","[""y""]",1,lsb_to_msb,unknown,0.640000,0.500000,1.000000,"[""name_prefix"",""index_contiguity"",""structural_similarity""]","{""index_contiguity_score"":1.0,""name_prefix"":""y"",""name_prefix_score"":0.2,""structural_similarity_score"":1.0}",0,y,exact,1,semantic_bus_hypothesis_v1
comparison_eq_w2__identity__whole_output_cone__inf__input__a,comparison_eq_w2__identity__whole_output_cone,inferred_bus_mode,false,true,input,data_operand,"[""a_0"",""a_1""]","[""a_0"",""a_1""]",2,lsb_to_msb,unknown,0.800000,1.000000,0.800000,"[""name_prefix"",""index_contiguity"",""structural_similarity""]","{""index_contiguity_score"":1.0,""name_prefix"":""a"",""name_prefix_score"":1.0,""structural_similarity_score"":0.333333}",0,a,exact,1,semantic_bus_hypothesis_v1
comparison_eq_w2__identity__whole_output_cone__inf__output__y,comparison_eq_w2__identity__whole_output_cone,inferred_bus_mode,false,true,output,output,"[""y""]","[""y""]",1,lsb_to_msb,unknown,0.640000,0.500000,1.000000,"[""name_prefix"",""index_contiguity"",""structural_similarity""]","{""index_contiguity_score"":1.0,""name_prefix"":""y"",""name_prefix_score"":0.2,""structural_similarity_score"":1.0}",0,y,exact,1,semantic_bus_hypothesis_v1
comparison_eq_w2__refactor__whole_output_cone__inf__input__a,comparison_eq_w2__refactor__whole_output_cone,inferred_bus_mode,false,true,input,data_operand,"[""a_0"",""a_1""]","[""a_0"",""a_1""]",2,lsb_to_msb,unknown,0.733333,1.000000,0.800000,"[""name_prefix"",""index_contiguity"",""structural_similarity""]","{""index_contiguity_score"":1.0,""name_prefix"":""a"",""name_prefix_score"":1.0,""structural_similarity_score"":0.111111}",0,a,exact,1,semantic_bus_hypothesis_v1
comparison_eq_w2__refactor__whole_output_cone__inf__output__y,comparison_eq_w2__refactor__whole_output_cone,inferred_bus_mode,false,true,output,output,"[""y""]","[""y""]",1,lsb_to_msb,unknown,0.640000,0.500000,1.000000,"[""name_prefix"",""index_contiguity"",""structural_similarity""]","{""index_contiguity_score"":1.0,""name_prefix"":""y"",""name_prefix_score"":0.2,""structural_similarity_score"":1.0}",0,y,exact,1,semantic_bus_hypothesis_v1
comparison_eq_w2__resub__whole_output_cone__inf__input__a,comparison_eq_w2__resub__whole_output_cone,inferred_bus_mode,false,true,input,data_operand,"[""a_0"",""a_1""]","[""a_0"",""a_1""]",2,lsb_to_msb,unknown,0.733333,1.000000,0.800000,"[""name_prefix"",""index_contiguity"",""structural_similarity""]","{""index_contiguity_score"":1.0,""name_prefix"":""a"",""name_prefix_score"":1.0,""structural_similarity_score"":0.111111}",0,a,exact,1,semantic_bus_hypothesis_v1
comparison_eq_w2__resub__whole_output_cone__inf__output__y,comparison_eq_w2__resub__whole_output_cone,inferred_bus_mode,false,true,output,output,"[""y""]","[""y""]",1,lsb_to_msb,unknown,0.640000,0.500000,1.000000,"[""name_prefix"",""index_contiguity"",""structural_similarity""]","{""index_contiguity_score"":1.0,""name_prefix"":""y"",""name_prefix_score"":0.2,""structural_similarity_score"":1.0}",0,y,exact,1,semantic_bus_hypothesis_v1
comparison_eq_w2__resyn__whole_output_cone__inf__input__a,comparison_eq_w2__resyn__whole_output_cone,inferred_bus_mode,false,true,input,data_operand,"[""a_0"",""a_1""]","[""a_0"",""a_1""]",2,lsb_to_msb,unknown,0.733333,1.000000,0.800000,"[""name_prefix"",""index_contiguity"",""structural_similarity""]","{""index_contiguity_score"":1.0,""name_prefix"":""a"",""name_prefix_score"":1.0,""structural_similarity_score"":0.111111}",0,a,exact,1,semantic_bus_hypothesis_v1
comparison_eq_w2__resyn__whole_output_cone__inf__output__y,comparison_eq_w2__resyn__whole_output_cone,inferred_bus_mode,false,true,output,output,"[""y""]","[""y""]",1,lsb_to_msb,unknown,0.640000,0.500000,1.000000,"[""name_prefix"",""index_contiguity"",""structural_similarity""]","{""index_contiguity_score"":1.0,""name_prefix"":""y"",""name_prefix_score"":0.2,""structural_similarity_score"":1.0}",0,y,exact,1,semantic_bus_hypothesis_v1
comparison_eq_w2__resyn2__whole_output_cone__inf__input__a,comparison_eq_w2__resyn2__whole_output_cone,inferred_bus_mode,false,true,input,data_operand,"[""a_0"",""a_1""]","[""a_0"",""a_1""]",2,lsb_to_msb,unknown,0.733333,1.000000,0.800000,"[""name_prefix"",""index_contiguity"",""structural_similarity""]","{""index_contiguity_score"":1.0,""name_prefix"":""a"",""name_prefix_score"":1.0,""structural_similarity_score"":0.111111}",0,a,exact,1,semantic_bus_hypothesis_v1
comparison_eq_w2__resyn2__whole_output_cone__inf__output__y,comparison_eq_w2__resyn2__whole_output_cone,inferred_bus_mode,false,true,output,output,"[""y""]","[""y""]",1,lsb_to_msb,unknown,0.640000,0.500000,1.000000,"[""name_prefix"",""index_contiguity"",""structural_similarity""]","{""index_contiguity_score"":1.0,""name_prefix"":""y"",""name_prefix_score"":0.2,""structural_similarity_score"":1.0}",0,y,exact,1,semantic_bus_hypothesis_v1
comparison_eq_w2__rewrite__whole_output_cone__inf__input__a,comparison_eq_w2__rewrite__whole_output_cone,inferred_bus_mode,false,true,input,data_operand,"[""a_0"",""a_1""]","[""a_0"",""a_1""]",2,lsb_to_msb,unknown,0.733333,1.000000,0.800000,"[""name_prefix"",""index_contiguity"",""structural_similarity""]","{""index_contiguity_score"":1.0,""name_prefix"":""a"",""name_prefix_score"":1.0,""structural_similarity_score"":0.111111}",0,a,exact,1,semantic_bus_hypothesis_v1
comparison_eq_w2__rewrite__whole_output_cone__inf__output__y,comparison_eq_w2__rewrite__whole_output_cone,inferred_bus_mode,false,true,output,output,"[""y""]","[""y""]",1,lsb_to_msb,unknown,0.640000,0.500000,1.000000,"[""name_prefix"",""index_contiguity"",""structural_similarity""]","{""index_contiguity_score"":1.0,""name_prefix"":""y"",""name_prefix_score"":0.2,""structural_similarity_score"":1.0}",0,y,exact,1,semantic_bus_hypothesis_v1
comparison_eq_w3__identity__ground_truth_region__inf__input__a,comparison_eq_w3__identity__ground_truth_region,inferred_bus_mode,false,true,input,data_operand,"[""a_0"",""a_1"",""a_2""]","[""a_0"",""a_1"",""a_2""]",3,lsb_to_msb,unknown,0.800000,1.000000,0.800000,"[""name_prefix"",""index_contiguity"",""structural_similarity""]","{""index_contiguity_score"":1.0,""name_prefix"":""a"",""name_prefix_score"":1.0,""structural_similarity_score"":0.333333}",0,a,exact,1,semantic_bus_hypothesis_v1
comparison_eq_w3__identity__ground_truth_region__inf__output__y,comparison_eq_w3__identity__ground_truth_region,inferred_bus_mode,false,true,output,output,"[""y""]","[""y""]",1,lsb_to_msb,unknown,0.640000,0.500000,1.000000,"[""name_prefix"",""index_contiguity"",""structural_similarity""]","{""index_contiguity_score"":1.0,""name_prefix"":""y"",""name_prefix_score"":0.2,""structural_similarity_score"":1.0}",0,y,exact,1,semantic_bus_hypothesis_v1
comparison_eq_w3__identity__whole_output_cone__inf__input__a,comparison_eq_w3__identity__whole_output_cone,inferred_bus_mode,false,true,input,data_operand,"[""a_0"",""a_1"",""a_2""]","[""a_0"",""a_1"",""a_2""]",3,lsb_to_msb,unknown,0.800000,1.000000,0.800000,"[""name_prefix"",""index_contiguity"",""structural_similarity""]","{""index_contiguity_score"":1.0,""name_prefix"":""a"",""name_prefix_score"":1.0,""structural_similarity_score"":0.333333}",0,a,exact,1,semantic_bus_hypothesis_v1
comparison_eq_w3__identity__whole_output_cone__inf__output__y,comparison_eq_w3__identity__whole_output_cone,inferred_bus_mode,false,true,output,output,"[""y""]","[""y""]",1,lsb_to_msb,unknown,0.640000,0.500000,1.000000,"[""name_prefix"",""index_contiguity"",""structural_similarity""]","{""index_contiguity_score"":1.0,""name_prefix"":""y"",""name_prefix_score"":0.2,""structural_similarity_score"":1.0}",0,y,exact,1,semantic_bus_hypothesis_v1
comparison_eq_w4__identity__ground_truth_region__inf__input__a,comparison_eq_w4__identity__ground_truth_region,inferred_bus_mode,false,true,input,data_operand,"[""a_0"",""a_1"",""a_2"",""a_3""]","[""a_0"",""a_1"",""a_2"",""a_3""]",4,lsb_to_msb,unknown,0.800000,1.000000,0.800000,"[""name_prefix"",""index_contiguity"",""structural_similarity""]","{""index_contiguity_score"":1.0,""name_prefix"":""a"",""name_prefix_score"":1.0,""structural_similarity_score"":0.333333}",0,a,exact,1,semantic_bus_hypothesis_v1
comparison_eq_w4__identity__ground_truth_region__inf__output__y,comparison_eq_w4__identity__ground_truth_region,inferred_bus_mode,false,true,output,output,"[""y""]","[""y""]",1,lsb_to_msb,unknown,0.640000,0.500000,1.000000,"[""name_prefix"",""index_contiguity"",""structural_similarity""]","{""index_contiguity_score"":1.0,""name_prefix"":""y"",""name_prefix_score"":0.2,""structural_similarity_score"":1.0}",0,y,exact,1,semantic_bus_hypothesis_v1
comparison_eq_w4__identity__whole_output_cone__inf__input__a,comparison_eq_w4__identity__whole_output_cone,inferred_bus_mode,false,true,input,data_operand,"[""a_0"",""a_1"",""a_2"",""a_3""]","[""a_0"",""a_1"",""a_2"",""a_3""]",4,lsb_to_msb,unknown,0.800000,1.000000,0.800000,"[""name_prefix"",""index_contiguity"",""structural_similarity""]","{""index_contiguity_score"":1.0,""name_prefix"":""a"",""name_prefix_score"":1.0,""structural_similarity_score"":0.333333}",0,a,exact,1,semantic_bus_hypothesis_v1
comparison_eq_w4__identity__whole_output_cone__inf__output__y,comparison_eq_w4__identity__whole_output_cone,inferred_bus_mode,false,true,output,output,"[""y""]","[""y""]",1,lsb_to_msb,unknown,0.640000,0.500000,1.000000,"[""name_prefix"",""index_contiguity"",""structural_similarity""]","{""index_contiguity_score"":1.0,""name_prefix"":""y"",""name_prefix_score"":0.2,""structural_similarity_score"":1.0}",0,y,exact,1,semantic_bus_hypothesis_v1
comparison_neq_w2__balance__whole_output_cone__inf__input__a,comparison_neq_w2__balance__whole_output_cone,inferred_bus_mode,false,true,input,data_operand,"[""a_0"",""a_1""]","[""a_0"",""a_1""]",2,lsb_to_msb,unknown,0.746154,1.000000,0.800000,"[""name_prefix"",""index_contiguity"",""structural_similarity""]","{""index_contiguity_score"":1.0,""name_prefix"":""a"",""name_prefix_score"":1.0,""structural_similarity_score"":0.153846}",0,a,exact,1,semantic_bus_hypothesis_v1
comparison_neq_w2__balance__whole_output_cone__inf__output__y,comparison_neq_w2__balance__whole_output_cone,inferred_bus_mode,false,true,output,output,"[""y""]","[""y""]",1,lsb_to_msb,unknown,0.640000,0.500000,1.000000,"[""name_prefix"",""index_contiguity"",""structural_similarity""]","{""index_contiguity_score"":1.0,""name_prefix"":""y"",""name_prefix_score"":0.2,""structural_similarity_score"":1.0}",0,y,exact,1,semantic_bus_hypothesis_v1
comparison_neq_w2__compress2rs__whole_output_cone__inf__input__a,comparison_neq_w2__compress2rs__whole_output_cone,inferred_bus_mode,false,true,input,data_operand,"[""a_0"",""a_1""]","[""a_0"",""a_1""]",2,lsb_to_msb,unknown,0.733333,1.000000,0.800000,"[""name_prefix"",""index_contiguity"",""structural_similarity""]","{""index_contiguity_score"":1.0,""name_prefix"":""a"",""name_prefix_score"":1.0,""structural_similarity_score"":0.111111}",0,a,exact,1,semantic_bus_hypothesis_v1
comparison_neq_w2__compress2rs__whole_output_cone__inf__output__y,comparison_neq_w2__compress2rs__whole_output_cone,inferred_bus_mode,false,true,output,output,"[""y""]","[""y""]",1,lsb_to_msb,unknown,0.640000,0.500000,1.000000,"[""name_prefix"",""index_contiguity"",""structural_similarity""]","{""index_contiguity_score"":1.0,""name_prefix"":""y"",""name_prefix_score"":0.2,""structural_similarity_score"":1.0}",0,y,exact,1,semantic_bus_hypothesis_v1
comparison_neq_w2__dc2__whole_output_cone__inf__input__a,comparison_neq_w2__dc2__whole_output_cone,inferred_bus_mode,false,true,input,data_operand,"[""a_0"",""a_1""]","[""a_0"",""a_1""]",2,lsb_to_msb,unknown,0.733333,1.000000,0.800000,"[""name_prefix"",""index_contiguity"",""structural_similarity""]","{""index_contiguity_score"":1.0,""name_prefix"":""a"",""name_prefix_score"":1.0,""structural_similarity_score"":0.111111}",0,a,exact,1,semantic_bus_hypothesis_v1
comparison_neq_w2__dc2__whole_output_cone__inf__output__y,comparison_neq_w2__dc2__whole_output_cone,inferred_bus_mode,false,true,output,output,"[""y""]","[""y""]",1,lsb_to_msb,unknown,0.640000,0.500000,1.000000,"[""name_prefix"",""index_contiguity"",""structural_similarity""]","{""index_contiguity_score"":1.0,""name_prefix"":""y"",""name_prefix_score"":0.2,""structural_similarity_score"":1.0}",0,y,exact,1,semantic_bus_hypothesis_v1
comparison_neq_w2__identity__ground_truth_region__inf__input__a,comparison_neq_w2__identity__ground_truth_region,inferred_bus_mode,false,true,input,data_operand,"[""a_0"",""a_1""]","[""a_0"",""a_1""]",2,lsb_to_msb,unknown,0.800000,1.000000,0.800000,"[""name_prefix"",""index_contiguity"",""structural_similarity""]","{""index_contiguity_score"":1.0,""name_prefix"":""a"",""name_prefix_score"":1.0,""structural_similarity_score"":0.333333}",0,a,exact,1,semantic_bus_hypothesis_v1
comparison_neq_w2__identity__ground_truth_region__inf__output__y,comparison_neq_w2__identity__ground_truth_region,inferred_bus_mode,false,true,output,output,"[""y""]","[""y""]",1,lsb_to_msb,unknown,0.640000,0.500000,1.000000,"[""name_prefix"",""index_contiguity"",""structural_similarity""]","{""index_contiguity_score"":1.0,""name_prefix"":""y"",""name_prefix_score"":0.2,""structural_similarity_score"":1.0}",0,y,exact,1,semantic_bus_hypothesis_v1
comparison_neq_w2__identity__whole_output_cone__inf__input__a,comparison_neq_w2__identity__whole_output_cone,inferred_bus_mode,false,true,input,data_operand,"[""a_0"",""a_1""]","[""a_0"",""a_1""]",2,lsb_to_msb,unknown,0.800000,1.000000,0.800000,"[""name_prefix"",""index_contiguity"",""structural_similarity""]","{""index_contiguity_score"":1.0,""name_prefix"":""a"",""name_prefix_score"":1.0,""structural_similarity_score"":0.333333}",0,a,exact,1,semantic_bus_hypothesis_v1
comparison_neq_w2__identity__whole_output_cone__inf__output__y,comparison_neq_w2__identity__whole_output_cone,inferred_bus_mode,false,true,output,output,"[""y""]","[""y""]",1,lsb_to_msb,unknown,0.640000,0.500000,1.000000,"[""name_prefix"",""index_contiguity"",""structural_similarity""]","{""index_contiguity_score"":1.0,""name_prefix"":""y"",""name_prefix_score"":0.2,""structural_similarity_score"":1.0}",0,y,exact,1,semantic_bus_hypothesis_v1
comparison_neq_w2__refactor__whole_output_cone__inf__input__a,comparison_neq_w2__refactor__whole_output_cone,inferred_bus_mode,false,true,input,data_operand,"[""a_0"",""a_1""]","[""a_0"",""a_1""]",2,lsb_to_msb,unknown,0.733333,1.000000,0.800000,"[""name_prefix"",""index_contiguity"",""structural_similarity""]","{""index_contiguity_score"":1.0,""name_prefix"":""a"",""name_prefix_score"":1.0,""structural_similarity_score"":0.111111}",0,a,exact,1,semantic_bus_hypothesis_v1
comparison_neq_w2__refactor__whole_output_cone__inf__output__y,comparison_neq_w2__refactor__whole_output_cone,inferred_bus_mode,false,true,output,output,"[""y""]","[""y""]",1,lsb_to_msb,unknown,0.640000,0.500000,1.000000,"[""name_prefix"",""index_contiguity"",""structural_similarity""]","{""index_contiguity_score"":1.0,""name_prefix"":""y"",""name_prefix_score"":0.2,""structural_similarity_score"":1.0}",0,y,exact,1,semantic_bus_hypothesis_v1
comparison_neq_w2__resub__whole_output_cone__inf__input__a,comparison_neq_w2__resub__whole_output_cone,inferred_bus_mode,false,true,input,data_operand,"[""a_0"",""a_1""]","[""a_0"",""a_1""]",2,lsb_to_msb,unknown,0.760000,1.000000,0.800000,"[""name_prefix"",""index_contiguity"",""structural_similarity""]","{""index_contiguity_score"":1.0,""name_prefix"":""a"",""name_prefix_score"":1.0,""structural_similarity_score"":0.2}",0,a,exact,1,semantic_bus_hypothesis_v1
comparison_neq_w2__resub__whole_output_cone__inf__output__y,comparison_neq_w2__resub__whole_output_cone,inferred_bus_mode,false,true,output,output,"[""y""]","[""y""]",1,lsb_to_msb,unknown,0.640000,0.500000,1.000000,"[""name_prefix"",""index_contiguity"",""structural_similarity""]","{""index_contiguity_score"":1.0,""name_prefix"":""y"",""name_prefix_score"":0.2,""structural_similarity_score"":1.0}",0,y,exact,1,semantic_bus_hypothesis_v1
comparison_neq_w2__resyn__whole_output_cone__inf__input__a,comparison_neq_w2__resyn__whole_output_cone,inferred_bus_mode,false,true,input,data_operand,"[""a_0"",""a_1""]","[""a_0"",""a_1""]",2,lsb_to_msb,unknown,0.733333,1.000000,0.800000,"[""name_prefix"",""index_contiguity"",""structural_similarity""]","{""index_contiguity_score"":1.0,""name_prefix"":""a"",""name_prefix_score"":1.0,""structural_similarity_score"":0.111111}",0,a,exact,1,semantic_bus_hypothesis_v1
comparison_neq_w2__resyn__whole_output_cone__inf__output__y,comparison_neq_w2__resyn__whole_output_cone,inferred_bus_mode,false,true,output,output,"[""y""]","[""y""]",1,lsb_to_msb,unknown,0.640000,0.500000,1.000000,"[""name_prefix"",""index_contiguity"",""structural_similarity""]","{""index_contiguity_score"":1.0,""name_prefix"":""y"",""name_prefix_score"":0.2,""structural_similarity_score"":1.0}",0,y,exact,1,semantic_bus_hypothesis_v1
comparison_neq_w2__resyn2__whole_output_cone__inf__input__a,comparison_neq_w2__resyn2__whole_output_cone,inferred_bus_mode,false,true,input,data_operand,"[""a_0"",""a_1""]","[""a_0"",""a_1""]",2,lsb_to_msb,unknown,0.733333,1.000000,0.800000,"[""name_prefix"",""index_contiguity"",""structural_similarity""]","{""index_contiguity_score"":1.0,""name_prefix"":""a"",""name_prefix_score"":1.0,""structural_similarity_score"":0.111111}",0,a,exact,1,semantic_bus_hypothesis_v1
comparison_neq_w2__resyn2__whole_output_cone__inf__output__y,comparison_neq_w2__resyn2__whole_output_cone,inferred_bus_mode,false,true,output,output,"[""y""]","[""y""]",1,lsb_to_msb,unknown,0.640000,0.500000,1.000000,"[""name_prefix"",""index_contiguity"",""structural_similarity""]","{""index_contiguity_score"":1.0,""name_prefix"":""y"",""name_prefix_score"":0.2,""structural_similarity_score"":1.0}",0,y,exact,1,semantic_bus_hypothesis_v1
comparison_neq_w2__rewrite__whole_output_cone__inf__input__a,comparison_neq_w2__rewrite__whole_output_cone,inferred_bus_mode,false,true,input,data_operand,"[""a_0"",""a_1""]","[""a_0"",""a_1""]",2,lsb_to_msb,unknown,0.733333,1.000000,0.800000,"[""name_prefix"",""index_contiguity"",""structural_similarity""]","{""index_contiguity_score"":1.0,""name_prefix"":""a"",""name_prefix_score"":1.0,""structural_similarity_score"":0.111111}",0,a,exact,1,semantic_bus_hypothesis_v1
comparison_neq_w2__rewrite__whole_output_cone__inf__output__y,comparison_neq_w2__rewrite__whole_output_cone,inferred_bus_mode,false,true,output,output,"[""y""]","[""y""]",1,lsb_to_msb,unknown,0.640000,0.500000,1.000000,"[""name_prefix"",""index_contiguity"",""structural_similarity""]","{""index_contiguity_score"":1.0,""name_prefix"":""y"",""name_prefix_score"":0.2,""structural_similarity_score"":1.0}",0,y,exact,1,semantic_bus_hypothesis_v1
comparison_neq_w3__identity__ground_truth_region__inf__input__a,comparison_neq_w3__identity__ground_truth_region,inferred_bus_mode,false,true,input,data_operand,"[""a_0"",""a_1"",""a_2""]","[""a_0"",""a_1"",""a_2""]",3,lsb_to_msb,unknown,0.800000,1.000000,0.800000,"[""name_prefix"",""index_contiguity"",""structural_similarity""]","{""index_contiguity_score"":1.0,""name_prefix"":""a"",""name_prefix_score"":1.0,""structural_similarity_score"":0.333333}",0,a,exact,1,semantic_bus_hypothesis_v1
comparison_neq_w3__identity__ground_truth_region__inf__output__y,comparison_neq_w3__identity__ground_truth_region,inferred_bus_mode,false,true,output,output,"[""y""]","[""y""]",1,lsb_to_msb,unknown,0.640000,0.500000,1.000000,"[""name_prefix"",""index_contiguity"",""structural_similarity""]","{""index_contiguity_score"":1.0,""name_prefix"":""y"",""name_prefix_score"":0.2,""structural_similarity_score"":1.0}",0,y,exact,1,semantic_bus_hypothesis_v1
comparison_neq_w3__identity__whole_output_cone__inf__input__a,comparison_neq_w3__identity__whole_output_cone,inferred_bus_mode,false,true,input,data_operand,"[""a_0"",""a_1"",""a_2""]","[""a_0"",""a_1"",""a_2""]",3,lsb_to_msb,unknown,0.800000,1.000000,0.800000,"[""name_prefix"",""index_contiguity"",""structural_similarity""]","{""index_contiguity_score"":1.0,""name_prefix"":""a"",""name_prefix_score"":1.0,""structural_similarity_score"":0.333333}",0,a,exact,1,semantic_bus_hypothesis_v1
comparison_neq_w3__identity__whole_output_cone__inf__output__y,comparison_neq_w3__identity__whole_output_cone,inferred_bus_mode,false,true,output,output,"[""y""]","[""y""]",1,lsb_to_msb,unknown,0.640000,0.500000,1.000000,"[""name_prefix"",""index_contiguity"",""structural_similarity""]","{""index_contiguity_score"":1.0,""name_prefix"":""y"",""name_prefix_score"":0.2,""structural_similarity_score"":1.0}",0,y,exact,1,semantic_bus_hypothesis_v1
comparison_neq_w4__identity__ground_truth_region__inf__input__a,comparison_neq_w4__identity__ground_truth_region,inferred_bus_mode,false,true,input,data_operand,"[""a_0"",""a_1"",""a_2"",""a_3""]","[""a_0"",""a_1"",""a_2"",""a_3""]",4,lsb_to_msb,unknown,0.800000,1.000000,0.800000,"[""name_prefix"",""index_contiguity"",""structural_similarity""]","{""index_contiguity_score"":1.0,""name_prefix"":""a"",""name_prefix_score"":1.0,""structural_similarity_score"":0.333333}",0,a,exact,1,semantic_bus_hypothesis_v1
comparison_neq_w4__identity__ground_truth_region__inf__output__y,comparison_neq_w4__identity__ground_truth_region,inferred_bus_mode,false,true,output,output,"[""y""]","[""y""]",1,lsb_to_msb,unknown,0.640000,0.500000,1.000000,"[""name_prefix"",""index_contiguity"",""structural_similarity""]","{""index_contiguity_score"":1.0,""name_prefix"":""y"",""name_prefix_score"":0.2,""structural_similarity_score"":1.0}",0,y,exact,1,semantic_bus_hypothesis_v1
comparison_neq_w4__identity__whole_output_cone__inf__input__a,comparison_neq_w4__identity__whole_output_cone,inferred_bus_mode,false,true,input,data_operand,"[""a_0"",""a_1"",""a_2"",""a_3""]","[""a_0"",""a_1"",""a_2"",""a_3""]",4,lsb_to_msb,unknown,0.800000,1.000000,0.800000,"[""name_prefix"",""index_contiguity"",""structural_similarity""]","{""index_contiguity_score"":1.0,""name_prefix"":""a"",""name_prefix_score"":1.0,""structural_similarity_score"":0.333333}",0,a,exact,1,semantic_bus_hypothesis_v1
comparison_neq_w4__identity__whole_output_cone__inf__output__y,comparison_neq_w4__identity__whole_output_cone,inferred_bus_mode,false,true,output,output,"[""y""]","[""y""]",1,lsb_to_msb,unknown,0.640000,0.500000,1.000000,"[""name_prefix"",""index_contiguity"",""structural_similarity""]","{""index_contiguity_score"":1.0,""name_prefix"":""y"",""name_prefix_score"":0.2,""structural_similarity_score"":1.0}",0,y,exact,1,semantic_bus_hypothesis_v1
comparison_range_check_w2__balance__whole_output_cone__inf__input__a,comparison_range_check_w2__balance__whole_output_cone,inferred_bus_mode,false,true,input,data_operand,"[""a_0"",""a_1""]","[""a_0"",""a_1""]",2,lsb_to_msb,unknown,0.880000,1.000000,0.800000,"[""name_prefix"",""index_contiguity"",""structural_similarity""]","{""index_contiguity_score"":1.0,""name_prefix"":""a"",""name_prefix_score"":1.0,""structural_similarity_score"":0.6}",0,a,exact,1,semantic_bus_hypothesis_v1
comparison_range_check_w2__balance__whole_output_cone__inf__output__y,comparison_range_check_w2__balance__whole_output_cone,inferred_bus_mode,false,true,output,output,"[""y""]","[""y""]",1,lsb_to_msb,unknown,0.640000,0.500000,1.000000,"[""name_prefix"",""index_contiguity"",""structural_similarity""]","{""index_contiguity_score"":1.0,""name_prefix"":""y"",""name_prefix_score"":0.2,""structural_similarity_score"":1.0}",0,y,exact,1,semantic_bus_hypothesis_v1
comparison_range_check_w2__compress2rs__whole_output_cone__inf__input__a,comparison_range_check_w2__compress2rs__whole_output_cone,inferred_bus_mode,false,true,input,data_operand,"[""a_1""]","[""a_1""]",1,lsb_to_msb,unknown,1.000000,1.000000,0.600000,"[""name_prefix"",""index_contiguity"",""structural_similarity""]","{""index_contiguity_score"":1.0,""name_prefix"":""a"",""name_prefix_score"":1.0,""structural_similarity_score"":1.0}",0,a,partial,1,semantic_bus_hypothesis_v1
comparison_range_check_w2__compress2rs__whole_output_cone__inf__output__y,comparison_range_check_w2__compress2rs__whole_output_cone,inferred_bus_mode,false,true,output,output,"[""y""]","[""y""]",1,lsb_to_msb,unknown,0.640000,0.500000,1.000000,"[""name_prefix"",""index_contiguity"",""structural_similarity""]","{""index_contiguity_score"":1.0,""name_prefix"":""y"",""name_prefix_score"":0.2,""structural_similarity_score"":1.0}",0,y,exact,1,semantic_bus_hypothesis_v1
comparison_range_check_w2__dc2__whole_output_cone__inf__input__a,comparison_range_check_w2__dc2__whole_output_cone,inferred_bus_mode,false,true,input,data_operand,"[""a_1""]","[""a_1""]",1,lsb_to_msb,unknown,1.000000,1.000000,0.600000,"[""name_prefix"",""index_contiguity"",""structural_similarity""]","{""index_contiguity_score"":1.0,""name_prefix"":""a"",""name_prefix_score"":1.0,""structural_similarity_score"":1.0}",0,a,partial,1,semantic_bus_hypothesis_v1
comparison_range_check_w2__dc2__whole_output_cone__inf__output__y,comparison_range_check_w2__dc2__whole_output_cone,inferred_bus_mode,false,true,output,output,"[""y""]","[""y""]",1,lsb_to_msb,unknown,0.640000,0.500000,1.000000,"[""name_prefix"",""index_contiguity"",""structural_similarity""]","{""index_contiguity_score"":1.0,""name_prefix"":""y"",""name_prefix_score"":0.2,""structural_similarity_score"":1.0}",0,y,exact,1,semantic_bus_hypothesis_v1
comparison_range_check_w2__identity__ground_truth_region__inf__input__a,comparison_range_check_w2__identity__ground_truth_region,inferred_bus_mode,false,true,input,data_operand,"[""a_0"",""a_1""]","[""a_0"",""a_1""]",2,lsb_to_msb,unknown,0.800000,1.000000,0.800000,"[""name_prefix"",""index_contiguity"",""structural_similarity""]","{""index_contiguity_score"":1.0,""name_prefix"":""a"",""name_prefix_score"":1.0,""structural_similarity_score"":0.333333}",0,a,exact,1,semantic_bus_hypothesis_v1
comparison_range_check_w2__identity__ground_truth_region__inf__output__y,comparison_range_check_w2__identity__ground_truth_region,inferred_bus_mode,false,true,output,output,"[""y""]","[""y""]",1,lsb_to_msb,unknown,0.640000,0.500000,1.000000,"[""name_prefix"",""index_contiguity"",""structural_similarity""]","{""index_contiguity_score"":1.0,""name_prefix"":""y"",""name_prefix_score"":0.2,""structural_similarity_score"":1.0}",0,y,exact,1,semantic_bus_hypothesis_v1
comparison_range_check_w2__identity__whole_output_cone__inf__input__a,comparison_range_check_w2__identity__whole_output_cone,inferred_bus_mode,false,true,input,data_operand,"[""a_0"",""a_1""]","[""a_0"",""a_1""]",2,lsb_to_msb,unknown,0.800000,1.000000,0.800000,"[""name_prefix"",""index_contiguity"",""structural_similarity""]","{""index_contiguity_score"":1.0,""name_prefix"":""a"",""name_prefix_score"":1.0,""structural_similarity_score"":0.333333}",0,a,exact,1,semantic_bus_hypothesis_v1
comparison_range_check_w2__identity__whole_output_cone__inf__output__y,comparison_range_check_w2__identity__whole_output_cone,inferred_bus_mode,false,true,output,output,"[""y""]","[""y""]",1,lsb_to_msb,unknown,0.640000,0.500000,1.000000,"[""name_prefix"",""index_contiguity"",""structural_similarity""]","{""index_contiguity_score"":1.0,""name_prefix"":""y"",""name_prefix_score"":0.2,""structural_similarity_score"":1.0}",0,y,exact,1,semantic_bus_hypothesis_v1
comparison_range_check_w2__refactor__whole_output_cone__inf__input__a,comparison_range_check_w2__refactor__whole_output_cone,inferred_bus_mode,false,true,input,data_operand,"[""a_1""]","[""a_1""]",1,lsb_to_msb,unknown,1.000000,1.000000,0.600000,"[""name_prefix"",""index_contiguity"",""structural_similarity""]","{""index_contiguity_score"":1.0,""name_prefix"":""a"",""name_prefix_score"":1.0,""structural_similarity_score"":1.0}",0,a,partial,1,semantic_bus_hypothesis_v1
comparison_range_check_w2__refactor__whole_output_cone__inf__output__y,comparison_range_check_w2__refactor__whole_output_cone,inferred_bus_mode,false,true,output,output,"[""y""]","[""y""]",1,lsb_to_msb,unknown,0.640000,0.500000,1.000000,"[""name_prefix"",""index_contiguity"",""structural_similarity""]","{""index_contiguity_score"":1.0,""name_prefix"":""y"",""name_prefix_score"":0.2,""structural_similarity_score"":1.0}",0,y,exact,1,semantic_bus_hypothesis_v1
comparison_range_check_w2__resub__whole_output_cone__inf__input__a,comparison_range_check_w2__resub__whole_output_cone,inferred_bus_mode,false,true,input,data_operand,"[""a_1""]","[""a_1""]",1,lsb_to_msb,unknown,1.000000,1.000000,0.600000,"[""name_prefix"",""index_contiguity"",""structural_similarity""]","{""index_contiguity_score"":1.0,""name_prefix"":""a"",""name_prefix_score"":1.0,""structural_similarity_score"":1.0}",0,a,partial,1,semantic_bus_hypothesis_v1
comparison_range_check_w2__resub__whole_output_cone__inf__output__y,comparison_range_check_w2__resub__whole_output_cone,inferred_bus_mode,false,true,output,output,"[""y""]","[""y""]",1,lsb_to_msb,unknown,0.640000,0.500000,1.000000,"[""name_prefix"",""index_contiguity"",""structural_similarity""]","{""index_contiguity_score"":1.0,""name_prefix"":""y"",""name_prefix_score"":0.2,""structural_similarity_score"":1.0}",0,y,exact,1,semantic_bus_hypothesis_v1
comparison_range_check_w2__resyn__whole_output_cone__inf__input__a,comparison_range_check_w2__resyn__whole_output_cone,inferred_bus_mode,false,true,input,data_operand,"[""a_0"",""a_1""]","[""a_0"",""a_1""]",2,lsb_to_msb,unknown,0.880000,1.000000,0.800000,"[""name_prefix"",""index_contiguity"",""structural_similarity""]","{""index_contiguity_score"":1.0,""name_prefix"":""a"",""name_prefix_score"":1.0,""structural_similarity_score"":0.6}",0,a,exact,1,semantic_bus_hypothesis_v1
comparison_range_check_w2__resyn__whole_output_cone__inf__output__y,comparison_range_check_w2__resyn__whole_output_cone,inferred_bus_mode,false,true,output,output,"[""y""]","[""y""]",1,lsb_to_msb,unknown,0.640000,0.500000,1.000000,"[""name_prefix"",""index_contiguity"",""structural_similarity""]","{""index_contiguity_score"":1.0,""name_prefix"":""y"",""name_prefix_score"":0.2,""structural_similarity_score"":1.0}",0,y,exact,1,semantic_bus_hypothesis_v1
comparison_range_check_w2__resyn2__whole_output_cone__inf__input__a,comparison_range_check_w2__resyn2__whole_output_cone,inferred_bus_mode,false,true,input,data_operand,"[""a_1""]","[""a_1""]",1,lsb_to_msb,unknown,1.000000,1.000000,0.600000,"[""name_prefix"",""index_contiguity"",""structural_similarity""]","{""index_contiguity_score"":1.0,""name_prefix"":""a"",""name_prefix_score"":1.0,""structural_similarity_score"":1.0}",0,a,partial,1,semantic_bus_hypothesis_v1
comparison_range_check_w2__resyn2__whole_output_cone__inf__output__y,comparison_range_check_w2__resyn2__whole_output_cone,inferred_bus_mode,false,true,output,output,"[""y""]","[""y""]",1,lsb_to_msb,unknown,0.640000,0.500000,1.000000,"[""name_prefix"",""index_contiguity"",""structural_similarity""]","{""index_contiguity_score"":1.0,""name_prefix"":""y"",""name_prefix_score"":0.2,""structural_similarity_score"":1.0}",0,y,exact,1,semantic_bus_hypothesis_v1
comparison_range_check_w2__rewrite__whole_output_cone__inf__input__a,comparison_range_check_w2__rewrite__whole_output_cone,inferred_bus_mode,false,true,input,data_operand,"[""a_0"",""a_1""]","[""a_0"",""a_1""]",2,lsb_to_msb,unknown,0.880000,1.000000,0.800000,"[""name_prefix"",""index_contiguity"",""structural_similarity""]","{""index_contiguity_score"":1.0,""name_prefix"":""a"",""name_prefix_score"":1.0,""structural_similarity_score"":0.6}",0,a,exact,1,semantic_bus_hypothesis_v1
comparison_range_check_w2__rewrite__whole_output_cone__inf__output__y,comparison_range_check_w2__rewrite__whole_output_cone,inferred_bus_mode,false,true,output,output,"[""y""]","[""y""]",1,lsb_to_msb,unknown,0.640000,0.500000,1.000000,"[""name_prefix"",""index_contiguity"",""structural_similarity""]","{""index_contiguity_score"":1.0,""name_prefix"":""y"",""name_prefix_score"":0.2,""structural_similarity_score"":1.0}",0,y,exact,1,semantic_bus_hypothesis_v1
comparison_range_check_w3__balance__whole_output_cone__inf__input__a,comparison_range_check_w3__balance__whole_output_cone,inferred_bus_mode,false,true,input,data_operand,"[""a_1"",""a_2""]","[""a_1"",""a_2""]",2,lsb_to_msb,unknown,0.880000,1.000000,0.800000,"[""name_prefix"",""index_contiguity"",""structural_similarity""]","{""index_contiguity_score"":1.0,""name_prefix"":""a"",""name_prefix_score"":1.0,""structural_similarity_score"":0.6}",0,a,partial,1,semantic_bus_hypothesis_v1
comparison_range_check_w3__balance__whole_output_cone__inf__output__y,comparison_range_check_w3__balance__whole_output_cone,inferred_bus_mode,false,true,output,output,"[""y""]","[""y""]",1,lsb_to_msb,unknown,0.640000,0.500000,1.000000,"[""name_prefix"",""index_contiguity"",""structural_similarity""]","{""index_contiguity_score"":1.0,""name_prefix"":""y"",""name_prefix_score"":0.2,""structural_similarity_score"":1.0}",0,y,exact,1,semantic_bus_hypothesis_v1
comparison_range_check_w3__compress2rs__whole_output_cone__inf__input__a,comparison_range_check_w3__compress2rs__whole_output_cone,inferred_bus_mode,false,true,input,data_operand,"[""a_1"",""a_2""]","[""a_1"",""a_2""]",2,lsb_to_msb,unknown,0.880000,1.000000,0.800000,"[""name_prefix"",""index_contiguity"",""structural_similarity""]","{""index_contiguity_score"":1.0,""name_prefix"":""a"",""name_prefix_score"":1.0,""structural_similarity_score"":0.6}",0,a,partial,1,semantic_bus_hypothesis_v1
comparison_range_check_w3__compress2rs__whole_output_cone__inf__output__y,comparison_range_check_w3__compress2rs__whole_output_cone,inferred_bus_mode,false,true,output,output,"[""y""]","[""y""]",1,lsb_to_msb,unknown,0.640000,0.500000,1.000000,"[""name_prefix"",""index_contiguity"",""structural_similarity""]","{""index_contiguity_score"":1.0,""name_prefix"":""y"",""name_prefix_score"":0.2,""structural_similarity_score"":1.0}",0,y,exact,1,semantic_bus_hypothesis_v1
comparison_range_check_w3__dc2__whole_output_cone__inf__input__a,comparison_range_check_w3__dc2__whole_output_cone,inferred_bus_mode,false,true,input,data_operand,"[""a_1"",""a_2""]","[""a_1"",""a_2""]",2,lsb_to_msb,unknown,0.880000,1.000000,0.800000,"[""name_prefix"",""index_contiguity"",""structural_similarity""]","{""index_contiguity_score"":1.0,""name_prefix"":""a"",""name_prefix_score"":1.0,""structural_similarity_score"":0.6}",0,a,partial,1,semantic_bus_hypothesis_v1
comparison_range_check_w3__dc2__whole_output_cone__inf__output__y,comparison_range_check_w3__dc2__whole_output_cone,inferred_bus_mode,false,true,output,output,"[""y""]","[""y""]",1,lsb_to_msb,unknown,0.640000,0.500000,1.000000,"[""name_prefix"",""index_contiguity"",""structural_similarity""]","{""index_contiguity_score"":1.0,""name_prefix"":""y"",""name_prefix_score"":0.2,""structural_similarity_score"":1.0}",0,y,exact,1,semantic_bus_hypothesis_v1
comparison_range_check_w3__identity__ground_truth_region__inf__input__a,comparison_range_check_w3__identity__ground_truth_region,inferred_bus_mode,false,true,input,data_operand,"[""a_0"",""a_1"",""a_2""]","[""a_0"",""a_1"",""a_2""]",3,lsb_to_msb,unknown,0.800000,1.000000,0.800000,"[""name_prefix"",""index_contiguity"",""structural_similarity""]","{""index_contiguity_score"":1.0,""name_prefix"":""a"",""name_prefix_score"":1.0,""structural_similarity_score"":0.333333}",0,a,exact,1,semantic_bus_hypothesis_v1
comparison_range_check_w3__identity__ground_truth_region__inf__output__y,comparison_range_check_w3__identity__ground_truth_region,inferred_bus_mode,false,true,output,output,"[""y""]","[""y""]",1,lsb_to_msb,unknown,0.640000,0.500000,1.000000,"[""name_prefix"",""index_contiguity"",""structural_similarity""]","{""index_contiguity_score"":1.0,""name_prefix"":""y"",""name_prefix_score"":0.2,""structural_similarity_score"":1.0}",0,y,exact,1,semantic_bus_hypothesis_v1
comparison_range_check_w3__identity__whole_output_cone__inf__input__a,comparison_range_check_w3__identity__whole_output_cone,inferred_bus_mode,false,true,input,data_operand,"[""a_0"",""a_1"",""a_2""]","[""a_0"",""a_1"",""a_2""]",3,lsb_to_msb,unknown,0.800000,1.000000,0.800000,"[""name_prefix"",""index_contiguity"",""structural_similarity""]","{""index_contiguity_score"":1.0,""name_prefix"":""a"",""name_prefix_score"":1.0,""structural_similarity_score"":0.333333}",0,a,exact,1,semantic_bus_hypothesis_v1
comparison_range_check_w3__identity__whole_output_cone__inf__output__y,comparison_range_check_w3__identity__whole_output_cone,inferred_bus_mode,false,true,output,output,"[""y""]","[""y""]",1,lsb_to_msb,unknown,0.640000,0.500000,1.000000,"[""name_prefix"",""index_contiguity"",""structural_similarity""]","{""index_contiguity_score"":1.0,""name_prefix"":""y"",""name_prefix_score"":0.2,""structural_similarity_score"":1.0}",0,y,exact,1,semantic_bus_hypothesis_v1
comparison_range_check_w3__refactor__whole_output_cone__inf__input__a,comparison_range_check_w3__refactor__whole_output_cone,inferred_bus_mode,false,true,input,data_operand,"[""a_1"",""a_2""]","[""a_1"",""a_2""]",2,lsb_to_msb,unknown,0.880000,1.000000,0.800000,"[""name_prefix"",""index_contiguity"",""structural_similarity""]","{""index_contiguity_score"":1.0,""name_prefix"":""a"",""name_prefix_score"":1.0,""structural_similarity_score"":0.6}",0,a,partial,1,semantic_bus_hypothesis_v1
comparison_range_check_w3__refactor__whole_output_cone__inf__output__y,comparison_range_check_w3__refactor__whole_output_cone,inferred_bus_mode,false,true,output,output,"[""y""]","[""y""]",1,lsb_to_msb,unknown,0.640000,0.500000,1.000000,"[""name_prefix"",""index_contiguity"",""structural_similarity""]","{""index_contiguity_score"":1.0,""name_prefix"":""y"",""name_prefix_score"":0.2,""structural_similarity_score"":1.0}",0,y,exact,1,semantic_bus_hypothesis_v1
comparison_range_check_w3__resub__whole_output_cone__inf__input__a,comparison_range_check_w3__resub__whole_output_cone,inferred_bus_mode,false,true,input,data_operand,"[""a_1"",""a_2""]","[""a_1"",""a_2""]",2,lsb_to_msb,unknown,0.880000,1.000000,0.800000,"[""name_prefix"",""index_contiguity"",""structural_similarity""]","{""index_contiguity_score"":1.0,""name_prefix"":""a"",""name_prefix_score"":1.0,""structural_similarity_score"":0.6}",0,a,partial,1,semantic_bus_hypothesis_v1
comparison_range_check_w3__resub__whole_output_cone__inf__output__y,comparison_range_check_w3__resub__whole_output_cone,inferred_bus_mode,false,true,output,output,"[""y""]","[""y""]",1,lsb_to_msb,unknown,0.640000,0.500000,1.000000,"[""name_prefix"",""index_contiguity"",""structural_similarity""]","{""index_contiguity_score"":1.0,""name_prefix"":""y"",""name_prefix_score"":0.2,""structural_similarity_score"":1.0}",0,y,exact,1,semantic_bus_hypothesis_v1
comparison_range_check_w3__resyn__whole_output_cone__inf__input__a,comparison_range_check_w3__resyn__whole_output_cone,inferred_bus_mode,false,true,input,data_operand,"[""a_1"",""a_2""]","[""a_1"",""a_2""]",2,lsb_to_msb,unknown,0.880000,1.000000,0.800000,"[""name_prefix"",""index_contiguity"",""structural_similarity""]","{""index_contiguity_score"":1.0,""name_prefix"":""a"",""name_prefix_score"":1.0,""structural_similarity_score"":0.6}",0,a,partial,1,semantic_bus_hypothesis_v1
comparison_range_check_w3__resyn__whole_output_cone__inf__output__y,comparison_range_check_w3__resyn__whole_output_cone,inferred_bus_mode,false,true,output,output,"[""y""]","[""y""]",1,lsb_to_msb,unknown,0.640000,0.500000,1.000000,"[""name_prefix"",""index_contiguity"",""structural_similarity""]","{""index_contiguity_score"":1.0,""name_prefix"":""y"",""name_prefix_score"":0.2,""structural_similarity_score"":1.0}",0,y,exact,1,semantic_bus_hypothesis_v1
comparison_range_check_w3__resyn2__whole_output_cone__inf__input__a,comparison_range_check_w3__resyn2__whole_output_cone,inferred_bus_mode,false,true,input,data_operand,"[""a_1"",""a_2""]","[""a_1"",""a_2""]",2,lsb_to_msb,unknown,0.880000,1.000000,0.800000,"[""name_prefix"",""index_contiguity"",""structural_similarity""]","{""index_contiguity_score"":1.0,""name_prefix"":""a"",""name_prefix_score"":1.0,""structural_similarity_score"":0.6}",0,a,partial,1,semantic_bus_hypothesis_v1
comparison_range_check_w3__resyn2__whole_output_cone__inf__output__y,comparison_range_check_w3__resyn2__whole_output_cone,inferred_bus_mode,false,true,output,output,"[""y""]","[""y""]",1,lsb_to_msb,unknown,0.640000,0.500000,1.000000,"[""name_prefix"",""index_contiguity"",""structural_similarity""]","{""index_contiguity_score"":1.0,""name_prefix"":""y"",""name_prefix_score"":0.2,""structural_similarity_score"":1.0}",0,y,exact,1,semantic_bus_hypothesis_v1
comparison_range_check_w3__rewrite__whole_output_cone__inf__input__a,comparison_range_check_w3__rewrite__whole_output_cone,inferred_bus_mode,false,true,input,data_operand,"[""a_1"",""a_2""]","[""a_1"",""a_2""]",2,lsb_to_msb,unknown,0.880000,1.000000,0.800000,"[""name_prefix"",""index_contiguity"",""structural_similarity""]","{""index_contiguity_score"":1.0,""name_prefix"":""a"",""name_prefix_score"":1.0,""structural_similarity_score"":0.6}",0,a,partial,1,semantic_bus_hypothesis_v1
comparison_range_check_w3__rewrite__whole_output_cone__inf__output__y,comparison_range_check_w3__rewrite__whole_output_cone,inferred_bus_mode,false,true,output,output,"[""y""]","[""y""]",1,lsb_to_msb,unknown,0.640000,0.500000,1.000000,"[""name_prefix"",""index_contiguity"",""structural_similarity""]","{""index_contiguity_score"":1.0,""name_prefix"":""y"",""name_prefix_score"":0.2,""structural_similarity_score"":1.0}",0,y,exact,1,semantic_bus_hypothesis_v1
comparison_range_check_w4__balance__whole_output_cone__inf__input__a,comparison_range_check_w4__balance__whole_output_cone,inferred_bus_mode,false,true,input,data_operand,"[""a_1"",""a_2"",""a_3""]","[""a_1"",""a_2"",""a_3""]",3,lsb_to_msb,unknown,0.800000,1.000000,0.800000,"[""name_prefix"",""index_contiguity"",""structural_similarity""]","{""index_contiguity_score"":1.0,""name_prefix"":""a"",""name_prefix_score"":1.0,""structural_similarity_score"":0.333333}",0,a,partial,1,semantic_bus_hypothesis_v1
comparison_range_check_w4__balance__whole_output_cone__inf__output__y,comparison_range_check_w4__balance__whole_output_cone,inferred_bus_mode,false,true,output,output,"[""y""]","[""y""]",1,lsb_to_msb,unknown,0.640000,0.500000,1.000000,"[""name_prefix"",""index_contiguity"",""structural_similarity""]","{""index_contiguity_score"":1.0,""name_prefix"":""y"",""name_prefix_score"":0.2,""structural_similarity_score"":1.0}",0,y,exact,1,semantic_bus_hypothesis_v1
comparison_range_check_w4__compress2rs__whole_output_cone__inf__input__a,comparison_range_check_w4__compress2rs__whole_output_cone,inferred_bus_mode,false,true,input,data_operand,"[""a_1"",""a_2"",""a_3""]","[""a_1"",""a_2"",""a_3""]",3,lsb_to_msb,unknown,0.800000,1.000000,0.800000,"[""name_prefix"",""index_contiguity"",""structural_similarity""]","{""index_contiguity_score"":1.0,""name_prefix"":""a"",""name_prefix_score"":1.0,""structural_similarity_score"":0.333333}",0,a,partial,1,semantic_bus_hypothesis_v1
comparison_range_check_w4__compress2rs__whole_output_cone__inf__output__y,comparison_range_check_w4__compress2rs__whole_output_cone,inferred_bus_mode,false,true,output,output,"[""y""]","[""y""]",1,lsb_to_msb,unknown,0.640000,0.500000,1.000000,"[""name_prefix"",""index_contiguity"",""structural_similarity""]","{""index_contiguity_score"":1.0,""name_prefix"":""y"",""name_prefix_score"":0.2,""structural_similarity_score"":1.0}",0,y,exact,1,semantic_bus_hypothesis_v1
comparison_range_check_w4__dc2__whole_output_cone__inf__input__a,comparison_range_check_w4__dc2__whole_output_cone,inferred_bus_mode,false,true,input,data_operand,"[""a_1"",""a_2"",""a_3""]","[""a_1"",""a_2"",""a_3""]",3,lsb_to_msb,unknown,0.833333,1.000000,0.800000,"[""name_prefix"",""index_contiguity"",""structural_similarity""]","{""index_contiguity_score"":1.0,""name_prefix"":""a"",""name_prefix_score"":1.0,""structural_similarity_score"":0.444444}",0,a,partial,1,semantic_bus_hypothesis_v1
comparison_range_check_w4__dc2__whole_output_cone__inf__output__y,comparison_range_check_w4__dc2__whole_output_cone,inferred_bus_mode,false,true,output,output,"[""y""]","[""y""]",1,lsb_to_msb,unknown,0.640000,0.500000,1.000000,"[""name_prefix"",""index_contiguity"",""structural_similarity""]","{""index_contiguity_score"":1.0,""name_prefix"":""y"",""name_prefix_score"":0.2,""structural_similarity_score"":1.0}",0,y,exact,1,semantic_bus_hypothesis_v1
comparison_range_check_w4__identity__ground_truth_region__inf__input__a,comparison_range_check_w4__identity__ground_truth_region,inferred_bus_mode,false,true,input,data_operand,"[""a_0"",""a_1"",""a_2"",""a_3""]","[""a_0"",""a_1"",""a_2"",""a_3""]",4,lsb_to_msb,unknown,0.800000,1.000000,0.800000,"[""name_prefix"",""index_contiguity"",""structural_similarity""]","{""index_contiguity_score"":1.0,""name_prefix"":""a"",""name_prefix_score"":1.0,""structural_similarity_score"":0.333333}",0,a,exact,1,semantic_bus_hypothesis_v1
comparison_range_check_w4__identity__ground_truth_region__inf__output__y,comparison_range_check_w4__identity__ground_truth_region,inferred_bus_mode,false,true,output,output,"[""y""]","[""y""]",1,lsb_to_msb,unknown,0.640000,0.500000,1.000000,"[""name_prefix"",""index_contiguity"",""structural_similarity""]","{""index_contiguity_score"":1.0,""name_prefix"":""y"",""name_prefix_score"":0.2,""structural_similarity_score"":1.0}",0,y,exact,1,semantic_bus_hypothesis_v1
comparison_range_check_w4__identity__whole_output_cone__inf__input__a,comparison_range_check_w4__identity__whole_output_cone,inferred_bus_mode,false,true,input,data_operand,"[""a_0"",""a_1"",""a_2"",""a_3""]","[""a_0"",""a_1"",""a_2"",""a_3""]",4,lsb_to_msb,unknown,0.800000,1.000000,0.800000,"[""name_prefix"",""index_contiguity"",""structural_similarity""]","{""index_contiguity_score"":1.0,""name_prefix"":""a"",""name_prefix_score"":1.0,""structural_similarity_score"":0.333333}",0,a,exact,1,semantic_bus_hypothesis_v1
comparison_range_check_w4__identity__whole_output_cone__inf__output__y,comparison_range_check_w4__identity__whole_output_cone,inferred_bus_mode,false,true,output,output,"[""y""]","[""y""]",1,lsb_to_msb,unknown,0.640000,0.500000,1.000000,"[""name_prefix"",""index_contiguity"",""structural_similarity""]","{""index_contiguity_score"":1.0,""name_prefix"":""y"",""name_prefix_score"":0.2,""structural_similarity_score"":1.0}",0,y,exact,1,semantic_bus_hypothesis_v1
comparison_range_check_w4__refactor__whole_output_cone__inf__input__a,comparison_range_check_w4__refactor__whole_output_cone,inferred_bus_mode,false,true,input,data_operand,"[""a_1"",""a_2"",""a_3""]","[""a_1"",""a_2"",""a_3""]",3,lsb_to_msb,unknown,0.800000,1.000000,0.800000,"[""name_prefix"",""index_contiguity"",""structural_similarity""]","{""index_contiguity_score"":1.0,""name_prefix"":""a"",""name_prefix_score"":1.0,""structural_similarity_score"":0.333333}",0,a,partial,1,semantic_bus_hypothesis_v1
comparison_range_check_w4__refactor__whole_output_cone__inf__output__y,comparison_range_check_w4__refactor__whole_output_cone,inferred_bus_mode,false,true,output,output,"[""y""]","[""y""]",1,lsb_to_msb,unknown,0.640000,0.500000,1.000000,"[""name_prefix"",""index_contiguity"",""structural_similarity""]","{""index_contiguity_score"":1.0,""name_prefix"":""y"",""name_prefix_score"":0.2,""structural_similarity_score"":1.0}",0,y,exact,1,semantic_bus_hypothesis_v1
comparison_range_check_w4__resub__whole_output_cone__inf__input__a,comparison_range_check_w4__resub__whole_output_cone,inferred_bus_mode,false,true,input,data_operand,"[""a_1"",""a_2"",""a_3""]","[""a_1"",""a_2"",""a_3""]",3,lsb_to_msb,unknown,0.800000,1.000000,0.800000,"[""name_prefix"",""index_contiguity"",""structural_similarity""]","{""index_contiguity_score"":1.0,""name_prefix"":""a"",""name_prefix_score"":1.0,""structural_similarity_score"":0.333333}",0,a,partial,1,semantic_bus_hypothesis_v1
comparison_range_check_w4__resub__whole_output_cone__inf__output__y,comparison_range_check_w4__resub__whole_output_cone,inferred_bus_mode,false,true,output,output,"[""y""]","[""y""]",1,lsb_to_msb,unknown,0.640000,0.500000,1.000000,"[""name_prefix"",""index_contiguity"",""structural_similarity""]","{""index_contiguity_score"":1.0,""name_prefix"":""y"",""name_prefix_score"":0.2,""structural_similarity_score"":1.0}",0,y,exact,1,semantic_bus_hypothesis_v1
comparison_range_check_w4__resyn__whole_output_cone__inf__input__a,comparison_range_check_w4__resyn__whole_output_cone,inferred_bus_mode,false,true,input,data_operand,"[""a_1"",""a_2"",""a_3""]","[""a_1"",""a_2"",""a_3""]",3,lsb_to_msb,unknown,0.800000,1.000000,0.800000,"[""name_prefix"",""index_contiguity"",""structural_similarity""]","{""index_contiguity_score"":1.0,""name_prefix"":""a"",""name_prefix_score"":1.0,""structural_similarity_score"":0.333333}",0,a,partial,1,semantic_bus_hypothesis_v1
comparison_range_check_w4__resyn__whole_output_cone__inf__output__y,comparison_range_check_w4__resyn__whole_output_cone,inferred_bus_mode,false,true,output,output,"[""y""]","[""y""]",1,lsb_to_msb,unknown,0.640000,0.500000,1.000000,"[""name_prefix"",""index_contiguity"",""structural_similarity""]","{""index_contiguity_score"":1.0,""name_prefix"":""y"",""name_prefix_score"":0.2,""structural_similarity_score"":1.0}",0,y,exact,1,semantic_bus_hypothesis_v1
comparison_range_check_w4__resyn2__whole_output_cone__inf__input__a,comparison_range_check_w4__resyn2__whole_output_cone,inferred_bus_mode,false,true,input,data_operand,"[""a_1"",""a_2"",""a_3""]","[""a_1"",""a_2"",""a_3""]",3,lsb_to_msb,unknown,0.800000,1.000000,0.800000,"[""name_prefix"",""index_contiguity"",""structural_similarity""]","{""index_contiguity_score"":1.0,""name_prefix"":""a"",""name_prefix_score"":1.0,""structural_similarity_score"":0.333333}",0,a,partial,1,semantic_bus_hypothesis_v1
comparison_range_check_w4__resyn2__whole_output_cone__inf__output__y,comparison_range_check_w4__resyn2__whole_output_cone,inferred_bus_mode,false,true,output,output,"[""y""]","[""y""]",1,lsb_to_msb,unknown,0.640000,0.500000,1.000000,"[""name_prefix"",""index_contiguity"",""structural_similarity""]","{""index_contiguity_score"":1.0,""name_prefix"":""y"",""name_prefix_score"":0.2,""structural_similarity_score"":1.0}",0,y,exact,1,semantic_bus_hypothesis_v1
comparison_range_check_w4__rewrite__whole_output_cone__inf__input__a,comparison_range_check_w4__rewrite__whole_output_cone,inferred_bus_mode,false,true,input,data_operand,"[""a_1"",""a_2"",""a_3""]","[""a_1"",""a_2"",""a_3""]",3,lsb_to_msb,unknown,0.800000,1.000000,0.800000,"[""name_prefix"",""index_contiguity"",""structural_similarity""]","{""index_contiguity_score"":1.0,""name_prefix"":""a"",""name_prefix_score"":1.0,""structural_similarity_score"":0.333333}",0,a,partial,1,semantic_bus_hypothesis_v1
comparison_range_check_w4__rewrite__whole_output_cone__inf__output__y,comparison_range_check_w4__rewrite__whole_output_cone,inferred_bus_mode,false,true,output,output,"[""y""]","[""y""]",1,lsb_to_msb,unknown,0.640000,0.500000,1.000000,"[""name_prefix"",""index_contiguity"",""structural_similarity""]","{""index_contiguity_score"":1.0,""name_prefix"":""y"",""name_prefix_score"":0.2,""structural_similarity_score"":1.0}",0,y,exact,1,semantic_bus_hypothesis_v1
comparison_range_check_w6__identity__ground_truth_region__inf__input__a,comparison_range_check_w6__identity__ground_truth_region,inferred_bus_mode,false,true,input,data_operand,"[""a_0"",""a_1"",""a_2"",""a_3"",""a_4"",""a_5""]","[""a_0"",""a_1"",""a_2"",""a_3"",""a_4"",""a_5""]",6,lsb_to_msb,unknown,0.800000,1.000000,0.800000,"[""name_prefix"",""index_contiguity"",""structural_similarity""]","{""index_contiguity_score"":1.0,""name_prefix"":""a"",""name_prefix_score"":1.0,""structural_similarity_score"":0.333333}",0,a,exact,1,semantic_bus_hypothesis_v1
comparison_range_check_w6__identity__ground_truth_region__inf__output__y,comparison_range_check_w6__identity__ground_truth_region,inferred_bus_mode,false,true,output,output,"[""y""]","[""y""]",1,lsb_to_msb,unknown,0.640000,0.500000,1.000000,"[""name_prefix"",""index_contiguity"",""structural_similarity""]","{""index_contiguity_score"":1.0,""name_prefix"":""y"",""name_prefix_score"":0.2,""structural_similarity_score"":1.0}",0,y,exact,1,semantic_bus_hypothesis_v1
comparison_range_check_w6__identity__whole_output_cone__inf__input__a,comparison_range_check_w6__identity__whole_output_cone,inferred_bus_mode,false,true,input,data_operand,"[""a_0"",""a_1"",""a_2"",""a_3"",""a_4"",""a_5""]","[""a_0"",""a_1"",""a_2"",""a_3"",""a_4"",""a_5""]",6,lsb_to_msb,unknown,0.800000,1.000000,0.800000,"[""name_prefix"",""index_contiguity"",""structural_similarity""]","{""index_contiguity_score"":1.0,""name_prefix"":""a"",""name_prefix_score"":1.0,""structural_similarity_score"":0.333333}",0,a,exact,1,semantic_bus_hypothesis_v1
comparison_range_check_w6__identity__whole_output_cone__inf__output__y,comparison_range_check_w6__identity__whole_output_cone,inferred_bus_mode,false,true,output,output,"[""y""]","[""y""]",1,lsb_to_msb,unknown,0.640000,0.500000,1.000000,"[""name_prefix"",""index_contiguity"",""structural_similarity""]","{""index_contiguity_score"":1.0,""name_prefix"":""y"",""name_prefix_score"":0.2,""structural_similarity_score"":1.0}",0,y,exact,1,semantic_bus_hypothesis_v1
comparison_range_check_w8__identity__ground_truth_region__inf__input__a,comparison_range_check_w8__identity__ground_truth_region,inferred_bus_mode,false,true,input,data_operand,"[""a_0"",""a_1"",""a_2"",""a_3"",""a_4"",""a_5"",""a_6"",""a_7""]","[""a_0"",""a_1"",""a_2"",""a_3"",""a_4"",""a_5"",""a_6"",""a_7""]",8,lsb_to_msb,unknown,0.800000,1.000000,0.800000,"[""name_prefix"",""index_contiguity"",""structural_similarity""]","{""index_contiguity_score"":1.0,""name_prefix"":""a"",""name_prefix_score"":1.0,""structural_similarity_score"":0.333333}",0,a,exact,1,semantic_bus_hypothesis_v1
comparison_range_check_w8__identity__ground_truth_region__inf__output__y,comparison_range_check_w8__identity__ground_truth_region,inferred_bus_mode,false,true,output,output,"[""y""]","[""y""]",1,lsb_to_msb,unknown,0.640000,0.500000,1.000000,"[""name_prefix"",""index_contiguity"",""structural_similarity""]","{""index_contiguity_score"":1.0,""name_prefix"":""y"",""name_prefix_score"":0.2,""structural_similarity_score"":1.0}",0,y,exact,1,semantic_bus_hypothesis_v1
comparison_range_check_w8__identity__whole_output_cone__inf__input__a,comparison_range_check_w8__identity__whole_output_cone,inferred_bus_mode,false,true,input,data_operand,"[""a_0"",""a_1"",""a_2"",""a_3"",""a_4"",""a_5"",""a_6"",""a_7""]","[""a_0"",""a_1"",""a_2"",""a_3"",""a_4"",""a_5"",""a_6"",""a_7""]",8,lsb_to_msb,unknown,0.800000,1.000000,0.800000,"[""name_prefix"",""index_contiguity"",""structural_similarity""]","{""index_contiguity_score"":1.0,""name_prefix"":""a"",""name_prefix_score"":1.0,""structural_similarity_score"":0.333333}",0,a,exact,1,semantic_bus_hypothesis_v1
comparison_range_check_w8__identity__whole_output_cone__inf__output__y,comparison_range_check_w8__identity__whole_output_cone,inferred_bus_mode,false,true,output,output,"[""y""]","[""y""]",1,lsb_to_msb,unknown,0.640000,0.500000,1.000000,"[""name_prefix"",""index_contiguity"",""structural_similarity""]","{""index_contiguity_score"":1.0,""name_prefix"":""y"",""name_prefix_score"":0.2,""structural_similarity_score"":1.0}",0,y,exact,1,semantic_bus_hypothesis_v1
comparison_signed_lt_w2__balance__whole_output_cone__inf__input__b,comparison_signed_lt_w2__balance__whole_output_cone,inferred_bus_mode,false,true,input,data_operand,"[""b_0"",""b_1""]","[""b_0"",""b_1""]",2,lsb_to_msb,unknown,0.866667,1.000000,0.800000,"[""name_prefix"",""index_contiguity"",""structural_similarity""]","{""index_contiguity_score"":1.0,""name_prefix"":""b"",""name_prefix_score"":1.0,""structural_similarity_score"":0.555556}",0,b,exact,1,semantic_bus_hypothesis_v1
comparison_signed_lt_w2__balance__whole_output_cone__inf__output__y,comparison_signed_lt_w2__balance__whole_output_cone,inferred_bus_mode,false,true,output,output,"[""y""]","[""y""]",1,lsb_to_msb,unknown,0.640000,0.500000,1.000000,"[""name_prefix"",""index_contiguity"",""structural_similarity""]","{""index_contiguity_score"":1.0,""name_prefix"":""y"",""name_prefix_score"":0.2,""structural_similarity_score"":1.0}",0,y,exact,1,semantic_bus_hypothesis_v1
comparison_signed_lt_w2__compress2rs__whole_output_cone__inf__input__a,comparison_signed_lt_w2__compress2rs__whole_output_cone,inferred_bus_mode,false,true,input,data_operand,"[""a_0"",""a_1""]","[""a_0"",""a_1""]",2,lsb_to_msb,unknown,0.785714,1.000000,0.800000,"[""name_prefix"",""index_contiguity"",""structural_similarity""]","{""index_contiguity_score"":1.0,""name_prefix"":""a"",""name_prefix_score"":1.0,""structural_similarity_score"":0.285714}",0,a,exact,1,semantic_bus_hypothesis_v1
comparison_signed_lt_w2__compress2rs__whole_output_cone__inf__output__y,comparison_signed_lt_w2__compress2rs__whole_output_cone,inferred_bus_mode,false,true,output,output,"[""y""]","[""y""]",1,lsb_to_msb,unknown,0.640000,0.500000,1.000000,"[""name_prefix"",""index_contiguity"",""structural_similarity""]","{""index_contiguity_score"":1.0,""name_prefix"":""y"",""name_prefix_score"":0.2,""structural_similarity_score"":1.0}",0,y,exact,1,semantic_bus_hypothesis_v1
comparison_signed_lt_w2__dc2__whole_output_cone__inf__input__b,comparison_signed_lt_w2__dc2__whole_output_cone,inferred_bus_mode,false,true,input,data_operand,"[""b_0"",""b_1""]","[""b_0"",""b_1""]",2,lsb_to_msb,unknown,0.828571,1.000000,0.800000,"[""name_prefix"",""index_contiguity"",""structural_similarity""]","{""index_contiguity_score"":1.0,""name_prefix"":""b"",""name_prefix_score"":1.0,""structural_similarity_score"":0.428571}",0,b,exact,1,semantic_bus_hypothesis_v1
comparison_signed_lt_w2__dc2__whole_output_cone__inf__output__y,comparison_signed_lt_w2__dc2__whole_output_cone,inferred_bus_mode,false,true,output,output,"[""y""]","[""y""]",1,lsb_to_msb,unknown,0.640000,0.500000,1.000000,"[""name_prefix"",""index_contiguity"",""structural_similarity""]","{""index_contiguity_score"":1.0,""name_prefix"":""y"",""name_prefix_score"":0.2,""structural_similarity_score"":1.0}",0,y,exact,1,semantic_bus_hypothesis_v1
comparison_signed_lt_w2__identity__ground_truth_region__inf__input__a,comparison_signed_lt_w2__identity__ground_truth_region,inferred_bus_mode,false,true,input,data_operand,"[""a_0"",""a_1""]","[""a_0"",""a_1""]",2,lsb_to_msb,unknown,0.800000,1.000000,0.800000,"[""name_prefix"",""index_contiguity"",""structural_similarity""]","{""index_contiguity_score"":1.0,""name_prefix"":""a"",""name_prefix_score"":1.0,""structural_similarity_score"":0.333333}",0,a,exact,1,semantic_bus_hypothesis_v1
comparison_signed_lt_w2__identity__ground_truth_region__inf__output__y,comparison_signed_lt_w2__identity__ground_truth_region,inferred_bus_mode,false,true,output,output,"[""y""]","[""y""]",1,lsb_to_msb,unknown,0.640000,0.500000,1.000000,"[""name_prefix"",""index_contiguity"",""structural_similarity""]","{""index_contiguity_score"":1.0,""name_prefix"":""y"",""name_prefix_score"":0.2,""structural_similarity_score"":1.0}",0,y,exact,1,semantic_bus_hypothesis_v1
comparison_signed_lt_w2__identity__whole_output_cone__inf__input__a,comparison_signed_lt_w2__identity__whole_output_cone,inferred_bus_mode,false,true,input,data_operand,"[""a_0"",""a_1""]","[""a_0"",""a_1""]",2,lsb_to_msb,unknown,0.800000,1.000000,0.800000,"[""name_prefix"",""index_contiguity"",""structural_similarity""]","{""index_contiguity_score"":1.0,""name_prefix"":""a"",""name_prefix_score"":1.0,""structural_similarity_score"":0.333333}",0,a,exact,1,semantic_bus_hypothesis_v1
comparison_signed_lt_w2__identity__whole_output_cone__inf__output__y,comparison_signed_lt_w2__identity__whole_output_cone,inferred_bus_mode,false,true,output,output,"[""y""]","[""y""]",1,lsb_to_msb,unknown,0.640000,0.500000,1.000000,"[""name_prefix"",""index_contiguity"",""structural_similarity""]","{""index_contiguity_score"":1.0,""name_prefix"":""y"",""name_prefix_score"":0.2,""structural_similarity_score"":1.0}",0,y,exact,1,semantic_bus_hypothesis_v1
comparison_signed_lt_w2__refactor__whole_output_cone__inf__input__b,comparison_signed_lt_w2__refactor__whole_output_cone,inferred_bus_mode,false,true,input,data_operand,"[""b_0"",""b_1""]","[""b_0"",""b_1""]",2,lsb_to_msb,unknown,0.887500,1.000000,0.800000,"[""name_prefix"",""index_contiguity"",""structural_similarity""]","{""index_contiguity_score"":1.0,""name_prefix"":""b"",""name_prefix_score"":1.0,""structural_similarity_score"":0.625}",0,b,exact,1,semantic_bus_hypothesis_v1
comparison_signed_lt_w2__refactor__whole_output_cone__inf__output__y,comparison_signed_lt_w2__refactor__whole_output_cone,inferred_bus_mode,false,true,output,output,"[""y""]","[""y""]",1,lsb_to_msb,unknown,0.640000,0.500000,1.000000,"[""name_prefix"",""index_contiguity"",""structural_similarity""]","{""index_contiguity_score"":1.0,""name_prefix"":""y"",""name_prefix_score"":0.2,""structural_similarity_score"":1.0}",0,y,exact,1,semantic_bus_hypothesis_v1
comparison_signed_lt_w2__resub__whole_output_cone__inf__input__b,comparison_signed_lt_w2__resub__whole_output_cone,inferred_bus_mode,false,true,input,data_operand,"[""b_0"",""b_1""]","[""b_0"",""b_1""]",2,lsb_to_msb,unknown,0.933333,1.000000,0.800000,"[""name_prefix"",""index_contiguity"",""structural_similarity""]","{""index_contiguity_score"":1.0,""name_prefix"":""b"",""name_prefix_score"":1.0,""structural_similarity_score"":0.777778}",0,b,exact,1,semantic_bus_hypothesis_v1
comparison_signed_lt_w2__resub__whole_output_cone__inf__output__y,comparison_signed_lt_w2__resub__whole_output_cone,inferred_bus_mode,false,true,output,output,"[""y""]","[""y""]",1,lsb_to_msb,unknown,0.640000,0.500000,1.000000,"[""name_prefix"",""index_contiguity"",""structural_similarity""]","{""index_contiguity_score"":1.0,""name_prefix"":""y"",""name_prefix_score"":0.2,""structural_similarity_score"":1.0}",0,y,exact,1,semantic_bus_hypothesis_v1
comparison_signed_lt_w2__resyn__whole_output_cone__inf__input__a,comparison_signed_lt_w2__resyn__whole_output_cone,inferred_bus_mode,false,true,input,data_operand,"[""a_0"",""a_1""]","[""a_0"",""a_1""]",2,lsb_to_msb,unknown,0.785714,1.000000,0.800000,"[""name_prefix"",""index_contiguity"",""structural_similarity""]","{""index_contiguity_score"":1.0,""name_prefix"":""a"",""name_prefix_score"":1.0,""structural_similarity_score"":0.285714}",0,a,exact,1,semantic_bus_hypothesis_v1
comparison_signed_lt_w2__resyn__whole_output_cone__inf__output__y,comparison_signed_lt_w2__resyn__whole_output_cone,inferred_bus_mode,false,true,output,output,"[""y""]","[""y""]",1,lsb_to_msb,unknown,0.640000,0.500000,1.000000,"[""name_prefix"",""index_contiguity"",""structural_similarity""]","{""index_contiguity_score"":1.0,""name_prefix"":""y"",""name_prefix_score"":0.2,""structural_similarity_score"":1.0}",0,y,exact,1,semantic_bus_hypothesis_v1
comparison_signed_lt_w2__resyn2__whole_output_cone__inf__input__a,comparison_signed_lt_w2__resyn2__whole_output_cone,inferred_bus_mode,false,true,input,data_operand,"[""a_0"",""a_1""]","[""a_0"",""a_1""]",2,lsb_to_msb,unknown,0.785714,1.000000,0.800000,"[""name_prefix"",""index_contiguity"",""structural_similarity""]","{""index_contiguity_score"":1.0,""name_prefix"":""a"",""name_prefix_score"":1.0,""structural_similarity_score"":0.285714}",0,a,exact,1,semantic_bus_hypothesis_v1
comparison_signed_lt_w2__resyn2__whole_output_cone__inf__output__y,comparison_signed_lt_w2__resyn2__whole_output_cone,inferred_bus_mode,false,true,output,output,"[""y""]","[""y""]",1,lsb_to_msb,unknown,0.640000,0.500000,1.000000,"[""name_prefix"",""index_contiguity"",""structural_similarity""]","{""index_contiguity_score"":1.0,""name_prefix"":""y"",""name_prefix_score"":0.2,""structural_similarity_score"":1.0}",0,y,exact,1,semantic_bus_hypothesis_v1
comparison_signed_lt_w2__rewrite__whole_output_cone__inf__input__a,comparison_signed_lt_w2__rewrite__whole_output_cone,inferred_bus_mode,false,true,input,data_operand,"[""a_0"",""a_1""]","[""a_0"",""a_1""]",2,lsb_to_msb,unknown,0.785714,1.000000,0.800000,"[""name_prefix"",""index_contiguity"",""structural_similarity""]","{""index_contiguity_score"":1.0,""name_prefix"":""a"",""name_prefix_score"":1.0,""structural_similarity_score"":0.285714}",0,a,exact,1,semantic_bus_hypothesis_v1
comparison_signed_lt_w2__rewrite__whole_output_cone__inf__output__y,comparison_signed_lt_w2__rewrite__whole_output_cone,inferred_bus_mode,false,true,output,output,"[""y""]","[""y""]",1,lsb_to_msb,unknown,0.640000,0.500000,1.000000,"[""name_prefix"",""index_contiguity"",""structural_similarity""]","{""index_contiguity_score"":1.0,""name_prefix"":""y"",""name_prefix_score"":0.2,""structural_similarity_score"":1.0}",0,y,exact,1,semantic_bus_hypothesis_v1
comparison_signed_lt_w3__identity__ground_truth_region__inf__input__a,comparison_signed_lt_w3__identity__ground_truth_region,inferred_bus_mode,false,true,input,data_operand,"[""a_0"",""a_1"",""a_2""]","[""a_0"",""a_1"",""a_2""]",3,lsb_to_msb,unknown,0.800000,1.000000,0.800000,"[""name_prefix"",""index_contiguity"",""structural_similarity""]","{""index_contiguity_score"":1.0,""name_prefix"":""a"",""name_prefix_score"":1.0,""structural_similarity_score"":0.333333}",0,a,exact,1,semantic_bus_hypothesis_v1
comparison_signed_lt_w3__identity__ground_truth_region__inf__output__y,comparison_signed_lt_w3__identity__ground_truth_region,inferred_bus_mode,false,true,output,output,"[""y""]","[""y""]",1,lsb_to_msb,unknown,0.640000,0.500000,1.000000,"[""name_prefix"",""index_contiguity"",""structural_similarity""]","{""index_contiguity_score"":1.0,""name_prefix"":""y"",""name_prefix_score"":0.2,""structural_similarity_score"":1.0}",0,y,exact,1,semantic_bus_hypothesis_v1
comparison_signed_lt_w3__identity__whole_output_cone__inf__input__a,comparison_signed_lt_w3__identity__whole_output_cone,inferred_bus_mode,false,true,input,data_operand,"[""a_0"",""a_1"",""a_2""]","[""a_0"",""a_1"",""a_2""]",3,lsb_to_msb,unknown,0.800000,1.000000,0.800000,"[""name_prefix"",""index_contiguity"",""structural_similarity""]","{""index_contiguity_score"":1.0,""name_prefix"":""a"",""name_prefix_score"":1.0,""structural_similarity_score"":0.333333}",0,a,exact,1,semantic_bus_hypothesis_v1
comparison_signed_lt_w3__identity__whole_output_cone__inf__output__y,comparison_signed_lt_w3__identity__whole_output_cone,inferred_bus_mode,false,true,output,output,"[""y""]","[""y""]",1,lsb_to_msb,unknown,0.640000,0.500000,1.000000,"[""name_prefix"",""index_contiguity"",""structural_similarity""]","{""index_contiguity_score"":1.0,""name_prefix"":""y"",""name_prefix_score"":0.2,""structural_similarity_score"":1.0}",0,y,exact,1,semantic_bus_hypothesis_v1
comparison_signed_lt_w4__identity__ground_truth_region__inf__input__a,comparison_signed_lt_w4__identity__ground_truth_region,inferred_bus_mode,false,true,input,data_operand,"[""a_0"",""a_1"",""a_2"",""a_3""]","[""a_0"",""a_1"",""a_2"",""a_3""]",4,lsb_to_msb,unknown,0.800000,1.000000,0.800000,"[""name_prefix"",""index_contiguity"",""structural_similarity""]","{""index_contiguity_score"":1.0,""name_prefix"":""a"",""name_prefix_score"":1.0,""structural_similarity_score"":0.333333}",0,a,exact,1,semantic_bus_hypothesis_v1
comparison_signed_lt_w4__identity__ground_truth_region__inf__output__y,comparison_signed_lt_w4__identity__ground_truth_region,inferred_bus_mode,false,true,output,output,"[""y""]","[""y""]",1,lsb_to_msb,unknown,0.640000,0.500000,1.000000,"[""name_prefix"",""index_contiguity"",""structural_similarity""]","{""index_contiguity_score"":1.0,""name_prefix"":""y"",""name_prefix_score"":0.2,""structural_similarity_score"":1.0}",0,y,exact,1,semantic_bus_hypothesis_v1
comparison_signed_lt_w4__identity__whole_output_cone__inf__input__a,comparison_signed_lt_w4__identity__whole_output_cone,inferred_bus_mode,false,true,input,data_operand,"[""a_0"",""a_1"",""a_2"",""a_3""]","[""a_0"",""a_1"",""a_2"",""a_3""]",4,lsb_to_msb,unknown,0.800000,1.000000,0.800000,"[""name_prefix"",""index_contiguity"",""structural_similarity""]","{""index_contiguity_score"":1.0,""name_prefix"":""a"",""name_prefix_score"":1.0,""structural_similarity_score"":0.333333}",0,a,exact,1,semantic_bus_hypothesis_v1
comparison_signed_lt_w4__identity__whole_output_cone__inf__output__y,comparison_signed_lt_w4__identity__whole_output_cone,inferred_bus_mode,false,true,output,output,"[""y""]","[""y""]",1,lsb_to_msb,unknown,0.640000,0.500000,1.000000,"[""name_prefix"",""index_contiguity"",""structural_similarity""]","{""index_contiguity_score"":1.0,""name_prefix"":""y"",""name_prefix_score"":0.2,""structural_similarity_score"":1.0}",0,y,exact,1,semantic_bus_hypothesis_v1
comparison_unsigned_le_w2__balance__whole_output_cone__inf__input__a,comparison_unsigned_le_w2__balance__whole_output_cone,inferred_bus_mode,false,true,input,data_operand,"[""a_0"",""a_1""]","[""a_0"",""a_1""]",2,lsb_to_msb,unknown,0.838462,1.000000,0.800000,"[""name_prefix"",""index_contiguity"",""structural_similarity""]","{""index_contiguity_score"":1.0,""name_prefix"":""a"",""name_prefix_score"":1.0,""structural_similarity_score"":0.461538}",0,a,exact,1,semantic_bus_hypothesis_v1
comparison_unsigned_le_w2__balance__whole_output_cone__inf__output__y,comparison_unsigned_le_w2__balance__whole_output_cone,inferred_bus_mode,false,true,output,output,"[""y""]","[""y""]",1,lsb_to_msb,unknown,0.640000,0.500000,1.000000,"[""name_prefix"",""index_contiguity"",""structural_similarity""]","{""index_contiguity_score"":1.0,""name_prefix"":""y"",""name_prefix_score"":0.2,""structural_similarity_score"":1.0}",0,y,exact,1,semantic_bus_hypothesis_v1
comparison_unsigned_le_w2__compress2rs__whole_output_cone__inf__input__a,comparison_unsigned_le_w2__compress2rs__whole_output_cone,inferred_bus_mode,false,true,input,data_operand,"[""a_0"",""a_1""]","[""a_0"",""a_1""]",2,lsb_to_msb,unknown,0.785714,1.000000,0.800000,"[""name_prefix"",""index_contiguity"",""structural_similarity""]","{""index_contiguity_score"":1.0,""name_prefix"":""a"",""name_prefix_score"":1.0,""structural_similarity_score"":0.285714}",0,a,exact,1,semantic_bus_hypothesis_v1
comparison_unsigned_le_w2__compress2rs__whole_output_cone__inf__output__y,comparison_unsigned_le_w2__compress2rs__whole_output_cone,inferred_bus_mode,false,true,output,output,"[""y""]","[""y""]",1,lsb_to_msb,unknown,0.640000,0.500000,1.000000,"[""name_prefix"",""index_contiguity"",""structural_similarity""]","{""index_contiguity_score"":1.0,""name_prefix"":""y"",""name_prefix_score"":0.2,""structural_similarity_score"":1.0}",0,y,exact,1,semantic_bus_hypothesis_v1
comparison_unsigned_le_w2__dc2__whole_output_cone__inf__input__a,comparison_unsigned_le_w2__dc2__whole_output_cone,inferred_bus_mode,false,true,input,data_operand,"[""a_0"",""a_1""]","[""a_0"",""a_1""]",2,lsb_to_msb,unknown,0.828571,1.000000,0.800000,"[""name_prefix"",""index_contiguity"",""structural_similarity""]","{""index_contiguity_score"":1.0,""name_prefix"":""a"",""name_prefix_score"":1.0,""structural_similarity_score"":0.428571}",0,a,exact,1,semantic_bus_hypothesis_v1
comparison_unsigned_le_w2__dc2__whole_output_cone__inf__output__y,comparison_unsigned_le_w2__dc2__whole_output_cone,inferred_bus_mode,false,true,output,output,"[""y""]","[""y""]",1,lsb_to_msb,unknown,0.640000,0.500000,1.000000,"[""name_prefix"",""index_contiguity"",""structural_similarity""]","{""index_contiguity_score"":1.0,""name_prefix"":""y"",""name_prefix_score"":0.2,""structural_similarity_score"":1.0}",0,y,exact,1,semantic_bus_hypothesis_v1
comparison_unsigned_le_w2__identity__ground_truth_region__inf__input__a,comparison_unsigned_le_w2__identity__ground_truth_region,inferred_bus_mode,false,true,input,data_operand,"[""a_0"",""a_1""]","[""a_0"",""a_1""]",2,lsb_to_msb,unknown,0.800000,1.000000,0.800000,"[""name_prefix"",""index_contiguity"",""structural_similarity""]","{""index_contiguity_score"":1.0,""name_prefix"":""a"",""name_prefix_score"":1.0,""structural_similarity_score"":0.333333}",0,a,exact,1,semantic_bus_hypothesis_v1
comparison_unsigned_le_w2__identity__ground_truth_region__inf__output__y,comparison_unsigned_le_w2__identity__ground_truth_region,inferred_bus_mode,false,true,output,output,"[""y""]","[""y""]",1,lsb_to_msb,unknown,0.640000,0.500000,1.000000,"[""name_prefix"",""index_contiguity"",""structural_similarity""]","{""index_contiguity_score"":1.0,""name_prefix"":""y"",""name_prefix_score"":0.2,""structural_similarity_score"":1.0}",0,y,exact,1,semantic_bus_hypothesis_v1
comparison_unsigned_le_w2__identity__whole_output_cone__inf__input__a,comparison_unsigned_le_w2__identity__whole_output_cone,inferred_bus_mode,false,true,input,data_operand,"[""a_0"",""a_1""]","[""a_0"",""a_1""]",2,lsb_to_msb,unknown,0.800000,1.000000,0.800000,"[""name_prefix"",""index_contiguity"",""structural_similarity""]","{""index_contiguity_score"":1.0,""name_prefix"":""a"",""name_prefix_score"":1.0,""structural_similarity_score"":0.333333}",0,a,exact,1,semantic_bus_hypothesis_v1
comparison_unsigned_le_w2__identity__whole_output_cone__inf__output__y,comparison_unsigned_le_w2__identity__whole_output_cone,inferred_bus_mode,false,true,output,output,"[""y""]","[""y""]",1,lsb_to_msb,unknown,0.640000,0.500000,1.000000,"[""name_prefix"",""index_contiguity"",""structural_similarity""]","{""index_contiguity_score"":1.0,""name_prefix"":""y"",""name_prefix_score"":0.2,""structural_similarity_score"":1.0}",0,y,exact,1,semantic_bus_hypothesis_v1
comparison_unsigned_le_w2__refactor__whole_output_cone__inf__input__b,comparison_unsigned_le_w2__refactor__whole_output_cone,inferred_bus_mode,false,true,input,data_operand,"[""b_0"",""b_1""]","[""b_0"",""b_1""]",2,lsb_to_msb,unknown,0.828571,1.000000,0.800000,"[""name_prefix"",""index_contiguity"",""structural_similarity""]","{""index_contiguity_score"":1.0,""name_prefix"":""b"",""name_prefix_score"":1.0,""structural_similarity_score"":0.428571}",0,b,exact,1,semantic_bus_hypothesis_v1
comparison_unsigned_le_w2__refactor__whole_output_cone__inf__output__y,comparison_unsigned_le_w2__refactor__whole_output_cone,inferred_bus_mode,false,true,output,output,"[""y""]","[""y""]",1,lsb_to_msb,unknown,0.640000,0.500000,1.000000,"[""name_prefix"",""index_contiguity"",""structural_similarity""]","{""index_contiguity_score"":1.0,""name_prefix"":""y"",""name_prefix_score"":0.2,""structural_similarity_score"":1.0}",0,y,exact,1,semantic_bus_hypothesis_v1
comparison_unsigned_le_w2__resub__whole_output_cone__inf__input__a,comparison_unsigned_le_w2__resub__whole_output_cone,inferred_bus_mode,false,true,input,data_operand,"[""a_0"",""a_1""]","[""a_0"",""a_1""]",2,lsb_to_msb,unknown,0.815385,1.000000,0.800000,"[""name_prefix"",""index_contiguity"",""structural_similarity""]","{""index_contiguity_score"":1.0,""name_prefix"":""a"",""name_prefix_score"":1.0,""structural_similarity_score"":0.384615}",0,a,exact,1,semantic_bus_hypothesis_v1
comparison_unsigned_le_w2__resub__whole_output_cone__inf__output__y,comparison_unsigned_le_w2__resub__whole_output_cone,inferred_bus_mode,false,true,output,output,"[""y""]","[""y""]",1,lsb_to_msb,unknown,0.640000,0.500000,1.000000,"[""name_prefix"",""index_contiguity"",""structural_similarity""]","{""index_contiguity_score"":1.0,""name_prefix"":""y"",""name_prefix_score"":0.2,""structural_similarity_score"":1.0}",0,y,exact,1,semantic_bus_hypothesis_v1
comparison_unsigned_le_w2__resyn__whole_output_cone__inf__input__a,comparison_unsigned_le_w2__resyn__whole_output_cone,inferred_bus_mode,false,true,input,data_operand,"[""a_0"",""a_1""]","[""a_0"",""a_1""]",2,lsb_to_msb,unknown,0.785714,1.000000,0.800000,"[""name_prefix"",""index_contiguity"",""structural_similarity""]","{""index_contiguity_score"":1.0,""name_prefix"":""a"",""name_prefix_score"":1.0,""structural_similarity_score"":0.285714}",0,a,exact,1,semantic_bus_hypothesis_v1
comparison_unsigned_le_w2__resyn__whole_output_cone__inf__output__y,comparison_unsigned_le_w2__resyn__whole_output_cone,inferred_bus_mode,false,true,output,output,"[""y""]","[""y""]",1,lsb_to_msb,unknown,0.640000,0.500000,1.000000,"[""name_prefix"",""index_contiguity"",""structural_similarity""]","{""index_contiguity_score"":1.0,""name_prefix"":""y"",""name_prefix_score"":0.2,""structural_similarity_score"":1.0}",0,y,exact,1,semantic_bus_hypothesis_v1
comparison_unsigned_le_w2__resyn2__whole_output_cone__inf__input__a,comparison_unsigned_le_w2__resyn2__whole_output_cone,inferred_bus_mode,false,true,input,data_operand,"[""a_0"",""a_1""]","[""a_0"",""a_1""]",2,lsb_to_msb,unknown,0.785714,1.000000,0.800000,"[""name_prefix"",""index_contiguity"",""structural_similarity""]","{""index_contiguity_score"":1.0,""name_prefix"":""a"",""name_prefix_score"":1.0,""structural_similarity_score"":0.285714}",0,a,exact,1,semantic_bus_hypothesis_v1
comparison_unsigned_le_w2__resyn2__whole_output_cone__inf__output__y,comparison_unsigned_le_w2__resyn2__whole_output_cone,inferred_bus_mode,false,true,output,output,"[""y""]","[""y""]",1,lsb_to_msb,unknown,0.640000,0.500000,1.000000,"[""name_prefix"",""index_contiguity"",""structural_similarity""]","{""index_contiguity_score"":1.0,""name_prefix"":""y"",""name_prefix_score"":0.2,""structural_similarity_score"":1.0}",0,y,exact,1,semantic_bus_hypothesis_v1
comparison_unsigned_le_w2__rewrite__whole_output_cone__inf__input__a,comparison_unsigned_le_w2__rewrite__whole_output_cone,inferred_bus_mode,false,true,input,data_operand,"[""a_0"",""a_1""]","[""a_0"",""a_1""]",2,lsb_to_msb,unknown,0.785714,1.000000,0.800000,"[""name_prefix"",""index_contiguity"",""structural_similarity""]","{""index_contiguity_score"":1.0,""name_prefix"":""a"",""name_prefix_score"":1.0,""structural_similarity_score"":0.285714}",0,a,exact,1,semantic_bus_hypothesis_v1
comparison_unsigned_le_w2__rewrite__whole_output_cone__inf__output__y,comparison_unsigned_le_w2__rewrite__whole_output_cone,inferred_bus_mode,false,true,output,output,"[""y""]","[""y""]",1,lsb_to_msb,unknown,0.640000,0.500000,1.000000,"[""name_prefix"",""index_contiguity"",""structural_similarity""]","{""index_contiguity_score"":1.0,""name_prefix"":""y"",""name_prefix_score"":0.2,""structural_similarity_score"":1.0}",0,y,exact,1,semantic_bus_hypothesis_v1
comparison_unsigned_le_w3__identity__ground_truth_region__inf__input__a,comparison_unsigned_le_w3__identity__ground_truth_region,inferred_bus_mode,false,true,input,data_operand,"[""a_0"",""a_1"",""a_2""]","[""a_0"",""a_1"",""a_2""]",3,lsb_to_msb,unknown,0.800000,1.000000,0.800000,"[""name_prefix"",""index_contiguity"",""structural_similarity""]","{""index_contiguity_score"":1.0,""name_prefix"":""a"",""name_prefix_score"":1.0,""structural_similarity_score"":0.333333}",0,a,exact,1,semantic_bus_hypothesis_v1
comparison_unsigned_le_w3__identity__ground_truth_region__inf__output__y,comparison_unsigned_le_w3__identity__ground_truth_region,inferred_bus_mode,false,true,output,output,"[""y""]","[""y""]",1,lsb_to_msb,unknown,0.640000,0.500000,1.000000,"[""name_prefix"",""index_contiguity"",""structural_similarity""]","{""index_contiguity_score"":1.0,""name_prefix"":""y"",""name_prefix_score"":0.2,""structural_similarity_score"":1.0}",0,y,exact,1,semantic_bus_hypothesis_v1
comparison_unsigned_le_w3__identity__whole_output_cone__inf__input__a,comparison_unsigned_le_w3__identity__whole_output_cone,inferred_bus_mode,false,true,input,data_operand,"[""a_0"",""a_1"",""a_2""]","[""a_0"",""a_1"",""a_2""]",3,lsb_to_msb,unknown,0.800000,1.000000,0.800000,"[""name_prefix"",""index_contiguity"",""structural_similarity""]","{""index_contiguity_score"":1.0,""name_prefix"":""a"",""name_prefix_score"":1.0,""structural_similarity_score"":0.333333}",0,a,exact,1,semantic_bus_hypothesis_v1
comparison_unsigned_le_w3__identity__whole_output_cone__inf__output__y,comparison_unsigned_le_w3__identity__whole_output_cone,inferred_bus_mode,false,true,output,output,"[""y""]","[""y""]",1,lsb_to_msb,unknown,0.640000,0.500000,1.000000,"[""name_prefix"",""index_contiguity"",""structural_similarity""]","{""index_contiguity_score"":1.0,""name_prefix"":""y"",""name_prefix_score"":0.2,""structural_similarity_score"":1.0}",0,y,exact,1,semantic_bus_hypothesis_v1
comparison_unsigned_le_w4__identity__ground_truth_region__inf__input__a,comparison_unsigned_le_w4__identity__ground_truth_region,inferred_bus_mode,false,true,input,data_operand,"[""a_0"",""a_1"",""a_2"",""a_3""]","[""a_0"",""a_1"",""a_2"",""a_3""]",4,lsb_to_msb,unknown,0.800000,1.000000,0.800000,"[""name_prefix"",""index_contiguity"",""structural_similarity""]","{""index_contiguity_score"":1.0,""name_prefix"":""a"",""name_prefix_score"":1.0,""structural_similarity_score"":0.333333}",0,a,exact,1,semantic_bus_hypothesis_v1
comparison_unsigned_le_w4__identity__ground_truth_region__inf__output__y,comparison_unsigned_le_w4__identity__ground_truth_region,inferred_bus_mode,false,true,output,output,"[""y""]","[""y""]",1,lsb_to_msb,unknown,0.640000,0.500000,1.000000,"[""name_prefix"",""index_contiguity"",""structural_similarity""]","{""index_contiguity_score"":1.0,""name_prefix"":""y"",""name_prefix_score"":0.2,""structural_similarity_score"":1.0}",0,y,exact,1,semantic_bus_hypothesis_v1
comparison_unsigned_le_w4__identity__whole_output_cone__inf__input__a,comparison_unsigned_le_w4__identity__whole_output_cone,inferred_bus_mode,false,true,input,data_operand,"[""a_0"",""a_1"",""a_2"",""a_3""]","[""a_0"",""a_1"",""a_2"",""a_3""]",4,lsb_to_msb,unknown,0.800000,1.000000,0.800000,"[""name_prefix"",""index_contiguity"",""structural_similarity""]","{""index_contiguity_score"":1.0,""name_prefix"":""a"",""name_prefix_score"":1.0,""structural_similarity_score"":0.333333}",0,a,exact,1,semantic_bus_hypothesis_v1
comparison_unsigned_le_w4__identity__whole_output_cone__inf__output__y,comparison_unsigned_le_w4__identity__whole_output_cone,inferred_bus_mode,false,true,output,output,"[""y""]","[""y""]",1,lsb_to_msb,unknown,0.640000,0.500000,1.000000,"[""name_prefix"",""index_contiguity"",""structural_similarity""]","{""index_contiguity_score"":1.0,""name_prefix"":""y"",""name_prefix_score"":0.2,""structural_similarity_score"":1.0}",0,y,exact,1,semantic_bus_hypothesis_v1
comparison_unsigned_lt_w2__balance__whole_output_cone__inf__input__b,comparison_unsigned_lt_w2__balance__whole_output_cone,inferred_bus_mode,false,true,input,data_operand,"[""b_0"",""b_1""]","[""b_0"",""b_1""]",2,lsb_to_msb,unknown,0.866667,1.000000,0.800000,"[""name_prefix"",""index_contiguity"",""structural_similarity""]","{""index_contiguity_score"":1.0,""name_prefix"":""b"",""name_prefix_score"":1.0,""structural_similarity_score"":0.555556}",0,b,exact,1,semantic_bus_hypothesis_v1
comparison_unsigned_lt_w2__balance__whole_output_cone__inf__output__y,comparison_unsigned_lt_w2__balance__whole_output_cone,inferred_bus_mode,false,true,output,output,"[""y""]","[""y""]",1,lsb_to_msb,unknown,0.640000,0.500000,1.000000,"[""name_prefix"",""index_contiguity"",""structural_similarity""]","{""index_contiguity_score"":1.0,""name_prefix"":""y"",""name_prefix_score"":0.2,""structural_similarity_score"":1.0}",0,y,exact,1,semantic_bus_hypothesis_v1
comparison_unsigned_lt_w2__compress2rs__whole_output_cone__inf__input__a,comparison_unsigned_lt_w2__compress2rs__whole_output_cone,inferred_bus_mode,false,true,input,data_operand,"[""a_0"",""a_1""]","[""a_0"",""a_1""]",2,lsb_to_msb,unknown,0.785714,1.000000,0.800000,"[""name_prefix"",""index_contiguity"",""structural_similarity""]","{""index_contiguity_score"":1.0,""name_prefix"":""a"",""name_prefix_score"":1.0,""structural_similarity_score"":0.285714}",0,a,exact,1,semantic_bus_hypothesis_v1
comparison_unsigned_lt_w2__compress2rs__whole_output_cone__inf__output__y,comparison_unsigned_lt_w2__compress2rs__whole_output_cone,inferred_bus_mode,false,true,output,output,"[""y""]","[""y""]",1,lsb_to_msb,unknown,0.640000,0.500000,1.000000,"[""name_prefix"",""index_contiguity"",""structural_similarity""]","{""index_contiguity_score"":1.0,""name_prefix"":""y"",""name_prefix_score"":0.2,""structural_similarity_score"":1.0}",0,y,exact,1,semantic_bus_hypothesis_v1
comparison_unsigned_lt_w2__dc2__whole_output_cone__inf__input__b,comparison_unsigned_lt_w2__dc2__whole_output_cone,inferred_bus_mode,false,true,input,data_operand,"[""b_0"",""b_1""]","[""b_0"",""b_1""]",2,lsb_to_msb,unknown,0.828571,1.000000,0.800000,"[""name_prefix"",""index_contiguity"",""structural_similarity""]","{""index_contiguity_score"":1.0,""name_prefix"":""b"",""name_prefix_score"":1.0,""structural_similarity_score"":0.428571}",0,b,exact,1,semantic_bus_hypothesis_v1
comparison_unsigned_lt_w2__dc2__whole_output_cone__inf__output__y,comparison_unsigned_lt_w2__dc2__whole_output_cone,inferred_bus_mode,false,true,output,output,"[""y""]","[""y""]",1,lsb_to_msb,unknown,0.640000,0.500000,1.000000,"[""name_prefix"",""index_contiguity"",""structural_similarity""]","{""index_contiguity_score"":1.0,""name_prefix"":""y"",""name_prefix_score"":0.2,""structural_similarity_score"":1.0}",0,y,exact,1,semantic_bus_hypothesis_v1
comparison_unsigned_lt_w2__identity__ground_truth_region__inf__input__a,comparison_unsigned_lt_w2__identity__ground_truth_region,inferred_bus_mode,false,true,input,data_operand,"[""a_0"",""a_1""]","[""a_0"",""a_1""]",2,lsb_to_msb,unknown,0.800000,1.000000,0.800000,"[""name_prefix"",""index_contiguity"",""structural_similarity""]","{""index_contiguity_score"":1.0,""name_prefix"":""a"",""name_prefix_score"":1.0,""structural_similarity_score"":0.333333}",0,a,exact,1,semantic_bus_hypothesis_v1
comparison_unsigned_lt_w2__identity__ground_truth_region__inf__output__y,comparison_unsigned_lt_w2__identity__ground_truth_region,inferred_bus_mode,false,true,output,output,"[""y""]","[""y""]",1,lsb_to_msb,unknown,0.640000,0.500000,1.000000,"[""name_prefix"",""index_contiguity"",""structural_similarity""]","{""index_contiguity_score"":1.0,""name_prefix"":""y"",""name_prefix_score"":0.2,""structural_similarity_score"":1.0}",0,y,exact,1,semantic_bus_hypothesis_v1
comparison_unsigned_lt_w2__identity__whole_output_cone__inf__input__a,comparison_unsigned_lt_w2__identity__whole_output_cone,inferred_bus_mode,false,true,input,data_operand,"[""a_0"",""a_1""]","[""a_0"",""a_1""]",2,lsb_to_msb,unknown,0.800000,1.000000,0.800000,"[""name_prefix"",""index_contiguity"",""structural_similarity""]","{""index_contiguity_score"":1.0,""name_prefix"":""a"",""name_prefix_score"":1.0,""structural_similarity_score"":0.333333}",0,a,exact,1,semantic_bus_hypothesis_v1
comparison_unsigned_lt_w2__identity__whole_output_cone__inf__output__y,comparison_unsigned_lt_w2__identity__whole_output_cone,inferred_bus_mode,false,true,output,output,"[""y""]","[""y""]",1,lsb_to_msb,unknown,0.640000,0.500000,1.000000,"[""name_prefix"",""index_contiguity"",""structural_similarity""]","{""index_contiguity_score"":1.0,""name_prefix"":""y"",""name_prefix_score"":0.2,""structural_similarity_score"":1.0}",0,y,exact,1,semantic_bus_hypothesis_v1
comparison_unsigned_lt_w2__refactor__whole_output_cone__inf__input__b,comparison_unsigned_lt_w2__refactor__whole_output_cone,inferred_bus_mode,false,true,input,data_operand,"[""b_0"",""b_1""]","[""b_0"",""b_1""]",2,lsb_to_msb,unknown,0.887500,1.000000,0.800000,"[""name_prefix"",""index_contiguity"",""structural_similarity""]","{""index_contiguity_score"":1.0,""name_prefix"":""b"",""name_prefix_score"":1.0,""structural_similarity_score"":0.625}",0,b,exact,1,semantic_bus_hypothesis_v1
comparison_unsigned_lt_w2__refactor__whole_output_cone__inf__output__y,comparison_unsigned_lt_w2__refactor__whole_output_cone,inferred_bus_mode,false,true,output,output,"[""y""]","[""y""]",1,lsb_to_msb,unknown,0.640000,0.500000,1.000000,"[""name_prefix"",""index_contiguity"",""structural_similarity""]","{""index_contiguity_score"":1.0,""name_prefix"":""y"",""name_prefix_score"":0.2,""structural_similarity_score"":1.0}",0,y,exact,1,semantic_bus_hypothesis_v1
comparison_unsigned_lt_w2__resub__whole_output_cone__inf__input__b,comparison_unsigned_lt_w2__resub__whole_output_cone,inferred_bus_mode,false,true,input,data_operand,"[""b_0"",""b_1""]","[""b_0"",""b_1""]",2,lsb_to_msb,unknown,0.933333,1.000000,0.800000,"[""name_prefix"",""index_contiguity"",""structural_similarity""]","{""index_contiguity_score"":1.0,""name_prefix"":""b"",""name_prefix_score"":1.0,""structural_similarity_score"":0.777778}",0,b,exact,1,semantic_bus_hypothesis_v1
comparison_unsigned_lt_w2__resub__whole_output_cone__inf__output__y,comparison_unsigned_lt_w2__resub__whole_output_cone,inferred_bus_mode,false,true,output,output,"[""y""]","[""y""]",1,lsb_to_msb,unknown,0.640000,0.500000,1.000000,"[""name_prefix"",""index_contiguity"",""structural_similarity""]","{""index_contiguity_score"":1.0,""name_prefix"":""y"",""name_prefix_score"":0.2,""structural_similarity_score"":1.0}",0,y,exact,1,semantic_bus_hypothesis_v1
comparison_unsigned_lt_w2__resyn__whole_output_cone__inf__input__a,comparison_unsigned_lt_w2__resyn__whole_output_cone,inferred_bus_mode,false,true,input,data_operand,"[""a_0"",""a_1""]","[""a_0"",""a_1""]",2,lsb_to_msb,unknown,0.785714,1.000000,0.800000,"[""name_prefix"",""index_contiguity"",""structural_similarity""]","{""index_contiguity_score"":1.0,""name_prefix"":""a"",""name_prefix_score"":1.0,""structural_similarity_score"":0.285714}",0,a,exact,1,semantic_bus_hypothesis_v1
comparison_unsigned_lt_w2__resyn__whole_output_cone__inf__output__y,comparison_unsigned_lt_w2__resyn__whole_output_cone,inferred_bus_mode,false,true,output,output,"[""y""]","[""y""]",1,lsb_to_msb,unknown,0.640000,0.500000,1.000000,"[""name_prefix"",""index_contiguity"",""structural_similarity""]","{""index_contiguity_score"":1.0,""name_prefix"":""y"",""name_prefix_score"":0.2,""structural_similarity_score"":1.0}",0,y,exact,1,semantic_bus_hypothesis_v1
comparison_unsigned_lt_w2__resyn2__whole_output_cone__inf__input__a,comparison_unsigned_lt_w2__resyn2__whole_output_cone,inferred_bus_mode,false,true,input,data_operand,"[""a_0"",""a_1""]","[""a_0"",""a_1""]",2,lsb_to_msb,unknown,0.785714,1.000000,0.800000,"[""name_prefix"",""index_contiguity"",""structural_similarity""]","{""index_contiguity_score"":1.0,""name_prefix"":""a"",""name_prefix_score"":1.0,""structural_similarity_score"":0.285714}",0,a,exact,1,semantic_bus_hypothesis_v1
comparison_unsigned_lt_w2__resyn2__whole_output_cone__inf__output__y,comparison_unsigned_lt_w2__resyn2__whole_output_cone,inferred_bus_mode,false,true,output,output,"[""y""]","[""y""]",1,lsb_to_msb,unknown,0.640000,0.500000,1.000000,"[""name_prefix"",""index_contiguity"",""structural_similarity""]","{""index_contiguity_score"":1.0,""name_prefix"":""y"",""name_prefix_score"":0.2,""structural_similarity_score"":1.0}",0,y,exact,1,semantic_bus_hypothesis_v1
comparison_unsigned_lt_w2__rewrite__whole_output_cone__inf__input__a,comparison_unsigned_lt_w2__rewrite__whole_output_cone,inferred_bus_mode,false,true,input,data_operand,"[""a_0"",""a_1""]","[""a_0"",""a_1""]",2,lsb_to_msb,unknown,0.785714,1.000000,0.800000,"[""name_prefix"",""index_contiguity"",""structural_similarity""]","{""index_contiguity_score"":1.0,""name_prefix"":""a"",""name_prefix_score"":1.0,""structural_similarity_score"":0.285714}",0,a,exact,1,semantic_bus_hypothesis_v1
comparison_unsigned_lt_w2__rewrite__whole_output_cone__inf__output__y,comparison_unsigned_lt_w2__rewrite__whole_output_cone,inferred_bus_mode,false,true,output,output,"[""y""]","[""y""]",1,lsb_to_msb,unknown,0.640000,0.500000,1.000000,"[""name_prefix"",""index_contiguity"",""structural_similarity""]","{""index_contiguity_score"":1.0,""name_prefix"":""y"",""name_prefix_score"":0.2,""structural_similarity_score"":1.0}",0,y,exact,1,semantic_bus_hypothesis_v1
comparison_unsigned_lt_w3__identity__ground_truth_region__inf__input__a,comparison_unsigned_lt_w3__identity__ground_truth_region,inferred_bus_mode,false,true,input,data_operand,"[""a_0"",""a_1"",""a_2""]","[""a_0"",""a_1"",""a_2""]",3,lsb_to_msb,unknown,0.800000,1.000000,0.800000,"[""name_prefix"",""index_contiguity"",""structural_similarity""]","{""index_contiguity_score"":1.0,""name_prefix"":""a"",""name_prefix_score"":1.0,""structural_similarity_score"":0.333333}",0,a,exact,1,semantic_bus_hypothesis_v1
comparison_unsigned_lt_w3__identity__ground_truth_region__inf__output__y,comparison_unsigned_lt_w3__identity__ground_truth_region,inferred_bus_mode,false,true,output,output,"[""y""]","[""y""]",1,lsb_to_msb,unknown,0.640000,0.500000,1.000000,"[""name_prefix"",""index_contiguity"",""structural_similarity""]","{""index_contiguity_score"":1.0,""name_prefix"":""y"",""name_prefix_score"":0.2,""structural_similarity_score"":1.0}",0,y,exact,1,semantic_bus_hypothesis_v1
comparison_unsigned_lt_w3__identity__whole_output_cone__inf__input__a,comparison_unsigned_lt_w3__identity__whole_output_cone,inferred_bus_mode,false,true,input,data_operand,"[""a_0"",""a_1"",""a_2""]","[""a_0"",""a_1"",""a_2""]",3,lsb_to_msb,unknown,0.800000,1.000000,0.800000,"[""name_prefix"",""index_contiguity"",""structural_similarity""]","{""index_contiguity_score"":1.0,""name_prefix"":""a"",""name_prefix_score"":1.0,""structural_similarity_score"":0.333333}",0,a,exact,1,semantic_bus_hypothesis_v1
comparison_unsigned_lt_w3__identity__whole_output_cone__inf__output__y,comparison_unsigned_lt_w3__identity__whole_output_cone,inferred_bus_mode,false,true,output,output,"[""y""]","[""y""]",1,lsb_to_msb,unknown,0.640000,0.500000,1.000000,"[""name_prefix"",""index_contiguity"",""structural_similarity""]","{""index_contiguity_score"":1.0,""name_prefix"":""y"",""name_prefix_score"":0.2,""structural_similarity_score"":1.0}",0,y,exact,1,semantic_bus_hypothesis_v1
comparison_unsigned_lt_w4__identity__ground_truth_region__inf__input__a,comparison_unsigned_lt_w4__identity__ground_truth_region,inferred_bus_mode,false,true,input,data_operand,"[""a_0"",""a_1"",""a_2"",""a_3""]","[""a_0"",""a_1"",""a_2"",""a_3""]",4,lsb_to_msb,unknown,0.800000,1.000000,0.800000,"[""name_prefix"",""index_contiguity"",""structural_similarity""]","{""index_contiguity_score"":1.0,""name_prefix"":""a"",""name_prefix_score"":1.0,""structural_similarity_score"":0.333333}",0,a,exact,1,semantic_bus_hypothesis_v1
comparison_unsigned_lt_w4__identity__ground_truth_region__inf__output__y,comparison_unsigned_lt_w4__identity__ground_truth_region,inferred_bus_mode,false,true,output,output,"[""y""]","[""y""]",1,lsb_to_msb,unknown,0.640000,0.500000,1.000000,"[""name_prefix"",""index_contiguity"",""structural_similarity""]","{""index_contiguity_score"":1.0,""name_prefix"":""y"",""name_prefix_score"":0.2,""structural_similarity_score"":1.0}",0,y,exact,1,semantic_bus_hypothesis_v1
comparison_unsigned_lt_w4__identity__whole_output_cone__inf__input__a,comparison_unsigned_lt_w4__identity__whole_output_cone,inferred_bus_mode,false,true,input,data_operand,"[""a_0"",""a_1"",""a_2"",""a_3""]","[""a_0"",""a_1"",""a_2"",""a_3""]",4,lsb_to_msb,unknown,0.800000,1.000000,0.800000,"[""name_prefix"",""index_contiguity"",""structural_similarity""]","{""index_contiguity_score"":1.0,""name_prefix"":""a"",""name_prefix_score"":1.0,""structural_similarity_score"":0.333333}",0,a,exact,1,semantic_bus_hypothesis_v1
comparison_unsigned_lt_w4__identity__whole_output_cone__inf__output__y,comparison_unsigned_lt_w4__identity__whole_output_cone,inferred_bus_mode,false,true,output,output,"[""y""]","[""y""]",1,lsb_to_msb,unknown,0.640000,0.500000,1.000000,"[""name_prefix"",""index_contiguity"",""structural_similarity""]","{""index_contiguity_score"":1.0,""name_prefix"":""y"",""name_prefix_score"":0.2,""structural_similarity_score"":1.0}",0,y,exact,1,semantic_bus_hypothesis_v1
control_arithmetic_select_w2__identity__ground_truth_region__inf__input__a,control_arithmetic_select_w2__identity__ground_truth_region,inferred_bus_mode,false,true,input,data_operand,"[""a_0"",""a_1""]","[""a_0"",""a_1""]",2,lsb_to_msb,unknown,0.880000,1.000000,0.800000,"[""name_prefix"",""index_contiguity"",""structural_similarity""]","{""index_contiguity_score"":1.0,""name_prefix"":""a"",""name_prefix_score"":1.0,""structural_similarity_score"":0.6}",0,a,exact,1,semantic_bus_hypothesis_v1
control_arithmetic_select_w2__identity__ground_truth_region__inf__output__y,control_arithmetic_select_w2__identity__ground_truth_region,inferred_bus_mode,false,true,output,output,"[""y_0"",""y_1"",""y_2""]","[""y_0"",""y_1"",""y_2""]",3,lsb_to_msb,unknown,0.914286,1.000000,1.000000,"[""name_prefix"",""index_contiguity"",""structural_similarity""]","{""index_contiguity_score"":1.0,""name_prefix"":""y"",""name_prefix_score"":1.0,""structural_similarity_score"":0.714286}",0,y,exact,1,semantic_bus_hypothesis_v1
control_arithmetic_select_w2__identity__whole_output_cone__inf__input__a,control_arithmetic_select_w2__identity__whole_output_cone,inferred_bus_mode,false,true,input,data_operand,"[""a_0"",""a_1""]","[""a_0"",""a_1""]",2,lsb_to_msb,unknown,0.880000,1.000000,0.800000,"[""name_prefix"",""index_contiguity"",""structural_similarity""]","{""index_contiguity_score"":1.0,""name_prefix"":""a"",""name_prefix_score"":1.0,""structural_similarity_score"":0.6}",0,a,exact,1,semantic_bus_hypothesis_v1
control_arithmetic_select_w2__identity__whole_output_cone__inf__output__y,control_arithmetic_select_w2__identity__whole_output_cone,inferred_bus_mode,false,true,output,output,"[""y_0"",""y_1"",""y_2""]","[""y_0"",""y_1"",""y_2""]",3,lsb_to_msb,unknown,0.914286,1.000000,1.000000,"[""name_prefix"",""index_contiguity"",""structural_similarity""]","{""index_contiguity_score"":1.0,""name_prefix"":""y"",""name_prefix_score"":1.0,""structural_similarity_score"":0.714286}",0,y,exact,1,semantic_bus_hypothesis_v1
control_arithmetic_select_w3__identity__ground_truth_region__inf__input__a,control_arithmetic_select_w3__identity__ground_truth_region,inferred_bus_mode,false,true,input,data_operand,"[""a_0"",""a_1"",""a_2""]","[""a_0"",""a_1"",""a_2""]",3,lsb_to_msb,unknown,0.900000,1.000000,0.800000,"[""name_prefix"",""index_contiguity"",""structural_similarity""]","{""index_contiguity_score"":1.0,""name_prefix"":""a"",""name_prefix_score"":1.0,""structural_similarity_score"":0.666667}",0,a,exact,1,semantic_bus_hypothesis_v1
control_arithmetic_select_w3__identity__ground_truth_region__inf__output__y,control_arithmetic_select_w3__identity__ground_truth_region,inferred_bus_mode,false,true,output,output,"[""y_0"",""y_1"",""y_2"",""y_3""]","[""y_0"",""y_1"",""y_2"",""y_3""]",4,lsb_to_msb,unknown,0.933333,1.000000,1.000000,"[""name_prefix"",""index_contiguity"",""structural_similarity""]","{""index_contiguity_score"":1.0,""name_prefix"":""y"",""name_prefix_score"":1.0,""structural_similarity_score"":0.777778}",0,y,exact,1,semantic_bus_hypothesis_v1
control_arithmetic_select_w3__identity__whole_output_cone__inf__input__a,control_arithmetic_select_w3__identity__whole_output_cone,inferred_bus_mode,false,true,input,data_operand,"[""a_0"",""a_1"",""a_2""]","[""a_0"",""a_1"",""a_2""]",3,lsb_to_msb,unknown,0.900000,1.000000,0.800000,"[""name_prefix"",""index_contiguity"",""structural_similarity""]","{""index_contiguity_score"":1.0,""name_prefix"":""a"",""name_prefix_score"":1.0,""structural_similarity_score"":0.666667}",0,a,exact,1,semantic_bus_hypothesis_v1
control_arithmetic_select_w3__identity__whole_output_cone__inf__output__y,control_arithmetic_select_w3__identity__whole_output_cone,inferred_bus_mode,false,true,output,output,"[""y_0"",""y_1"",""y_2"",""y_3""]","[""y_0"",""y_1"",""y_2"",""y_3""]",4,lsb_to_msb,unknown,0.933333,1.000000,1.000000,"[""name_prefix"",""index_contiguity"",""structural_similarity""]","{""index_contiguity_score"":1.0,""name_prefix"":""y"",""name_prefix_score"":1.0,""structural_similarity_score"":0.777778}",0,y,exact,1,semantic_bus_hypothesis_v1
control_mux2_w2__identity__ground_truth_region__inf__input__sel,control_mux2_w2__identity__ground_truth_region,inferred_bus_mode,false,true,input,selector,"[""sel""]","[""sel""]",1,lsb_to_msb,unknown,0.865000,0.500000,0.900000,"[""name_prefix"",""index_contiguity"",""structural_similarity""]","{""index_contiguity_score"":1.0,""name_prefix"":""sel"",""name_prefix_score"":0.7,""structural_similarity_score"":1.0}",0,sel,exact,1,semantic_bus_hypothesis_v1
control_mux2_w2__identity__ground_truth_region__inf__output__y,control_mux2_w2__identity__ground_truth_region,inferred_bus_mode,false,true,output,output,"[""y_0"",""y_1""]","[""y_0"",""y_1""]",2,lsb_to_msb,unknown,0.914286,1.000000,1.000000,"[""name_prefix"",""index_contiguity"",""structural_similarity""]","{""index_contiguity_score"":1.0,""name_prefix"":""y"",""name_prefix_score"":1.0,""structural_similarity_score"":0.714286}",0,y,exact,1,semantic_bus_hypothesis_v1
control_mux2_w2__identity__whole_output_cone__inf__input__sel,control_mux2_w2__identity__whole_output_cone,inferred_bus_mode,false,true,input,selector,"[""sel""]","[""sel""]",1,lsb_to_msb,unknown,0.865000,0.500000,0.900000,"[""name_prefix"",""index_contiguity"",""structural_similarity""]","{""index_contiguity_score"":1.0,""name_prefix"":""sel"",""name_prefix_score"":0.7,""structural_similarity_score"":1.0}",0,sel,exact,1,semantic_bus_hypothesis_v1
control_mux2_w2__identity__whole_output_cone__inf__output__y,control_mux2_w2__identity__whole_output_cone,inferred_bus_mode,false,true,output,output,"[""y_0"",""y_1""]","[""y_0"",""y_1""]",2,lsb_to_msb,unknown,0.914286,1.000000,1.000000,"[""name_prefix"",""index_contiguity"",""structural_similarity""]","{""index_contiguity_score"":1.0,""name_prefix"":""y"",""name_prefix_score"":1.0,""structural_similarity_score"":0.714286}",0,y,exact,1,semantic_bus_hypothesis_v1
control_mux2_w3__identity__ground_truth_region__inf__input__a,control_mux2_w3__identity__ground_truth_region,inferred_bus_mode,false,true,input,data_operand,"[""a_0"",""a_1"",""a_2""]","[""a_0"",""a_1"",""a_2""]",3,lsb_to_msb,unknown,0.880000,1.000000,0.800000,"[""name_prefix"",""index_contiguity"",""structural_similarity""]","{""index_contiguity_score"":1.0,""name_prefix"":""a"",""name_prefix_score"":1.0,""structural_similarity_score"":0.6}",0,a,exact,1,semantic_bus_hypothesis_v1
control_mux2_w3__identity__ground_truth_region__inf__output__y,control_mux2_w3__identity__ground_truth_region,inferred_bus_mode,false,true,output,output,"[""y_0"",""y_1"",""y_2""]","[""y_0"",""y_1"",""y_2""]",3,lsb_to_msb,unknown,0.933333,1.000000,1.000000,"[""name_prefix"",""index_contiguity"",""structural_similarity""]","{""index_contiguity_score"":1.0,""name_prefix"":""y"",""name_prefix_score"":1.0,""structural_similarity_score"":0.777778}",0,y,exact,1,semantic_bus_hypothesis_v1
control_mux2_w3__identity__whole_output_cone__inf__input__a,control_mux2_w3__identity__whole_output_cone,inferred_bus_mode,false,true,input,data_operand,"[""a_0"",""a_1"",""a_2""]","[""a_0"",""a_1"",""a_2""]",3,lsb_to_msb,unknown,0.880000,1.000000,0.800000,"[""name_prefix"",""index_contiguity"",""structural_similarity""]","{""index_contiguity_score"":1.0,""name_prefix"":""a"",""name_prefix_score"":1.0,""structural_similarity_score"":0.6}",0,a,exact,1,semantic_bus_hypothesis_v1
control_mux2_w3__identity__whole_output_cone__inf__output__y,control_mux2_w3__identity__whole_output_cone,inferred_bus_mode,false,true,output,output,"[""y_0"",""y_1"",""y_2""]","[""y_0"",""y_1"",""y_2""]",3,lsb_to_msb,unknown,0.933333,1.000000,1.000000,"[""name_prefix"",""index_contiguity"",""structural_similarity""]","{""index_contiguity_score"":1.0,""name_prefix"":""y"",""name_prefix_score"":1.0,""structural_similarity_score"":0.777778}",0,y,exact,1,semantic_bus_hypothesis_v1
control_nested_mux_w2__identity__ground_truth_region__inf__input__a,control_nested_mux_w2__identity__ground_truth_region,inferred_bus_mode,false,true,input,data_operand,"[""a_0"",""a_1""]","[""a_0"",""a_1""]",2,lsb_to_msb,unknown,0.850000,1.000000,0.800000,"[""name_prefix"",""index_contiguity"",""structural_similarity""]","{""index_contiguity_score"":1.0,""name_prefix"":""a"",""name_prefix_score"":1.0,""structural_similarity_score"":0.5}",0,a,exact,1,semantic_bus_hypothesis_v1
control_nested_mux_w2__identity__ground_truth_region__inf__output__y,control_nested_mux_w2__identity__ground_truth_region,inferred_bus_mode,false,true,output,output,"[""y_0"",""y_1""]","[""y_0"",""y_1""]",2,lsb_to_msb,unknown,0.940000,1.000000,1.000000,"[""name_prefix"",""index_contiguity"",""structural_similarity""]","{""index_contiguity_score"":1.0,""name_prefix"":""y"",""name_prefix_score"":1.0,""structural_similarity_score"":0.8}",0,y,exact,1,semantic_bus_hypothesis_v1
control_nested_mux_w2__identity__whole_output_cone__inf__input__a,control_nested_mux_w2__identity__whole_output_cone,inferred_bus_mode,false,true,input,data_operand,"[""a_0"",""a_1""]","[""a_0"",""a_1""]",2,lsb_to_msb,unknown,0.850000,1.000000,0.800000,"[""name_prefix"",""index_contiguity"",""structural_similarity""]","{""index_contiguity_score"":1.0,""name_prefix"":""a"",""name_prefix_score"":1.0,""structural_similarity_score"":0.5}",0,a,exact,1,semantic_bus_hypothesis_v1
control_nested_mux_w2__identity__whole_output_cone__inf__output__y,control_nested_mux_w2__identity__whole_output_cone,inferred_bus_mode,false,true,output,output,"[""y_0"",""y_1""]","[""y_0"",""y_1""]",2,lsb_to_msb,unknown,0.940000,1.000000,1.000000,"[""name_prefix"",""index_contiguity"",""structural_similarity""]","{""index_contiguity_score"":1.0,""name_prefix"":""y"",""name_prefix_score"":1.0,""structural_similarity_score"":0.8}",0,y,exact,1,semantic_bus_hypothesis_v1
control_one_hot_mux_w2__identity__ground_truth_region__inf__input__a,control_one_hot_mux_w2__identity__ground_truth_region,inferred_bus_mode,false,true,input,data_operand,"[""a_0"",""a_1""]","[""a_0"",""a_1""]",2,lsb_to_msb,unknown,0.850000,1.000000,0.800000,"[""name_prefix"",""index_contiguity"",""structural_similarity""]","{""index_contiguity_score"":1.0,""name_prefix"":""a"",""name_prefix_score"":1.0,""structural_similarity_score"":0.5}",0,a,exact,1,semantic_bus_hypothesis_v1
control_one_hot_mux_w2__identity__ground_truth_region__inf__output__y,control_one_hot_mux_w2__identity__ground_truth_region,inferred_bus_mode,false,true,output,output,"[""y_0"",""y_1""]","[""y_0"",""y_1""]",2,lsb_to_msb,unknown,0.925000,1.000000,1.000000,"[""name_prefix"",""index_contiguity"",""structural_similarity""]","{""index_contiguity_score"":1.0,""name_prefix"":""y"",""name_prefix_score"":1.0,""structural_similarity_score"":0.75}",0,y,exact,1,semantic_bus_hypothesis_v1
control_one_hot_mux_w2__identity__whole_output_cone__inf__input__a,control_one_hot_mux_w2__identity__whole_output_cone,inferred_bus_mode,false,true,input,data_operand,"[""a_0"",""a_1""]","[""a_0"",""a_1""]",2,lsb_to_msb,unknown,0.850000,1.000000,0.800000,"[""name_prefix"",""index_contiguity"",""structural_similarity""]","{""index_contiguity_score"":1.0,""name_prefix"":""a"",""name_prefix_score"":1.0,""structural_similarity_score"":0.5}",0,a,exact,1,semantic_bus_hypothesis_v1
control_one_hot_mux_w2__identity__whole_output_cone__inf__output__y,control_one_hot_mux_w2__identity__whole_output_cone,inferred_bus_mode,false,true,output,output,"[""y_0"",""y_1""]","[""y_0"",""y_1""]",2,lsb_to_msb,unknown,0.925000,1.000000,1.000000,"[""name_prefix"",""index_contiguity"",""structural_similarity""]","{""index_contiguity_score"":1.0,""name_prefix"":""y"",""name_prefix_score"":1.0,""structural_similarity_score"":0.75}",0,y,exact,1,semantic_bus_hypothesis_v1
control_one_hot_mux_w3__identity__ground_truth_region__inf__input__a,control_one_hot_mux_w3__identity__ground_truth_region,inferred_bus_mode,false,true,input,data_operand,"[""a_0"",""a_1"",""a_2""]","[""a_0"",""a_1"",""a_2""]",3,lsb_to_msb,unknown,0.880000,1.000000,0.800000,"[""name_prefix"",""index_contiguity"",""structural_similarity""]","{""index_contiguity_score"":1.0,""name_prefix"":""a"",""name_prefix_score"":1.0,""structural_similarity_score"":0.6}",0,a,exact,1,semantic_bus_hypothesis_v1
control_one_hot_mux_w3__identity__ground_truth_region__inf__output__y,control_one_hot_mux_w3__identity__ground_truth_region,inferred_bus_mode,false,true,output,output,"[""y_0"",""y_1"",""y_2""]","[""y_0"",""y_1"",""y_2""]",3,lsb_to_msb,unknown,0.940000,1.000000,1.000000,"[""name_prefix"",""index_contiguity"",""structural_similarity""]","{""index_contiguity_score"":1.0,""name_prefix"":""y"",""name_prefix_score"":1.0,""structural_similarity_score"":0.8}",0,y,exact,1,semantic_bus_hypothesis_v1
control_one_hot_mux_w3__identity__whole_output_cone__inf__input__a,control_one_hot_mux_w3__identity__whole_output_cone,inferred_bus_mode,false,true,input,data_operand,"[""a_0"",""a_1"",""a_2""]","[""a_0"",""a_1"",""a_2""]",3,lsb_to_msb,unknown,0.880000,1.000000,0.800000,"[""name_prefix"",""index_contiguity"",""structural_similarity""]","{""index_contiguity_score"":1.0,""name_prefix"":""a"",""name_prefix_score"":1.0,""structural_similarity_score"":0.6}",0,a,exact,1,semantic_bus_hypothesis_v1
control_one_hot_mux_w3__identity__whole_output_cone__inf__output__y,control_one_hot_mux_w3__identity__whole_output_cone,inferred_bus_mode,false,true,output,output,"[""y_0"",""y_1"",""y_2""]","[""y_0"",""y_1"",""y_2""]",3,lsb_to_msb,unknown,0.940000,1.000000,1.000000,"[""name_prefix"",""index_contiguity"",""structural_similarity""]","{""index_contiguity_score"":1.0,""name_prefix"":""y"",""name_prefix_score"":1.0,""structural_similarity_score"":0.8}",0,y,exact,1,semantic_bus_hypothesis_v1
control_priority_mux_w2__identity__ground_truth_region__inf__input__a,control_priority_mux_w2__identity__ground_truth_region,inferred_bus_mode,false,true,input,data_operand,"[""a_0"",""a_1""]","[""a_0"",""a_1""]",2,lsb_to_msb,unknown,0.850000,1.000000,0.800000,"[""name_prefix"",""index_contiguity"",""structural_similarity""]","{""index_contiguity_score"":1.0,""name_prefix"":""a"",""name_prefix_score"":1.0,""structural_similarity_score"":0.5}",0,a,exact,1,semantic_bus_hypothesis_v1
control_priority_mux_w2__identity__ground_truth_region__inf__output__y,control_priority_mux_w2__identity__ground_truth_region,inferred_bus_mode,false,true,output,output,"[""y_0"",""y_1""]","[""y_0"",""y_1""]",2,lsb_to_msb,unknown,0.940000,1.000000,1.000000,"[""name_prefix"",""index_contiguity"",""structural_similarity""]","{""index_contiguity_score"":1.0,""name_prefix"":""y"",""name_prefix_score"":1.0,""structural_similarity_score"":0.8}",0,y,exact,1,semantic_bus_hypothesis_v1
control_priority_mux_w2__identity__whole_output_cone__inf__input__a,control_priority_mux_w2__identity__whole_output_cone,inferred_bus_mode,false,true,input,data_operand,"[""a_0"",""a_1""]","[""a_0"",""a_1""]",2,lsb_to_msb,unknown,0.850000,1.000000,0.800000,"[""name_prefix"",""index_contiguity"",""structural_similarity""]","{""index_contiguity_score"":1.0,""name_prefix"":""a"",""name_prefix_score"":1.0,""structural_similarity_score"":0.5}",0,a,exact,1,semantic_bus_hypothesis_v1
control_priority_mux_w2__identity__whole_output_cone__inf__output__y,control_priority_mux_w2__identity__whole_output_cone,inferred_bus_mode,false,true,output,output,"[""y_0"",""y_1""]","[""y_0"",""y_1""]",2,lsb_to_msb,unknown,0.940000,1.000000,1.000000,"[""name_prefix"",""index_contiguity"",""structural_similarity""]","{""index_contiguity_score"":1.0,""name_prefix"":""y"",""name_prefix_score"":1.0,""structural_similarity_score"":0.8}",0,y,exact,1,semantic_bus_hypothesis_v1
