case_id,family,operator,expression,input_buses,output_buses,input_widths,output_widths,signedness,truncation,extension_mode,constants,control_inputs,source_rtl,source_blif,exact_blif_available,expected_rtl_cost,ground_truth_region,ground_truth_boundary,generation_seed,schema_version
arithmetic_add_add_w12,arithmetic,add_add,a + b + c,"[{""name"":""a"",""role"":""data"",""width"":12},{""name"":""b"",""role"":""data"",""width"":12},{""name"":""c"",""role"":""data"",""width"":12}]","[{""name"":""y"",""width"":14}]","{""a"":12,""b"":12,""c"":12}","{""y"":14}",unsigned,none,none,{},[],benchmarks/semantic_recovery/rtl/arithmetic_add_add_w12.v,,false,24,"{""expression"":""a + b + c"",""kind"":""single_rtl_expression"",""operator"":""add_add""}","{""flat_inputs"":[""a_0"",""a_1"",""a_2"",""a_3"",""a_4"",""a_5"",""a_6"",""a_7"",""a_8"",""a_9"",""a_10"",""a_11"",""b_0"",""b_1"",""b_2"",""b_3"",""b_4"",""b_5"",""b_6"",""b_7"",""b_8"",""b_9"",""b_10"",""b_11"",""c_0"",""c_1"",""c_2"",""c_3"",""c_4"",""c_5"",""c_6"",""c_7"",""c_8"",""c_9"",""c_10"",""c_11""],""flat_outputs"":[""y_0"",""y_1"",""y_2"",""y_3"",""y_4"",""y_5"",""y_6"",""y_7"",""y_8"",""y_9"",""y_10"",""y_11"",""y_12"",""y_13""],""inputs"":[""a"",""b"",""c""],""outputs"":[""y""]}",20260716,semantic_recovery_benchmark_v1
arithmetic_add_add_w16,arithmetic,add_add,a + b + c,"[{""name"":""a"",""role"":""data"",""width"":16},{""name"":""b"",""role"":""data"",""width"":16},{""name"":""c"",""role"":""data"",""width"":16}]","[{""name"":""y"",""width"":18}]","{""a"":16,""b"":16,""c"":16}","{""y"":18}",unsigned,none,none,{},[],benchmarks/semantic_recovery/rtl/arithmetic_add_add_w16.v,,false,32,"{""expression"":""a + b + c"",""kind"":""single_rtl_expression"",""operator"":""add_add""}","{""flat_inputs"":[""a_0"",""a_1"",""a_2"",""a_3"",""a_4"",""a_5"",""a_6"",""a_7"",""a_8"",""a_9"",""a_10"",""a_11"",""a_12"",""a_13"",""a_14"",""a_15"",""b_0"",""b_1"",""b_2"",""b_3"",""b_4"",""b_5"",""b_6"",""b_7"",""b_8"",""b_9"",""b_10"",""b_11"",""b_12"",""b_13"",""b_14"",""b_15"",""c_0"",""c_1"",""c_2"",""c_3"",""c_4"",""c_5"",""c_6"",""c_7"",""c_8"",""c_9"",""c_10"",""c_11"",""c_12"",""c_13"",""c_14"",""c_15""],""flat_outputs"":[""y_0"",""y_1"",""y_2"",""y_3"",""y_4"",""y_5"",""y_6"",""y_7"",""y_8"",""y_9"",""y_10"",""y_11"",""y_12"",""y_13"",""y_14"",""y_15"",""y_16"",""y_17""],""inputs"":[""a"",""b"",""c""],""outputs"":[""y""]}",20260716,semantic_recovery_benchmark_v1
arithmetic_add_add_w2,arithmetic,add_add,a + b + c,"[{""name"":""a"",""role"":""data"",""width"":2},{""name"":""b"",""role"":""data"",""width"":2},{""name"":""c"",""role"":""data"",""width"":2}]","[{""name"":""y"",""width"":4}]","{""a"":2,""b"":2,""c"":2}","{""y"":4}",unsigned,none,none,{},[],benchmarks/semantic_recovery/rtl/arithmetic_add_add_w2.v,benchmarks/semantic_recovery/blif/source/arithmetic_add_add_w2.blif,true,4,"{""expression"":""a + b + c"",""kind"":""single_rtl_expression"",""operator"":""add_add""}","{""flat_inputs"":[""a_0"",""a_1"",""b_0"",""b_1"",""c_0"",""c_1""],""flat_outputs"":[""y_0"",""y_1"",""y_2"",""y_3""],""inputs"":[""a"",""b"",""c""],""outputs"":[""y""]}",20260716,semantic_recovery_benchmark_v1
arithmetic_add_add_w3,arithmetic,add_add,a + b + c,"[{""name"":""a"",""role"":""data"",""width"":3},{""name"":""b"",""role"":""data"",""width"":3},{""name"":""c"",""role"":""data"",""width"":3}]","[{""name"":""y"",""width"":5}]","{""a"":3,""b"":3,""c"":3}","{""y"":5}",unsigned,none,none,{},[],benchmarks/semantic_recovery/rtl/arithmetic_add_add_w3.v,,false,6,"{""expression"":""a + b + c"",""kind"":""single_rtl_expression"",""operator"":""add_add""}","{""flat_inputs"":[""a_0"",""a_1"",""a_2"",""b_0"",""b_1"",""b_2"",""c_0"",""c_1"",""c_2""],""flat_outputs"":[""y_0"",""y_1"",""y_2"",""y_3"",""y_4""],""inputs"":[""a"",""b"",""c""],""outputs"":[""y""]}",20260716,semantic_recovery_benchmark_v1
arithmetic_add_add_w4,arithmetic,add_add,a + b + c,"[{""name"":""a"",""role"":""data"",""width"":4},{""name"":""b"",""role"":""data"",""width"":4},{""name"":""c"",""role"":""data"",""width"":4}]","[{""name"":""y"",""width"":6}]","{""a"":4,""b"":4,""c"":4}","{""y"":6}",unsigned,none,none,{},[],benchmarks/semantic_recovery/rtl/arithmetic_add_add_w4.v,,false,8,"{""expression"":""a + b + c"",""kind"":""single_rtl_expression"",""operator"":""add_add""}","{""flat_inputs"":[""a_0"",""a_1"",""a_2"",""a_3"",""b_0"",""b_1"",""b_2"",""b_3"",""c_0"",""c_1"",""c_2"",""c_3""],""flat_outputs"":[""y_0"",""y_1"",""y_2"",""y_3"",""y_4"",""y_5""],""inputs"":[""a"",""b"",""c""],""outputs"":[""y""]}",20260716,semantic_recovery_benchmark_v1
arithmetic_add_add_w6,arithmetic,add_add,a + b + c,"[{""name"":""a"",""role"":""data"",""width"":6},{""name"":""b"",""role"":""data"",""width"":6},{""name"":""c"",""role"":""data"",""width"":6}]","[{""name"":""y"",""width"":8}]","{""a"":6,""b"":6,""c"":6}","{""y"":8}",unsigned,none,none,{},[],benchmarks/semantic_recovery/rtl/arithmetic_add_add_w6.v,,false,12,"{""expression"":""a + b + c"",""kind"":""single_rtl_expression"",""operator"":""add_add""}","{""flat_inputs"":[""a_0"",""a_1"",""a_2"",""a_3"",""a_4"",""a_5"",""b_0"",""b_1"",""b_2"",""b_3"",""b_4"",""b_5"",""c_0"",""c_1"",""c_2"",""c_3"",""c_4"",""c_5""],""flat_outputs"":[""y_0"",""y_1"",""y_2"",""y_3"",""y_4"",""y_5"",""y_6"",""y_7""],""inputs"":[""a"",""b"",""c""],""outputs"":[""y""]}",20260716,semantic_recovery_benchmark_v1
arithmetic_add_add_w8,arithmetic,add_add,a + b + c,"[{""name"":""a"",""role"":""data"",""width"":8},{""name"":""b"",""role"":""data"",""width"":8},{""name"":""c"",""role"":""data"",""width"":8}]","[{""name"":""y"",""width"":10}]","{""a"":8,""b"":8,""c"":8}","{""y"":10}",unsigned,none,none,{},[],benchmarks/semantic_recovery/rtl/arithmetic_add_add_w8.v,,false,16,"{""expression"":""a + b + c"",""kind"":""single_rtl_expression"",""operator"":""add_add""}","{""flat_inputs"":[""a_0"",""a_1"",""a_2"",""a_3"",""a_4"",""a_5"",""a_6"",""a_7"",""b_0"",""b_1"",""b_2"",""b_3"",""b_4"",""b_5"",""b_6"",""b_7"",""c_0"",""c_1"",""c_2"",""c_3"",""c_4"",""c_5"",""c_6"",""c_7""],""flat_outputs"":[""y_0"",""y_1"",""y_2"",""y_3"",""y_4"",""y_5"",""y_6"",""y_7"",""y_8"",""y_9""],""inputs"":[""a"",""b"",""c""],""outputs"":[""y""]}",20260716,semantic_recovery_benchmark_v1
arithmetic_affine_w12,arithmetic,affine,(a * 3) + 5,"[{""name"":""a"",""role"":""data"",""width"":12}]","[{""name"":""y"",""width"":15}]","{""a"":12}","{""y"":15}",unsigned,none,none,"{""offset"":5,""scale"":3}",[],benchmarks/semantic_recovery/rtl/arithmetic_affine_w12.v,,false,25,"{""expression"":""(a * 3) + 5"",""kind"":""single_rtl_expression"",""operator"":""affine""}","{""flat_inputs"":[""a_0"",""a_1"",""a_2"",""a_3"",""a_4"",""a_5"",""a_6"",""a_7"",""a_8"",""a_9"",""a_10"",""a_11""],""flat_outputs"":[""y_0"",""y_1"",""y_2"",""y_3"",""y_4"",""y_5"",""y_6"",""y_7"",""y_8"",""y_9"",""y_10"",""y_11"",""y_12"",""y_13"",""y_14""],""inputs"":[""a""],""outputs"":[""y""]}",20260716,semantic_recovery_benchmark_v1
arithmetic_affine_w16,arithmetic,affine,(a * 3) + 5,"[{""name"":""a"",""role"":""data"",""width"":16}]","[{""name"":""y"",""width"":19}]","{""a"":16}","{""y"":19}",unsigned,none,none,"{""offset"":5,""scale"":3}",[],benchmarks/semantic_recovery/rtl/arithmetic_affine_w16.v,,false,33,"{""expression"":""(a * 3) + 5"",""kind"":""single_rtl_expression"",""operator"":""affine""}","{""flat_inputs"":[""a_0"",""a_1"",""a_2"",""a_3"",""a_4"",""a_5"",""a_6"",""a_7"",""a_8"",""a_9"",""a_10"",""a_11"",""a_12"",""a_13"",""a_14"",""a_15""],""flat_outputs"":[""y_0"",""y_1"",""y_2"",""y_3"",""y_4"",""y_5"",""y_6"",""y_7"",""y_8"",""y_9"",""y_10"",""y_11"",""y_12"",""y_13"",""y_14"",""y_15"",""y_16"",""y_17"",""y_18""],""inputs"":[""a""],""outputs"":[""y""]}",20260716,semantic_recovery_benchmark_v1
arithmetic_affine_w2,arithmetic,affine,(a * 3) + 5,"[{""name"":""a"",""role"":""data"",""width"":2}]","[{""name"":""y"",""width"":5}]","{""a"":2}","{""y"":5}",unsigned,none,none,"{""offset"":5,""scale"":3}",[],benchmarks/semantic_recovery/rtl/arithmetic_affine_w2.v,benchmarks/semantic_recovery/blif/source/arithmetic_affine_w2.blif,true,5,"{""expression"":""(a * 3) + 5"",""kind"":""single_rtl_expression"",""operator"":""affine""}","{""flat_inputs"":[""a_0"",""a_1""],""flat_outputs"":[""y_0"",""y_1"",""y_2"",""y_3"",""y_4""],""inputs"":[""a""],""outputs"":[""y""]}",20260716,semantic_recovery_benchmark_v1
arithmetic_affine_w3,arithmetic,affine,(a * 3) + 5,"[{""name"":""a"",""role"":""data"",""width"":3}]","[{""name"":""y"",""width"":6}]","{""a"":3}","{""y"":6}",unsigned,none,none,"{""offset"":5,""scale"":3}",[],benchmarks/semantic_recovery/rtl/arithmetic_affine_w3.v,benchmarks/semantic_recovery/blif/source/arithmetic_affine_w3.blif,true,7,"{""expression"":""(a * 3) + 5"",""kind"":""single_rtl_expression"",""operator"":""affine""}","{""flat_inputs"":[""a_0"",""a_1"",""a_2""],""flat_outputs"":[""y_0"",""y_1"",""y_2"",""y_3"",""y_4"",""y_5""],""inputs"":[""a""],""outputs"":[""y""]}",20260716,semantic_recovery_benchmark_v1
arithmetic_affine_w4,arithmetic,affine,(a * 3) + 5,"[{""name"":""a"",""role"":""data"",""width"":4}]","[{""name"":""y"",""width"":7}]","{""a"":4}","{""y"":7}",unsigned,none,none,"{""offset"":5,""scale"":3}",[],benchmarks/semantic_recovery/rtl/arithmetic_affine_w4.v,benchmarks/semantic_recovery/blif/source/arithmetic_affine_w4.blif,true,9,"{""expression"":""(a * 3) + 5"",""kind"":""single_rtl_expression"",""operator"":""affine""}","{""flat_inputs"":[""a_0"",""a_1"",""a_2"",""a_3""],""flat_outputs"":[""y_0"",""y_1"",""y_2"",""y_3"",""y_4"",""y_5"",""y_6""],""inputs"":[""a""],""outputs"":[""y""]}",20260716,semantic_recovery_benchmark_v1
arithmetic_affine_w6,arithmetic,affine,(a * 3) + 5,"[{""name"":""a"",""role"":""data"",""width"":6}]","[{""name"":""y"",""width"":9}]","{""a"":6}","{""y"":9}",unsigned,none,none,"{""offset"":5,""scale"":3}",[],benchmarks/semantic_recovery/rtl/arithmetic_affine_w6.v,benchmarks/semantic_recovery/blif/source/arithmetic_affine_w6.blif,true,13,"{""expression"":""(a * 3) + 5"",""kind"":""single_rtl_expression"",""operator"":""affine""}","{""flat_inputs"":[""a_0"",""a_1"",""a_2"",""a_3"",""a_4"",""a_5""],""flat_outputs"":[""y_0"",""y_1"",""y_2"",""y_3"",""y_4"",""y_5"",""y_6"",""y_7"",""y_8""],""inputs"":[""a""],""outputs"":[""y""]}",20260716,semantic_recovery_benchmark_v1
arithmetic_affine_w8,arithmetic,affine,(a * 3) + 5,"[{""name"":""a"",""role"":""data"",""width"":8}]","[{""name"":""y"",""width"":11}]","{""a"":8}","{""y"":11}",unsigned,none,none,"{""offset"":5,""scale"":3}",[],benchmarks/semantic_recovery/rtl/arithmetic_affine_w8.v,benchmarks/semantic_recovery/blif/source/arithmetic_affine_w8.blif,true,17,"{""expression"":""(a * 3) + 5"",""kind"":""single_rtl_expression"",""operator"":""affine""}","{""flat_inputs"":[""a_0"",""a_1"",""a_2"",""a_3"",""a_4"",""a_5"",""a_6"",""a_7""],""flat_outputs"":[""y_0"",""y_1"",""y_2"",""y_3"",""y_4"",""y_5"",""y_6"",""y_7"",""y_8"",""y_9"",""y_10""],""inputs"":[""a""],""outputs"":[""y""]}",20260716,semantic_recovery_benchmark_v1
arithmetic_bilinear_w2,arithmetic,bilinear,(a * b) + (c * d),"[{""name"":""a"",""role"":""data"",""width"":2},{""name"":""b"",""role"":""data"",""width"":2},{""name"":""c"",""role"":""data"",""width"":2},{""name"":""d"",""role"":""data"",""width"":2}]","[{""name"":""y"",""width"":5}]","{""a"":2,""b"":2,""c"":2,""d"":2}","{""y"":5}",unsigned,none,none,{},[],benchmarks/semantic_recovery/rtl/arithmetic_bilinear_w2.v,benchmarks/semantic_recovery/blif/source/arithmetic_bilinear_w2.blif,true,8,"{""expression"":""(a * b) + (c * d)"",""kind"":""single_rtl_expression"",""operator"":""bilinear""}","{""flat_inputs"":[""a_0"",""a_1"",""b_0"",""b_1"",""c_0"",""c_1"",""d_0"",""d_1""],""flat_outputs"":[""y_0"",""y_1"",""y_2"",""y_3"",""y_4""],""inputs"":[""a"",""b"",""c"",""d""],""outputs"":[""y""]}",20260716,semantic_recovery_benchmark_v1
arithmetic_bilinear_w3,arithmetic,bilinear,(a * b) + (c * d),"[{""name"":""a"",""role"":""data"",""width"":3},{""name"":""b"",""role"":""data"",""width"":3},{""name"":""c"",""role"":""data"",""width"":3},{""name"":""d"",""role"":""data"",""width"":3}]","[{""name"":""y"",""width"":7}]","{""a"":3,""b"":3,""c"":3,""d"":3}","{""y"":7}",unsigned,none,none,{},[],benchmarks/semantic_recovery/rtl/arithmetic_bilinear_w3.v,,false,18,"{""expression"":""(a * b) + (c * d)"",""kind"":""single_rtl_expression"",""operator"":""bilinear""}","{""flat_inputs"":[""a_0"",""a_1"",""a_2"",""b_0"",""b_1"",""b_2"",""c_0"",""c_1"",""c_2"",""d_0"",""d_1"",""d_2""],""flat_outputs"":[""y_0"",""y_1"",""y_2"",""y_3"",""y_4"",""y_5"",""y_6""],""inputs"":[""a"",""b"",""c"",""d""],""outputs"":[""y""]}",20260716,semantic_recovery_benchmark_v1
arithmetic_bilinear_w4,arithmetic,bilinear,(a * b) + (c * d),"[{""name"":""a"",""role"":""data"",""width"":4},{""name"":""b"",""role"":""data"",""width"":4},{""name"":""c"",""role"":""data"",""width"":4},{""name"":""d"",""role"":""data"",""width"":4}]","[{""name"":""y"",""width"":9}]","{""a"":4,""b"":4,""c"":4,""d"":4}","{""y"":9}",unsigned,none,none,{},[],benchmarks/semantic_recovery/rtl/arithmetic_bilinear_w4.v,,false,32,"{""expression"":""(a * b) + (c * d)"",""kind"":""single_rtl_expression"",""operator"":""bilinear""}","{""flat_inputs"":[""a_0"",""a_1"",""a_2"",""a_3"",""b_0"",""b_1"",""b_2"",""b_3"",""c_0"",""c_1"",""c_2"",""c_3"",""d_0"",""d_1"",""d_2"",""d_3""],""flat_outputs"":[""y_0"",""y_1"",""y_2"",""y_3"",""y_4"",""y_5"",""y_6"",""y_7"",""y_8""],""inputs"":[""a"",""b"",""c"",""d""],""outputs"":[""y""]}",20260716,semantic_recovery_benchmark_v1
arithmetic_constant_multiply_w12,arithmetic,constant_multiply,a * 3,"[{""name"":""a"",""role"":""data"",""width"":12}]","[{""name"":""y"",""width"":14}]","{""a"":12}","{""y"":14}",unsigned,none,none,"{""multiplier"":3}",[],benchmarks/semantic_recovery/rtl/arithmetic_constant_multiply_w12.v,,false,24,"{""expression"":""a * 3"",""kind"":""single_rtl_expression"",""operator"":""constant_multiply""}","{""flat_inputs"":[""a_0"",""a_1"",""a_2"",""a_3"",""a_4"",""a_5"",""a_6"",""a_7"",""a_8"",""a_9"",""a_10"",""a_11""],""flat_outputs"":[""y_0"",""y_1"",""y_2"",""y_3"",""y_4"",""y_5"",""y_6"",""y_7"",""y_8"",""y_9"",""y_10"",""y_11"",""y_12"",""y_13""],""inputs"":[""a""],""outputs"":[""y""]}",20260716,semantic_recovery_benchmark_v1
arithmetic_constant_multiply_w16,arithmetic,constant_multiply,a * 3,"[{""name"":""a"",""role"":""data"",""width"":16}]","[{""name"":""y"",""width"":18}]","{""a"":16}","{""y"":18}",unsigned,none,none,"{""multiplier"":3}",[],benchmarks/semantic_recovery/rtl/arithmetic_constant_multiply_w16.v,,false,32,"{""expression"":""a * 3"",""kind"":""single_rtl_expression"",""operator"":""constant_multiply""}","{""flat_inputs"":[""a_0"",""a_1"",""a_2"",""a_3"",""a_4"",""a_5"",""a_6"",""a_7"",""a_8"",""a_9"",""a_10"",""a_11"",""a_12"",""a_13"",""a_14"",""a_15""],""flat_outputs"":[""y_0"",""y_1"",""y_2"",""y_3"",""y_4"",""y_5"",""y_6"",""y_7"",""y_8"",""y_9"",""y_10"",""y_11"",""y_12"",""y_13"",""y_14"",""y_15"",""y_16"",""y_17""],""inputs"":[""a""],""outputs"":[""y""]}",20260716,semantic_recovery_benchmark_v1
arithmetic_constant_multiply_w2,arithmetic,constant_multiply,a * 3,"[{""name"":""a"",""role"":""data"",""width"":2}]","[{""name"":""y"",""width"":4}]","{""a"":2}","{""y"":4}",unsigned,none,none,"{""multiplier"":3}",[],benchmarks/semantic_recovery/rtl/arithmetic_constant_multiply_w2.v,benchmarks/semantic_recovery/blif/source/arithmetic_constant_multiply_w2.blif,true,4,"{""expression"":""a * 3"",""kind"":""single_rtl_expression"",""operator"":""constant_multiply""}","{""flat_inputs"":[""a_0"",""a_1""],""flat_outputs"":[""y_0"",""y_1"",""y_2"",""y_3""],""inputs"":[""a""],""outputs"":[""y""]}",20260716,semantic_recovery_benchmark_v1
arithmetic_constant_multiply_w3,arithmetic,constant_multiply,a * 3,"[{""name"":""a"",""role"":""data"",""width"":3}]","[{""name"":""y"",""width"":5}]","{""a"":3}","{""y"":5}",unsigned,none,none,"{""multiplier"":3}",[],benchmarks/semantic_recovery/rtl/arithmetic_constant_multiply_w3.v,benchmarks/semantic_recovery/blif/source/arithmetic_constant_multiply_w3.blif,true,6,"{""expression"":""a * 3"",""kind"":""single_rtl_expression"",""operator"":""constant_multiply""}","{""flat_inputs"":[""a_0"",""a_1"",""a_2""],""flat_outputs"":[""y_0"",""y_1"",""y_2"",""y_3"",""y_4""],""inputs"":[""a""],""outputs"":[""y""]}",20260716,semantic_recovery_benchmark_v1
arithmetic_constant_multiply_w4,arithmetic,constant_multiply,a * 3,"[{""name"":""a"",""role"":""data"",""width"":4}]","[{""name"":""y"",""width"":6}]","{""a"":4}","{""y"":6}",unsigned,none,none,"{""multiplier"":3}",[],benchmarks/semantic_recovery/rtl/arithmetic_constant_multiply_w4.v,benchmarks/semantic_recovery/blif/source/arithmetic_constant_multiply_w4.blif,true,8,"{""expression"":""a * 3"",""kind"":""single_rtl_expression"",""operator"":""constant_multiply""}","{""flat_inputs"":[""a_0"",""a_1"",""a_2"",""a_3""],""flat_outputs"":[""y_0"",""y_1"",""y_2"",""y_3"",""y_4"",""y_5""],""inputs"":[""a""],""outputs"":[""y""]}",20260716,semantic_recovery_benchmark_v1
arithmetic_constant_multiply_w6,arithmetic,constant_multiply,a * 3,"[{""name"":""a"",""role"":""data"",""width"":6}]","[{""name"":""y"",""width"":8}]","{""a"":6}","{""y"":8}",unsigned,none,none,"{""multiplier"":3}",[],benchmarks/semantic_recovery/rtl/arithmetic_constant_multiply_w6.v,benchmarks/semantic_recovery/blif/source/arithmetic_constant_multiply_w6.blif,true,12,"{""expression"":""a * 3"",""kind"":""single_rtl_expression"",""operator"":""constant_multiply""}","{""flat_inputs"":[""a_0"",""a_1"",""a_2"",""a_3"",""a_4"",""a_5""],""flat_outputs"":[""y_0"",""y_1"",""y_2"",""y_3"",""y_4"",""y_5"",""y_6"",""y_7""],""inputs"":[""a""],""outputs"":[""y""]}",20260716,semantic_recovery_benchmark_v1
arithmetic_constant_multiply_w8,arithmetic,constant_multiply,a * 3,"[{""name"":""a"",""role"":""data"",""width"":8}]","[{""name"":""y"",""width"":10}]","{""a"":8}","{""y"":10}",unsigned,none,none,"{""multiplier"":3}",[],benchmarks/semantic_recovery/rtl/arithmetic_constant_multiply_w8.v,benchmarks/semantic_recovery/blif/source/arithmetic_constant_multiply_w8.blif,true,16,"{""expression"":""a * 3"",""kind"":""single_rtl_expression"",""operator"":""constant_multiply""}","{""flat_inputs"":[""a_0"",""a_1"",""a_2"",""a_3"",""a_4"",""a_5"",""a_6"",""a_7""],""flat_outputs"":[""y_0"",""y_1"",""y_2"",""y_3"",""y_4"",""y_5"",""y_6"",""y_7"",""y_8"",""y_9""],""inputs"":[""a""],""outputs"":[""y""]}",20260716,semantic_recovery_benchmark_v1
arithmetic_full_multiply_w2,arithmetic,full_multiply,a * b,"[{""name"":""a"",""role"":""data"",""width"":2},{""name"":""b"",""role"":""data"",""width"":2}]","[{""name"":""y"",""width"":4}]","{""a"":2,""b"":2}","{""y"":4}",unsigned,none,none,{},[],benchmarks/semantic_recovery/rtl/arithmetic_full_multiply_w2.v,benchmarks/semantic_recovery/blif/source/arithmetic_full_multiply_w2.blif,true,4,"{""expression"":""a * b"",""kind"":""single_rtl_expression"",""operator"":""full_multiply""}","{""flat_inputs"":[""a_0"",""a_1"",""b_0"",""b_1""],""flat_outputs"":[""y_0"",""y_1"",""y_2"",""y_3""],""inputs"":[""a"",""b""],""outputs"":[""y""]}",20260716,semantic_recovery_benchmark_v1
arithmetic_full_multiply_w3,arithmetic,full_multiply,a * b,"[{""name"":""a"",""role"":""data"",""width"":3},{""name"":""b"",""role"":""data"",""width"":3}]","[{""name"":""y"",""width"":6}]","{""a"":3,""b"":3}","{""y"":6}",unsigned,none,none,{},[],benchmarks/semantic_recovery/rtl/arithmetic_full_multiply_w3.v,benchmarks/semantic_recovery/blif/source/arithmetic_full_multiply_w3.blif,true,9,"{""expression"":""a * b"",""kind"":""single_rtl_expression"",""operator"":""full_multiply""}","{""flat_inputs"":[""a_0"",""a_1"",""a_2"",""b_0"",""b_1"",""b_2""],""flat_outputs"":[""y_0"",""y_1"",""y_2"",""y_3"",""y_4"",""y_5""],""inputs"":[""a"",""b""],""outputs"":[""y""]}",20260716,semantic_recovery_benchmark_v1
arithmetic_full_multiply_w4,arithmetic,full_multiply,a * b,"[{""name"":""a"",""role"":""data"",""width"":4},{""name"":""b"",""role"":""data"",""width"":4}]","[{""name"":""y"",""width"":8}]","{""a"":4,""b"":4}","{""y"":8}",unsigned,none,none,{},[],benchmarks/semantic_recovery/rtl/arithmetic_full_multiply_w4.v,benchmarks/semantic_recovery/blif/source/arithmetic_full_multiply_w4.blif,true,16,"{""expression"":""a * b"",""kind"":""single_rtl_expression"",""operator"":""full_multiply""}","{""flat_inputs"":[""a_0"",""a_1"",""a_2"",""a_3"",""b_0"",""b_1"",""b_2"",""b_3""],""flat_outputs"":[""y_0"",""y_1"",""y_2"",""y_3"",""y_4"",""y_5"",""y_6"",""y_7""],""inputs"":[""a"",""b""],""outputs"":[""y""]}",20260716,semantic_recovery_benchmark_v1
arithmetic_mixed_width_add_w3,arithmetic,mixed_width_add,a + b,"[{""name"":""a"",""role"":""data"",""width"":3},{""name"":""b"",""role"":""data"",""width"":2}]","[{""name"":""y"",""width"":4}]","{""a"":3,""b"":2}","{""y"":4}",unsigned,none,zero_extend_b,{},[],benchmarks/semantic_recovery/rtl/arithmetic_mixed_width_add_w3.v,benchmarks/semantic_recovery/blif/source/arithmetic_mixed_width_add_w3.blif,true,3,"{""expression"":""a + b"",""kind"":""single_rtl_expression"",""operator"":""mixed_width_add""}","{""flat_inputs"":[""a_0"",""a_1"",""a_2"",""b_0"",""b_1""],""flat_outputs"":[""y_0"",""y_1"",""y_2"",""y_3""],""inputs"":[""a"",""b""],""outputs"":[""y""]}",20260716,semantic_recovery_benchmark_v1
arithmetic_mixed_width_add_w4,arithmetic,mixed_width_add,a + b,"[{""name"":""a"",""role"":""data"",""width"":4},{""name"":""b"",""role"":""data"",""width"":3}]","[{""name"":""y"",""width"":5}]","{""a"":4,""b"":3}","{""y"":5}",unsigned,none,zero_extend_b,{},[],benchmarks/semantic_recovery/rtl/arithmetic_mixed_width_add_w4.v,benchmarks/semantic_recovery/blif/source/arithmetic_mixed_width_add_w4.blif,true,4,"{""expression"":""a + b"",""kind"":""single_rtl_expression"",""operator"":""mixed_width_add""}","{""flat_inputs"":[""a_0"",""a_1"",""a_2"",""a_3"",""b_0"",""b_1"",""b_2""],""flat_outputs"":[""y_0"",""y_1"",""y_2"",""y_3"",""y_4""],""inputs"":[""a"",""b""],""outputs"":[""y""]}",20260716,semantic_recovery_benchmark_v1
arithmetic_mixed_width_add_w8,arithmetic,mixed_width_add,a + b,"[{""name"":""a"",""role"":""data"",""width"":8},{""name"":""b"",""role"":""data"",""width"":7}]","[{""name"":""y"",""width"":9}]","{""a"":8,""b"":7}","{""y"":9}",unsigned,none,zero_extend_b,{},[],benchmarks/semantic_recovery/rtl/arithmetic_mixed_width_add_w8.v,,false,8,"{""expression"":""a + b"",""kind"":""single_rtl_expression"",""operator"":""mixed_width_add""}","{""flat_inputs"":[""a_0"",""a_1"",""a_2"",""a_3"",""a_4"",""a_5"",""a_6"",""a_7"",""b_0"",""b_1"",""b_2"",""b_3"",""b_4"",""b_5"",""b_6""],""flat_outputs"":[""y_0"",""y_1"",""y_2"",""y_3"",""y_4"",""y_5"",""y_6"",""y_7"",""y_8""],""inputs"":[""a"",""b""],""outputs"":[""y""]}",20260716,semantic_recovery_benchmark_v1
arithmetic_multiply_accumulate_w2,arithmetic,multiply_accumulate,(a * b) + c,"[{""name"":""a"",""role"":""data"",""width"":2},{""name"":""b"",""role"":""data"",""width"":2},{""name"":""c"",""role"":""data"",""width"":4}]","[{""name"":""y"",""width"":5}]","{""a"":2,""b"":2,""c"":4}","{""y"":5}",unsigned,none,none,{},[],benchmarks/semantic_recovery/rtl/arithmetic_multiply_accumulate_w2.v,benchmarks/semantic_recovery/blif/source/arithmetic_multiply_accumulate_w2.blif,true,8,"{""expression"":""(a * b) + c"",""kind"":""single_rtl_expression"",""operator"":""multiply_accumulate""}","{""flat_inputs"":[""a_0"",""a_1"",""b_0"",""b_1"",""c_0"",""c_1"",""c_2"",""c_3""],""flat_outputs"":[""y_0"",""y_1"",""y_2"",""y_3"",""y_4""],""inputs"":[""a"",""b"",""c""],""outputs"":[""y""]}",20260716,semantic_recovery_benchmark_v1
arithmetic_multiply_accumulate_w3,arithmetic,multiply_accumulate,(a * b) + c,"[{""name"":""a"",""role"":""data"",""width"":3},{""name"":""b"",""role"":""data"",""width"":3},{""name"":""c"",""role"":""data"",""width"":6}]","[{""name"":""y"",""width"":7}]","{""a"":3,""b"":3,""c"":6}","{""y"":7}",unsigned,none,none,{},[],benchmarks/semantic_recovery/rtl/arithmetic_multiply_accumulate_w3.v,,false,15,"{""expression"":""(a * b) + c"",""kind"":""single_rtl_expression"",""operator"":""multiply_accumulate""}","{""flat_inputs"":[""a_0"",""a_1"",""a_2"",""b_0"",""b_1"",""b_2"",""c_0"",""c_1"",""c_2"",""c_3"",""c_4"",""c_5""],""flat_outputs"":[""y_0"",""y_1"",""y_2"",""y_3"",""y_4"",""y_5"",""y_6""],""inputs"":[""a"",""b"",""c""],""outputs"":[""y""]}",20260716,semantic_recovery_benchmark_v1
arithmetic_multiply_accumulate_w4,arithmetic,multiply_accumulate,(a * b) + c,"[{""name"":""a"",""role"":""data"",""width"":4},{""name"":""b"",""role"":""data"",""width"":4},{""name"":""c"",""role"":""data"",""width"":8}]","[{""name"":""y"",""width"":9}]","{""a"":4,""b"":4,""c"":8}","{""y"":9}",unsigned,none,none,{},[],benchmarks/semantic_recovery/rtl/arithmetic_multiply_accumulate_w4.v,,false,24,"{""expression"":""(a * b) + c"",""kind"":""single_rtl_expression"",""operator"":""multiply_accumulate""}","{""flat_inputs"":[""a_0"",""a_1"",""a_2"",""a_3"",""b_0"",""b_1"",""b_2"",""b_3"",""c_0"",""c_1"",""c_2"",""c_3"",""c_4"",""c_5"",""c_6"",""c_7""],""flat_outputs"":[""y_0"",""y_1"",""y_2"",""y_3"",""y_4"",""y_5"",""y_6"",""y_7"",""y_8""],""inputs"":[""a"",""b"",""c""],""outputs"":[""y""]}",20260716,semantic_recovery_benchmark_v1
arithmetic_reversed_sub_w12,arithmetic,reversed_sub,b - a,"[{""name"":""a"",""role"":""data"",""width"":12},{""name"":""b"",""role"":""data"",""width"":12}]","[{""name"":""y"",""width"":13}]","{""a"":12,""b"":12}","{""y"":13}",unsigned,none,none,{},[],benchmarks/semantic_recovery/rtl/arithmetic_reversed_sub_w12.v,,false,12,"{""expression"":""b - a"",""kind"":""single_rtl_expression"",""operator"":""reversed_sub""}","{""flat_inputs"":[""a_0"",""a_1"",""a_2"",""a_3"",""a_4"",""a_5"",""a_6"",""a_7"",""a_8"",""a_9"",""a_10"",""a_11"",""b_0"",""b_1"",""b_2"",""b_3"",""b_4"",""b_5"",""b_6"",""b_7"",""b_8"",""b_9"",""b_10"",""b_11""],""flat_outputs"":[""y_0"",""y_1"",""y_2"",""y_3"",""y_4"",""y_5"",""y_6"",""y_7"",""y_8"",""y_9"",""y_10"",""y_11"",""y_12""],""inputs"":[""a"",""b""],""outputs"":[""y""]}",20260716,semantic_recovery_benchmark_v1
arithmetic_reversed_sub_w16,arithmetic,reversed_sub,b - a,"[{""name"":""a"",""role"":""data"",""width"":16},{""name"":""b"",""role"":""data"",""width"":16}]","[{""name"":""y"",""width"":17}]","{""a"":16,""b"":16}","{""y"":17}",unsigned,none,none,{},[],benchmarks/semantic_recovery/rtl/arithmetic_reversed_sub_w16.v,,false,16,"{""expression"":""b - a"",""kind"":""single_rtl_expression"",""operator"":""reversed_sub""}","{""flat_inputs"":[""a_0"",""a_1"",""a_2"",""a_3"",""a_4"",""a_5"",""a_6"",""a_7"",""a_8"",""a_9"",""a_10"",""a_11"",""a_12"",""a_13"",""a_14"",""a_15"",""b_0"",""b_1"",""b_2"",""b_3"",""b_4"",""b_5"",""b_6"",""b_7"",""b_8"",""b_9"",""b_10"",""b_11"",""b_12"",""b_13"",""b_14"",""b_15""],""flat_outputs"":[""y_0"",""y_1"",""y_2"",""y_3"",""y_4"",""y_5"",""y_6"",""y_7"",""y_8"",""y_9"",""y_10"",""y_11"",""y_12"",""y_13"",""y_14"",""y_15"",""y_16""],""inputs"":[""a"",""b""],""outputs"":[""y""]}",20260716,semantic_recovery_benchmark_v1
arithmetic_reversed_sub_w2,arithmetic,reversed_sub,b - a,"[{""name"":""a"",""role"":""data"",""width"":2},{""name"":""b"",""role"":""data"",""width"":2}]","[{""name"":""y"",""width"":3}]","{""a"":2,""b"":2}","{""y"":3}",unsigned,none,none,{},[],benchmarks/semantic_recovery/rtl/arithmetic_reversed_sub_w2.v,benchmarks/semantic_recovery/blif/source/arithmetic_reversed_sub_w2.blif,true,2,"{""expression"":""b - a"",""kind"":""single_rtl_expression"",""operator"":""reversed_sub""}","{""flat_inputs"":[""a_0"",""a_1"",""b_0"",""b_1""],""flat_outputs"":[""y_0"",""y_1"",""y_2""],""inputs"":[""a"",""b""],""outputs"":[""y""]}",20260716,semantic_recovery_benchmark_v1
arithmetic_reversed_sub_w3,arithmetic,reversed_sub,b - a,"[{""name"":""a"",""role"":""data"",""width"":3},{""name"":""b"",""role"":""data"",""width"":3}]","[{""name"":""y"",""width"":4}]","{""a"":3,""b"":3}","{""y"":4}",unsigned,none,none,{},[],benchmarks/semantic_recovery/rtl/arithmetic_reversed_sub_w3.v,benchmarks/semantic_recovery/blif/source/arithmetic_reversed_sub_w3.blif,true,3,"{""expression"":""b - a"",""kind"":""single_rtl_expression"",""operator"":""reversed_sub""}","{""flat_inputs"":[""a_0"",""a_1"",""a_2"",""b_0"",""b_1"",""b_2""],""flat_outputs"":[""y_0"",""y_1"",""y_2"",""y_3""],""inputs"":[""a"",""b""],""outputs"":[""y""]}",20260716,semantic_recovery_benchmark_v1
arithmetic_reversed_sub_w4,arithmetic,reversed_sub,b - a,"[{""name"":""a"",""role"":""data"",""width"":4},{""name"":""b"",""role"":""data"",""width"":4}]","[{""name"":""y"",""width"":5}]","{""a"":4,""b"":4}","{""y"":5}",unsigned,none,none,{},[],benchmarks/semantic_recovery/rtl/arithmetic_reversed_sub_w4.v,benchmarks/semantic_recovery/blif/source/arithmetic_reversed_sub_w4.blif,true,4,"{""expression"":""b - a"",""kind"":""single_rtl_expression"",""operator"":""reversed_sub""}","{""flat_inputs"":[""a_0"",""a_1"",""a_2"",""a_3"",""b_0"",""b_1"",""b_2"",""b_3""],""flat_outputs"":[""y_0"",""y_1"",""y_2"",""y_3"",""y_4""],""inputs"":[""a"",""b""],""outputs"":[""y""]}",20260716,semantic_recovery_benchmark_v1
arithmetic_reversed_sub_w6,arithmetic,reversed_sub,b - a,"[{""name"":""a"",""role"":""data"",""width"":6},{""name"":""b"",""role"":""data"",""width"":6}]","[{""name"":""y"",""width"":7}]","{""a"":6,""b"":6}","{""y"":7}",unsigned,none,none,{},[],benchmarks/semantic_recovery/rtl/arithmetic_reversed_sub_w6.v,,false,6,"{""expression"":""b - a"",""kind"":""single_rtl_expression"",""operator"":""reversed_sub""}","{""flat_inputs"":[""a_0"",""a_1"",""a_2"",""a_3"",""a_4"",""a_5"",""b_0"",""b_1"",""b_2"",""b_3"",""b_4"",""b_5""],""flat_outputs"":[""y_0"",""y_1"",""y_2"",""y_3"",""y_4"",""y_5"",""y_6""],""inputs"":[""a"",""b""],""outputs"":[""y""]}",20260716,semantic_recovery_benchmark_v1
arithmetic_reversed_sub_w8,arithmetic,reversed_sub,b - a,"[{""name"":""a"",""role"":""data"",""width"":8},{""name"":""b"",""role"":""data"",""width"":8}]","[{""name"":""y"",""width"":9}]","{""a"":8,""b"":8}","{""y"":9}",unsigned,none,none,{},[],benchmarks/semantic_recovery/rtl/arithmetic_reversed_sub_w8.v,,false,8,"{""expression"":""b - a"",""kind"":""single_rtl_expression"",""operator"":""reversed_sub""}","{""flat_inputs"":[""a_0"",""a_1"",""a_2"",""a_3"",""a_4"",""a_5"",""a_6"",""a_7"",""b_0"",""b_1"",""b_2"",""b_3"",""b_4"",""b_5"",""b_6"",""b_7""],""flat_outputs"":[""y_0"",""y_1"",""y_2"",""y_3"",""y_4"",""y_5"",""y_6"",""y_7"",""y_8""],""inputs"":[""a"",""b""],""outputs"":[""y""]}",20260716,semantic_recovery_benchmark_v1
arithmetic_shifted_add_w12,arithmetic,shifted_add,a + (b << 1),"[{""name"":""a"",""role"":""data"",""width"":12},{""name"":""b"",""role"":""data"",""width"":12}]","[{""name"":""y"",""width"":14}]","{""a"":12,""b"":12}","{""y"":14}",unsigned,none,none,"{""shift"":1}",[],benchmarks/semantic_recovery/rtl/arithmetic_shifted_add_w12.v,,false,13,"{""expression"":""a + (b << 1)"",""kind"":""single_rtl_expression"",""operator"":""shifted_add""}","{""flat_inputs"":[""a_0"",""a_1"",""a_2"",""a_3"",""a_4"",""a_5"",""a_6"",""a_7"",""a_8"",""a_9"",""a_10"",""a_11"",""b_0"",""b_1"",""b_2"",""b_3"",""b_4"",""b_5"",""b_6"",""b_7"",""b_8"",""b_9"",""b_10"",""b_11""],""flat_outputs"":[""y_0"",""y_1"",""y_2"",""y_3"",""y_4"",""y_5"",""y_6"",""y_7"",""y_8"",""y_9"",""y_10"",""y_11"",""y_12"",""y_13""],""inputs"":[""a"",""b""],""outputs"":[""y""]}",20260716,semantic_recovery_benchmark_v1
arithmetic_shifted_add_w16,arithmetic,shifted_add,a + (b << 1),"[{""name"":""a"",""role"":""data"",""width"":16},{""name"":""b"",""role"":""data"",""width"":16}]","[{""name"":""y"",""width"":18}]","{""a"":16,""b"":16}","{""y"":18}",unsigned,none,none,"{""shift"":1}",[],benchmarks/semantic_recovery/rtl/arithmetic_shifted_add_w16.v,,false,17,"{""expression"":""a + (b << 1)"",""kind"":""single_rtl_expression"",""operator"":""shifted_add""}","{""flat_inputs"":[""a_0"",""a_1"",""a_2"",""a_3"",""a_4"",""a_5"",""a_6"",""a_7"",""a_8"",""a_9"",""a_10"",""a_11"",""a_12"",""a_13"",""a_14"",""a_15"",""b_0"",""b_1"",""b_2"",""b_3"",""b_4"",""b_5"",""b_6"",""b_7"",""b_8"",""b_9"",""b_10"",""b_11"",""b_12"",""b_13"",""b_14"",""b_15""],""flat_outputs"":[""y_0"",""y_1"",""y_2"",""y_3"",""y_4"",""y_5"",""y_6"",""y_7"",""y_8"",""y_9"",""y_10"",""y_11"",""y_12"",""y_13"",""y_14"",""y_15"",""y_16"",""y_17""],""inputs"":[""a"",""b""],""outputs"":[""y""]}",20260716,semantic_recovery_benchmark_v1
arithmetic_shifted_add_w2,arithmetic,shifted_add,a + (b << 1),"[{""name"":""a"",""role"":""data"",""width"":2},{""name"":""b"",""role"":""data"",""width"":2}]","[{""name"":""y"",""width"":4}]","{""a"":2,""b"":2}","{""y"":4}",unsigned,none,none,"{""shift"":1}",[],benchmarks/semantic_recovery/rtl/arithmetic_shifted_add_w2.v,benchmarks/semantic_recovery/blif/source/arithmetic_shifted_add_w2.blif,true,3,"{""expression"":""a + (b << 1)"",""kind"":""single_rtl_expression"",""operator"":""shifted_add""}","{""flat_inputs"":[""a_0"",""a_1"",""b_0"",""b_1""],""flat_outputs"":[""y_0"",""y_1"",""y_2"",""y_3""],""inputs"":[""a"",""b""],""outputs"":[""y""]}",20260716,semantic_recovery_benchmark_v1
arithmetic_shifted_add_w3,arithmetic,shifted_add,a + (b << 1),"[{""name"":""a"",""role"":""data"",""width"":3},{""name"":""b"",""role"":""data"",""width"":3}]","[{""name"":""y"",""width"":5}]","{""a"":3,""b"":3}","{""y"":5}",unsigned,none,none,"{""shift"":1}",[],benchmarks/semantic_recovery/rtl/arithmetic_shifted_add_w3.v,benchmarks/semantic_recovery/blif/source/arithmetic_shifted_add_w3.blif,true,4,"{""expression"":""a + (b << 1)"",""kind"":""single_rtl_expression"",""operator"":""shifted_add""}","{""flat_inputs"":[""a_0"",""a_1"",""a_2"",""b_0"",""b_1"",""b_2""],""flat_outputs"":[""y_0"",""y_1"",""y_2"",""y_3"",""y_4""],""inputs"":[""a"",""b""],""outputs"":[""y""]}",20260716,semantic_recovery_benchmark_v1
arithmetic_shifted_add_w4,arithmetic,shifted_add,a + (b << 1),"[{""name"":""a"",""role"":""data"",""width"":4},{""name"":""b"",""role"":""data"",""width"":4}]","[{""name"":""y"",""width"":6}]","{""a"":4,""b"":4}","{""y"":6}",unsigned,none,none,"{""shift"":1}",[],benchmarks/semantic_recovery/rtl/arithmetic_shifted_add_w4.v,benchmarks/semantic_recovery/blif/source/arithmetic_shifted_add_w4.blif,true,5,"{""expression"":""a + (b << 1)"",""kind"":""single_rtl_expression"",""operator"":""shifted_add""}","{""flat_inputs"":[""a_0"",""a_1"",""a_2"",""a_3"",""b_0"",""b_1"",""b_2"",""b_3""],""flat_outputs"":[""y_0"",""y_1"",""y_2"",""y_3"",""y_4"",""y_5""],""inputs"":[""a"",""b""],""outputs"":[""y""]}",20260716,semantic_recovery_benchmark_v1
arithmetic_shifted_add_w6,arithmetic,shifted_add,a + (b << 1),"[{""name"":""a"",""role"":""data"",""width"":6},{""name"":""b"",""role"":""data"",""width"":6}]","[{""name"":""y"",""width"":8}]","{""a"":6,""b"":6}","{""y"":8}",unsigned,none,none,"{""shift"":1}",[],benchmarks/semantic_recovery/rtl/arithmetic_shifted_add_w6.v,,false,7,"{""expression"":""a + (b << 1)"",""kind"":""single_rtl_expression"",""operator"":""shifted_add""}","{""flat_inputs"":[""a_0"",""a_1"",""a_2"",""a_3"",""a_4"",""a_5"",""b_0"",""b_1"",""b_2"",""b_3"",""b_4"",""b_5""],""flat_outputs"":[""y_0"",""y_1"",""y_2"",""y_3"",""y_4"",""y_5"",""y_6"",""y_7""],""inputs"":[""a"",""b""],""outputs"":[""y""]}",20260716,semantic_recovery_benchmark_v1
arithmetic_shifted_add_w8,arithmetic,shifted_add,a + (b << 1),"[{""name"":""a"",""role"":""data"",""width"":8},{""name"":""b"",""role"":""data"",""width"":8}]","[{""name"":""y"",""width"":10}]","{""a"":8,""b"":8}","{""y"":10}",unsigned,none,none,"{""shift"":1}",[],benchmarks/semantic_recovery/rtl/arithmetic_shifted_add_w8.v,,false,9,"{""expression"":""a + (b << 1)"",""kind"":""single_rtl_expression"",""operator"":""shifted_add""}","{""flat_inputs"":[""a_0"",""a_1"",""a_2"",""a_3"",""a_4"",""a_5"",""a_6"",""a_7"",""b_0"",""b_1"",""b_2"",""b_3"",""b_4"",""b_5"",""b_6"",""b_7""],""flat_outputs"":[""y_0"",""y_1"",""y_2"",""y_3"",""y_4"",""y_5"",""y_6"",""y_7"",""y_8"",""y_9""],""inputs"":[""a"",""b""],""outputs"":[""y""]}",20260716,semantic_recovery_benchmark_v1
arithmetic_signed_add_w12,arithmetic,signed_add,$signed(a) + $signed(b),"[{""name"":""a"",""role"":""data"",""width"":12},{""name"":""b"",""role"":""data"",""width"":12}]","[{""name"":""y"",""width"":13}]","{""a"":12,""b"":12}","{""y"":13}",signed,none,none,{},[],benchmarks/semantic_recovery/rtl/arithmetic_signed_add_w12.v,,false,12,"{""expression"":""$signed(a) + $signed(b)"",""kind"":""single_rtl_expression"",""operator"":""signed_add""}","{""flat_inputs"":[""a_0"",""a_1"",""a_2"",""a_3"",""a_4"",""a_5"",""a_6"",""a_7"",""a_8"",""a_9"",""a_10"",""a_11"",""b_0"",""b_1"",""b_2"",""b_3"",""b_4"",""b_5"",""b_6"",""b_7"",""b_8"",""b_9"",""b_10"",""b_11""],""flat_outputs"":[""y_0"",""y_1"",""y_2"",""y_3"",""y_4"",""y_5"",""y_6"",""y_7"",""y_8"",""y_9"",""y_10"",""y_11"",""y_12""],""inputs"":[""a"",""b""],""outputs"":[""y""]}",20260716,semantic_recovery_benchmark_v1
arithmetic_signed_add_w16,arithmetic,signed_add,$signed(a) + $signed(b),"[{""name"":""a"",""role"":""data"",""width"":16},{""name"":""b"",""role"":""data"",""width"":16}]","[{""name"":""y"",""width"":17}]","{""a"":16,""b"":16}","{""y"":17}",signed,none,none,{},[],benchmarks/semantic_recovery/rtl/arithmetic_signed_add_w16.v,,false,16,"{""expression"":""$signed(a) + $signed(b)"",""kind"":""single_rtl_expression"",""operator"":""signed_add""}","{""flat_inputs"":[""a_0"",""a_1"",""a_2"",""a_3"",""a_4"",""a_5"",""a_6"",""a_7"",""a_8"",""a_9"",""a_10"",""a_11"",""a_12"",""a_13"",""a_14"",""a_15"",""b_0"",""b_1"",""b_2"",""b_3"",""b_4"",""b_5"",""b_6"",""b_7"",""b_8"",""b_9"",""b_10"",""b_11"",""b_12"",""b_13"",""b_14"",""b_15""],""flat_outputs"":[""y_0"",""y_1"",""y_2"",""y_3"",""y_4"",""y_5"",""y_6"",""y_7"",""y_8"",""y_9"",""y_10"",""y_11"",""y_12"",""y_13"",""y_14"",""y_15"",""y_16""],""inputs"":[""a"",""b""],""outputs"":[""y""]}",20260716,semantic_recovery_benchmark_v1
arithmetic_signed_add_w2,arithmetic,signed_add,$signed(a) + $signed(b),"[{""name"":""a"",""role"":""data"",""width"":2},{""name"":""b"",""role"":""data"",""width"":2}]","[{""name"":""y"",""width"":3}]","{""a"":2,""b"":2}","{""y"":3}",signed,none,none,{},[],benchmarks/semantic_recovery/rtl/arithmetic_signed_add_w2.v,benchmarks/semantic_recovery/blif/source/arithmetic_signed_add_w2.blif,true,2,"{""expression"":""$signed(a) + $signed(b)"",""kind"":""single_rtl_expression"",""operator"":""signed_add""}","{""flat_inputs"":[""a_0"",""a_1"",""b_0"",""b_1""],""flat_outputs"":[""y_0"",""y_1"",""y_2""],""inputs"":[""a"",""b""],""outputs"":[""y""]}",20260716,semantic_recovery_benchmark_v1
arithmetic_signed_add_w3,arithmetic,signed_add,$signed(a) + $signed(b),"[{""name"":""a"",""role"":""data"",""width"":3},{""name"":""b"",""role"":""data"",""width"":3}]","[{""name"":""y"",""width"":4}]","{""a"":3,""b"":3}","{""y"":4}",signed,none,none,{},[],benchmarks/semantic_recovery/rtl/arithmetic_signed_add_w3.v,benchmarks/semantic_recovery/blif/source/arithmetic_signed_add_w3.blif,true,3,"{""expression"":""$signed(a) + $signed(b)"",""kind"":""single_rtl_expression"",""operator"":""signed_add""}","{""flat_inputs"":[""a_0"",""a_1"",""a_2"",""b_0"",""b_1"",""b_2""],""flat_outputs"":[""y_0"",""y_1"",""y_2"",""y_3""],""inputs"":[""a"",""b""],""outputs"":[""y""]}",20260716,semantic_recovery_benchmark_v1
arithmetic_signed_add_w4,arithmetic,signed_add,$signed(a) + $signed(b),"[{""name"":""a"",""role"":""data"",""width"":4},{""name"":""b"",""role"":""data"",""width"":4}]","[{""name"":""y"",""width"":5}]","{""a"":4,""b"":4}","{""y"":5}",signed,none,none,{},[],benchmarks/semantic_recovery/rtl/arithmetic_signed_add_w4.v,benchmarks/semantic_recovery/blif/source/arithmetic_signed_add_w4.blif,true,4,"{""expression"":""$signed(a) + $signed(b)"",""kind"":""single_rtl_expression"",""operator"":""signed_add""}","{""flat_inputs"":[""a_0"",""a_1"",""a_2"",""a_3"",""b_0"",""b_1"",""b_2"",""b_3""],""flat_outputs"":[""y_0"",""y_1"",""y_2"",""y_3"",""y_4""],""inputs"":[""a"",""b""],""outputs"":[""y""]}",20260716,semantic_recovery_benchmark_v1
arithmetic_signed_add_w6,arithmetic,signed_add,$signed(a) + $signed(b),"[{""name"":""a"",""role"":""data"",""width"":6},{""name"":""b"",""role"":""data"",""width"":6}]","[{""name"":""y"",""width"":7}]","{""a"":6,""b"":6}","{""y"":7}",signed,none,none,{},[],benchmarks/semantic_recovery/rtl/arithmetic_signed_add_w6.v,,false,6,"{""expression"":""$signed(a) + $signed(b)"",""kind"":""single_rtl_expression"",""operator"":""signed_add""}","{""flat_inputs"":[""a_0"",""a_1"",""a_2"",""a_3"",""a_4"",""a_5"",""b_0"",""b_1"",""b_2"",""b_3"",""b_4"",""b_5""],""flat_outputs"":[""y_0"",""y_1"",""y_2"",""y_3"",""y_4"",""y_5"",""y_6""],""inputs"":[""a"",""b""],""outputs"":[""y""]}",20260716,semantic_recovery_benchmark_v1
arithmetic_signed_add_w8,arithmetic,signed_add,$signed(a) + $signed(b),"[{""name"":""a"",""role"":""data"",""width"":8},{""name"":""b"",""role"":""data"",""width"":8}]","[{""name"":""y"",""width"":9}]","{""a"":8,""b"":8}","{""y"":9}",signed,none,none,{},[],benchmarks/semantic_recovery/rtl/arithmetic_signed_add_w8.v,,false,8,"{""expression"":""$signed(a) + $signed(b)"",""kind"":""single_rtl_expression"",""operator"":""signed_add""}","{""flat_inputs"":[""a_0"",""a_1"",""a_2"",""a_3"",""a_4"",""a_5"",""a_6"",""a_7"",""b_0"",""b_1"",""b_2"",""b_3"",""b_4"",""b_5"",""b_6"",""b_7""],""flat_outputs"":[""y_0"",""y_1"",""y_2"",""y_3"",""y_4"",""y_5"",""y_6"",""y_7"",""y_8""],""inputs"":[""a"",""b""],""outputs"":[""y""]}",20260716,semantic_recovery_benchmark_v1
arithmetic_sub_w12,arithmetic,sub,a - b,"[{""name"":""a"",""role"":""data"",""width"":12},{""name"":""b"",""role"":""data"",""width"":12}]","[{""name"":""y"",""width"":13}]","{""a"":12,""b"":12}","{""y"":13}",unsigned,none,none,{},[],benchmarks/semantic_recovery/rtl/arithmetic_sub_w12.v,,false,12,"{""expression"":""a - b"",""kind"":""single_rtl_expression"",""operator"":""sub""}","{""flat_inputs"":[""a_0"",""a_1"",""a_2"",""a_3"",""a_4"",""a_5"",""a_6"",""a_7"",""a_8"",""a_9"",""a_10"",""a_11"",""b_0"",""b_1"",""b_2"",""b_3"",""b_4"",""b_5"",""b_6"",""b_7"",""b_8"",""b_9"",""b_10"",""b_11""],""flat_outputs"":[""y_0"",""y_1"",""y_2"",""y_3"",""y_4"",""y_5"",""y_6"",""y_7"",""y_8"",""y_9"",""y_10"",""y_11"",""y_12""],""inputs"":[""a"",""b""],""outputs"":[""y""]}",20260716,semantic_recovery_benchmark_v1
arithmetic_sub_w16,arithmetic,sub,a - b,"[{""name"":""a"",""role"":""data"",""width"":16},{""name"":""b"",""role"":""data"",""width"":16}]","[{""name"":""y"",""width"":17}]","{""a"":16,""b"":16}","{""y"":17}",unsigned,none,none,{},[],benchmarks/semantic_recovery/rtl/arithmetic_sub_w16.v,,false,16,"{""expression"":""a - b"",""kind"":""single_rtl_expression"",""operator"":""sub""}","{""flat_inputs"":[""a_0"",""a_1"",""a_2"",""a_3"",""a_4"",""a_5"",""a_6"",""a_7"",""a_8"",""a_9"",""a_10"",""a_11"",""a_12"",""a_13"",""a_14"",""a_15"",""b_0"",""b_1"",""b_2"",""b_3"",""b_4"",""b_5"",""b_6"",""b_7"",""b_8"",""b_9"",""b_10"",""b_11"",""b_12"",""b_13"",""b_14"",""b_15""],""flat_outputs"":[""y_0"",""y_1"",""y_2"",""y_3"",""y_4"",""y_5"",""y_6"",""y_7"",""y_8"",""y_9"",""y_10"",""y_11"",""y_12"",""y_13"",""y_14"",""y_15"",""y_16""],""inputs"":[""a"",""b""],""outputs"":[""y""]}",20260716,semantic_recovery_benchmark_v1
arithmetic_sub_w2,arithmetic,sub,a - b,"[{""name"":""a"",""role"":""data"",""width"":2},{""name"":""b"",""role"":""data"",""width"":2}]","[{""name"":""y"",""width"":3}]","{""a"":2,""b"":2}","{""y"":3}",unsigned,none,none,{},[],benchmarks/semantic_recovery/rtl/arithmetic_sub_w2.v,benchmarks/semantic_recovery/blif/source/arithmetic_sub_w2.blif,true,2,"{""expression"":""a - b"",""kind"":""single_rtl_expression"",""operator"":""sub""}","{""flat_inputs"":[""a_0"",""a_1"",""b_0"",""b_1""],""flat_outputs"":[""y_0"",""y_1"",""y_2""],""inputs"":[""a"",""b""],""outputs"":[""y""]}",20260716,semantic_recovery_benchmark_v1
arithmetic_sub_w3,arithmetic,sub,a - b,"[{""name"":""a"",""role"":""data"",""width"":3},{""name"":""b"",""role"":""data"",""width"":3}]","[{""name"":""y"",""width"":4}]","{""a"":3,""b"":3}","{""y"":4}",unsigned,none,none,{},[],benchmarks/semantic_recovery/rtl/arithmetic_sub_w3.v,benchmarks/semantic_recovery/blif/source/arithmetic_sub_w3.blif,true,3,"{""expression"":""a - b"",""kind"":""single_rtl_expression"",""operator"":""sub""}","{""flat_inputs"":[""a_0"",""a_1"",""a_2"",""b_0"",""b_1"",""b_2""],""flat_outputs"":[""y_0"",""y_1"",""y_2"",""y_3""],""inputs"":[""a"",""b""],""outputs"":[""y""]}",20260716,semantic_recovery_benchmark_v1
arithmetic_sub_w4,arithmetic,sub,a - b,"[{""name"":""a"",""role"":""data"",""width"":4},{""name"":""b"",""role"":""data"",""width"":4}]","[{""name"":""y"",""width"":5}]","{""a"":4,""b"":4}","{""y"":5}",unsigned,none,none,{},[],benchmarks/semantic_recovery/rtl/arithmetic_sub_w4.v,benchmarks/semantic_recovery/blif/source/arithmetic_sub_w4.blif,true,4,"{""expression"":""a - b"",""kind"":""single_rtl_expression"",""operator"":""sub""}","{""flat_inputs"":[""a_0"",""a_1"",""a_2"",""a_3"",""b_0"",""b_1"",""b_2"",""b_3""],""flat_outputs"":[""y_0"",""y_1"",""y_2"",""y_3"",""y_4""],""inputs"":[""a"",""b""],""outputs"":[""y""]}",20260716,semantic_recovery_benchmark_v1
arithmetic_sub_w6,arithmetic,sub,a - b,"[{""name"":""a"",""role"":""data"",""width"":6},{""name"":""b"",""role"":""data"",""width"":6}]","[{""name"":""y"",""width"":7}]","{""a"":6,""b"":6}","{""y"":7}",unsigned,none,none,{},[],benchmarks/semantic_recovery/rtl/arithmetic_sub_w6.v,,false,6,"{""expression"":""a - b"",""kind"":""single_rtl_expression"",""operator"":""sub""}","{""flat_inputs"":[""a_0"",""a_1"",""a_2"",""a_3"",""a_4"",""a_5"",""b_0"",""b_1"",""b_2"",""b_3"",""b_4"",""b_5""],""flat_outputs"":[""y_0"",""y_1"",""y_2"",""y_3"",""y_4"",""y_5"",""y_6""],""inputs"":[""a"",""b""],""outputs"":[""y""]}",20260716,semantic_recovery_benchmark_v1
arithmetic_sub_w8,arithmetic,sub,a - b,"[{""name"":""a"",""role"":""data"",""width"":8},{""name"":""b"",""role"":""data"",""width"":8}]","[{""name"":""y"",""width"":9}]","{""a"":8,""b"":8}","{""y"":9}",unsigned,none,none,{},[],benchmarks/semantic_recovery/rtl/arithmetic_sub_w8.v,,false,8,"{""expression"":""a - b"",""kind"":""single_rtl_expression"",""operator"":""sub""}","{""flat_inputs"":[""a_0"",""a_1"",""a_2"",""a_3"",""a_4"",""a_5"",""a_6"",""a_7"",""b_0"",""b_1"",""b_2"",""b_3"",""b_4"",""b_5"",""b_6"",""b_7""],""flat_outputs"":[""y_0"",""y_1"",""y_2"",""y_3"",""y_4"",""y_5"",""y_6"",""y_7"",""y_8""],""inputs"":[""a"",""b""],""outputs"":[""y""]}",20260716,semantic_recovery_benchmark_v1
arithmetic_truncated_multiply_w2,arithmetic,truncated_multiply,a * b,"[{""name"":""a"",""role"":""data"",""width"":2},{""name"":""b"",""role"":""data"",""width"":2}]","[{""name"":""y"",""width"":2}]","{""a"":2,""b"":2}","{""y"":2}",unsigned,low_bits,none,{},[],benchmarks/semantic_recovery/rtl/arithmetic_truncated_multiply_w2.v,benchmarks/semantic_recovery/blif/source/arithmetic_truncated_multiply_w2.blif,true,4,"{""expression"":""a * b"",""kind"":""single_rtl_expression"",""operator"":""truncated_multiply""}","{""flat_inputs"":[""a_0"",""a_1"",""b_0"",""b_1""],""flat_outputs"":[""y_0"",""y_1""],""inputs"":[""a"",""b""],""outputs"":[""y""]}",20260716,semantic_recovery_benchmark_v1
arithmetic_truncated_multiply_w3,arithmetic,truncated_multiply,a * b,"[{""name"":""a"",""role"":""data"",""width"":3},{""name"":""b"",""role"":""data"",""width"":3}]","[{""name"":""y"",""width"":3}]","{""a"":3,""b"":3}","{""y"":3}",unsigned,low_bits,none,{},[],benchmarks/semantic_recovery/rtl/arithmetic_truncated_multiply_w3.v,benchmarks/semantic_recovery/blif/source/arithmetic_truncated_multiply_w3.blif,true,9,"{""expression"":""a * b"",""kind"":""single_rtl_expression"",""operator"":""truncated_multiply""}","{""flat_inputs"":[""a_0"",""a_1"",""a_2"",""b_0"",""b_1"",""b_2""],""flat_outputs"":[""y_0"",""y_1"",""y_2""],""inputs"":[""a"",""b""],""outputs"":[""y""]}",20260716,semantic_recovery_benchmark_v1
arithmetic_truncated_multiply_w4,arithmetic,truncated_multiply,a * b,"[{""name"":""a"",""role"":""data"",""width"":4},{""name"":""b"",""role"":""data"",""width"":4}]","[{""name"":""y"",""width"":4}]","{""a"":4,""b"":4}","{""y"":4}",unsigned,low_bits,none,{},[],benchmarks/semantic_recovery/rtl/arithmetic_truncated_multiply_w4.v,benchmarks/semantic_recovery/blif/source/arithmetic_truncated_multiply_w4.blif,true,16,"{""expression"":""a * b"",""kind"":""single_rtl_expression"",""operator"":""truncated_multiply""}","{""flat_inputs"":[""a_0"",""a_1"",""a_2"",""a_3"",""b_0"",""b_1"",""b_2"",""b_3""],""flat_outputs"":[""y_0"",""y_1"",""y_2"",""y_3""],""inputs"":[""a"",""b""],""outputs"":[""y""]}",20260716,semantic_recovery_benchmark_v1
arithmetic_truncated_multiply_w6,arithmetic,truncated_multiply,a * b,"[{""name"":""a"",""role"":""data"",""width"":6},{""name"":""b"",""role"":""data"",""width"":6}]","[{""name"":""y"",""width"":6}]","{""a"":6,""b"":6}","{""y"":6}",unsigned,low_bits,none,{},[],benchmarks/semantic_recovery/rtl/arithmetic_truncated_multiply_w6.v,,false,36,"{""expression"":""a * b"",""kind"":""single_rtl_expression"",""operator"":""truncated_multiply""}","{""flat_inputs"":[""a_0"",""a_1"",""a_2"",""a_3"",""a_4"",""a_5"",""b_0"",""b_1"",""b_2"",""b_3"",""b_4"",""b_5""],""flat_outputs"":[""y_0"",""y_1"",""y_2"",""y_3"",""y_4"",""y_5""],""inputs"":[""a"",""b""],""outputs"":[""y""]}",20260716,semantic_recovery_benchmark_v1
arithmetic_truncated_multiply_w8,arithmetic,truncated_multiply,a * b,"[{""name"":""a"",""role"":""data"",""width"":8},{""name"":""b"",""role"":""data"",""width"":8}]","[{""name"":""y"",""width"":8}]","{""a"":8,""b"":8}","{""y"":8}",unsigned,low_bits,none,{},[],benchmarks/semantic_recovery/rtl/arithmetic_truncated_multiply_w8.v,,false,64,"{""expression"":""a * b"",""kind"":""single_rtl_expression"",""operator"":""truncated_multiply""}","{""flat_inputs"":[""a_0"",""a_1"",""a_2"",""a_3"",""a_4"",""a_5"",""a_6"",""a_7"",""b_0"",""b_1"",""b_2"",""b_3"",""b_4"",""b_5"",""b_6"",""b_7""],""flat_outputs"":[""y_0"",""y_1"",""y_2"",""y_3"",""y_4"",""y_5"",""y_6"",""y_7""],""inputs"":[""a"",""b""],""outputs"":[""y""]}",20260716,semantic_recovery_benchmark_v1
arithmetic_unsigned_add_w12,arithmetic,unsigned_add,a + b,"[{""name"":""a"",""role"":""data"",""width"":12},{""name"":""b"",""role"":""data"",""width"":12}]","[{""name"":""y"",""width"":13}]","{""a"":12,""b"":12}","{""y"":13}",unsigned,none,none,{},[],benchmarks/semantic_recovery/rtl/arithmetic_unsigned_add_w12.v,,false,12,"{""expression"":""a + b"",""kind"":""single_rtl_expression"",""operator"":""unsigned_add""}","{""flat_inputs"":[""a_0"",""a_1"",""a_2"",""a_3"",""a_4"",""a_5"",""a_6"",""a_7"",""a_8"",""a_9"",""a_10"",""a_11"",""b_0"",""b_1"",""b_2"",""b_3"",""b_4"",""b_5"",""b_6"",""b_7"",""b_8"",""b_9"",""b_10"",""b_11""],""flat_outputs"":[""y_0"",""y_1"",""y_2"",""y_3"",""y_4"",""y_5"",""y_6"",""y_7"",""y_8"",""y_9"",""y_10"",""y_11"",""y_12""],""inputs"":[""a"",""b""],""outputs"":[""y""]}",20260716,semantic_recovery_benchmark_v1
arithmetic_unsigned_add_w16,arithmetic,unsigned_add,a + b,"[{""name"":""a"",""role"":""data"",""width"":16},{""name"":""b"",""role"":""data"",""width"":16}]","[{""name"":""y"",""width"":17}]","{""a"":16,""b"":16}","{""y"":17}",unsigned,none,none,{},[],benchmarks/semantic_recovery/rtl/arithmetic_unsigned_add_w16.v,,false,16,"{""expression"":""a + b"",""kind"":""single_rtl_expression"",""operator"":""unsigned_add""}","{""flat_inputs"":[""a_0"",""a_1"",""a_2"",""a_3"",""a_4"",""a_5"",""a_6"",""a_7"",""a_8"",""a_9"",""a_10"",""a_11"",""a_12"",""a_13"",""a_14"",""a_15"",""b_0"",""b_1"",""b_2"",""b_3"",""b_4"",""b_5"",""b_6"",""b_7"",""b_8"",""b_9"",""b_10"",""b_11"",""b_12"",""b_13"",""b_14"",""b_15""],""flat_outputs"":[""y_0"",""y_1"",""y_2"",""y_3"",""y_4"",""y_5"",""y_6"",""y_7"",""y_8"",""y_9"",""y_10"",""y_11"",""y_12"",""y_13"",""y_14"",""y_15"",""y_16""],""inputs"":[""a"",""b""],""outputs"":[""y""]}",20260716,semantic_recovery_benchmark_v1
arithmetic_unsigned_add_w2,arithmetic,unsigned_add,a + b,"[{""name"":""a"",""role"":""data"",""width"":2},{""name"":""b"",""role"":""data"",""width"":2}]","[{""name"":""y"",""width"":3}]","{""a"":2,""b"":2}","{""y"":3}",unsigned,none,none,{},[],benchmarks/semantic_recovery/rtl/arithmetic_unsigned_add_w2.v,benchmarks/semantic_recovery/blif/source/arithmetic_unsigned_add_w2.blif,true,2,"{""expression"":""a + b"",""kind"":""single_rtl_expression"",""operator"":""unsigned_add""}","{""flat_inputs"":[""a_0"",""a_1"",""b_0"",""b_1""],""flat_outputs"":[""y_0"",""y_1"",""y_2""],""inputs"":[""a"",""b""],""outputs"":[""y""]}",20260716,semantic_recovery_benchmark_v1
arithmetic_unsigned_add_w3,arithmetic,unsigned_add,a + b,"[{""name"":""a"",""role"":""data"",""width"":3},{""name"":""b"",""role"":""data"",""width"":3}]","[{""name"":""y"",""width"":4}]","{""a"":3,""b"":3}","{""y"":4}",unsigned,none,none,{},[],benchmarks/semantic_recovery/rtl/arithmetic_unsigned_add_w3.v,benchmarks/semantic_recovery/blif/source/arithmetic_unsigned_add_w3.blif,true,3,"{""expression"":""a + b"",""kind"":""single_rtl_expression"",""operator"":""unsigned_add""}","{""flat_inputs"":[""a_0"",""a_1"",""a_2"",""b_0"",""b_1"",""b_2""],""flat_outputs"":[""y_0"",""y_1"",""y_2"",""y_3""],""inputs"":[""a"",""b""],""outputs"":[""y""]}",20260716,semantic_recovery_benchmark_v1
arithmetic_unsigned_add_w4,arithmetic,unsigned_add,a + b,"[{""name"":""a"",""role"":""data"",""width"":4},{""name"":""b"",""role"":""data"",""width"":4}]","[{""name"":""y"",""width"":5}]","{""a"":4,""b"":4}","{""y"":5}",unsigned,none,none,{},[],benchmarks/semantic_recovery/rtl/arithmetic_unsigned_add_w4.v,benchmarks/semantic_recovery/blif/source/arithmetic_unsigned_add_w4.blif,true,4,"{""expression"":""a + b"",""kind"":""single_rtl_expression"",""operator"":""unsigned_add""}","{""flat_inputs"":[""a_0"",""a_1"",""a_2"",""a_3"",""b_0"",""b_1"",""b_2"",""b_3""],""flat_outputs"":[""y_0"",""y_1"",""y_2"",""y_3"",""y_4""],""inputs"":[""a"",""b""],""outputs"":[""y""]}",20260716,semantic_recovery_benchmark_v1
arithmetic_unsigned_add_w6,arithmetic,unsigned_add,a + b,"[{""name"":""a"",""role"":""data"",""width"":6},{""name"":""b"",""role"":""data"",""width"":6}]","[{""name"":""y"",""width"":7}]","{""a"":6,""b"":6}","{""y"":7}",unsigned,none,none,{},[],benchmarks/semantic_recovery/rtl/arithmetic_unsigned_add_w6.v,,false,6,"{""expression"":""a + b"",""kind"":""single_rtl_expression"",""operator"":""unsigned_add""}","{""flat_inputs"":[""a_0"",""a_1"",""a_2"",""a_3"",""a_4"",""a_5"",""b_0"",""b_1"",""b_2"",""b_3"",""b_4"",""b_5""],""flat_outputs"":[""y_0"",""y_1"",""y_2"",""y_3"",""y_4"",""y_5"",""y_6""],""inputs"":[""a"",""b""],""outputs"":[""y""]}",20260716,semantic_recovery_benchmark_v1
arithmetic_unsigned_add_w8,arithmetic,unsigned_add,a + b,"[{""name"":""a"",""role"":""data"",""width"":8},{""name"":""b"",""role"":""data"",""width"":8}]","[{""name"":""y"",""width"":9}]","{""a"":8,""b"":8}","{""y"":9}",unsigned,none,none,{},[],benchmarks/semantic_recovery/rtl/arithmetic_unsigned_add_w8.v,,false,8,"{""expression"":""a + b"",""kind"":""single_rtl_expression"",""operator"":""unsigned_add""}","{""flat_inputs"":[""a_0"",""a_1"",""a_2"",""a_3"",""a_4"",""a_5"",""a_6"",""a_7"",""b_0"",""b_1"",""b_2"",""b_3"",""b_4"",""b_5"",""b_6"",""b_7""],""flat_outputs"":[""y_0"",""y_1"",""y_2"",""y_3"",""y_4"",""y_5"",""y_6"",""y_7"",""y_8""],""inputs"":[""a"",""b""],""outputs"":[""y""]}",20260716,semantic_recovery_benchmark_v1
bitmanip_concat_w12,bitmanip,concat,"{a, b}","[{""name"":""a"",""role"":""data"",""width"":12},{""name"":""b"",""role"":""data"",""width"":12}]","[{""name"":""y"",""width"":24}]","{""a"":12,""b"":12}","{""y"":24}",unsigned,none,none,{},[],benchmarks/semantic_recovery/rtl/bitmanip_concat_w12.v,,false,0,"{""expression"":""{a, b}"",""kind"":""single_rtl_expression"",""operator"":""concat""}","{""flat_inputs"":[""a_0"",""a_1"",""a_2"",""a_3"",""a_4"",""a_5"",""a_6"",""a_7"",""a_8"",""a_9"",""a_10"",""a_11"",""b_0"",""b_1"",""b_2"",""b_3"",""b_4"",""b_5"",""b_6"",""b_7"",""b_8"",""b_9"",""b_10"",""b_11""],""flat_outputs"":[""y_0"",""y_1"",""y_2"",""y_3"",""y_4"",""y_5"",""y_6"",""y_7"",""y_8"",""y_9"",""y_10"",""y_11"",""y_12"",""y_13"",""y_14"",""y_15"",""y_16"",""y_17"",""y_18"",""y_19"",""y_20"",""y_21"",""y_22"",""y_23""],""inputs"":[""a"",""b""],""outputs"":[""y""]}",20260716,semantic_recovery_benchmark_v1
bitmanip_concat_w16,bitmanip,concat,"{a, b}","[{""name"":""a"",""role"":""data"",""width"":16},{""name"":""b"",""role"":""data"",""width"":16}]","[{""name"":""y"",""width"":32}]","{""a"":16,""b"":16}","{""y"":32}",unsigned,none,none,{},[],benchmarks/semantic_recovery/rtl/bitmanip_concat_w16.v,,false,0,"{""expression"":""{a, b}"",""kind"":""single_rtl_expression"",""operator"":""concat""}","{""flat_inputs"":[""a_0"",""a_1"",""a_2"",""a_3"",""a_4"",""a_5"",""a_6"",""a_7"",""a_8"",""a_9"",""a_10"",""a_11"",""a_12"",""a_13"",""a_14"",""a_15"",""b_0"",""b_1"",""b_2"",""b_3"",""b_4"",""b_5"",""b_6"",""b_7"",""b_8"",""b_9"",""b_10"",""b_11"",""b_12"",""b_13"",""b_14"",""b_15""],""flat_outputs"":[""y_0"",""y_1"",""y_2"",""y_3"",""y_4"",""y_5"",""y_6"",""y_7"",""y_8"",""y_9"",""y_10"",""y_11"",""y_12"",""y_13"",""y_14"",""y_15"",""y_16"",""y_17"",""y_18"",""y_19"",""y_20"",""y_21"",""y_22"",""y_23"",""y_24"",""y_25"",""y_26"",""y_27"",""y_28"",""y_29"",""y_30"",""y_31""],""inputs"":[""a"",""b""],""outputs"":[""y""]}",20260716,semantic_recovery_benchmark_v1
bitmanip_concat_w2,bitmanip,concat,"{a, b}","[{""name"":""a"",""role"":""data"",""width"":2},{""name"":""b"",""role"":""data"",""width"":2}]","[{""name"":""y"",""width"":4}]","{""a"":2,""b"":2}","{""y"":4}",unsigned,none,none,{},[],benchmarks/semantic_recovery/rtl/bitmanip_concat_w2.v,benchmarks/semantic_recovery/blif/source/bitmanip_concat_w2.blif,true,0,"{""expression"":""{a, b}"",""kind"":""single_rtl_expression"",""operator"":""concat""}","{""flat_inputs"":[""a_0"",""a_1"",""b_0"",""b_1""],""flat_outputs"":[""y_0"",""y_1"",""y_2"",""y_3""],""inputs"":[""a"",""b""],""outputs"":[""y""]}",20260716,semantic_recovery_benchmark_v1
bitmanip_concat_w3,bitmanip,concat,"{a, b}","[{""name"":""a"",""role"":""data"",""width"":3},{""name"":""b"",""role"":""data"",""width"":3}]","[{""name"":""y"",""width"":6}]","{""a"":3,""b"":3}","{""y"":6}",unsigned,none,none,{},[],benchmarks/semantic_recovery/rtl/bitmanip_concat_w3.v,benchmarks/semantic_recovery/blif/source/bitmanip_concat_w3.blif,true,0,"{""expression"":""{a, b}"",""kind"":""single_rtl_expression"",""operator"":""concat""}","{""flat_inputs"":[""a_0"",""a_1"",""a_2"",""b_0"",""b_1"",""b_2""],""flat_outputs"":[""y_0"",""y_1"",""y_2"",""y_3"",""y_4"",""y_5""],""inputs"":[""a"",""b""],""outputs"":[""y""]}",20260716,semantic_recovery_benchmark_v1
bitmanip_concat_w4,bitmanip,concat,"{a, b}","[{""name"":""a"",""role"":""data"",""width"":4},{""name"":""b"",""role"":""data"",""width"":4}]","[{""name"":""y"",""width"":8}]","{""a"":4,""b"":4}","{""y"":8}",unsigned,none,none,{},[],benchmarks/semantic_recovery/rtl/bitmanip_concat_w4.v,benchmarks/semantic_recovery/blif/source/bitmanip_concat_w4.blif,true,0,"{""expression"":""{a, b}"",""kind"":""single_rtl_expression"",""operator"":""concat""}","{""flat_inputs"":[""a_0"",""a_1"",""a_2"",""a_3"",""b_0"",""b_1"",""b_2"",""b_3""],""flat_outputs"":[""y_0"",""y_1"",""y_2"",""y_3"",""y_4"",""y_5"",""y_6"",""y_7""],""inputs"":[""a"",""b""],""outputs"":[""y""]}",20260716,semantic_recovery_benchmark_v1
bitmanip_concat_w6,bitmanip,concat,"{a, b}","[{""name"":""a"",""role"":""data"",""width"":6},{""name"":""b"",""role"":""data"",""width"":6}]","[{""name"":""y"",""width"":12}]","{""a"":6,""b"":6}","{""y"":12}",unsigned,none,none,{},[],benchmarks/semantic_recovery/rtl/bitmanip_concat_w6.v,,false,0,"{""expression"":""{a, b}"",""kind"":""single_rtl_expression"",""operator"":""concat""}","{""flat_inputs"":[""a_0"",""a_1"",""a_2"",""a_3"",""a_4"",""a_5"",""b_0"",""b_1"",""b_2"",""b_3"",""b_4"",""b_5""],""flat_outputs"":[""y_0"",""y_1"",""y_2"",""y_3"",""y_4"",""y_5"",""y_6"",""y_7"",""y_8"",""y_9"",""y_10"",""y_11""],""inputs"":[""a"",""b""],""outputs"":[""y""]}",20260716,semantic_recovery_benchmark_v1
bitmanip_concat_w8,bitmanip,concat,"{a, b}","[{""name"":""a"",""role"":""data"",""width"":8},{""name"":""b"",""role"":""data"",""width"":8}]","[{""name"":""y"",""width"":16}]","{""a"":8,""b"":8}","{""y"":16}",unsigned,none,none,{},[],benchmarks/semantic_recovery/rtl/bitmanip_concat_w8.v,,false,0,"{""expression"":""{a, b}"",""kind"":""single_rtl_expression"",""operator"":""concat""}","{""flat_inputs"":[""a_0"",""a_1"",""a_2"",""a_3"",""a_4"",""a_5"",""a_6"",""a_7"",""b_0"",""b_1"",""b_2"",""b_3"",""b_4"",""b_5"",""b_6"",""b_7""],""flat_outputs"":[""y_0"",""y_1"",""y_2"",""y_3"",""y_4"",""y_5"",""y_6"",""y_7"",""y_8"",""y_9"",""y_10"",""y_11"",""y_12"",""y_13"",""y_14"",""y_15""],""inputs"":[""a"",""b""],""outputs"":[""y""]}",20260716,semantic_recovery_benchmark_v1
bitmanip_mask_low_w12,bitmanip,mask_low,a & 63,"[{""name"":""a"",""role"":""data"",""width"":12}]","[{""name"":""y"",""width"":12}]","{""a"":12}","{""y"":12}",unsigned,none,none,"{""mask"":63}",[],benchmarks/semantic_recovery/rtl/bitmanip_mask_low_w12.v,,false,0,"{""expression"":""a & 63"",""kind"":""single_rtl_expression"",""operator"":""mask_low""}","{""flat_inputs"":[""a_0"",""a_1"",""a_2"",""a_3"",""a_4"",""a_5"",""a_6"",""a_7"",""a_8"",""a_9"",""a_10"",""a_11""],""flat_outputs"":[""y_0"",""y_1"",""y_2"",""y_3"",""y_4"",""y_5"",""y_6"",""y_7"",""y_8"",""y_9"",""y_10"",""y_11""],""inputs"":[""a""],""outputs"":[""y""]}",20260716,semantic_recovery_benchmark_v1
bitmanip_mask_low_w16,bitmanip,mask_low,a & 255,"[{""name"":""a"",""role"":""data"",""width"":16}]","[{""name"":""y"",""width"":16}]","{""a"":16}","{""y"":16}",unsigned,none,none,"{""mask"":255}",[],benchmarks/semantic_recovery/rtl/bitmanip_mask_low_w16.v,,false,0,"{""expression"":""a & 255"",""kind"":""single_rtl_expression"",""operator"":""mask_low""}","{""flat_inputs"":[""a_0"",""a_1"",""a_2"",""a_3"",""a_4"",""a_5"",""a_6"",""a_7"",""a_8"",""a_9"",""a_10"",""a_11"",""a_12"",""a_13"",""a_14"",""a_15""],""flat_outputs"":[""y_0"",""y_1"",""y_2"",""y_3"",""y_4"",""y_5"",""y_6"",""y_7"",""y_8"",""y_9"",""y_10"",""y_11"",""y_12"",""y_13"",""y_14"",""y_15""],""inputs"":[""a""],""outputs"":[""y""]}",20260716,semantic_recovery_benchmark_v1
bitmanip_mask_low_w2,bitmanip,mask_low,a & 1,"[{""name"":""a"",""role"":""data"",""width"":2}]","[{""name"":""y"",""width"":2}]","{""a"":2}","{""y"":2}",unsigned,none,none,"{""mask"":1}",[],benchmarks/semantic_recovery/rtl/bitmanip_mask_low_w2.v,benchmarks/semantic_recovery/blif/source/bitmanip_mask_low_w2.blif,true,0,"{""expression"":""a & 1"",""kind"":""single_rtl_expression"",""operator"":""mask_low""}","{""flat_inputs"":[""a_0"",""a_1""],""flat_outputs"":[""y_0"",""y_1""],""inputs"":[""a""],""outputs"":[""y""]}",20260716,semantic_recovery_benchmark_v1
bitmanip_mask_low_w3,bitmanip,mask_low,a & 1,"[{""name"":""a"",""role"":""data"",""width"":3}]","[{""name"":""y"",""width"":3}]","{""a"":3}","{""y"":3}",unsigned,none,none,"{""mask"":1}",[],benchmarks/semantic_recovery/rtl/bitmanip_mask_low_w3.v,benchmarks/semantic_recovery/blif/source/bitmanip_mask_low_w3.blif,true,0,"{""expression"":""a & 1"",""kind"":""single_rtl_expression"",""operator"":""mask_low""}","{""flat_inputs"":[""a_0"",""a_1"",""a_2""],""flat_outputs"":[""y_0"",""y_1"",""y_2""],""inputs"":[""a""],""outputs"":[""y""]}",20260716,semantic_recovery_benchmark_v1
bitmanip_mask_low_w4,bitmanip,mask_low,a & 3,"[{""name"":""a"",""role"":""data"",""width"":4}]","[{""name"":""y"",""width"":4}]","{""a"":4}","{""y"":4}",unsigned,none,none,"{""mask"":3}",[],benchmarks/semantic_recovery/rtl/bitmanip_mask_low_w4.v,benchmarks/semantic_recovery/blif/source/bitmanip_mask_low_w4.blif,true,0,"{""expression"":""a & 3"",""kind"":""single_rtl_expression"",""operator"":""mask_low""}","{""flat_inputs"":[""a_0"",""a_1"",""a_2"",""a_3""],""flat_outputs"":[""y_0"",""y_1"",""y_2"",""y_3""],""inputs"":[""a""],""outputs"":[""y""]}",20260716,semantic_recovery_benchmark_v1
bitmanip_mask_low_w6,bitmanip,mask_low,a & 7,"[{""name"":""a"",""role"":""data"",""width"":6}]","[{""name"":""y"",""width"":6}]","{""a"":6}","{""y"":6}",unsigned,none,none,"{""mask"":7}",[],benchmarks/semantic_recovery/rtl/bitmanip_mask_low_w6.v,benchmarks/semantic_recovery/blif/source/bitmanip_mask_low_w6.blif,true,0,"{""expression"":""a & 7"",""kind"":""single_rtl_expression"",""operator"":""mask_low""}","{""flat_inputs"":[""a_0"",""a_1"",""a_2"",""a_3"",""a_4"",""a_5""],""flat_outputs"":[""y_0"",""y_1"",""y_2"",""y_3"",""y_4"",""y_5""],""inputs"":[""a""],""outputs"":[""y""]}",20260716,semantic_recovery_benchmark_v1
bitmanip_mask_low_w8,bitmanip,mask_low,a & 15,"[{""name"":""a"",""role"":""data"",""width"":8}]","[{""name"":""y"",""width"":8}]","{""a"":8}","{""y"":8}",unsigned,none,none,"{""mask"":15}",[],benchmarks/semantic_recovery/rtl/bitmanip_mask_low_w8.v,benchmarks/semantic_recovery/blif/source/bitmanip_mask_low_w8.blif,true,0,"{""expression"":""a & 15"",""kind"":""single_rtl_expression"",""operator"":""mask_low""}","{""flat_inputs"":[""a_0"",""a_1"",""a_2"",""a_3"",""a_4"",""a_5"",""a_6"",""a_7""],""flat_outputs"":[""y_0"",""y_1"",""y_2"",""y_3"",""y_4"",""y_5"",""y_6"",""y_7""],""inputs"":[""a""],""outputs"":[""y""]}",20260716,semantic_recovery_benchmark_v1
bitmanip_rotate_left_w12,bitmanip,rotate_left,"{a[12-2:0], a[12-1]}","[{""name"":""a"",""role"":""data"",""width"":12}]","[{""name"":""y"",""width"":12}]","{""a"":12}","{""y"":12}",unsigned,none,none,{},[],benchmarks/semantic_recovery/rtl/bitmanip_rotate_left_w12.v,,false,0,"{""expression"":""{a[12-2:0], a[12-1]}"",""kind"":""single_rtl_expression"",""operator"":""rotate_left""}","{""flat_inputs"":[""a_0"",""a_1"",""a_2"",""a_3"",""a_4"",""a_5"",""a_6"",""a_7"",""a_8"",""a_9"",""a_10"",""a_11""],""flat_outputs"":[""y_0"",""y_1"",""y_2"",""y_3"",""y_4"",""y_5"",""y_6"",""y_7"",""y_8"",""y_9"",""y_10"",""y_11""],""inputs"":[""a""],""outputs"":[""y""]}",20260716,semantic_recovery_benchmark_v1
bitmanip_rotate_left_w16,bitmanip,rotate_left,"{a[16-2:0], a[16-1]}","[{""name"":""a"",""role"":""data"",""width"":16}]","[{""name"":""y"",""width"":16}]","{""a"":16}","{""y"":16}",unsigned,none,none,{},[],benchmarks/semantic_recovery/rtl/bitmanip_rotate_left_w16.v,,false,0,"{""expression"":""{a[16-2:0], a[16-1]}"",""kind"":""single_rtl_expression"",""operator"":""rotate_left""}","{""flat_inputs"":[""a_0"",""a_1"",""a_2"",""a_3"",""a_4"",""a_5"",""a_6"",""a_7"",""a_8"",""a_9"",""a_10"",""a_11"",""a_12"",""a_13"",""a_14"",""a_15""],""flat_outputs"":[""y_0"",""y_1"",""y_2"",""y_3"",""y_4"",""y_5"",""y_6"",""y_7"",""y_8"",""y_9"",""y_10"",""y_11"",""y_12"",""y_13"",""y_14"",""y_15""],""inputs"":[""a""],""outputs"":[""y""]}",20260716,semantic_recovery_benchmark_v1
bitmanip_rotate_left_w2,bitmanip,rotate_left,"{a[2-2:0], a[2-1]}","[{""name"":""a"",""role"":""data"",""width"":2}]","[{""name"":""y"",""width"":2}]","{""a"":2}","{""y"":2}",unsigned,none,none,{},[],benchmarks/semantic_recovery/rtl/bitmanip_rotate_left_w2.v,benchmarks/semantic_recovery/blif/source/bitmanip_rotate_left_w2.blif,true,0,"{""expression"":""{a[2-2:0], a[2-1]}"",""kind"":""single_rtl_expression"",""operator"":""rotate_left""}","{""flat_inputs"":[""a_0"",""a_1""],""flat_outputs"":[""y_0"",""y_1""],""inputs"":[""a""],""outputs"":[""y""]}",20260716,semantic_recovery_benchmark_v1
bitmanip_rotate_left_w3,bitmanip,rotate_left,"{a[3-2:0], a[3-1]}","[{""name"":""a"",""role"":""data"",""width"":3}]","[{""name"":""y"",""width"":3}]","{""a"":3}","{""y"":3}",unsigned,none,none,{},[],benchmarks/semantic_recovery/rtl/bitmanip_rotate_left_w3.v,benchmarks/semantic_recovery/blif/source/bitmanip_rotate_left_w3.blif,true,0,"{""expression"":""{a[3-2:0], a[3-1]}"",""kind"":""single_rtl_expression"",""operator"":""rotate_left""}","{""flat_inputs"":[""a_0"",""a_1"",""a_2""],""flat_outputs"":[""y_0"",""y_1"",""y_2""],""inputs"":[""a""],""outputs"":[""y""]}",20260716,semantic_recovery_benchmark_v1
bitmanip_rotate_left_w4,bitmanip,rotate_left,"{a[4-2:0], a[4-1]}","[{""name"":""a"",""role"":""data"",""width"":4}]","[{""name"":""y"",""width"":4}]","{""a"":4}","{""y"":4}",unsigned,none,none,{},[],benchmarks/semantic_recovery/rtl/bitmanip_rotate_left_w4.v,benchmarks/semantic_recovery/blif/source/bitmanip_rotate_left_w4.blif,true,0,"{""expression"":""{a[4-2:0], a[4-1]}"",""kind"":""single_rtl_expression"",""operator"":""rotate_left""}","{""flat_inputs"":[""a_0"",""a_1"",""a_2"",""a_3""],""flat_outputs"":[""y_0"",""y_1"",""y_2"",""y_3""],""inputs"":[""a""],""outputs"":[""y""]}",20260716,semantic_recovery_benchmark_v1
bitmanip_rotate_left_w6,bitmanip,rotate_left,"{a[6-2:0], a[6-1]}","[{""name"":""a"",""role"":""data"",""width"":6}]","[{""name"":""y"",""width"":6}]","{""a"":6}","{""y"":6}",unsigned,none,none,{},[],benchmarks/semantic_recovery/rtl/bitmanip_rotate_left_w6.v,benchmarks/semantic_recovery/blif/source/bitmanip_rotate_left_w6.blif,true,0,"{""expression"":""{a[6-2:0], a[6-1]}"",""kind"":""single_rtl_expression"",""operator"":""rotate_left""}","{""flat_inputs"":[""a_0"",""a_1"",""a_2"",""a_3"",""a_4"",""a_5""],""flat_outputs"":[""y_0"",""y_1"",""y_2"",""y_3"",""y_4"",""y_5""],""inputs"":[""a""],""outputs"":[""y""]}",20260716,semantic_recovery_benchmark_v1
bitmanip_rotate_left_w8,bitmanip,rotate_left,"{a[8-2:0], a[8-1]}","[{""name"":""a"",""role"":""data"",""width"":8}]","[{""name"":""y"",""width"":8}]","{""a"":8}","{""y"":8}",unsigned,none,none,{},[],benchmarks/semantic_recovery/rtl/bitmanip_rotate_left_w8.v,benchmarks/semantic_recovery/blif/source/bitmanip_rotate_left_w8.blif,true,0,"{""expression"":""{a[8-2:0], a[8-1]}"",""kind"":""single_rtl_expression"",""operator"":""rotate_left""}","{""flat_inputs"":[""a_0"",""a_1"",""a_2"",""a_3"",""a_4"",""a_5"",""a_6"",""a_7""],""flat_outputs"":[""y_0"",""y_1"",""y_2"",""y_3"",""y_4"",""y_5"",""y_6"",""y_7""],""inputs"":[""a""],""outputs"":[""y""]}",20260716,semantic_recovery_benchmark_v1
bitmanip_shift_left_w12,bitmanip,shift_left,a << 1,"[{""name"":""a"",""role"":""data"",""width"":12}]","[{""name"":""y"",""width"":12}]","{""a"":12}","{""y"":12}",unsigned,none,none,"{""shift"":1}",[],benchmarks/semantic_recovery/rtl/bitmanip_shift_left_w12.v,,false,0,"{""expression"":""a << 1"",""kind"":""single_rtl_expression"",""operator"":""shift_left""}","{""flat_inputs"":[""a_0"",""a_1"",""a_2"",""a_3"",""a_4"",""a_5"",""a_6"",""a_7"",""a_8"",""a_9"",""a_10"",""a_11""],""flat_outputs"":[""y_0"",""y_1"",""y_2"",""y_3"",""y_4"",""y_5"",""y_6"",""y_7"",""y_8"",""y_9"",""y_10"",""y_11""],""inputs"":[""a""],""outputs"":[""y""]}",20260716,semantic_recovery_benchmark_v1
bitmanip_shift_left_w16,bitmanip,shift_left,a << 1,"[{""name"":""a"",""role"":""data"",""width"":16}]","[{""name"":""y"",""width"":16}]","{""a"":16}","{""y"":16}",unsigned,none,none,"{""shift"":1}",[],benchmarks/semantic_recovery/rtl/bitmanip_shift_left_w16.v,,false,0,"{""expression"":""a << 1"",""kind"":""single_rtl_expression"",""operator"":""shift_left""}","{""flat_inputs"":[""a_0"",""a_1"",""a_2"",""a_3"",""a_4"",""a_5"",""a_6"",""a_7"",""a_8"",""a_9"",""a_10"",""a_11"",""a_12"",""a_13"",""a_14"",""a_15""],""flat_outputs"":[""y_0"",""y_1"",""y_2"",""y_3"",""y_4"",""y_5"",""y_6"",""y_7"",""y_8"",""y_9"",""y_10"",""y_11"",""y_12"",""y_13"",""y_14"",""y_15""],""inputs"":[""a""],""outputs"":[""y""]}",20260716,semantic_recovery_benchmark_v1
bitmanip_shift_left_w2,bitmanip,shift_left,a << 1,"[{""name"":""a"",""role"":""data"",""width"":2}]","[{""name"":""y"",""width"":2}]","{""a"":2}","{""y"":2}",unsigned,none,none,"{""shift"":1}",[],benchmarks/semantic_recovery/rtl/bitmanip_shift_left_w2.v,benchmarks/semantic_recovery/blif/source/bitmanip_shift_left_w2.blif,true,0,"{""expression"":""a << 1"",""kind"":""single_rtl_expression"",""operator"":""shift_left""}","{""flat_inputs"":[""a_0"",""a_1""],""flat_outputs"":[""y_0"",""y_1""],""inputs"":[""a""],""outputs"":[""y""]}",20260716,semantic_recovery_benchmark_v1
bitmanip_shift_left_w3,bitmanip,shift_left,a << 1,"[{""name"":""a"",""role"":""data"",""width"":3}]","[{""name"":""y"",""width"":3}]","{""a"":3}","{""y"":3}",unsigned,none,none,"{""shift"":1}",[],benchmarks/semantic_recovery/rtl/bitmanip_shift_left_w3.v,benchmarks/semantic_recovery/blif/source/bitmanip_shift_left_w3.blif,true,0,"{""expression"":""a << 1"",""kind"":""single_rtl_expression"",""operator"":""shift_left""}","{""flat_inputs"":[""a_0"",""a_1"",""a_2""],""flat_outputs"":[""y_0"",""y_1"",""y_2""],""inputs"":[""a""],""outputs"":[""y""]}",20260716,semantic_recovery_benchmark_v1
bitmanip_shift_left_w4,bitmanip,shift_left,a << 1,"[{""name"":""a"",""role"":""data"",""width"":4}]","[{""name"":""y"",""width"":4}]","{""a"":4}","{""y"":4}",unsigned,none,none,"{""shift"":1}",[],benchmarks/semantic_recovery/rtl/bitmanip_shift_left_w4.v,benchmarks/semantic_recovery/blif/source/bitmanip_shift_left_w4.blif,true,0,"{""expression"":""a << 1"",""kind"":""single_rtl_expression"",""operator"":""shift_left""}","{""flat_inputs"":[""a_0"",""a_1"",""a_2"",""a_3""],""flat_outputs"":[""y_0"",""y_1"",""y_2"",""y_3""],""inputs"":[""a""],""outputs"":[""y""]}",20260716,semantic_recovery_benchmark_v1
bitmanip_shift_left_w6,bitmanip,shift_left,a << 1,"[{""name"":""a"",""role"":""data"",""width"":6}]","[{""name"":""y"",""width"":6}]","{""a"":6}","{""y"":6}",unsigned,none,none,"{""shift"":1}",[],benchmarks/semantic_recovery/rtl/bitmanip_shift_left_w6.v,benchmarks/semantic_recovery/blif/source/bitmanip_shift_left_w6.blif,true,0,"{""expression"":""a << 1"",""kind"":""single_rtl_expression"",""operator"":""shift_left""}","{""flat_inputs"":[""a_0"",""a_1"",""a_2"",""a_3"",""a_4"",""a_5""],""flat_outputs"":[""y_0"",""y_1"",""y_2"",""y_3"",""y_4"",""y_5""],""inputs"":[""a""],""outputs"":[""y""]}",20260716,semantic_recovery_benchmark_v1
bitmanip_shift_left_w8,bitmanip,shift_left,a << 1,"[{""name"":""a"",""role"":""data"",""width"":8}]","[{""name"":""y"",""width"":8}]","{""a"":8}","{""y"":8}",unsigned,none,none,"{""shift"":1}",[],benchmarks/semantic_recovery/rtl/bitmanip_shift_left_w8.v,benchmarks/semantic_recovery/blif/source/bitmanip_shift_left_w8.blif,true,0,"{""expression"":""a << 1"",""kind"":""single_rtl_expression"",""operator"":""shift_left""}","{""flat_inputs"":[""a_0"",""a_1"",""a_2"",""a_3"",""a_4"",""a_5"",""a_6"",""a_7""],""flat_outputs"":[""y_0"",""y_1"",""y_2"",""y_3"",""y_4"",""y_5"",""y_6"",""y_7""],""inputs"":[""a""],""outputs"":[""y""]}",20260716,semantic_recovery_benchmark_v1
bitmanip_shift_right_w12,bitmanip,shift_right,a >> 1,"[{""name"":""a"",""role"":""data"",""width"":12}]","[{""name"":""y"",""width"":12}]","{""a"":12}","{""y"":12}",unsigned,none,none,"{""shift"":1}",[],benchmarks/semantic_recovery/rtl/bitmanip_shift_right_w12.v,,false,0,"{""expression"":""a >> 1"",""kind"":""single_rtl_expression"",""operator"":""shift_right""}","{""flat_inputs"":[""a_0"",""a_1"",""a_2"",""a_3"",""a_4"",""a_5"",""a_6"",""a_7"",""a_8"",""a_9"",""a_10"",""a_11""],""flat_outputs"":[""y_0"",""y_1"",""y_2"",""y_3"",""y_4"",""y_5"",""y_6"",""y_7"",""y_8"",""y_9"",""y_10"",""y_11""],""inputs"":[""a""],""outputs"":[""y""]}",20260716,semantic_recovery_benchmark_v1
bitmanip_shift_right_w16,bitmanip,shift_right,a >> 1,"[{""name"":""a"",""role"":""data"",""width"":16}]","[{""name"":""y"",""width"":16}]","{""a"":16}","{""y"":16}",unsigned,none,none,"{""shift"":1}",[],benchmarks/semantic_recovery/rtl/bitmanip_shift_right_w16.v,,false,0,"{""expression"":""a >> 1"",""kind"":""single_rtl_expression"",""operator"":""shift_right""}","{""flat_inputs"":[""a_0"",""a_1"",""a_2"",""a_3"",""a_4"",""a_5"",""a_6"",""a_7"",""a_8"",""a_9"",""a_10"",""a_11"",""a_12"",""a_13"",""a_14"",""a_15""],""flat_outputs"":[""y_0"",""y_1"",""y_2"",""y_3"",""y_4"",""y_5"",""y_6"",""y_7"",""y_8"",""y_9"",""y_10"",""y_11"",""y_12"",""y_13"",""y_14"",""y_15""],""inputs"":[""a""],""outputs"":[""y""]}",20260716,semantic_recovery_benchmark_v1
bitmanip_shift_right_w2,bitmanip,shift_right,a >> 1,"[{""name"":""a"",""role"":""data"",""width"":2}]","[{""name"":""y"",""width"":2}]","{""a"":2}","{""y"":2}",unsigned,none,none,"{""shift"":1}",[],benchmarks/semantic_recovery/rtl/bitmanip_shift_right_w2.v,benchmarks/semantic_recovery/blif/source/bitmanip_shift_right_w2.blif,true,0,"{""expression"":""a >> 1"",""kind"":""single_rtl_expression"",""operator"":""shift_right""}","{""flat_inputs"":[""a_0"",""a_1""],""flat_outputs"":[""y_0"",""y_1""],""inputs"":[""a""],""outputs"":[""y""]}",20260716,semantic_recovery_benchmark_v1
bitmanip_shift_right_w3,bitmanip,shift_right,a >> 1,"[{""name"":""a"",""role"":""data"",""width"":3}]","[{""name"":""y"",""width"":3}]","{""a"":3}","{""y"":3}",unsigned,none,none,"{""shift"":1}",[],benchmarks/semantic_recovery/rtl/bitmanip_shift_right_w3.v,benchmarks/semantic_recovery/blif/source/bitmanip_shift_right_w3.blif,true,0,"{""expression"":""a >> 1"",""kind"":""single_rtl_expression"",""operator"":""shift_right""}","{""flat_inputs"":[""a_0"",""a_1"",""a_2""],""flat_outputs"":[""y_0"",""y_1"",""y_2""],""inputs"":[""a""],""outputs"":[""y""]}",20260716,semantic_recovery_benchmark_v1
bitmanip_shift_right_w4,bitmanip,shift_right,a >> 1,"[{""name"":""a"",""role"":""data"",""width"":4}]","[{""name"":""y"",""width"":4}]","{""a"":4}","{""y"":4}",unsigned,none,none,"{""shift"":1}",[],benchmarks/semantic_recovery/rtl/bitmanip_shift_right_w4.v,benchmarks/semantic_recovery/blif/source/bitmanip_shift_right_w4.blif,true,0,"{""expression"":""a >> 1"",""kind"":""single_rtl_expression"",""operator"":""shift_right""}","{""flat_inputs"":[""a_0"",""a_1"",""a_2"",""a_3""],""flat_outputs"":[""y_0"",""y_1"",""y_2"",""y_3""],""inputs"":[""a""],""outputs"":[""y""]}",20260716,semantic_recovery_benchmark_v1
bitmanip_shift_right_w6,bitmanip,shift_right,a >> 1,"[{""name"":""a"",""role"":""data"",""width"":6}]","[{""name"":""y"",""width"":6}]","{""a"":6}","{""y"":6}",unsigned,none,none,"{""shift"":1}",[],benchmarks/semantic_recovery/rtl/bitmanip_shift_right_w6.v,benchmarks/semantic_recovery/blif/source/bitmanip_shift_right_w6.blif,true,0,"{""expression"":""a >> 1"",""kind"":""single_rtl_expression"",""operator"":""shift_right""}","{""flat_inputs"":[""a_0"",""a_1"",""a_2"",""a_3"",""a_4"",""a_5""],""flat_outputs"":[""y_0"",""y_1"",""y_2"",""y_3"",""y_4"",""y_5""],""inputs"":[""a""],""outputs"":[""y""]}",20260716,semantic_recovery_benchmark_v1
bitmanip_shift_right_w8,bitmanip,shift_right,a >> 1,"[{""name"":""a"",""role"":""data"",""width"":8}]","[{""name"":""y"",""width"":8}]","{""a"":8}","{""y"":8}",unsigned,none,none,"{""shift"":1}",[],benchmarks/semantic_recovery/rtl/bitmanip_shift_right_w8.v,benchmarks/semantic_recovery/blif/source/bitmanip_shift_right_w8.blif,true,0,"{""expression"":""a >> 1"",""kind"":""single_rtl_expression"",""operator"":""shift_right""}","{""flat_inputs"":[""a_0"",""a_1"",""a_2"",""a_3"",""a_4"",""a_5"",""a_6"",""a_7""],""flat_outputs"":[""y_0"",""y_1"",""y_2"",""y_3"",""y_4"",""y_5"",""y_6"",""y_7""],""inputs"":[""a""],""outputs"":[""y""]}",20260716,semantic_recovery_benchmark_v1
bitmanip_sign_extend_w12,bitmanip,sign_extend,"{{12{a[11]}}, a}","[{""name"":""a"",""role"":""data"",""width"":12}]","[{""name"":""y"",""width"":24}]","{""a"":12}","{""y"":24}",signed,none,sign_extend,{},[],benchmarks/semantic_recovery/rtl/bitmanip_sign_extend_w12.v,,false,0,"{""expression"":""{{12{a[11]}}, a}"",""kind"":""single_rtl_expression"",""operator"":""sign_extend""}","{""flat_inputs"":[""a_0"",""a_1"",""a_2"",""a_3"",""a_4"",""a_5"",""a_6"",""a_7"",""a_8"",""a_9"",""a_10"",""a_11""],""flat_outputs"":[""y_0"",""y_1"",""y_2"",""y_3"",""y_4"",""y_5"",""y_6"",""y_7"",""y_8"",""y_9"",""y_10"",""y_11"",""y_12"",""y_13"",""y_14"",""y_15"",""y_16"",""y_17"",""y_18"",""y_19"",""y_20"",""y_21"",""y_22"",""y_23""],""inputs"":[""a""],""outputs"":[""y""]}",20260716,semantic_recovery_benchmark_v1
bitmanip_sign_extend_w16,bitmanip,sign_extend,"{{16{a[15]}}, a}","[{""name"":""a"",""role"":""data"",""width"":16}]","[{""name"":""y"",""width"":32}]","{""a"":16}","{""y"":32}",signed,none,sign_extend,{},[],benchmarks/semantic_recovery/rtl/bitmanip_sign_extend_w16.v,,false,0,"{""expression"":""{{16{a[15]}}, a}"",""kind"":""single_rtl_expression"",""operator"":""sign_extend""}","{""flat_inputs"":[""a_0"",""a_1"",""a_2"",""a_3"",""a_4"",""a_5"",""a_6"",""a_7"",""a_8"",""a_9"",""a_10"",""a_11"",""a_12"",""a_13"",""a_14"",""a_15""],""flat_outputs"":[""y_0"",""y_1"",""y_2"",""y_3"",""y_4"",""y_5"",""y_6"",""y_7"",""y_8"",""y_9"",""y_10"",""y_11"",""y_12"",""y_13"",""y_14"",""y_15"",""y_16"",""y_17"",""y_18"",""y_19"",""y_20"",""y_21"",""y_22"",""y_23"",""y_24"",""y_25"",""y_26"",""y_27"",""y_28"",""y_29"",""y_30"",""y_31""],""inputs"":[""a""],""outputs"":[""y""]}",20260716,semantic_recovery_benchmark_v1
bitmanip_sign_extend_w2,bitmanip,sign_extend,"{{2{a[1]}}, a}","[{""name"":""a"",""role"":""data"",""width"":2}]","[{""name"":""y"",""width"":4}]","{""a"":2}","{""y"":4}",signed,none,sign_extend,{},[],benchmarks/semantic_recovery/rtl/bitmanip_sign_extend_w2.v,benchmarks/semantic_recovery/blif/source/bitmanip_sign_extend_w2.blif,true,0,"{""expression"":""{{2{a[1]}}, a}"",""kind"":""single_rtl_expression"",""operator"":""sign_extend""}","{""flat_inputs"":[""a_0"",""a_1""],""flat_outputs"":[""y_0"",""y_1"",""y_2"",""y_3""],""inputs"":[""a""],""outputs"":[""y""]}",20260716,semantic_recovery_benchmark_v1
bitmanip_sign_extend_w3,bitmanip,sign_extend,"{{3{a[2]}}, a}","[{""name"":""a"",""role"":""data"",""width"":3}]","[{""name"":""y"",""width"":6}]","{""a"":3}","{""y"":6}",signed,none,sign_extend,{},[],benchmarks/semantic_recovery/rtl/bitmanip_sign_extend_w3.v,benchmarks/semantic_recovery/blif/source/bitmanip_sign_extend_w3.blif,true,0,"{""expression"":""{{3{a[2]}}, a}"",""kind"":""single_rtl_expression"",""operator"":""sign_extend""}","{""flat_inputs"":[""a_0"",""a_1"",""a_2""],""flat_outputs"":[""y_0"",""y_1"",""y_2"",""y_3"",""y_4"",""y_5""],""inputs"":[""a""],""outputs"":[""y""]}",20260716,semantic_recovery_benchmark_v1
bitmanip_sign_extend_w4,bitmanip,sign_extend,"{{4{a[3]}}, a}","[{""name"":""a"",""role"":""data"",""width"":4}]","[{""name"":""y"",""width"":8}]","{""a"":4}","{""y"":8}",signed,none,sign_extend,{},[],benchmarks/semantic_recovery/rtl/bitmanip_sign_extend_w4.v,benchmarks/semantic_recovery/blif/source/bitmanip_sign_extend_w4.blif,true,0,"{""expression"":""{{4{a[3]}}, a}"",""kind"":""single_rtl_expression"",""operator"":""sign_extend""}","{""flat_inputs"":[""a_0"",""a_1"",""a_2"",""a_3""],""flat_outputs"":[""y_0"",""y_1"",""y_2"",""y_3"",""y_4"",""y_5"",""y_6"",""y_7""],""inputs"":[""a""],""outputs"":[""y""]}",20260716,semantic_recovery_benchmark_v1
bitmanip_sign_extend_w6,bitmanip,sign_extend,"{{6{a[5]}}, a}","[{""name"":""a"",""role"":""data"",""width"":6}]","[{""name"":""y"",""width"":12}]","{""a"":6}","{""y"":12}",signed,none,sign_extend,{},[],benchmarks/semantic_recovery/rtl/bitmanip_sign_extend_w6.v,benchmarks/semantic_recovery/blif/source/bitmanip_sign_extend_w6.blif,true,0,"{""expression"":""{{6{a[5]}}, a}"",""kind"":""single_rtl_expression"",""operator"":""sign_extend""}","{""flat_inputs"":[""a_0"",""a_1"",""a_2"",""a_3"",""a_4"",""a_5""],""flat_outputs"":[""y_0"",""y_1"",""y_2"",""y_3"",""y_4"",""y_5"",""y_6"",""y_7"",""y_8"",""y_9"",""y_10"",""y_11""],""inputs"":[""a""],""outputs"":[""y""]}",20260716,semantic_recovery_benchmark_v1
bitmanip_sign_extend_w8,bitmanip,sign_extend,"{{8{a[7]}}, a}","[{""name"":""a"",""role"":""data"",""width"":8}]","[{""name"":""y"",""width"":16}]","{""a"":8}","{""y"":16}",signed,none,sign_extend,{},[],benchmarks/semantic_recovery/rtl/bitmanip_sign_extend_w8.v,benchmarks/semantic_recovery/blif/source/bitmanip_sign_extend_w8.blif,true,0,"{""expression"":""{{8{a[7]}}, a}"",""kind"":""single_rtl_expression"",""operator"":""sign_extend""}","{""flat_inputs"":[""a_0"",""a_1"",""a_2"",""a_3"",""a_4"",""a_5"",""a_6"",""a_7""],""flat_outputs"":[""y_0"",""y_1"",""y_2"",""y_3"",""y_4"",""y_5"",""y_6"",""y_7"",""y_8"",""y_9"",""y_10"",""y_11"",""y_12"",""y_13"",""y_14"",""y_15""],""inputs"":[""a""],""outputs"":[""y""]}",20260716,semantic_recovery_benchmark_v1
bitmanip_slice_low_w12,bitmanip,slice_low,a[5:0],"[{""name"":""a"",""role"":""data"",""width"":12}]","[{""name"":""y"",""width"":6}]","{""a"":12}","{""y"":6}",unsigned,none,none,{},[],benchmarks/semantic_recovery/rtl/bitmanip_slice_low_w12.v,,false,0,"{""expression"":""a[5:0]"",""kind"":""single_rtl_expression"",""operator"":""slice_low""}","{""flat_inputs"":[""a_0"",""a_1"",""a_2"",""a_3"",""a_4"",""a_5"",""a_6"",""a_7"",""a_8"",""a_9"",""a_10"",""a_11""],""flat_outputs"":[""y_0"",""y_1"",""y_2"",""y_3"",""y_4"",""y_5""],""inputs"":[""a""],""outputs"":[""y""]}",20260716,semantic_recovery_benchmark_v1
bitmanip_slice_low_w16,bitmanip,slice_low,a[7:0],"[{""name"":""a"",""role"":""data"",""width"":16}]","[{""name"":""y"",""width"":8}]","{""a"":16}","{""y"":8}",unsigned,none,none,{},[],benchmarks/semantic_recovery/rtl/bitmanip_slice_low_w16.v,,false,0,"{""expression"":""a[7:0]"",""kind"":""single_rtl_expression"",""operator"":""slice_low""}","{""flat_inputs"":[""a_0"",""a_1"",""a_2"",""a_3"",""a_4"",""a_5"",""a_6"",""a_7"",""a_8"",""a_9"",""a_10"",""a_11"",""a_12"",""a_13"",""a_14"",""a_15""],""flat_outputs"":[""y_0"",""y_1"",""y_2"",""y_3"",""y_4"",""y_5"",""y_6"",""y_7""],""inputs"":[""a""],""outputs"":[""y""]}",20260716,semantic_recovery_benchmark_v1
bitmanip_slice_low_w2,bitmanip,slice_low,a[0:0],"[{""name"":""a"",""role"":""data"",""width"":2}]","[{""name"":""y"",""width"":1}]","{""a"":2}","{""y"":1}",unsigned,none,none,{},[],benchmarks/semantic_recovery/rtl/bitmanip_slice_low_w2.v,benchmarks/semantic_recovery/blif/source/bitmanip_slice_low_w2.blif,true,0,"{""expression"":""a[0:0]"",""kind"":""single_rtl_expression"",""operator"":""slice_low""}","{""flat_inputs"":[""a_0"",""a_1""],""flat_outputs"":[""y""],""inputs"":[""a""],""outputs"":[""y""]}",20260716,semantic_recovery_benchmark_v1
bitmanip_slice_low_w3,bitmanip,slice_low,a[0:0],"[{""name"":""a"",""role"":""data"",""width"":3}]","[{""name"":""y"",""width"":1}]","{""a"":3}","{""y"":1}",unsigned,none,none,{},[],benchmarks/semantic_recovery/rtl/bitmanip_slice_low_w3.v,benchmarks/semantic_recovery/blif/source/bitmanip_slice_low_w3.blif,true,0,"{""expression"":""a[0:0]"",""kind"":""single_rtl_expression"",""operator"":""slice_low""}","{""flat_inputs"":[""a_0"",""a_1"",""a_2""],""flat_outputs"":[""y""],""inputs"":[""a""],""outputs"":[""y""]}",20260716,semantic_recovery_benchmark_v1
bitmanip_slice_low_w4,bitmanip,slice_low,a[1:0],"[{""name"":""a"",""role"":""data"",""width"":4}]","[{""name"":""y"",""width"":2}]","{""a"":4}","{""y"":2}",unsigned,none,none,{},[],benchmarks/semantic_recovery/rtl/bitmanip_slice_low_w4.v,benchmarks/semantic_recovery/blif/source/bitmanip_slice_low_w4.blif,true,0,"{""expression"":""a[1:0]"",""kind"":""single_rtl_expression"",""operator"":""slice_low""}","{""flat_inputs"":[""a_0"",""a_1"",""a_2"",""a_3""],""flat_outputs"":[""y_0"",""y_1""],""inputs"":[""a""],""outputs"":[""y""]}",20260716,semantic_recovery_benchmark_v1
bitmanip_slice_low_w6,bitmanip,slice_low,a[2:0],"[{""name"":""a"",""role"":""data"",""width"":6}]","[{""name"":""y"",""width"":3}]","{""a"":6}","{""y"":3}",unsigned,none,none,{},[],benchmarks/semantic_recovery/rtl/bitmanip_slice_low_w6.v,benchmarks/semantic_recovery/blif/source/bitmanip_slice_low_w6.blif,true,0,"{""expression"":""a[2:0]"",""kind"":""single_rtl_expression"",""operator"":""slice_low""}","{""flat_inputs"":[""a_0"",""a_1"",""a_2"",""a_3"",""a_4"",""a_5""],""flat_outputs"":[""y_0"",""y_1"",""y_2""],""inputs"":[""a""],""outputs"":[""y""]}",20260716,semantic_recovery_benchmark_v1
bitmanip_slice_low_w8,bitmanip,slice_low,a[3:0],"[{""name"":""a"",""role"":""data"",""width"":8}]","[{""name"":""y"",""width"":4}]","{""a"":8}","{""y"":4}",unsigned,none,none,{},[],benchmarks/semantic_recovery/rtl/bitmanip_slice_low_w8.v,benchmarks/semantic_recovery/blif/source/bitmanip_slice_low_w8.blif,true,0,"{""expression"":""a[3:0]"",""kind"":""single_rtl_expression"",""operator"":""slice_low""}","{""flat_inputs"":[""a_0"",""a_1"",""a_2"",""a_3"",""a_4"",""a_5"",""a_6"",""a_7""],""flat_outputs"":[""y_0"",""y_1"",""y_2"",""y_3""],""inputs"":[""a""],""outputs"":[""y""]}",20260716,semantic_recovery_benchmark_v1
bitmanip_zero_extend_w12,bitmanip,zero_extend,"{{12{1'b0}}, a}","[{""name"":""a"",""role"":""data"",""width"":12}]","[{""name"":""y"",""width"":24}]","{""a"":12}","{""y"":24}",unsigned,none,zero_extend,{},[],benchmarks/semantic_recovery/rtl/bitmanip_zero_extend_w12.v,,false,0,"{""expression"":""{{12{1'b0}}, a}"",""kind"":""single_rtl_expression"",""operator"":""zero_extend""}","{""flat_inputs"":[""a_0"",""a_1"",""a_2"",""a_3"",""a_4"",""a_5"",""a_6"",""a_7"",""a_8"",""a_9"",""a_10"",""a_11""],""flat_outputs"":[""y_0"",""y_1"",""y_2"",""y_3"",""y_4"",""y_5"",""y_6"",""y_7"",""y_8"",""y_9"",""y_10"",""y_11"",""y_12"",""y_13"",""y_14"",""y_15"",""y_16"",""y_17"",""y_18"",""y_19"",""y_20"",""y_21"",""y_22"",""y_23""],""inputs"":[""a""],""outputs"":[""y""]}",20260716,semantic_recovery_benchmark_v1
bitmanip_zero_extend_w16,bitmanip,zero_extend,"{{16{1'b0}}, a}","[{""name"":""a"",""role"":""data"",""width"":16}]","[{""name"":""y"",""width"":32}]","{""a"":16}","{""y"":32}",unsigned,none,zero_extend,{},[],benchmarks/semantic_recovery/rtl/bitmanip_zero_extend_w16.v,,false,0,"{""expression"":""{{16{1'b0}}, a}"",""kind"":""single_rtl_expression"",""operator"":""zero_extend""}","{""flat_inputs"":[""a_0"",""a_1"",""a_2"",""a_3"",""a_4"",""a_5"",""a_6"",""a_7"",""a_8"",""a_9"",""a_10"",""a_11"",""a_12"",""a_13"",""a_14"",""a_15""],""flat_outputs"":[""y_0"",""y_1"",""y_2"",""y_3"",""y_4"",""y_5"",""y_6"",""y_7"",""y_8"",""y_9"",""y_10"",""y_11"",""y_12"",""y_13"",""y_14"",""y_15"",""y_16"",""y_17"",""y_18"",""y_19"",""y_20"",""y_21"",""y_22"",""y_23"",""y_24"",""y_25"",""y_26"",""y_27"",""y_28"",""y_29"",""y_30"",""y_31""],""inputs"":[""a""],""outputs"":[""y""]}",20260716,semantic_recovery_benchmark_v1
bitmanip_zero_extend_w2,bitmanip,zero_extend,"{{2{1'b0}}, a}","[{""name"":""a"",""role"":""data"",""width"":2}]","[{""name"":""y"",""width"":4}]","{""a"":2}","{""y"":4}",unsigned,none,zero_extend,{},[],benchmarks/semantic_recovery/rtl/bitmanip_zero_extend_w2.v,benchmarks/semantic_recovery/blif/source/bitmanip_zero_extend_w2.blif,true,0,"{""expression"":""{{2{1'b0}}, a}"",""kind"":""single_rtl_expression"",""operator"":""zero_extend""}","{""flat_inputs"":[""a_0"",""a_1""],""flat_outputs"":[""y_0"",""y_1"",""y_2"",""y_3""],""inputs"":[""a""],""outputs"":[""y""]}",20260716,semantic_recovery_benchmark_v1
bitmanip_zero_extend_w3,bitmanip,zero_extend,"{{3{1'b0}}, a}","[{""name"":""a"",""role"":""data"",""width"":3}]","[{""name"":""y"",""width"":6}]","{""a"":3}","{""y"":6}",unsigned,none,zero_extend,{},[],benchmarks/semantic_recovery/rtl/bitmanip_zero_extend_w3.v,benchmarks/semantic_recovery/blif/source/bitmanip_zero_extend_w3.blif,true,0,"{""expression"":""{{3{1'b0}}, a}"",""kind"":""single_rtl_expression"",""operator"":""zero_extend""}","{""flat_inputs"":[""a_0"",""a_1"",""a_2""],""flat_outputs"":[""y_0"",""y_1"",""y_2"",""y_3"",""y_4"",""y_5""],""inputs"":[""a""],""outputs"":[""y""]}",20260716,semantic_recovery_benchmark_v1
bitmanip_zero_extend_w4,bitmanip,zero_extend,"{{4{1'b0}}, a}","[{""name"":""a"",""role"":""data"",""width"":4}]","[{""name"":""y"",""width"":8}]","{""a"":4}","{""y"":8}",unsigned,none,zero_extend,{},[],benchmarks/semantic_recovery/rtl/bitmanip_zero_extend_w4.v,benchmarks/semantic_recovery/blif/source/bitmanip_zero_extend_w4.blif,true,0,"{""expression"":""{{4{1'b0}}, a}"",""kind"":""single_rtl_expression"",""operator"":""zero_extend""}","{""flat_inputs"":[""a_0"",""a_1"",""a_2"",""a_3""],""flat_outputs"":[""y_0"",""y_1"",""y_2"",""y_3"",""y_4"",""y_5"",""y_6"",""y_7""],""inputs"":[""a""],""outputs"":[""y""]}",20260716,semantic_recovery_benchmark_v1
bitmanip_zero_extend_w6,bitmanip,zero_extend,"{{6{1'b0}}, a}","[{""name"":""a"",""role"":""data"",""width"":6}]","[{""name"":""y"",""width"":12}]","{""a"":6}","{""y"":12}",unsigned,none,zero_extend,{},[],benchmarks/semantic_recovery/rtl/bitmanip_zero_extend_w6.v,benchmarks/semantic_recovery/blif/source/bitmanip_zero_extend_w6.blif,true,0,"{""expression"":""{{6{1'b0}}, a}"",""kind"":""single_rtl_expression"",""operator"":""zero_extend""}","{""flat_inputs"":[""a_0"",""a_1"",""a_2"",""a_3"",""a_4"",""a_5""],""flat_outputs"":[""y_0"",""y_1"",""y_2"",""y_3"",""y_4"",""y_5"",""y_6"",""y_7"",""y_8"",""y_9"",""y_10"",""y_11""],""inputs"":[""a""],""outputs"":[""y""]}",20260716,semantic_recovery_benchmark_v1
bitmanip_zero_extend_w8,bitmanip,zero_extend,"{{8{1'b0}}, a}","[{""name"":""a"",""role"":""data"",""width"":8}]","[{""name"":""y"",""width"":16}]","{""a"":8}","{""y"":16}",unsigned,none,zero_extend,{},[],benchmarks/semantic_recovery/rtl/bitmanip_zero_extend_w8.v,benchmarks/semantic_recovery/blif/source/bitmanip_zero_extend_w8.blif,true,0,"{""expression"":""{{8{1'b0}}, a}"",""kind"":""single_rtl_expression"",""operator"":""zero_extend""}","{""flat_inputs"":[""a_0"",""a_1"",""a_2"",""a_3"",""a_4"",""a_5"",""a_6"",""a_7""],""flat_outputs"":[""y_0"",""y_1"",""y_2"",""y_3"",""y_4"",""y_5"",""y_6"",""y_7"",""y_8"",""y_9"",""y_10"",""y_11"",""y_12"",""y_13"",""y_14"",""y_15""],""inputs"":[""a""],""outputs"":[""y""]}",20260716,semantic_recovery_benchmark_v1
boolean_bitwise_and_w12,boolean,bitwise_and,a & b,"[{""name"":""a"",""role"":""data"",""width"":12},{""name"":""b"",""role"":""data"",""width"":12}]","[{""name"":""y"",""width"":12}]","{""a"":12,""b"":12}","{""y"":12}",unsigned,none,none,{},[],benchmarks/semantic_recovery/rtl/boolean_bitwise_and_w12.v,,false,12,"{""expression"":""a & b"",""kind"":""single_rtl_expression"",""operator"":""bitwise_and""}","{""flat_inputs"":[""a_0"",""a_1"",""a_2"",""a_3"",""a_4"",""a_5"",""a_6"",""a_7"",""a_8"",""a_9"",""a_10"",""a_11"",""b_0"",""b_1"",""b_2"",""b_3"",""b_4"",""b_5"",""b_6"",""b_7"",""b_8"",""b_9"",""b_10"",""b_11""],""flat_outputs"":[""y_0"",""y_1"",""y_2"",""y_3"",""y_4"",""y_5"",""y_6"",""y_7"",""y_8"",""y_9"",""y_10"",""y_11""],""inputs"":[""a"",""b""],""outputs"":[""y""]}",20260716,semantic_recovery_benchmark_v1
boolean_bitwise_and_w16,boolean,bitwise_and,a & b,"[{""name"":""a"",""role"":""data"",""width"":16},{""name"":""b"",""role"":""data"",""width"":16}]","[{""name"":""y"",""width"":16}]","{""a"":16,""b"":16}","{""y"":16}",unsigned,none,none,{},[],benchmarks/semantic_recovery/rtl/boolean_bitwise_and_w16.v,,false,16,"{""expression"":""a & b"",""kind"":""single_rtl_expression"",""operator"":""bitwise_and""}","{""flat_inputs"":[""a_0"",""a_1"",""a_2"",""a_3"",""a_4"",""a_5"",""a_6"",""a_7"",""a_8"",""a_9"",""a_10"",""a_11"",""a_12"",""a_13"",""a_14"",""a_15"",""b_0"",""b_1"",""b_2"",""b_3"",""b_4"",""b_5"",""b_6"",""b_7"",""b_8"",""b_9"",""b_10"",""b_11"",""b_12"",""b_13"",""b_14"",""b_15""],""flat_outputs"":[""y_0"",""y_1"",""y_2"",""y_3"",""y_4"",""y_5"",""y_6"",""y_7"",""y_8"",""y_9"",""y_10"",""y_11"",""y_12"",""y_13"",""y_14"",""y_15""],""inputs"":[""a"",""b""],""outputs"":[""y""]}",20260716,semantic_recovery_benchmark_v1
boolean_bitwise_and_w2,boolean,bitwise_and,a & b,"[{""name"":""a"",""role"":""data"",""width"":2},{""name"":""b"",""role"":""data"",""width"":2}]","[{""name"":""y"",""width"":2}]","{""a"":2,""b"":2}","{""y"":2}",unsigned,none,none,{},[],benchmarks/semantic_recovery/rtl/boolean_bitwise_and_w2.v,benchmarks/semantic_recovery/blif/source/boolean_bitwise_and_w2.blif,true,2,"{""expression"":""a & b"",""kind"":""single_rtl_expression"",""operator"":""bitwise_and""}","{""flat_inputs"":[""a_0"",""a_1"",""b_0"",""b_1""],""flat_outputs"":[""y_0"",""y_1""],""inputs"":[""a"",""b""],""outputs"":[""y""]}",20260716,semantic_recovery_benchmark_v1
boolean_bitwise_and_w3,boolean,bitwise_and,a & b,"[{""name"":""a"",""role"":""data"",""width"":3},{""name"":""b"",""role"":""data"",""width"":3}]","[{""name"":""y"",""width"":3}]","{""a"":3,""b"":3}","{""y"":3}",unsigned,none,none,{},[],benchmarks/semantic_recovery/rtl/boolean_bitwise_and_w3.v,benchmarks/semantic_recovery/blif/source/boolean_bitwise_and_w3.blif,true,3,"{""expression"":""a & b"",""kind"":""single_rtl_expression"",""operator"":""bitwise_and""}","{""flat_inputs"":[""a_0"",""a_1"",""a_2"",""b_0"",""b_1"",""b_2""],""flat_outputs"":[""y_0"",""y_1"",""y_2""],""inputs"":[""a"",""b""],""outputs"":[""y""]}",20260716,semantic_recovery_benchmark_v1
boolean_bitwise_and_w4,boolean,bitwise_and,a & b,"[{""name"":""a"",""role"":""data"",""width"":4},{""name"":""b"",""role"":""data"",""width"":4}]","[{""name"":""y"",""width"":4}]","{""a"":4,""b"":4}","{""y"":4}",unsigned,none,none,{},[],benchmarks/semantic_recovery/rtl/boolean_bitwise_and_w4.v,benchmarks/semantic_recovery/blif/source/boolean_bitwise_and_w4.blif,true,4,"{""expression"":""a & b"",""kind"":""single_rtl_expression"",""operator"":""bitwise_and""}","{""flat_inputs"":[""a_0"",""a_1"",""a_2"",""a_3"",""b_0"",""b_1"",""b_2"",""b_3""],""flat_outputs"":[""y_0"",""y_1"",""y_2"",""y_3""],""inputs"":[""a"",""b""],""outputs"":[""y""]}",20260716,semantic_recovery_benchmark_v1
boolean_bitwise_and_w6,boolean,bitwise_and,a & b,"[{""name"":""a"",""role"":""data"",""width"":6},{""name"":""b"",""role"":""data"",""width"":6}]","[{""name"":""y"",""width"":6}]","{""a"":6,""b"":6}","{""y"":6}",unsigned,none,none,{},[],benchmarks/semantic_recovery/rtl/boolean_bitwise_and_w6.v,,false,6,"{""expression"":""a & b"",""kind"":""single_rtl_expression"",""operator"":""bitwise_and""}","{""flat_inputs"":[""a_0"",""a_1"",""a_2"",""a_3"",""a_4"",""a_5"",""b_0"",""b_1"",""b_2"",""b_3"",""b_4"",""b_5""],""flat_outputs"":[""y_0"",""y_1"",""y_2"",""y_3"",""y_4"",""y_5""],""inputs"":[""a"",""b""],""outputs"":[""y""]}",20260716,semantic_recovery_benchmark_v1
boolean_bitwise_and_w8,boolean,bitwise_and,a & b,"[{""name"":""a"",""role"":""data"",""width"":8},{""name"":""b"",""role"":""data"",""width"":8}]","[{""name"":""y"",""width"":8}]","{""a"":8,""b"":8}","{""y"":8}",unsigned,none,none,{},[],benchmarks/semantic_recovery/rtl/boolean_bitwise_and_w8.v,,false,8,"{""expression"":""a & b"",""kind"":""single_rtl_expression"",""operator"":""bitwise_and""}","{""flat_inputs"":[""a_0"",""a_1"",""a_2"",""a_3"",""a_4"",""a_5"",""a_6"",""a_7"",""b_0"",""b_1"",""b_2"",""b_3"",""b_4"",""b_5"",""b_6"",""b_7""],""flat_outputs"":[""y_0"",""y_1"",""y_2"",""y_3"",""y_4"",""y_5"",""y_6"",""y_7""],""inputs"":[""a"",""b""],""outputs"":[""y""]}",20260716,semantic_recovery_benchmark_v1
boolean_bitwise_or_w12,boolean,bitwise_or,a | b,"[{""name"":""a"",""role"":""data"",""width"":12},{""name"":""b"",""role"":""data"",""width"":12}]","[{""name"":""y"",""width"":12}]","{""a"":12,""b"":12}","{""y"":12}",unsigned,none,none,{},[],benchmarks/semantic_recovery/rtl/boolean_bitwise_or_w12.v,,false,12,"{""expression"":""a | b"",""kind"":""single_rtl_expression"",""operator"":""bitwise_or""}","{""flat_inputs"":[""a_0"",""a_1"",""a_2"",""a_3"",""a_4"",""a_5"",""a_6"",""a_7"",""a_8"",""a_9"",""a_10"",""a_11"",""b_0"",""b_1"",""b_2"",""b_3"",""b_4"",""b_5"",""b_6"",""b_7"",""b_8"",""b_9"",""b_10"",""b_11""],""flat_outputs"":[""y_0"",""y_1"",""y_2"",""y_3"",""y_4"",""y_5"",""y_6"",""y_7"",""y_8"",""y_9"",""y_10"",""y_11""],""inputs"":[""a"",""b""],""outputs"":[""y""]}",20260716,semantic_recovery_benchmark_v1
boolean_bitwise_or_w16,boolean,bitwise_or,a | b,"[{""name"":""a"",""role"":""data"",""width"":16},{""name"":""b"",""role"":""data"",""width"":16}]","[{""name"":""y"",""width"":16}]","{""a"":16,""b"":16}","{""y"":16}",unsigned,none,none,{},[],benchmarks/semantic_recovery/rtl/boolean_bitwise_or_w16.v,,false,16,"{""expression"":""a | b"",""kind"":""single_rtl_expression"",""operator"":""bitwise_or""}","{""flat_inputs"":[""a_0"",""a_1"",""a_2"",""a_3"",""a_4"",""a_5"",""a_6"",""a_7"",""a_8"",""a_9"",""a_10"",""a_11"",""a_12"",""a_13"",""a_14"",""a_15"",""b_0"",""b_1"",""b_2"",""b_3"",""b_4"",""b_5"",""b_6"",""b_7"",""b_8"",""b_9"",""b_10"",""b_11"",""b_12"",""b_13"",""b_14"",""b_15""],""flat_outputs"":[""y_0"",""y_1"",""y_2"",""y_3"",""y_4"",""y_5"",""y_6"",""y_7"",""y_8"",""y_9"",""y_10"",""y_11"",""y_12"",""y_13"",""y_14"",""y_15""],""inputs"":[""a"",""b""],""outputs"":[""y""]}",20260716,semantic_recovery_benchmark_v1
boolean_bitwise_or_w2,boolean,bitwise_or,a | b,"[{""name"":""a"",""role"":""data"",""width"":2},{""name"":""b"",""role"":""data"",""width"":2}]","[{""name"":""y"",""width"":2}]","{""a"":2,""b"":2}","{""y"":2}",unsigned,none,none,{},[],benchmarks/semantic_recovery/rtl/boolean_bitwise_or_w2.v,benchmarks/semantic_recovery/blif/source/boolean_bitwise_or_w2.blif,true,2,"{""expression"":""a | b"",""kind"":""single_rtl_expression"",""operator"":""bitwise_or""}","{""flat_inputs"":[""a_0"",""a_1"",""b_0"",""b_1""],""flat_outputs"":[""y_0"",""y_1""],""inputs"":[""a"",""b""],""outputs"":[""y""]}",20260716,semantic_recovery_benchmark_v1
boolean_bitwise_or_w3,boolean,bitwise_or,a | b,"[{""name"":""a"",""role"":""data"",""width"":3},{""name"":""b"",""role"":""data"",""width"":3}]","[{""name"":""y"",""width"":3}]","{""a"":3,""b"":3}","{""y"":3}",unsigned,none,none,{},[],benchmarks/semantic_recovery/rtl/boolean_bitwise_or_w3.v,benchmarks/semantic_recovery/blif/source/boolean_bitwise_or_w3.blif,true,3,"{""expression"":""a | b"",""kind"":""single_rtl_expression"",""operator"":""bitwise_or""}","{""flat_inputs"":[""a_0"",""a_1"",""a_2"",""b_0"",""b_1"",""b_2""],""flat_outputs"":[""y_0"",""y_1"",""y_2""],""inputs"":[""a"",""b""],""outputs"":[""y""]}",20260716,semantic_recovery_benchmark_v1
boolean_bitwise_or_w4,boolean,bitwise_or,a | b,"[{""name"":""a"",""role"":""data"",""width"":4},{""name"":""b"",""role"":""data"",""width"":4}]","[{""name"":""y"",""width"":4}]","{""a"":4,""b"":4}","{""y"":4}",unsigned,none,none,{},[],benchmarks/semantic_recovery/rtl/boolean_bitwise_or_w4.v,benchmarks/semantic_recovery/blif/source/boolean_bitwise_or_w4.blif,true,4,"{""expression"":""a | b"",""kind"":""single_rtl_expression"",""operator"":""bitwise_or""}","{""flat_inputs"":[""a_0"",""a_1"",""a_2"",""a_3"",""b_0"",""b_1"",""b_2"",""b_3""],""flat_outputs"":[""y_0"",""y_1"",""y_2"",""y_3""],""inputs"":[""a"",""b""],""outputs"":[""y""]}",20260716,semantic_recovery_benchmark_v1
boolean_bitwise_or_w6,boolean,bitwise_or,a | b,"[{""name"":""a"",""role"":""data"",""width"":6},{""name"":""b"",""role"":""data"",""width"":6}]","[{""name"":""y"",""width"":6}]","{""a"":6,""b"":6}","{""y"":6}",unsigned,none,none,{},[],benchmarks/semantic_recovery/rtl/boolean_bitwise_or_w6.v,,false,6,"{""expression"":""a | b"",""kind"":""single_rtl_expression"",""operator"":""bitwise_or""}","{""flat_inputs"":[""a_0"",""a_1"",""a_2"",""a_3"",""a_4"",""a_5"",""b_0"",""b_1"",""b_2"",""b_3"",""b_4"",""b_5""],""flat_outputs"":[""y_0"",""y_1"",""y_2"",""y_3"",""y_4"",""y_5""],""inputs"":[""a"",""b""],""outputs"":[""y""]}",20260716,semantic_recovery_benchmark_v1
boolean_bitwise_or_w8,boolean,bitwise_or,a | b,"[{""name"":""a"",""role"":""data"",""width"":8},{""name"":""b"",""role"":""data"",""width"":8}]","[{""name"":""y"",""width"":8}]","{""a"":8,""b"":8}","{""y"":8}",unsigned,none,none,{},[],benchmarks/semantic_recovery/rtl/boolean_bitwise_or_w8.v,,false,8,"{""expression"":""a | b"",""kind"":""single_rtl_expression"",""operator"":""bitwise_or""}","{""flat_inputs"":[""a_0"",""a_1"",""a_2"",""a_3"",""a_4"",""a_5"",""a_6"",""a_7"",""b_0"",""b_1"",""b_2"",""b_3"",""b_4"",""b_5"",""b_6"",""b_7""],""flat_outputs"":[""y_0"",""y_1"",""y_2"",""y_3"",""y_4"",""y_5"",""y_6"",""y_7""],""inputs"":[""a"",""b""],""outputs"":[""y""]}",20260716,semantic_recovery_benchmark_v1
boolean_bitwise_xnor_w12,boolean,bitwise_xnor,~(a ^ b),"[{""name"":""a"",""role"":""data"",""width"":12},{""name"":""b"",""role"":""data"",""width"":12}]","[{""name"":""y"",""width"":12}]","{""a"":12,""b"":12}","{""y"":12}",unsigned,none,none,{},[],benchmarks/semantic_recovery/rtl/boolean_bitwise_xnor_w12.v,,false,12,"{""expression"":""~(a ^ b)"",""kind"":""single_rtl_expression"",""operator"":""bitwise_xnor""}","{""flat_inputs"":[""a_0"",""a_1"",""a_2"",""a_3"",""a_4"",""a_5"",""a_6"",""a_7"",""a_8"",""a_9"",""a_10"",""a_11"",""b_0"",""b_1"",""b_2"",""b_3"",""b_4"",""b_5"",""b_6"",""b_7"",""b_8"",""b_9"",""b_10"",""b_11""],""flat_outputs"":[""y_0"",""y_1"",""y_2"",""y_3"",""y_4"",""y_5"",""y_6"",""y_7"",""y_8"",""y_9"",""y_10"",""y_11""],""inputs"":[""a"",""b""],""outputs"":[""y""]}",20260716,semantic_recovery_benchmark_v1
boolean_bitwise_xnor_w16,boolean,bitwise_xnor,~(a ^ b),"[{""name"":""a"",""role"":""data"",""width"":16},{""name"":""b"",""role"":""data"",""width"":16}]","[{""name"":""y"",""width"":16}]","{""a"":16,""b"":16}","{""y"":16}",unsigned,none,none,{},[],benchmarks/semantic_recovery/rtl/boolean_bitwise_xnor_w16.v,,false,16,"{""expression"":""~(a ^ b)"",""kind"":""single_rtl_expression"",""operator"":""bitwise_xnor""}","{""flat_inputs"":[""a_0"",""a_1"",""a_2"",""a_3"",""a_4"",""a_5"",""a_6"",""a_7"",""a_8"",""a_9"",""a_10"",""a_11"",""a_12"",""a_13"",""a_14"",""a_15"",""b_0"",""b_1"",""b_2"",""b_3"",""b_4"",""b_5"",""b_6"",""b_7"",""b_8"",""b_9"",""b_10"",""b_11"",""b_12"",""b_13"",""b_14"",""b_15""],""flat_outputs"":[""y_0"",""y_1"",""y_2"",""y_3"",""y_4"",""y_5"",""y_6"",""y_7"",""y_8"",""y_9"",""y_10"",""y_11"",""y_12"",""y_13"",""y_14"",""y_15""],""inputs"":[""a"",""b""],""outputs"":[""y""]}",20260716,semantic_recovery_benchmark_v1
boolean_bitwise_xnor_w2,boolean,bitwise_xnor,~(a ^ b),"[{""name"":""a"",""role"":""data"",""width"":2},{""name"":""b"",""role"":""data"",""width"":2}]","[{""name"":""y"",""width"":2}]","{""a"":2,""b"":2}","{""y"":2}",unsigned,none,none,{},[],benchmarks/semantic_recovery/rtl/boolean_bitwise_xnor_w2.v,benchmarks/semantic_recovery/blif/source/boolean_bitwise_xnor_w2.blif,true,2,"{""expression"":""~(a ^ b)"",""kind"":""single_rtl_expression"",""operator"":""bitwise_xnor""}","{""flat_inputs"":[""a_0"",""a_1"",""b_0"",""b_1""],""flat_outputs"":[""y_0"",""y_1""],""inputs"":[""a"",""b""],""outputs"":[""y""]}",20260716,semantic_recovery_benchmark_v1
boolean_bitwise_xnor_w3,boolean,bitwise_xnor,~(a ^ b),"[{""name"":""a"",""role"":""data"",""width"":3},{""name"":""b"",""role"":""data"",""width"":3}]","[{""name"":""y"",""width"":3}]","{""a"":3,""b"":3}","{""y"":3}",unsigned,none,none,{},[],benchmarks/semantic_recovery/rtl/boolean_bitwise_xnor_w3.v,benchmarks/semantic_recovery/blif/source/boolean_bitwise_xnor_w3.blif,true,3,"{""expression"":""~(a ^ b)"",""kind"":""single_rtl_expression"",""operator"":""bitwise_xnor""}","{""flat_inputs"":[""a_0"",""a_1"",""a_2"",""b_0"",""b_1"",""b_2""],""flat_outputs"":[""y_0"",""y_1"",""y_2""],""inputs"":[""a"",""b""],""outputs"":[""y""]}",20260716,semantic_recovery_benchmark_v1
boolean_bitwise_xnor_w4,boolean,bitwise_xnor,~(a ^ b),"[{""name"":""a"",""role"":""data"",""width"":4},{""name"":""b"",""role"":""data"",""width"":4}]","[{""name"":""y"",""width"":4}]","{""a"":4,""b"":4}","{""y"":4}",unsigned,none,none,{},[],benchmarks/semantic_recovery/rtl/boolean_bitwise_xnor_w4.v,benchmarks/semantic_recovery/blif/source/boolean_bitwise_xnor_w4.blif,true,4,"{""expression"":""~(a ^ b)"",""kind"":""single_rtl_expression"",""operator"":""bitwise_xnor""}","{""flat_inputs"":[""a_0"",""a_1"",""a_2"",""a_3"",""b_0"",""b_1"",""b_2"",""b_3""],""flat_outputs"":[""y_0"",""y_1"",""y_2"",""y_3""],""inputs"":[""a"",""b""],""outputs"":[""y""]}",20260716,semantic_recovery_benchmark_v1
boolean_bitwise_xnor_w6,boolean,bitwise_xnor,~(a ^ b),"[{""name"":""a"",""role"":""data"",""width"":6},{""name"":""b"",""role"":""data"",""width"":6}]","[{""name"":""y"",""width"":6}]","{""a"":6,""b"":6}","{""y"":6}",unsigned,none,none,{},[],benchmarks/semantic_recovery/rtl/boolean_bitwise_xnor_w6.v,,false,6,"{""expression"":""~(a ^ b)"",""kind"":""single_rtl_expression"",""operator"":""bitwise_xnor""}","{""flat_inputs"":[""a_0"",""a_1"",""a_2"",""a_3"",""a_4"",""a_5"",""b_0"",""b_1"",""b_2"",""b_3"",""b_4"",""b_5""],""flat_outputs"":[""y_0"",""y_1"",""y_2"",""y_3"",""y_4"",""y_5""],""inputs"":[""a"",""b""],""outputs"":[""y""]}",20260716,semantic_recovery_benchmark_v1
boolean_bitwise_xnor_w8,boolean,bitwise_xnor,~(a ^ b),"[{""name"":""a"",""role"":""data"",""width"":8},{""name"":""b"",""role"":""data"",""width"":8}]","[{""name"":""y"",""width"":8}]","{""a"":8,""b"":8}","{""y"":8}",unsigned,none,none,{},[],benchmarks/semantic_recovery/rtl/boolean_bitwise_xnor_w8.v,,false,8,"{""expression"":""~(a ^ b)"",""kind"":""single_rtl_expression"",""operator"":""bitwise_xnor""}","{""flat_inputs"":[""a_0"",""a_1"",""a_2"",""a_3"",""a_4"",""a_5"",""a_6"",""a_7"",""b_0"",""b_1"",""b_2"",""b_3"",""b_4"",""b_5"",""b_6"",""b_7""],""flat_outputs"":[""y_0"",""y_1"",""y_2"",""y_3"",""y_4"",""y_5"",""y_6"",""y_7""],""inputs"":[""a"",""b""],""outputs"":[""y""]}",20260716,semantic_recovery_benchmark_v1
boolean_bitwise_xor_w12,boolean,bitwise_xor,a ^ b,"[{""name"":""a"",""role"":""data"",""width"":12},{""name"":""b"",""role"":""data"",""width"":12}]","[{""name"":""y"",""width"":12}]","{""a"":12,""b"":12}","{""y"":12}",unsigned,none,none,{},[],benchmarks/semantic_recovery/rtl/boolean_bitwise_xor_w12.v,,false,12,"{""expression"":""a ^ b"",""kind"":""single_rtl_expression"",""operator"":""bitwise_xor""}","{""flat_inputs"":[""a_0"",""a_1"",""a_2"",""a_3"",""a_4"",""a_5"",""a_6"",""a_7"",""a_8"",""a_9"",""a_10"",""a_11"",""b_0"",""b_1"",""b_2"",""b_3"",""b_4"",""b_5"",""b_6"",""b_7"",""b_8"",""b_9"",""b_10"",""b_11""],""flat_outputs"":[""y_0"",""y_1"",""y_2"",""y_3"",""y_4"",""y_5"",""y_6"",""y_7"",""y_8"",""y_9"",""y_10"",""y_11""],""inputs"":[""a"",""b""],""outputs"":[""y""]}",20260716,semantic_recovery_benchmark_v1
boolean_bitwise_xor_w16,boolean,bitwise_xor,a ^ b,"[{""name"":""a"",""role"":""data"",""width"":16},{""name"":""b"",""role"":""data"",""width"":16}]","[{""name"":""y"",""width"":16}]","{""a"":16,""b"":16}","{""y"":16}",unsigned,none,none,{},[],benchmarks/semantic_recovery/rtl/boolean_bitwise_xor_w16.v,,false,16,"{""expression"":""a ^ b"",""kind"":""single_rtl_expression"",""operator"":""bitwise_xor""}","{""flat_inputs"":[""a_0"",""a_1"",""a_2"",""a_3"",""a_4"",""a_5"",""a_6"",""a_7"",""a_8"",""a_9"",""a_10"",""a_11"",""a_12"",""a_13"",""a_14"",""a_15"",""b_0"",""b_1"",""b_2"",""b_3"",""b_4"",""b_5"",""b_6"",""b_7"",""b_8"",""b_9"",""b_10"",""b_11"",""b_12"",""b_13"",""b_14"",""b_15""],""flat_outputs"":[""y_0"",""y_1"",""y_2"",""y_3"",""y_4"",""y_5"",""y_6"",""y_7"",""y_8"",""y_9"",""y_10"",""y_11"",""y_12"",""y_13"",""y_14"",""y_15""],""inputs"":[""a"",""b""],""outputs"":[""y""]}",20260716,semantic_recovery_benchmark_v1
boolean_bitwise_xor_w2,boolean,bitwise_xor,a ^ b,"[{""name"":""a"",""role"":""data"",""width"":2},{""name"":""b"",""role"":""data"",""width"":2}]","[{""name"":""y"",""width"":2}]","{""a"":2,""b"":2}","{""y"":2}",unsigned,none,none,{},[],benchmarks/semantic_recovery/rtl/boolean_bitwise_xor_w2.v,benchmarks/semantic_recovery/blif/source/boolean_bitwise_xor_w2.blif,true,2,"{""expression"":""a ^ b"",""kind"":""single_rtl_expression"",""operator"":""bitwise_xor""}","{""flat_inputs"":[""a_0"",""a_1"",""b_0"",""b_1""],""flat_outputs"":[""y_0"",""y_1""],""inputs"":[""a"",""b""],""outputs"":[""y""]}",20260716,semantic_recovery_benchmark_v1
boolean_bitwise_xor_w3,boolean,bitwise_xor,a ^ b,"[{""name"":""a"",""role"":""data"",""width"":3},{""name"":""b"",""role"":""data"",""width"":3}]","[{""name"":""y"",""width"":3}]","{""a"":3,""b"":3}","{""y"":3}",unsigned,none,none,{},[],benchmarks/semantic_recovery/rtl/boolean_bitwise_xor_w3.v,benchmarks/semantic_recovery/blif/source/boolean_bitwise_xor_w3.blif,true,3,"{""expression"":""a ^ b"",""kind"":""single_rtl_expression"",""operator"":""bitwise_xor""}","{""flat_inputs"":[""a_0"",""a_1"",""a_2"",""b_0"",""b_1"",""b_2""],""flat_outputs"":[""y_0"",""y_1"",""y_2""],""inputs"":[""a"",""b""],""outputs"":[""y""]}",20260716,semantic_recovery_benchmark_v1
boolean_bitwise_xor_w4,boolean,bitwise_xor,a ^ b,"[{""name"":""a"",""role"":""data"",""width"":4},{""name"":""b"",""role"":""data"",""width"":4}]","[{""name"":""y"",""width"":4}]","{""a"":4,""b"":4}","{""y"":4}",unsigned,none,none,{},[],benchmarks/semantic_recovery/rtl/boolean_bitwise_xor_w4.v,benchmarks/semantic_recovery/blif/source/boolean_bitwise_xor_w4.blif,true,4,"{""expression"":""a ^ b"",""kind"":""single_rtl_expression"",""operator"":""bitwise_xor""}","{""flat_inputs"":[""a_0"",""a_1"",""a_2"",""a_3"",""b_0"",""b_1"",""b_2"",""b_3""],""flat_outputs"":[""y_0"",""y_1"",""y_2"",""y_3""],""inputs"":[""a"",""b""],""outputs"":[""y""]}",20260716,semantic_recovery_benchmark_v1
boolean_bitwise_xor_w6,boolean,bitwise_xor,a ^ b,"[{""name"":""a"",""role"":""data"",""width"":6},{""name"":""b"",""role"":""data"",""width"":6}]","[{""name"":""y"",""width"":6}]","{""a"":6,""b"":6}","{""y"":6}",unsigned,none,none,{},[],benchmarks/semantic_recovery/rtl/boolean_bitwise_xor_w6.v,,false,6,"{""expression"":""a ^ b"",""kind"":""single_rtl_expression"",""operator"":""bitwise_xor""}","{""flat_inputs"":[""a_0"",""a_1"",""a_2"",""a_3"",""a_4"",""a_5"",""b_0"",""b_1"",""b_2"",""b_3"",""b_4"",""b_5""],""flat_outputs"":[""y_0"",""y_1"",""y_2"",""y_3"",""y_4"",""y_5""],""inputs"":[""a"",""b""],""outputs"":[""y""]}",20260716,semantic_recovery_benchmark_v1
boolean_bitwise_xor_w8,boolean,bitwise_xor,a ^ b,"[{""name"":""a"",""role"":""data"",""width"":8},{""name"":""b"",""role"":""data"",""width"":8}]","[{""name"":""y"",""width"":8}]","{""a"":8,""b"":8}","{""y"":8}",unsigned,none,none,{},[],benchmarks/semantic_recovery/rtl/boolean_bitwise_xor_w8.v,,false,8,"{""expression"":""a ^ b"",""kind"":""single_rtl_expression"",""operator"":""bitwise_xor""}","{""flat_inputs"":[""a_0"",""a_1"",""a_2"",""a_3"",""a_4"",""a_5"",""a_6"",""a_7"",""b_0"",""b_1"",""b_2"",""b_3"",""b_4"",""b_5"",""b_6"",""b_7""],""flat_outputs"":[""y_0"",""y_1"",""y_2"",""y_3"",""y_4"",""y_5"",""y_6"",""y_7""],""inputs"":[""a"",""b""],""outputs"":[""y""]}",20260716,semantic_recovery_benchmark_v1
boolean_majority_w3,boolean,majority,(a & b) | (a & c) | (b & c),"[{""name"":""a"",""role"":""data"",""width"":3},{""name"":""b"",""role"":""data"",""width"":3},{""name"":""c"",""role"":""data"",""width"":3}]","[{""name"":""y"",""width"":3}]","{""a"":3,""b"":3,""c"":3}","{""y"":3}",unsigned,none,none,{},[],benchmarks/semantic_recovery/rtl/boolean_majority_w3.v,,false,9,"{""expression"":""(a & b) | (a & c) | (b & c)"",""kind"":""single_rtl_expression"",""operator"":""majority""}","{""flat_inputs"":[""a_0"",""a_1"",""a_2"",""b_0"",""b_1"",""b_2"",""c_0"",""c_1"",""c_2""],""flat_outputs"":[""y_0"",""y_1"",""y_2""],""inputs"":[""a"",""b"",""c""],""outputs"":[""y""]}",20260716,semantic_recovery_benchmark_v1
boolean_majority_w4,boolean,majority,(a & b) | (a & c) | (b & c),"[{""name"":""a"",""role"":""data"",""width"":4},{""name"":""b"",""role"":""data"",""width"":4},{""name"":""c"",""role"":""data"",""width"":4}]","[{""name"":""y"",""width"":4}]","{""a"":4,""b"":4,""c"":4}","{""y"":4}",unsigned,none,none,{},[],benchmarks/semantic_recovery/rtl/boolean_majority_w4.v,,false,12,"{""expression"":""(a & b) | (a & c) | (b & c)"",""kind"":""single_rtl_expression"",""operator"":""majority""}","{""flat_inputs"":[""a_0"",""a_1"",""a_2"",""a_3"",""b_0"",""b_1"",""b_2"",""b_3"",""c_0"",""c_1"",""c_2"",""c_3""],""flat_outputs"":[""y_0"",""y_1"",""y_2"",""y_3""],""inputs"":[""a"",""b"",""c""],""outputs"":[""y""]}",20260716,semantic_recovery_benchmark_v1
boolean_majority_w8,boolean,majority,(a & b) | (a & c) | (b & c),"[{""name"":""a"",""role"":""data"",""width"":8},{""name"":""b"",""role"":""data"",""width"":8},{""name"":""c"",""role"":""data"",""width"":8}]","[{""name"":""y"",""width"":8}]","{""a"":8,""b"":8,""c"":8}","{""y"":8}",unsigned,none,none,{},[],benchmarks/semantic_recovery/rtl/boolean_majority_w8.v,,false,24,"{""expression"":""(a & b) | (a & c) | (b & c)"",""kind"":""single_rtl_expression"",""operator"":""majority""}","{""flat_inputs"":[""a_0"",""a_1"",""a_2"",""a_3"",""a_4"",""a_5"",""a_6"",""a_7"",""b_0"",""b_1"",""b_2"",""b_3"",""b_4"",""b_5"",""b_6"",""b_7"",""c_0"",""c_1"",""c_2"",""c_3"",""c_4"",""c_5"",""c_6"",""c_7""],""flat_outputs"":[""y_0"",""y_1"",""y_2"",""y_3"",""y_4"",""y_5"",""y_6"",""y_7""],""inputs"":[""a"",""b"",""c""],""outputs"":[""y""]}",20260716,semantic_recovery_benchmark_v1
boolean_masked_and_w12,boolean,masked_and,a & {12{mask}},"[{""name"":""a"",""role"":""data"",""width"":12},{""name"":""mask"",""role"":""data"",""width"":1}]","[{""name"":""y"",""width"":12}]","{""a"":12,""mask"":1}","{""y"":12}",unsigned,none,none,{},[],benchmarks/semantic_recovery/rtl/boolean_masked_and_w12.v,,false,12,"{""expression"":""a & {12{mask}}"",""kind"":""single_rtl_expression"",""operator"":""masked_and""}","{""flat_inputs"":[""a_0"",""a_1"",""a_2"",""a_3"",""a_4"",""a_5"",""a_6"",""a_7"",""a_8"",""a_9"",""a_10"",""a_11"",""mask""],""flat_outputs"":[""y_0"",""y_1"",""y_2"",""y_3"",""y_4"",""y_5"",""y_6"",""y_7"",""y_8"",""y_9"",""y_10"",""y_11""],""inputs"":[""a"",""mask""],""outputs"":[""y""]}",20260716,semantic_recovery_benchmark_v1
boolean_masked_and_w16,boolean,masked_and,a & {16{mask}},"[{""name"":""a"",""role"":""data"",""width"":16},{""name"":""mask"",""role"":""data"",""width"":1}]","[{""name"":""y"",""width"":16}]","{""a"":16,""mask"":1}","{""y"":16}",unsigned,none,none,{},[],benchmarks/semantic_recovery/rtl/boolean_masked_and_w16.v,,false,16,"{""expression"":""a & {16{mask}}"",""kind"":""single_rtl_expression"",""operator"":""masked_and""}","{""flat_inputs"":[""a_0"",""a_1"",""a_2"",""a_3"",""a_4"",""a_5"",""a_6"",""a_7"",""a_8"",""a_9"",""a_10"",""a_11"",""a_12"",""a_13"",""a_14"",""a_15"",""mask""],""flat_outputs"":[""y_0"",""y_1"",""y_2"",""y_3"",""y_4"",""y_5"",""y_6"",""y_7"",""y_8"",""y_9"",""y_10"",""y_11"",""y_12"",""y_13"",""y_14"",""y_15""],""inputs"":[""a"",""mask""],""outputs"":[""y""]}",20260716,semantic_recovery_benchmark_v1
boolean_masked_and_w2,boolean,masked_and,a & {2{mask}},"[{""name"":""a"",""role"":""data"",""width"":2},{""name"":""mask"",""role"":""data"",""width"":1}]","[{""name"":""y"",""width"":2}]","{""a"":2,""mask"":1}","{""y"":2}",unsigned,none,none,{},[],benchmarks/semantic_recovery/rtl/boolean_masked_and_w2.v,benchmarks/semantic_recovery/blif/source/boolean_masked_and_w2.blif,true,2,"{""expression"":""a & {2{mask}}"",""kind"":""single_rtl_expression"",""operator"":""masked_and""}","{""flat_inputs"":[""a_0"",""a_1"",""mask""],""flat_outputs"":[""y_0"",""y_1""],""inputs"":[""a"",""mask""],""outputs"":[""y""]}",20260716,semantic_recovery_benchmark_v1
boolean_masked_and_w3,boolean,masked_and,a & {3{mask}},"[{""name"":""a"",""role"":""data"",""width"":3},{""name"":""mask"",""role"":""data"",""width"":1}]","[{""name"":""y"",""width"":3}]","{""a"":3,""mask"":1}","{""y"":3}",unsigned,none,none,{},[],benchmarks/semantic_recovery/rtl/boolean_masked_and_w3.v,benchmarks/semantic_recovery/blif/source/boolean_masked_and_w3.blif,true,3,"{""expression"":""a & {3{mask}}"",""kind"":""single_rtl_expression"",""operator"":""masked_and""}","{""flat_inputs"":[""a_0"",""a_1"",""a_2"",""mask""],""flat_outputs"":[""y_0"",""y_1"",""y_2""],""inputs"":[""a"",""mask""],""outputs"":[""y""]}",20260716,semantic_recovery_benchmark_v1
boolean_masked_and_w4,boolean,masked_and,a & {4{mask}},"[{""name"":""a"",""role"":""data"",""width"":4},{""name"":""mask"",""role"":""data"",""width"":1}]","[{""name"":""y"",""width"":4}]","{""a"":4,""mask"":1}","{""y"":4}",unsigned,none,none,{},[],benchmarks/semantic_recovery/rtl/boolean_masked_and_w4.v,benchmarks/semantic_recovery/blif/source/boolean_masked_and_w4.blif,true,4,"{""expression"":""a & {4{mask}}"",""kind"":""single_rtl_expression"",""operator"":""masked_and""}","{""flat_inputs"":[""a_0"",""a_1"",""a_2"",""a_3"",""mask""],""flat_outputs"":[""y_0"",""y_1"",""y_2"",""y_3""],""inputs"":[""a"",""mask""],""outputs"":[""y""]}",20260716,semantic_recovery_benchmark_v1
boolean_masked_and_w6,boolean,masked_and,a & {6{mask}},"[{""name"":""a"",""role"":""data"",""width"":6},{""name"":""mask"",""role"":""data"",""width"":1}]","[{""name"":""y"",""width"":6}]","{""a"":6,""mask"":1}","{""y"":6}",unsigned,none,none,{},[],benchmarks/semantic_recovery/rtl/boolean_masked_and_w6.v,benchmarks/semantic_recovery/blif/source/boolean_masked_and_w6.blif,true,6,"{""expression"":""a & {6{mask}}"",""kind"":""single_rtl_expression"",""operator"":""masked_and""}","{""flat_inputs"":[""a_0"",""a_1"",""a_2"",""a_3"",""a_4"",""a_5"",""mask""],""flat_outputs"":[""y_0"",""y_1"",""y_2"",""y_3"",""y_4"",""y_5""],""inputs"":[""a"",""mask""],""outputs"":[""y""]}",20260716,semantic_recovery_benchmark_v1
boolean_masked_and_w8,boolean,masked_and,a & {8{mask}},"[{""name"":""a"",""role"":""data"",""width"":8},{""name"":""mask"",""role"":""data"",""width"":1}]","[{""name"":""y"",""width"":8}]","{""a"":8,""mask"":1}","{""y"":8}",unsigned,none,none,{},[],benchmarks/semantic_recovery/rtl/boolean_masked_and_w8.v,,false,8,"{""expression"":""a & {8{mask}}"",""kind"":""single_rtl_expression"",""operator"":""masked_and""}","{""flat_inputs"":[""a_0"",""a_1"",""a_2"",""a_3"",""a_4"",""a_5"",""a_6"",""a_7"",""mask""],""flat_outputs"":[""y_0"",""y_1"",""y_2"",""y_3"",""y_4"",""y_5"",""y_6"",""y_7""],""inputs"":[""a"",""mask""],""outputs"":[""y""]}",20260716,semantic_recovery_benchmark_v1
boolean_masked_xor_w12,boolean,masked_xor,a ^ {12{mask}},"[{""name"":""a"",""role"":""data"",""width"":12},{""name"":""mask"",""role"":""data"",""width"":1}]","[{""name"":""y"",""width"":12}]","{""a"":12,""mask"":1}","{""y"":12}",unsigned,none,none,{},[],benchmarks/semantic_recovery/rtl/boolean_masked_xor_w12.v,,false,12,"{""expression"":""a ^ {12{mask}}"",""kind"":""single_rtl_expression"",""operator"":""masked_xor""}","{""flat_inputs"":[""a_0"",""a_1"",""a_2"",""a_3"",""a_4"",""a_5"",""a_6"",""a_7"",""a_8"",""a_9"",""a_10"",""a_11"",""mask""],""flat_outputs"":[""y_0"",""y_1"",""y_2"",""y_3"",""y_4"",""y_5"",""y_6"",""y_7"",""y_8"",""y_9"",""y_10"",""y_11""],""inputs"":[""a"",""mask""],""outputs"":[""y""]}",20260716,semantic_recovery_benchmark_v1
boolean_masked_xor_w16,boolean,masked_xor,a ^ {16{mask}},"[{""name"":""a"",""role"":""data"",""width"":16},{""name"":""mask"",""role"":""data"",""width"":1}]","[{""name"":""y"",""width"":16}]","{""a"":16,""mask"":1}","{""y"":16}",unsigned,none,none,{},[],benchmarks/semantic_recovery/rtl/boolean_masked_xor_w16.v,,false,16,"{""expression"":""a ^ {16{mask}}"",""kind"":""single_rtl_expression"",""operator"":""masked_xor""}","{""flat_inputs"":[""a_0"",""a_1"",""a_2"",""a_3"",""a_4"",""a_5"",""a_6"",""a_7"",""a_8"",""a_9"",""a_10"",""a_11"",""a_12"",""a_13"",""a_14"",""a_15"",""mask""],""flat_outputs"":[""y_0"",""y_1"",""y_2"",""y_3"",""y_4"",""y_5"",""y_6"",""y_7"",""y_8"",""y_9"",""y_10"",""y_11"",""y_12"",""y_13"",""y_14"",""y_15""],""inputs"":[""a"",""mask""],""outputs"":[""y""]}",20260716,semantic_recovery_benchmark_v1
boolean_masked_xor_w2,boolean,masked_xor,a ^ {2{mask}},"[{""name"":""a"",""role"":""data"",""width"":2},{""name"":""mask"",""role"":""data"",""width"":1}]","[{""name"":""y"",""width"":2}]","{""a"":2,""mask"":1}","{""y"":2}",unsigned,none,none,{},[],benchmarks/semantic_recovery/rtl/boolean_masked_xor_w2.v,benchmarks/semantic_recovery/blif/source/boolean_masked_xor_w2.blif,true,2,"{""expression"":""a ^ {2{mask}}"",""kind"":""single_rtl_expression"",""operator"":""masked_xor""}","{""flat_inputs"":[""a_0"",""a_1"",""mask""],""flat_outputs"":[""y_0"",""y_1""],""inputs"":[""a"",""mask""],""outputs"":[""y""]}",20260716,semantic_recovery_benchmark_v1
boolean_masked_xor_w3,boolean,masked_xor,a ^ {3{mask}},"[{""name"":""a"",""role"":""data"",""width"":3},{""name"":""mask"",""role"":""data"",""width"":1}]","[{""name"":""y"",""width"":3}]","{""a"":3,""mask"":1}","{""y"":3}",unsigned,none,none,{},[],benchmarks/semantic_recovery/rtl/boolean_masked_xor_w3.v,benchmarks/semantic_recovery/blif/source/boolean_masked_xor_w3.blif,true,3,"{""expression"":""a ^ {3{mask}}"",""kind"":""single_rtl_expression"",""operator"":""masked_xor""}","{""flat_inputs"":[""a_0"",""a_1"",""a_2"",""mask""],""flat_outputs"":[""y_0"",""y_1"",""y_2""],""inputs"":[""a"",""mask""],""outputs"":[""y""]}",20260716,semantic_recovery_benchmark_v1
boolean_masked_xor_w4,boolean,masked_xor,a ^ {4{mask}},"[{""name"":""a"",""role"":""data"",""width"":4},{""name"":""mask"",""role"":""data"",""width"":1}]","[{""name"":""y"",""width"":4}]","{""a"":4,""mask"":1}","{""y"":4}",unsigned,none,none,{},[],benchmarks/semantic_recovery/rtl/boolean_masked_xor_w4.v,benchmarks/semantic_recovery/blif/source/boolean_masked_xor_w4.blif,true,4,"{""expression"":""a ^ {4{mask}}"",""kind"":""single_rtl_expression"",""operator"":""masked_xor""}","{""flat_inputs"":[""a_0"",""a_1"",""a_2"",""a_3"",""mask""],""flat_outputs"":[""y_0"",""y_1"",""y_2"",""y_3""],""inputs"":[""a"",""mask""],""outputs"":[""y""]}",20260716,semantic_recovery_benchmark_v1
boolean_masked_xor_w6,boolean,masked_xor,a ^ {6{mask}},"[{""name"":""a"",""role"":""data"",""width"":6},{""name"":""mask"",""role"":""data"",""width"":1}]","[{""name"":""y"",""width"":6}]","{""a"":6,""mask"":1}","{""y"":6}",unsigned,none,none,{},[],benchmarks/semantic_recovery/rtl/boolean_masked_xor_w6.v,benchmarks/semantic_recovery/blif/source/boolean_masked_xor_w6.blif,true,6,"{""expression"":""a ^ {6{mask}}"",""kind"":""single_rtl_expression"",""operator"":""masked_xor""}","{""flat_inputs"":[""a_0"",""a_1"",""a_2"",""a_3"",""a_4"",""a_5"",""mask""],""flat_outputs"":[""y_0"",""y_1"",""y_2"",""y_3"",""y_4"",""y_5""],""inputs"":[""a"",""mask""],""outputs"":[""y""]}",20260716,semantic_recovery_benchmark_v1
boolean_masked_xor_w8,boolean,masked_xor,a ^ {8{mask}},"[{""name"":""a"",""role"":""data"",""width"":8},{""name"":""mask"",""role"":""data"",""width"":1}]","[{""name"":""y"",""width"":8}]","{""a"":8,""mask"":1}","{""y"":8}",unsigned,none,none,{},[],benchmarks/semantic_recovery/rtl/boolean_masked_xor_w8.v,,false,8,"{""expression"":""a ^ {8{mask}}"",""kind"":""single_rtl_expression"",""operator"":""masked_xor""}","{""flat_inputs"":[""a_0"",""a_1"",""a_2"",""a_3"",""a_4"",""a_5"",""a_6"",""a_7"",""mask""],""flat_outputs"":[""y_0"",""y_1"",""y_2"",""y_3"",""y_4"",""y_5"",""y_6"",""y_7""],""inputs"":[""a"",""mask""],""outputs"":[""y""]}",20260716,semantic_recovery_benchmark_v1
boolean_parity_w12,boolean,parity,^a,"[{""name"":""a"",""role"":""data"",""width"":12}]","[{""name"":""y"",""width"":1}]","{""a"":12}","{""y"":1}",unsigned,none,none,{},[],benchmarks/semantic_recovery/rtl/boolean_parity_w12.v,,false,12,"{""expression"":""^a"",""kind"":""single_rtl_expression"",""operator"":""parity""}","{""flat_inputs"":[""a_0"",""a_1"",""a_2"",""a_3"",""a_4"",""a_5"",""a_6"",""a_7"",""a_8"",""a_9"",""a_10"",""a_11""],""flat_outputs"":[""y""],""inputs"":[""a""],""outputs"":[""y""]}",20260716,semantic_recovery_benchmark_v1
boolean_parity_w16,boolean,parity,^a,"[{""name"":""a"",""role"":""data"",""width"":16}]","[{""name"":""y"",""width"":1}]","{""a"":16}","{""y"":1}",unsigned,none,none,{},[],benchmarks/semantic_recovery/rtl/boolean_parity_w16.v,,false,16,"{""expression"":""^a"",""kind"":""single_rtl_expression"",""operator"":""parity""}","{""flat_inputs"":[""a_0"",""a_1"",""a_2"",""a_3"",""a_4"",""a_5"",""a_6"",""a_7"",""a_8"",""a_9"",""a_10"",""a_11"",""a_12"",""a_13"",""a_14"",""a_15""],""flat_outputs"":[""y""],""inputs"":[""a""],""outputs"":[""y""]}",20260716,semantic_recovery_benchmark_v1
boolean_parity_w2,boolean,parity,^a,"[{""name"":""a"",""role"":""data"",""width"":2}]","[{""name"":""y"",""width"":1}]","{""a"":2}","{""y"":1}",unsigned,none,none,{},[],benchmarks/semantic_recovery/rtl/boolean_parity_w2.v,benchmarks/semantic_recovery/blif/source/boolean_parity_w2.blif,true,2,"{""expression"":""^a"",""kind"":""single_rtl_expression"",""operator"":""parity""}","{""flat_inputs"":[""a_0"",""a_1""],""flat_outputs"":[""y""],""inputs"":[""a""],""outputs"":[""y""]}",20260716,semantic_recovery_benchmark_v1
boolean_parity_w3,boolean,parity,^a,"[{""name"":""a"",""role"":""data"",""width"":3}]","[{""name"":""y"",""width"":1}]","{""a"":3}","{""y"":1}",unsigned,none,none,{},[],benchmarks/semantic_recovery/rtl/boolean_parity_w3.v,benchmarks/semantic_recovery/blif/source/boolean_parity_w3.blif,true,3,"{""expression"":""^a"",""kind"":""single_rtl_expression"",""operator"":""parity""}","{""flat_inputs"":[""a_0"",""a_1"",""a_2""],""flat_outputs"":[""y""],""inputs"":[""a""],""outputs"":[""y""]}",20260716,semantic_recovery_benchmark_v1
boolean_parity_w4,boolean,parity,^a,"[{""name"":""a"",""role"":""data"",""width"":4}]","[{""name"":""y"",""width"":1}]","{""a"":4}","{""y"":1}",unsigned,none,none,{},[],benchmarks/semantic_recovery/rtl/boolean_parity_w4.v,benchmarks/semantic_recovery/blif/source/boolean_parity_w4.blif,true,4,"{""expression"":""^a"",""kind"":""single_rtl_expression"",""operator"":""parity""}","{""flat_inputs"":[""a_0"",""a_1"",""a_2"",""a_3""],""flat_outputs"":[""y""],""inputs"":[""a""],""outputs"":[""y""]}",20260716,semantic_recovery_benchmark_v1
boolean_parity_w6,boolean,parity,^a,"[{""name"":""a"",""role"":""data"",""width"":6}]","[{""name"":""y"",""width"":1}]","{""a"":6}","{""y"":1}",unsigned,none,none,{},[],benchmarks/semantic_recovery/rtl/boolean_parity_w6.v,benchmarks/semantic_recovery/blif/source/boolean_parity_w6.blif,true,6,"{""expression"":""^a"",""kind"":""single_rtl_expression"",""operator"":""parity""}","{""flat_inputs"":[""a_0"",""a_1"",""a_2"",""a_3"",""a_4"",""a_5""],""flat_outputs"":[""y""],""inputs"":[""a""],""outputs"":[""y""]}",20260716,semantic_recovery_benchmark_v1
boolean_parity_w8,boolean,parity,^a,"[{""name"":""a"",""role"":""data"",""width"":8}]","[{""name"":""y"",""width"":1}]","{""a"":8}","{""y"":1}",unsigned,none,none,{},[],benchmarks/semantic_recovery/rtl/boolean_parity_w8.v,benchmarks/semantic_recovery/blif/source/boolean_parity_w8.blif,true,8,"{""expression"":""^a"",""kind"":""single_rtl_expression"",""operator"":""parity""}","{""flat_inputs"":[""a_0"",""a_1"",""a_2"",""a_3"",""a_4"",""a_5"",""a_6"",""a_7""],""flat_outputs"":[""y""],""inputs"":[""a""],""outputs"":[""y""]}",20260716,semantic_recovery_benchmark_v1
comparison_eq_w12,comparison,eq,a == b,"[{""name"":""a"",""role"":""data"",""width"":12},{""name"":""b"",""role"":""data"",""width"":12}]","[{""name"":""y"",""width"":1}]","{""a"":12,""b"":12}","{""y"":1}",unsigned,none,none,{},[],benchmarks/semantic_recovery/rtl/comparison_eq_w12.v,,false,12,"{""expression"":""a == b"",""kind"":""single_rtl_expression"",""operator"":""eq""}","{""flat_inputs"":[""a_0"",""a_1"",""a_2"",""a_3"",""a_4"",""a_5"",""a_6"",""a_7"",""a_8"",""a_9"",""a_10"",""a_11"",""b_0"",""b_1"",""b_2"",""b_3"",""b_4"",""b_5"",""b_6"",""b_7"",""b_8"",""b_9"",""b_10"",""b_11""],""flat_outputs"":[""y""],""inputs"":[""a"",""b""],""outputs"":[""y""]}",20260716,semantic_recovery_benchmark_v1
comparison_eq_w16,comparison,eq,a == b,"[{""name"":""a"",""role"":""data"",""width"":16},{""name"":""b"",""role"":""data"",""width"":16}]","[{""name"":""y"",""width"":1}]","{""a"":16,""b"":16}","{""y"":1}",unsigned,none,none,{},[],benchmarks/semantic_recovery/rtl/comparison_eq_w16.v,,false,16,"{""expression"":""a == b"",""kind"":""single_rtl_expression"",""operator"":""eq""}","{""flat_inputs"":[""a_0"",""a_1"",""a_2"",""a_3"",""a_4"",""a_5"",""a_6"",""a_7"",""a_8"",""a_9"",""a_10"",""a_11"",""a_12"",""a_13"",""a_14"",""a_15"",""b_0"",""b_1"",""b_2"",""b_3"",""b_4"",""b_5"",""b_6"",""b_7"",""b_8"",""b_9"",""b_10"",""b_11"",""b_12"",""b_13"",""b_14"",""b_15""],""flat_outputs"":[""y""],""inputs"":[""a"",""b""],""outputs"":[""y""]}",20260716,semantic_recovery_benchmark_v1
comparison_eq_w2,comparison,eq,a == b,"[{""name"":""a"",""role"":""data"",""width"":2},{""name"":""b"",""role"":""data"",""width"":2}]","[{""name"":""y"",""width"":1}]","{""a"":2,""b"":2}","{""y"":1}",unsigned,none,none,{},[],benchmarks/semantic_recovery/rtl/comparison_eq_w2.v,benchmarks/semantic_recovery/blif/source/comparison_eq_w2.blif,true,2,"{""expression"":""a == b"",""kind"":""single_rtl_expression"",""operator"":""eq""}","{""flat_inputs"":[""a_0"",""a_1"",""b_0"",""b_1""],""flat_outputs"":[""y""],""inputs"":[""a"",""b""],""outputs"":[""y""]}",20260716,semantic_recovery_benchmark_v1
comparison_eq_w3,comparison,eq,a == b,"[{""name"":""a"",""role"":""data"",""width"":3},{""name"":""b"",""role"":""data"",""width"":3}]","[{""name"":""y"",""width"":1}]","{""a"":3,""b"":3}","{""y"":1}",unsigned,none,none,{},[],benchmarks/semantic_recovery/rtl/comparison_eq_w3.v,benchmarks/semantic_recovery/blif/source/comparison_eq_w3.blif,true,3,"{""expression"":""a == b"",""kind"":""single_rtl_expression"",""operator"":""eq""}","{""flat_inputs"":[""a_0"",""a_1"",""a_2"",""b_0"",""b_1"",""b_2""],""flat_outputs"":[""y""],""inputs"":[""a"",""b""],""outputs"":[""y""]}",20260716,semantic_recovery_benchmark_v1
comparison_eq_w4,comparison,eq,a == b,"[{""name"":""a"",""role"":""data"",""width"":4},{""name"":""b"",""role"":""data"",""width"":4}]","[{""name"":""y"",""width"":1}]","{""a"":4,""b"":4}","{""y"":1}",unsigned,none,none,{},[],benchmarks/semantic_recovery/rtl/comparison_eq_w4.v,benchmarks/semantic_recovery/blif/source/comparison_eq_w4.blif,true,4,"{""expression"":""a == b"",""kind"":""single_rtl_expression"",""operator"":""eq""}","{""flat_inputs"":[""a_0"",""a_1"",""a_2"",""a_3"",""b_0"",""b_1"",""b_2"",""b_3""],""flat_outputs"":[""y""],""inputs"":[""a"",""b""],""outputs"":[""y""]}",20260716,semantic_recovery_benchmark_v1
comparison_eq_w6,comparison,eq,a == b,"[{""name"":""a"",""role"":""data"",""width"":6},{""name"":""b"",""role"":""data"",""width"":6}]","[{""name"":""y"",""width"":1}]","{""a"":6,""b"":6}","{""y"":1}",unsigned,none,none,{},[],benchmarks/semantic_recovery/rtl/comparison_eq_w6.v,,false,6,"{""expression"":""a == b"",""kind"":""single_rtl_expression"",""operator"":""eq""}","{""flat_inputs"":[""a_0"",""a_1"",""a_2"",""a_3"",""a_4"",""a_5"",""b_0"",""b_1"",""b_2"",""b_3"",""b_4"",""b_5""],""flat_outputs"":[""y""],""inputs"":[""a"",""b""],""outputs"":[""y""]}",20260716,semantic_recovery_benchmark_v1
comparison_eq_w8,comparison,eq,a == b,"[{""name"":""a"",""role"":""data"",""width"":8},{""name"":""b"",""role"":""data"",""width"":8}]","[{""name"":""y"",""width"":1}]","{""a"":8,""b"":8}","{""y"":1}",unsigned,none,none,{},[],benchmarks/semantic_recovery/rtl/comparison_eq_w8.v,,false,8,"{""expression"":""a == b"",""kind"":""single_rtl_expression"",""operator"":""eq""}","{""flat_inputs"":[""a_0"",""a_1"",""a_2"",""a_3"",""a_4"",""a_5"",""a_6"",""a_7"",""b_0"",""b_1"",""b_2"",""b_3"",""b_4"",""b_5"",""b_6"",""b_7""],""flat_outputs"":[""y""],""inputs"":[""a"",""b""],""outputs"":[""y""]}",20260716,semantic_recovery_benchmark_v1
comparison_neq_w12,comparison,neq,a != b,"[{""name"":""a"",""role"":""data"",""width"":12},{""name"":""b"",""role"":""data"",""width"":12}]","[{""name"":""y"",""width"":1}]","{""a"":12,""b"":12}","{""y"":1}",unsigned,none,none,{},[],benchmarks/semantic_recovery/rtl/comparison_neq_w12.v,,false,12,"{""expression"":""a != b"",""kind"":""single_rtl_expression"",""operator"":""neq""}","{""flat_inputs"":[""a_0"",""a_1"",""a_2"",""a_3"",""a_4"",""a_5"",""a_6"",""a_7"",""a_8"",""a_9"",""a_10"",""a_11"",""b_0"",""b_1"",""b_2"",""b_3"",""b_4"",""b_5"",""b_6"",""b_7"",""b_8"",""b_9"",""b_10"",""b_11""],""flat_outputs"":[""y""],""inputs"":[""a"",""b""],""outputs"":[""y""]}",20260716,semantic_recovery_benchmark_v1
comparison_neq_w16,comparison,neq,a != b,"[{""name"":""a"",""role"":""data"",""width"":16},{""name"":""b"",""role"":""data"",""width"":16}]","[{""name"":""y"",""width"":1}]","{""a"":16,""b"":16}","{""y"":1}",unsigned,none,none,{},[],benchmarks/semantic_recovery/rtl/comparison_neq_w16.v,,false,16,"{""expression"":""a != b"",""kind"":""single_rtl_expression"",""operator"":""neq""}","{""flat_inputs"":[""a_0"",""a_1"",""a_2"",""a_3"",""a_4"",""a_5"",""a_6"",""a_7"",""a_8"",""a_9"",""a_10"",""a_11"",""a_12"",""a_13"",""a_14"",""a_15"",""b_0"",""b_1"",""b_2"",""b_3"",""b_4"",""b_5"",""b_6"",""b_7"",""b_8"",""b_9"",""b_10"",""b_11"",""b_12"",""b_13"",""b_14"",""b_15""],""flat_outputs"":[""y""],""inputs"":[""a"",""b""],""outputs"":[""y""]}",20260716,semantic_recovery_benchmark_v1
comparison_neq_w2,comparison,neq,a != b,"[{""name"":""a"",""role"":""data"",""width"":2},{""name"":""b"",""role"":""data"",""width"":2}]","[{""name"":""y"",""width"":1}]","{""a"":2,""b"":2}","{""y"":1}",unsigned,none,none,{},[],benchmarks/semantic_recovery/rtl/comparison_neq_w2.v,benchmarks/semantic_recovery/blif/source/comparison_neq_w2.blif,true,2,"{""expression"":""a != b"",""kind"":""single_rtl_expression"",""operator"":""neq""}","{""flat_inputs"":[""a_0"",""a_1"",""b_0"",""b_1""],""flat_outputs"":[""y""],""inputs"":[""a"",""b""],""outputs"":[""y""]}",20260716,semantic_recovery_benchmark_v1
comparison_neq_w3,comparison,neq,a != b,"[{""name"":""a"",""role"":""data"",""width"":3},{""name"":""b"",""role"":""data"",""width"":3}]","[{""name"":""y"",""width"":1}]","{""a"":3,""b"":3}","{""y"":1}",unsigned,none,none,{},[],benchmarks/semantic_recovery/rtl/comparison_neq_w3.v,benchmarks/semantic_recovery/blif/source/comparison_neq_w3.blif,true,3,"{""expression"":""a != b"",""kind"":""single_rtl_expression"",""operator"":""neq""}","{""flat_inputs"":[""a_0"",""a_1"",""a_2"",""b_0"",""b_1"",""b_2""],""flat_outputs"":[""y""],""inputs"":[""a"",""b""],""outputs"":[""y""]}",20260716,semantic_recovery_benchmark_v1
comparison_neq_w4,comparison,neq,a != b,"[{""name"":""a"",""role"":""data"",""width"":4},{""name"":""b"",""role"":""data"",""width"":4}]","[{""name"":""y"",""width"":1}]","{""a"":4,""b"":4}","{""y"":1}",unsigned,none,none,{},[],benchmarks/semantic_recovery/rtl/comparison_neq_w4.v,benchmarks/semantic_recovery/blif/source/comparison_neq_w4.blif,true,4,"{""expression"":""a != b"",""kind"":""single_rtl_expression"",""operator"":""neq""}","{""flat_inputs"":[""a_0"",""a_1"",""a_2"",""a_3"",""b_0"",""b_1"",""b_2"",""b_3""],""flat_outputs"":[""y""],""inputs"":[""a"",""b""],""outputs"":[""y""]}",20260716,semantic_recovery_benchmark_v1
comparison_neq_w6,comparison,neq,a != b,"[{""name"":""a"",""role"":""data"",""width"":6},{""name"":""b"",""role"":""data"",""width"":6}]","[{""name"":""y"",""width"":1}]","{""a"":6,""b"":6}","{""y"":1}",unsigned,none,none,{},[],benchmarks/semantic_recovery/rtl/comparison_neq_w6.v,,false,6,"{""expression"":""a != b"",""kind"":""single_rtl_expression"",""operator"":""neq""}","{""flat_inputs"":[""a_0"",""a_1"",""a_2"",""a_3"",""a_4"",""a_5"",""b_0"",""b_1"",""b_2"",""b_3"",""b_4"",""b_5""],""flat_outputs"":[""y""],""inputs"":[""a"",""b""],""outputs"":[""y""]}",20260716,semantic_recovery_benchmark_v1
comparison_neq_w8,comparison,neq,a != b,"[{""name"":""a"",""role"":""data"",""width"":8},{""name"":""b"",""role"":""data"",""width"":8}]","[{""name"":""y"",""width"":1}]","{""a"":8,""b"":8}","{""y"":1}",unsigned,none,none,{},[],benchmarks/semantic_recovery/rtl/comparison_neq_w8.v,,false,8,"{""expression"":""a != b"",""kind"":""single_rtl_expression"",""operator"":""neq""}","{""flat_inputs"":[""a_0"",""a_1"",""a_2"",""a_3"",""a_4"",""a_5"",""a_6"",""a_7"",""b_0"",""b_1"",""b_2"",""b_3"",""b_4"",""b_5"",""b_6"",""b_7""],""flat_outputs"":[""y""],""inputs"":[""a"",""b""],""outputs"":[""y""]}",20260716,semantic_recovery_benchmark_v1
comparison_range_check_w12,comparison,range_check,(a >= 2) && (a <= 5),"[{""name"":""a"",""role"":""data"",""width"":12}]","[{""name"":""y"",""width"":1}]","{""a"":12}","{""y"":1}",unsigned,none,none,"{""hi"":5,""lo"":2}",[],benchmarks/semantic_recovery/rtl/comparison_range_check_w12.v,,false,12,"{""expression"":""(a >= 2) && (a <= 5)"",""kind"":""single_rtl_expression"",""operator"":""range_check""}","{""flat_inputs"":[""a_0"",""a_1"",""a_2"",""a_3"",""a_4"",""a_5"",""a_6"",""a_7"",""a_8"",""a_9"",""a_10"",""a_11""],""flat_outputs"":[""y""],""inputs"":[""a""],""outputs"":[""y""]}",20260716,semantic_recovery_benchmark_v1
comparison_range_check_w16,comparison,range_check,(a >= 2) && (a <= 5),"[{""name"":""a"",""role"":""data"",""width"":16}]","[{""name"":""y"",""width"":1}]","{""a"":16}","{""y"":1}",unsigned,none,none,"{""hi"":5,""lo"":2}",[],benchmarks/semantic_recovery/rtl/comparison_range_check_w16.v,,false,16,"{""expression"":""(a >= 2) && (a <= 5)"",""kind"":""single_rtl_expression"",""operator"":""range_check""}","{""flat_inputs"":[""a_0"",""a_1"",""a_2"",""a_3"",""a_4"",""a_5"",""a_6"",""a_7"",""a_8"",""a_9"",""a_10"",""a_11"",""a_12"",""a_13"",""a_14"",""a_15""],""flat_outputs"":[""y""],""inputs"":[""a""],""outputs"":[""y""]}",20260716,semantic_recovery_benchmark_v1
comparison_range_check_w2,comparison,range_check,(a >= 2) && (a <= 5),"[{""name"":""a"",""role"":""data"",""width"":2}]","[{""name"":""y"",""width"":1}]","{""a"":2}","{""y"":1}",unsigned,none,none,"{""hi"":5,""lo"":2}",[],benchmarks/semantic_recovery/rtl/comparison_range_check_w2.v,benchmarks/semantic_recovery/blif/source/comparison_range_check_w2.blif,true,2,"{""expression"":""(a >= 2) && (a <= 5)"",""kind"":""single_rtl_expression"",""operator"":""range_check""}","{""flat_inputs"":[""a_0"",""a_1""],""flat_outputs"":[""y""],""inputs"":[""a""],""outputs"":[""y""]}",20260716,semantic_recovery_benchmark_v1
comparison_range_check_w3,comparison,range_check,(a >= 2) && (a <= 5),"[{""name"":""a"",""role"":""data"",""width"":3}]","[{""name"":""y"",""width"":1}]","{""a"":3}","{""y"":1}",unsigned,none,none,"{""hi"":5,""lo"":2}",[],benchmarks/semantic_recovery/rtl/comparison_range_check_w3.v,benchmarks/semantic_recovery/blif/source/comparison_range_check_w3.blif,true,3,"{""expression"":""(a >= 2) && (a <= 5)"",""kind"":""single_rtl_expression"",""operator"":""range_check""}","{""flat_inputs"":[""a_0"",""a_1"",""a_2""],""flat_outputs"":[""y""],""inputs"":[""a""],""outputs"":[""y""]}",20260716,semantic_recovery_benchmark_v1
comparison_range_check_w4,comparison,range_check,(a >= 2) && (a <= 5),"[{""name"":""a"",""role"":""data"",""width"":4}]","[{""name"":""y"",""width"":1}]","{""a"":4}","{""y"":1}",unsigned,none,none,"{""hi"":5,""lo"":2}",[],benchmarks/semantic_recovery/rtl/comparison_range_check_w4.v,benchmarks/semantic_recovery/blif/source/comparison_range_check_w4.blif,true,4,"{""expression"":""(a >= 2) && (a <= 5)"",""kind"":""single_rtl_expression"",""operator"":""range_check""}","{""flat_inputs"":[""a_0"",""a_1"",""a_2"",""a_3""],""flat_outputs"":[""y""],""inputs"":[""a""],""outputs"":[""y""]}",20260716,semantic_recovery_benchmark_v1
comparison_range_check_w6,comparison,range_check,(a >= 2) && (a <= 5),"[{""name"":""a"",""role"":""data"",""width"":6}]","[{""name"":""y"",""width"":1}]","{""a"":6}","{""y"":1}",unsigned,none,none,"{""hi"":5,""lo"":2}",[],benchmarks/semantic_recovery/rtl/comparison_range_check_w6.v,benchmarks/semantic_recovery/blif/source/comparison_range_check_w6.blif,true,6,"{""expression"":""(a >= 2) && (a <= 5)"",""kind"":""single_rtl_expression"",""operator"":""range_check""}","{""flat_inputs"":[""a_0"",""a_1"",""a_2"",""a_3"",""a_4"",""a_5""],""flat_outputs"":[""y""],""inputs"":[""a""],""outputs"":[""y""]}",20260716,semantic_recovery_benchmark_v1
comparison_range_check_w8,comparison,range_check,(a >= 2) && (a <= 5),"[{""name"":""a"",""role"":""data"",""width"":8}]","[{""name"":""y"",""width"":1}]","{""a"":8}","{""y"":1}",unsigned,none,none,"{""hi"":5,""lo"":2}",[],benchmarks/semantic_recovery/rtl/comparison_range_check_w8.v,benchmarks/semantic_recovery/blif/source/comparison_range_check_w8.blif,true,8,"{""expression"":""(a >= 2) && (a <= 5)"",""kind"":""single_rtl_expression"",""operator"":""range_check""}","{""flat_inputs"":[""a_0"",""a_1"",""a_2"",""a_3"",""a_4"",""a_5"",""a_6"",""a_7""],""flat_outputs"":[""y""],""inputs"":[""a""],""outputs"":[""y""]}",20260716,semantic_recovery_benchmark_v1
comparison_signed_lt_w12,comparison,signed_lt,$signed(a) < $signed(b),"[{""name"":""a"",""role"":""data"",""width"":12},{""name"":""b"",""role"":""data"",""width"":12}]","[{""name"":""y"",""width"":1}]","{""a"":12,""b"":12}","{""y"":1}",signed,none,none,{},[],benchmarks/semantic_recovery/rtl/comparison_signed_lt_w12.v,,false,12,"{""expression"":""$signed(a) < $signed(b)"",""kind"":""single_rtl_expression"",""operator"":""signed_lt""}","{""flat_inputs"":[""a_0"",""a_1"",""a_2"",""a_3"",""a_4"",""a_5"",""a_6"",""a_7"",""a_8"",""a_9"",""a_10"",""a_11"",""b_0"",""b_1"",""b_2"",""b_3"",""b_4"",""b_5"",""b_6"",""b_7"",""b_8"",""b_9"",""b_10"",""b_11""],""flat_outputs"":[""y""],""inputs"":[""a"",""b""],""outputs"":[""y""]}",20260716,semantic_recovery_benchmark_v1
comparison_signed_lt_w16,comparison,signed_lt,$signed(a) < $signed(b),"[{""name"":""a"",""role"":""data"",""width"":16},{""name"":""b"",""role"":""data"",""width"":16}]","[{""name"":""y"",""width"":1}]","{""a"":16,""b"":16}","{""y"":1}",signed,none,none,{},[],benchmarks/semantic_recovery/rtl/comparison_signed_lt_w16.v,,false,16,"{""expression"":""$signed(a) < $signed(b)"",""kind"":""single_rtl_expression"",""operator"":""signed_lt""}","{""flat_inputs"":[""a_0"",""a_1"",""a_2"",""a_3"",""a_4"",""a_5"",""a_6"",""a_7"",""a_8"",""a_9"",""a_10"",""a_11"",""a_12"",""a_13"",""a_14"",""a_15"",""b_0"",""b_1"",""b_2"",""b_3"",""b_4"",""b_5"",""b_6"",""b_7"",""b_8"",""b_9"",""b_10"",""b_11"",""b_12"",""b_13"",""b_14"",""b_15""],""flat_outputs"":[""y""],""inputs"":[""a"",""b""],""outputs"":[""y""]}",20260716,semantic_recovery_benchmark_v1
comparison_signed_lt_w2,comparison,signed_lt,$signed(a) < $signed(b),"[{""name"":""a"",""role"":""data"",""width"":2},{""name"":""b"",""role"":""data"",""width"":2}]","[{""name"":""y"",""width"":1}]","{""a"":2,""b"":2}","{""y"":1}",signed,none,none,{},[],benchmarks/semantic_recovery/rtl/comparison_signed_lt_w2.v,benchmarks/semantic_recovery/blif/source/comparison_signed_lt_w2.blif,true,2,"{""expression"":""$signed(a) < $signed(b)"",""kind"":""single_rtl_expression"",""operator"":""signed_lt""}","{""flat_inputs"":[""a_0"",""a_1"",""b_0"",""b_1""],""flat_outputs"":[""y""],""inputs"":[""a"",""b""],""outputs"":[""y""]}",20260716,semantic_recovery_benchmark_v1
comparison_signed_lt_w3,comparison,signed_lt,$signed(a) < $signed(b),"[{""name"":""a"",""role"":""data"",""width"":3},{""name"":""b"",""role"":""data"",""width"":3}]","[{""name"":""y"",""width"":1}]","{""a"":3,""b"":3}","{""y"":1}",signed,none,none,{},[],benchmarks/semantic_recovery/rtl/comparison_signed_lt_w3.v,benchmarks/semantic_recovery/blif/source/comparison_signed_lt_w3.blif,true,3,"{""expression"":""$signed(a) < $signed(b)"",""kind"":""single_rtl_expression"",""operator"":""signed_lt""}","{""flat_inputs"":[""a_0"",""a_1"",""a_2"",""b_0"",""b_1"",""b_2""],""flat_outputs"":[""y""],""inputs"":[""a"",""b""],""outputs"":[""y""]}",20260716,semantic_recovery_benchmark_v1
comparison_signed_lt_w4,comparison,signed_lt,$signed(a) < $signed(b),"[{""name"":""a"",""role"":""data"",""width"":4},{""name"":""b"",""role"":""data"",""width"":4}]","[{""name"":""y"",""width"":1}]","{""a"":4,""b"":4}","{""y"":1}",signed,none,none,{},[],benchmarks/semantic_recovery/rtl/comparison_signed_lt_w4.v,benchmarks/semantic_recovery/blif/source/comparison_signed_lt_w4.blif,true,4,"{""expression"":""$signed(a) < $signed(b)"",""kind"":""single_rtl_expression"",""operator"":""signed_lt""}","{""flat_inputs"":[""a_0"",""a_1"",""a_2"",""a_3"",""b_0"",""b_1"",""b_2"",""b_3""],""flat_outputs"":[""y""],""inputs"":[""a"",""b""],""outputs"":[""y""]}",20260716,semantic_recovery_benchmark_v1
comparison_signed_lt_w6,comparison,signed_lt,$signed(a) < $signed(b),"[{""name"":""a"",""role"":""data"",""width"":6},{""name"":""b"",""role"":""data"",""width"":6}]","[{""name"":""y"",""width"":1}]","{""a"":6,""b"":6}","{""y"":1}",signed,none,none,{},[],benchmarks/semantic_recovery/rtl/comparison_signed_lt_w6.v,,false,6,"{""expression"":""$signed(a) < $signed(b)"",""kind"":""single_rtl_expression"",""operator"":""signed_lt""}","{""flat_inputs"":[""a_0"",""a_1"",""a_2"",""a_3"",""a_4"",""a_5"",""b_0"",""b_1"",""b_2"",""b_3"",""b_4"",""b_5""],""flat_outputs"":[""y""],""inputs"":[""a"",""b""],""outputs"":[""y""]}",20260716,semantic_recovery_benchmark_v1
comparison_signed_lt_w8,comparison,signed_lt,$signed(a) < $signed(b),"[{""name"":""a"",""role"":""data"",""width"":8},{""name"":""b"",""role"":""data"",""width"":8}]","[{""name"":""y"",""width"":1}]","{""a"":8,""b"":8}","{""y"":1}",signed,none,none,{},[],benchmarks/semantic_recovery/rtl/comparison_signed_lt_w8.v,,false,8,"{""expression"":""$signed(a) < $signed(b)"",""kind"":""single_rtl_expression"",""operator"":""signed_lt""}","{""flat_inputs"":[""a_0"",""a_1"",""a_2"",""a_3"",""a_4"",""a_5"",""a_6"",""a_7"",""b_0"",""b_1"",""b_2"",""b_3"",""b_4"",""b_5"",""b_6"",""b_7""],""flat_outputs"":[""y""],""inputs"":[""a"",""b""],""outputs"":[""y""]}",20260716,semantic_recovery_benchmark_v1
comparison_unsigned_le_w12,comparison,unsigned_le,a <= b,"[{""name"":""a"",""role"":""data"",""width"":12},{""name"":""b"",""role"":""data"",""width"":12}]","[{""name"":""y"",""width"":1}]","{""a"":12,""b"":12}","{""y"":1}",unsigned,none,none,{},[],benchmarks/semantic_recovery/rtl/comparison_unsigned_le_w12.v,,false,12,"{""expression"":""a <= b"",""kind"":""single_rtl_expression"",""operator"":""unsigned_le""}","{""flat_inputs"":[""a_0"",""a_1"",""a_2"",""a_3"",""a_4"",""a_5"",""a_6"",""a_7"",""a_8"",""a_9"",""a_10"",""a_11"",""b_0"",""b_1"",""b_2"",""b_3"",""b_4"",""b_5"",""b_6"",""b_7"",""b_8"",""b_9"",""b_10"",""b_11""],""flat_outputs"":[""y""],""inputs"":[""a"",""b""],""outputs"":[""y""]}",20260716,semantic_recovery_benchmark_v1
comparison_unsigned_le_w16,comparison,unsigned_le,a <= b,"[{""name"":""a"",""role"":""data"",""width"":16},{""name"":""b"",""role"":""data"",""width"":16}]","[{""name"":""y"",""width"":1}]","{""a"":16,""b"":16}","{""y"":1}",unsigned,none,none,{},[],benchmarks/semantic_recovery/rtl/comparison_unsigned_le_w16.v,,false,16,"{""expression"":""a <= b"",""kind"":""single_rtl_expression"",""operator"":""unsigned_le""}","{""flat_inputs"":[""a_0"",""a_1"",""a_2"",""a_3"",""a_4"",""a_5"",""a_6"",""a_7"",""a_8"",""a_9"",""a_10"",""a_11"",""a_12"",""a_13"",""a_14"",""a_15"",""b_0"",""b_1"",""b_2"",""b_3"",""b_4"",""b_5"",""b_6"",""b_7"",""b_8"",""b_9"",""b_10"",""b_11"",""b_12"",""b_13"",""b_14"",""b_15""],""flat_outputs"":[""y""],""inputs"":[""a"",""b""],""outputs"":[""y""]}",20260716,semantic_recovery_benchmark_v1
comparison_unsigned_le_w2,comparison,unsigned_le,a <= b,"[{""name"":""a"",""role"":""data"",""width"":2},{""name"":""b"",""role"":""data"",""width"":2}]","[{""name"":""y"",""width"":1}]","{""a"":2,""b"":2}","{""y"":1}",unsigned,none,none,{},[],benchmarks/semantic_recovery/rtl/comparison_unsigned_le_w2.v,benchmarks/semantic_recovery/blif/source/comparison_unsigned_le_w2.blif,true,2,"{""expression"":""a <= b"",""kind"":""single_rtl_expression"",""operator"":""unsigned_le""}","{""flat_inputs"":[""a_0"",""a_1"",""b_0"",""b_1""],""flat_outputs"":[""y""],""inputs"":[""a"",""b""],""outputs"":[""y""]}",20260716,semantic_recovery_benchmark_v1
comparison_unsigned_le_w3,comparison,unsigned_le,a <= b,"[{""name"":""a"",""role"":""data"",""width"":3},{""name"":""b"",""role"":""data"",""width"":3}]","[{""name"":""y"",""width"":1}]","{""a"":3,""b"":3}","{""y"":1}",unsigned,none,none,{},[],benchmarks/semantic_recovery/rtl/comparison_unsigned_le_w3.v,benchmarks/semantic_recovery/blif/source/comparison_unsigned_le_w3.blif,true,3,"{""expression"":""a <= b"",""kind"":""single_rtl_expression"",""operator"":""unsigned_le""}","{""flat_inputs"":[""a_0"",""a_1"",""a_2"",""b_0"",""b_1"",""b_2""],""flat_outputs"":[""y""],""inputs"":[""a"",""b""],""outputs"":[""y""]}",20260716,semantic_recovery_benchmark_v1
comparison_unsigned_le_w4,comparison,unsigned_le,a <= b,"[{""name"":""a"",""role"":""data"",""width"":4},{""name"":""b"",""role"":""data"",""width"":4}]","[{""name"":""y"",""width"":1}]","{""a"":4,""b"":4}","{""y"":1}",unsigned,none,none,{},[],benchmarks/semantic_recovery/rtl/comparison_unsigned_le_w4.v,benchmarks/semantic_recovery/blif/source/comparison_unsigned_le_w4.blif,true,4,"{""expression"":""a <= b"",""kind"":""single_rtl_expression"",""operator"":""unsigned_le""}","{""flat_inputs"":[""a_0"",""a_1"",""a_2"",""a_3"",""b_0"",""b_1"",""b_2"",""b_3""],""flat_outputs"":[""y""],""inputs"":[""a"",""b""],""outputs"":[""y""]}",20260716,semantic_recovery_benchmark_v1
comparison_unsigned_le_w6,comparison,unsigned_le,a <= b,"[{""name"":""a"",""role"":""data"",""width"":6},{""name"":""b"",""role"":""data"",""width"":6}]","[{""name"":""y"",""width"":1}]","{""a"":6,""b"":6}","{""y"":1}",unsigned,none,none,{},[],benchmarks/semantic_recovery/rtl/comparison_unsigned_le_w6.v,,false,6,"{""expression"":""a <= b"",""kind"":""single_rtl_expression"",""operator"":""unsigned_le""}","{""flat_inputs"":[""a_0"",""a_1"",""a_2"",""a_3"",""a_4"",""a_5"",""b_0"",""b_1"",""b_2"",""b_3"",""b_4"",""b_5""],""flat_outputs"":[""y""],""inputs"":[""a"",""b""],""outputs"":[""y""]}",20260716,semantic_recovery_benchmark_v1
comparison_unsigned_le_w8,comparison,unsigned_le,a <= b,"[{""name"":""a"",""role"":""data"",""width"":8},{""name"":""b"",""role"":""data"",""width"":8}]","[{""name"":""y"",""width"":1}]","{""a"":8,""b"":8}","{""y"":1}",unsigned,none,none,{},[],benchmarks/semantic_recovery/rtl/comparison_unsigned_le_w8.v,,false,8,"{""expression"":""a <= b"",""kind"":""single_rtl_expression"",""operator"":""unsigned_le""}","{""flat_inputs"":[""a_0"",""a_1"",""a_2"",""a_3"",""a_4"",""a_5"",""a_6"",""a_7"",""b_0"",""b_1"",""b_2"",""b_3"",""b_4"",""b_5"",""b_6"",""b_7""],""flat_outputs"":[""y""],""inputs"":[""a"",""b""],""outputs"":[""y""]}",20260716,semantic_recovery_benchmark_v1
comparison_unsigned_lt_w12,comparison,unsigned_lt,a < b,"[{""name"":""a"",""role"":""data"",""width"":12},{""name"":""b"",""role"":""data"",""width"":12}]","[{""name"":""y"",""width"":1}]","{""a"":12,""b"":12}","{""y"":1}",unsigned,none,none,{},[],benchmarks/semantic_recovery/rtl/comparison_unsigned_lt_w12.v,,false,12,"{""expression"":""a < b"",""kind"":""single_rtl_expression"",""operator"":""unsigned_lt""}","{""flat_inputs"":[""a_0"",""a_1"",""a_2"",""a_3"",""a_4"",""a_5"",""a_6"",""a_7"",""a_8"",""a_9"",""a_10"",""a_11"",""b_0"",""b_1"",""b_2"",""b_3"",""b_4"",""b_5"",""b_6"",""b_7"",""b_8"",""b_9"",""b_10"",""b_11""],""flat_outputs"":[""y""],""inputs"":[""a"",""b""],""outputs"":[""y""]}",20260716,semantic_recovery_benchmark_v1
comparison_unsigned_lt_w16,comparison,unsigned_lt,a < b,"[{""name"":""a"",""role"":""data"",""width"":16},{""name"":""b"",""role"":""data"",""width"":16}]","[{""name"":""y"",""width"":1}]","{""a"":16,""b"":16}","{""y"":1}",unsigned,none,none,{},[],benchmarks/semantic_recovery/rtl/comparison_unsigned_lt_w16.v,,false,16,"{""expression"":""a < b"",""kind"":""single_rtl_expression"",""operator"":""unsigned_lt""}","{""flat_inputs"":[""a_0"",""a_1"",""a_2"",""a_3"",""a_4"",""a_5"",""a_6"",""a_7"",""a_8"",""a_9"",""a_10"",""a_11"",""a_12"",""a_13"",""a_14"",""a_15"",""b_0"",""b_1"",""b_2"",""b_3"",""b_4"",""b_5"",""b_6"",""b_7"",""b_8"",""b_9"",""b_10"",""b_11"",""b_12"",""b_13"",""b_14"",""b_15""],""flat_outputs"":[""y""],""inputs"":[""a"",""b""],""outputs"":[""y""]}",20260716,semantic_recovery_benchmark_v1
comparison_unsigned_lt_w2,comparison,unsigned_lt,a < b,"[{""name"":""a"",""role"":""data"",""width"":2},{""name"":""b"",""role"":""data"",""width"":2}]","[{""name"":""y"",""width"":1}]","{""a"":2,""b"":2}","{""y"":1}",unsigned,none,none,{},[],benchmarks/semantic_recovery/rtl/comparison_unsigned_lt_w2.v,benchmarks/semantic_recovery/blif/source/comparison_unsigned_lt_w2.blif,true,2,"{""expression"":""a < b"",""kind"":""single_rtl_expression"",""operator"":""unsigned_lt""}","{""flat_inputs"":[""a_0"",""a_1"",""b_0"",""b_1""],""flat_outputs"":[""y""],""inputs"":[""a"",""b""],""outputs"":[""y""]}",20260716,semantic_recovery_benchmark_v1
comparison_unsigned_lt_w3,comparison,unsigned_lt,a < b,"[{""name"":""a"",""role"":""data"",""width"":3},{""name"":""b"",""role"":""data"",""width"":3}]","[{""name"":""y"",""width"":1}]","{""a"":3,""b"":3}","{""y"":1}",unsigned,none,none,{},[],benchmarks/semantic_recovery/rtl/comparison_unsigned_lt_w3.v,benchmarks/semantic_recovery/blif/source/comparison_unsigned_lt_w3.blif,true,3,"{""expression"":""a < b"",""kind"":""single_rtl_expression"",""operator"":""unsigned_lt""}","{""flat_inputs"":[""a_0"",""a_1"",""a_2"",""b_0"",""b_1"",""b_2""],""flat_outputs"":[""y""],""inputs"":[""a"",""b""],""outputs"":[""y""]}",20260716,semantic_recovery_benchmark_v1
comparison_unsigned_lt_w4,comparison,unsigned_lt,a < b,"[{""name"":""a"",""role"":""data"",""width"":4},{""name"":""b"",""role"":""data"",""width"":4}]","[{""name"":""y"",""width"":1}]","{""a"":4,""b"":4}","{""y"":1}",unsigned,none,none,{},[],benchmarks/semantic_recovery/rtl/comparison_unsigned_lt_w4.v,benchmarks/semantic_recovery/blif/source/comparison_unsigned_lt_w4.blif,true,4,"{""expression"":""a < b"",""kind"":""single_rtl_expression"",""operator"":""unsigned_lt""}","{""flat_inputs"":[""a_0"",""a_1"",""a_2"",""a_3"",""b_0"",""b_1"",""b_2"",""b_3""],""flat_outputs"":[""y""],""inputs"":[""a"",""b""],""outputs"":[""y""]}",20260716,semantic_recovery_benchmark_v1
comparison_unsigned_lt_w6,comparison,unsigned_lt,a < b,"[{""name"":""a"",""role"":""data"",""width"":6},{""name"":""b"",""role"":""data"",""width"":6}]","[{""name"":""y"",""width"":1}]","{""a"":6,""b"":6}","{""y"":1}",unsigned,none,none,{},[],benchmarks/semantic_recovery/rtl/comparison_unsigned_lt_w6.v,,false,6,"{""expression"":""a < b"",""kind"":""single_rtl_expression"",""operator"":""unsigned_lt""}","{""flat_inputs"":[""a_0"",""a_1"",""a_2"",""a_3"",""a_4"",""a_5"",""b_0"",""b_1"",""b_2"",""b_3"",""b_4"",""b_5""],""flat_outputs"":[""y""],""inputs"":[""a"",""b""],""outputs"":[""y""]}",20260716,semantic_recovery_benchmark_v1
comparison_unsigned_lt_w8,comparison,unsigned_lt,a < b,"[{""name"":""a"",""role"":""data"",""width"":8},{""name"":""b"",""role"":""data"",""width"":8}]","[{""name"":""y"",""width"":1}]","{""a"":8,""b"":8}","{""y"":1}",unsigned,none,none,{},[],benchmarks/semantic_recovery/rtl/comparison_unsigned_lt_w8.v,,false,8,"{""expression"":""a < b"",""kind"":""single_rtl_expression"",""operator"":""unsigned_lt""}","{""flat_inputs"":[""a_0"",""a_1"",""a_2"",""a_3"",""a_4"",""a_5"",""a_6"",""a_7"",""b_0"",""b_1"",""b_2"",""b_3"",""b_4"",""b_5"",""b_6"",""b_7""],""flat_outputs"":[""y""],""inputs"":[""a"",""b""],""outputs"":[""y""]}",20260716,semantic_recovery_benchmark_v1
control_arithmetic_select_w12,control,arithmetic_select,sel ? (a + b) : (a ^ b),"[{""name"":""a"",""role"":""data"",""width"":12},{""name"":""b"",""role"":""data"",""width"":12},{""name"":""sel"",""role"":""control"",""width"":1}]","[{""name"":""y"",""width"":13}]","{""a"":12,""b"":12,""sel"":1}","{""y"":13}",unsigned,none,none,{},"[""sel""]",benchmarks/semantic_recovery/rtl/control_arithmetic_select_w12.v,,false,24,"{""expression"":""sel ? (a + b) : (a ^ b)"",""kind"":""single_rtl_expression"",""operator"":""arithmetic_select""}","{""flat_inputs"":[""a_0"",""a_1"",""a_2"",""a_3"",""a_4"",""a_5"",""a_6"",""a_7"",""a_8"",""a_9"",""a_10"",""a_11"",""b_0"",""b_1"",""b_2"",""b_3"",""b_4"",""b_5"",""b_6"",""b_7"",""b_8"",""b_9"",""b_10"",""b_11"",""sel""],""flat_outputs"":[""y_0"",""y_1"",""y_2"",""y_3"",""y_4"",""y_5"",""y_6"",""y_7"",""y_8"",""y_9"",""y_10"",""y_11"",""y_12""],""inputs"":[""a"",""b"",""sel""],""outputs"":[""y""]}",20260716,semantic_recovery_benchmark_v1
control_arithmetic_select_w16,control,arithmetic_select,sel ? (a + b) : (a ^ b),"[{""name"":""a"",""role"":""data"",""width"":16},{""name"":""b"",""role"":""data"",""width"":16},{""name"":""sel"",""role"":""control"",""width"":1}]","[{""name"":""y"",""width"":17}]","{""a"":16,""b"":16,""sel"":1}","{""y"":17}",unsigned,none,none,{},"[""sel""]",benchmarks/semantic_recovery/rtl/control_arithmetic_select_w16.v,,false,32,"{""expression"":""sel ? (a + b) : (a ^ b)"",""kind"":""single_rtl_expression"",""operator"":""arithmetic_select""}","{""flat_inputs"":[""a_0"",""a_1"",""a_2"",""a_3"",""a_4"",""a_5"",""a_6"",""a_7"",""a_8"",""a_9"",""a_10"",""a_11"",""a_12"",""a_13"",""a_14"",""a_15"",""b_0"",""b_1"",""b_2"",""b_3"",""b_4"",""b_5"",""b_6"",""b_7"",""b_8"",""b_9"",""b_10"",""b_11"",""b_12"",""b_13"",""b_14"",""b_15"",""sel""],""flat_outputs"":[""y_0"",""y_1"",""y_2"",""y_3"",""y_4"",""y_5"",""y_6"",""y_7"",""y_8"",""y_9"",""y_10"",""y_11"",""y_12"",""y_13"",""y_14"",""y_15"",""y_16""],""inputs"":[""a"",""b"",""sel""],""outputs"":[""y""]}",20260716,semantic_recovery_benchmark_v1
control_arithmetic_select_w2,control,arithmetic_select,sel ? (a + b) : (a ^ b),"[{""name"":""a"",""role"":""data"",""width"":2},{""name"":""b"",""role"":""data"",""width"":2},{""name"":""sel"",""role"":""control"",""width"":1}]","[{""name"":""y"",""width"":3}]","{""a"":2,""b"":2,""sel"":1}","{""y"":3}",unsigned,none,none,{},"[""sel""]",benchmarks/semantic_recovery/rtl/control_arithmetic_select_w2.v,benchmarks/semantic_recovery/blif/source/control_arithmetic_select_w2.blif,true,4,"{""expression"":""sel ? (a + b) : (a ^ b)"",""kind"":""single_rtl_expression"",""operator"":""arithmetic_select""}","{""flat_inputs"":[""a_0"",""a_1"",""b_0"",""b_1"",""sel""],""flat_outputs"":[""y_0"",""y_1"",""y_2""],""inputs"":[""a"",""b"",""sel""],""outputs"":[""y""]}",20260716,semantic_recovery_benchmark_v1
control_arithmetic_select_w3,control,arithmetic_select,sel ? (a + b) : (a ^ b),"[{""name"":""a"",""role"":""data"",""width"":3},{""name"":""b"",""role"":""data"",""width"":3},{""name"":""sel"",""role"":""control"",""width"":1}]","[{""name"":""y"",""width"":4}]","{""a"":3,""b"":3,""sel"":1}","{""y"":4}",unsigned,none,none,{},"[""sel""]",benchmarks/semantic_recovery/rtl/control_arithmetic_select_w3.v,benchmarks/semantic_recovery/blif/source/control_arithmetic_select_w3.blif,true,6,"{""expression"":""sel ? (a + b) : (a ^ b)"",""kind"":""single_rtl_expression"",""operator"":""arithmetic_select""}","{""flat_inputs"":[""a_0"",""a_1"",""a_2"",""b_0"",""b_1"",""b_2"",""sel""],""flat_outputs"":[""y_0"",""y_1"",""y_2"",""y_3""],""inputs"":[""a"",""b"",""sel""],""outputs"":[""y""]}",20260716,semantic_recovery_benchmark_v1
control_arithmetic_select_w4,control,arithmetic_select,sel ? (a + b) : (a ^ b),"[{""name"":""a"",""role"":""data"",""width"":4},{""name"":""b"",""role"":""data"",""width"":4},{""name"":""sel"",""role"":""control"",""width"":1}]","[{""name"":""y"",""width"":5}]","{""a"":4,""b"":4,""sel"":1}","{""y"":5}",unsigned,none,none,{},"[""sel""]",benchmarks/semantic_recovery/rtl/control_arithmetic_select_w4.v,,false,8,"{""expression"":""sel ? (a + b) : (a ^ b)"",""kind"":""single_rtl_expression"",""operator"":""arithmetic_select""}","{""flat_inputs"":[""a_0"",""a_1"",""a_2"",""a_3"",""b_0"",""b_1"",""b_2"",""b_3"",""sel""],""flat_outputs"":[""y_0"",""y_1"",""y_2"",""y_3"",""y_4""],""inputs"":[""a"",""b"",""sel""],""outputs"":[""y""]}",20260716,semantic_recovery_benchmark_v1
control_arithmetic_select_w6,control,arithmetic_select,sel ? (a + b) : (a ^ b),"[{""name"":""a"",""role"":""data"",""width"":6},{""name"":""b"",""role"":""data"",""width"":6},{""name"":""sel"",""role"":""control"",""width"":1}]","[{""name"":""y"",""width"":7}]","{""a"":6,""b"":6,""sel"":1}","{""y"":7}",unsigned,none,none,{},"[""sel""]",benchmarks/semantic_recovery/rtl/control_arithmetic_select_w6.v,,false,12,"{""expression"":""sel ? (a + b) : (a ^ b)"",""kind"":""single_rtl_expression"",""operator"":""arithmetic_select""}","{""flat_inputs"":[""a_0"",""a_1"",""a_2"",""a_3"",""a_4"",""a_5"",""b_0"",""b_1"",""b_2"",""b_3"",""b_4"",""b_5"",""sel""],""flat_outputs"":[""y_0"",""y_1"",""y_2"",""y_3"",""y_4"",""y_5"",""y_6""],""inputs"":[""a"",""b"",""sel""],""outputs"":[""y""]}",20260716,semantic_recovery_benchmark_v1
control_arithmetic_select_w8,control,arithmetic_select,sel ? (a + b) : (a ^ b),"[{""name"":""a"",""role"":""data"",""width"":8},{""name"":""b"",""role"":""data"",""width"":8},{""name"":""sel"",""role"":""control"",""width"":1}]","[{""name"":""y"",""width"":9}]","{""a"":8,""b"":8,""sel"":1}","{""y"":9}",unsigned,none,none,{},"[""sel""]",benchmarks/semantic_recovery/rtl/control_arithmetic_select_w8.v,,false,16,"{""expression"":""sel ? (a + b) : (a ^ b)"",""kind"":""single_rtl_expression"",""operator"":""arithmetic_select""}","{""flat_inputs"":[""a_0"",""a_1"",""a_2"",""a_3"",""a_4"",""a_5"",""a_6"",""a_7"",""b_0"",""b_1"",""b_2"",""b_3"",""b_4"",""b_5"",""b_6"",""b_7"",""sel""],""flat_outputs"":[""y_0"",""y_1"",""y_2"",""y_3"",""y_4"",""y_5"",""y_6"",""y_7"",""y_8""],""inputs"":[""a"",""b"",""sel""],""outputs"":[""y""]}",20260716,semantic_recovery_benchmark_v1
control_mux2_w12,control,mux2,sel ? b : a,"[{""name"":""a"",""role"":""data"",""width"":12},{""name"":""b"",""role"":""data"",""width"":12},{""name"":""sel"",""role"":""control"",""width"":1}]","[{""name"":""y"",""width"":12}]","{""a"":12,""b"":12,""sel"":1}","{""y"":12}",unsigned,none,none,{},"[""sel""]",benchmarks/semantic_recovery/rtl/control_mux2_w12.v,,false,12,"{""expression"":""sel ? b : a"",""kind"":""single_rtl_expression"",""operator"":""mux2""}","{""flat_inputs"":[""a_0"",""a_1"",""a_2"",""a_3"",""a_4"",""a_5"",""a_6"",""a_7"",""a_8"",""a_9"",""a_10"",""a_11"",""b_0"",""b_1"",""b_2"",""b_3"",""b_4"",""b_5"",""b_6"",""b_7"",""b_8"",""b_9"",""b_10"",""b_11"",""sel""],""flat_outputs"":[""y_0"",""y_1"",""y_2"",""y_3"",""y_4"",""y_5"",""y_6"",""y_7"",""y_8"",""y_9"",""y_10"",""y_11""],""inputs"":[""a"",""b"",""sel""],""outputs"":[""y""]}",20260716,semantic_recovery_benchmark_v1
control_mux2_w16,control,mux2,sel ? b : a,"[{""name"":""a"",""role"":""data"",""width"":16},{""name"":""b"",""role"":""data"",""width"":16},{""name"":""sel"",""role"":""control"",""width"":1}]","[{""name"":""y"",""width"":16}]","{""a"":16,""b"":16,""sel"":1}","{""y"":16}",unsigned,none,none,{},"[""sel""]",benchmarks/semantic_recovery/rtl/control_mux2_w16.v,,false,16,"{""expression"":""sel ? b : a"",""kind"":""single_rtl_expression"",""operator"":""mux2""}","{""flat_inputs"":[""a_0"",""a_1"",""a_2"",""a_3"",""a_4"",""a_5"",""a_6"",""a_7"",""a_8"",""a_9"",""a_10"",""a_11"",""a_12"",""a_13"",""a_14"",""a_15"",""b_0"",""b_1"",""b_2"",""b_3"",""b_4"",""b_5"",""b_6"",""b_7"",""b_8"",""b_9"",""b_10"",""b_11"",""b_12"",""b_13"",""b_14"",""b_15"",""sel""],""flat_outputs"":[""y_0"",""y_1"",""y_2"",""y_3"",""y_4"",""y_5"",""y_6"",""y_7"",""y_8"",""y_9"",""y_10"",""y_11"",""y_12"",""y_13"",""y_14"",""y_15""],""inputs"":[""a"",""b"",""sel""],""outputs"":[""y""]}",20260716,semantic_recovery_benchmark_v1
control_mux2_w2,control,mux2,sel ? b : a,"[{""name"":""a"",""role"":""data"",""width"":2},{""name"":""b"",""role"":""data"",""width"":2},{""name"":""sel"",""role"":""control"",""width"":1}]","[{""name"":""y"",""width"":2}]","{""a"":2,""b"":2,""sel"":1}","{""y"":2}",unsigned,none,none,{},"[""sel""]",benchmarks/semantic_recovery/rtl/control_mux2_w2.v,benchmarks/semantic_recovery/blif/source/control_mux2_w2.blif,true,2,"{""expression"":""sel ? b : a"",""kind"":""single_rtl_expression"",""operator"":""mux2""}","{""flat_inputs"":[""a_0"",""a_1"",""b_0"",""b_1"",""sel""],""flat_outputs"":[""y_0"",""y_1""],""inputs"":[""a"",""b"",""sel""],""outputs"":[""y""]}",20260716,semantic_recovery_benchmark_v1
control_mux2_w3,control,mux2,sel ? b : a,"[{""name"":""a"",""role"":""data"",""width"":3},{""name"":""b"",""role"":""data"",""width"":3},{""name"":""sel"",""role"":""control"",""width"":1}]","[{""name"":""y"",""width"":3}]","{""a"":3,""b"":3,""sel"":1}","{""y"":3}",unsigned,none,none,{},"[""sel""]",benchmarks/semantic_recovery/rtl/control_mux2_w3.v,benchmarks/semantic_recovery/blif/source/control_mux2_w3.blif,true,3,"{""expression"":""sel ? b : a"",""kind"":""single_rtl_expression"",""operator"":""mux2""}","{""flat_inputs"":[""a_0"",""a_1"",""a_2"",""b_0"",""b_1"",""b_2"",""sel""],""flat_outputs"":[""y_0"",""y_1"",""y_2""],""inputs"":[""a"",""b"",""sel""],""outputs"":[""y""]}",20260716,semantic_recovery_benchmark_v1
control_mux2_w4,control,mux2,sel ? b : a,"[{""name"":""a"",""role"":""data"",""width"":4},{""name"":""b"",""role"":""data"",""width"":4},{""name"":""sel"",""role"":""control"",""width"":1}]","[{""name"":""y"",""width"":4}]","{""a"":4,""b"":4,""sel"":1}","{""y"":4}",unsigned,none,none,{},"[""sel""]",benchmarks/semantic_recovery/rtl/control_mux2_w4.v,,false,4,"{""expression"":""sel ? b : a"",""kind"":""single_rtl_expression"",""operator"":""mux2""}","{""flat_inputs"":[""a_0"",""a_1"",""a_2"",""a_3"",""b_0"",""b_1"",""b_2"",""b_3"",""sel""],""flat_outputs"":[""y_0"",""y_1"",""y_2"",""y_3""],""inputs"":[""a"",""b"",""sel""],""outputs"":[""y""]}",20260716,semantic_recovery_benchmark_v1
control_mux2_w6,control,mux2,sel ? b : a,"[{""name"":""a"",""role"":""data"",""width"":6},{""name"":""b"",""role"":""data"",""width"":6},{""name"":""sel"",""role"":""control"",""width"":1}]","[{""name"":""y"",""width"":6}]","{""a"":6,""b"":6,""sel"":1}","{""y"":6}",unsigned,none,none,{},"[""sel""]",benchmarks/semantic_recovery/rtl/control_mux2_w6.v,,false,6,"{""expression"":""sel ? b : a"",""kind"":""single_rtl_expression"",""operator"":""mux2""}","{""flat_inputs"":[""a_0"",""a_1"",""a_2"",""a_3"",""a_4"",""a_5"",""b_0"",""b_1"",""b_2"",""b_3"",""b_4"",""b_5"",""sel""],""flat_outputs"":[""y_0"",""y_1"",""y_2"",""y_3"",""y_4"",""y_5""],""inputs"":[""a"",""b"",""sel""],""outputs"":[""y""]}",20260716,semantic_recovery_benchmark_v1
control_mux2_w8,control,mux2,sel ? b : a,"[{""name"":""a"",""role"":""data"",""width"":8},{""name"":""b"",""role"":""data"",""width"":8},{""name"":""sel"",""role"":""control"",""width"":1}]","[{""name"":""y"",""width"":8}]","{""a"":8,""b"":8,""sel"":1}","{""y"":8}",unsigned,none,none,{},"[""sel""]",benchmarks/semantic_recovery/rtl/control_mux2_w8.v,,false,8,"{""expression"":""sel ? b : a"",""kind"":""single_rtl_expression"",""operator"":""mux2""}","{""flat_inputs"":[""a_0"",""a_1"",""a_2"",""a_3"",""a_4"",""a_5"",""a_6"",""a_7"",""b_0"",""b_1"",""b_2"",""b_3"",""b_4"",""b_5"",""b_6"",""b_7"",""sel""],""flat_outputs"":[""y_0"",""y_1"",""y_2"",""y_3"",""y_4"",""y_5"",""y_6"",""y_7""],""inputs"":[""a"",""b"",""sel""],""outputs"":[""y""]}",20260716,semantic_recovery_benchmark_v1
control_nested_mux_w12,control,nested_mux,sel0 ? (sel1 ? c : b) : a,"[{""name"":""a"",""role"":""data"",""width"":12},{""name"":""b"",""role"":""data"",""width"":12},{""name"":""c"",""role"":""data"",""width"":12},{""name"":""sel0"",""role"":""control"",""width"":1},{""name"":""sel1"",""role"":""control"",""width"":1}]","[{""name"":""y"",""width"":12}]","{""a"":12,""b"":12,""c"":12,""sel0"":1,""sel1"":1}","{""y"":12}",unsigned,none,none,{},"[""sel0"",""sel1""]",benchmarks/semantic_recovery/rtl/control_nested_mux_w12.v,,false,24,"{""expression"":""sel0 ? (sel1 ? c : b) : a"",""kind"":""single_rtl_expression"",""operator"":""nested_mux""}","{""flat_inputs"":[""a_0"",""a_1"",""a_2"",""a_3"",""a_4"",""a_5"",""a_6"",""a_7"",""a_8"",""a_9"",""a_10"",""a_11"",""b_0"",""b_1"",""b_2"",""b_3"",""b_4"",""b_5"",""b_6"",""b_7"",""b_8"",""b_9"",""b_10"",""b_11"",""c_0"",""c_1"",""c_2"",""c_3"",""c_4"",""c_5"",""c_6"",""c_7"",""c_8"",""c_9"",""c_10"",""c_11"",""sel0"",""sel1""],""flat_outputs"":[""y_0"",""y_1"",""y_2"",""y_3"",""y_4"",""y_5"",""y_6"",""y_7"",""y_8"",""y_9"",""y_10"",""y_11""],""inputs"":[""a"",""b"",""c"",""sel0"",""sel1""],""outputs"":[""y""]}",20260716,semantic_recovery_benchmark_v1
control_nested_mux_w16,control,nested_mux,sel0 ? (sel1 ? c : b) : a,"[{""name"":""a"",""role"":""data"",""width"":16},{""name"":""b"",""role"":""data"",""width"":16},{""name"":""c"",""role"":""data"",""width"":16},{""name"":""sel0"",""role"":""control"",""width"":1},{""name"":""sel1"",""role"":""control"",""width"":1}]","[{""name"":""y"",""width"":16}]","{""a"":16,""b"":16,""c"":16,""sel0"":1,""sel1"":1}","{""y"":16}",unsigned,none,none,{},"[""sel0"",""sel1""]",benchmarks/semantic_recovery/rtl/control_nested_mux_w16.v,,false,32,"{""expression"":""sel0 ? (sel1 ? c : b) : a"",""kind"":""single_rtl_expression"",""operator"":""nested_mux""}","{""flat_inputs"":[""a_0"",""a_1"",""a_2"",""a_3"",""a_4"",""a_5"",""a_6"",""a_7"",""a_8"",""a_9"",""a_10"",""a_11"",""a_12"",""a_13"",""a_14"",""a_15"",""b_0"",""b_1"",""b_2"",""b_3"",""b_4"",""b_5"",""b_6"",""b_7"",""b_8"",""b_9"",""b_10"",""b_11"",""b_12"",""b_13"",""b_14"",""b_15"",""c_0"",""c_1"",""c_2"",""c_3"",""c_4"",""c_5"",""c_6"",""c_7"",""c_8"",""c_9"",""c_10"",""c_11"",""c_12"",""c_13"",""c_14"",""c_15"",""sel0"",""sel1""],""flat_outputs"":[""y_0"",""y_1"",""y_2"",""y_3"",""y_4"",""y_5"",""y_6"",""y_7"",""y_8"",""y_9"",""y_10"",""y_11"",""y_12"",""y_13"",""y_14"",""y_15""],""inputs"":[""a"",""b"",""c"",""sel0"",""sel1""],""outputs"":[""y""]}",20260716,semantic_recovery_benchmark_v1
control_nested_mux_w2,control,nested_mux,sel0 ? (sel1 ? c : b) : a,"[{""name"":""a"",""role"":""data"",""width"":2},{""name"":""b"",""role"":""data"",""width"":2},{""name"":""c"",""role"":""data"",""width"":2},{""name"":""sel0"",""role"":""control"",""width"":1},{""name"":""sel1"",""role"":""control"",""width"":1}]","[{""name"":""y"",""width"":2}]","{""a"":2,""b"":2,""c"":2,""sel0"":1,""sel1"":1}","{""y"":2}",unsigned,none,none,{},"[""sel0"",""sel1""]",benchmarks/semantic_recovery/rtl/control_nested_mux_w2.v,benchmarks/semantic_recovery/blif/source/control_nested_mux_w2.blif,true,4,"{""expression"":""sel0 ? (sel1 ? c : b) : a"",""kind"":""single_rtl_expression"",""operator"":""nested_mux""}","{""flat_inputs"":[""a_0"",""a_1"",""b_0"",""b_1"",""c_0"",""c_1"",""sel0"",""sel1""],""flat_outputs"":[""y_0"",""y_1""],""inputs"":[""a"",""b"",""c"",""sel0"",""sel1""],""outputs"":[""y""]}",20260716,semantic_recovery_benchmark_v1
control_nested_mux_w3,control,nested_mux,sel0 ? (sel1 ? c : b) : a,"[{""name"":""a"",""role"":""data"",""width"":3},{""name"":""b"",""role"":""data"",""width"":3},{""name"":""c"",""role"":""data"",""width"":3},{""name"":""sel0"",""role"":""control"",""width"":1},{""name"":""sel1"",""role"":""control"",""width"":1}]","[{""name"":""y"",""width"":3}]","{""a"":3,""b"":3,""c"":3,""sel0"":1,""sel1"":1}","{""y"":3}",unsigned,none,none,{},"[""sel0"",""sel1""]",benchmarks/semantic_recovery/rtl/control_nested_mux_w3.v,,false,6,"{""expression"":""sel0 ? (sel1 ? c : b) : a"",""kind"":""single_rtl_expression"",""operator"":""nested_mux""}","{""flat_inputs"":[""a_0"",""a_1"",""a_2"",""b_0"",""b_1"",""b_2"",""c_0"",""c_1"",""c_2"",""sel0"",""sel1""],""flat_outputs"":[""y_0"",""y_1"",""y_2""],""inputs"":[""a"",""b"",""c"",""sel0"",""sel1""],""outputs"":[""y""]}",20260716,semantic_recovery_benchmark_v1
control_nested_mux_w4,control,nested_mux,sel0 ? (sel1 ? c : b) : a,"[{""name"":""a"",""role"":""data"",""width"":4},{""name"":""b"",""role"":""data"",""width"":4},{""name"":""c"",""role"":""data"",""width"":4},{""name"":""sel0"",""role"":""control"",""width"":1},{""name"":""sel1"",""role"":""control"",""width"":1}]","[{""name"":""y"",""width"":4}]","{""a"":4,""b"":4,""c"":4,""sel0"":1,""sel1"":1}","{""y"":4}",unsigned,none,none,{},"[""sel0"",""sel1""]",benchmarks/semantic_recovery/rtl/control_nested_mux_w4.v,,false,8,"{""expression"":""sel0 ? (sel1 ? c : b) : a"",""kind"":""single_rtl_expression"",""operator"":""nested_mux""}","{""flat_inputs"":[""a_0"",""a_1"",""a_2"",""a_3"",""b_0"",""b_1"",""b_2"",""b_3"",""c_0"",""c_1"",""c_2"",""c_3"",""sel0"",""sel1""],""flat_outputs"":[""y_0"",""y_1"",""y_2"",""y_3""],""inputs"":[""a"",""b"",""c"",""sel0"",""sel1""],""outputs"":[""y""]}",20260716,semantic_recovery_benchmark_v1
control_nested_mux_w6,control,nested_mux,sel0 ? (sel1 ? c : b) : a,"[{""name"":""a"",""role"":""data"",""width"":6},{""name"":""b"",""role"":""data"",""width"":6},{""name"":""c"",""role"":""data"",""width"":6},{""name"":""sel0"",""role"":""control"",""width"":1},{""name"":""sel1"",""role"":""control"",""width"":1}]","[{""name"":""y"",""width"":6}]","{""a"":6,""b"":6,""c"":6,""sel0"":1,""sel1"":1}","{""y"":6}",unsigned,none,none,{},"[""sel0"",""sel1""]",benchmarks/semantic_recovery/rtl/control_nested_mux_w6.v,,false,12,"{""expression"":""sel0 ? (sel1 ? c : b) : a"",""kind"":""single_rtl_expression"",""operator"":""nested_mux""}","{""flat_inputs"":[""a_0"",""a_1"",""a_2"",""a_3"",""a_4"",""a_5"",""b_0"",""b_1"",""b_2"",""b_3"",""b_4"",""b_5"",""c_0"",""c_1"",""c_2"",""c_3"",""c_4"",""c_5"",""sel0"",""sel1""],""flat_outputs"":[""y_0"",""y_1"",""y_2"",""y_3"",""y_4"",""y_5""],""inputs"":[""a"",""b"",""c"",""sel0"",""sel1""],""outputs"":[""y""]}",20260716,semantic_recovery_benchmark_v1
control_nested_mux_w8,control,nested_mux,sel0 ? (sel1 ? c : b) : a,"[{""name"":""a"",""role"":""data"",""width"":8},{""name"":""b"",""role"":""data"",""width"":8},{""name"":""c"",""role"":""data"",""width"":8},{""name"":""sel0"",""role"":""control"",""width"":1},{""name"":""sel1"",""role"":""control"",""width"":1}]","[{""name"":""y"",""width"":8}]","{""a"":8,""b"":8,""c"":8,""sel0"":1,""sel1"":1}","{""y"":8}",unsigned,none,none,{},"[""sel0"",""sel1""]",benchmarks/semantic_recovery/rtl/control_nested_mux_w8.v,,false,16,"{""expression"":""sel0 ? (sel1 ? c : b) : a"",""kind"":""single_rtl_expression"",""operator"":""nested_mux""}","{""flat_inputs"":[""a_0"",""a_1"",""a_2"",""a_3"",""a_4"",""a_5"",""a_6"",""a_7"",""b_0"",""b_1"",""b_2"",""b_3"",""b_4"",""b_5"",""b_6"",""b_7"",""c_0"",""c_1"",""c_2"",""c_3"",""c_4"",""c_5"",""c_6"",""c_7"",""sel0"",""sel1""],""flat_outputs"":[""y_0"",""y_1"",""y_2"",""y_3"",""y_4"",""y_5"",""y_6"",""y_7""],""inputs"":[""a"",""b"",""c"",""sel0"",""sel1""],""outputs"":[""y""]}",20260716,semantic_recovery_benchmark_v1
control_one_hot_mux_w12,control,one_hot_mux,(s0 ? a : 0) | (s1 ? b : 0),"[{""name"":""a"",""role"":""data"",""width"":12},{""name"":""b"",""role"":""data"",""width"":12},{""name"":""s0"",""role"":""control"",""width"":1},{""name"":""s1"",""role"":""control"",""width"":1}]","[{""name"":""y"",""width"":12}]","{""a"":12,""b"":12,""s0"":1,""s1"":1}","{""y"":12}",unsigned,none,none,{},"[""s0"",""s1""]",benchmarks/semantic_recovery/rtl/control_one_hot_mux_w12.v,,false,24,"{""expression"":""(s0 ? a : 0) | (s1 ? b : 0)"",""kind"":""single_rtl_expression"",""operator"":""one_hot_mux""}","{""flat_inputs"":[""a_0"",""a_1"",""a_2"",""a_3"",""a_4"",""a_5"",""a_6"",""a_7"",""a_8"",""a_9"",""a_10"",""a_11"",""b_0"",""b_1"",""b_2"",""b_3"",""b_4"",""b_5"",""b_6"",""b_7"",""b_8"",""b_9"",""b_10"",""b_11"",""s0"",""s1""],""flat_outputs"":[""y_0"",""y_1"",""y_2"",""y_3"",""y_4"",""y_5"",""y_6"",""y_7"",""y_8"",""y_9"",""y_10"",""y_11""],""inputs"":[""a"",""b"",""s0"",""s1""],""outputs"":[""y""]}",20260716,semantic_recovery_benchmark_v1
control_one_hot_mux_w16,control,one_hot_mux,(s0 ? a : 0) | (s1 ? b : 0),"[{""name"":""a"",""role"":""data"",""width"":16},{""name"":""b"",""role"":""data"",""width"":16},{""name"":""s0"",""role"":""control"",""width"":1},{""name"":""s1"",""role"":""control"",""width"":1}]","[{""name"":""y"",""width"":16}]","{""a"":16,""b"":16,""s0"":1,""s1"":1}","{""y"":16}",unsigned,none,none,{},"[""s0"",""s1""]",benchmarks/semantic_recovery/rtl/control_one_hot_mux_w16.v,,false,32,"{""expression"":""(s0 ? a : 0) | (s1 ? b : 0)"",""kind"":""single_rtl_expression"",""operator"":""one_hot_mux""}","{""flat_inputs"":[""a_0"",""a_1"",""a_2"",""a_3"",""a_4"",""a_5"",""a_6"",""a_7"",""a_8"",""a_9"",""a_10"",""a_11"",""a_12"",""a_13"",""a_14"",""a_15"",""b_0"",""b_1"",""b_2"",""b_3"",""b_4"",""b_5"",""b_6"",""b_7"",""b_8"",""b_9"",""b_10"",""b_11"",""b_12"",""b_13"",""b_14"",""b_15"",""s0"",""s1""],""flat_outputs"":[""y_0"",""y_1"",""y_2"",""y_3"",""y_4"",""y_5"",""y_6"",""y_7"",""y_8"",""y_9"",""y_10"",""y_11"",""y_12"",""y_13"",""y_14"",""y_15""],""inputs"":[""a"",""b"",""s0"",""s1""],""outputs"":[""y""]}",20260716,semantic_recovery_benchmark_v1
control_one_hot_mux_w2,control,one_hot_mux,(s0 ? a : 0) | (s1 ? b : 0),"[{""name"":""a"",""role"":""data"",""width"":2},{""name"":""b"",""role"":""data"",""width"":2},{""name"":""s0"",""role"":""control"",""width"":1},{""name"":""s1"",""role"":""control"",""width"":1}]","[{""name"":""y"",""width"":2}]","{""a"":2,""b"":2,""s0"":1,""s1"":1}","{""y"":2}",unsigned,none,none,{},"[""s0"",""s1""]",benchmarks/semantic_recovery/rtl/control_one_hot_mux_w2.v,benchmarks/semantic_recovery/blif/source/control_one_hot_mux_w2.blif,true,4,"{""expression"":""(s0 ? a : 0) | (s1 ? b : 0)"",""kind"":""single_rtl_expression"",""operator"":""one_hot_mux""}","{""flat_inputs"":[""a_0"",""a_1"",""b_0"",""b_1"",""s0"",""s1""],""flat_outputs"":[""y_0"",""y_1""],""inputs"":[""a"",""b"",""s0"",""s1""],""outputs"":[""y""]}",20260716,semantic_recovery_benchmark_v1
control_one_hot_mux_w3,control,one_hot_mux,(s0 ? a : 0) | (s1 ? b : 0),"[{""name"":""a"",""role"":""data"",""width"":3},{""name"":""b"",""role"":""data"",""width"":3},{""name"":""s0"",""role"":""control"",""width"":1},{""name"":""s1"",""role"":""control"",""width"":1}]","[{""name"":""y"",""width"":3}]","{""a"":3,""b"":3,""s0"":1,""s1"":1}","{""y"":3}",unsigned,none,none,{},"[""s0"",""s1""]",benchmarks/semantic_recovery/rtl/control_one_hot_mux_w3.v,benchmarks/semantic_recovery/blif/source/control_one_hot_mux_w3.blif,true,6,"{""expression"":""(s0 ? a : 0) | (s1 ? b : 0)"",""kind"":""single_rtl_expression"",""operator"":""one_hot_mux""}","{""flat_inputs"":[""a_0"",""a_1"",""a_2"",""b_0"",""b_1"",""b_2"",""s0"",""s1""],""flat_outputs"":[""y_0"",""y_1"",""y_2""],""inputs"":[""a"",""b"",""s0"",""s1""],""outputs"":[""y""]}",20260716,semantic_recovery_benchmark_v1
control_one_hot_mux_w4,control,one_hot_mux,(s0 ? a : 0) | (s1 ? b : 0),"[{""name"":""a"",""role"":""data"",""width"":4},{""name"":""b"",""role"":""data"",""width"":4},{""name"":""s0"",""role"":""control"",""width"":1},{""name"":""s1"",""role"":""control"",""width"":1}]","[{""name"":""y"",""width"":4}]","{""a"":4,""b"":4,""s0"":1,""s1"":1}","{""y"":4}",unsigned,none,none,{},"[""s0"",""s1""]",benchmarks/semantic_recovery/rtl/control_one_hot_mux_w4.v,,false,8,"{""expression"":""(s0 ? a : 0) | (s1 ? b : 0)"",""kind"":""single_rtl_expression"",""operator"":""one_hot_mux""}","{""flat_inputs"":[""a_0"",""a_1"",""a_2"",""a_3"",""b_0"",""b_1"",""b_2"",""b_3"",""s0"",""s1""],""flat_outputs"":[""y_0"",""y_1"",""y_2"",""y_3""],""inputs"":[""a"",""b"",""s0"",""s1""],""outputs"":[""y""]}",20260716,semantic_recovery_benchmark_v1
control_one_hot_mux_w6,control,one_hot_mux,(s0 ? a : 0) | (s1 ? b : 0),"[{""name"":""a"",""role"":""data"",""width"":6},{""name"":""b"",""role"":""data"",""width"":6},{""name"":""s0"",""role"":""control"",""width"":1},{""name"":""s1"",""role"":""control"",""width"":1}]","[{""name"":""y"",""width"":6}]","{""a"":6,""b"":6,""s0"":1,""s1"":1}","{""y"":6}",unsigned,none,none,{},"[""s0"",""s1""]",benchmarks/semantic_recovery/rtl/control_one_hot_mux_w6.v,,false,12,"{""expression"":""(s0 ? a : 0) | (s1 ? b : 0)"",""kind"":""single_rtl_expression"",""operator"":""one_hot_mux""}","{""flat_inputs"":[""a_0"",""a_1"",""a_2"",""a_3"",""a_4"",""a_5"",""b_0"",""b_1"",""b_2"",""b_3"",""b_4"",""b_5"",""s0"",""s1""],""flat_outputs"":[""y_0"",""y_1"",""y_2"",""y_3"",""y_4"",""y_5""],""inputs"":[""a"",""b"",""s0"",""s1""],""outputs"":[""y""]}",20260716,semantic_recovery_benchmark_v1
control_one_hot_mux_w8,control,one_hot_mux,(s0 ? a : 0) | (s1 ? b : 0),"[{""name"":""a"",""role"":""data"",""width"":8},{""name"":""b"",""role"":""data"",""width"":8},{""name"":""s0"",""role"":""control"",""width"":1},{""name"":""s1"",""role"":""control"",""width"":1}]","[{""name"":""y"",""width"":8}]","{""a"":8,""b"":8,""s0"":1,""s1"":1}","{""y"":8}",unsigned,none,none,{},"[""s0"",""s1""]",benchmarks/semantic_recovery/rtl/control_one_hot_mux_w8.v,,false,16,"{""expression"":""(s0 ? a : 0) | (s1 ? b : 0)"",""kind"":""single_rtl_expression"",""operator"":""one_hot_mux""}","{""flat_inputs"":[""a_0"",""a_1"",""a_2"",""a_3"",""a_4"",""a_5"",""a_6"",""a_7"",""b_0"",""b_1"",""b_2"",""b_3"",""b_4"",""b_5"",""b_6"",""b_7"",""s0"",""s1""],""flat_outputs"":[""y_0"",""y_1"",""y_2"",""y_3"",""y_4"",""y_5"",""y_6"",""y_7""],""inputs"":[""a"",""b"",""s0"",""s1""],""outputs"":[""y""]}",20260716,semantic_recovery_benchmark_v1
control_priority_mux_w12,control,priority_mux,s0 ? a : (s1 ? b : c),"[{""name"":""a"",""role"":""data"",""width"":12},{""name"":""b"",""role"":""data"",""width"":12},{""name"":""c"",""role"":""data"",""width"":12},{""name"":""s0"",""role"":""control"",""width"":1},{""name"":""s1"",""role"":""control"",""width"":1}]","[{""name"":""y"",""width"":12}]","{""a"":12,""b"":12,""c"":12,""s0"":1,""s1"":1}","{""y"":12}",unsigned,none,none,{},"[""s0"",""s1""]",benchmarks/semantic_recovery/rtl/control_priority_mux_w12.v,,false,24,"{""expression"":""s0 ? a : (s1 ? b : c)"",""kind"":""single_rtl_expression"",""operator"":""priority_mux""}","{""flat_inputs"":[""a_0"",""a_1"",""a_2"",""a_3"",""a_4"",""a_5"",""a_6"",""a_7"",""a_8"",""a_9"",""a_10"",""a_11"",""b_0"",""b_1"",""b_2"",""b_3"",""b_4"",""b_5"",""b_6"",""b_7"",""b_8"",""b_9"",""b_10"",""b_11"",""c_0"",""c_1"",""c_2"",""c_3"",""c_4"",""c_5"",""c_6"",""c_7"",""c_8"",""c_9"",""c_10"",""c_11"",""s0"",""s1""],""flat_outputs"":[""y_0"",""y_1"",""y_2"",""y_3"",""y_4"",""y_5"",""y_6"",""y_7"",""y_8"",""y_9"",""y_10"",""y_11""],""inputs"":[""a"",""b"",""c"",""s0"",""s1""],""outputs"":[""y""]}",20260716,semantic_recovery_benchmark_v1
control_priority_mux_w16,control,priority_mux,s0 ? a : (s1 ? b : c),"[{""name"":""a"",""role"":""data"",""width"":16},{""name"":""b"",""role"":""data"",""width"":16},{""name"":""c"",""role"":""data"",""width"":16},{""name"":""s0"",""role"":""control"",""width"":1},{""name"":""s1"",""role"":""control"",""width"":1}]","[{""name"":""y"",""width"":16}]","{""a"":16,""b"":16,""c"":16,""s0"":1,""s1"":1}","{""y"":16}",unsigned,none,none,{},"[""s0"",""s1""]",benchmarks/semantic_recovery/rtl/control_priority_mux_w16.v,,false,32,"{""expression"":""s0 ? a : (s1 ? b : c)"",""kind"":""single_rtl_expression"",""operator"":""priority_mux""}","{""flat_inputs"":[""a_0"",""a_1"",""a_2"",""a_3"",""a_4"",""a_5"",""a_6"",""a_7"",""a_8"",""a_9"",""a_10"",""a_11"",""a_12"",""a_13"",""a_14"",""a_15"",""b_0"",""b_1"",""b_2"",""b_3"",""b_4"",""b_5"",""b_6"",""b_7"",""b_8"",""b_9"",""b_10"",""b_11"",""b_12"",""b_13"",""b_14"",""b_15"",""c_0"",""c_1"",""c_2"",""c_3"",""c_4"",""c_5"",""c_6"",""c_7"",""c_8"",""c_9"",""c_10"",""c_11"",""c_12"",""c_13"",""c_14"",""c_15"",""s0"",""s1""],""flat_outputs"":[""y_0"",""y_1"",""y_2"",""y_3"",""y_4"",""y_5"",""y_6"",""y_7"",""y_8"",""y_9"",""y_10"",""y_11"",""y_12"",""y_13"",""y_14"",""y_15""],""inputs"":[""a"",""b"",""c"",""s0"",""s1""],""outputs"":[""y""]}",20260716,semantic_recovery_benchmark_v1
control_priority_mux_w2,control,priority_mux,s0 ? a : (s1 ? b : c),"[{""name"":""a"",""role"":""data"",""width"":2},{""name"":""b"",""role"":""data"",""width"":2},{""name"":""c"",""role"":""data"",""width"":2},{""name"":""s0"",""role"":""control"",""width"":1},{""name"":""s1"",""role"":""control"",""width"":1}]","[{""name"":""y"",""width"":2}]","{""a"":2,""b"":2,""c"":2,""s0"":1,""s1"":1}","{""y"":2}",unsigned,none,none,{},"[""s0"",""s1""]",benchmarks/semantic_recovery/rtl/control_priority_mux_w2.v,benchmarks/semantic_recovery/blif/source/control_priority_mux_w2.blif,true,4,"{""expression"":""s0 ? a : (s1 ? b : c)"",""kind"":""single_rtl_expression"",""operator"":""priority_mux""}","{""flat_inputs"":[""a_0"",""a_1"",""b_0"",""b_1"",""c_0"",""c_1"",""s0"",""s1""],""flat_outputs"":[""y_0"",""y_1""],""inputs"":[""a"",""b"",""c"",""s0"",""s1""],""outputs"":[""y""]}",20260716,semantic_recovery_benchmark_v1
control_priority_mux_w3,control,priority_mux,s0 ? a : (s1 ? b : c),"[{""name"":""a"",""role"":""data"",""width"":3},{""name"":""b"",""role"":""data"",""width"":3},{""name"":""c"",""role"":""data"",""width"":3},{""name"":""s0"",""role"":""control"",""width"":1},{""name"":""s1"",""role"":""control"",""width"":1}]","[{""name"":""y"",""width"":3}]","{""a"":3,""b"":3,""c"":3,""s0"":1,""s1"":1}","{""y"":3}",unsigned,none,none,{},"[""s0"",""s1""]",benchmarks/semantic_recovery/rtl/control_priority_mux_w3.v,,false,6,"{""expression"":""s0 ? a : (s1 ? b : c)"",""kind"":""single_rtl_expression"",""operator"":""priority_mux""}","{""flat_inputs"":[""a_0"",""a_1"",""a_2"",""b_0"",""b_1"",""b_2"",""c_0"",""c_1"",""c_2"",""s0"",""s1""],""flat_outputs"":[""y_0"",""y_1"",""y_2""],""inputs"":[""a"",""b"",""c"",""s0"",""s1""],""outputs"":[""y""]}",20260716,semantic_recovery_benchmark_v1
control_priority_mux_w4,control,priority_mux,s0 ? a : (s1 ? b : c),"[{""name"":""a"",""role"":""data"",""width"":4},{""name"":""b"",""role"":""data"",""width"":4},{""name"":""c"",""role"":""data"",""width"":4},{""name"":""s0"",""role"":""control"",""width"":1},{""name"":""s1"",""role"":""control"",""width"":1}]","[{""name"":""y"",""width"":4}]","{""a"":4,""b"":4,""c"":4,""s0"":1,""s1"":1}","{""y"":4}",unsigned,none,none,{},"[""s0"",""s1""]",benchmarks/semantic_recovery/rtl/control_priority_mux_w4.v,,false,8,"{""expression"":""s0 ? a : (s1 ? b : c)"",""kind"":""single_rtl_expression"",""operator"":""priority_mux""}","{""flat_inputs"":[""a_0"",""a_1"",""a_2"",""a_3"",""b_0"",""b_1"",""b_2"",""b_3"",""c_0"",""c_1"",""c_2"",""c_3"",""s0"",""s1""],""flat_outputs"":[""y_0"",""y_1"",""y_2"",""y_3""],""inputs"":[""a"",""b"",""c"",""s0"",""s1""],""outputs"":[""y""]}",20260716,semantic_recovery_benchmark_v1
control_priority_mux_w6,control,priority_mux,s0 ? a : (s1 ? b : c),"[{""name"":""a"",""role"":""data"",""width"":6},{""name"":""b"",""role"":""data"",""width"":6},{""name"":""c"",""role"":""data"",""width"":6},{""name"":""s0"",""role"":""control"",""width"":1},{""name"":""s1"",""role"":""control"",""width"":1}]","[{""name"":""y"",""width"":6}]","{""a"":6,""b"":6,""c"":6,""s0"":1,""s1"":1}","{""y"":6}",unsigned,none,none,{},"[""s0"",""s1""]",benchmarks/semantic_recovery/rtl/control_priority_mux_w6.v,,false,12,"{""expression"":""s0 ? a : (s1 ? b : c)"",""kind"":""single_rtl_expression"",""operator"":""priority_mux""}","{""flat_inputs"":[""a_0"",""a_1"",""a_2"",""a_3"",""a_4"",""a_5"",""b_0"",""b_1"",""b_2"",""b_3"",""b_4"",""b_5"",""c_0"",""c_1"",""c_2"",""c_3"",""c_4"",""c_5"",""s0"",""s1""],""flat_outputs"":[""y_0"",""y_1"",""y_2"",""y_3"",""y_4"",""y_5""],""inputs"":[""a"",""b"",""c"",""s0"",""s1""],""outputs"":[""y""]}",20260716,semantic_recovery_benchmark_v1
control_priority_mux_w8,control,priority_mux,s0 ? a : (s1 ? b : c),"[{""name"":""a"",""role"":""data"",""width"":8},{""name"":""b"",""role"":""data"",""width"":8},{""name"":""c"",""role"":""data"",""width"":8},{""name"":""s0"",""role"":""control"",""width"":1},{""name"":""s1"",""role"":""control"",""width"":1}]","[{""name"":""y"",""width"":8}]","{""a"":8,""b"":8,""c"":8,""s0"":1,""s1"":1}","{""y"":8}",unsigned,none,none,{},"[""s0"",""s1""]",benchmarks/semantic_recovery/rtl/control_priority_mux_w8.v,,false,16,"{""expression"":""s0 ? a : (s1 ? b : c)"",""kind"":""single_rtl_expression"",""operator"":""priority_mux""}","{""flat_inputs"":[""a_0"",""a_1"",""a_2"",""a_3"",""a_4"",""a_5"",""a_6"",""a_7"",""b_0"",""b_1"",""b_2"",""b_3"",""b_4"",""b_5"",""b_6"",""b_7"",""c_0"",""c_1"",""c_2"",""c_3"",""c_4"",""c_5"",""c_6"",""c_7"",""s0"",""s1""],""flat_outputs"":[""y_0"",""y_1"",""y_2"",""y_3"",""y_4"",""y_5"",""y_6"",""y_7""],""inputs"":[""a"",""b"",""c"",""s0"",""s1""],""outputs"":[""y""]}",20260716,semantic_recovery_benchmark_v1
