mode,candidate_id,region_id,case_id,operator,width,iteration,examples_before,examples_after,template_family,candidate_expression,synthesis_result,verification_result,counterexample_assignment,counterexample_reproduced,synthesis_runtime,verification_runtime,cumulative_runtime,termination_reason,proof_backend,proof_scope,evidence_level,schema_version
blind,bitmanip_sign_extend_w6__identity__ground_truth_region__blind_cegis__0001,bitmanip_sign_extend_w6__identity__ground_truth_region,bitmanip_sign_extend_w6,sign_extend,12,1,1,2,constant_multiply,"mul<12,unsigned>(12'd0,input1)",sat,sat,"{""input1"":25}",true,0.000818,0.050741,0.051559,counterexample_added,z3,region,formal_smt,z3_cegis_iteration_v1
blind,bitmanip_sign_extend_w6__identity__ground_truth_region__blind_cegis__0003,bitmanip_sign_extend_w6__identity__ground_truth_region,bitmanip_sign_extend_w6,sign_extend,12,2,2,3,constant_multiply,"mul<12,unsigned>(12'd1,input1)",sat,sat,"{""input1"":35}",true,0.002445,0.046879,0.100882,counterexample_added,z3,region,formal_smt,z3_cegis_iteration_v1
blind,bitmanip_sign_extend_w6__identity__ground_truth_region__blind_cegis__0069,bitmanip_sign_extend_w6__identity__ground_truth_region,bitmanip_sign_extend_w6,sign_extend,12,3,3,3,sign_extend,"sign_extend<12,signed>(input1)",sat,unsat,{},true,0.057399,0.047286,0.205567,equivalence_proven,z3,region,formal_smt,z3_cegis_iteration_v1
blind,bitmanip_sign_extend_w6__identity__whole_output_cone__blind_cegis__0001,bitmanip_sign_extend_w6__identity__whole_output_cone,bitmanip_sign_extend_w6,sign_extend,12,1,1,2,constant_multiply,"mul<12,unsigned>(12'd0,input1)",sat,sat,"{""input1"":3}",true,0.000606,0.045648,0.046254,counterexample_added,z3,region,formal_smt,z3_cegis_iteration_v1
blind,bitmanip_sign_extend_w6__identity__whole_output_cone__blind_cegis__0003,bitmanip_sign_extend_w6__identity__whole_output_cone,bitmanip_sign_extend_w6,sign_extend,12,2,2,3,constant_multiply,"mul<12,unsigned>(12'd1,input1)",sat,sat,"{""input1"":59}",true,0.002211,0.046101,0.094567,counterexample_added,z3,region,formal_smt,z3_cegis_iteration_v1
blind,bitmanip_sign_extend_w6__identity__whole_output_cone__blind_cegis__0069,bitmanip_sign_extend_w6__identity__whole_output_cone,bitmanip_sign_extend_w6,sign_extend,12,3,3,3,sign_extend,"sign_extend<12,signed>(input1)",sat,unsat,{},true,0.055807,0.047918,0.198292,equivalence_proven,z3,region,formal_smt,z3_cegis_iteration_v1
blind,bitmanip_sign_extend_w8__identity__ground_truth_region__blind_cegis__0001,bitmanip_sign_extend_w8__identity__ground_truth_region,bitmanip_sign_extend_w8,sign_extend,16,1,1,2,constant_multiply,"mul<16,unsigned>(16'd0,input1)",sat,sat,"{""input1"":110}",true,0.002854,0.308860,0.311714,counterexample_added,z3,region,formal_smt,z3_cegis_iteration_v1
blind,bitmanip_sign_extend_w8__identity__ground_truth_region__blind_cegis__0003,bitmanip_sign_extend_w8__identity__ground_truth_region,bitmanip_sign_extend_w8,sign_extend,16,2,2,3,constant_multiply,"mul<16,unsigned>(16'd1,input1)",sat,sat,"{""input1"":143}",true,0.011228,0.314037,0.636979,counterexample_added,z3,region,formal_smt,z3_cegis_iteration_v1
blind,bitmanip_sign_extend_w8__identity__ground_truth_region__blind_cegis__0069,bitmanip_sign_extend_w8__identity__ground_truth_region,bitmanip_sign_extend_w8,sign_extend,16,3,3,3,sign_extend,"sign_extend<16,signed>(input1)",sat,unsat,{},true,0.290891,0.324489,1.252359,equivalence_proven,z3,region,formal_smt,z3_cegis_iteration_v1
blind,bitmanip_sign_extend_w8__identity__whole_output_cone__blind_cegis__0001,bitmanip_sign_extend_w8__identity__whole_output_cone,bitmanip_sign_extend_w8,sign_extend,16,1,1,2,constant_multiply,"mul<16,unsigned>(16'd0,input1)",sat,sat,"{""input1"":223}",true,0.002930,0.311956,0.314886,counterexample_added,z3,region,formal_smt,z3_cegis_iteration_v1
blind,bitmanip_sign_extend_w8__identity__whole_output_cone__blind_cegis__0069,bitmanip_sign_extend_w8__identity__whole_output_cone,bitmanip_sign_extend_w8,sign_extend,16,2,2,2,sign_extend,"sign_extend<16,signed>(input1)",sat,unsat,{},true,0.289239,0.320481,0.924606,equivalence_proven,z3,region,formal_smt,z3_cegis_iteration_v1
blind,bitmanip_zero_extend_w6__identity__ground_truth_region__blind_cegis__0001,bitmanip_zero_extend_w6__identity__ground_truth_region,bitmanip_zero_extend_w6,zero_extend,12,1,1,2,constant_multiply,"mul<12,unsigned>(12'd0,input1)",sat,sat,"{""input1"":6}",true,0.000518,0.024009,0.024527,counterexample_added,z3,region,formal_smt,z3_cegis_iteration_v1
blind,bitmanip_zero_extend_w6__identity__ground_truth_region__blind_cegis__0003,bitmanip_zero_extend_w6__identity__ground_truth_region,bitmanip_zero_extend_w6,zero_extend,12,2,2,2,constant_multiply,"mul<12,unsigned>(12'd1,input1)",sat,unsat,{},true,0.001388,0.025154,0.051069,equivalence_proven,z3,region,formal_smt,z3_cegis_iteration_v1
blind,bitmanip_zero_extend_w6__identity__whole_output_cone__blind_cegis__0001,bitmanip_zero_extend_w6__identity__whole_output_cone,bitmanip_zero_extend_w6,zero_extend,12,1,1,2,constant_multiply,"mul<12,unsigned>(12'd0,input1)",sat,sat,"{""input1"":29}",true,0.000383,0.023733,0.024116,counterexample_added,z3,region,formal_smt,z3_cegis_iteration_v1
blind,bitmanip_zero_extend_w6__identity__whole_output_cone__blind_cegis__0003,bitmanip_zero_extend_w6__identity__whole_output_cone,bitmanip_zero_extend_w6,zero_extend,12,2,2,2,constant_multiply,"mul<12,unsigned>(12'd1,input1)",sat,unsat,{},true,0.001352,0.024956,0.050424,equivalence_proven,z3,region,formal_smt,z3_cegis_iteration_v1
blind,bitmanip_zero_extend_w8__identity__ground_truth_region__blind_cegis__0001,bitmanip_zero_extend_w8__identity__ground_truth_region,bitmanip_zero_extend_w8,zero_extend,16,1,1,2,constant_multiply,"mul<16,unsigned>(16'd0,input1)",sat,sat,"{""input1"":73}",true,0.001496,0.155105,0.156601,counterexample_added,z3,region,formal_smt,z3_cegis_iteration_v1
blind,bitmanip_zero_extend_w8__identity__ground_truth_region__blind_cegis__0003,bitmanip_zero_extend_w8__identity__ground_truth_region,bitmanip_zero_extend_w8,zero_extend,16,2,2,2,constant_multiply,"mul<16,unsigned>(16'd1,input1)",sat,unsat,{},true,0.005764,0.167397,0.329763,equivalence_proven,z3,region,formal_smt,z3_cegis_iteration_v1
blind,bitmanip_zero_extend_w8__identity__whole_output_cone__blind_cegis__0001,bitmanip_zero_extend_w8__identity__whole_output_cone,bitmanip_zero_extend_w8,zero_extend,16,1,1,2,constant_multiply,"mul<16,unsigned>(16'd0,input1)",sat,sat,"{""input1"":28}",true,0.001537,0.156275,0.157812,counterexample_added,z3,region,formal_smt,z3_cegis_iteration_v1
blind,bitmanip_zero_extend_w8__identity__whole_output_cone__blind_cegis__0003,bitmanip_zero_extend_w8__identity__whole_output_cone,bitmanip_zero_extend_w8,zero_extend,16,2,2,2,constant_multiply,"mul<16,unsigned>(16'd1,input1)",sat,unsat,{},true,0.005808,0.165052,0.328672,equivalence_proven,z3,region,formal_smt,z3_cegis_iteration_v1
blind,arithmetic_add_add_w2__identity__ground_truth_region__blind_cegis__0001,arithmetic_add_add_w2__identity__ground_truth_region,arithmetic_add_add_w2,add_add,4,1,1,2,constant_multiply,"mul<4,unsigned>(4'd0,input1)",sat,sat,"{""input1"":40}",true,0.000281,0.014430,0.014711,counterexample_added,z3,region,formal_smt,z3_cegis_iteration_v1
blind,arithmetic_add_add_w2__identity__ground_truth_region__blind_cegis__0035,arithmetic_add_add_w2__identity__ground_truth_region,arithmetic_add_add_w2,add_add,4,2,2,3,shift,"lshr<4,unsigned>(input1)",sat,sat,"{""input1"":57}",true,0.010856,0.014812,0.040379,counterexample_added,z3,region,formal_smt,z3_cegis_iteration_v1
blind,,arithmetic_add_add_w2__identity__ground_truth_region,arithmetic_add_add_w2,add_add,4,3,3,3,,,unsat,not_run,{},false,0.010277,0.000000,0.040379,no_candidate_satisfies_examples,z3,region,unresolved,z3_cegis_iteration_v1
blind,arithmetic_add_add_w2__identity__whole_output_cone__blind_cegis__0001,arithmetic_add_add_w2__identity__whole_output_cone,arithmetic_add_add_w2,add_add,4,1,1,2,constant_multiply,"mul<4,unsigned>(4'd0,input1)",sat,sat,"{""input1"":10}",true,0.000241,0.014654,0.014895,counterexample_added,z3,region,formal_smt,z3_cegis_iteration_v1
blind,arithmetic_add_add_w2__identity__whole_output_cone__blind_cegis__0005,arithmetic_add_add_w2__identity__whole_output_cone,arithmetic_add_add_w2,add_add,4,2,2,3,constant_multiply,"mul<4,unsigned>(4'd2,input1)",sat,sat,"{""input1"":54}",true,0.001449,0.016606,0.032951,counterexample_added,z3,region,formal_smt,z3_cegis_iteration_v1
blind,,arithmetic_add_add_w2__identity__whole_output_cone,arithmetic_add_add_w2,add_add,4,3,3,3,,,unsat,not_run,{},false,0.011355,0.000000,0.032951,no_candidate_satisfies_examples,z3,region,unresolved,z3_cegis_iteration_v1
blind,arithmetic_affine_w2__balance__whole_output_cone__blind_cegis__0001,arithmetic_affine_w2__balance__whole_output_cone,arithmetic_affine_w2,affine,5,1,1,1,constant_multiply,"mul<5,unsigned>(5'd0,input1)",sat,unsat,{},true,0.000174,0.001154,0.001328,equivalence_proven,z3,region,formal_smt,z3_cegis_iteration_v1
blind,arithmetic_affine_w2__compress2rs__whole_output_cone__blind_cegis__0012,arithmetic_affine_w2__compress2rs__whole_output_cone,arithmetic_affine_w2,affine,5,1,1,2,affine_unary,"add<5,unsigned>(5'd5,mul<5,unsigned>(5'd5,input1))",sat,sat,"{""input1"":1,""input2"":0}",true,0.001272,0.002451,0.003723,counterexample_added,z3,region,formal_smt,z3_cegis_iteration_v1
blind,,arithmetic_affine_w2__compress2rs__whole_output_cone,arithmetic_affine_w2,affine,5,2,2,2,,,unsat,not_run,{},false,0.015132,0.000000,0.003723,no_candidate_satisfies_examples,z3,region,unresolved,z3_cegis_iteration_v1
blind,arithmetic_affine_w2__dc2__whole_output_cone__blind_cegis__0004,arithmetic_affine_w2__dc2__whole_output_cone,arithmetic_affine_w2,affine,5,1,1,2,affine_unary,"add<5,unsigned>(5'd1,mul<5,unsigned>(5'd1,input1))",sat,sat,"{""input1"":0,""input2"":1}",true,0.000415,0.002110,0.002525,counterexample_added,z3,region,formal_smt,z3_cegis_iteration_v1
blind,,arithmetic_affine_w2__dc2__whole_output_cone,arithmetic_affine_w2,affine,5,2,2,2,,,unsat,not_run,{},false,0.014401,0.000000,0.002525,no_candidate_satisfies_examples,z3,region,unresolved,z3_cegis_iteration_v1
blind,arithmetic_affine_w2__identity__ground_truth_region__blind_cegis__0012,arithmetic_affine_w2__identity__ground_truth_region,arithmetic_affine_w2,affine,5,1,1,2,affine_unary,"add<5,unsigned>(5'd5,mul<5,unsigned>(5'd5,input1))",sat,sat,"{""input1"":1,""input2"":0}",true,0.001146,0.002288,0.003434,counterexample_added,z3,region,formal_smt,z3_cegis_iteration_v1
blind,,arithmetic_affine_w2__identity__ground_truth_region,arithmetic_affine_w2,affine,5,2,2,2,,,unsat,not_run,{},false,0.012853,0.000000,0.003434,no_candidate_satisfies_examples,z3,region,unresolved,z3_cegis_iteration_v1
blind,arithmetic_affine_w2__identity__whole_output_cone__blind_cegis__0012,arithmetic_affine_w2__identity__whole_output_cone,arithmetic_affine_w2,affine,5,1,1,2,affine_unary,"add<5,unsigned>(5'd5,mul<5,unsigned>(5'd5,input1))",sat,sat,"{""input1"":1,""input2"":1}",true,0.001018,0.002244,0.003262,counterexample_added,z3,region,formal_smt,z3_cegis_iteration_v1
blind,,arithmetic_affine_w2__identity__whole_output_cone,arithmetic_affine_w2,affine,5,2,2,2,,,unsat,not_run,{},false,0.012468,0.000000,0.003262,no_candidate_satisfies_examples,z3,region,unresolved,z3_cegis_iteration_v1
blind,arithmetic_affine_w2__refactor__whole_output_cone__blind_cegis__0004,arithmetic_affine_w2__refactor__whole_output_cone,arithmetic_affine_w2,affine,5,1,1,2,affine_unary,"add<5,unsigned>(5'd1,mul<5,unsigned>(5'd1,input1))",sat,sat,"{""input1"":0,""input2"":1}",true,0.000367,0.001775,0.002142,counterexample_added,z3,region,formal_smt,z3_cegis_iteration_v1
blind,,arithmetic_affine_w2__refactor__whole_output_cone,arithmetic_affine_w2,affine,5,2,2,2,,,unsat,not_run,{},false,0.012233,0.000000,0.002142,no_candidate_satisfies_examples,z3,region,unresolved,z3_cegis_iteration_v1
blind,arithmetic_affine_w2__resub__whole_output_cone__blind_cegis__0012,arithmetic_affine_w2__resub__whole_output_cone,arithmetic_affine_w2,affine,5,1,1,2,affine_unary,"add<5,unsigned>(5'd5,mul<5,unsigned>(5'd5,input1))",sat,sat,"{""input1"":1,""input2"":0}",true,0.001031,0.001995,0.003026,counterexample_added,z3,region,formal_smt,z3_cegis_iteration_v1
blind,,arithmetic_affine_w2__resub__whole_output_cone,arithmetic_affine_w2,affine,5,2,2,2,,,unsat,not_run,{},false,0.014647,0.000000,0.003026,no_candidate_satisfies_examples,z3,region,unresolved,z3_cegis_iteration_v1
blind,arithmetic_affine_w2__resyn__whole_output_cone__blind_cegis__0001,arithmetic_affine_w2__resyn__whole_output_cone,arithmetic_affine_w2,affine,5,1,1,1,constant_multiply,"mul<5,unsigned>(5'd0,input1)",sat,unsat,{},true,0.000131,0.000973,0.001104,equivalence_proven,z3,region,formal_smt,z3_cegis_iteration_v1
blind,arithmetic_affine_w2__resyn2__whole_output_cone__blind_cegis__0012,arithmetic_affine_w2__resyn2__whole_output_cone,arithmetic_affine_w2,affine,5,1,1,2,affine_unary,"add<5,unsigned>(5'd5,mul<5,unsigned>(5'd5,input1))",sat,sat,"{""input1"":1,""input2"":0}",true,0.001161,0.002076,0.003237,counterexample_added,z3,region,formal_smt,z3_cegis_iteration_v1
blind,,arithmetic_affine_w2__resyn2__whole_output_cone,arithmetic_affine_w2,affine,5,2,2,2,,,unsat,not_run,{},false,0.014453,0.000000,0.003237,no_candidate_satisfies_examples,z3,region,unresolved,z3_cegis_iteration_v1
blind,arithmetic_affine_w2__rewrite__whole_output_cone__blind_cegis__0001,arithmetic_affine_w2__rewrite__whole_output_cone,arithmetic_affine_w2,affine,5,1,1,1,constant_multiply,"mul<5,unsigned>(5'd0,input1)",sat,unsat,{},true,0.000186,0.001126,0.001312,equivalence_proven,z3,region,formal_smt,z3_cegis_iteration_v1
blind,arithmetic_affine_w3__balance__whole_output_cone__blind_cegis__0004,arithmetic_affine_w3__balance__whole_output_cone,arithmetic_affine_w3,affine,6,1,1,2,affine_unary,"add<6,unsigned>(6'd1,mul<6,unsigned>(6'd1,input1))",sat,sat,"{""input1"":3}",true,0.000614,0.003212,0.003826,counterexample_added,z3,region,formal_smt,z3_cegis_iteration_v1
blind,,arithmetic_affine_w3__balance__whole_output_cone,arithmetic_affine_w3,affine,6,2,2,2,,,unsat,not_run,{},false,0.008564,0.000000,0.003826,no_candidate_satisfies_examples,z3,region,unresolved,z3_cegis_iteration_v1
blind,arithmetic_affine_w3__compress2rs__whole_output_cone__blind_cegis__0004,arithmetic_affine_w3__compress2rs__whole_output_cone,arithmetic_affine_w3,affine,6,1,1,2,affine_unary,"add<6,unsigned>(6'd1,mul<6,unsigned>(6'd1,input1))",sat,sat,"{""input1"":3}",true,0.000483,0.002748,0.003231,counterexample_added,z3,region,formal_smt,z3_cegis_iteration_v1
blind,,arithmetic_affine_w3__compress2rs__whole_output_cone,arithmetic_affine_w3,affine,6,2,2,2,,,unsat,not_run,{},false,0.007407,0.000000,0.003231,no_candidate_satisfies_examples,z3,region,unresolved,z3_cegis_iteration_v1
blind,arithmetic_affine_w3__dc2__whole_output_cone__blind_cegis__0004,arithmetic_affine_w3__dc2__whole_output_cone,arithmetic_affine_w3,affine,6,1,1,2,affine_unary,"add<6,unsigned>(6'd1,mul<6,unsigned>(6'd1,input1))",sat,sat,"{""input1"":3}",true,0.000495,0.002910,0.003405,counterexample_added,z3,region,formal_smt,z3_cegis_iteration_v1
blind,,arithmetic_affine_w3__dc2__whole_output_cone,arithmetic_affine_w3,affine,6,2,2,2,,,unsat,not_run,{},false,0.007448,0.000000,0.003405,no_candidate_satisfies_examples,z3,region,unresolved,z3_cegis_iteration_v1
blind,arithmetic_affine_w3__identity__ground_truth_region__blind_cegis__0012,arithmetic_affine_w3__identity__ground_truth_region,arithmetic_affine_w3,affine,6,1,1,2,affine_unary,"add<6,unsigned>(6'd5,mul<6,unsigned>(6'd5,input1))",sat,sat,"{""input1"":4}",true,0.001337,0.004184,0.005521,counterexample_added,z3,region,formal_smt,z3_cegis_iteration_v1
blind,,arithmetic_affine_w3__identity__ground_truth_region,arithmetic_affine_w3,affine,6,2,2,2,,,unsat,not_run,{},false,0.006628,0.000000,0.005521,no_candidate_satisfies_examples,z3,region,unresolved,z3_cegis_iteration_v1
blind,arithmetic_affine_w3__identity__whole_output_cone__blind_cegis__0012,arithmetic_affine_w3__identity__whole_output_cone,arithmetic_affine_w3,affine,6,1,1,2,affine_unary,"add<6,unsigned>(6'd5,mul<6,unsigned>(6'd5,input1))",sat,sat,"{""input1"":6}",true,0.001177,0.004231,0.005408,counterexample_added,z3,region,formal_smt,z3_cegis_iteration_v1
blind,,arithmetic_affine_w3__identity__whole_output_cone,arithmetic_affine_w3,affine,6,2,2,2,,,unsat,not_run,{},false,0.006435,0.000000,0.005408,no_candidate_satisfies_examples,z3,region,unresolved,z3_cegis_iteration_v1
blind,arithmetic_affine_w3__refactor__whole_output_cone__blind_cegis__0004,arithmetic_affine_w3__refactor__whole_output_cone,arithmetic_affine_w3,affine,6,1,1,2,affine_unary,"add<6,unsigned>(6'd1,mul<6,unsigned>(6'd1,input1))",sat,sat,"{""input1"":3}",true,0.000488,0.002964,0.003452,counterexample_added,z3,region,formal_smt,z3_cegis_iteration_v1
blind,,arithmetic_affine_w3__refactor__whole_output_cone,arithmetic_affine_w3,affine,6,2,2,2,,,unsat,not_run,{},false,0.007032,0.000000,0.003452,no_candidate_satisfies_examples,z3,region,unresolved,z3_cegis_iteration_v1
blind,arithmetic_affine_w3__resub__whole_output_cone__blind_cegis__0004,arithmetic_affine_w3__resub__whole_output_cone,arithmetic_affine_w3,affine,6,1,1,2,affine_unary,"add<6,unsigned>(6'd1,mul<6,unsigned>(6'd1,input1))",sat,sat,"{""input1"":6}",true,0.000489,0.002874,0.003363,counterexample_added,z3,region,formal_smt,z3_cegis_iteration_v1
blind,,arithmetic_affine_w3__resub__whole_output_cone,arithmetic_affine_w3,affine,6,2,2,2,,,unsat,not_run,{},false,0.007313,0.000000,0.003363,no_candidate_satisfies_examples,z3,region,unresolved,z3_cegis_iteration_v1
blind,arithmetic_affine_w3__resyn__whole_output_cone__blind_cegis__0004,arithmetic_affine_w3__resyn__whole_output_cone,arithmetic_affine_w3,affine,6,1,1,2,affine_unary,"add<6,unsigned>(6'd1,mul<6,unsigned>(6'd1,input1))",sat,sat,"{""input1"":3}",true,0.000518,0.002879,0.003397,counterexample_added,z3,region,formal_smt,z3_cegis_iteration_v1
blind,,arithmetic_affine_w3__resyn__whole_output_cone,arithmetic_affine_w3,affine,6,2,2,2,,,unsat,not_run,{},false,0.008013,0.000000,0.003397,no_candidate_satisfies_examples,z3,region,unresolved,z3_cegis_iteration_v1
blind,arithmetic_affine_w3__resyn2__whole_output_cone__blind_cegis__0004,arithmetic_affine_w3__resyn2__whole_output_cone,arithmetic_affine_w3,affine,6,1,1,2,affine_unary,"add<6,unsigned>(6'd1,mul<6,unsigned>(6'd1,input1))",sat,sat,"{""input1"":6}",true,0.000455,0.002986,0.003441,counterexample_added,z3,region,formal_smt,z3_cegis_iteration_v1
blind,,arithmetic_affine_w3__resyn2__whole_output_cone,arithmetic_affine_w3,affine,6,2,2,2,,,unsat,not_run,{},false,0.006648,0.000000,0.003441,no_candidate_satisfies_examples,z3,region,unresolved,z3_cegis_iteration_v1
blind,arithmetic_affine_w3__rewrite__whole_output_cone__blind_cegis__0004,arithmetic_affine_w3__rewrite__whole_output_cone,arithmetic_affine_w3,affine,6,1,1,2,affine_unary,"add<6,unsigned>(6'd1,mul<6,unsigned>(6'd1,input1))",sat,sat,"{""input1"":6}",true,0.000514,0.002955,0.003469,counterexample_added,z3,region,formal_smt,z3_cegis_iteration_v1
blind,,arithmetic_affine_w3__rewrite__whole_output_cone,arithmetic_affine_w3,affine,6,2,2,2,,,unsat,not_run,{},false,0.007818,0.000000,0.003469,no_candidate_satisfies_examples,z3,region,unresolved,z3_cegis_iteration_v1
blind,arithmetic_affine_w4__balance__whole_output_cone__blind_cegis__0004,arithmetic_affine_w4__balance__whole_output_cone,arithmetic_affine_w4,affine,7,1,1,2,affine_unary,"add<7,unsigned>(7'd1,mul<7,unsigned>(7'd1,input1))",sat,sat,"{""input1"":15}",true,0.000790,0.004237,0.005027,counterexample_added,z3,region,formal_smt,z3_cegis_iteration_v1
blind,,arithmetic_affine_w4__balance__whole_output_cone,arithmetic_affine_w4,affine,7,2,2,2,,,unsat,not_run,{},false,0.011933,0.000000,0.005027,no_candidate_satisfies_examples,z3,region,unresolved,z3_cegis_iteration_v1
blind,arithmetic_affine_w4__compress2rs__whole_output_cone__blind_cegis__0012,arithmetic_affine_w4__compress2rs__whole_output_cone,arithmetic_affine_w4,affine,7,1,1,2,affine_unary,"add<7,unsigned>(7'd5,mul<7,unsigned>(7'd5,input1))",sat,sat,"{""input1"":1}",true,0.001718,0.003880,0.005598,counterexample_added,z3,region,formal_smt,z3_cegis_iteration_v1
blind,,arithmetic_affine_w4__compress2rs__whole_output_cone,arithmetic_affine_w4,affine,7,2,2,2,,,unsat,not_run,{},false,0.009372,0.000000,0.005598,no_candidate_satisfies_examples,z3,region,unresolved,z3_cegis_iteration_v1
blind,arithmetic_affine_w4__dc2__whole_output_cone__blind_cegis__0004,arithmetic_affine_w4__dc2__whole_output_cone,arithmetic_affine_w4,affine,7,1,1,2,affine_unary,"add<7,unsigned>(7'd1,mul<7,unsigned>(7'd1,input1))",sat,sat,"{""input1"":15}",true,0.000621,0.003642,0.004263,counterexample_added,z3,region,formal_smt,z3_cegis_iteration_v1
blind,,arithmetic_affine_w4__dc2__whole_output_cone,arithmetic_affine_w4,affine,7,2,2,2,,,unsat,not_run,{},false,0.009559,0.000000,0.004263,no_candidate_satisfies_examples,z3,region,unresolved,z3_cegis_iteration_v1
blind,arithmetic_affine_w4__identity__ground_truth_region__blind_cegis__0012,arithmetic_affine_w4__identity__ground_truth_region,arithmetic_affine_w4,affine,7,1,1,2,affine_unary,"add<7,unsigned>(7'd5,mul<7,unsigned>(7'd5,input1))",sat,sat,"{""input1"":2}",true,0.001584,0.006861,0.008445,counterexample_added,z3,region,formal_smt,z3_cegis_iteration_v1
blind,,arithmetic_affine_w4__identity__ground_truth_region,arithmetic_affine_w4,affine,7,2,2,2,,,unsat,not_run,{},false,0.008676,0.000000,0.008445,no_candidate_satisfies_examples,z3,region,unresolved,z3_cegis_iteration_v1
blind,arithmetic_affine_w4__identity__whole_output_cone__blind_cegis__0012,arithmetic_affine_w4__identity__whole_output_cone,arithmetic_affine_w4,affine,7,1,1,2,affine_unary,"add<7,unsigned>(7'd5,mul<7,unsigned>(7'd5,input1))",sat,sat,"{""input1"":7}",true,0.001590,0.007339,0.008929,counterexample_added,z3,region,formal_smt,z3_cegis_iteration_v1
blind,,arithmetic_affine_w4__identity__whole_output_cone,arithmetic_affine_w4,affine,7,2,2,2,,,unsat,not_run,{},false,0.008759,0.000000,0.008929,no_candidate_satisfies_examples,z3,region,unresolved,z3_cegis_iteration_v1
blind,arithmetic_affine_w4__refactor__whole_output_cone__blind_cegis__0004,arithmetic_affine_w4__refactor__whole_output_cone,arithmetic_affine_w4,affine,7,1,1,2,affine_unary,"add<7,unsigned>(7'd1,mul<7,unsigned>(7'd1,input1))",sat,sat,"{""input1"":6}",true,0.000658,0.004071,0.004729,counterexample_added,z3,region,formal_smt,z3_cegis_iteration_v1
blind,,arithmetic_affine_w4__refactor__whole_output_cone,arithmetic_affine_w4,affine,7,2,2,2,,,unsat,not_run,{},false,0.009871,0.000000,0.004729,no_candidate_satisfies_examples,z3,region,unresolved,z3_cegis_iteration_v1
blind,arithmetic_affine_w4__resub__whole_output_cone__blind_cegis__0004,arithmetic_affine_w4__resub__whole_output_cone,arithmetic_affine_w4,affine,7,1,1,2,affine_unary,"add<7,unsigned>(7'd1,mul<7,unsigned>(7'd1,input1))",sat,sat,"{""input1"":12}",true,0.000697,0.003850,0.004547,counterexample_added,z3,region,formal_smt,z3_cegis_iteration_v1
blind,,arithmetic_affine_w4__resub__whole_output_cone,arithmetic_affine_w4,affine,7,2,2,2,,,unsat,not_run,{},false,0.010401,0.000000,0.004547,no_candidate_satisfies_examples,z3,region,unresolved,z3_cegis_iteration_v1
blind,arithmetic_affine_w4__resyn__whole_output_cone__blind_cegis__0004,arithmetic_affine_w4__resyn__whole_output_cone,arithmetic_affine_w4,affine,7,1,1,2,affine_unary,"add<7,unsigned>(7'd1,mul<7,unsigned>(7'd1,input1))",sat,sat,"{""input1"":1}",true,0.000644,0.003781,0.004425,counterexample_added,z3,region,formal_smt,z3_cegis_iteration_v1
blind,,arithmetic_affine_w4__resyn__whole_output_cone,arithmetic_affine_w4,affine,7,2,2,2,,,unsat,not_run,{},false,0.009875,0.000000,0.004425,no_candidate_satisfies_examples,z3,region,unresolved,z3_cegis_iteration_v1
blind,arithmetic_affine_w4__resyn2__whole_output_cone__blind_cegis__0012,arithmetic_affine_w4__resyn2__whole_output_cone,arithmetic_affine_w4,affine,7,1,1,2,affine_unary,"add<7,unsigned>(7'd5,mul<7,unsigned>(7'd5,input1))",sat,sat,"{""input1"":4}",true,0.001746,0.003488,0.005234,counterexample_added,z3,region,formal_smt,z3_cegis_iteration_v1
blind,,arithmetic_affine_w4__resyn2__whole_output_cone,arithmetic_affine_w4,affine,7,2,2,2,,,unsat,not_run,{},false,0.009246,0.000000,0.005234,no_candidate_satisfies_examples,z3,region,unresolved,z3_cegis_iteration_v1
blind,arithmetic_affine_w4__rewrite__whole_output_cone__blind_cegis__0004,arithmetic_affine_w4__rewrite__whole_output_cone,arithmetic_affine_w4,affine,7,1,1,2,affine_unary,"add<7,unsigned>(7'd1,mul<7,unsigned>(7'd1,input1))",sat,sat,"{""input1"":7}",true,0.000644,0.003199,0.003843,counterexample_added,z3,region,formal_smt,z3_cegis_iteration_v1
blind,,arithmetic_affine_w4__rewrite__whole_output_cone,arithmetic_affine_w4,affine,7,2,2,2,,,unsat,not_run,{},false,0.010133,0.000000,0.003843,no_candidate_satisfies_examples,z3,region,unresolved,z3_cegis_iteration_v1
blind,arithmetic_affine_w6__identity__ground_truth_region__blind_cegis__0012,arithmetic_affine_w6__identity__ground_truth_region,arithmetic_affine_w6,affine,9,1,1,2,affine_unary,"add<9,unsigned>(9'd5,mul<9,unsigned>(9'd5,input1))",sat,sat,"{""input1"":30}",true,0.004490,0.031320,0.035810,counterexample_added,z3,region,formal_smt,z3_cegis_iteration_v1
blind,,arithmetic_affine_w6__identity__ground_truth_region,arithmetic_affine_w6,affine,9,2,2,2,,,unsat,not_run,{},false,0.024960,0.000000,0.035810,no_candidate_satisfies_examples,z3,region,unresolved,z3_cegis_iteration_v1
blind,arithmetic_affine_w6__identity__whole_output_cone__blind_cegis__0012,arithmetic_affine_w6__identity__whole_output_cone,arithmetic_affine_w6,affine,9,1,1,2,affine_unary,"add<9,unsigned>(9'd5,mul<9,unsigned>(9'd5,input1))",sat,sat,"{""input1"":38}",true,0.004567,0.032668,0.037235,counterexample_added,z3,region,formal_smt,z3_cegis_iteration_v1
blind,,arithmetic_affine_w6__identity__whole_output_cone,arithmetic_affine_w6,affine,9,2,2,2,,,unsat,not_run,{},false,0.025003,0.000000,0.037235,no_candidate_satisfies_examples,z3,region,unresolved,z3_cegis_iteration_v1
blind,arithmetic_affine_w8__identity__ground_truth_region__blind_cegis__0012,arithmetic_affine_w8__identity__ground_truth_region,arithmetic_affine_w8,affine,11,1,1,2,affine_unary,"add<11,unsigned>(11'd5,mul<11,unsigned>(11'd5,input1))",sat,sat,"{""input1"":141}",true,0.020169,0.190784,0.210953,counterexample_added,z3,region,formal_smt,z3_cegis_iteration_v1
blind,,arithmetic_affine_w8__identity__ground_truth_region,arithmetic_affine_w8,affine,11,2,2,2,,,unsat,not_run,{},false,0.115013,0.000000,0.210953,no_candidate_satisfies_examples,z3,region,unresolved,z3_cegis_iteration_v1
blind,arithmetic_affine_w8__identity__whole_output_cone__blind_cegis__0012,arithmetic_affine_w8__identity__whole_output_cone,arithmetic_affine_w8,affine,11,1,1,2,affine_unary,"add<11,unsigned>(11'd5,mul<11,unsigned>(11'd5,input1))",sat,sat,"{""input1"":66}",true,0.020360,0.192180,0.212540,counterexample_added,z3,region,formal_smt,z3_cegis_iteration_v1
blind,,arithmetic_affine_w8__identity__whole_output_cone,arithmetic_affine_w8,affine,11,2,2,2,,,unsat,not_run,{},false,0.114059,0.000000,0.212540,no_candidate_satisfies_examples,z3,region,unresolved,z3_cegis_iteration_v1
blind,arithmetic_bilinear_w2__identity__ground_truth_region__blind_cegis__0001,arithmetic_bilinear_w2__identity__ground_truth_region,arithmetic_bilinear_w2,bilinear,5,1,1,2,constant_multiply,"mul<5,unsigned>(5'd0,input1)",sat,sat,"{""input1"":58}",true,0.000612,0.057687,0.058299,counterexample_added,z3,region,formal_smt,z3_cegis_iteration_v1
blind,arithmetic_bilinear_w2__identity__ground_truth_region__blind_cegis__0021,arithmetic_bilinear_w2__identity__ground_truth_region,arithmetic_bilinear_w2,bilinear,5,2,2,3,constant_multiply,"mul<5,unsigned>(5'd10,input1)",sat,sat,"{""input1"":242}",true,0.017533,0.060780,0.136613,counterexample_added,z3,region,formal_smt,z3_cegis_iteration_v1
blind,,arithmetic_bilinear_w2__identity__ground_truth_region,arithmetic_bilinear_w2,bilinear,5,3,3,3,,,unsat,not_run,{},false,0.057799,0.000000,0.136613,no_candidate_satisfies_examples,z3,region,unresolved,z3_cegis_iteration_v1
blind,arithmetic_bilinear_w2__identity__whole_output_cone__blind_cegis__0001,arithmetic_bilinear_w2__identity__whole_output_cone,arithmetic_bilinear_w2,bilinear,5,1,1,2,constant_multiply,"mul<5,unsigned>(5'd0,input1)",sat,sat,"{""input1"":173}",true,0.000597,0.057330,0.057927,counterexample_added,z3,region,formal_smt,z3_cegis_iteration_v1
blind,arithmetic_bilinear_w2__identity__whole_output_cone__blind_cegis__0007,arithmetic_bilinear_w2__identity__whole_output_cone,arithmetic_bilinear_w2,bilinear,5,2,2,3,constant_multiply,"mul<5,unsigned>(5'd3,input1)",sat,sat,"{""input1"":121}",true,0.005645,0.058474,0.122045,counterexample_added,z3,region,formal_smt,z3_cegis_iteration_v1
blind,,arithmetic_bilinear_w2__identity__whole_output_cone,arithmetic_bilinear_w2,bilinear,5,3,3,3,,,unsat,not_run,{},false,0.055069,0.000000,0.122045,no_candidate_satisfies_examples,z3,region,unresolved,z3_cegis_iteration_v1
blind,arithmetic_constant_multiply_w2__balance__whole_output_cone__blind_cegis__0001,arithmetic_constant_multiply_w2__balance__whole_output_cone,arithmetic_constant_multiply_w2,constant_multiply,4,1,1,2,constant_multiply,"mul<4,unsigned>(4'd0,input1)",sat,sat,"{""input1"":1,""input2"":1}",true,0.000134,0.001395,0.001529,counterexample_added,z3,region,formal_smt,z3_cegis_iteration_v1
blind,arithmetic_constant_multiply_w2__balance__whole_output_cone__blind_cegis__0017,arithmetic_constant_multiply_w2__balance__whole_output_cone,arithmetic_constant_multiply_w2,constant_multiply,4,2,2,3,constant_multiply,"mul<4,unsigned>(4'd8,input1)",sat,sat,"{""input1"":0,""input2"":1}",true,0.001724,0.002612,0.005864,counterexample_added,z3,region,formal_smt,z3_cegis_iteration_v1
blind,arithmetic_constant_multiply_w2__balance__whole_output_cone__blind_cegis__0146,arithmetic_constant_multiply_w2__balance__whole_output_cone,arithmetic_constant_multiply_w2,constant_multiply,4,3,3,4,affine_binary,"add<4,unsigned>(mul<4,unsigned>(4'd4,input1),mul<4,unsigned>(4'd4,input2))",sat,sat,"{""input1"":1,""input2"":0}",true,0.018556,0.001875,0.026296,counterexample_added,z3,region,formal_smt,z3_cegis_iteration_v1
blind,,arithmetic_constant_multiply_w2__balance__whole_output_cone,arithmetic_constant_multiply_w2,constant_multiply,4,4,4,4,,,unsat,not_run,{},false,0.021362,0.000000,0.026296,no_candidate_satisfies_examples,z3,region,unresolved,z3_cegis_iteration_v1
blind,arithmetic_constant_multiply_w2__compress2rs__whole_output_cone__blind_cegis__0001,arithmetic_constant_multiply_w2__compress2rs__whole_output_cone,arithmetic_constant_multiply_w2,constant_multiply,4,1,1,2,constant_multiply,"mul<4,unsigned>(4'd0,input1)",sat,sat,"{""input1"":1,""input2"":0}",true,0.000124,0.001435,0.001559,counterexample_added,z3,region,formal_smt,z3_cegis_iteration_v1
blind,arithmetic_constant_multiply_w2__compress2rs__whole_output_cone__blind_cegis__0007,arithmetic_constant_multiply_w2__compress2rs__whole_output_cone,arithmetic_constant_multiply_w2,constant_multiply,4,2,2,3,constant_multiply,"mul<4,unsigned>(4'd3,input1)",sat,sat,"{""input1"":1,""input2"":1}",true,0.000884,0.002110,0.004554,counterexample_added,z3,region,formal_smt,z3_cegis_iteration_v1
blind,arithmetic_constant_multiply_w2__compress2rs__whole_output_cone__blind_cegis__0132,arithmetic_constant_multiply_w2__compress2rs__whole_output_cone,arithmetic_constant_multiply_w2,constant_multiply,4,3,3,3,affine_binary,"add<4,unsigned>(mul<4,unsigned>(4'd3,input1),mul<4,unsigned>(4'd6,input2))",sat,unsat,{},true,0.019152,0.002203,0.025909,equivalence_proven,z3,region,formal_smt,z3_cegis_iteration_v1
blind,arithmetic_constant_multiply_w2__dc2__whole_output_cone__blind_cegis__0001,arithmetic_constant_multiply_w2__dc2__whole_output_cone,arithmetic_constant_multiply_w2,constant_multiply,4,1,1,2,constant_multiply,"mul<4,unsigned>(4'd0,input1)",sat,sat,"{""input1"":1,""input2"":0}",true,0.000146,0.001203,0.001349,counterexample_added,z3,region,formal_smt,z3_cegis_iteration_v1
blind,arithmetic_constant_multiply_w2__dc2__whole_output_cone__blind_cegis__0003,arithmetic_constant_multiply_w2__dc2__whole_output_cone,arithmetic_constant_multiply_w2,constant_multiply,4,2,2,3,constant_multiply,"mul<4,unsigned>(4'd1,input1)",sat,sat,"{""input1"":1,""input2"":1}",true,0.000372,0.001127,0.002848,counterexample_added,z3,region,formal_smt,z3_cegis_iteration_v1
blind,arithmetic_constant_multiply_w2__dc2__whole_output_cone__blind_cegis__0102,arithmetic_constant_multiply_w2__dc2__whole_output_cone,arithmetic_constant_multiply_w2,constant_multiply,4,3,3,4,affine_binary,"add<4,unsigned>(mul<4,unsigned>(4'd1,input1),mul<4,unsigned>(4'd8,input2))",sat,sat,"{""input1"":0,""input2"":1}",true,0.012687,0.001931,0.017466,counterexample_added,z3,region,formal_smt,z3_cegis_iteration_v1
blind,,arithmetic_constant_multiply_w2__dc2__whole_output_cone,arithmetic_constant_multiply_w2,constant_multiply,4,4,4,4,,,unsat,not_run,{},false,0.021642,0.000000,0.017466,no_candidate_satisfies_examples,z3,region,unresolved,z3_cegis_iteration_v1
blind,arithmetic_constant_multiply_w2__identity__ground_truth_region__blind_cegis__0001,arithmetic_constant_multiply_w2__identity__ground_truth_region,arithmetic_constant_multiply_w2,constant_multiply,4,1,1,2,constant_multiply,"mul<4,unsigned>(4'd0,input1)",sat,sat,"{""input1"":1,""input2"":1}",true,0.000120,0.001294,0.001414,counterexample_added,z3,region,formal_smt,z3_cegis_iteration_v1
blind,arithmetic_constant_multiply_w2__identity__ground_truth_region__blind_cegis__0019,arithmetic_constant_multiply_w2__identity__ground_truth_region,arithmetic_constant_multiply_w2,constant_multiply,4,2,2,3,constant_multiply,"mul<4,unsigned>(4'd9,input1)",sat,sat,"{""input1"":0,""input2"":1}",true,0.001919,0.001963,0.005296,counterexample_added,z3,region,formal_smt,z3_cegis_iteration_v1
blind,arithmetic_constant_multiply_w2__identity__ground_truth_region__blind_cegis__0132,arithmetic_constant_multiply_w2__identity__ground_truth_region,arithmetic_constant_multiply_w2,constant_multiply,4,3,3,3,affine_binary,"add<4,unsigned>(mul<4,unsigned>(4'd3,input1),mul<4,unsigned>(4'd6,input2))",sat,unsat,{},true,0.015957,0.001386,0.022639,equivalence_proven,z3,region,formal_smt,z3_cegis_iteration_v1
blind,arithmetic_constant_multiply_w2__identity__whole_output_cone__blind_cegis__0001,arithmetic_constant_multiply_w2__identity__whole_output_cone,arithmetic_constant_multiply_w2,constant_multiply,4,1,1,2,constant_multiply,"mul<4,unsigned>(4'd0,input1)",sat,sat,"{""input1"":1,""input2"":0}",true,0.000158,0.001459,0.001617,counterexample_added,z3,region,formal_smt,z3_cegis_iteration_v1
blind,arithmetic_constant_multiply_w2__identity__whole_output_cone__blind_cegis__0007,arithmetic_constant_multiply_w2__identity__whole_output_cone,arithmetic_constant_multiply_w2,constant_multiply,4,2,2,3,constant_multiply,"mul<4,unsigned>(4'd3,input1)",sat,sat,"{""input1"":0,""input2"":1}",true,0.000728,0.001920,0.004265,counterexample_added,z3,region,formal_smt,z3_cegis_iteration_v1
blind,arithmetic_constant_multiply_w2__identity__whole_output_cone__blind_cegis__0132,arithmetic_constant_multiply_w2__identity__whole_output_cone,arithmetic_constant_multiply_w2,constant_multiply,4,3,3,3,affine_binary,"add<4,unsigned>(mul<4,unsigned>(4'd3,input1),mul<4,unsigned>(4'd6,input2))",sat,unsat,{},true,0.018594,0.001357,0.024216,equivalence_proven,z3,region,formal_smt,z3_cegis_iteration_v1
blind,arithmetic_constant_multiply_w2__refactor__whole_output_cone__blind_cegis__0001,arithmetic_constant_multiply_w2__refactor__whole_output_cone,arithmetic_constant_multiply_w2,constant_multiply,4,1,1,2,constant_multiply,"mul<4,unsigned>(4'd0,input1)",sat,sat,"{""input1"":1,""input2"":0}",true,0.000156,0.001222,0.001378,counterexample_added,z3,region,formal_smt,z3_cegis_iteration_v1
blind,arithmetic_constant_multiply_w2__refactor__whole_output_cone__blind_cegis__0003,arithmetic_constant_multiply_w2__refactor__whole_output_cone,arithmetic_constant_multiply_w2,constant_multiply,4,2,2,3,constant_multiply,"mul<4,unsigned>(4'd1,input1)",sat,sat,"{""input1"":1,""input2"":1}",true,0.000375,0.001135,0.002888,counterexample_added,z3,region,formal_smt,z3_cegis_iteration_v1
blind,arithmetic_constant_multiply_w2__refactor__whole_output_cone__blind_cegis__0102,arithmetic_constant_multiply_w2__refactor__whole_output_cone,arithmetic_constant_multiply_w2,constant_multiply,4,3,3,4,affine_binary,"add<4,unsigned>(mul<4,unsigned>(4'd1,input1),mul<4,unsigned>(4'd8,input2))",sat,sat,"{""input1"":0,""input2"":1}",true,0.015084,0.002223,0.020195,counterexample_added,z3,region,formal_smt,z3_cegis_iteration_v1
blind,,arithmetic_constant_multiply_w2__refactor__whole_output_cone,arithmetic_constant_multiply_w2,constant_multiply,4,4,4,4,,,unsat,not_run,{},false,0.024161,0.000000,0.020195,no_candidate_satisfies_examples,z3,region,unresolved,z3_cegis_iteration_v1
blind,arithmetic_constant_multiply_w2__resub__whole_output_cone__blind_cegis__0001,arithmetic_constant_multiply_w2__resub__whole_output_cone,arithmetic_constant_multiply_w2,constant_multiply,4,1,1,2,constant_multiply,"mul<4,unsigned>(4'd0,input1)",sat,sat,"{""input1"":1,""input2"":0}",true,0.000196,0.001391,0.001587,counterexample_added,z3,region,formal_smt,z3_cegis_iteration_v1
blind,arithmetic_constant_multiply_w2__resub__whole_output_cone__blind_cegis__0003,arithmetic_constant_multiply_w2__resub__whole_output_cone,arithmetic_constant_multiply_w2,constant_multiply,4,2,2,3,constant_multiply,"mul<4,unsigned>(4'd1,input1)",sat,sat,"{""input1"":1,""input2"":1}",true,0.000337,0.001112,0.003036,counterexample_added,z3,region,formal_smt,z3_cegis_iteration_v1
blind,arithmetic_constant_multiply_w2__resub__whole_output_cone__blind_cegis__0102,arithmetic_constant_multiply_w2__resub__whole_output_cone,arithmetic_constant_multiply_w2,constant_multiply,4,3,3,4,affine_binary,"add<4,unsigned>(mul<4,unsigned>(4'd1,input1),mul<4,unsigned>(4'd8,input2))",sat,sat,"{""input1"":0,""input2"":1}",true,0.013696,0.001863,0.018595,counterexample_added,z3,region,formal_smt,z3_cegis_iteration_v1
blind,,arithmetic_constant_multiply_w2__resub__whole_output_cone,arithmetic_constant_multiply_w2,constant_multiply,4,4,4,4,,,unsat,not_run,{},false,0.023570,0.000000,0.018595,no_candidate_satisfies_examples,z3,region,unresolved,z3_cegis_iteration_v1
blind,arithmetic_constant_multiply_w2__resyn__whole_output_cone__blind_cegis__0001,arithmetic_constant_multiply_w2__resyn__whole_output_cone,arithmetic_constant_multiply_w2,constant_multiply,4,1,1,2,constant_multiply,"mul<4,unsigned>(4'd0,input1)",sat,sat,"{""input1"":1,""input2"":1}",true,0.000129,0.001157,0.001286,counterexample_added,z3,region,formal_smt,z3_cegis_iteration_v1
blind,arithmetic_constant_multiply_w2__resyn__whole_output_cone__blind_cegis__0017,arithmetic_constant_multiply_w2__resyn__whole_output_cone,arithmetic_constant_multiply_w2,constant_multiply,4,2,2,3,constant_multiply,"mul<4,unsigned>(4'd8,input1)",sat,sat,"{""input1"":0,""input2"":1}",true,0.002001,0.001864,0.005151,counterexample_added,z3,region,formal_smt,z3_cegis_iteration_v1
blind,arithmetic_constant_multiply_w2__resyn__whole_output_cone__blind_cegis__0146,arithmetic_constant_multiply_w2__resyn__whole_output_cone,arithmetic_constant_multiply_w2,constant_multiply,4,3,3,4,affine_binary,"add<4,unsigned>(mul<4,unsigned>(4'd4,input1),mul<4,unsigned>(4'd4,input2))",sat,sat,"{""input1"":1,""input2"":0}",true,0.018627,0.001772,0.025550,counterexample_added,z3,region,formal_smt,z3_cegis_iteration_v1
blind,,arithmetic_constant_multiply_w2__resyn__whole_output_cone,arithmetic_constant_multiply_w2,constant_multiply,4,4,4,4,,,unsat,not_run,{},false,0.019670,0.000000,0.025550,no_candidate_satisfies_examples,z3,region,unresolved,z3_cegis_iteration_v1
blind,arithmetic_constant_multiply_w2__resyn2__whole_output_cone__blind_cegis__0001,arithmetic_constant_multiply_w2__resyn2__whole_output_cone,arithmetic_constant_multiply_w2,constant_multiply,4,1,1,2,constant_multiply,"mul<4,unsigned>(4'd0,input1)",sat,sat,"{""input1"":1,""input2"":0}",true,0.000112,0.001313,0.001425,counterexample_added,z3,region,formal_smt,z3_cegis_iteration_v1
blind,arithmetic_constant_multiply_w2__resyn2__whole_output_cone__blind_cegis__0007,arithmetic_constant_multiply_w2__resyn2__whole_output_cone,arithmetic_constant_multiply_w2,constant_multiply,4,2,2,3,constant_multiply,"mul<4,unsigned>(4'd3,input1)",sat,sat,"{""input1"":1,""input2"":1}",true,0.000716,0.001863,0.004004,counterexample_added,z3,region,formal_smt,z3_cegis_iteration_v1
blind,arithmetic_constant_multiply_w2__resyn2__whole_output_cone__blind_cegis__0132,arithmetic_constant_multiply_w2__resyn2__whole_output_cone,arithmetic_constant_multiply_w2,constant_multiply,4,3,3,3,affine_binary,"add<4,unsigned>(mul<4,unsigned>(4'd3,input1),mul<4,unsigned>(4'd6,input2))",sat,unsat,{},true,0.016487,0.002103,0.022594,equivalence_proven,z3,region,formal_smt,z3_cegis_iteration_v1
blind,arithmetic_constant_multiply_w2__rewrite__whole_output_cone__blind_cegis__0001,arithmetic_constant_multiply_w2__rewrite__whole_output_cone,arithmetic_constant_multiply_w2,constant_multiply,4,1,1,2,constant_multiply,"mul<4,unsigned>(4'd0,input1)",sat,sat,"{""input1"":1,""input2"":1}",true,0.000121,0.001086,0.001207,counterexample_added,z3,region,formal_smt,z3_cegis_iteration_v1
blind,arithmetic_constant_multiply_w2__rewrite__whole_output_cone__blind_cegis__0017,arithmetic_constant_multiply_w2__rewrite__whole_output_cone,arithmetic_constant_multiply_w2,constant_multiply,4,2,2,3,constant_multiply,"mul<4,unsigned>(4'd8,input1)",sat,sat,"{""input1"":0,""input2"":1}",true,0.001717,0.001763,0.004687,counterexample_added,z3,region,formal_smt,z3_cegis_iteration_v1
blind,arithmetic_constant_multiply_w2__rewrite__whole_output_cone__blind_cegis__0146,arithmetic_constant_multiply_w2__rewrite__whole_output_cone,arithmetic_constant_multiply_w2,constant_multiply,4,3,3,4,affine_binary,"add<4,unsigned>(mul<4,unsigned>(4'd4,input1),mul<4,unsigned>(4'd4,input2))",sat,sat,"{""input1"":1,""input2"":0}",true,0.018653,0.001877,0.025217,counterexample_added,z3,region,formal_smt,z3_cegis_iteration_v1
blind,,arithmetic_constant_multiply_w2__rewrite__whole_output_cone,arithmetic_constant_multiply_w2,constant_multiply,4,4,4,4,,,unsat,not_run,{},false,0.022955,0.000000,0.025217,no_candidate_satisfies_examples,z3,region,unresolved,z3_cegis_iteration_v1
blind,arithmetic_constant_multiply_w3__balance__whole_output_cone__blind_cegis__0001,arithmetic_constant_multiply_w3__balance__whole_output_cone,arithmetic_constant_multiply_w3,constant_multiply,5,1,1,2,constant_multiply,"mul<5,unsigned>(5'd0,input1)",sat,sat,"{""input1"":6}",true,0.000164,0.001806,0.001970,counterexample_added,z3,region,formal_smt,z3_cegis_iteration_v1
blind,arithmetic_constant_multiply_w3__balance__whole_output_cone__blind_cegis__0017,arithmetic_constant_multiply_w3__balance__whole_output_cone,arithmetic_constant_multiply_w3,constant_multiply,5,2,2,3,constant_multiply,"mul<5,unsigned>(5'd8,input1)",sat,sat,"{""input1"":2}",true,0.002647,0.003056,0.007673,counterexample_added,z3,region,formal_smt,z3_cegis_iteration_v1
blind,,arithmetic_constant_multiply_w3__balance__whole_output_cone,arithmetic_constant_multiply_w3,constant_multiply,5,3,3,3,,,unsat,not_run,{},false,0.010907,0.000000,0.007673,no_candidate_satisfies_examples,z3,region,unresolved,z3_cegis_iteration_v1
blind,arithmetic_constant_multiply_w3__compress2rs__whole_output_cone__blind_cegis__0001,arithmetic_constant_multiply_w3__compress2rs__whole_output_cone,arithmetic_constant_multiply_w3,constant_multiply,5,1,1,2,constant_multiply,"mul<5,unsigned>(5'd0,input1)",sat,sat,"{""input1"":6}",true,0.000138,0.001827,0.001965,counterexample_added,z3,region,formal_smt,z3_cegis_iteration_v1
blind,arithmetic_constant_multiply_w3__compress2rs__whole_output_cone__blind_cegis__0007,arithmetic_constant_multiply_w3__compress2rs__whole_output_cone,arithmetic_constant_multiply_w3,constant_multiply,5,2,2,3,constant_multiply,"mul<5,unsigned>(5'd3,input1)",sat,sat,"{""input1"":2}",true,0.001038,0.002398,0.005400,counterexample_added,z3,region,formal_smt,z3_cegis_iteration_v1
blind,,arithmetic_constant_multiply_w3__compress2rs__whole_output_cone,arithmetic_constant_multiply_w3,constant_multiply,5,3,3,3,,,unsat,not_run,{},false,0.010152,0.000000,0.005400,no_candidate_satisfies_examples,z3,region,unresolved,z3_cegis_iteration_v1
blind,arithmetic_constant_multiply_w3__dc2__whole_output_cone__blind_cegis__0001,arithmetic_constant_multiply_w3__dc2__whole_output_cone,arithmetic_constant_multiply_w3,constant_multiply,5,1,1,2,constant_multiply,"mul<5,unsigned>(5'd0,input1)",sat,sat,"{""input1"":6}",true,0.000158,0.001774,0.001932,counterexample_added,z3,region,formal_smt,z3_cegis_iteration_v1
blind,arithmetic_constant_multiply_w3__dc2__whole_output_cone__blind_cegis__0017,arithmetic_constant_multiply_w3__dc2__whole_output_cone,arithmetic_constant_multiply_w3,constant_multiply,5,2,2,3,constant_multiply,"mul<5,unsigned>(5'd8,input1)",sat,sat,"{""input1"":1}",true,0.002335,0.002474,0.006741,counterexample_added,z3,region,formal_smt,z3_cegis_iteration_v1
blind,,arithmetic_constant_multiply_w3__dc2__whole_output_cone,arithmetic_constant_multiply_w3,constant_multiply,5,3,3,3,,,unsat,not_run,{},false,0.009622,0.000000,0.006741,no_candidate_satisfies_examples,z3,region,unresolved,z3_cegis_iteration_v1
blind,arithmetic_constant_multiply_w3__identity__ground_truth_region__blind_cegis__0001,arithmetic_constant_multiply_w3__identity__ground_truth_region,arithmetic_constant_multiply_w3,constant_multiply,5,1,1,2,constant_multiply,"mul<5,unsigned>(5'd0,input1)",sat,sat,"{""input1"":7}",true,0.000129,0.002340,0.002469,counterexample_added,z3,region,formal_smt,z3_cegis_iteration_v1
blind,arithmetic_constant_multiply_w3__identity__ground_truth_region__blind_cegis__0007,arithmetic_constant_multiply_w3__identity__ground_truth_region,arithmetic_constant_multiply_w3,constant_multiply,5,2,2,2,constant_multiply,"mul<5,unsigned>(5'd3,input1)",sat,unsat,{},true,0.000898,0.003092,0.006459,equivalence_proven,z3,region,formal_smt,z3_cegis_iteration_v1
blind,arithmetic_constant_multiply_w3__identity__whole_output_cone__blind_cegis__0001,arithmetic_constant_multiply_w3__identity__whole_output_cone,arithmetic_constant_multiply_w3,constant_multiply,5,1,1,2,constant_multiply,"mul<5,unsigned>(5'd0,input1)",sat,sat,"{""input1"":4}",true,0.000129,0.002191,0.002320,counterexample_added,z3,region,formal_smt,z3_cegis_iteration_v1
blind,arithmetic_constant_multiply_w3__identity__whole_output_cone__blind_cegis__0007,arithmetic_constant_multiply_w3__identity__whole_output_cone,arithmetic_constant_multiply_w3,constant_multiply,5,2,2,2,constant_multiply,"mul<5,unsigned>(5'd3,input1)",sat,unsat,{},true,0.000876,0.003015,0.006211,equivalence_proven,z3,region,formal_smt,z3_cegis_iteration_v1
blind,arithmetic_constant_multiply_w3__refactor__whole_output_cone__blind_cegis__0001,arithmetic_constant_multiply_w3__refactor__whole_output_cone,arithmetic_constant_multiply_w3,constant_multiply,5,1,1,2,constant_multiply,"mul<5,unsigned>(5'd0,input1)",sat,sat,"{""input1"":6}",true,0.000142,0.001620,0.001762,counterexample_added,z3,region,formal_smt,z3_cegis_iteration_v1
blind,arithmetic_constant_multiply_w3__refactor__whole_output_cone__blind_cegis__0007,arithmetic_constant_multiply_w3__refactor__whole_output_cone,arithmetic_constant_multiply_w3,constant_multiply,5,2,2,3,constant_multiply,"mul<5,unsigned>(5'd3,input1)",sat,sat,"{""input1"":7}",true,0.001042,0.002313,0.005117,counterexample_added,z3,region,formal_smt,z3_cegis_iteration_v1
blind,,arithmetic_constant_multiply_w3__refactor__whole_output_cone,arithmetic_constant_multiply_w3,constant_multiply,5,3,3,3,,,unsat,not_run,{},false,0.009861,0.000000,0.005117,no_candidate_satisfies_examples,z3,region,unresolved,z3_cegis_iteration_v1
blind,arithmetic_constant_multiply_w3__resub__whole_output_cone__blind_cegis__0001,arithmetic_constant_multiply_w3__resub__whole_output_cone,arithmetic_constant_multiply_w3,constant_multiply,5,1,1,2,constant_multiply,"mul<5,unsigned>(5'd0,input1)",sat,sat,"{""input1"":6}",true,0.000137,0.001656,0.001793,counterexample_added,z3,region,formal_smt,z3_cegis_iteration_v1
blind,arithmetic_constant_multiply_w3__resub__whole_output_cone__blind_cegis__0017,arithmetic_constant_multiply_w3__resub__whole_output_cone,arithmetic_constant_multiply_w3,constant_multiply,5,2,2,3,constant_multiply,"mul<5,unsigned>(5'd8,input1)",sat,sat,"{""input1"":2}",true,0.002633,0.002446,0.006872,counterexample_added,z3,region,formal_smt,z3_cegis_iteration_v1
blind,,arithmetic_constant_multiply_w3__resub__whole_output_cone,arithmetic_constant_multiply_w3,constant_multiply,5,3,3,3,,,unsat,not_run,{},false,0.010411,0.000000,0.006872,no_candidate_satisfies_examples,z3,region,unresolved,z3_cegis_iteration_v1
blind,arithmetic_constant_multiply_w3__resyn__whole_output_cone__blind_cegis__0001,arithmetic_constant_multiply_w3__resyn__whole_output_cone,arithmetic_constant_multiply_w3,constant_multiply,5,1,1,2,constant_multiply,"mul<5,unsigned>(5'd0,input1)",sat,sat,"{""input1"":6}",true,0.000138,0.001679,0.001817,counterexample_added,z3,region,formal_smt,z3_cegis_iteration_v1
blind,arithmetic_constant_multiply_w3__resyn__whole_output_cone__blind_cegis__0017,arithmetic_constant_multiply_w3__resyn__whole_output_cone,arithmetic_constant_multiply_w3,constant_multiply,5,2,2,3,constant_multiply,"mul<5,unsigned>(5'd8,input1)",sat,sat,"{""input1"":2}",true,0.002662,0.002404,0.006883,counterexample_added,z3,region,formal_smt,z3_cegis_iteration_v1
blind,,arithmetic_constant_multiply_w3__resyn__whole_output_cone,arithmetic_constant_multiply_w3,constant_multiply,5,3,3,3,,,unsat,not_run,{},false,0.010721,0.000000,0.006883,no_candidate_satisfies_examples,z3,region,unresolved,z3_cegis_iteration_v1
blind,arithmetic_constant_multiply_w3__resyn2__whole_output_cone__blind_cegis__0001,arithmetic_constant_multiply_w3__resyn2__whole_output_cone,arithmetic_constant_multiply_w3,constant_multiply,5,1,1,2,constant_multiply,"mul<5,unsigned>(5'd0,input1)",sat,sat,"{""input1"":6}",true,0.000130,0.001563,0.001693,counterexample_added,z3,region,formal_smt,z3_cegis_iteration_v1
blind,arithmetic_constant_multiply_w3__resyn2__whole_output_cone__blind_cegis__0007,arithmetic_constant_multiply_w3__resyn2__whole_output_cone,arithmetic_constant_multiply_w3,constant_multiply,5,2,2,3,constant_multiply,"mul<5,unsigned>(5'd3,input1)",sat,sat,"{""input1"":2}",true,0.000991,0.002342,0.005025,counterexample_added,z3,region,formal_smt,z3_cegis_iteration_v1
blind,,arithmetic_constant_multiply_w3__resyn2__whole_output_cone,arithmetic_constant_multiply_w3,constant_multiply,5,3,3,3,,,unsat,not_run,{},false,0.009903,0.000000,0.005025,no_candidate_satisfies_examples,z3,region,unresolved,z3_cegis_iteration_v1
blind,arithmetic_constant_multiply_w3__rewrite__whole_output_cone__blind_cegis__0001,arithmetic_constant_multiply_w3__rewrite__whole_output_cone,arithmetic_constant_multiply_w3,constant_multiply,5,1,1,2,constant_multiply,"mul<5,unsigned>(5'd0,input1)",sat,sat,"{""input1"":6}",true,0.000146,0.001735,0.001881,counterexample_added,z3,region,formal_smt,z3_cegis_iteration_v1
blind,arithmetic_constant_multiply_w3__rewrite__whole_output_cone__blind_cegis__0017,arithmetic_constant_multiply_w3__rewrite__whole_output_cone,arithmetic_constant_multiply_w3,constant_multiply,5,2,2,3,constant_multiply,"mul<5,unsigned>(5'd8,input1)",sat,sat,"{""input1"":2}",true,0.002651,0.002394,0.006926,counterexample_added,z3,region,formal_smt,z3_cegis_iteration_v1
blind,,arithmetic_constant_multiply_w3__rewrite__whole_output_cone,arithmetic_constant_multiply_w3,constant_multiply,5,3,3,3,,,unsat,not_run,{},false,0.010788,0.000000,0.006926,no_candidate_satisfies_examples,z3,region,unresolved,z3_cegis_iteration_v1
blind,arithmetic_constant_multiply_w4__balance__whole_output_cone__blind_cegis__0001,arithmetic_constant_multiply_w4__balance__whole_output_cone,arithmetic_constant_multiply_w4,constant_multiply,6,1,1,2,constant_multiply,"mul<6,unsigned>(6'd0,input1)",sat,sat,"{""input1"":11}",true,0.000219,0.002896,0.003115,counterexample_added,z3,region,formal_smt,z3_cegis_iteration_v1
blind,arithmetic_constant_multiply_w4__balance__whole_output_cone__blind_cegis__0007,arithmetic_constant_multiply_w4__balance__whole_output_cone,arithmetic_constant_multiply_w4,constant_multiply,6,2,2,3,constant_multiply,"mul<6,unsigned>(6'd3,input1)",sat,sat,"{""input1"":2}",true,0.001774,0.003759,0.008648,counterexample_added,z3,region,formal_smt,z3_cegis_iteration_v1
blind,,arithmetic_constant_multiply_w4__balance__whole_output_cone,arithmetic_constant_multiply_w4,constant_multiply,6,3,3,3,,,unsat,not_run,{},false,0.017541,0.000000,0.008648,no_candidate_satisfies_examples,z3,region,unresolved,z3_cegis_iteration_v1
blind,arithmetic_constant_multiply_w4__compress2rs__whole_output_cone__blind_cegis__0001,arithmetic_constant_multiply_w4__compress2rs__whole_output_cone,arithmetic_constant_multiply_w4,constant_multiply,6,1,1,2,constant_multiply,"mul<6,unsigned>(6'd0,input1)",sat,sat,"{""input1"":9}",true,0.000159,0.002163,0.002322,counterexample_added,z3,region,formal_smt,z3_cegis_iteration_v1
blind,arithmetic_constant_multiply_w4__compress2rs__whole_output_cone__blind_cegis__0007,arithmetic_constant_multiply_w4__compress2rs__whole_output_cone,arithmetic_constant_multiply_w4,constant_multiply,6,2,2,3,constant_multiply,"mul<6,unsigned>(6'd3,input1)",sat,sat,"{""input1"":12}",true,0.001241,0.002994,0.006558,counterexample_added,z3,region,formal_smt,z3_cegis_iteration_v1
blind,,arithmetic_constant_multiply_w4__compress2rs__whole_output_cone,arithmetic_constant_multiply_w4,constant_multiply,6,3,3,3,,,unsat,not_run,{},false,0.012367,0.000000,0.006558,no_candidate_satisfies_examples,z3,region,unresolved,z3_cegis_iteration_v1
blind,arithmetic_constant_multiply_w4__dc2__whole_output_cone__blind_cegis__0001,arithmetic_constant_multiply_w4__dc2__whole_output_cone,arithmetic_constant_multiply_w4,constant_multiply,6,1,1,2,constant_multiply,"mul<6,unsigned>(6'd0,input1)",sat,sat,"{""input1"":10}",true,0.000173,0.002120,0.002293,counterexample_added,z3,region,formal_smt,z3_cegis_iteration_v1
blind,arithmetic_constant_multiply_w4__dc2__whole_output_cone__blind_cegis__0045,arithmetic_constant_multiply_w4__dc2__whole_output_cone,arithmetic_constant_multiply_w4,constant_multiply,6,2,2,3,constant_multiply,"mul<6,unsigned>(6'd22,input1)",sat,sat,"{""input1"":3}",true,0.007433,0.002903,0.012629,counterexample_added,z3,region,formal_smt,z3_cegis_iteration_v1
blind,,arithmetic_constant_multiply_w4__dc2__whole_output_cone,arithmetic_constant_multiply_w4,constant_multiply,6,3,3,3,,,unsat,not_run,{},false,0.011591,0.000000,0.012629,no_candidate_satisfies_examples,z3,region,unresolved,z3_cegis_iteration_v1
blind,arithmetic_constant_multiply_w4__identity__ground_truth_region__blind_cegis__0001,arithmetic_constant_multiply_w4__identity__ground_truth_region,arithmetic_constant_multiply_w4,constant_multiply,6,1,1,2,constant_multiply,"mul<6,unsigned>(6'd0,input1)",sat,sat,"{""input1"":13}",true,0.000166,0.004937,0.005103,counterexample_added,z3,region,formal_smt,z3_cegis_iteration_v1
blind,arithmetic_constant_multiply_w4__identity__ground_truth_region__blind_cegis__0007,arithmetic_constant_multiply_w4__identity__ground_truth_region,arithmetic_constant_multiply_w4,constant_multiply,6,2,2,2,constant_multiply,"mul<6,unsigned>(6'd3,input1)",sat,unsat,{},true,0.001200,0.006051,0.012355,equivalence_proven,z3,region,formal_smt,z3_cegis_iteration_v1
blind,arithmetic_constant_multiply_w4__identity__whole_output_cone__blind_cegis__0001,arithmetic_constant_multiply_w4__identity__whole_output_cone,arithmetic_constant_multiply_w4,constant_multiply,6,1,1,2,constant_multiply,"mul<6,unsigned>(6'd0,input1)",sat,sat,"{""input1"":15}",true,0.000191,0.005006,0.005197,counterexample_added,z3,region,formal_smt,z3_cegis_iteration_v1
blind,arithmetic_constant_multiply_w4__identity__whole_output_cone__blind_cegis__0007,arithmetic_constant_multiply_w4__identity__whole_output_cone,arithmetic_constant_multiply_w4,constant_multiply,6,2,2,2,constant_multiply,"mul<6,unsigned>(6'd3,input1)",sat,unsat,{},true,0.001191,0.005793,0.012181,equivalence_proven,z3,region,formal_smt,z3_cegis_iteration_v1
blind,arithmetic_constant_multiply_w4__refactor__whole_output_cone__blind_cegis__0001,arithmetic_constant_multiply_w4__refactor__whole_output_cone,arithmetic_constant_multiply_w4,constant_multiply,6,1,1,2,constant_multiply,"mul<6,unsigned>(6'd0,input1)",sat,sat,"{""input1"":3}",true,0.000224,0.002643,0.002867,counterexample_added,z3,region,formal_smt,z3_cegis_iteration_v1
blind,arithmetic_constant_multiply_w4__refactor__whole_output_cone__blind_cegis__0007,arithmetic_constant_multiply_w4__refactor__whole_output_cone,arithmetic_constant_multiply_w4,constant_multiply,6,2,2,3,constant_multiply,"mul<6,unsigned>(6'd3,input1)",sat,sat,"{""input1"":1}",true,0.001552,0.003365,0.007783,counterexample_added,z3,region,formal_smt,z3_cegis_iteration_v1
blind,,arithmetic_constant_multiply_w4__refactor__whole_output_cone,arithmetic_constant_multiply_w4,constant_multiply,6,3,3,3,,,unsat,not_run,{},false,0.015299,0.000000,0.007783,no_candidate_satisfies_examples,z3,region,unresolved,z3_cegis_iteration_v1
blind,arithmetic_constant_multiply_w4__resub__whole_output_cone__blind_cegis__0001,arithmetic_constant_multiply_w4__resub__whole_output_cone,arithmetic_constant_multiply_w4,constant_multiply,6,1,1,2,constant_multiply,"mul<6,unsigned>(6'd0,input1)",sat,sat,"{""input1"":1}",true,0.000195,0.002482,0.002677,counterexample_added,z3,region,formal_smt,z3_cegis_iteration_v1
blind,arithmetic_constant_multiply_w4__resub__whole_output_cone__blind_cegis__0003,arithmetic_constant_multiply_w4__resub__whole_output_cone,arithmetic_constant_multiply_w4,constant_multiply,6,2,2,3,constant_multiply,"mul<6,unsigned>(6'd1,input1)",sat,sat,"{""input1"":2}",true,0.000654,0.002447,0.005778,counterexample_added,z3,region,formal_smt,z3_cegis_iteration_v1
blind,,arithmetic_constant_multiply_w4__resub__whole_output_cone,arithmetic_constant_multiply_w4,constant_multiply,6,3,3,3,,,unsat,not_run,{},false,0.016667,0.000000,0.005778,no_candidate_satisfies_examples,z3,region,unresolved,z3_cegis_iteration_v1
blind,arithmetic_constant_multiply_w4__resyn__whole_output_cone__blind_cegis__0001,arithmetic_constant_multiply_w4__resyn__whole_output_cone,arithmetic_constant_multiply_w4,constant_multiply,6,1,1,2,constant_multiply,"mul<6,unsigned>(6'd0,input1)",sat,sat,"{""input1"":8}",true,0.000201,0.002532,0.002733,counterexample_added,z3,region,formal_smt,z3_cegis_iteration_v1
blind,arithmetic_constant_multiply_w4__resyn__whole_output_cone__blind_cegis__0007,arithmetic_constant_multiply_w4__resyn__whole_output_cone,arithmetic_constant_multiply_w4,constant_multiply,6,2,2,3,constant_multiply,"mul<6,unsigned>(6'd3,input1)",sat,sat,"{""input1"":6}",true,0.001392,0.003060,0.007185,counterexample_added,z3,region,formal_smt,z3_cegis_iteration_v1
blind,,arithmetic_constant_multiply_w4__resyn__whole_output_cone,arithmetic_constant_multiply_w4,constant_multiply,6,3,3,3,,,unsat,not_run,{},false,0.014046,0.000000,0.007185,no_candidate_satisfies_examples,z3,region,unresolved,z3_cegis_iteration_v1
blind,arithmetic_constant_multiply_w4__resyn2__whole_output_cone__blind_cegis__0001,arithmetic_constant_multiply_w4__resyn2__whole_output_cone,arithmetic_constant_multiply_w4,constant_multiply,6,1,1,2,constant_multiply,"mul<6,unsigned>(6'd0,input1)",sat,sat,"{""input1"":13}",true,0.000175,0.002283,0.002458,counterexample_added,z3,region,formal_smt,z3_cegis_iteration_v1
blind,,arithmetic_constant_multiply_w4__resyn2__whole_output_cone,arithmetic_constant_multiply_w4,constant_multiply,6,2,2,2,,,unsat,not_run,{},false,0.013026,0.000000,0.002458,no_candidate_satisfies_examples,z3,region,unresolved,z3_cegis_iteration_v1
blind,arithmetic_constant_multiply_w4__rewrite__whole_output_cone__blind_cegis__0001,arithmetic_constant_multiply_w4__rewrite__whole_output_cone,arithmetic_constant_multiply_w4,constant_multiply,6,1,1,2,constant_multiply,"mul<6,unsigned>(6'd0,input1)",sat,sat,"{""input1"":10}",true,0.000169,0.002378,0.002547,counterexample_added,z3,region,formal_smt,z3_cegis_iteration_v1
blind,arithmetic_constant_multiply_w4__rewrite__whole_output_cone__blind_cegis__0057,arithmetic_constant_multiply_w4__rewrite__whole_output_cone,arithmetic_constant_multiply_w4,constant_multiply,6,2,2,3,constant_multiply,"mul<6,unsigned>(6'd28,input1)",sat,sat,"{""input1"":15}",true,0.011168,0.003147,0.016862,counterexample_added,z3,region,formal_smt,z3_cegis_iteration_v1
blind,,arithmetic_constant_multiply_w4__rewrite__whole_output_cone,arithmetic_constant_multiply_w4,constant_multiply,6,3,3,3,,,unsat,not_run,{},false,0.013405,0.000000,0.016862,no_candidate_satisfies_examples,z3,region,unresolved,z3_cegis_iteration_v1
blind,arithmetic_constant_multiply_w6__identity__ground_truth_region__blind_cegis__0001,arithmetic_constant_multiply_w6__identity__ground_truth_region,arithmetic_constant_multiply_w6,constant_multiply,8,1,1,2,constant_multiply,"mul<8,unsigned>(8'd0,input1)",sat,sat,"{""input1"":58}",true,0.000412,0.029301,0.029713,counterexample_added,z3,region,formal_smt,z3_cegis_iteration_v1
blind,arithmetic_constant_multiply_w6__identity__ground_truth_region__blind_cegis__0007,arithmetic_constant_multiply_w6__identity__ground_truth_region,arithmetic_constant_multiply_w6,constant_multiply,8,2,2,2,constant_multiply,"mul<8,unsigned>(8'd3,input1)",sat,unsat,{},true,0.003597,0.033137,0.066446,equivalence_proven,z3,region,formal_smt,z3_cegis_iteration_v1
blind,arithmetic_constant_multiply_w6__identity__whole_output_cone__blind_cegis__0001,arithmetic_constant_multiply_w6__identity__whole_output_cone,arithmetic_constant_multiply_w6,constant_multiply,8,1,1,2,constant_multiply,"mul<8,unsigned>(8'd0,input1)",sat,sat,"{""input1"":26}",true,0.000432,0.029356,0.029788,counterexample_added,z3,region,formal_smt,z3_cegis_iteration_v1
blind,arithmetic_constant_multiply_w6__identity__whole_output_cone__blind_cegis__0007,arithmetic_constant_multiply_w6__identity__whole_output_cone,arithmetic_constant_multiply_w6,constant_multiply,8,2,2,2,constant_multiply,"mul<8,unsigned>(8'd3,input1)",sat,unsat,{},true,0.003902,0.032358,0.066048,equivalence_proven,z3,region,formal_smt,z3_cegis_iteration_v1
blind,arithmetic_constant_multiply_w8__identity__ground_truth_region__blind_cegis__0001,arithmetic_constant_multiply_w8__identity__ground_truth_region,arithmetic_constant_multiply_w8,constant_multiply,10,1,1,2,constant_multiply,"mul<10,unsigned>(10'd0,input1)",sat,sat,"{""input1"":38}",true,0.001780,0.186787,0.188567,counterexample_added,z3,region,formal_smt,z3_cegis_iteration_v1
blind,arithmetic_constant_multiply_w8__identity__ground_truth_region__blind_cegis__0007,arithmetic_constant_multiply_w8__identity__ground_truth_region,arithmetic_constant_multiply_w8,constant_multiply,10,2,2,2,constant_multiply,"mul<10,unsigned>(10'd3,input1)",sat,unsat,{},true,0.016674,0.196840,0.402081,equivalence_proven,z3,region,formal_smt,z3_cegis_iteration_v1
blind,arithmetic_constant_multiply_w8__identity__whole_output_cone__blind_cegis__0001,arithmetic_constant_multiply_w8__identity__whole_output_cone,arithmetic_constant_multiply_w8,constant_multiply,10,1,1,2,constant_multiply,"mul<10,unsigned>(10'd0,input1)",sat,sat,"{""input1"":46}",true,0.001724,0.185549,0.187273,counterexample_added,z3,region,formal_smt,z3_cegis_iteration_v1
blind,arithmetic_constant_multiply_w8__identity__whole_output_cone__blind_cegis__0007,arithmetic_constant_multiply_w8__identity__whole_output_cone,arithmetic_constant_multiply_w8,constant_multiply,10,2,2,2,constant_multiply,"mul<10,unsigned>(10'd3,input1)",sat,unsat,{},true,0.016417,0.198842,0.402532,equivalence_proven,z3,region,formal_smt,z3_cegis_iteration_v1
oracle_bus,bitmanip_sign_extend_w6__identity__ground_truth_region__blind_cegis__0001,bitmanip_sign_extend_w6__identity__ground_truth_region,bitmanip_sign_extend_w6,sign_extend,12,1,1,2,constant_multiply,"mul<12,unsigned>(12'd0,a)",sat,sat,"{""a"":56}",true,0.000635,0.045498,0.046133,counterexample_added,z3,region,formal_smt,z3_cegis_iteration_v1
oracle_bus,bitmanip_sign_extend_w6__identity__ground_truth_region__blind_cegis__0069,bitmanip_sign_extend_w6__identity__ground_truth_region,bitmanip_sign_extend_w6,sign_extend,12,2,2,2,sign_extend,"sign_extend<12,signed>(a)",sat,unsat,{},true,0.057248,0.047133,0.150514,equivalence_proven,z3,region,formal_smt,z3_cegis_iteration_v1
oracle_bus,bitmanip_sign_extend_w6__identity__whole_output_cone__blind_cegis__0001,bitmanip_sign_extend_w6__identity__whole_output_cone,bitmanip_sign_extend_w6,sign_extend,12,1,1,2,constant_multiply,"mul<12,unsigned>(12'd0,a)",sat,sat,"{""a"":28}",true,0.000611,0.045596,0.046207,counterexample_added,z3,region,formal_smt,z3_cegis_iteration_v1
oracle_bus,bitmanip_sign_extend_w6__identity__whole_output_cone__blind_cegis__0003,bitmanip_sign_extend_w6__identity__whole_output_cone,bitmanip_sign_extend_w6,sign_extend,12,2,2,3,constant_multiply,"mul<12,unsigned>(12'd1,a)",sat,sat,"{""a"":34}",true,0.002221,0.046393,0.094821,counterexample_added,z3,region,formal_smt,z3_cegis_iteration_v1
oracle_bus,bitmanip_sign_extend_w6__identity__whole_output_cone__blind_cegis__0069,bitmanip_sign_extend_w6__identity__whole_output_cone,bitmanip_sign_extend_w6,sign_extend,12,3,3,3,sign_extend,"sign_extend<12,signed>(a)",sat,unsat,{},true,0.057350,0.047201,0.199372,equivalence_proven,z3,region,formal_smt,z3_cegis_iteration_v1
oracle_bus,bitmanip_sign_extend_w8__identity__ground_truth_region__blind_cegis__0001,bitmanip_sign_extend_w8__identity__ground_truth_region,bitmanip_sign_extend_w8,sign_extend,16,1,1,2,constant_multiply,"mul<16,unsigned>(16'd0,a)",sat,sat,"{""a"":245}",true,0.002808,0.311829,0.314637,counterexample_added,z3,region,formal_smt,z3_cegis_iteration_v1
oracle_bus,bitmanip_sign_extend_w8__identity__ground_truth_region__blind_cegis__0069,bitmanip_sign_extend_w8__identity__ground_truth_region,bitmanip_sign_extend_w8,sign_extend,16,2,2,2,sign_extend,"sign_extend<16,signed>(a)",sat,unsat,{},true,0.287030,0.321531,0.923198,equivalence_proven,z3,region,formal_smt,z3_cegis_iteration_v1
oracle_bus,bitmanip_sign_extend_w8__identity__whole_output_cone__blind_cegis__0001,bitmanip_sign_extend_w8__identity__whole_output_cone,bitmanip_sign_extend_w8,sign_extend,16,1,1,2,constant_multiply,"mul<16,unsigned>(16'd0,a)",sat,sat,"{""a"":77}",true,0.002844,0.314286,0.317130,counterexample_added,z3,region,formal_smt,z3_cegis_iteration_v1
oracle_bus,bitmanip_sign_extend_w8__identity__whole_output_cone__blind_cegis__0003,bitmanip_sign_extend_w8__identity__whole_output_cone,bitmanip_sign_extend_w8,sign_extend,16,2,2,3,constant_multiply,"mul<16,unsigned>(16'd1,a)",sat,sat,"{""a"":252}",true,0.011023,0.316697,0.644850,counterexample_added,z3,region,formal_smt,z3_cegis_iteration_v1
oracle_bus,bitmanip_sign_extend_w8__identity__whole_output_cone__blind_cegis__0069,bitmanip_sign_extend_w8__identity__whole_output_cone,bitmanip_sign_extend_w8,sign_extend,16,3,3,3,sign_extend,"sign_extend<16,signed>(a)",sat,unsat,{},true,0.287262,0.320428,1.252540,equivalence_proven,z3,region,formal_smt,z3_cegis_iteration_v1
oracle_bus,bitmanip_zero_extend_w6__identity__ground_truth_region__blind_cegis__0001,bitmanip_zero_extend_w6__identity__ground_truth_region,bitmanip_zero_extend_w6,zero_extend,12,1,1,2,constant_multiply,"mul<12,unsigned>(12'd0,a)",sat,sat,"{""a"":19}",true,0.000507,0.023852,0.024359,counterexample_added,z3,region,formal_smt,z3_cegis_iteration_v1
oracle_bus,bitmanip_zero_extend_w6__identity__ground_truth_region__blind_cegis__0003,bitmanip_zero_extend_w6__identity__ground_truth_region,bitmanip_zero_extend_w6,zero_extend,12,2,2,2,constant_multiply,"mul<12,unsigned>(12'd1,a)",sat,unsat,{},true,0.001371,0.025247,0.050977,equivalence_proven,z3,region,formal_smt,z3_cegis_iteration_v1
oracle_bus,bitmanip_zero_extend_w6__identity__whole_output_cone__blind_cegis__0001,bitmanip_zero_extend_w6__identity__whole_output_cone,bitmanip_zero_extend_w6,zero_extend,12,1,1,2,constant_multiply,"mul<12,unsigned>(12'd0,a)",sat,sat,"{""a"":40}",true,0.000405,0.023996,0.024401,counterexample_added,z3,region,formal_smt,z3_cegis_iteration_v1
oracle_bus,bitmanip_zero_extend_w6__identity__whole_output_cone__blind_cegis__0003,bitmanip_zero_extend_w6__identity__whole_output_cone,bitmanip_zero_extend_w6,zero_extend,12,2,2,2,constant_multiply,"mul<12,unsigned>(12'd1,a)",sat,unsat,{},true,0.001322,0.024910,0.050632,equivalence_proven,z3,region,formal_smt,z3_cegis_iteration_v1
oracle_bus,bitmanip_zero_extend_w8__identity__ground_truth_region__blind_cegis__0001,bitmanip_zero_extend_w8__identity__ground_truth_region,bitmanip_zero_extend_w8,zero_extend,16,1,1,2,constant_multiply,"mul<16,unsigned>(16'd0,a)",sat,sat,"{""a"":219}",true,0.001504,0.156648,0.158152,counterexample_added,z3,region,formal_smt,z3_cegis_iteration_v1
oracle_bus,bitmanip_zero_extend_w8__identity__ground_truth_region__blind_cegis__0003,bitmanip_zero_extend_w8__identity__ground_truth_region,bitmanip_zero_extend_w8,zero_extend,16,2,2,2,constant_multiply,"mul<16,unsigned>(16'd1,a)",sat,unsat,{},true,0.005841,0.167235,0.331228,equivalence_proven,z3,region,formal_smt,z3_cegis_iteration_v1
oracle_bus,bitmanip_zero_extend_w8__identity__whole_output_cone__blind_cegis__0001,bitmanip_zero_extend_w8__identity__whole_output_cone,bitmanip_zero_extend_w8,zero_extend,16,1,1,2,constant_multiply,"mul<16,unsigned>(16'd0,a)",sat,sat,"{""a"":17}",true,0.001539,0.156819,0.158358,counterexample_added,z3,region,formal_smt,z3_cegis_iteration_v1
oracle_bus,bitmanip_zero_extend_w8__identity__whole_output_cone__blind_cegis__0003,bitmanip_zero_extend_w8__identity__whole_output_cone,bitmanip_zero_extend_w8,zero_extend,16,2,2,2,constant_multiply,"mul<16,unsigned>(16'd1,a)",sat,unsat,{},true,0.005720,0.166800,0.330878,equivalence_proven,z3,region,formal_smt,z3_cegis_iteration_v1
oracle_bus,arithmetic_add_add_w2__identity__ground_truth_region__blind_cegis__0001,arithmetic_add_add_w2__identity__ground_truth_region,arithmetic_add_add_w2,add_add,4,1,1,2,constant_multiply,"mul<4,unsigned>(4'd0,a)",sat,sat,"{""a"":1,""b"":1,""c"":2}",true,0.000312,0.014439,0.014751,counterexample_added,z3,region,formal_smt,z3_cegis_iteration_v1
oracle_bus,arithmetic_add_add_w2__identity__ground_truth_region__blind_cegis__0009,arithmetic_add_add_w2__identity__ground_truth_region,arithmetic_add_add_w2,add_add,4,2,2,3,constant_multiply,"mul<4,unsigned>(4'd4,a)",sat,sat,"{""a"":0,""b"":0,""c"":1}",true,0.002704,0.015792,0.033247,counterexample_added,z3,region,formal_smt,z3_cegis_iteration_v1
oracle_bus,,arithmetic_add_add_w2__identity__ground_truth_region,arithmetic_add_add_w2,add_add,4,3,3,3,,,unsat,not_run,{},false,0.053365,0.000000,0.033247,no_candidate_satisfies_examples,z3,region,unresolved,z3_cegis_iteration_v1
oracle_bus,arithmetic_add_add_w2__identity__whole_output_cone__blind_cegis__0001,arithmetic_add_add_w2__identity__whole_output_cone,arithmetic_add_add_w2,add_add,4,1,1,2,constant_multiply,"mul<4,unsigned>(4'd0,a)",sat,sat,"{""a"":1,""b"":2,""c"":3}",true,0.000339,0.014872,0.015211,counterexample_added,z3,region,formal_smt,z3_cegis_iteration_v1
oracle_bus,arithmetic_add_add_w2__identity__whole_output_cone__blind_cegis__0013,arithmetic_add_add_w2__identity__whole_output_cone,arithmetic_add_add_w2,add_add,4,2,2,3,constant_multiply,"mul<4,unsigned>(4'd6,a)",sat,sat,"{""a"":0,""b"":2,""c"":1}",true,0.004023,0.015955,0.035188,counterexample_added,z3,region,formal_smt,z3_cegis_iteration_v1
oracle_bus,,arithmetic_add_add_w2__identity__whole_output_cone,arithmetic_add_add_w2,add_add,4,3,3,3,,,unsat,not_run,{},false,0.057683,0.000000,0.035188,no_candidate_satisfies_examples,z3,region,unresolved,z3_cegis_iteration_v1
oracle_bus,arithmetic_affine_w2__balance__whole_output_cone__blind_cegis__0001,arithmetic_affine_w2__balance__whole_output_cone,arithmetic_affine_w2,affine,5,1,1,1,constant_multiply,"mul<5,unsigned>(5'd0,a)",sat,unsat,{},true,0.000134,0.001043,0.001177,equivalence_proven,z3,region,formal_smt,z3_cegis_iteration_v1
oracle_bus,arithmetic_affine_w2__compress2rs__whole_output_cone__blind_cegis__0012,arithmetic_affine_w2__compress2rs__whole_output_cone,arithmetic_affine_w2,affine,5,1,1,2,affine_unary,"add<5,unsigned>(5'd5,mul<5,unsigned>(5'd5,a))",sat,sat,"{""a"":1}",true,0.001178,0.002175,0.003353,counterexample_added,z3,region,formal_smt,z3_cegis_iteration_v1
oracle_bus,,arithmetic_affine_w2__compress2rs__whole_output_cone,arithmetic_affine_w2,affine,5,2,2,2,,,unsat,not_run,{},false,0.006143,0.000000,0.003353,no_candidate_satisfies_examples,z3,region,unresolved,z3_cegis_iteration_v1
oracle_bus,arithmetic_affine_w2__dc2__whole_output_cone__blind_cegis__0004,arithmetic_affine_w2__dc2__whole_output_cone,arithmetic_affine_w2,affine,5,1,1,2,affine_unary,"add<5,unsigned>(5'd1,mul<5,unsigned>(5'd1,a))",sat,sat,"{""a"":1}",true,0.000422,0.002197,0.002619,counterexample_added,z3,region,formal_smt,z3_cegis_iteration_v1
oracle_bus,,arithmetic_affine_w2__dc2__whole_output_cone,arithmetic_affine_w2,affine,5,2,2,2,,,unsat,not_run,{},false,0.006152,0.000000,0.002619,no_candidate_satisfies_examples,z3,region,unresolved,z3_cegis_iteration_v1
oracle_bus,arithmetic_affine_w2__identity__ground_truth_region__blind_cegis__0012,arithmetic_affine_w2__identity__ground_truth_region,arithmetic_affine_w2,affine,5,1,1,2,affine_unary,"add<5,unsigned>(5'd5,mul<5,unsigned>(5'd5,a))",sat,sat,"{""a"":1}",true,0.001114,0.002362,0.003476,counterexample_added,z3,region,formal_smt,z3_cegis_iteration_v1
oracle_bus,,arithmetic_affine_w2__identity__ground_truth_region,arithmetic_affine_w2,affine,5,2,2,2,,,unsat,not_run,{},false,0.005268,0.000000,0.003476,no_candidate_satisfies_examples,z3,region,unresolved,z3_cegis_iteration_v1
oracle_bus,arithmetic_affine_w2__identity__whole_output_cone__blind_cegis__0012,arithmetic_affine_w2__identity__whole_output_cone,arithmetic_affine_w2,affine,5,1,1,2,affine_unary,"add<5,unsigned>(5'd5,mul<5,unsigned>(5'd5,a))",sat,sat,"{""a"":3}",true,0.000984,0.002355,0.003339,counterexample_added,z3,region,formal_smt,z3_cegis_iteration_v1
oracle_bus,,arithmetic_affine_w2__identity__whole_output_cone,arithmetic_affine_w2,affine,5,2,2,2,,,unsat,not_run,{},false,0.005256,0.000000,0.003339,no_candidate_satisfies_examples,z3,region,unresolved,z3_cegis_iteration_v1
oracle_bus,arithmetic_affine_w2__refactor__whole_output_cone__blind_cegis__0004,arithmetic_affine_w2__refactor__whole_output_cone,arithmetic_affine_w2,affine,5,1,1,2,affine_unary,"add<5,unsigned>(5'd1,mul<5,unsigned>(5'd1,a))",sat,sat,"{""a"":1}",true,0.000348,0.001869,0.002217,counterexample_added,z3,region,formal_smt,z3_cegis_iteration_v1
oracle_bus,,arithmetic_affine_w2__refactor__whole_output_cone,arithmetic_affine_w2,affine,5,2,2,2,,,unsat,not_run,{},false,0.005180,0.000000,0.002217,no_candidate_satisfies_examples,z3,region,unresolved,z3_cegis_iteration_v1
oracle_bus,arithmetic_affine_w2__resub__whole_output_cone__blind_cegis__0012,arithmetic_affine_w2__resub__whole_output_cone,arithmetic_affine_w2,affine,5,1,1,2,affine_unary,"add<5,unsigned>(5'd5,mul<5,unsigned>(5'd5,a))",sat,sat,"{""a"":1}",true,0.000995,0.002503,0.003498,counterexample_added,z3,region,formal_smt,z3_cegis_iteration_v1
oracle_bus,,arithmetic_affine_w2__resub__whole_output_cone,arithmetic_affine_w2,affine,5,2,2,2,,,unsat,not_run,{},false,0.005581,0.000000,0.003498,no_candidate_satisfies_examples,z3,region,unresolved,z3_cegis_iteration_v1
oracle_bus,arithmetic_affine_w2__resyn__whole_output_cone__blind_cegis__0001,arithmetic_affine_w2__resyn__whole_output_cone,arithmetic_affine_w2,affine,5,1,1,1,constant_multiply,"mul<5,unsigned>(5'd0,a)",sat,unsat,{},true,0.000125,0.001037,0.001162,equivalence_proven,z3,region,formal_smt,z3_cegis_iteration_v1
oracle_bus,arithmetic_affine_w2__resyn2__whole_output_cone__blind_cegis__0012,arithmetic_affine_w2__resyn2__whole_output_cone,arithmetic_affine_w2,affine,5,1,1,2,affine_unary,"add<5,unsigned>(5'd5,mul<5,unsigned>(5'd5,a))",sat,sat,"{""a"":1}",true,0.001025,0.002434,0.003459,counterexample_added,z3,region,formal_smt,z3_cegis_iteration_v1
oracle_bus,,arithmetic_affine_w2__resyn2__whole_output_cone,arithmetic_affine_w2,affine,5,2,2,2,,,unsat,not_run,{},false,0.005436,0.000000,0.003459,no_candidate_satisfies_examples,z3,region,unresolved,z3_cegis_iteration_v1
oracle_bus,arithmetic_affine_w2__rewrite__whole_output_cone__blind_cegis__0001,arithmetic_affine_w2__rewrite__whole_output_cone,arithmetic_affine_w2,affine,5,1,1,1,constant_multiply,"mul<5,unsigned>(5'd0,a)",sat,unsat,{},true,0.000120,0.001040,0.001160,equivalence_proven,z3,region,formal_smt,z3_cegis_iteration_v1
oracle_bus,arithmetic_affine_w3__balance__whole_output_cone__blind_cegis__0004,arithmetic_affine_w3__balance__whole_output_cone,arithmetic_affine_w3,affine,6,1,1,2,affine_unary,"add<6,unsigned>(6'd1,mul<6,unsigned>(6'd1,a))",sat,sat,"{""a"":6}",true,0.000524,0.003032,0.003556,counterexample_added,z3,region,formal_smt,z3_cegis_iteration_v1
oracle_bus,,arithmetic_affine_w3__balance__whole_output_cone,arithmetic_affine_w3,affine,6,2,2,2,,,unsat,not_run,{},false,0.007667,0.000000,0.003556,no_candidate_satisfies_examples,z3,region,unresolved,z3_cegis_iteration_v1
oracle_bus,arithmetic_affine_w3__compress2rs__whole_output_cone__blind_cegis__0004,arithmetic_affine_w3__compress2rs__whole_output_cone,arithmetic_affine_w3,affine,6,1,1,2,affine_unary,"add<6,unsigned>(6'd1,mul<6,unsigned>(6'd1,a))",sat,sat,"{""a"":6}",true,0.000435,0.002383,0.002818,counterexample_added,z3,region,formal_smt,z3_cegis_iteration_v1
oracle_bus,,arithmetic_affine_w3__compress2rs__whole_output_cone,arithmetic_affine_w3,affine,6,2,2,2,,,unsat,not_run,{},false,0.006582,0.000000,0.002818,no_candidate_satisfies_examples,z3,region,unresolved,z3_cegis_iteration_v1
oracle_bus,arithmetic_affine_w3__dc2__whole_output_cone__blind_cegis__0004,arithmetic_affine_w3__dc2__whole_output_cone,arithmetic_affine_w3,affine,6,1,1,2,affine_unary,"add<6,unsigned>(6'd1,mul<6,unsigned>(6'd1,a))",sat,sat,"{""a"":6}",true,0.000473,0.002412,0.002885,counterexample_added,z3,region,formal_smt,z3_cegis_iteration_v1
oracle_bus,,arithmetic_affine_w3__dc2__whole_output_cone,arithmetic_affine_w3,affine,6,2,2,2,,,unsat,not_run,{},false,0.006589,0.000000,0.002885,no_candidate_satisfies_examples,z3,region,unresolved,z3_cegis_iteration_v1
oracle_bus,arithmetic_affine_w3__identity__ground_truth_region__blind_cegis__0012,arithmetic_affine_w3__identity__ground_truth_region,arithmetic_affine_w3,affine,6,1,1,2,affine_unary,"add<6,unsigned>(6'd5,mul<6,unsigned>(6'd5,a))",sat,sat,"{""a"":6}",true,0.001209,0.003540,0.004749,counterexample_added,z3,region,formal_smt,z3_cegis_iteration_v1
oracle_bus,,arithmetic_affine_w3__identity__ground_truth_region,arithmetic_affine_w3,affine,6,2,2,2,,,unsat,not_run,{},false,0.007006,0.000000,0.004749,no_candidate_satisfies_examples,z3,region,unresolved,z3_cegis_iteration_v1
oracle_bus,arithmetic_affine_w3__identity__whole_output_cone__blind_cegis__0012,arithmetic_affine_w3__identity__whole_output_cone,arithmetic_affine_w3,affine,6,1,1,2,affine_unary,"add<6,unsigned>(6'd5,mul<6,unsigned>(6'd5,a))",sat,sat,"{""a"":6}",true,0.001308,0.003973,0.005281,counterexample_added,z3,region,formal_smt,z3_cegis_iteration_v1
oracle_bus,,arithmetic_affine_w3__identity__whole_output_cone,arithmetic_affine_w3,affine,6,2,2,2,,,unsat,not_run,{},false,0.007358,0.000000,0.005281,no_candidate_satisfies_examples,z3,region,unresolved,z3_cegis_iteration_v1
oracle_bus,arithmetic_affine_w3__refactor__whole_output_cone__blind_cegis__0004,arithmetic_affine_w3__refactor__whole_output_cone,arithmetic_affine_w3,affine,6,1,1,2,affine_unary,"add<6,unsigned>(6'd1,mul<6,unsigned>(6'd1,a))",sat,sat,"{""a"":2}",true,0.000504,0.002600,0.003104,counterexample_added,z3,region,formal_smt,z3_cegis_iteration_v1
oracle_bus,,arithmetic_affine_w3__refactor__whole_output_cone,arithmetic_affine_w3,affine,6,2,2,2,,,unsat,not_run,{},false,0.006987,0.000000,0.003104,no_candidate_satisfies_examples,z3,region,unresolved,z3_cegis_iteration_v1
oracle_bus,arithmetic_affine_w3__resub__whole_output_cone__blind_cegis__0004,arithmetic_affine_w3__resub__whole_output_cone,arithmetic_affine_w3,affine,6,1,1,2,affine_unary,"add<6,unsigned>(6'd1,mul<6,unsigned>(6'd1,a))",sat,sat,"{""a"":6}",true,0.000463,0.002456,0.002919,counterexample_added,z3,region,formal_smt,z3_cegis_iteration_v1
oracle_bus,,arithmetic_affine_w3__resub__whole_output_cone,arithmetic_affine_w3,affine,6,2,2,2,,,unsat,not_run,{},false,0.007263,0.000000,0.002919,no_candidate_satisfies_examples,z3,region,unresolved,z3_cegis_iteration_v1
oracle_bus,arithmetic_affine_w3__resyn__whole_output_cone__blind_cegis__0004,arithmetic_affine_w3__resyn__whole_output_cone,arithmetic_affine_w3,affine,6,1,1,2,affine_unary,"add<6,unsigned>(6'd1,mul<6,unsigned>(6'd1,a))",sat,sat,"{""a"":3}",true,0.000501,0.002562,0.003063,counterexample_added,z3,region,formal_smt,z3_cegis_iteration_v1
oracle_bus,,arithmetic_affine_w3__resyn__whole_output_cone,arithmetic_affine_w3,affine,6,2,2,2,,,unsat,not_run,{},false,0.007590,0.000000,0.003063,no_candidate_satisfies_examples,z3,region,unresolved,z3_cegis_iteration_v1
oracle_bus,arithmetic_affine_w3__resyn2__whole_output_cone__blind_cegis__0004,arithmetic_affine_w3__resyn2__whole_output_cone,arithmetic_affine_w3,affine,6,1,1,2,affine_unary,"add<6,unsigned>(6'd1,mul<6,unsigned>(6'd1,a))",sat,sat,"{""a"":6}",true,0.000424,0.002193,0.002617,counterexample_added,z3,region,formal_smt,z3_cegis_iteration_v1
oracle_bus,,arithmetic_affine_w3__resyn2__whole_output_cone,arithmetic_affine_w3,affine,6,2,2,2,,,unsat,not_run,{},false,0.006584,0.000000,0.002617,no_candidate_satisfies_examples,z3,region,unresolved,z3_cegis_iteration_v1
oracle_bus,arithmetic_affine_w3__rewrite__whole_output_cone__blind_cegis__0004,arithmetic_affine_w3__rewrite__whole_output_cone,arithmetic_affine_w3,affine,6,1,1,2,affine_unary,"add<6,unsigned>(6'd1,mul<6,unsigned>(6'd1,a))",sat,sat,"{""a"":3}",true,0.000499,0.002495,0.002994,counterexample_added,z3,region,formal_smt,z3_cegis_iteration_v1
oracle_bus,,arithmetic_affine_w3__rewrite__whole_output_cone,arithmetic_affine_w3,affine,6,2,2,2,,,unsat,not_run,{},false,0.007586,0.000000,0.002994,no_candidate_satisfies_examples,z3,region,unresolved,z3_cegis_iteration_v1
oracle_bus,arithmetic_affine_w4__balance__whole_output_cone__blind_cegis__0004,arithmetic_affine_w4__balance__whole_output_cone,arithmetic_affine_w4,affine,7,1,1,2,affine_unary,"add<7,unsigned>(7'd1,mul<7,unsigned>(7'd1,a))",sat,sat,"{""a"":10}",true,0.000759,0.003736,0.004495,counterexample_added,z3,region,formal_smt,z3_cegis_iteration_v1
oracle_bus,,arithmetic_affine_w4__balance__whole_output_cone,arithmetic_affine_w4,affine,7,2,2,2,,,unsat,not_run,{},false,0.011967,0.000000,0.004495,no_candidate_satisfies_examples,z3,region,unresolved,z3_cegis_iteration_v1
oracle_bus,arithmetic_affine_w4__compress2rs__whole_output_cone__blind_cegis__0012,arithmetic_affine_w4__compress2rs__whole_output_cone,arithmetic_affine_w4,affine,7,1,1,2,affine_unary,"add<7,unsigned>(7'd5,mul<7,unsigned>(7'd5,a))",sat,sat,"{""a"":2}",true,0.001713,0.003341,0.005054,counterexample_added,z3,region,formal_smt,z3_cegis_iteration_v1
oracle_bus,,arithmetic_affine_w4__compress2rs__whole_output_cone,arithmetic_affine_w4,affine,7,2,2,2,,,unsat,not_run,{},false,0.009215,0.000000,0.005054,no_candidate_satisfies_examples,z3,region,unresolved,z3_cegis_iteration_v1
oracle_bus,arithmetic_affine_w4__dc2__whole_output_cone__blind_cegis__0004,arithmetic_affine_w4__dc2__whole_output_cone,arithmetic_affine_w4,affine,7,1,1,2,affine_unary,"add<7,unsigned>(7'd1,mul<7,unsigned>(7'd1,a))",sat,sat,"{""a"":8}",true,0.000594,0.003508,0.004102,counterexample_added,z3,region,formal_smt,z3_cegis_iteration_v1
oracle_bus,,arithmetic_affine_w4__dc2__whole_output_cone,arithmetic_affine_w4,affine,7,2,2,2,,,unsat,not_run,{},false,0.009267,0.000000,0.004102,no_candidate_satisfies_examples,z3,region,unresolved,z3_cegis_iteration_v1
oracle_bus,arithmetic_affine_w4__identity__ground_truth_region__blind_cegis__0012,arithmetic_affine_w4__identity__ground_truth_region,arithmetic_affine_w4,affine,7,1,1,2,affine_unary,"add<7,unsigned>(7'd5,mul<7,unsigned>(7'd5,a))",sat,sat,"{""a"":1}",true,0.001581,0.006617,0.008198,counterexample_added,z3,region,formal_smt,z3_cegis_iteration_v1
oracle_bus,,arithmetic_affine_w4__identity__ground_truth_region,arithmetic_affine_w4,affine,7,2,2,2,,,unsat,not_run,{},false,0.008393,0.000000,0.008198,no_candidate_satisfies_examples,z3,region,unresolved,z3_cegis_iteration_v1
oracle_bus,arithmetic_affine_w4__identity__whole_output_cone__blind_cegis__0012,arithmetic_affine_w4__identity__whole_output_cone,arithmetic_affine_w4,affine,7,1,1,2,affine_unary,"add<7,unsigned>(7'd5,mul<7,unsigned>(7'd5,a))",sat,sat,"{""a"":1}",true,0.001579,0.006483,0.008062,counterexample_added,z3,region,formal_smt,z3_cegis_iteration_v1
oracle_bus,,arithmetic_affine_w4__identity__whole_output_cone,arithmetic_affine_w4,affine,7,2,2,2,,,unsat,not_run,{},false,0.008896,0.000000,0.008062,no_candidate_satisfies_examples,z3,region,unresolved,z3_cegis_iteration_v1
oracle_bus,arithmetic_affine_w4__refactor__whole_output_cone__blind_cegis__0004,arithmetic_affine_w4__refactor__whole_output_cone,arithmetic_affine_w4,affine,7,1,1,2,affine_unary,"add<7,unsigned>(7'd1,mul<7,unsigned>(7'd1,a))",sat,sat,"{""a"":10}",true,0.000636,0.003583,0.004219,counterexample_added,z3,region,formal_smt,z3_cegis_iteration_v1
oracle_bus,,arithmetic_affine_w4__refactor__whole_output_cone,arithmetic_affine_w4,affine,7,2,2,2,,,unsat,not_run,{},false,0.009591,0.000000,0.004219,no_candidate_satisfies_examples,z3,region,unresolved,z3_cegis_iteration_v1
oracle_bus,arithmetic_affine_w4__resub__whole_output_cone__blind_cegis__0004,arithmetic_affine_w4__resub__whole_output_cone,arithmetic_affine_w4,affine,7,1,1,2,affine_unary,"add<7,unsigned>(7'd1,mul<7,unsigned>(7'd1,a))",sat,sat,"{""a"":15}",true,0.000649,0.003577,0.004226,counterexample_added,z3,region,formal_smt,z3_cegis_iteration_v1
oracle_bus,,arithmetic_affine_w4__resub__whole_output_cone,arithmetic_affine_w4,affine,7,2,2,2,,,unsat,not_run,{},false,0.010365,0.000000,0.004226,no_candidate_satisfies_examples,z3,region,unresolved,z3_cegis_iteration_v1
oracle_bus,arithmetic_affine_w4__resyn__whole_output_cone__blind_cegis__0004,arithmetic_affine_w4__resyn__whole_output_cone,arithmetic_affine_w4,affine,7,1,1,2,affine_unary,"add<7,unsigned>(7'd1,mul<7,unsigned>(7'd1,a))",sat,sat,"{""a"":15}",true,0.000638,0.003613,0.004251,counterexample_added,z3,region,formal_smt,z3_cegis_iteration_v1
oracle_bus,,arithmetic_affine_w4__resyn__whole_output_cone,arithmetic_affine_w4,affine,7,2,2,2,,,unsat,not_run,{},false,0.009866,0.000000,0.004251,no_candidate_satisfies_examples,z3,region,unresolved,z3_cegis_iteration_v1
oracle_bus,arithmetic_affine_w4__resyn2__whole_output_cone__blind_cegis__0012,arithmetic_affine_w4__resyn2__whole_output_cone,arithmetic_affine_w4,affine,7,1,1,2,affine_unary,"add<7,unsigned>(7'd5,mul<7,unsigned>(7'd5,a))",sat,sat,"{""a"":9}",true,0.001659,0.003272,0.004931,counterexample_added,z3,region,formal_smt,z3_cegis_iteration_v1
oracle_bus,,arithmetic_affine_w4__resyn2__whole_output_cone,arithmetic_affine_w4,affine,7,2,2,2,,,unsat,not_run,{},false,0.009364,0.000000,0.004931,no_candidate_satisfies_examples,z3,region,unresolved,z3_cegis_iteration_v1
oracle_bus,arithmetic_affine_w4__rewrite__whole_output_cone__blind_cegis__0004,arithmetic_affine_w4__rewrite__whole_output_cone,arithmetic_affine_w4,affine,7,1,1,2,affine_unary,"add<7,unsigned>(7'd1,mul<7,unsigned>(7'd1,a))",sat,sat,"{""a"":7}",true,0.000631,0.003109,0.003740,counterexample_added,z3,region,formal_smt,z3_cegis_iteration_v1
oracle_bus,,arithmetic_affine_w4__rewrite__whole_output_cone,arithmetic_affine_w4,affine,7,2,2,2,,,unsat,not_run,{},false,0.009880,0.000000,0.003740,no_candidate_satisfies_examples,z3,region,unresolved,z3_cegis_iteration_v1
oracle_bus,arithmetic_affine_w6__identity__ground_truth_region__blind_cegis__0012,arithmetic_affine_w6__identity__ground_truth_region,arithmetic_affine_w6,affine,9,1,1,2,affine_unary,"add<9,unsigned>(9'd5,mul<9,unsigned>(9'd5,a))",sat,sat,"{""a"":6}",true,0.004420,0.032030,0.036450,counterexample_added,z3,region,formal_smt,z3_cegis_iteration_v1
oracle_bus,,arithmetic_affine_w6__identity__ground_truth_region,arithmetic_affine_w6,affine,9,2,2,2,,,unsat,not_run,{},false,0.025194,0.000000,0.036450,no_candidate_satisfies_examples,z3,region,unresolved,z3_cegis_iteration_v1
oracle_bus,arithmetic_affine_w6__identity__whole_output_cone__blind_cegis__0012,arithmetic_affine_w6__identity__whole_output_cone,arithmetic_affine_w6,affine,9,1,1,2,affine_unary,"add<9,unsigned>(9'd5,mul<9,unsigned>(9'd5,a))",sat,sat,"{""a"":63}",true,0.004467,0.031861,0.036328,counterexample_added,z3,region,formal_smt,z3_cegis_iteration_v1
oracle_bus,,arithmetic_affine_w6__identity__whole_output_cone,arithmetic_affine_w6,affine,9,2,2,2,,,unsat,not_run,{},false,0.024986,0.000000,0.036328,no_candidate_satisfies_examples,z3,region,unresolved,z3_cegis_iteration_v1
oracle_bus,arithmetic_affine_w8__identity__ground_truth_region__blind_cegis__0012,arithmetic_affine_w8__identity__ground_truth_region,arithmetic_affine_w8,affine,11,1,1,2,affine_unary,"add<11,unsigned>(11'd5,mul<11,unsigned>(11'd5,a))",sat,sat,"{""a"":144}",true,0.019961,0.194862,0.214823,counterexample_added,z3,region,formal_smt,z3_cegis_iteration_v1
oracle_bus,,arithmetic_affine_w8__identity__ground_truth_region,arithmetic_affine_w8,affine,11,2,2,2,,,unsat,not_run,{},false,0.114092,0.000000,0.214823,no_candidate_satisfies_examples,z3,region,unresolved,z3_cegis_iteration_v1
oracle_bus,arithmetic_affine_w8__identity__whole_output_cone__blind_cegis__0012,arithmetic_affine_w8__identity__whole_output_cone,arithmetic_affine_w8,affine,11,1,1,2,affine_unary,"add<11,unsigned>(11'd5,mul<11,unsigned>(11'd5,a))",sat,sat,"{""a"":57}",true,0.020082,0.193979,0.214061,counterexample_added,z3,region,formal_smt,z3_cegis_iteration_v1
oracle_bus,,arithmetic_affine_w8__identity__whole_output_cone,arithmetic_affine_w8,affine,11,2,2,2,,,unsat,not_run,{},false,0.112661,0.000000,0.214061,no_candidate_satisfies_examples,z3,region,unresolved,z3_cegis_iteration_v1
oracle_bus,arithmetic_bilinear_w2__identity__ground_truth_region__blind_cegis__0001,arithmetic_bilinear_w2__identity__ground_truth_region,arithmetic_bilinear_w2,bilinear,5,1,1,2,constant_multiply,"mul<5,unsigned>(5'd0,a)",sat,sat,"{""a"":2,""b"":1,""c"":1,""d"":1}",true,0.000716,0.056827,0.057543,counterexample_added,z3,region,formal_smt,z3_cegis_iteration_v1
oracle_bus,arithmetic_bilinear_w2__identity__ground_truth_region__blind_cegis__0076,arithmetic_bilinear_w2__identity__ground_truth_region,arithmetic_bilinear_w2,bilinear,5,2,2,3,constant_multiply,"mul<5,unsigned>(5'd3,b)",sat,sat,"{""a"":1,""b"":1,""c"":1,""d"":3}",true,0.064175,0.058478,0.180196,counterexample_added,z3,region,formal_smt,z3_cegis_iteration_v1
oracle_bus,,arithmetic_bilinear_w2__identity__ground_truth_region,arithmetic_bilinear_w2,bilinear,5,3,3,3,,,unsat,not_run,{},false,0.134307,0.000000,0.180196,no_candidate_satisfies_examples,z3,region,unresolved,z3_cegis_iteration_v1
oracle_bus,arithmetic_bilinear_w2__identity__whole_output_cone__blind_cegis__0001,arithmetic_bilinear_w2__identity__whole_output_cone,arithmetic_bilinear_w2,bilinear,5,1,1,2,constant_multiply,"mul<5,unsigned>(5'd0,a)",sat,sat,"{""a"":1,""b"":1,""c"":1,""d"":3}",true,0.000605,0.056910,0.057515,counterexample_added,z3,region,formal_smt,z3_cegis_iteration_v1
oracle_bus,arithmetic_bilinear_w2__identity__whole_output_cone__blind_cegis__0009,arithmetic_bilinear_w2__identity__whole_output_cone,arithmetic_bilinear_w2,bilinear,5,2,2,3,constant_multiply,"mul<5,unsigned>(5'd4,a)",sat,sat,"{""a"":3,""b"":1,""c"":1,""d"":3}",true,0.007087,0.058726,0.123329,counterexample_added,z3,region,formal_smt,z3_cegis_iteration_v1
oracle_bus,,arithmetic_bilinear_w2__identity__whole_output_cone,arithmetic_bilinear_w2,bilinear,5,3,3,3,,,unsat,not_run,{},false,0.133932,0.000000,0.123329,no_candidate_satisfies_examples,z3,region,unresolved,z3_cegis_iteration_v1
oracle_bus,arithmetic_constant_multiply_w2__balance__whole_output_cone__blind_cegis__0001,arithmetic_constant_multiply_w2__balance__whole_output_cone,arithmetic_constant_multiply_w2,constant_multiply,4,1,1,2,constant_multiply,"mul<4,unsigned>(4'd0,a)",sat,sat,"{""a"":3}",true,0.000102,0.001347,0.001449,counterexample_added,z3,region,formal_smt,z3_cegis_iteration_v1
oracle_bus,arithmetic_constant_multiply_w2__balance__whole_output_cone__blind_cegis__0017,arithmetic_constant_multiply_w2__balance__whole_output_cone,arithmetic_constant_multiply_w2,constant_multiply,4,2,2,3,constant_multiply,"mul<4,unsigned>(4'd8,a)",sat,sat,"{""a"":1}",true,0.001686,0.001994,0.005129,counterexample_added,z3,region,formal_smt,z3_cegis_iteration_v1
oracle_bus,,arithmetic_constant_multiply_w2__balance__whole_output_cone,arithmetic_constant_multiply_w2,constant_multiply,4,3,3,3,,,unsat,not_run,{},false,0.003990,0.000000,0.005129,no_candidate_satisfies_examples,z3,region,unresolved,z3_cegis_iteration_v1
oracle_bus,arithmetic_constant_multiply_w2__compress2rs__whole_output_cone__blind_cegis__0001,arithmetic_constant_multiply_w2__compress2rs__whole_output_cone,arithmetic_constant_multiply_w2,constant_multiply,4,1,1,2,constant_multiply,"mul<4,unsigned>(4'd0,a)",sat,sat,"{""a"":3}",true,0.000096,0.001284,0.001380,counterexample_added,z3,region,formal_smt,z3_cegis_iteration_v1
oracle_bus,arithmetic_constant_multiply_w2__compress2rs__whole_output_cone__blind_cegis__0007,arithmetic_constant_multiply_w2__compress2rs__whole_output_cone,arithmetic_constant_multiply_w2,constant_multiply,4,2,2,2,constant_multiply,"mul<4,unsigned>(4'd3,a)",sat,unsat,{},true,0.000728,0.001929,0.004038,equivalence_proven,z3,region,formal_smt,z3_cegis_iteration_v1
oracle_bus,arithmetic_constant_multiply_w2__dc2__whole_output_cone__blind_cegis__0001,arithmetic_constant_multiply_w2__dc2__whole_output_cone,arithmetic_constant_multiply_w2,constant_multiply,4,1,1,2,constant_multiply,"mul<4,unsigned>(4'd0,a)",sat,sat,"{""a"":1}",true,0.000101,0.001107,0.001208,counterexample_added,z3,region,formal_smt,z3_cegis_iteration_v1
oracle_bus,arithmetic_constant_multiply_w2__dc2__whole_output_cone__blind_cegis__0003,arithmetic_constant_multiply_w2__dc2__whole_output_cone,arithmetic_constant_multiply_w2,constant_multiply,4,2,2,3,constant_multiply,"mul<4,unsigned>(4'd1,a)",sat,sat,"{""a"":2}",true,0.000302,0.001093,0.002603,counterexample_added,z3,region,formal_smt,z3_cegis_iteration_v1
oracle_bus,,arithmetic_constant_multiply_w2__dc2__whole_output_cone,arithmetic_constant_multiply_w2,constant_multiply,4,3,3,3,,,unsat,not_run,{},false,0.004150,0.000000,0.002603,no_candidate_satisfies_examples,z3,region,unresolved,z3_cegis_iteration_v1
oracle_bus,arithmetic_constant_multiply_w2__identity__ground_truth_region__blind_cegis__0001,arithmetic_constant_multiply_w2__identity__ground_truth_region,arithmetic_constant_multiply_w2,constant_multiply,4,1,1,2,constant_multiply,"mul<4,unsigned>(4'd0,a)",sat,sat,"{""a"":3}",true,0.000103,0.001424,0.001527,counterexample_added,z3,region,formal_smt,z3_cegis_iteration_v1
oracle_bus,arithmetic_constant_multiply_w2__identity__ground_truth_region__blind_cegis__0007,arithmetic_constant_multiply_w2__identity__ground_truth_region,arithmetic_constant_multiply_w2,constant_multiply,4,2,2,2,constant_multiply,"mul<4,unsigned>(4'd3,a)",sat,unsat,{},true,0.000705,0.001346,0.003578,equivalence_proven,z3,region,formal_smt,z3_cegis_iteration_v1
oracle_bus,arithmetic_constant_multiply_w2__identity__whole_output_cone__blind_cegis__0001,arithmetic_constant_multiply_w2__identity__whole_output_cone,arithmetic_constant_multiply_w2,constant_multiply,4,1,1,2,constant_multiply,"mul<4,unsigned>(4'd0,a)",sat,sat,"{""a"":3}",true,0.000102,0.001257,0.001359,counterexample_added,z3,region,formal_smt,z3_cegis_iteration_v1
oracle_bus,arithmetic_constant_multiply_w2__identity__whole_output_cone__blind_cegis__0007,arithmetic_constant_multiply_w2__identity__whole_output_cone,arithmetic_constant_multiply_w2,constant_multiply,4,2,2,2,constant_multiply,"mul<4,unsigned>(4'd3,a)",sat,unsat,{},true,0.000689,0.001268,0.003316,equivalence_proven,z3,region,formal_smt,z3_cegis_iteration_v1
oracle_bus,arithmetic_constant_multiply_w2__refactor__whole_output_cone__blind_cegis__0001,arithmetic_constant_multiply_w2__refactor__whole_output_cone,arithmetic_constant_multiply_w2,constant_multiply,4,1,1,2,constant_multiply,"mul<4,unsigned>(4'd0,a)",sat,sat,"{""a"":1}",true,0.000094,0.001078,0.001172,counterexample_added,z3,region,formal_smt,z3_cegis_iteration_v1
oracle_bus,arithmetic_constant_multiply_w2__refactor__whole_output_cone__blind_cegis__0003,arithmetic_constant_multiply_w2__refactor__whole_output_cone,arithmetic_constant_multiply_w2,constant_multiply,4,2,2,3,constant_multiply,"mul<4,unsigned>(4'd1,a)",sat,sat,"{""a"":2}",true,0.000288,0.001046,0.002507,counterexample_added,z3,region,formal_smt,z3_cegis_iteration_v1
oracle_bus,,arithmetic_constant_multiply_w2__refactor__whole_output_cone,arithmetic_constant_multiply_w2,constant_multiply,4,3,3,3,,,unsat,not_run,{},false,0.004275,0.000000,0.002507,no_candidate_satisfies_examples,z3,region,unresolved,z3_cegis_iteration_v1
oracle_bus,arithmetic_constant_multiply_w2__resub__whole_output_cone__blind_cegis__0001,arithmetic_constant_multiply_w2__resub__whole_output_cone,arithmetic_constant_multiply_w2,constant_multiply,4,1,1,2,constant_multiply,"mul<4,unsigned>(4'd0,a)",sat,sat,"{""a"":1}",true,0.000093,0.001220,0.001313,counterexample_added,z3,region,formal_smt,z3_cegis_iteration_v1
oracle_bus,arithmetic_constant_multiply_w2__resub__whole_output_cone__blind_cegis__0003,arithmetic_constant_multiply_w2__resub__whole_output_cone,arithmetic_constant_multiply_w2,constant_multiply,4,2,2,3,constant_multiply,"mul<4,unsigned>(4'd1,a)",sat,sat,"{""a"":2}",true,0.000323,0.001126,0.002762,counterexample_added,z3,region,formal_smt,z3_cegis_iteration_v1
oracle_bus,,arithmetic_constant_multiply_w2__resub__whole_output_cone,arithmetic_constant_multiply_w2,constant_multiply,4,3,3,3,,,unsat,not_run,{},false,0.004008,0.000000,0.002762,no_candidate_satisfies_examples,z3,region,unresolved,z3_cegis_iteration_v1
oracle_bus,arithmetic_constant_multiply_w2__resyn__whole_output_cone__blind_cegis__0001,arithmetic_constant_multiply_w2__resyn__whole_output_cone,arithmetic_constant_multiply_w2,constant_multiply,4,1,1,2,constant_multiply,"mul<4,unsigned>(4'd0,a)",sat,sat,"{""a"":3}",true,0.000097,0.001247,0.001344,counterexample_added,z3,region,formal_smt,z3_cegis_iteration_v1
oracle_bus,arithmetic_constant_multiply_w2__resyn__whole_output_cone__blind_cegis__0017,arithmetic_constant_multiply_w2__resyn__whole_output_cone,arithmetic_constant_multiply_w2,constant_multiply,4,2,2,3,constant_multiply,"mul<4,unsigned>(4'd8,a)",sat,sat,"{""a"":1}",true,0.001795,0.001834,0.004973,counterexample_added,z3,region,formal_smt,z3_cegis_iteration_v1
oracle_bus,,arithmetic_constant_multiply_w2__resyn__whole_output_cone,arithmetic_constant_multiply_w2,constant_multiply,4,3,3,3,,,unsat,not_run,{},false,0.003755,0.000000,0.004973,no_candidate_satisfies_examples,z3,region,unresolved,z3_cegis_iteration_v1
oracle_bus,arithmetic_constant_multiply_w2__resyn2__whole_output_cone__blind_cegis__0001,arithmetic_constant_multiply_w2__resyn2__whole_output_cone,arithmetic_constant_multiply_w2,constant_multiply,4,1,1,2,constant_multiply,"mul<4,unsigned>(4'd0,a)",sat,sat,"{""a"":3}",true,0.000097,0.001314,0.001411,counterexample_added,z3,region,formal_smt,z3_cegis_iteration_v1
oracle_bus,arithmetic_constant_multiply_w2__resyn2__whole_output_cone__blind_cegis__0007,arithmetic_constant_multiply_w2__resyn2__whole_output_cone,arithmetic_constant_multiply_w2,constant_multiply,4,2,2,2,constant_multiply,"mul<4,unsigned>(4'd3,a)",sat,unsat,{},true,0.000747,0.001968,0.004126,equivalence_proven,z3,region,formal_smt,z3_cegis_iteration_v1
oracle_bus,arithmetic_constant_multiply_w2__rewrite__whole_output_cone__blind_cegis__0001,arithmetic_constant_multiply_w2__rewrite__whole_output_cone,arithmetic_constant_multiply_w2,constant_multiply,4,1,1,2,constant_multiply,"mul<4,unsigned>(4'd0,a)",sat,sat,"{""a"":3}",true,0.000109,0.001120,0.001229,counterexample_added,z3,region,formal_smt,z3_cegis_iteration_v1
oracle_bus,arithmetic_constant_multiply_w2__rewrite__whole_output_cone__blind_cegis__0017,arithmetic_constant_multiply_w2__rewrite__whole_output_cone,arithmetic_constant_multiply_w2,constant_multiply,4,2,2,3,constant_multiply,"mul<4,unsigned>(4'd8,a)",sat,sat,"{""a"":1}",true,0.001782,0.001691,0.004702,counterexample_added,z3,region,formal_smt,z3_cegis_iteration_v1
oracle_bus,,arithmetic_constant_multiply_w2__rewrite__whole_output_cone,arithmetic_constant_multiply_w2,constant_multiply,4,3,3,3,,,unsat,not_run,{},false,0.003617,0.000000,0.004702,no_candidate_satisfies_examples,z3,region,unresolved,z3_cegis_iteration_v1
oracle_bus,arithmetic_constant_multiply_w3__balance__whole_output_cone__blind_cegis__0001,arithmetic_constant_multiply_w3__balance__whole_output_cone,arithmetic_constant_multiply_w3,constant_multiply,5,1,1,2,constant_multiply,"mul<5,unsigned>(5'd0,a)",sat,sat,"{""a"":6}",true,0.000137,0.001698,0.001835,counterexample_added,z3,region,formal_smt,z3_cegis_iteration_v1
oracle_bus,arithmetic_constant_multiply_w3__balance__whole_output_cone__blind_cegis__0017,arithmetic_constant_multiply_w3__balance__whole_output_cone,arithmetic_constant_multiply_w3,constant_multiply,5,2,2,3,constant_multiply,"mul<5,unsigned>(5'd8,a)",sat,sat,"{""a"":2}",true,0.002662,0.002360,0.006856,counterexample_added,z3,region,formal_smt,z3_cegis_iteration_v1
oracle_bus,,arithmetic_constant_multiply_w3__balance__whole_output_cone,arithmetic_constant_multiply_w3,constant_multiply,5,3,3,3,,,unsat,not_run,{},false,0.010835,0.000000,0.006856,no_candidate_satisfies_examples,z3,region,unresolved,z3_cegis_iteration_v1
oracle_bus,arithmetic_constant_multiply_w3__compress2rs__whole_output_cone__blind_cegis__0001,arithmetic_constant_multiply_w3__compress2rs__whole_output_cone,arithmetic_constant_multiply_w3,constant_multiply,5,1,1,2,constant_multiply,"mul<5,unsigned>(5'd0,a)",sat,sat,"{""a"":6}",true,0.000122,0.001615,0.001737,counterexample_added,z3,region,formal_smt,z3_cegis_iteration_v1
oracle_bus,arithmetic_constant_multiply_w3__compress2rs__whole_output_cone__blind_cegis__0007,arithmetic_constant_multiply_w3__compress2rs__whole_output_cone,arithmetic_constant_multiply_w3,constant_multiply,5,2,2,3,constant_multiply,"mul<5,unsigned>(5'd3,a)",sat,sat,"{""a"":5}",true,0.001014,0.002318,0.005070,counterexample_added,z3,region,formal_smt,z3_cegis_iteration_v1
oracle_bus,,arithmetic_constant_multiply_w3__compress2rs__whole_output_cone,arithmetic_constant_multiply_w3,constant_multiply,5,3,3,3,,,unsat,not_run,{},false,0.009708,0.000000,0.005070,no_candidate_satisfies_examples,z3,region,unresolved,z3_cegis_iteration_v1
oracle_bus,arithmetic_constant_multiply_w3__dc2__whole_output_cone__blind_cegis__0001,arithmetic_constant_multiply_w3__dc2__whole_output_cone,arithmetic_constant_multiply_w3,constant_multiply,5,1,1,2,constant_multiply,"mul<5,unsigned>(5'd0,a)",sat,sat,"{""a"":7}",true,0.000115,0.001612,0.001727,counterexample_added,z3,region,formal_smt,z3_cegis_iteration_v1
oracle_bus,arithmetic_constant_multiply_w3__dc2__whole_output_cone__blind_cegis__0007,arithmetic_constant_multiply_w3__dc2__whole_output_cone,arithmetic_constant_multiply_w3,constant_multiply,5,2,2,3,constant_multiply,"mul<5,unsigned>(5'd3,a)",sat,sat,"{""a"":6}",true,0.000928,0.002278,0.004932,counterexample_added,z3,region,formal_smt,z3_cegis_iteration_v1
oracle_bus,,arithmetic_constant_multiply_w3__dc2__whole_output_cone,arithmetic_constant_multiply_w3,constant_multiply,5,3,3,3,,,unsat,not_run,{},false,0.009132,0.000000,0.004932,no_candidate_satisfies_examples,z3,region,unresolved,z3_cegis_iteration_v1
oracle_bus,arithmetic_constant_multiply_w3__identity__ground_truth_region__blind_cegis__0001,arithmetic_constant_multiply_w3__identity__ground_truth_region,arithmetic_constant_multiply_w3,constant_multiply,5,1,1,2,constant_multiply,"mul<5,unsigned>(5'd0,a)",sat,sat,"{""a"":2}",true,0.000113,0.002225,0.002338,counterexample_added,z3,region,formal_smt,z3_cegis_iteration_v1
oracle_bus,arithmetic_constant_multiply_w3__identity__ground_truth_region__blind_cegis__0007,arithmetic_constant_multiply_w3__identity__ground_truth_region,arithmetic_constant_multiply_w3,constant_multiply,5,2,2,2,constant_multiply,"mul<5,unsigned>(5'd3,a)",sat,unsat,{},true,0.000865,0.002971,0.006174,equivalence_proven,z3,region,formal_smt,z3_cegis_iteration_v1
oracle_bus,arithmetic_constant_multiply_w3__identity__whole_output_cone__blind_cegis__0001,arithmetic_constant_multiply_w3__identity__whole_output_cone,arithmetic_constant_multiply_w3,constant_multiply,5,1,1,2,constant_multiply,"mul<5,unsigned>(5'd0,a)",sat,sat,"{""a"":6}",true,0.000131,0.002250,0.002381,counterexample_added,z3,region,formal_smt,z3_cegis_iteration_v1
oracle_bus,arithmetic_constant_multiply_w3__identity__whole_output_cone__blind_cegis__0007,arithmetic_constant_multiply_w3__identity__whole_output_cone,arithmetic_constant_multiply_w3,constant_multiply,5,2,2,2,constant_multiply,"mul<5,unsigned>(5'd3,a)",sat,unsat,{},true,0.000861,0.002959,0.006201,equivalence_proven,z3,region,formal_smt,z3_cegis_iteration_v1
oracle_bus,arithmetic_constant_multiply_w3__refactor__whole_output_cone__blind_cegis__0001,arithmetic_constant_multiply_w3__refactor__whole_output_cone,arithmetic_constant_multiply_w3,constant_multiply,5,1,1,2,constant_multiply,"mul<5,unsigned>(5'd0,a)",sat,sat,"{""a"":6}",true,0.000138,0.001620,0.001758,counterexample_added,z3,region,formal_smt,z3_cegis_iteration_v1
oracle_bus,arithmetic_constant_multiply_w3__refactor__whole_output_cone__blind_cegis__0007,arithmetic_constant_multiply_w3__refactor__whole_output_cone,arithmetic_constant_multiply_w3,constant_multiply,5,2,2,3,constant_multiply,"mul<5,unsigned>(5'd3,a)",sat,sat,"{""a"":2}",true,0.000981,0.002257,0.004996,counterexample_added,z3,region,formal_smt,z3_cegis_iteration_v1
oracle_bus,,arithmetic_constant_multiply_w3__refactor__whole_output_cone,arithmetic_constant_multiply_w3,constant_multiply,5,3,3,3,,,unsat,not_run,{},false,0.009749,0.000000,0.004996,no_candidate_satisfies_examples,z3,region,unresolved,z3_cegis_iteration_v1
oracle_bus,arithmetic_constant_multiply_w3__resub__whole_output_cone__blind_cegis__0001,arithmetic_constant_multiply_w3__resub__whole_output_cone,arithmetic_constant_multiply_w3,constant_multiply,5,1,1,2,constant_multiply,"mul<5,unsigned>(5'd0,a)",sat,sat,"{""a"":6}",true,0.000127,0.001638,0.001765,counterexample_added,z3,region,formal_smt,z3_cegis_iteration_v1
oracle_bus,arithmetic_constant_multiply_w3__resub__whole_output_cone__blind_cegis__0017,arithmetic_constant_multiply_w3__resub__whole_output_cone,arithmetic_constant_multiply_w3,constant_multiply,5,2,2,3,constant_multiply,"mul<5,unsigned>(5'd8,a)",sat,sat,"{""a"":2}",true,0.002553,0.002337,0.006655,counterexample_added,z3,region,formal_smt,z3_cegis_iteration_v1
oracle_bus,,arithmetic_constant_multiply_w3__resub__whole_output_cone,arithmetic_constant_multiply_w3,constant_multiply,5,3,3,3,,,unsat,not_run,{},false,0.011554,0.000000,0.006655,no_candidate_satisfies_examples,z3,region,unresolved,z3_cegis_iteration_v1
oracle_bus,arithmetic_constant_multiply_w3__resyn__whole_output_cone__blind_cegis__0001,arithmetic_constant_multiply_w3__resyn__whole_output_cone,arithmetic_constant_multiply_w3,constant_multiply,5,1,1,2,constant_multiply,"mul<5,unsigned>(5'd0,a)",sat,sat,"{""a"":6}",true,0.000145,0.001729,0.001874,counterexample_added,z3,region,formal_smt,z3_cegis_iteration_v1
oracle_bus,arithmetic_constant_multiply_w3__resyn__whole_output_cone__blind_cegis__0017,arithmetic_constant_multiply_w3__resyn__whole_output_cone,arithmetic_constant_multiply_w3,constant_multiply,5,2,2,3,constant_multiply,"mul<5,unsigned>(5'd8,a)",sat,sat,"{""a"":2}",true,0.003107,0.002402,0.007382,counterexample_added,z3,region,formal_smt,z3_cegis_iteration_v1
oracle_bus,,arithmetic_constant_multiply_w3__resyn__whole_output_cone,arithmetic_constant_multiply_w3,constant_multiply,5,3,3,3,,,unsat,not_run,{},false,0.011711,0.000000,0.007382,no_candidate_satisfies_examples,z3,region,unresolved,z3_cegis_iteration_v1
oracle_bus,arithmetic_constant_multiply_w3__resyn2__whole_output_cone__blind_cegis__0001,arithmetic_constant_multiply_w3__resyn2__whole_output_cone,arithmetic_constant_multiply_w3,constant_multiply,5,1,1,2,constant_multiply,"mul<5,unsigned>(5'd0,a)",sat,sat,"{""a"":6}",true,0.000129,0.001592,0.001721,counterexample_added,z3,region,formal_smt,z3_cegis_iteration_v1
oracle_bus,arithmetic_constant_multiply_w3__resyn2__whole_output_cone__blind_cegis__0007,arithmetic_constant_multiply_w3__resyn2__whole_output_cone,arithmetic_constant_multiply_w3,constant_multiply,5,2,2,3,constant_multiply,"mul<5,unsigned>(5'd3,a)",sat,sat,"{""a"":4}",true,0.001087,0.002373,0.005181,counterexample_added,z3,region,formal_smt,z3_cegis_iteration_v1
oracle_bus,,arithmetic_constant_multiply_w3__resyn2__whole_output_cone,arithmetic_constant_multiply_w3,constant_multiply,5,3,3,3,,,unsat,not_run,{},false,0.010351,0.000000,0.005181,no_candidate_satisfies_examples,z3,region,unresolved,z3_cegis_iteration_v1
oracle_bus,arithmetic_constant_multiply_w3__rewrite__whole_output_cone__blind_cegis__0001,arithmetic_constant_multiply_w3__rewrite__whole_output_cone,arithmetic_constant_multiply_w3,constant_multiply,5,1,1,2,constant_multiply,"mul<5,unsigned>(5'd0,a)",sat,sat,"{""a"":6}",true,0.000154,0.001722,0.001876,counterexample_added,z3,region,formal_smt,z3_cegis_iteration_v1
oracle_bus,arithmetic_constant_multiply_w3__rewrite__whole_output_cone__blind_cegis__0017,arithmetic_constant_multiply_w3__rewrite__whole_output_cone,arithmetic_constant_multiply_w3,constant_multiply,5,2,2,3,constant_multiply,"mul<5,unsigned>(5'd8,a)",sat,sat,"{""a"":2}",true,0.002614,0.002558,0.007049,counterexample_added,z3,region,formal_smt,z3_cegis_iteration_v1
oracle_bus,,arithmetic_constant_multiply_w3__rewrite__whole_output_cone,arithmetic_constant_multiply_w3,constant_multiply,5,3,3,3,,,unsat,not_run,{},false,0.010806,0.000000,0.007049,no_candidate_satisfies_examples,z3,region,unresolved,z3_cegis_iteration_v1
oracle_bus,arithmetic_constant_multiply_w4__balance__whole_output_cone__blind_cegis__0001,arithmetic_constant_multiply_w4__balance__whole_output_cone,arithmetic_constant_multiply_w4,constant_multiply,6,1,1,2,constant_multiply,"mul<6,unsigned>(6'd0,a)",sat,sat,"{""a"":11}",true,0.000218,0.002910,0.003128,counterexample_added,z3,region,formal_smt,z3_cegis_iteration_v1
oracle_bus,arithmetic_constant_multiply_w4__balance__whole_output_cone__blind_cegis__0007,arithmetic_constant_multiply_w4__balance__whole_output_cone,arithmetic_constant_multiply_w4,constant_multiply,6,2,2,3,constant_multiply,"mul<6,unsigned>(6'd3,a)",sat,sat,"{""a"":7}",true,0.001761,0.003918,0.008807,counterexample_added,z3,region,formal_smt,z3_cegis_iteration_v1
oracle_bus,,arithmetic_constant_multiply_w4__balance__whole_output_cone,arithmetic_constant_multiply_w4,constant_multiply,6,3,3,3,,,unsat,not_run,{},false,0.018310,0.000000,0.008807,no_candidate_satisfies_examples,z3,region,unresolved,z3_cegis_iteration_v1
oracle_bus,arithmetic_constant_multiply_w4__compress2rs__whole_output_cone__blind_cegis__0001,arithmetic_constant_multiply_w4__compress2rs__whole_output_cone,arithmetic_constant_multiply_w4,constant_multiply,6,1,1,2,constant_multiply,"mul<6,unsigned>(6'd0,a)",sat,sat,"{""a"":10}",true,0.000169,0.002337,0.002506,counterexample_added,z3,region,formal_smt,z3_cegis_iteration_v1
oracle_bus,arithmetic_constant_multiply_w4__compress2rs__whole_output_cone__blind_cegis__0019,arithmetic_constant_multiply_w4__compress2rs__whole_output_cone,arithmetic_constant_multiply_w4,constant_multiply,6,2,2,3,constant_multiply,"mul<6,unsigned>(6'd9,a)",sat,sat,"{""a"":12}",true,0.003892,0.003744,0.010141,counterexample_added,z3,region,formal_smt,z3_cegis_iteration_v1
oracle_bus,,arithmetic_constant_multiply_w4__compress2rs__whole_output_cone,arithmetic_constant_multiply_w4,constant_multiply,6,3,3,3,,,unsat,not_run,{},false,0.013811,0.000000,0.010141,no_candidate_satisfies_examples,z3,region,unresolved,z3_cegis_iteration_v1
oracle_bus,arithmetic_constant_multiply_w4__dc2__whole_output_cone__blind_cegis__0001,arithmetic_constant_multiply_w4__dc2__whole_output_cone,arithmetic_constant_multiply_w4,constant_multiply,6,1,1,2,constant_multiply,"mul<6,unsigned>(6'd0,a)",sat,sat,"{""a"":10}",true,0.000156,0.002449,0.002605,counterexample_added,z3,region,formal_smt,z3_cegis_iteration_v1
oracle_bus,arithmetic_constant_multiply_w4__dc2__whole_output_cone__blind_cegis__0045,arithmetic_constant_multiply_w4__dc2__whole_output_cone,arithmetic_constant_multiply_w4,constant_multiply,6,2,2,3,constant_multiply,"mul<6,unsigned>(6'd22,a)",sat,sat,"{""a"":11}",true,0.008211,0.004024,0.014840,counterexample_added,z3,region,formal_smt,z3_cegis_iteration_v1
oracle_bus,,arithmetic_constant_multiply_w4__dc2__whole_output_cone,arithmetic_constant_multiply_w4,constant_multiply,6,3,3,3,,,unsat,not_run,{},false,0.012140,0.000000,0.014840,no_candidate_satisfies_examples,z3,region,unresolved,z3_cegis_iteration_v1
oracle_bus,arithmetic_constant_multiply_w4__identity__ground_truth_region__blind_cegis__0001,arithmetic_constant_multiply_w4__identity__ground_truth_region,arithmetic_constant_multiply_w4,constant_multiply,6,1,1,2,constant_multiply,"mul<6,unsigned>(6'd0,a)",sat,sat,"{""a"":11}",true,0.000163,0.004999,0.005162,counterexample_added,z3,region,formal_smt,z3_cegis_iteration_v1
oracle_bus,arithmetic_constant_multiply_w4__identity__ground_truth_region__blind_cegis__0007,arithmetic_constant_multiply_w4__identity__ground_truth_region,arithmetic_constant_multiply_w4,constant_multiply,6,2,2,2,constant_multiply,"mul<6,unsigned>(6'd3,a)",sat,unsat,{},true,0.001287,0.006536,0.012985,equivalence_proven,z3,region,formal_smt,z3_cegis_iteration_v1
oracle_bus,arithmetic_constant_multiply_w4__identity__whole_output_cone__blind_cegis__0001,arithmetic_constant_multiply_w4__identity__whole_output_cone,arithmetic_constant_multiply_w4,constant_multiply,6,1,1,2,constant_multiply,"mul<6,unsigned>(6'd0,a)",sat,sat,"{""a"":1}",true,0.000187,0.004798,0.004985,counterexample_added,z3,region,formal_smt,z3_cegis_iteration_v1
oracle_bus,arithmetic_constant_multiply_w4__identity__whole_output_cone__blind_cegis__0007,arithmetic_constant_multiply_w4__identity__whole_output_cone,arithmetic_constant_multiply_w4,constant_multiply,6,2,2,2,constant_multiply,"mul<6,unsigned>(6'd3,a)",sat,unsat,{},true,0.001295,0.006500,0.012780,equivalence_proven,z3,region,formal_smt,z3_cegis_iteration_v1
oracle_bus,arithmetic_constant_multiply_w4__refactor__whole_output_cone__blind_cegis__0001,arithmetic_constant_multiply_w4__refactor__whole_output_cone,arithmetic_constant_multiply_w4,constant_multiply,6,1,1,2,constant_multiply,"mul<6,unsigned>(6'd0,a)",sat,sat,"{""a"":3}",true,0.000233,0.002661,0.002894,counterexample_added,z3,region,formal_smt,z3_cegis_iteration_v1
oracle_bus,arithmetic_constant_multiply_w4__refactor__whole_output_cone__blind_cegis__0007,arithmetic_constant_multiply_w4__refactor__whole_output_cone,arithmetic_constant_multiply_w4,constant_multiply,6,2,2,3,constant_multiply,"mul<6,unsigned>(6'd3,a)",sat,sat,"{""a"":1}",true,0.001653,0.004263,0.008811,counterexample_added,z3,region,formal_smt,z3_cegis_iteration_v1
oracle_bus,,arithmetic_constant_multiply_w4__refactor__whole_output_cone,arithmetic_constant_multiply_w4,constant_multiply,6,3,3,3,,,unsat,not_run,{},false,0.016260,0.000000,0.008811,no_candidate_satisfies_examples,z3,region,unresolved,z3_cegis_iteration_v1
oracle_bus,arithmetic_constant_multiply_w4__resub__whole_output_cone__blind_cegis__0001,arithmetic_constant_multiply_w4__resub__whole_output_cone,arithmetic_constant_multiply_w4,constant_multiply,6,1,1,2,constant_multiply,"mul<6,unsigned>(6'd0,a)",sat,sat,"{""a"":1}",true,0.000195,0.002508,0.002703,counterexample_added,z3,region,formal_smt,z3_cegis_iteration_v1
oracle_bus,arithmetic_constant_multiply_w4__resub__whole_output_cone__blind_cegis__0003,arithmetic_constant_multiply_w4__resub__whole_output_cone,arithmetic_constant_multiply_w4,constant_multiply,6,2,2,3,constant_multiply,"mul<6,unsigned>(6'd1,a)",sat,sat,"{""a"":2}",true,0.000748,0.002539,0.005990,counterexample_added,z3,region,formal_smt,z3_cegis_iteration_v1
oracle_bus,,arithmetic_constant_multiply_w4__resub__whole_output_cone,arithmetic_constant_multiply_w4,constant_multiply,6,3,3,3,,,unsat,not_run,{},false,0.016976,0.000000,0.005990,no_candidate_satisfies_examples,z3,region,unresolved,z3_cegis_iteration_v1
oracle_bus,arithmetic_constant_multiply_w4__resyn__whole_output_cone__blind_cegis__0001,arithmetic_constant_multiply_w4__resyn__whole_output_cone,arithmetic_constant_multiply_w4,constant_multiply,6,1,1,2,constant_multiply,"mul<6,unsigned>(6'd0,a)",sat,sat,"{""a"":14}",true,0.000173,0.002361,0.002534,counterexample_added,z3,region,formal_smt,z3_cegis_iteration_v1
oracle_bus,arithmetic_constant_multiply_w4__resyn__whole_output_cone__blind_cegis__0025,arithmetic_constant_multiply_w4__resyn__whole_output_cone,arithmetic_constant_multiply_w4,constant_multiply,6,2,2,3,constant_multiply,"mul<6,unsigned>(6'd12,a)",sat,sat,"{""a"":3}",true,0.005320,0.003782,0.011636,counterexample_added,z3,region,formal_smt,z3_cegis_iteration_v1
oracle_bus,,arithmetic_constant_multiply_w4__resyn__whole_output_cone,arithmetic_constant_multiply_w4,constant_multiply,6,3,3,3,,,unsat,not_run,{},false,0.014549,0.000000,0.011636,no_candidate_satisfies_examples,z3,region,unresolved,z3_cegis_iteration_v1
oracle_bus,arithmetic_constant_multiply_w4__resyn2__whole_output_cone__blind_cegis__0001,arithmetic_constant_multiply_w4__resyn2__whole_output_cone,arithmetic_constant_multiply_w4,constant_multiply,6,1,1,2,constant_multiply,"mul<6,unsigned>(6'd0,a)",sat,sat,"{""a"":13}",true,0.000174,0.002391,0.002565,counterexample_added,z3,region,formal_smt,z3_cegis_iteration_v1
oracle_bus,,arithmetic_constant_multiply_w4__resyn2__whole_output_cone,arithmetic_constant_multiply_w4,constant_multiply,6,2,2,2,,,unsat,not_run,{},false,0.014235,0.000000,0.002565,no_candidate_satisfies_examples,z3,region,unresolved,z3_cegis_iteration_v1
oracle_bus,arithmetic_constant_multiply_w4__rewrite__whole_output_cone__blind_cegis__0001,arithmetic_constant_multiply_w4__rewrite__whole_output_cone,arithmetic_constant_multiply_w4,constant_multiply,6,1,1,2,constant_multiply,"mul<6,unsigned>(6'd0,a)",sat,sat,"{""a"":4}",true,0.000175,0.002490,0.002665,counterexample_added,z3,region,formal_smt,z3_cegis_iteration_v1
oracle_bus,arithmetic_constant_multiply_w4__rewrite__whole_output_cone__blind_cegis__0005,arithmetic_constant_multiply_w4__rewrite__whole_output_cone,arithmetic_constant_multiply_w4,constant_multiply,6,2,2,3,constant_multiply,"mul<6,unsigned>(6'd2,a)",sat,sat,"{""a"":3}",true,0.001061,0.003826,0.007552,counterexample_added,z3,region,formal_smt,z3_cegis_iteration_v1
oracle_bus,,arithmetic_constant_multiply_w4__rewrite__whole_output_cone,arithmetic_constant_multiply_w4,constant_multiply,6,3,3,3,,,unsat,not_run,{},false,0.014392,0.000000,0.007552,no_candidate_satisfies_examples,z3,region,unresolved,z3_cegis_iteration_v1
oracle_bus,arithmetic_constant_multiply_w6__identity__ground_truth_region__blind_cegis__0001,arithmetic_constant_multiply_w6__identity__ground_truth_region,arithmetic_constant_multiply_w6,constant_multiply,8,1,1,2,constant_multiply,"mul<8,unsigned>(8'd0,a)",sat,sat,"{""a"":31}",true,0.000412,0.029375,0.029787,counterexample_added,z3,region,formal_smt,z3_cegis_iteration_v1
oracle_bus,arithmetic_constant_multiply_w6__identity__ground_truth_region__blind_cegis__0007,arithmetic_constant_multiply_w6__identity__ground_truth_region,arithmetic_constant_multiply_w6,constant_multiply,8,2,2,2,constant_multiply,"mul<8,unsigned>(8'd3,a)",sat,unsat,{},true,0.003729,0.033726,0.067242,equivalence_proven,z3,region,formal_smt,z3_cegis_iteration_v1
oracle_bus,arithmetic_constant_multiply_w6__identity__whole_output_cone__blind_cegis__0001,arithmetic_constant_multiply_w6__identity__whole_output_cone,arithmetic_constant_multiply_w6,constant_multiply,8,1,1,2,constant_multiply,"mul<8,unsigned>(8'd0,a)",sat,sat,"{""a"":8}",true,0.000463,0.029630,0.030093,counterexample_added,z3,region,formal_smt,z3_cegis_iteration_v1
oracle_bus,arithmetic_constant_multiply_w6__identity__whole_output_cone__blind_cegis__0007,arithmetic_constant_multiply_w6__identity__whole_output_cone,arithmetic_constant_multiply_w6,constant_multiply,8,2,2,2,constant_multiply,"mul<8,unsigned>(8'd3,a)",sat,unsat,{},true,0.003763,0.032028,0.065884,equivalence_proven,z3,region,formal_smt,z3_cegis_iteration_v1
oracle_bus,arithmetic_constant_multiply_w8__identity__ground_truth_region__blind_cegis__0001,arithmetic_constant_multiply_w8__identity__ground_truth_region,arithmetic_constant_multiply_w8,constant_multiply,10,1,1,2,constant_multiply,"mul<10,unsigned>(10'd0,a)",sat,sat,"{""a"":211}",true,0.001752,0.187624,0.189376,counterexample_added,z3,region,formal_smt,z3_cegis_iteration_v1
oracle_bus,arithmetic_constant_multiply_w8__identity__ground_truth_region__blind_cegis__0007,arithmetic_constant_multiply_w8__identity__ground_truth_region,arithmetic_constant_multiply_w8,constant_multiply,10,2,2,2,constant_multiply,"mul<10,unsigned>(10'd3,a)",sat,unsat,{},true,0.016458,0.198438,0.404272,equivalence_proven,z3,region,formal_smt,z3_cegis_iteration_v1
oracle_bus,arithmetic_constant_multiply_w8__identity__whole_output_cone__blind_cegis__0001,arithmetic_constant_multiply_w8__identity__whole_output_cone,arithmetic_constant_multiply_w8,constant_multiply,10,1,1,2,constant_multiply,"mul<10,unsigned>(10'd0,a)",sat,sat,"{""a"":26}",true,0.002145,0.188561,0.190706,counterexample_added,z3,region,formal_smt,z3_cegis_iteration_v1
oracle_bus,arithmetic_constant_multiply_w8__identity__whole_output_cone__blind_cegis__0007,arithmetic_constant_multiply_w8__identity__whole_output_cone,arithmetic_constant_multiply_w8,constant_multiply,10,2,2,2,constant_multiply,"mul<10,unsigned>(10'd3,a)",sat,unsat,{},true,0.016766,0.209867,0.417339,equivalence_proven,z3,region,formal_smt,z3_cegis_iteration_v1
