cut_id,benchmark,source_artifact,cut_kind,expression,source_leaves,support,support_size,truth_table_hash,complement_truth_table_hash,canonical_truth_table_hash,polarity,npn_class,support_bound,replay_status,schema_version
ecd6978a46066c44,04cd8246990992d9,results/evidence_advancement/artifacts/materialized_replay_pairs/04cd8246990992d9.source.blif,pi_literal,x0,"[""x0""]","[""x0""]",1,df18d62faaa74b27,b6cfcfc147cbac64,923682bea6d517dc,same,npn_923682bea6d517dc,6,source_graph_or_pi_replayable,evidence_advancement_v1
8fff62b4f7d4c7a0,04cd8246990992d9,results/evidence_advancement/artifacts/materialized_replay_pairs/04cd8246990992d9.source.blif,pi_literal,x1,"[""x1""]","[""x1""]",1,881bc460ec339572,7836cdae43787598,923682bea6d517dc,same,npn_923682bea6d517dc,6,source_graph_or_pi_replayable,evidence_advancement_v1
d77c8ecc8b47d496,04cd8246990992d9,results/evidence_advancement/artifacts/materialized_replay_pairs/04cd8246990992d9.source.blif,pi_literal,r0,"[""r0""]","[""r0""]",1,f919733d549a9e33,71feeed0446218e8,923682bea6d517dc,same,npn_923682bea6d517dc,6,source_graph_or_pi_replayable,evidence_advancement_v1
c2b91635fdaae0c6,04cd8246990992d9,results/evidence_advancement/artifacts/materialized_replay_pairs/04cd8246990992d9.source.blif,source_node,m0,"[""m0""]","[""r0"", ""x0"", ""x1""]",3,8d1560b225f7c697,d31cf6dbef25069a,9fd48a0d0d9d8a1b,same,npn_9fd48a0d0d9d8a1b,6,source_graph_or_pi_replayable,evidence_advancement_v1
945e1ef45794076a,04cd8246990992d9,results/evidence_advancement/artifacts/materialized_replay_pairs/04cd8246990992d9.source.blif,source_node,y0,"[""y0""]","[""r0"", ""x0"", ""x1""]",3,c2a6fb6a86cca609,275241aeb7262117,c2a6fb6a86cca609,same,npn_c2a6fb6a86cca609,6,source_graph_or_pi_replayable,evidence_advancement_v1
e0452f5660bd8c2f,04cd8246990992d9,results/evidence_advancement/artifacts/materialized_replay_pairs/04cd8246990992d9.source.blif,source_node,pcva_680f668c3603558d,"[""pcva_680f668c3603558d""]","[""x0"", ""x1""]",2,8d1560b225f7c697,d31cf6dbef25069a,b5d1f15c17250b42,same,npn_b5d1f15c17250b42,6,source_graph_or_pi_replayable,evidence_advancement_v1
f538fc678b3a292c,04cd8246990992d9,results/evidence_advancement/artifacts/materialized_replay_pairs/04cd8246990992d9.source.blif,virtual_binary_cut,"and(x0,x1)","[""x0"", ""x1""]","[""x0"", ""x1""]",2,eba8a44748a5f09c,7717b29c04225dc0,94de9e90e231b35b,same,npn_94de9e90e231b35b,6,source_graph_or_pi_replayable,evidence_advancement_v1
d759611d78cea3b2,04cd8246990992d9,results/evidence_advancement/artifacts/materialized_replay_pairs/04cd8246990992d9.source.blif,virtual_binary_cut,"or(x0,x1)","[""x0"", ""x1""]","[""x0"", ""x1""]",2,42a59debdb0bcad2,9f0c982b4c047d25,c580333a48d30dad,same,npn_94de9e90e231b35b,6,source_graph_or_pi_replayable,evidence_advancement_v1
d21a044fcbff6302,04cd8246990992d9,results/evidence_advancement/artifacts/materialized_replay_pairs/04cd8246990992d9.source.blif,virtual_binary_cut,"xor(x0,x1)","[""x0"", ""x1""]","[""x0"", ""x1""]",2,8d1560b225f7c697,d31cf6dbef25069a,b5d1f15c17250b42,same,npn_b5d1f15c17250b42,6,source_graph_or_pi_replayable,evidence_advancement_v1
192f3daac89eb9a5,04cd8246990992d9,results/evidence_advancement/artifacts/materialized_replay_pairs/04cd8246990992d9.source.blif,virtual_binary_cut,"and(x0,not(x1))","[""x0"", ""x1""]","[""x0"", ""x1""]",2,64b0009f6392972f,4618e905c40e8769,90f21496b5c851e8,same,npn_94de9e90e231b35b,6,source_graph_or_pi_replayable,evidence_advancement_v1
404d17c70e037c9f,04cd8246990992d9,results/evidence_advancement/artifacts/materialized_replay_pairs/04cd8246990992d9.source.blif,virtual_binary_cut,"or(x0,not(x1))","[""x0"", ""x1""]","[""x0"", ""x1""]",2,8560d332f7318334,8f0bc04977f88197,2c24932e8e4ebc2f,inverted,npn_94de9e90e231b35b,6,source_graph_or_pi_replayable,evidence_advancement_v1
cc85d0860c1fa820,04cd8246990992d9,results/evidence_advancement/artifacts/materialized_replay_pairs/04cd8246990992d9.source.blif,virtual_binary_cut,"and(x0,r0)","[""x0"", ""r0""]","[""r0"", ""x0""]",2,1228de099013e868,33fc91d1cc2c3255,94de9e90e231b35b,same,npn_94de9e90e231b35b,6,source_graph_or_pi_replayable,evidence_advancement_v1
3b974c6dd4771d02,04cd8246990992d9,results/evidence_advancement/artifacts/materialized_replay_pairs/04cd8246990992d9.source.blif,virtual_binary_cut,"or(x0,r0)","[""x0"", ""r0""]","[""r0"", ""x0""]",2,1d207ade69b2a3eb,df856b66777ea758,c580333a48d30dad,same,npn_94de9e90e231b35b,6,source_graph_or_pi_replayable,evidence_advancement_v1
d5dcc02f1df28928,04cd8246990992d9,results/evidence_advancement/artifacts/materialized_replay_pairs/04cd8246990992d9.source.blif,virtual_binary_cut,"xor(x0,r0)","[""x0"", ""r0""]","[""r0"", ""x0""]",2,d7a46d3b3e9464c2,26f3581e5bafe7c7,b5d1f15c17250b42,same,npn_b5d1f15c17250b42,6,source_graph_or_pi_replayable,evidence_advancement_v1
44e6b4c40cbdbdd2,04cd8246990992d9,results/evidence_advancement/artifacts/materialized_replay_pairs/04cd8246990992d9.source.blif,virtual_binary_cut,"and(x0,not(r0))","[""x0"", ""r0""]","[""r0"", ""x0""]",2,85473471e2f83e46,7767985351eded02,2c24932e8e4ebc2f,same,npn_94de9e90e231b35b,6,source_graph_or_pi_replayable,evidence_advancement_v1
9ed569d0d5c080ea,04cd8246990992d9,results/evidence_advancement/artifacts/materialized_replay_pairs/04cd8246990992d9.source.blif,virtual_binary_cut,"or(x0,not(r0))","[""x0"", ""r0""]","[""r0"", ""x0""]",2,8251c47787737cc6,61ef94dfe370555e,90f21496b5c851e8,inverted,npn_94de9e90e231b35b,6,source_graph_or_pi_replayable,evidence_advancement_v1
5cd8f4921fc268a4,04cd8246990992d9,results/evidence_advancement/artifacts/materialized_replay_pairs/04cd8246990992d9.source.blif,virtual_binary_cut,"and(x0,m0)","[""x0"", ""m0""]","[""r0"", ""x0"", ""x1""]",3,64b0009f6392972f,4618e905c40e8769,1cd47cea02efadc5,same,npn_369b91d179abba64,6,source_graph_or_pi_replayable,evidence_advancement_v1
9bf3cf3cf466372e,04cd8246990992d9,results/evidence_advancement/artifacts/materialized_replay_pairs/04cd8246990992d9.source.blif,virtual_binary_cut,"or(x0,m0)","[""x0"", ""m0""]","[""r0"", ""x0"", ""x1""]",3,42a59debdb0bcad2,9f0c982b4c047d25,6998c2b0380ed5fd,same,npn_369b91d179abba64,6,source_graph_or_pi_replayable,evidence_advancement_v1
19d2ddd9690b22ab,04cd8246990992d9,results/evidence_advancement/artifacts/materialized_replay_pairs/04cd8246990992d9.source.blif,virtual_binary_cut,"xor(x0,m0)","[""x0"", ""m0""]","[""r0"", ""x0"", ""x1""]",3,881bc460ec339572,7836cdae43787598,f919733d549a9e33,same,npn_f919733d549a9e33,6,source_graph_or_pi_replayable,evidence_advancement_v1
783fae7eae9a2529,04cd8246990992d9,results/evidence_advancement/artifacts/materialized_replay_pairs/04cd8246990992d9.source.blif,virtual_binary_cut,"and(x0,not(m0))","[""x0"", ""m0""]","[""r0"", ""x0"", ""x1""]",3,eba8a44748a5f09c,7717b29c04225dc0,369b91d179abba64,same,npn_369b91d179abba64,6,source_graph_or_pi_replayable,evidence_advancement_v1
1ec58de855018dc2,04cd8246990992d9,results/evidence_advancement/artifacts/materialized_replay_pairs/04cd8246990992d9.source.blif,virtual_binary_cut,"or(x0,not(m0))","[""x0"", ""m0""]","[""r0"", ""x0"", ""x1""]",3,8560d332f7318334,8f0bc04977f88197,40a3a71b42727dac,inverted,npn_369b91d179abba64,6,source_graph_or_pi_replayable,evidence_advancement_v1
9c4acb6a2bf484c8,04cd8246990992d9,results/evidence_advancement/artifacts/materialized_replay_pairs/04cd8246990992d9.source.blif,virtual_binary_cut,"and(x0,y0)","[""x0"", ""y0""]","[""r0"", ""x0"", ""x1""]",3,cafeff6df6d83c72,40434ab81bb65403,f349b8103440f38f,same,npn_c367d71c2eac76ee,6,source_graph_or_pi_replayable,evidence_advancement_v1
bfa5fdd4c5d4064e,04cd8246990992d9,results/evidence_advancement/artifacts/materialized_replay_pairs/04cd8246990992d9.source.blif,virtual_binary_cut,"or(x0,y0)","[""x0"", ""y0""]","[""r0"", ""x0"", ""x1""]",3,45ee4c05f4aac508,d82871169a887f4c,786379bfa9523fe4,same,npn_c367d71c2eac76ee,6,source_graph_or_pi_replayable,evidence_advancement_v1
3aa1b6bd322eee35,04cd8246990992d9,results/evidence_advancement/artifacts/materialized_replay_pairs/04cd8246990992d9.source.blif,virtual_binary_cut,"xor(x0,y0)","[""x0"", ""y0""]","[""r0"", ""x0"", ""x1""]",3,9fd48a0d0d9d8a1b,89e85f36ec391ace,d7a46d3b3e9464c2,same,npn_9fd48a0d0d9d8a1b,6,source_graph_or_pi_replayable,evidence_advancement_v1
6e89f7ef89f215ee,04cd8246990992d9,results/evidence_advancement/artifacts/materialized_replay_pairs/04cd8246990992d9.source.blif,virtual_binary_cut,"and(x0,not(y0))","[""x0"", ""y0""]","[""r0"", ""x0"", ""x1""]",3,9875d06f074d4934,709b7cd024183d71,e502e9191e6ed303,same,npn_c367d71c2eac76ee,6,source_graph_or_pi_replayable,evidence_advancement_v1
aa26c539eddd88d2,04cd8246990992d9,results/evidence_advancement/artifacts/materialized_replay_pairs/04cd8246990992d9.source.blif,virtual_binary_cut,"or(x0,not(y0))","[""x0"", ""y0""]","[""r0"", ""x0"", ""x1""]",3,5f19d4e4b2292e32,fec5a0854918cc1b,13b2d0b1cc3afd67,inverted,npn_c367d71c2eac76ee,6,source_graph_or_pi_replayable,evidence_advancement_v1
49660f496c2844d5,04cd8246990992d9,results/evidence_advancement/artifacts/materialized_replay_pairs/04cd8246990992d9.source.blif,virtual_binary_cut,"xor(x0,pcva_680f668c3603558d)","[""x0"", ""pcva_680f668c3603558d""]","[""x0"", ""x1""]",2,881bc460ec339572,7836cdae43787598,6471b342ae3c3106,same,npn_6471b342ae3c3106,6,source_graph_or_pi_replayable,evidence_advancement_v1
abea90cebbf14816,04cd8246990992d9,results/evidence_advancement/artifacts/materialized_replay_pairs/04cd8246990992d9.source.blif,virtual_binary_cut,"and(x1,r0)","[""x1"", ""r0""]","[""r0"", ""x1""]",2,369b91d179abba64,81db286b120ccd3b,94de9e90e231b35b,same,npn_94de9e90e231b35b,6,source_graph_or_pi_replayable,evidence_advancement_v1
6dfffc34d614ce36,04cd8246990992d9,results/evidence_advancement/artifacts/materialized_replay_pairs/04cd8246990992d9.source.blif,virtual_binary_cut,"or(x1,r0)","[""x1"", ""r0""]","[""r0"", ""x1""]",2,6998c2b0380ed5fd,df970782afed63be,c580333a48d30dad,same,npn_94de9e90e231b35b,6,source_graph_or_pi_replayable,evidence_advancement_v1
47861344c0b5bc83,04cd8246990992d9,results/evidence_advancement/artifacts/materialized_replay_pairs/04cd8246990992d9.source.blif,virtual_binary_cut,"xor(x1,r0)","[""x1"", ""r0""]","[""r0"", ""x1""]",2,9fd48a0d0d9d8a1b,89e85f36ec391ace,b5d1f15c17250b42,same,npn_b5d1f15c17250b42,6,source_graph_or_pi_replayable,evidence_advancement_v1
b325cf72e0304aa0,04cd8246990992d9,results/evidence_advancement/artifacts/materialized_replay_pairs/04cd8246990992d9.source.blif,virtual_binary_cut,"and(x1,not(r0))","[""x1"", ""r0""]","[""r0"", ""x1""]",2,1cd47cea02efadc5,b3dbc758ed4cf7c1,2c24932e8e4ebc2f,same,npn_94de9e90e231b35b,6,source_graph_or_pi_replayable,evidence_advancement_v1
725dd50829672040,04cd8246990992d9,results/evidence_advancement/artifacts/materialized_replay_pairs/04cd8246990992d9.source.blif,virtual_binary_cut,"or(x1,not(r0))","[""x1"", ""r0""]","[""r0"", ""x1""]",2,3dd858e6fc78578a,40a3a71b42727dac,90f21496b5c851e8,inverted,npn_94de9e90e231b35b,6,source_graph_or_pi_replayable,evidence_advancement_v1
bf6a46f9d66ba01f,04cd8246990992d9,results/evidence_advancement/artifacts/materialized_replay_pairs/04cd8246990992d9.source.blif,virtual_binary_cut,"xor(x1,m0)","[""x1"", ""m0""]","[""r0"", ""x0"", ""x1""]",3,df18d62faaa74b27,b6cfcfc147cbac64,881bc460ec339572,same,npn_f919733d549a9e33,6,source_graph_or_pi_replayable,evidence_advancement_v1
039fcb03198b777f,04cd8246990992d9,results/evidence_advancement/artifacts/materialized_replay_pairs/04cd8246990992d9.source.blif,virtual_binary_cut,"and(x1,y0)","[""x1"", ""y0""]","[""r0"", ""x0"", ""x1""]",3,f349b8103440f38f,281fdcdaa6ddf1e3,ef73cac577bcd031,same,npn_c367d71c2eac76ee,6,source_graph_or_pi_replayable,evidence_advancement_v1
3d2696763258ab47,04cd8246990992d9,results/evidence_advancement/artifacts/materialized_replay_pairs/04cd8246990992d9.source.blif,virtual_binary_cut,"or(x1,y0)","[""x1"", ""y0""]","[""r0"", ""x0"", ""x1""]",3,786379bfa9523fe4,978691fe37bbf018,b9cbd9a487f80552,same,npn_c367d71c2eac76ee,6,source_graph_or_pi_replayable,evidence_advancement_v1
f51602817ff8c2c5,04cd8246990992d9,results/evidence_advancement/artifacts/materialized_replay_pairs/04cd8246990992d9.source.blif,virtual_binary_cut,"xor(x1,y0)","[""x1"", ""y0""]","[""r0"", ""x0"", ""x1""]",3,d7a46d3b3e9464c2,26f3581e5bafe7c7,8d1560b225f7c697,same,npn_9fd48a0d0d9d8a1b,6,source_graph_or_pi_replayable,evidence_advancement_v1
bd753c9b3ad4922e,04cd8246990992d9,results/evidence_advancement/artifacts/materialized_replay_pairs/04cd8246990992d9.source.blif,virtual_binary_cut,"and(x1,not(y0))","[""x1"", ""y0""]","[""r0"", ""x0"", ""x1""]",3,e502e9191e6ed303,9ba33c777b6dd915,c367d71c2eac76ee,same,npn_c367d71c2eac76ee,6,source_graph_or_pi_replayable,evidence_advancement_v1
2d932b3c9e1c545b,04cd8246990992d9,results/evidence_advancement/artifacts/materialized_replay_pairs/04cd8246990992d9.source.blif,virtual_binary_cut,"or(x1,not(y0))","[""x1"", ""y0""]","[""r0"", ""x0"", ""x1""]",3,4630f7310d6febc0,13b2d0b1cc3afd67,7f94ec8202b0598d,inverted,npn_c367d71c2eac76ee,6,source_graph_or_pi_replayable,evidence_advancement_v1
1ce0110d9a8403ba,04cd8246990992d9,results/evidence_advancement/artifacts/materialized_replay_pairs/04cd8246990992d9.source.blif,virtual_binary_cut,"xor(x1,pcva_680f668c3603558d)","[""x1"", ""pcva_680f668c3603558d""]","[""x0"", ""x1""]",2,df18d62faaa74b27,b6cfcfc147cbac64,f14e1817ec32b1b5,same,npn_6471b342ae3c3106,6,source_graph_or_pi_replayable,evidence_advancement_v1
339c535894817b73,04cd8246990992d9,results/evidence_advancement/artifacts/materialized_replay_pairs/04cd8246990992d9.source.blif,virtual_binary_cut,"and(r0,m0)","[""r0"", ""m0""]","[""r0"", ""x0"", ""x1""]",3,c367d71c2eac76ee,cad912d562146843,9875d06f074d4934,same,npn_c367d71c2eac76ee,6,source_graph_or_pi_replayable,evidence_advancement_v1
f8295e7f298d9a80,04cd8246990992d9,results/evidence_advancement/artifacts/materialized_replay_pairs/04cd8246990992d9.source.blif,virtual_binary_cut,"or(r0,m0)","[""r0"", ""m0""]","[""r0"", ""x0"", ""x1""]",3,b9cbd9a487f80552,d8f1a1158f9df939,45ee4c05f4aac508,same,npn_c367d71c2eac76ee,6,source_graph_or_pi_replayable,evidence_advancement_v1
471033dc1c40f6a0,04cd8246990992d9,results/evidence_advancement/artifacts/materialized_replay_pairs/04cd8246990992d9.source.blif,virtual_binary_cut,"xor(r0,m0)","[""r0"", ""m0""]","[""r0"", ""x0"", ""x1""]",3,c2a6fb6a86cca609,275241aeb7262117,c2a6fb6a86cca609,same,npn_c2a6fb6a86cca609,6,source_graph_or_pi_replayable,evidence_advancement_v1
3f04fd083eb62a49,04cd8246990992d9,results/evidence_advancement/artifacts/materialized_replay_pairs/04cd8246990992d9.source.blif,virtual_binary_cut,"and(r0,not(m0))","[""r0"", ""m0""]","[""r0"", ""x0"", ""x1""]",3,ef73cac577bcd031,1cddf125e7c6c591,cafeff6df6d83c72,same,npn_c367d71c2eac76ee,6,source_graph_or_pi_replayable,evidence_advancement_v1
aa8fa5c5291334b1,04cd8246990992d9,results/evidence_advancement/artifacts/materialized_replay_pairs/04cd8246990992d9.source.blif,virtual_binary_cut,"or(r0,not(m0))","[""r0"", ""m0""]","[""r0"", ""x0"", ""x1""]",3,df9216350cc7abbf,7f94ec8202b0598d,fec5a0854918cc1b,inverted,npn_c367d71c2eac76ee,6,source_graph_or_pi_replayable,evidence_advancement_v1
59ddd33cc4fb336a,04cd8246990992d9,results/evidence_advancement/artifacts/materialized_replay_pairs/04cd8246990992d9.source.blif,virtual_binary_cut,"xor(r0,y0)","[""r0"", ""y0""]","[""r0"", ""x0"", ""x1""]",3,8d1560b225f7c697,d31cf6dbef25069a,9fd48a0d0d9d8a1b,same,npn_9fd48a0d0d9d8a1b,6,source_graph_or_pi_replayable,evidence_advancement_v1
4e6322ec2c878da2,04cd8246990992d9,results/evidence_advancement/artifacts/materialized_replay_pairs/04cd8246990992d9.source.blif,virtual_binary_cut,"xor(m0,y0)","[""m0"", ""y0""]","[""r0"", ""x0"", ""x1""]",3,f919733d549a9e33,71feeed0446218e8,df18d62faaa74b27,same,npn_f919733d549a9e33,6,source_graph_or_pi_replayable,evidence_advancement_v1
7514b5c33ab7020e,04cd8246990992d9,results/evidence_advancement/artifacts/materialized_replay_pairs/04cd8246990992d9.source.blif,virtual_binary_cut,"xor(m0,pcva_680f668c3603558d)","[""m0"", ""pcva_680f668c3603558d""]","[""r0"", ""x0"", ""x1""]",3,c14bc7d02c76f1ae,fc67e5cbb4b98b43,c14bc7d02c76f1ae,same,npn_c14bc7d02c76f1ae,6,source_graph_or_pi_replayable,evidence_advancement_v1
0bf2df57f84afb5d,0c23da890dff3f4d,results/evidence_advancement/artifacts/materialized_replay_pairs/0c23da890dff3f4d.source.blif,pi_literal,x0,"[""x0""]","[""x0""]",1,df18d62faaa74b27,b6cfcfc147cbac64,923682bea6d517dc,same,npn_923682bea6d517dc,6,source_graph_or_pi_replayable,evidence_advancement_v1
e490ec812aa918e7,0c23da890dff3f4d,results/evidence_advancement/artifacts/materialized_replay_pairs/0c23da890dff3f4d.source.blif,pi_literal,x1,"[""x1""]","[""x1""]",1,881bc460ec339572,7836cdae43787598,923682bea6d517dc,same,npn_923682bea6d517dc,6,source_graph_or_pi_replayable,evidence_advancement_v1
a12b4075afbb0d0e,0c23da890dff3f4d,results/evidence_advancement/artifacts/materialized_replay_pairs/0c23da890dff3f4d.source.blif,pi_literal,r0,"[""r0""]","[""r0""]",1,f919733d549a9e33,71feeed0446218e8,923682bea6d517dc,same,npn_923682bea6d517dc,6,source_graph_or_pi_replayable,evidence_advancement_v1
5dbed6f6273a47c7,0c23da890dff3f4d,results/evidence_advancement/artifacts/materialized_replay_pairs/0c23da890dff3f4d.source.blif,source_node,m0,"[""m0""]","[""r0"", ""x0"", ""x1""]",3,8d1560b225f7c697,d31cf6dbef25069a,9fd48a0d0d9d8a1b,same,npn_9fd48a0d0d9d8a1b,6,source_graph_or_pi_replayable,evidence_advancement_v1
67e37f58cb1ec293,0c23da890dff3f4d,results/evidence_advancement/artifacts/materialized_replay_pairs/0c23da890dff3f4d.source.blif,source_node,y0,"[""y0""]","[""r0"", ""x0"", ""x1""]",3,c2a6fb6a86cca609,275241aeb7262117,c2a6fb6a86cca609,same,npn_c2a6fb6a86cca609,6,source_graph_or_pi_replayable,evidence_advancement_v1
d7db49e145756e3e,0c23da890dff3f4d,results/evidence_advancement/artifacts/materialized_replay_pairs/0c23da890dff3f4d.source.blif,source_node,pcva_933d565467516c6c,"[""pcva_933d565467516c6c""]","[""x0"", ""x1""]",2,8d1560b225f7c697,d31cf6dbef25069a,b5d1f15c17250b42,same,npn_b5d1f15c17250b42,6,source_graph_or_pi_replayable,evidence_advancement_v1
6af63351e0bea33d,0c23da890dff3f4d,results/evidence_advancement/artifacts/materialized_replay_pairs/0c23da890dff3f4d.source.blif,virtual_binary_cut,"and(x0,x1)","[""x0"", ""x1""]","[""x0"", ""x1""]",2,eba8a44748a5f09c,7717b29c04225dc0,94de9e90e231b35b,same,npn_94de9e90e231b35b,6,source_graph_or_pi_replayable,evidence_advancement_v1
4747495bf0d3ab0a,0c23da890dff3f4d,results/evidence_advancement/artifacts/materialized_replay_pairs/0c23da890dff3f4d.source.blif,virtual_binary_cut,"or(x0,x1)","[""x0"", ""x1""]","[""x0"", ""x1""]",2,42a59debdb0bcad2,9f0c982b4c047d25,c580333a48d30dad,same,npn_94de9e90e231b35b,6,source_graph_or_pi_replayable,evidence_advancement_v1
1852ed7d679ff022,0c23da890dff3f4d,results/evidence_advancement/artifacts/materialized_replay_pairs/0c23da890dff3f4d.source.blif,virtual_binary_cut,"xor(x0,x1)","[""x0"", ""x1""]","[""x0"", ""x1""]",2,8d1560b225f7c697,d31cf6dbef25069a,b5d1f15c17250b42,same,npn_b5d1f15c17250b42,6,source_graph_or_pi_replayable,evidence_advancement_v1
ff79076091b4927c,0c23da890dff3f4d,results/evidence_advancement/artifacts/materialized_replay_pairs/0c23da890dff3f4d.source.blif,virtual_binary_cut,"and(x0,not(x1))","[""x0"", ""x1""]","[""x0"", ""x1""]",2,64b0009f6392972f,4618e905c40e8769,90f21496b5c851e8,same,npn_94de9e90e231b35b,6,source_graph_or_pi_replayable,evidence_advancement_v1
57babed72f2d777a,0c23da890dff3f4d,results/evidence_advancement/artifacts/materialized_replay_pairs/0c23da890dff3f4d.source.blif,virtual_binary_cut,"or(x0,not(x1))","[""x0"", ""x1""]","[""x0"", ""x1""]",2,8560d332f7318334,8f0bc04977f88197,2c24932e8e4ebc2f,inverted,npn_94de9e90e231b35b,6,source_graph_or_pi_replayable,evidence_advancement_v1
ed8e46d4cdb75cb2,0c23da890dff3f4d,results/evidence_advancement/artifacts/materialized_replay_pairs/0c23da890dff3f4d.source.blif,virtual_binary_cut,"and(x0,r0)","[""x0"", ""r0""]","[""r0"", ""x0""]",2,1228de099013e868,33fc91d1cc2c3255,94de9e90e231b35b,same,npn_94de9e90e231b35b,6,source_graph_or_pi_replayable,evidence_advancement_v1
2b634cb4d202e5c7,0c23da890dff3f4d,results/evidence_advancement/artifacts/materialized_replay_pairs/0c23da890dff3f4d.source.blif,virtual_binary_cut,"or(x0,r0)","[""x0"", ""r0""]","[""r0"", ""x0""]",2,1d207ade69b2a3eb,df856b66777ea758,c580333a48d30dad,same,npn_94de9e90e231b35b,6,source_graph_or_pi_replayable,evidence_advancement_v1
b9e37bf41cc8dde4,0c23da890dff3f4d,results/evidence_advancement/artifacts/materialized_replay_pairs/0c23da890dff3f4d.source.blif,virtual_binary_cut,"xor(x0,r0)","[""x0"", ""r0""]","[""r0"", ""x0""]",2,d7a46d3b3e9464c2,26f3581e5bafe7c7,b5d1f15c17250b42,same,npn_b5d1f15c17250b42,6,source_graph_or_pi_replayable,evidence_advancement_v1
723e862673ea9a6a,0c23da890dff3f4d,results/evidence_advancement/artifacts/materialized_replay_pairs/0c23da890dff3f4d.source.blif,virtual_binary_cut,"and(x0,not(r0))","[""x0"", ""r0""]","[""r0"", ""x0""]",2,85473471e2f83e46,7767985351eded02,2c24932e8e4ebc2f,same,npn_94de9e90e231b35b,6,source_graph_or_pi_replayable,evidence_advancement_v1
4889c53185b884c0,0c23da890dff3f4d,results/evidence_advancement/artifacts/materialized_replay_pairs/0c23da890dff3f4d.source.blif,virtual_binary_cut,"or(x0,not(r0))","[""x0"", ""r0""]","[""r0"", ""x0""]",2,8251c47787737cc6,61ef94dfe370555e,90f21496b5c851e8,inverted,npn_94de9e90e231b35b,6,source_graph_or_pi_replayable,evidence_advancement_v1
e8f176bb9457ec1e,0c23da890dff3f4d,results/evidence_advancement/artifacts/materialized_replay_pairs/0c23da890dff3f4d.source.blif,virtual_binary_cut,"and(x0,m0)","[""x0"", ""m0""]","[""r0"", ""x0"", ""x1""]",3,64b0009f6392972f,4618e905c40e8769,1cd47cea02efadc5,same,npn_369b91d179abba64,6,source_graph_or_pi_replayable,evidence_advancement_v1
dbe58d8f9e5e5ef4,0c23da890dff3f4d,results/evidence_advancement/artifacts/materialized_replay_pairs/0c23da890dff3f4d.source.blif,virtual_binary_cut,"or(x0,m0)","[""x0"", ""m0""]","[""r0"", ""x0"", ""x1""]",3,42a59debdb0bcad2,9f0c982b4c047d25,6998c2b0380ed5fd,same,npn_369b91d179abba64,6,source_graph_or_pi_replayable,evidence_advancement_v1
2ad73ab022670939,0c23da890dff3f4d,results/evidence_advancement/artifacts/materialized_replay_pairs/0c23da890dff3f4d.source.blif,virtual_binary_cut,"xor(x0,m0)","[""x0"", ""m0""]","[""r0"", ""x0"", ""x1""]",3,881bc460ec339572,7836cdae43787598,f919733d549a9e33,same,npn_f919733d549a9e33,6,source_graph_or_pi_replayable,evidence_advancement_v1
6ab9073bb2b622ac,0c23da890dff3f4d,results/evidence_advancement/artifacts/materialized_replay_pairs/0c23da890dff3f4d.source.blif,virtual_binary_cut,"and(x0,not(m0))","[""x0"", ""m0""]","[""r0"", ""x0"", ""x1""]",3,eba8a44748a5f09c,7717b29c04225dc0,369b91d179abba64,same,npn_369b91d179abba64,6,source_graph_or_pi_replayable,evidence_advancement_v1
bfd9e2e06e8a24c9,0c23da890dff3f4d,results/evidence_advancement/artifacts/materialized_replay_pairs/0c23da890dff3f4d.source.blif,virtual_binary_cut,"or(x0,not(m0))","[""x0"", ""m0""]","[""r0"", ""x0"", ""x1""]",3,8560d332f7318334,8f0bc04977f88197,40a3a71b42727dac,inverted,npn_369b91d179abba64,6,source_graph_or_pi_replayable,evidence_advancement_v1
e15990b91d863c3a,0c23da890dff3f4d,results/evidence_advancement/artifacts/materialized_replay_pairs/0c23da890dff3f4d.source.blif,virtual_binary_cut,"and(x0,y0)","[""x0"", ""y0""]","[""r0"", ""x0"", ""x1""]",3,cafeff6df6d83c72,40434ab81bb65403,f349b8103440f38f,same,npn_c367d71c2eac76ee,6,source_graph_or_pi_replayable,evidence_advancement_v1
2d97b9a94b1dd197,0c23da890dff3f4d,results/evidence_advancement/artifacts/materialized_replay_pairs/0c23da890dff3f4d.source.blif,virtual_binary_cut,"or(x0,y0)","[""x0"", ""y0""]","[""r0"", ""x0"", ""x1""]",3,45ee4c05f4aac508,d82871169a887f4c,786379bfa9523fe4,same,npn_c367d71c2eac76ee,6,source_graph_or_pi_replayable,evidence_advancement_v1
647ebec1e4b79726,0c23da890dff3f4d,results/evidence_advancement/artifacts/materialized_replay_pairs/0c23da890dff3f4d.source.blif,virtual_binary_cut,"xor(x0,y0)","[""x0"", ""y0""]","[""r0"", ""x0"", ""x1""]",3,9fd48a0d0d9d8a1b,89e85f36ec391ace,d7a46d3b3e9464c2,same,npn_9fd48a0d0d9d8a1b,6,source_graph_or_pi_replayable,evidence_advancement_v1
4d5cd8c4e4b89cab,0c23da890dff3f4d,results/evidence_advancement/artifacts/materialized_replay_pairs/0c23da890dff3f4d.source.blif,virtual_binary_cut,"and(x0,not(y0))","[""x0"", ""y0""]","[""r0"", ""x0"", ""x1""]",3,9875d06f074d4934,709b7cd024183d71,e502e9191e6ed303,same,npn_c367d71c2eac76ee,6,source_graph_or_pi_replayable,evidence_advancement_v1
85645ecf4a273967,0c23da890dff3f4d,results/evidence_advancement/artifacts/materialized_replay_pairs/0c23da890dff3f4d.source.blif,virtual_binary_cut,"or(x0,not(y0))","[""x0"", ""y0""]","[""r0"", ""x0"", ""x1""]",3,5f19d4e4b2292e32,fec5a0854918cc1b,13b2d0b1cc3afd67,inverted,npn_c367d71c2eac76ee,6,source_graph_or_pi_replayable,evidence_advancement_v1
8c0d737185fa627f,0c23da890dff3f4d,results/evidence_advancement/artifacts/materialized_replay_pairs/0c23da890dff3f4d.source.blif,virtual_binary_cut,"xor(x0,pcva_933d565467516c6c)","[""x0"", ""pcva_933d565467516c6c""]","[""x0"", ""x1""]",2,881bc460ec339572,7836cdae43787598,6471b342ae3c3106,same,npn_6471b342ae3c3106,6,source_graph_or_pi_replayable,evidence_advancement_v1
fadaa443b2a6ef86,0c23da890dff3f4d,results/evidence_advancement/artifacts/materialized_replay_pairs/0c23da890dff3f4d.source.blif,virtual_binary_cut,"and(x1,r0)","[""x1"", ""r0""]","[""r0"", ""x1""]",2,369b91d179abba64,81db286b120ccd3b,94de9e90e231b35b,same,npn_94de9e90e231b35b,6,source_graph_or_pi_replayable,evidence_advancement_v1
7ef84c976d224763,0c23da890dff3f4d,results/evidence_advancement/artifacts/materialized_replay_pairs/0c23da890dff3f4d.source.blif,virtual_binary_cut,"or(x1,r0)","[""x1"", ""r0""]","[""r0"", ""x1""]",2,6998c2b0380ed5fd,df970782afed63be,c580333a48d30dad,same,npn_94de9e90e231b35b,6,source_graph_or_pi_replayable,evidence_advancement_v1
34fa5e4cdb13c857,0c23da890dff3f4d,results/evidence_advancement/artifacts/materialized_replay_pairs/0c23da890dff3f4d.source.blif,virtual_binary_cut,"xor(x1,r0)","[""x1"", ""r0""]","[""r0"", ""x1""]",2,9fd48a0d0d9d8a1b,89e85f36ec391ace,b5d1f15c17250b42,same,npn_b5d1f15c17250b42,6,source_graph_or_pi_replayable,evidence_advancement_v1
3e1722e69f706a23,0c23da890dff3f4d,results/evidence_advancement/artifacts/materialized_replay_pairs/0c23da890dff3f4d.source.blif,virtual_binary_cut,"and(x1,not(r0))","[""x1"", ""r0""]","[""r0"", ""x1""]",2,1cd47cea02efadc5,b3dbc758ed4cf7c1,2c24932e8e4ebc2f,same,npn_94de9e90e231b35b,6,source_graph_or_pi_replayable,evidence_advancement_v1
1fe93eb0c9edb40d,0c23da890dff3f4d,results/evidence_advancement/artifacts/materialized_replay_pairs/0c23da890dff3f4d.source.blif,virtual_binary_cut,"or(x1,not(r0))","[""x1"", ""r0""]","[""r0"", ""x1""]",2,3dd858e6fc78578a,40a3a71b42727dac,90f21496b5c851e8,inverted,npn_94de9e90e231b35b,6,source_graph_or_pi_replayable,evidence_advancement_v1
cfeafd6c9d83c94e,0c23da890dff3f4d,results/evidence_advancement/artifacts/materialized_replay_pairs/0c23da890dff3f4d.source.blif,virtual_binary_cut,"xor(x1,m0)","[""x1"", ""m0""]","[""r0"", ""x0"", ""x1""]",3,df18d62faaa74b27,b6cfcfc147cbac64,881bc460ec339572,same,npn_f919733d549a9e33,6,source_graph_or_pi_replayable,evidence_advancement_v1
01b4d17326c9e474,0c23da890dff3f4d,results/evidence_advancement/artifacts/materialized_replay_pairs/0c23da890dff3f4d.source.blif,virtual_binary_cut,"and(x1,y0)","[""x1"", ""y0""]","[""r0"", ""x0"", ""x1""]",3,f349b8103440f38f,281fdcdaa6ddf1e3,ef73cac577bcd031,same,npn_c367d71c2eac76ee,6,source_graph_or_pi_replayable,evidence_advancement_v1
f439ca21b5bb1776,0c23da890dff3f4d,results/evidence_advancement/artifacts/materialized_replay_pairs/0c23da890dff3f4d.source.blif,virtual_binary_cut,"or(x1,y0)","[""x1"", ""y0""]","[""r0"", ""x0"", ""x1""]",3,786379bfa9523fe4,978691fe37bbf018,b9cbd9a487f80552,same,npn_c367d71c2eac76ee,6,source_graph_or_pi_replayable,evidence_advancement_v1
4a6f6b6d11ec5b94,0c23da890dff3f4d,results/evidence_advancement/artifacts/materialized_replay_pairs/0c23da890dff3f4d.source.blif,virtual_binary_cut,"xor(x1,y0)","[""x1"", ""y0""]","[""r0"", ""x0"", ""x1""]",3,d7a46d3b3e9464c2,26f3581e5bafe7c7,8d1560b225f7c697,same,npn_9fd48a0d0d9d8a1b,6,source_graph_or_pi_replayable,evidence_advancement_v1
4082e5ac59c09444,0c23da890dff3f4d,results/evidence_advancement/artifacts/materialized_replay_pairs/0c23da890dff3f4d.source.blif,virtual_binary_cut,"and(x1,not(y0))","[""x1"", ""y0""]","[""r0"", ""x0"", ""x1""]",3,e502e9191e6ed303,9ba33c777b6dd915,c367d71c2eac76ee,same,npn_c367d71c2eac76ee,6,source_graph_or_pi_replayable,evidence_advancement_v1
fe49493e91f4055d,0c23da890dff3f4d,results/evidence_advancement/artifacts/materialized_replay_pairs/0c23da890dff3f4d.source.blif,virtual_binary_cut,"or(x1,not(y0))","[""x1"", ""y0""]","[""r0"", ""x0"", ""x1""]",3,4630f7310d6febc0,13b2d0b1cc3afd67,7f94ec8202b0598d,inverted,npn_c367d71c2eac76ee,6,source_graph_or_pi_replayable,evidence_advancement_v1
a352d97882254cb8,0c23da890dff3f4d,results/evidence_advancement/artifacts/materialized_replay_pairs/0c23da890dff3f4d.source.blif,virtual_binary_cut,"xor(x1,pcva_933d565467516c6c)","[""x1"", ""pcva_933d565467516c6c""]","[""x0"", ""x1""]",2,df18d62faaa74b27,b6cfcfc147cbac64,f14e1817ec32b1b5,same,npn_6471b342ae3c3106,6,source_graph_or_pi_replayable,evidence_advancement_v1
7dfdb6539ad57e1a,0c23da890dff3f4d,results/evidence_advancement/artifacts/materialized_replay_pairs/0c23da890dff3f4d.source.blif,virtual_binary_cut,"and(r0,m0)","[""r0"", ""m0""]","[""r0"", ""x0"", ""x1""]",3,c367d71c2eac76ee,cad912d562146843,9875d06f074d4934,same,npn_c367d71c2eac76ee,6,source_graph_or_pi_replayable,evidence_advancement_v1
a402ef5548d2bfa8,0c23da890dff3f4d,results/evidence_advancement/artifacts/materialized_replay_pairs/0c23da890dff3f4d.source.blif,virtual_binary_cut,"or(r0,m0)","[""r0"", ""m0""]","[""r0"", ""x0"", ""x1""]",3,b9cbd9a487f80552,d8f1a1158f9df939,45ee4c05f4aac508,same,npn_c367d71c2eac76ee,6,source_graph_or_pi_replayable,evidence_advancement_v1
477b8a0f6a402d3f,0c23da890dff3f4d,results/evidence_advancement/artifacts/materialized_replay_pairs/0c23da890dff3f4d.source.blif,virtual_binary_cut,"xor(r0,m0)","[""r0"", ""m0""]","[""r0"", ""x0"", ""x1""]",3,c2a6fb6a86cca609,275241aeb7262117,c2a6fb6a86cca609,same,npn_c2a6fb6a86cca609,6,source_graph_or_pi_replayable,evidence_advancement_v1
3658035bb89ba7a7,0c23da890dff3f4d,results/evidence_advancement/artifacts/materialized_replay_pairs/0c23da890dff3f4d.source.blif,virtual_binary_cut,"and(r0,not(m0))","[""r0"", ""m0""]","[""r0"", ""x0"", ""x1""]",3,ef73cac577bcd031,1cddf125e7c6c591,cafeff6df6d83c72,same,npn_c367d71c2eac76ee,6,source_graph_or_pi_replayable,evidence_advancement_v1
14afaef899455f0c,0c23da890dff3f4d,results/evidence_advancement/artifacts/materialized_replay_pairs/0c23da890dff3f4d.source.blif,virtual_binary_cut,"or(r0,not(m0))","[""r0"", ""m0""]","[""r0"", ""x0"", ""x1""]",3,df9216350cc7abbf,7f94ec8202b0598d,fec5a0854918cc1b,inverted,npn_c367d71c2eac76ee,6,source_graph_or_pi_replayable,evidence_advancement_v1
d3b1efc51a64596e,0c23da890dff3f4d,results/evidence_advancement/artifacts/materialized_replay_pairs/0c23da890dff3f4d.source.blif,virtual_binary_cut,"xor(r0,y0)","[""r0"", ""y0""]","[""r0"", ""x0"", ""x1""]",3,8d1560b225f7c697,d31cf6dbef25069a,9fd48a0d0d9d8a1b,same,npn_9fd48a0d0d9d8a1b,6,source_graph_or_pi_replayable,evidence_advancement_v1
d32fedb609a9d312,0c23da890dff3f4d,results/evidence_advancement/artifacts/materialized_replay_pairs/0c23da890dff3f4d.source.blif,virtual_binary_cut,"xor(m0,y0)","[""m0"", ""y0""]","[""r0"", ""x0"", ""x1""]",3,f919733d549a9e33,71feeed0446218e8,df18d62faaa74b27,same,npn_f919733d549a9e33,6,source_graph_or_pi_replayable,evidence_advancement_v1
9628ccda2d245b82,0c23da890dff3f4d,results/evidence_advancement/artifacts/materialized_replay_pairs/0c23da890dff3f4d.source.blif,virtual_binary_cut,"xor(m0,pcva_933d565467516c6c)","[""m0"", ""pcva_933d565467516c6c""]","[""r0"", ""x0"", ""x1""]",3,c14bc7d02c76f1ae,fc67e5cbb4b98b43,c14bc7d02c76f1ae,same,npn_c14bc7d02c76f1ae,6,source_graph_or_pi_replayable,evidence_advancement_v1
a6dd73aa125849f6,0c47737710b3d083,results/evidence_advancement/artifacts/materialized_replay_pairs/0c47737710b3d083.source.blif,pi_literal,x0,"[""x0""]","[""x0""]",1,df18d62faaa74b27,b6cfcfc147cbac64,923682bea6d517dc,same,npn_923682bea6d517dc,6,source_graph_or_pi_replayable,evidence_advancement_v1
4458045b22eb9a50,0c47737710b3d083,results/evidence_advancement/artifacts/materialized_replay_pairs/0c47737710b3d083.source.blif,pi_literal,x1,"[""x1""]","[""x1""]",1,881bc460ec339572,7836cdae43787598,923682bea6d517dc,same,npn_923682bea6d517dc,6,source_graph_or_pi_replayable,evidence_advancement_v1
5a28edeb40e9292b,0c47737710b3d083,results/evidence_advancement/artifacts/materialized_replay_pairs/0c47737710b3d083.source.blif,pi_literal,r0,"[""r0""]","[""r0""]",1,f919733d549a9e33,71feeed0446218e8,923682bea6d517dc,same,npn_923682bea6d517dc,6,source_graph_or_pi_replayable,evidence_advancement_v1
8c38ecd3d875836c,0c47737710b3d083,results/evidence_advancement/artifacts/materialized_replay_pairs/0c47737710b3d083.source.blif,source_node,m0,"[""m0""]","[""r0"", ""x0"", ""x1""]",3,8d1560b225f7c697,d31cf6dbef25069a,9fd48a0d0d9d8a1b,same,npn_9fd48a0d0d9d8a1b,6,source_graph_or_pi_replayable,evidence_advancement_v1
53560cf3e3204959,0c47737710b3d083,results/evidence_advancement/artifacts/materialized_replay_pairs/0c47737710b3d083.source.blif,source_node,y0,"[""y0""]","[""r0"", ""x0"", ""x1""]",3,d61af64b7197e3f3,7077e1e487c73118,d61af64b7197e3f3,same,npn_d61af64b7197e3f3,6,source_graph_or_pi_replayable,evidence_advancement_v1
e72703f832b6f088,0c47737710b3d083,results/evidence_advancement/artifacts/materialized_replay_pairs/0c47737710b3d083.source.blif,source_node,pcva_47e903ce950b36a6,"[""pcva_47e903ce950b36a6""]","[""x0"", ""x1""]",2,8d1560b225f7c697,d31cf6dbef25069a,b5d1f15c17250b42,same,npn_b5d1f15c17250b42,6,source_graph_or_pi_replayable,evidence_advancement_v1
c7a0ac6a6d5e2a21,0c47737710b3d083,results/evidence_advancement/artifacts/materialized_replay_pairs/0c47737710b3d083.source.blif,virtual_binary_cut,"and(x0,x1)","[""x0"", ""x1""]","[""x0"", ""x1""]",2,eba8a44748a5f09c,7717b29c04225dc0,94de9e90e231b35b,same,npn_94de9e90e231b35b,6,source_graph_or_pi_replayable,evidence_advancement_v1
67741f60e075b7a0,0c47737710b3d083,results/evidence_advancement/artifacts/materialized_replay_pairs/0c47737710b3d083.source.blif,virtual_binary_cut,"or(x0,x1)","[""x0"", ""x1""]","[""x0"", ""x1""]",2,42a59debdb0bcad2,9f0c982b4c047d25,c580333a48d30dad,same,npn_94de9e90e231b35b,6,source_graph_or_pi_replayable,evidence_advancement_v1
24dfff73e40f4df7,0c47737710b3d083,results/evidence_advancement/artifacts/materialized_replay_pairs/0c47737710b3d083.source.blif,virtual_binary_cut,"xor(x0,x1)","[""x0"", ""x1""]","[""x0"", ""x1""]",2,8d1560b225f7c697,d31cf6dbef25069a,b5d1f15c17250b42,same,npn_b5d1f15c17250b42,6,source_graph_or_pi_replayable,evidence_advancement_v1
c832c02d0f3a8469,0c47737710b3d083,results/evidence_advancement/artifacts/materialized_replay_pairs/0c47737710b3d083.source.blif,virtual_binary_cut,"and(x0,not(x1))","[""x0"", ""x1""]","[""x0"", ""x1""]",2,64b0009f6392972f,4618e905c40e8769,90f21496b5c851e8,same,npn_94de9e90e231b35b,6,source_graph_or_pi_replayable,evidence_advancement_v1
9f00e262fd3d5e7f,0c47737710b3d083,results/evidence_advancement/artifacts/materialized_replay_pairs/0c47737710b3d083.source.blif,virtual_binary_cut,"or(x0,not(x1))","[""x0"", ""x1""]","[""x0"", ""x1""]",2,8560d332f7318334,8f0bc04977f88197,2c24932e8e4ebc2f,inverted,npn_94de9e90e231b35b,6,source_graph_or_pi_replayable,evidence_advancement_v1
3201934847938e44,0c47737710b3d083,results/evidence_advancement/artifacts/materialized_replay_pairs/0c47737710b3d083.source.blif,virtual_binary_cut,"and(x0,r0)","[""x0"", ""r0""]","[""r0"", ""x0""]",2,1228de099013e868,33fc91d1cc2c3255,94de9e90e231b35b,same,npn_94de9e90e231b35b,6,source_graph_or_pi_replayable,evidence_advancement_v1
1fb43eb429bd7b21,0c47737710b3d083,results/evidence_advancement/artifacts/materialized_replay_pairs/0c47737710b3d083.source.blif,virtual_binary_cut,"or(x0,r0)","[""x0"", ""r0""]","[""r0"", ""x0""]",2,1d207ade69b2a3eb,df856b66777ea758,c580333a48d30dad,same,npn_94de9e90e231b35b,6,source_graph_or_pi_replayable,evidence_advancement_v1
2b6f94f1a2782daa,0c47737710b3d083,results/evidence_advancement/artifacts/materialized_replay_pairs/0c47737710b3d083.source.blif,virtual_binary_cut,"xor(x0,r0)","[""x0"", ""r0""]","[""r0"", ""x0""]",2,d7a46d3b3e9464c2,26f3581e5bafe7c7,b5d1f15c17250b42,same,npn_b5d1f15c17250b42,6,source_graph_or_pi_replayable,evidence_advancement_v1
7222defde200039f,0c47737710b3d083,results/evidence_advancement/artifacts/materialized_replay_pairs/0c47737710b3d083.source.blif,virtual_binary_cut,"and(x0,not(r0))","[""x0"", ""r0""]","[""r0"", ""x0""]",2,85473471e2f83e46,7767985351eded02,2c24932e8e4ebc2f,same,npn_94de9e90e231b35b,6,source_graph_or_pi_replayable,evidence_advancement_v1
c6853ffc5193c3c9,0c47737710b3d083,results/evidence_advancement/artifacts/materialized_replay_pairs/0c47737710b3d083.source.blif,virtual_binary_cut,"or(x0,not(r0))","[""x0"", ""r0""]","[""r0"", ""x0""]",2,8251c47787737cc6,61ef94dfe370555e,90f21496b5c851e8,inverted,npn_94de9e90e231b35b,6,source_graph_or_pi_replayable,evidence_advancement_v1
89571567c1d39a00,0c47737710b3d083,results/evidence_advancement/artifacts/materialized_replay_pairs/0c47737710b3d083.source.blif,virtual_binary_cut,"and(x0,m0)","[""x0"", ""m0""]","[""r0"", ""x0"", ""x1""]",3,64b0009f6392972f,4618e905c40e8769,1cd47cea02efadc5,same,npn_369b91d179abba64,6,source_graph_or_pi_replayable,evidence_advancement_v1
3af18d834d22e9c3,0c47737710b3d083,results/evidence_advancement/artifacts/materialized_replay_pairs/0c47737710b3d083.source.blif,virtual_binary_cut,"or(x0,m0)","[""x0"", ""m0""]","[""r0"", ""x0"", ""x1""]",3,42a59debdb0bcad2,9f0c982b4c047d25,6998c2b0380ed5fd,same,npn_369b91d179abba64,6,source_graph_or_pi_replayable,evidence_advancement_v1
60575f83b8b75c1f,0c47737710b3d083,results/evidence_advancement/artifacts/materialized_replay_pairs/0c47737710b3d083.source.blif,virtual_binary_cut,"xor(x0,m0)","[""x0"", ""m0""]","[""r0"", ""x0"", ""x1""]",3,881bc460ec339572,7836cdae43787598,f919733d549a9e33,same,npn_f919733d549a9e33,6,source_graph_or_pi_replayable,evidence_advancement_v1
9b58bbb76e6627c5,0c47737710b3d083,results/evidence_advancement/artifacts/materialized_replay_pairs/0c47737710b3d083.source.blif,virtual_binary_cut,"and(x0,not(m0))","[""x0"", ""m0""]","[""r0"", ""x0"", ""x1""]",3,eba8a44748a5f09c,7717b29c04225dc0,369b91d179abba64,same,npn_369b91d179abba64,6,source_graph_or_pi_replayable,evidence_advancement_v1
5851d5200c74fa22,0c47737710b3d083,results/evidence_advancement/artifacts/materialized_replay_pairs/0c47737710b3d083.source.blif,virtual_binary_cut,"or(x0,not(m0))","[""x0"", ""m0""]","[""r0"", ""x0"", ""x1""]",3,8560d332f7318334,8f0bc04977f88197,40a3a71b42727dac,inverted,npn_369b91d179abba64,6,source_graph_or_pi_replayable,evidence_advancement_v1
c06f3643f7825716,0c47737710b3d083,results/evidence_advancement/artifacts/materialized_replay_pairs/0c47737710b3d083.source.blif,virtual_binary_cut,"and(x0,y0)","[""x0"", ""y0""]","[""r0"", ""x0"", ""x1""]",3,9875d06f074d4934,709b7cd024183d71,e502e9191e6ed303,same,npn_c367d71c2eac76ee,6,source_graph_or_pi_replayable,evidence_advancement_v1
fc5778e7fe53080a,0c47737710b3d083,results/evidence_advancement/artifacts/materialized_replay_pairs/0c47737710b3d083.source.blif,virtual_binary_cut,"or(x0,y0)","[""x0"", ""y0""]","[""r0"", ""x0"", ""x1""]",3,2d3d88fc9460d408,01b57a83096fa359,3b07b0bc23372d78,same,npn_358a268fde92333a,6,source_graph_or_pi_replayable,evidence_advancement_v1
41373905b4c2c7ba,0c47737710b3d083,results/evidence_advancement/artifacts/materialized_replay_pairs/0c47737710b3d083.source.blif,virtual_binary_cut,"xor(x0,y0)","[""x0"", ""y0""]","[""r0"", ""x0"", ""x1""]",3,9f236f1deb165b77,d6d4afecdd60c0e8,9e90f97db2cf97c1,same,npn_519942ec52593eec,6,source_graph_or_pi_replayable,evidence_advancement_v1
39fd29f412c1924e,0c47737710b3d083,results/evidence_advancement/artifacts/materialized_replay_pairs/0c47737710b3d083.source.blif,virtual_binary_cut,"and(x0,not(y0))","[""x0"", ""y0""]","[""r0"", ""x0"", ""x1""]",3,cafeff6df6d83c72,40434ab81bb65403,f349b8103440f38f,same,npn_c367d71c2eac76ee,6,source_graph_or_pi_replayable,evidence_advancement_v1
cc7d1ad011b7be73,0c47737710b3d083,results/evidence_advancement/artifacts/materialized_replay_pairs/0c47737710b3d083.source.blif,virtual_binary_cut,"or(x0,not(y0))","[""x0"", ""y0""]","[""r0"", ""x0"", ""x1""]",3,5242b1da53ab09a8,9ebc1ab9a061b3d1,afe6407a40ccdeab,inverted,npn_24165068bb0dbfca,6,source_graph_or_pi_replayable,evidence_advancement_v1
9e44dd625a4cbaad,0c47737710b3d083,results/evidence_advancement/artifacts/materialized_replay_pairs/0c47737710b3d083.source.blif,virtual_binary_cut,"xor(x0,pcva_47e903ce950b36a6)","[""x0"", ""pcva_47e903ce950b36a6""]","[""x0"", ""x1""]",2,881bc460ec339572,7836cdae43787598,6471b342ae3c3106,same,npn_6471b342ae3c3106,6,source_graph_or_pi_replayable,evidence_advancement_v1
ca3b0ff0df93cca3,0c47737710b3d083,results/evidence_advancement/artifacts/materialized_replay_pairs/0c47737710b3d083.source.blif,virtual_binary_cut,"and(x1,r0)","[""x1"", ""r0""]","[""r0"", ""x1""]",2,369b91d179abba64,81db286b120ccd3b,94de9e90e231b35b,same,npn_94de9e90e231b35b,6,source_graph_or_pi_replayable,evidence_advancement_v1
357417f128f875c0,0c47737710b3d083,results/evidence_advancement/artifacts/materialized_replay_pairs/0c47737710b3d083.source.blif,virtual_binary_cut,"or(x1,r0)","[""x1"", ""r0""]","[""r0"", ""x1""]",2,6998c2b0380ed5fd,df970782afed63be,c580333a48d30dad,same,npn_94de9e90e231b35b,6,source_graph_or_pi_replayable,evidence_advancement_v1
7b1948049be8dbef,0c47737710b3d083,results/evidence_advancement/artifacts/materialized_replay_pairs/0c47737710b3d083.source.blif,virtual_binary_cut,"xor(x1,r0)","[""x1"", ""r0""]","[""r0"", ""x1""]",2,9fd48a0d0d9d8a1b,89e85f36ec391ace,b5d1f15c17250b42,same,npn_b5d1f15c17250b42,6,source_graph_or_pi_replayable,evidence_advancement_v1
8babe5fe0347cf33,0c47737710b3d083,results/evidence_advancement/artifacts/materialized_replay_pairs/0c47737710b3d083.source.blif,virtual_binary_cut,"and(x1,not(r0))","[""x1"", ""r0""]","[""r0"", ""x1""]",2,1cd47cea02efadc5,b3dbc758ed4cf7c1,2c24932e8e4ebc2f,same,npn_94de9e90e231b35b,6,source_graph_or_pi_replayable,evidence_advancement_v1
a06c451bdfe7e69a,0c47737710b3d083,results/evidence_advancement/artifacts/materialized_replay_pairs/0c47737710b3d083.source.blif,virtual_binary_cut,"or(x1,not(r0))","[""x1"", ""r0""]","[""r0"", ""x1""]",2,3dd858e6fc78578a,40a3a71b42727dac,90f21496b5c851e8,inverted,npn_94de9e90e231b35b,6,source_graph_or_pi_replayable,evidence_advancement_v1
ef970368006f7667,0c47737710b3d083,results/evidence_advancement/artifacts/materialized_replay_pairs/0c47737710b3d083.source.blif,virtual_binary_cut,"xor(x1,m0)","[""x1"", ""m0""]","[""r0"", ""x0"", ""x1""]",3,df18d62faaa74b27,b6cfcfc147cbac64,881bc460ec339572,same,npn_f919733d549a9e33,6,source_graph_or_pi_replayable,evidence_advancement_v1
0b33949c18138ae8,0c47737710b3d083,results/evidence_advancement/artifacts/materialized_replay_pairs/0c47737710b3d083.source.blif,virtual_binary_cut,"and(x1,y0)","[""x1"", ""y0""]","[""r0"", ""x0"", ""x1""]",3,e502e9191e6ed303,9ba33c777b6dd915,c367d71c2eac76ee,same,npn_c367d71c2eac76ee,6,source_graph_or_pi_replayable,evidence_advancement_v1
89321dc2d8a889d2,0c47737710b3d083,results/evidence_advancement/artifacts/materialized_replay_pairs/0c47737710b3d083.source.blif,virtual_binary_cut,"or(x1,y0)","[""x1"", ""y0""]","[""r0"", ""x0"", ""x1""]",3,3b07b0bc23372d78,a21f9e000f8d8b39,2b785f5c6a14009e,same,npn_358a268fde92333a,6,source_graph_or_pi_replayable,evidence_advancement_v1
b27097a6bd55df8a,0c47737710b3d083,results/evidence_advancement/artifacts/materialized_replay_pairs/0c47737710b3d083.source.blif,virtual_binary_cut,"xor(x1,y0)","[""x1"", ""y0""]","[""r0"", ""x0"", ""x1""]",3,9e90f97db2cf97c1,3f87f62136bb932d,519942ec52593eec,same,npn_519942ec52593eec,6,source_graph_or_pi_replayable,evidence_advancement_v1
a6a968cf051dc19a,0c47737710b3d083,results/evidence_advancement/artifacts/materialized_replay_pairs/0c47737710b3d083.source.blif,virtual_binary_cut,"and(x1,not(y0))","[""x1"", ""y0""]","[""r0"", ""x0"", ""x1""]",3,f349b8103440f38f,281fdcdaa6ddf1e3,ef73cac577bcd031,same,npn_c367d71c2eac76ee,6,source_graph_or_pi_replayable,evidence_advancement_v1
9f376914ce213030,0c47737710b3d083,results/evidence_advancement/artifacts/materialized_replay_pairs/0c47737710b3d083.source.blif,virtual_binary_cut,"or(x1,not(y0))","[""x1"", ""y0""]","[""r0"", ""x0"", ""x1""]",3,e5e9f7323f023fb7,afe6407a40ccdeab,18025d3f5a1dde11,inverted,npn_24165068bb0dbfca,6,source_graph_or_pi_replayable,evidence_advancement_v1
a6b6d49b716db92d,0c47737710b3d083,results/evidence_advancement/artifacts/materialized_replay_pairs/0c47737710b3d083.source.blif,virtual_binary_cut,"xor(x1,pcva_47e903ce950b36a6)","[""x1"", ""pcva_47e903ce950b36a6""]","[""x0"", ""x1""]",2,df18d62faaa74b27,b6cfcfc147cbac64,f14e1817ec32b1b5,same,npn_6471b342ae3c3106,6,source_graph_or_pi_replayable,evidence_advancement_v1
c4dcd48166ebfcd7,0c47737710b3d083,results/evidence_advancement/artifacts/materialized_replay_pairs/0c47737710b3d083.source.blif,virtual_binary_cut,"and(r0,m0)","[""r0"", ""m0""]","[""r0"", ""x0"", ""x1""]",3,c367d71c2eac76ee,cad912d562146843,9875d06f074d4934,same,npn_c367d71c2eac76ee,6,source_graph_or_pi_replayable,evidence_advancement_v1
bab853920377c4c6,0c47737710b3d083,results/evidence_advancement/artifacts/materialized_replay_pairs/0c47737710b3d083.source.blif,virtual_binary_cut,"or(r0,m0)","[""r0"", ""m0""]","[""r0"", ""x0"", ""x1""]",3,b9cbd9a487f80552,d8f1a1158f9df939,45ee4c05f4aac508,same,npn_c367d71c2eac76ee,6,source_graph_or_pi_replayable,evidence_advancement_v1
e2f9be4206f33ef5,0c47737710b3d083,results/evidence_advancement/artifacts/materialized_replay_pairs/0c47737710b3d083.source.blif,virtual_binary_cut,"xor(r0,m0)","[""r0"", ""m0""]","[""r0"", ""x0"", ""x1""]",3,c2a6fb6a86cca609,275241aeb7262117,c2a6fb6a86cca609,same,npn_c2a6fb6a86cca609,6,source_graph_or_pi_replayable,evidence_advancement_v1
aac09c3e19f69cdf,0c47737710b3d083,results/evidence_advancement/artifacts/materialized_replay_pairs/0c47737710b3d083.source.blif,virtual_binary_cut,"and(r0,not(m0))","[""r0"", ""m0""]","[""r0"", ""x0"", ""x1""]",3,ef73cac577bcd031,1cddf125e7c6c591,cafeff6df6d83c72,same,npn_c367d71c2eac76ee,6,source_graph_or_pi_replayable,evidence_advancement_v1
89575d836c49959f,0c47737710b3d083,results/evidence_advancement/artifacts/materialized_replay_pairs/0c47737710b3d083.source.blif,virtual_binary_cut,"or(r0,not(m0))","[""r0"", ""m0""]","[""r0"", ""x0"", ""x1""]",3,df9216350cc7abbf,7f94ec8202b0598d,fec5a0854918cc1b,inverted,npn_c367d71c2eac76ee,6,source_graph_or_pi_replayable,evidence_advancement_v1
03c8902cc5ff75cb,0c47737710b3d083,results/evidence_advancement/artifacts/materialized_replay_pairs/0c47737710b3d083.source.blif,virtual_binary_cut,"or(r0,y0)","[""r0"", ""y0""]","[""r0"", ""x0"", ""x1""]",3,2b785f5c6a14009e,d4f1067dfed9dc13,2d3d88fc9460d408,same,npn_358a268fde92333a,6,source_graph_or_pi_replayable,evidence_advancement_v1
5033cf35d414144d,0c47737710b3d083,results/evidence_advancement/artifacts/materialized_replay_pairs/0c47737710b3d083.source.blif,virtual_binary_cut,"xor(r0,y0)","[""r0"", ""y0""]","[""r0"", ""x0"", ""x1""]",3,519942ec52593eec,41c4b287ff7bd954,9f236f1deb165b77,same,npn_519942ec52593eec,6,source_graph_or_pi_replayable,evidence_advancement_v1
676aa9c16918af4b,0c47737710b3d083,results/evidence_advancement/artifacts/materialized_replay_pairs/0c47737710b3d083.source.blif,virtual_binary_cut,"or(r0,not(y0))","[""r0"", ""y0""]","[""r0"", ""x0"", ""x1""]",3,e8998d9ce7a853e5,18025d3f5a1dde11,9ebc1ab9a061b3d1,inverted,npn_24165068bb0dbfca,6,source_graph_or_pi_replayable,evidence_advancement_v1
4fe40f6dea702875,0c47737710b3d083,results/evidence_advancement/artifacts/materialized_replay_pairs/0c47737710b3d083.source.blif,virtual_binary_cut,"or(m0,y0)","[""m0"", ""y0""]","[""r0"", ""x0"", ""x1""]",3,4ad4886cc1aefa8e,7e04deb9e796eeba,6c2746cbb9885241,same,npn_519942ec52593eec,6,source_graph_or_pi_replayable,evidence_advancement_v1
3055659a6f549dda,0c47737710b3d083,results/evidence_advancement/artifacts/materialized_replay_pairs/0c47737710b3d083.source.blif,virtual_binary_cut,"xor(m0,y0)","[""m0"", ""y0""]","[""r0"", ""x0"", ""x1""]",3,e47419b31d104a12,3da639c5deee83dd,b26e7e25fcb42c21,same,npn_358a268fde92333a,6,source_graph_or_pi_replayable,evidence_advancement_v1
fec12c3d062bd706,0c47737710b3d083,results/evidence_advancement/artifacts/materialized_replay_pairs/0c47737710b3d083.source.blif,virtual_binary_cut,"and(m0,pcva_47e903ce950b36a6)","[""m0"", ""pcva_47e903ce950b36a6""]","[""r0"", ""x0"", ""x1""]",3,8d1560b225f7c697,d31cf6dbef25069a,9fd48a0d0d9d8a1b,same,npn_9fd48a0d0d9d8a1b,6,source_graph_or_pi_replayable,evidence_advancement_v1
1c560f2b2650fb9a,0c47737710b3d083,results/evidence_advancement/artifacts/materialized_replay_pairs/0c47737710b3d083.source.blif,virtual_binary_cut,"xor(m0,pcva_47e903ce950b36a6)","[""m0"", ""pcva_47e903ce950b36a6""]","[""r0"", ""x0"", ""x1""]",3,c14bc7d02c76f1ae,fc67e5cbb4b98b43,c14bc7d02c76f1ae,same,npn_c14bc7d02c76f1ae,6,source_graph_or_pi_replayable,evidence_advancement_v1
bfa7c6edc1b655fc,0daf84d51b0a26de,results/evidence_advancement/artifacts/materialized_replay_pairs/0daf84d51b0a26de.source.blif,pi_literal,x0,"[""x0""]","[""x0""]",1,df18d62faaa74b27,b6cfcfc147cbac64,923682bea6d517dc,same,npn_923682bea6d517dc,6,source_graph_or_pi_replayable,evidence_advancement_v1
673a9e36ff9d3781,0daf84d51b0a26de,results/evidence_advancement/artifacts/materialized_replay_pairs/0daf84d51b0a26de.source.blif,pi_literal,x1,"[""x1""]","[""x1""]",1,881bc460ec339572,7836cdae43787598,923682bea6d517dc,same,npn_923682bea6d517dc,6,source_graph_or_pi_replayable,evidence_advancement_v1
649af84318dcc24d,0daf84d51b0a26de,results/evidence_advancement/artifacts/materialized_replay_pairs/0daf84d51b0a26de.source.blif,pi_literal,r0,"[""r0""]","[""r0""]",1,f919733d549a9e33,71feeed0446218e8,923682bea6d517dc,same,npn_923682bea6d517dc,6,source_graph_or_pi_replayable,evidence_advancement_v1
70d4029bebc17d90,0daf84d51b0a26de,results/evidence_advancement/artifacts/materialized_replay_pairs/0daf84d51b0a26de.source.blif,source_node,m0,"[""m0""]","[""r0"", ""x0"", ""x1""]",3,eba8a44748a5f09c,7717b29c04225dc0,369b91d179abba64,same,npn_369b91d179abba64,6,source_graph_or_pi_replayable,evidence_advancement_v1
dd9c2e1dcc0d5426,0daf84d51b0a26de,results/evidence_advancement/artifacts/materialized_replay_pairs/0daf84d51b0a26de.source.blif,source_node,y0,"[""y0""]","[""r0"", ""x0"", ""x1""]",3,2e96a02abe3f2e05,a8f244d01461e4e3,60196d9c90521e9d,same,npn_2e96a02abe3f2e05,6,source_graph_or_pi_replayable,evidence_advancement_v1
b0f1f815644c4eac,0daf84d51b0a26de,results/evidence_advancement/artifacts/materialized_replay_pairs/0daf84d51b0a26de.source.blif,source_node,pcva_ac8c960f769cf44f,"[""pcva_ac8c960f769cf44f""]","[""x0"", ""x1""]",2,eba8a44748a5f09c,7717b29c04225dc0,94de9e90e231b35b,same,npn_94de9e90e231b35b,6,source_graph_or_pi_replayable,evidence_advancement_v1
1e80481412eb3c16,0daf84d51b0a26de,results/evidence_advancement/artifacts/materialized_replay_pairs/0daf84d51b0a26de.source.blif,virtual_binary_cut,"and(x0,x1)","[""x0"", ""x1""]","[""x0"", ""x1""]",2,eba8a44748a5f09c,7717b29c04225dc0,94de9e90e231b35b,same,npn_94de9e90e231b35b,6,source_graph_or_pi_replayable,evidence_advancement_v1
d01b4005096a3d41,0daf84d51b0a26de,results/evidence_advancement/artifacts/materialized_replay_pairs/0daf84d51b0a26de.source.blif,virtual_binary_cut,"or(x0,x1)","[""x0"", ""x1""]","[""x0"", ""x1""]",2,42a59debdb0bcad2,9f0c982b4c047d25,c580333a48d30dad,same,npn_94de9e90e231b35b,6,source_graph_or_pi_replayable,evidence_advancement_v1
c9c7a4b00225e0ca,0daf84d51b0a26de,results/evidence_advancement/artifacts/materialized_replay_pairs/0daf84d51b0a26de.source.blif,virtual_binary_cut,"xor(x0,x1)","[""x0"", ""x1""]","[""x0"", ""x1""]",2,8d1560b225f7c697,d31cf6dbef25069a,b5d1f15c17250b42,same,npn_b5d1f15c17250b42,6,source_graph_or_pi_replayable,evidence_advancement_v1
147f889684f60c90,0daf84d51b0a26de,results/evidence_advancement/artifacts/materialized_replay_pairs/0daf84d51b0a26de.source.blif,virtual_binary_cut,"and(x0,not(x1))","[""x0"", ""x1""]","[""x0"", ""x1""]",2,64b0009f6392972f,4618e905c40e8769,90f21496b5c851e8,same,npn_94de9e90e231b35b,6,source_graph_or_pi_replayable,evidence_advancement_v1
8275d46a8c93e51a,0daf84d51b0a26de,results/evidence_advancement/artifacts/materialized_replay_pairs/0daf84d51b0a26de.source.blif,virtual_binary_cut,"or(x0,not(x1))","[""x0"", ""x1""]","[""x0"", ""x1""]",2,8560d332f7318334,8f0bc04977f88197,2c24932e8e4ebc2f,inverted,npn_94de9e90e231b35b,6,source_graph_or_pi_replayable,evidence_advancement_v1
5d99dfb4ba4fffee,0daf84d51b0a26de,results/evidence_advancement/artifacts/materialized_replay_pairs/0daf84d51b0a26de.source.blif,virtual_binary_cut,"and(x0,r0)","[""x0"", ""r0""]","[""r0"", ""x0""]",2,1228de099013e868,33fc91d1cc2c3255,94de9e90e231b35b,same,npn_94de9e90e231b35b,6,source_graph_or_pi_replayable,evidence_advancement_v1
569bb4a4b4567297,0daf84d51b0a26de,results/evidence_advancement/artifacts/materialized_replay_pairs/0daf84d51b0a26de.source.blif,virtual_binary_cut,"or(x0,r0)","[""x0"", ""r0""]","[""r0"", ""x0""]",2,1d207ade69b2a3eb,df856b66777ea758,c580333a48d30dad,same,npn_94de9e90e231b35b,6,source_graph_or_pi_replayable,evidence_advancement_v1
e4cea8eba9373256,0daf84d51b0a26de,results/evidence_advancement/artifacts/materialized_replay_pairs/0daf84d51b0a26de.source.blif,virtual_binary_cut,"xor(x0,r0)","[""x0"", ""r0""]","[""r0"", ""x0""]",2,d7a46d3b3e9464c2,26f3581e5bafe7c7,b5d1f15c17250b42,same,npn_b5d1f15c17250b42,6,source_graph_or_pi_replayable,evidence_advancement_v1
15edd038f1208354,0daf84d51b0a26de,results/evidence_advancement/artifacts/materialized_replay_pairs/0daf84d51b0a26de.source.blif,virtual_binary_cut,"and(x0,not(r0))","[""x0"", ""r0""]","[""r0"", ""x0""]",2,85473471e2f83e46,7767985351eded02,2c24932e8e4ebc2f,same,npn_94de9e90e231b35b,6,source_graph_or_pi_replayable,evidence_advancement_v1
82f9332881b076d2,0daf84d51b0a26de,results/evidence_advancement/artifacts/materialized_replay_pairs/0daf84d51b0a26de.source.blif,virtual_binary_cut,"or(x0,not(r0))","[""x0"", ""r0""]","[""r0"", ""x0""]",2,8251c47787737cc6,61ef94dfe370555e,90f21496b5c851e8,inverted,npn_94de9e90e231b35b,6,source_graph_or_pi_replayable,evidence_advancement_v1
2355bb4cea3cea8c,0daf84d51b0a26de,results/evidence_advancement/artifacts/materialized_replay_pairs/0daf84d51b0a26de.source.blif,virtual_binary_cut,"and(x0,m0)","[""x0"", ""m0""]","[""r0"", ""x0"", ""x1""]",3,eba8a44748a5f09c,7717b29c04225dc0,369b91d179abba64,same,npn_369b91d179abba64,6,source_graph_or_pi_replayable,evidence_advancement_v1
da83f0a8b9b2db83,0daf84d51b0a26de,results/evidence_advancement/artifacts/materialized_replay_pairs/0daf84d51b0a26de.source.blif,virtual_binary_cut,"or(x0,m0)","[""x0"", ""m0""]","[""r0"", ""x0"", ""x1""]",3,df18d62faaa74b27,b6cfcfc147cbac64,881bc460ec339572,same,npn_f919733d549a9e33,6,source_graph_or_pi_replayable,evidence_advancement_v1
079e6a264f24a1c7,0daf84d51b0a26de,results/evidence_advancement/artifacts/materialized_replay_pairs/0daf84d51b0a26de.source.blif,virtual_binary_cut,"xor(x0,m0)","[""x0"", ""m0""]","[""r0"", ""x0"", ""x1""]",3,64b0009f6392972f,4618e905c40e8769,1cd47cea02efadc5,same,npn_369b91d179abba64,6,source_graph_or_pi_replayable,evidence_advancement_v1
c5069e528c7dfc6f,0daf84d51b0a26de,results/evidence_advancement/artifacts/materialized_replay_pairs/0daf84d51b0a26de.source.blif,virtual_binary_cut,"or(x0,not(m0))","[""x0"", ""m0""]","[""r0"", ""x0"", ""x1""]",3,fc67e5cbb4b98b43,c14bc7d02c76f1ae,c14bc7d02c76f1ae,inverted,npn_c14bc7d02c76f1ae,6,source_graph_or_pi_replayable,evidence_advancement_v1
236f7706b1622f16,0daf84d51b0a26de,results/evidence_advancement/artifacts/materialized_replay_pairs/0daf84d51b0a26de.source.blif,virtual_binary_cut,"and(x0,y0)","[""x0"", ""y0""]","[""r0"", ""x0"", ""x1""]",3,9875d06f074d4934,709b7cd024183d71,e502e9191e6ed303,same,npn_c367d71c2eac76ee,6,source_graph_or_pi_replayable,evidence_advancement_v1
32f3535718f51af6,0daf84d51b0a26de,results/evidence_advancement/artifacts/materialized_replay_pairs/0daf84d51b0a26de.source.blif,virtual_binary_cut,"or(x0,y0)","[""x0"", ""y0""]","[""r0"", ""x0"", ""x1""]",3,1d207ade69b2a3eb,df856b66777ea758,42a59debdb0bcad2,same,npn_369b91d179abba64,6,source_graph_or_pi_replayable,evidence_advancement_v1
dc4158325e0131a5,0daf84d51b0a26de,results/evidence_advancement/artifacts/materialized_replay_pairs/0daf84d51b0a26de.source.blif,virtual_binary_cut,"xor(x0,y0)","[""x0"", ""y0""]","[""r0"", ""x0"", ""x1""]",3,194fa8893fa382cf,16e8cc99320bb4ce,62ad13d001efd14a,same,npn_2e96a02abe3f2e05,6,source_graph_or_pi_replayable,evidence_advancement_v1
18c5f7f44c6e081c,0daf84d51b0a26de,results/evidence_advancement/artifacts/materialized_replay_pairs/0daf84d51b0a26de.source.blif,virtual_binary_cut,"and(x0,not(y0))","[""x0"", ""y0""]","[""r0"", ""x0"", ""x1""]",3,cafeff6df6d83c72,40434ab81bb65403,f349b8103440f38f,same,npn_c367d71c2eac76ee,6,source_graph_or_pi_replayable,evidence_advancement_v1
71360a7e608afedf,0daf84d51b0a26de,results/evidence_advancement/artifacts/materialized_replay_pairs/0daf84d51b0a26de.source.blif,virtual_binary_cut,"or(x0,not(y0))","[""x0"", ""y0""]","[""r0"", ""x0"", ""x1""]",3,8251c47787737cc6,61ef94dfe370555e,64b0009f6392972f,inverted,npn_369b91d179abba64,6,source_graph_or_pi_replayable,evidence_advancement_v1
58e7649982828654,0daf84d51b0a26de,results/evidence_advancement/artifacts/materialized_replay_pairs/0daf84d51b0a26de.source.blif,virtual_binary_cut,"or(x0,pcva_ac8c960f769cf44f)","[""x0"", ""pcva_ac8c960f769cf44f""]","[""x0"", ""x1""]",2,df18d62faaa74b27,b6cfcfc147cbac64,f14e1817ec32b1b5,same,npn_6471b342ae3c3106,6,source_graph_or_pi_replayable,evidence_advancement_v1
cfec7991307cd4c4,0daf84d51b0a26de,results/evidence_advancement/artifacts/materialized_replay_pairs/0daf84d51b0a26de.source.blif,virtual_binary_cut,"or(x0,not(pcva_ac8c960f769cf44f))","[""x0"", ""pcva_ac8c960f769cf44f""]","[""x0"", ""x1""]",2,fc67e5cbb4b98b43,c14bc7d02c76f1ae,a90d007c2fc57df6,inverted,npn_a90d007c2fc57df6,6,source_graph_or_pi_replayable,evidence_advancement_v1
c69079187549aa89,0daf84d51b0a26de,results/evidence_advancement/artifacts/materialized_replay_pairs/0daf84d51b0a26de.source.blif,virtual_binary_cut,"and(x1,r0)","[""x1"", ""r0""]","[""r0"", ""x1""]",2,369b91d179abba64,81db286b120ccd3b,94de9e90e231b35b,same,npn_94de9e90e231b35b,6,source_graph_or_pi_replayable,evidence_advancement_v1
97368f4db6c1d284,0daf84d51b0a26de,results/evidence_advancement/artifacts/materialized_replay_pairs/0daf84d51b0a26de.source.blif,virtual_binary_cut,"or(x1,r0)","[""x1"", ""r0""]","[""r0"", ""x1""]",2,6998c2b0380ed5fd,df970782afed63be,c580333a48d30dad,same,npn_94de9e90e231b35b,6,source_graph_or_pi_replayable,evidence_advancement_v1
4680390c2cd18db0,0daf84d51b0a26de,results/evidence_advancement/artifacts/materialized_replay_pairs/0daf84d51b0a26de.source.blif,virtual_binary_cut,"xor(x1,r0)","[""x1"", ""r0""]","[""r0"", ""x1""]",2,9fd48a0d0d9d8a1b,89e85f36ec391ace,b5d1f15c17250b42,same,npn_b5d1f15c17250b42,6,source_graph_or_pi_replayable,evidence_advancement_v1
a47dcefb97139447,0daf84d51b0a26de,results/evidence_advancement/artifacts/materialized_replay_pairs/0daf84d51b0a26de.source.blif,virtual_binary_cut,"and(x1,not(r0))","[""x1"", ""r0""]","[""r0"", ""x1""]",2,1cd47cea02efadc5,b3dbc758ed4cf7c1,2c24932e8e4ebc2f,same,npn_94de9e90e231b35b,6,source_graph_or_pi_replayable,evidence_advancement_v1
3b73e4f84d41b2d7,0daf84d51b0a26de,results/evidence_advancement/artifacts/materialized_replay_pairs/0daf84d51b0a26de.source.blif,virtual_binary_cut,"or(x1,not(r0))","[""x1"", ""r0""]","[""r0"", ""x1""]",2,3dd858e6fc78578a,40a3a71b42727dac,90f21496b5c851e8,inverted,npn_94de9e90e231b35b,6,source_graph_or_pi_replayable,evidence_advancement_v1
20bae4b862304c81,0daf84d51b0a26de,results/evidence_advancement/artifacts/materialized_replay_pairs/0daf84d51b0a26de.source.blif,virtual_binary_cut,"or(x1,m0)","[""x1"", ""m0""]","[""r0"", ""x0"", ""x1""]",3,881bc460ec339572,7836cdae43787598,f919733d549a9e33,same,npn_f919733d549a9e33,6,source_graph_or_pi_replayable,evidence_advancement_v1
f03542c26048c904,0daf84d51b0a26de,results/evidence_advancement/artifacts/materialized_replay_pairs/0daf84d51b0a26de.source.blif,virtual_binary_cut,"xor(x1,m0)","[""x1"", ""m0""]","[""r0"", ""x0"", ""x1""]",3,8f0bc04977f88197,8560d332f7318334,40a3a71b42727dac,same,npn_369b91d179abba64,6,source_graph_or_pi_replayable,evidence_advancement_v1
4c5087774bfc3c2e,0daf84d51b0a26de,results/evidence_advancement/artifacts/materialized_replay_pairs/0daf84d51b0a26de.source.blif,virtual_binary_cut,"and(x1,y0)","[""x1"", ""y0""]","[""r0"", ""x0"", ""x1""]",3,e502e9191e6ed303,9ba33c777b6dd915,c367d71c2eac76ee,same,npn_c367d71c2eac76ee,6,source_graph_or_pi_replayable,evidence_advancement_v1
cb1ebe107991e068,0daf84d51b0a26de,results/evidence_advancement/artifacts/materialized_replay_pairs/0daf84d51b0a26de.source.blif,virtual_binary_cut,"or(x1,y0)","[""x1"", ""y0""]","[""r0"", ""x0"", ""x1""]",3,6998c2b0380ed5fd,df970782afed63be,1d207ade69b2a3eb,same,npn_369b91d179abba64,6,source_graph_or_pi_replayable,evidence_advancement_v1
8e1d777a26aaaf83,0daf84d51b0a26de,results/evidence_advancement/artifacts/materialized_replay_pairs/0daf84d51b0a26de.source.blif,virtual_binary_cut,"xor(x1,y0)","[""x1"", ""y0""]","[""r0"", ""x0"", ""x1""]",3,8192b9512335fe5c,07afcd83da45eba0,6a87a8ec53e5d016,same,npn_2e96a02abe3f2e05,6,source_graph_or_pi_replayable,evidence_advancement_v1
ab436496f46ae6f5,0daf84d51b0a26de,results/evidence_advancement/artifacts/materialized_replay_pairs/0daf84d51b0a26de.source.blif,virtual_binary_cut,"and(x1,not(y0))","[""x1"", ""y0""]","[""r0"", ""x0"", ""x1""]",3,f349b8103440f38f,281fdcdaa6ddf1e3,ef73cac577bcd031,same,npn_c367d71c2eac76ee,6,source_graph_or_pi_replayable,evidence_advancement_v1
6bb816175ece4596,0daf84d51b0a26de,results/evidence_advancement/artifacts/materialized_replay_pairs/0daf84d51b0a26de.source.blif,virtual_binary_cut,"or(x1,not(y0))","[""x1"", ""y0""]","[""r0"", ""x0"", ""x1""]",3,3dd858e6fc78578a,40a3a71b42727dac,85473471e2f83e46,inverted,npn_369b91d179abba64,6,source_graph_or_pi_replayable,evidence_advancement_v1
b2c9d05dcd114117,0daf84d51b0a26de,results/evidence_advancement/artifacts/materialized_replay_pairs/0daf84d51b0a26de.source.blif,virtual_binary_cut,"or(x1,pcva_ac8c960f769cf44f)","[""x1"", ""pcva_ac8c960f769cf44f""]","[""x0"", ""x1""]",2,881bc460ec339572,7836cdae43787598,6471b342ae3c3106,same,npn_6471b342ae3c3106,6,source_graph_or_pi_replayable,evidence_advancement_v1
8b6f64c413013332,0daf84d51b0a26de,results/evidence_advancement/artifacts/materialized_replay_pairs/0daf84d51b0a26de.source.blif,virtual_binary_cut,"and(r0,m0)","[""r0"", ""m0""]","[""r0"", ""x0"", ""x1""]",3,24165068bb0dbfca,7706d5f66a567332,24165068bb0dbfca,same,npn_24165068bb0dbfca,6,source_graph_or_pi_replayable,evidence_advancement_v1
4940cc84669a63dc,0daf84d51b0a26de,results/evidence_advancement/artifacts/materialized_replay_pairs/0daf84d51b0a26de.source.blif,virtual_binary_cut,"or(r0,m0)","[""r0"", ""m0""]","[""r0"", ""x0"", ""x1""]",3,2b785f5c6a14009e,d4f1067dfed9dc13,2d3d88fc9460d408,same,npn_358a268fde92333a,6,source_graph_or_pi_replayable,evidence_advancement_v1
2875cdbe659fc05f,0daf84d51b0a26de,results/evidence_advancement/artifacts/materialized_replay_pairs/0daf84d51b0a26de.source.blif,virtual_binary_cut,"xor(r0,m0)","[""r0"", ""m0""]","[""r0"", ""x0"", ""x1""]",3,2e96a02abe3f2e05,a8f244d01461e4e3,60196d9c90521e9d,same,npn_2e96a02abe3f2e05,6,source_graph_or_pi_replayable,evidence_advancement_v1
5eb46c84d8367c60,0daf84d51b0a26de,results/evidence_advancement/artifacts/materialized_replay_pairs/0daf84d51b0a26de.source.blif,virtual_binary_cut,"and(r0,not(m0))","[""r0"", ""m0""]","[""r0"", ""x0"", ""x1""]",3,ea466967d1b9574d,b5fe5c54be4d1ca1,86541bc0ebd49ad1,same,npn_358a268fde92333a,6,source_graph_or_pi_replayable,evidence_advancement_v1
989583f42b082749,0daf84d51b0a26de,results/evidence_advancement/artifacts/materialized_replay_pairs/0daf84d51b0a26de.source.blif,virtual_binary_cut,"or(r0,not(m0))","[""r0"", ""m0""]","[""r0"", ""x0"", ""x1""]",3,e8998d9ce7a853e5,18025d3f5a1dde11,9ebc1ab9a061b3d1,inverted,npn_24165068bb0dbfca,6,source_graph_or_pi_replayable,evidence_advancement_v1
5d76d637bf96a95d,0daf84d51b0a26de,results/evidence_advancement/artifacts/materialized_replay_pairs/0daf84d51b0a26de.source.blif,virtual_binary_cut,"xor(m0,y0)","[""m0"", ""y0""]","[""r0"", ""x0"", ""x1""]",3,f919733d549a9e33,71feeed0446218e8,df18d62faaa74b27,same,npn_f919733d549a9e33,6,source_graph_or_pi_replayable,evidence_advancement_v1
41f861d41b1884db,198a0379defecab2,results/evidence_advancement/artifacts/materialized_replay_pairs/198a0379defecab2.source.blif,pi_literal,x0,"[""x0""]","[""x0""]",1,df18d62faaa74b27,b6cfcfc147cbac64,923682bea6d517dc,same,npn_923682bea6d517dc,6,source_graph_or_pi_replayable,evidence_advancement_v1
984dc6f50226194a,198a0379defecab2,results/evidence_advancement/artifacts/materialized_replay_pairs/198a0379defecab2.source.blif,pi_literal,x1,"[""x1""]","[""x1""]",1,881bc460ec339572,7836cdae43787598,923682bea6d517dc,same,npn_923682bea6d517dc,6,source_graph_or_pi_replayable,evidence_advancement_v1
a0ed1bbd672e5bb3,198a0379defecab2,results/evidence_advancement/artifacts/materialized_replay_pairs/198a0379defecab2.source.blif,pi_literal,r0,"[""r0""]","[""r0""]",1,f919733d549a9e33,71feeed0446218e8,923682bea6d517dc,same,npn_923682bea6d517dc,6,source_graph_or_pi_replayable,evidence_advancement_v1
0839acc870c1e893,198a0379defecab2,results/evidence_advancement/artifacts/materialized_replay_pairs/198a0379defecab2.source.blif,source_node,m0,"[""m0""]","[""r0"", ""x0"", ""x1""]",3,8d1560b225f7c697,d31cf6dbef25069a,9fd48a0d0d9d8a1b,same,npn_9fd48a0d0d9d8a1b,6,source_graph_or_pi_replayable,evidence_advancement_v1
86c0d953dfbb7ca2,198a0379defecab2,results/evidence_advancement/artifacts/materialized_replay_pairs/198a0379defecab2.source.blif,source_node,y0,"[""y0""]","[""r0"", ""x0"", ""x1""]",3,d61af64b7197e3f3,7077e1e487c73118,d61af64b7197e3f3,same,npn_d61af64b7197e3f3,6,source_graph_or_pi_replayable,evidence_advancement_v1
5a0b699b26c2594d,198a0379defecab2,results/evidence_advancement/artifacts/materialized_replay_pairs/198a0379defecab2.source.blif,source_node,pcva_764b2db5fb82b554,"[""pcva_764b2db5fb82b554""]","[""x0"", ""x1""]",2,8d1560b225f7c697,d31cf6dbef25069a,b5d1f15c17250b42,same,npn_b5d1f15c17250b42,6,source_graph_or_pi_replayable,evidence_advancement_v1
e6b0adea320cc220,198a0379defecab2,results/evidence_advancement/artifacts/materialized_replay_pairs/198a0379defecab2.source.blif,virtual_binary_cut,"and(x0,x1)","[""x0"", ""x1""]","[""x0"", ""x1""]",2,eba8a44748a5f09c,7717b29c04225dc0,94de9e90e231b35b,same,npn_94de9e90e231b35b,6,source_graph_or_pi_replayable,evidence_advancement_v1
4238f2e3c8d24a31,198a0379defecab2,results/evidence_advancement/artifacts/materialized_replay_pairs/198a0379defecab2.source.blif,virtual_binary_cut,"or(x0,x1)","[""x0"", ""x1""]","[""x0"", ""x1""]",2,42a59debdb0bcad2,9f0c982b4c047d25,c580333a48d30dad,same,npn_94de9e90e231b35b,6,source_graph_or_pi_replayable,evidence_advancement_v1
c9af29cd20fec436,198a0379defecab2,results/evidence_advancement/artifacts/materialized_replay_pairs/198a0379defecab2.source.blif,virtual_binary_cut,"xor(x0,x1)","[""x0"", ""x1""]","[""x0"", ""x1""]",2,8d1560b225f7c697,d31cf6dbef25069a,b5d1f15c17250b42,same,npn_b5d1f15c17250b42,6,source_graph_or_pi_replayable,evidence_advancement_v1
92ab719f80ca8cf6,198a0379defecab2,results/evidence_advancement/artifacts/materialized_replay_pairs/198a0379defecab2.source.blif,virtual_binary_cut,"and(x0,not(x1))","[""x0"", ""x1""]","[""x0"", ""x1""]",2,64b0009f6392972f,4618e905c40e8769,90f21496b5c851e8,same,npn_94de9e90e231b35b,6,source_graph_or_pi_replayable,evidence_advancement_v1
fd84bd5663d3e7c7,198a0379defecab2,results/evidence_advancement/artifacts/materialized_replay_pairs/198a0379defecab2.source.blif,virtual_binary_cut,"or(x0,not(x1))","[""x0"", ""x1""]","[""x0"", ""x1""]",2,8560d332f7318334,8f0bc04977f88197,2c24932e8e4ebc2f,inverted,npn_94de9e90e231b35b,6,source_graph_or_pi_replayable,evidence_advancement_v1
e9d9ea6a4da5610f,198a0379defecab2,results/evidence_advancement/artifacts/materialized_replay_pairs/198a0379defecab2.source.blif,virtual_binary_cut,"and(x0,r0)","[""x0"", ""r0""]","[""r0"", ""x0""]",2,1228de099013e868,33fc91d1cc2c3255,94de9e90e231b35b,same,npn_94de9e90e231b35b,6,source_graph_or_pi_replayable,evidence_advancement_v1
be0029686913ce64,198a0379defecab2,results/evidence_advancement/artifacts/materialized_replay_pairs/198a0379defecab2.source.blif,virtual_binary_cut,"or(x0,r0)","[""x0"", ""r0""]","[""r0"", ""x0""]",2,1d207ade69b2a3eb,df856b66777ea758,c580333a48d30dad,same,npn_94de9e90e231b35b,6,source_graph_or_pi_replayable,evidence_advancement_v1
f760030ce88a8c6a,198a0379defecab2,results/evidence_advancement/artifacts/materialized_replay_pairs/198a0379defecab2.source.blif,virtual_binary_cut,"xor(x0,r0)","[""x0"", ""r0""]","[""r0"", ""x0""]",2,d7a46d3b3e9464c2,26f3581e5bafe7c7,b5d1f15c17250b42,same,npn_b5d1f15c17250b42,6,source_graph_or_pi_replayable,evidence_advancement_v1
be651cb860567632,198a0379defecab2,results/evidence_advancement/artifacts/materialized_replay_pairs/198a0379defecab2.source.blif,virtual_binary_cut,"and(x0,not(r0))","[""x0"", ""r0""]","[""r0"", ""x0""]",2,85473471e2f83e46,7767985351eded02,2c24932e8e4ebc2f,same,npn_94de9e90e231b35b,6,source_graph_or_pi_replayable,evidence_advancement_v1
3d1fc50ae496abb0,198a0379defecab2,results/evidence_advancement/artifacts/materialized_replay_pairs/198a0379defecab2.source.blif,virtual_binary_cut,"or(x0,not(r0))","[""x0"", ""r0""]","[""r0"", ""x0""]",2,8251c47787737cc6,61ef94dfe370555e,90f21496b5c851e8,inverted,npn_94de9e90e231b35b,6,source_graph_or_pi_replayable,evidence_advancement_v1
efed3e5470dc3a4e,198a0379defecab2,results/evidence_advancement/artifacts/materialized_replay_pairs/198a0379defecab2.source.blif,virtual_binary_cut,"and(x0,m0)","[""x0"", ""m0""]","[""r0"", ""x0"", ""x1""]",3,64b0009f6392972f,4618e905c40e8769,1cd47cea02efadc5,same,npn_369b91d179abba64,6,source_graph_or_pi_replayable,evidence_advancement_v1
09057cd599d073c4,198a0379defecab2,results/evidence_advancement/artifacts/materialized_replay_pairs/198a0379defecab2.source.blif,virtual_binary_cut,"or(x0,m0)","[""x0"", ""m0""]","[""r0"", ""x0"", ""x1""]",3,42a59debdb0bcad2,9f0c982b4c047d25,6998c2b0380ed5fd,same,npn_369b91d179abba64,6,source_graph_or_pi_replayable,evidence_advancement_v1
c868611aa1901336,198a0379defecab2,results/evidence_advancement/artifacts/materialized_replay_pairs/198a0379defecab2.source.blif,virtual_binary_cut,"xor(x0,m0)","[""x0"", ""m0""]","[""r0"", ""x0"", ""x1""]",3,881bc460ec339572,7836cdae43787598,f919733d549a9e33,same,npn_f919733d549a9e33,6,source_graph_or_pi_replayable,evidence_advancement_v1
9718f00fb76d06db,198a0379defecab2,results/evidence_advancement/artifacts/materialized_replay_pairs/198a0379defecab2.source.blif,virtual_binary_cut,"and(x0,not(m0))","[""x0"", ""m0""]","[""r0"", ""x0"", ""x1""]",3,eba8a44748a5f09c,7717b29c04225dc0,369b91d179abba64,same,npn_369b91d179abba64,6,source_graph_or_pi_replayable,evidence_advancement_v1
89193c7870760991,198a0379defecab2,results/evidence_advancement/artifacts/materialized_replay_pairs/198a0379defecab2.source.blif,virtual_binary_cut,"or(x0,not(m0))","[""x0"", ""m0""]","[""r0"", ""x0"", ""x1""]",3,8560d332f7318334,8f0bc04977f88197,40a3a71b42727dac,inverted,npn_369b91d179abba64,6,source_graph_or_pi_replayable,evidence_advancement_v1
6748b2822416acd7,198a0379defecab2,results/evidence_advancement/artifacts/materialized_replay_pairs/198a0379defecab2.source.blif,virtual_binary_cut,"and(x0,y0)","[""x0"", ""y0""]","[""r0"", ""x0"", ""x1""]",3,9875d06f074d4934,709b7cd024183d71,e502e9191e6ed303,same,npn_c367d71c2eac76ee,6,source_graph_or_pi_replayable,evidence_advancement_v1
1916753fa73d6a99,198a0379defecab2,results/evidence_advancement/artifacts/materialized_replay_pairs/198a0379defecab2.source.blif,virtual_binary_cut,"or(x0,y0)","[""x0"", ""y0""]","[""r0"", ""x0"", ""x1""]",3,2d3d88fc9460d408,01b57a83096fa359,3b07b0bc23372d78,same,npn_358a268fde92333a,6,source_graph_or_pi_replayable,evidence_advancement_v1
1f4b503e687e518a,198a0379defecab2,results/evidence_advancement/artifacts/materialized_replay_pairs/198a0379defecab2.source.blif,virtual_binary_cut,"xor(x0,y0)","[""x0"", ""y0""]","[""r0"", ""x0"", ""x1""]",3,9f236f1deb165b77,d6d4afecdd60c0e8,9e90f97db2cf97c1,same,npn_519942ec52593eec,6,source_graph_or_pi_replayable,evidence_advancement_v1
92acf14cb7288170,198a0379defecab2,results/evidence_advancement/artifacts/materialized_replay_pairs/198a0379defecab2.source.blif,virtual_binary_cut,"and(x0,not(y0))","[""x0"", ""y0""]","[""r0"", ""x0"", ""x1""]",3,cafeff6df6d83c72,40434ab81bb65403,f349b8103440f38f,same,npn_c367d71c2eac76ee,6,source_graph_or_pi_replayable,evidence_advancement_v1
4bb2449495b4aa24,198a0379defecab2,results/evidence_advancement/artifacts/materialized_replay_pairs/198a0379defecab2.source.blif,virtual_binary_cut,"or(x0,not(y0))","[""x0"", ""y0""]","[""r0"", ""x0"", ""x1""]",3,5242b1da53ab09a8,9ebc1ab9a061b3d1,afe6407a40ccdeab,inverted,npn_24165068bb0dbfca,6,source_graph_or_pi_replayable,evidence_advancement_v1
e52db424f9508141,198a0379defecab2,results/evidence_advancement/artifacts/materialized_replay_pairs/198a0379defecab2.source.blif,virtual_binary_cut,"xor(x0,pcva_764b2db5fb82b554)","[""x0"", ""pcva_764b2db5fb82b554""]","[""x0"", ""x1""]",2,881bc460ec339572,7836cdae43787598,6471b342ae3c3106,same,npn_6471b342ae3c3106,6,source_graph_or_pi_replayable,evidence_advancement_v1
927a57e520db452d,198a0379defecab2,results/evidence_advancement/artifacts/materialized_replay_pairs/198a0379defecab2.source.blif,virtual_binary_cut,"and(x1,r0)","[""x1"", ""r0""]","[""r0"", ""x1""]",2,369b91d179abba64,81db286b120ccd3b,94de9e90e231b35b,same,npn_94de9e90e231b35b,6,source_graph_or_pi_replayable,evidence_advancement_v1
47803700f1d82f47,198a0379defecab2,results/evidence_advancement/artifacts/materialized_replay_pairs/198a0379defecab2.source.blif,virtual_binary_cut,"or(x1,r0)","[""x1"", ""r0""]","[""r0"", ""x1""]",2,6998c2b0380ed5fd,df970782afed63be,c580333a48d30dad,same,npn_94de9e90e231b35b,6,source_graph_or_pi_replayable,evidence_advancement_v1
2cb69c975a4e1a3b,198a0379defecab2,results/evidence_advancement/artifacts/materialized_replay_pairs/198a0379defecab2.source.blif,virtual_binary_cut,"xor(x1,r0)","[""x1"", ""r0""]","[""r0"", ""x1""]",2,9fd48a0d0d9d8a1b,89e85f36ec391ace,b5d1f15c17250b42,same,npn_b5d1f15c17250b42,6,source_graph_or_pi_replayable,evidence_advancement_v1
464480d6b7cfd8e1,198a0379defecab2,results/evidence_advancement/artifacts/materialized_replay_pairs/198a0379defecab2.source.blif,virtual_binary_cut,"and(x1,not(r0))","[""x1"", ""r0""]","[""r0"", ""x1""]",2,1cd47cea02efadc5,b3dbc758ed4cf7c1,2c24932e8e4ebc2f,same,npn_94de9e90e231b35b,6,source_graph_or_pi_replayable,evidence_advancement_v1
b753c030d48fc9ec,198a0379defecab2,results/evidence_advancement/artifacts/materialized_replay_pairs/198a0379defecab2.source.blif,virtual_binary_cut,"or(x1,not(r0))","[""x1"", ""r0""]","[""r0"", ""x1""]",2,3dd858e6fc78578a,40a3a71b42727dac,90f21496b5c851e8,inverted,npn_94de9e90e231b35b,6,source_graph_or_pi_replayable,evidence_advancement_v1
bd1db611c0b47abd,198a0379defecab2,results/evidence_advancement/artifacts/materialized_replay_pairs/198a0379defecab2.source.blif,virtual_binary_cut,"xor(x1,m0)","[""x1"", ""m0""]","[""r0"", ""x0"", ""x1""]",3,df18d62faaa74b27,b6cfcfc147cbac64,881bc460ec339572,same,npn_f919733d549a9e33,6,source_graph_or_pi_replayable,evidence_advancement_v1
92045c9d4896b95f,198a0379defecab2,results/evidence_advancement/artifacts/materialized_replay_pairs/198a0379defecab2.source.blif,virtual_binary_cut,"and(x1,y0)","[""x1"", ""y0""]","[""r0"", ""x0"", ""x1""]",3,e502e9191e6ed303,9ba33c777b6dd915,c367d71c2eac76ee,same,npn_c367d71c2eac76ee,6,source_graph_or_pi_replayable,evidence_advancement_v1
711a0160d706ea76,198a0379defecab2,results/evidence_advancement/artifacts/materialized_replay_pairs/198a0379defecab2.source.blif,virtual_binary_cut,"or(x1,y0)","[""x1"", ""y0""]","[""r0"", ""x0"", ""x1""]",3,3b07b0bc23372d78,a21f9e000f8d8b39,2b785f5c6a14009e,same,npn_358a268fde92333a,6,source_graph_or_pi_replayable,evidence_advancement_v1
5a32063f36aa45c3,198a0379defecab2,results/evidence_advancement/artifacts/materialized_replay_pairs/198a0379defecab2.source.blif,virtual_binary_cut,"xor(x1,y0)","[""x1"", ""y0""]","[""r0"", ""x0"", ""x1""]",3,9e90f97db2cf97c1,3f87f62136bb932d,519942ec52593eec,same,npn_519942ec52593eec,6,source_graph_or_pi_replayable,evidence_advancement_v1
207d1418ce14ff62,198a0379defecab2,results/evidence_advancement/artifacts/materialized_replay_pairs/198a0379defecab2.source.blif,virtual_binary_cut,"and(x1,not(y0))","[""x1"", ""y0""]","[""r0"", ""x0"", ""x1""]",3,f349b8103440f38f,281fdcdaa6ddf1e3,ef73cac577bcd031,same,npn_c367d71c2eac76ee,6,source_graph_or_pi_replayable,evidence_advancement_v1
779b1facbfaa9179,198a0379defecab2,results/evidence_advancement/artifacts/materialized_replay_pairs/198a0379defecab2.source.blif,virtual_binary_cut,"or(x1,not(y0))","[""x1"", ""y0""]","[""r0"", ""x0"", ""x1""]",3,e5e9f7323f023fb7,afe6407a40ccdeab,18025d3f5a1dde11,inverted,npn_24165068bb0dbfca,6,source_graph_or_pi_replayable,evidence_advancement_v1
4bb83f3d4bf00150,198a0379defecab2,results/evidence_advancement/artifacts/materialized_replay_pairs/198a0379defecab2.source.blif,virtual_binary_cut,"xor(x1,pcva_764b2db5fb82b554)","[""x1"", ""pcva_764b2db5fb82b554""]","[""x0"", ""x1""]",2,df18d62faaa74b27,b6cfcfc147cbac64,f14e1817ec32b1b5,same,npn_6471b342ae3c3106,6,source_graph_or_pi_replayable,evidence_advancement_v1
fff7fa8625f45f0e,198a0379defecab2,results/evidence_advancement/artifacts/materialized_replay_pairs/198a0379defecab2.source.blif,virtual_binary_cut,"and(r0,m0)","[""r0"", ""m0""]","[""r0"", ""x0"", ""x1""]",3,c367d71c2eac76ee,cad912d562146843,9875d06f074d4934,same,npn_c367d71c2eac76ee,6,source_graph_or_pi_replayable,evidence_advancement_v1
1de24474b174fa34,198a0379defecab2,results/evidence_advancement/artifacts/materialized_replay_pairs/198a0379defecab2.source.blif,virtual_binary_cut,"or(r0,m0)","[""r0"", ""m0""]","[""r0"", ""x0"", ""x1""]",3,b9cbd9a487f80552,d8f1a1158f9df939,45ee4c05f4aac508,same,npn_c367d71c2eac76ee,6,source_graph_or_pi_replayable,evidence_advancement_v1
34ce87fe7bf1960d,198a0379defecab2,results/evidence_advancement/artifacts/materialized_replay_pairs/198a0379defecab2.source.blif,virtual_binary_cut,"xor(r0,m0)","[""r0"", ""m0""]","[""r0"", ""x0"", ""x1""]",3,c2a6fb6a86cca609,275241aeb7262117,c2a6fb6a86cca609,same,npn_c2a6fb6a86cca609,6,source_graph_or_pi_replayable,evidence_advancement_v1
2ecdd9d65f50c7b7,198a0379defecab2,results/evidence_advancement/artifacts/materialized_replay_pairs/198a0379defecab2.source.blif,virtual_binary_cut,"and(r0,not(m0))","[""r0"", ""m0""]","[""r0"", ""x0"", ""x1""]",3,ef73cac577bcd031,1cddf125e7c6c591,cafeff6df6d83c72,same,npn_c367d71c2eac76ee,6,source_graph_or_pi_replayable,evidence_advancement_v1
b012fa216ad7ae7b,198a0379defecab2,results/evidence_advancement/artifacts/materialized_replay_pairs/198a0379defecab2.source.blif,virtual_binary_cut,"or(r0,not(m0))","[""r0"", ""m0""]","[""r0"", ""x0"", ""x1""]",3,df9216350cc7abbf,7f94ec8202b0598d,fec5a0854918cc1b,inverted,npn_c367d71c2eac76ee,6,source_graph_or_pi_replayable,evidence_advancement_v1
e6dfe85dd1f98b8c,198a0379defecab2,results/evidence_advancement/artifacts/materialized_replay_pairs/198a0379defecab2.source.blif,virtual_binary_cut,"or(r0,y0)","[""r0"", ""y0""]","[""r0"", ""x0"", ""x1""]",3,2b785f5c6a14009e,d4f1067dfed9dc13,2d3d88fc9460d408,same,npn_358a268fde92333a,6,source_graph_or_pi_replayable,evidence_advancement_v1
b89cdf837f86e9ce,198a0379defecab2,results/evidence_advancement/artifacts/materialized_replay_pairs/198a0379defecab2.source.blif,virtual_binary_cut,"xor(r0,y0)","[""r0"", ""y0""]","[""r0"", ""x0"", ""x1""]",3,519942ec52593eec,41c4b287ff7bd954,9f236f1deb165b77,same,npn_519942ec52593eec,6,source_graph_or_pi_replayable,evidence_advancement_v1
70eff5c8e1799b3b,198a0379defecab2,results/evidence_advancement/artifacts/materialized_replay_pairs/198a0379defecab2.source.blif,virtual_binary_cut,"or(r0,not(y0))","[""r0"", ""y0""]","[""r0"", ""x0"", ""x1""]",3,e8998d9ce7a853e5,18025d3f5a1dde11,9ebc1ab9a061b3d1,inverted,npn_24165068bb0dbfca,6,source_graph_or_pi_replayable,evidence_advancement_v1
dfa674ab388b9137,198a0379defecab2,results/evidence_advancement/artifacts/materialized_replay_pairs/198a0379defecab2.source.blif,virtual_binary_cut,"or(m0,y0)","[""m0"", ""y0""]","[""r0"", ""x0"", ""x1""]",3,4ad4886cc1aefa8e,7e04deb9e796eeba,6c2746cbb9885241,same,npn_519942ec52593eec,6,source_graph_or_pi_replayable,evidence_advancement_v1
a9e5109f390fec8a,198a0379defecab2,results/evidence_advancement/artifacts/materialized_replay_pairs/198a0379defecab2.source.blif,virtual_binary_cut,"xor(m0,y0)","[""m0"", ""y0""]","[""r0"", ""x0"", ""x1""]",3,e47419b31d104a12,3da639c5deee83dd,b26e7e25fcb42c21,same,npn_358a268fde92333a,6,source_graph_or_pi_replayable,evidence_advancement_v1
4f8201da13fd5f25,198a0379defecab2,results/evidence_advancement/artifacts/materialized_replay_pairs/198a0379defecab2.source.blif,virtual_binary_cut,"and(m0,pcva_764b2db5fb82b554)","[""m0"", ""pcva_764b2db5fb82b554""]","[""r0"", ""x0"", ""x1""]",3,8d1560b225f7c697,d31cf6dbef25069a,9fd48a0d0d9d8a1b,same,npn_9fd48a0d0d9d8a1b,6,source_graph_or_pi_replayable,evidence_advancement_v1
a2a670acd81dad06,198a0379defecab2,results/evidence_advancement/artifacts/materialized_replay_pairs/198a0379defecab2.source.blif,virtual_binary_cut,"xor(m0,pcva_764b2db5fb82b554)","[""m0"", ""pcva_764b2db5fb82b554""]","[""r0"", ""x0"", ""x1""]",3,c14bc7d02c76f1ae,fc67e5cbb4b98b43,c14bc7d02c76f1ae,same,npn_c14bc7d02c76f1ae,6,source_graph_or_pi_replayable,evidence_advancement_v1
aaa08dc8b52ed7ae,1b6be2ff82944c93,results/evidence_advancement/artifacts/materialized_replay_pairs/1b6be2ff82944c93.source.blif,pi_literal,x0,"[""x0""]","[""x0""]",1,df18d62faaa74b27,b6cfcfc147cbac64,923682bea6d517dc,same,npn_923682bea6d517dc,6,source_graph_or_pi_replayable,evidence_advancement_v1
5710d89c9c590c25,1b6be2ff82944c93,results/evidence_advancement/artifacts/materialized_replay_pairs/1b6be2ff82944c93.source.blif,pi_literal,x1,"[""x1""]","[""x1""]",1,881bc460ec339572,7836cdae43787598,923682bea6d517dc,same,npn_923682bea6d517dc,6,source_graph_or_pi_replayable,evidence_advancement_v1
9c3fe374f3c3e4f7,1b6be2ff82944c93,results/evidence_advancement/artifacts/materialized_replay_pairs/1b6be2ff82944c93.source.blif,pi_literal,r0,"[""r0""]","[""r0""]",1,f919733d549a9e33,71feeed0446218e8,923682bea6d517dc,same,npn_923682bea6d517dc,6,source_graph_or_pi_replayable,evidence_advancement_v1
30034043da6ca9cf,1b6be2ff82944c93,results/evidence_advancement/artifacts/materialized_replay_pairs/1b6be2ff82944c93.source.blif,source_node,m0,"[""m0""]","[""r0"", ""x0"", ""x1""]",3,8d1560b225f7c697,d31cf6dbef25069a,9fd48a0d0d9d8a1b,same,npn_9fd48a0d0d9d8a1b,6,source_graph_or_pi_replayable,evidence_advancement_v1
8b1dd997da7d7f0e,1b6be2ff82944c93,results/evidence_advancement/artifacts/materialized_replay_pairs/1b6be2ff82944c93.source.blif,source_node,y0,"[""y0""]","[""r0"", ""x0"", ""x1""]",3,d61af64b7197e3f3,7077e1e487c73118,d61af64b7197e3f3,same,npn_d61af64b7197e3f3,6,source_graph_or_pi_replayable,evidence_advancement_v1
6b73acdeccf468cc,1b6be2ff82944c93,results/evidence_advancement/artifacts/materialized_replay_pairs/1b6be2ff82944c93.source.blif,source_node,pcva_591895c4925b236c,"[""pcva_591895c4925b236c""]","[""x0"", ""x1""]",2,8d1560b225f7c697,d31cf6dbef25069a,b5d1f15c17250b42,same,npn_b5d1f15c17250b42,6,source_graph_or_pi_replayable,evidence_advancement_v1
c3762366774981a4,1b6be2ff82944c93,results/evidence_advancement/artifacts/materialized_replay_pairs/1b6be2ff82944c93.source.blif,virtual_binary_cut,"and(x0,x1)","[""x0"", ""x1""]","[""x0"", ""x1""]",2,eba8a44748a5f09c,7717b29c04225dc0,94de9e90e231b35b,same,npn_94de9e90e231b35b,6,source_graph_or_pi_replayable,evidence_advancement_v1
e7d90d440eb040dd,1b6be2ff82944c93,results/evidence_advancement/artifacts/materialized_replay_pairs/1b6be2ff82944c93.source.blif,virtual_binary_cut,"or(x0,x1)","[""x0"", ""x1""]","[""x0"", ""x1""]",2,42a59debdb0bcad2,9f0c982b4c047d25,c580333a48d30dad,same,npn_94de9e90e231b35b,6,source_graph_or_pi_replayable,evidence_advancement_v1
f6679b1b721c7285,1b6be2ff82944c93,results/evidence_advancement/artifacts/materialized_replay_pairs/1b6be2ff82944c93.source.blif,virtual_binary_cut,"xor(x0,x1)","[""x0"", ""x1""]","[""x0"", ""x1""]",2,8d1560b225f7c697,d31cf6dbef25069a,b5d1f15c17250b42,same,npn_b5d1f15c17250b42,6,source_graph_or_pi_replayable,evidence_advancement_v1
71373de2dcea2775,1b6be2ff82944c93,results/evidence_advancement/artifacts/materialized_replay_pairs/1b6be2ff82944c93.source.blif,virtual_binary_cut,"and(x0,not(x1))","[""x0"", ""x1""]","[""x0"", ""x1""]",2,64b0009f6392972f,4618e905c40e8769,90f21496b5c851e8,same,npn_94de9e90e231b35b,6,source_graph_or_pi_replayable,evidence_advancement_v1
053c9cb1e2ba2190,1b6be2ff82944c93,results/evidence_advancement/artifacts/materialized_replay_pairs/1b6be2ff82944c93.source.blif,virtual_binary_cut,"or(x0,not(x1))","[""x0"", ""x1""]","[""x0"", ""x1""]",2,8560d332f7318334,8f0bc04977f88197,2c24932e8e4ebc2f,inverted,npn_94de9e90e231b35b,6,source_graph_or_pi_replayable,evidence_advancement_v1
7a06ce45305bfe21,1b6be2ff82944c93,results/evidence_advancement/artifacts/materialized_replay_pairs/1b6be2ff82944c93.source.blif,virtual_binary_cut,"and(x0,r0)","[""x0"", ""r0""]","[""r0"", ""x0""]",2,1228de099013e868,33fc91d1cc2c3255,94de9e90e231b35b,same,npn_94de9e90e231b35b,6,source_graph_or_pi_replayable,evidence_advancement_v1
e966e4395aaec043,1b6be2ff82944c93,results/evidence_advancement/artifacts/materialized_replay_pairs/1b6be2ff82944c93.source.blif,virtual_binary_cut,"or(x0,r0)","[""x0"", ""r0""]","[""r0"", ""x0""]",2,1d207ade69b2a3eb,df856b66777ea758,c580333a48d30dad,same,npn_94de9e90e231b35b,6,source_graph_or_pi_replayable,evidence_advancement_v1
b8745c5604fb5ae9,1b6be2ff82944c93,results/evidence_advancement/artifacts/materialized_replay_pairs/1b6be2ff82944c93.source.blif,virtual_binary_cut,"xor(x0,r0)","[""x0"", ""r0""]","[""r0"", ""x0""]",2,d7a46d3b3e9464c2,26f3581e5bafe7c7,b5d1f15c17250b42,same,npn_b5d1f15c17250b42,6,source_graph_or_pi_replayable,evidence_advancement_v1
da6625eb4d45daf8,1b6be2ff82944c93,results/evidence_advancement/artifacts/materialized_replay_pairs/1b6be2ff82944c93.source.blif,virtual_binary_cut,"and(x0,not(r0))","[""x0"", ""r0""]","[""r0"", ""x0""]",2,85473471e2f83e46,7767985351eded02,2c24932e8e4ebc2f,same,npn_94de9e90e231b35b,6,source_graph_or_pi_replayable,evidence_advancement_v1
191aff8018d78b3f,1b6be2ff82944c93,results/evidence_advancement/artifacts/materialized_replay_pairs/1b6be2ff82944c93.source.blif,virtual_binary_cut,"or(x0,not(r0))","[""x0"", ""r0""]","[""r0"", ""x0""]",2,8251c47787737cc6,61ef94dfe370555e,90f21496b5c851e8,inverted,npn_94de9e90e231b35b,6,source_graph_or_pi_replayable,evidence_advancement_v1
15ea327f8642dfd1,1b6be2ff82944c93,results/evidence_advancement/artifacts/materialized_replay_pairs/1b6be2ff82944c93.source.blif,virtual_binary_cut,"and(x0,m0)","[""x0"", ""m0""]","[""r0"", ""x0"", ""x1""]",3,64b0009f6392972f,4618e905c40e8769,1cd47cea02efadc5,same,npn_369b91d179abba64,6,source_graph_or_pi_replayable,evidence_advancement_v1
4389ad53532f57a4,1b6be2ff82944c93,results/evidence_advancement/artifacts/materialized_replay_pairs/1b6be2ff82944c93.source.blif,virtual_binary_cut,"or(x0,m0)","[""x0"", ""m0""]","[""r0"", ""x0"", ""x1""]",3,42a59debdb0bcad2,9f0c982b4c047d25,6998c2b0380ed5fd,same,npn_369b91d179abba64,6,source_graph_or_pi_replayable,evidence_advancement_v1
f3edc4b5f5008018,1b6be2ff82944c93,results/evidence_advancement/artifacts/materialized_replay_pairs/1b6be2ff82944c93.source.blif,virtual_binary_cut,"xor(x0,m0)","[""x0"", ""m0""]","[""r0"", ""x0"", ""x1""]",3,881bc460ec339572,7836cdae43787598,f919733d549a9e33,same,npn_f919733d549a9e33,6,source_graph_or_pi_replayable,evidence_advancement_v1
043157cba3b8aeb1,1b6be2ff82944c93,results/evidence_advancement/artifacts/materialized_replay_pairs/1b6be2ff82944c93.source.blif,virtual_binary_cut,"and(x0,not(m0))","[""x0"", ""m0""]","[""r0"", ""x0"", ""x1""]",3,eba8a44748a5f09c,7717b29c04225dc0,369b91d179abba64,same,npn_369b91d179abba64,6,source_graph_or_pi_replayable,evidence_advancement_v1
310b636e0f5858be,1b6be2ff82944c93,results/evidence_advancement/artifacts/materialized_replay_pairs/1b6be2ff82944c93.source.blif,virtual_binary_cut,"or(x0,not(m0))","[""x0"", ""m0""]","[""r0"", ""x0"", ""x1""]",3,8560d332f7318334,8f0bc04977f88197,40a3a71b42727dac,inverted,npn_369b91d179abba64,6,source_graph_or_pi_replayable,evidence_advancement_v1
c775b6fa15ac991b,1b6be2ff82944c93,results/evidence_advancement/artifacts/materialized_replay_pairs/1b6be2ff82944c93.source.blif,virtual_binary_cut,"and(x0,y0)","[""x0"", ""y0""]","[""r0"", ""x0"", ""x1""]",3,9875d06f074d4934,709b7cd024183d71,e502e9191e6ed303,same,npn_c367d71c2eac76ee,6,source_graph_or_pi_replayable,evidence_advancement_v1
a871b54d18e046d8,1b6be2ff82944c93,results/evidence_advancement/artifacts/materialized_replay_pairs/1b6be2ff82944c93.source.blif,virtual_binary_cut,"or(x0,y0)","[""x0"", ""y0""]","[""r0"", ""x0"", ""x1""]",3,2d3d88fc9460d408,01b57a83096fa359,3b07b0bc23372d78,same,npn_358a268fde92333a,6,source_graph_or_pi_replayable,evidence_advancement_v1
3a1e4397c06d3a18,1b6be2ff82944c93,results/evidence_advancement/artifacts/materialized_replay_pairs/1b6be2ff82944c93.source.blif,virtual_binary_cut,"xor(x0,y0)","[""x0"", ""y0""]","[""r0"", ""x0"", ""x1""]",3,9f236f1deb165b77,d6d4afecdd60c0e8,9e90f97db2cf97c1,same,npn_519942ec52593eec,6,source_graph_or_pi_replayable,evidence_advancement_v1
31d3298d57d600f2,1b6be2ff82944c93,results/evidence_advancement/artifacts/materialized_replay_pairs/1b6be2ff82944c93.source.blif,virtual_binary_cut,"and(x0,not(y0))","[""x0"", ""y0""]","[""r0"", ""x0"", ""x1""]",3,cafeff6df6d83c72,40434ab81bb65403,f349b8103440f38f,same,npn_c367d71c2eac76ee,6,source_graph_or_pi_replayable,evidence_advancement_v1
bbd980bb7c34dd31,1b6be2ff82944c93,results/evidence_advancement/artifacts/materialized_replay_pairs/1b6be2ff82944c93.source.blif,virtual_binary_cut,"or(x0,not(y0))","[""x0"", ""y0""]","[""r0"", ""x0"", ""x1""]",3,5242b1da53ab09a8,9ebc1ab9a061b3d1,afe6407a40ccdeab,inverted,npn_24165068bb0dbfca,6,source_graph_or_pi_replayable,evidence_advancement_v1
fdeb41a71ca0e6a0,1b6be2ff82944c93,results/evidence_advancement/artifacts/materialized_replay_pairs/1b6be2ff82944c93.source.blif,virtual_binary_cut,"xor(x0,pcva_591895c4925b236c)","[""x0"", ""pcva_591895c4925b236c""]","[""x0"", ""x1""]",2,881bc460ec339572,7836cdae43787598,6471b342ae3c3106,same,npn_6471b342ae3c3106,6,source_graph_or_pi_replayable,evidence_advancement_v1
5e4e48210ea4d12b,1b6be2ff82944c93,results/evidence_advancement/artifacts/materialized_replay_pairs/1b6be2ff82944c93.source.blif,virtual_binary_cut,"and(x1,r0)","[""x1"", ""r0""]","[""r0"", ""x1""]",2,369b91d179abba64,81db286b120ccd3b,94de9e90e231b35b,same,npn_94de9e90e231b35b,6,source_graph_or_pi_replayable,evidence_advancement_v1
920b173673ce0099,1b6be2ff82944c93,results/evidence_advancement/artifacts/materialized_replay_pairs/1b6be2ff82944c93.source.blif,virtual_binary_cut,"or(x1,r0)","[""x1"", ""r0""]","[""r0"", ""x1""]",2,6998c2b0380ed5fd,df970782afed63be,c580333a48d30dad,same,npn_94de9e90e231b35b,6,source_graph_or_pi_replayable,evidence_advancement_v1
b59b1bf1843fe0d8,1b6be2ff82944c93,results/evidence_advancement/artifacts/materialized_replay_pairs/1b6be2ff82944c93.source.blif,virtual_binary_cut,"xor(x1,r0)","[""x1"", ""r0""]","[""r0"", ""x1""]",2,9fd48a0d0d9d8a1b,89e85f36ec391ace,b5d1f15c17250b42,same,npn_b5d1f15c17250b42,6,source_graph_or_pi_replayable,evidence_advancement_v1
34d473800f1f46b1,1b6be2ff82944c93,results/evidence_advancement/artifacts/materialized_replay_pairs/1b6be2ff82944c93.source.blif,virtual_binary_cut,"and(x1,not(r0))","[""x1"", ""r0""]","[""r0"", ""x1""]",2,1cd47cea02efadc5,b3dbc758ed4cf7c1,2c24932e8e4ebc2f,same,npn_94de9e90e231b35b,6,source_graph_or_pi_replayable,evidence_advancement_v1
7cd4b41aa057d1a3,1b6be2ff82944c93,results/evidence_advancement/artifacts/materialized_replay_pairs/1b6be2ff82944c93.source.blif,virtual_binary_cut,"or(x1,not(r0))","[""x1"", ""r0""]","[""r0"", ""x1""]",2,3dd858e6fc78578a,40a3a71b42727dac,90f21496b5c851e8,inverted,npn_94de9e90e231b35b,6,source_graph_or_pi_replayable,evidence_advancement_v1
495b2a4774787a5d,1b6be2ff82944c93,results/evidence_advancement/artifacts/materialized_replay_pairs/1b6be2ff82944c93.source.blif,virtual_binary_cut,"xor(x1,m0)","[""x1"", ""m0""]","[""r0"", ""x0"", ""x1""]",3,df18d62faaa74b27,b6cfcfc147cbac64,881bc460ec339572,same,npn_f919733d549a9e33,6,source_graph_or_pi_replayable,evidence_advancement_v1
1aaa4567a0093f4d,1b6be2ff82944c93,results/evidence_advancement/artifacts/materialized_replay_pairs/1b6be2ff82944c93.source.blif,virtual_binary_cut,"and(x1,y0)","[""x1"", ""y0""]","[""r0"", ""x0"", ""x1""]",3,e502e9191e6ed303,9ba33c777b6dd915,c367d71c2eac76ee,same,npn_c367d71c2eac76ee,6,source_graph_or_pi_replayable,evidence_advancement_v1
e12f104c4a888c5e,1b6be2ff82944c93,results/evidence_advancement/artifacts/materialized_replay_pairs/1b6be2ff82944c93.source.blif,virtual_binary_cut,"or(x1,y0)","[""x1"", ""y0""]","[""r0"", ""x0"", ""x1""]",3,3b07b0bc23372d78,a21f9e000f8d8b39,2b785f5c6a14009e,same,npn_358a268fde92333a,6,source_graph_or_pi_replayable,evidence_advancement_v1
bb1b63d375e047b8,1b6be2ff82944c93,results/evidence_advancement/artifacts/materialized_replay_pairs/1b6be2ff82944c93.source.blif,virtual_binary_cut,"xor(x1,y0)","[""x1"", ""y0""]","[""r0"", ""x0"", ""x1""]",3,9e90f97db2cf97c1,3f87f62136bb932d,519942ec52593eec,same,npn_519942ec52593eec,6,source_graph_or_pi_replayable,evidence_advancement_v1
4540791a679b37cc,1b6be2ff82944c93,results/evidence_advancement/artifacts/materialized_replay_pairs/1b6be2ff82944c93.source.blif,virtual_binary_cut,"and(x1,not(y0))","[""x1"", ""y0""]","[""r0"", ""x0"", ""x1""]",3,f349b8103440f38f,281fdcdaa6ddf1e3,ef73cac577bcd031,same,npn_c367d71c2eac76ee,6,source_graph_or_pi_replayable,evidence_advancement_v1
58bef7383059fd14,1b6be2ff82944c93,results/evidence_advancement/artifacts/materialized_replay_pairs/1b6be2ff82944c93.source.blif,virtual_binary_cut,"or(x1,not(y0))","[""x1"", ""y0""]","[""r0"", ""x0"", ""x1""]",3,e5e9f7323f023fb7,afe6407a40ccdeab,18025d3f5a1dde11,inverted,npn_24165068bb0dbfca,6,source_graph_or_pi_replayable,evidence_advancement_v1
091b30170b63af45,1b6be2ff82944c93,results/evidence_advancement/artifacts/materialized_replay_pairs/1b6be2ff82944c93.source.blif,virtual_binary_cut,"xor(x1,pcva_591895c4925b236c)","[""x1"", ""pcva_591895c4925b236c""]","[""x0"", ""x1""]",2,df18d62faaa74b27,b6cfcfc147cbac64,f14e1817ec32b1b5,same,npn_6471b342ae3c3106,6,source_graph_or_pi_replayable,evidence_advancement_v1
f3262c5198ccadac,1b6be2ff82944c93,results/evidence_advancement/artifacts/materialized_replay_pairs/1b6be2ff82944c93.source.blif,virtual_binary_cut,"and(r0,m0)","[""r0"", ""m0""]","[""r0"", ""x0"", ""x1""]",3,c367d71c2eac76ee,cad912d562146843,9875d06f074d4934,same,npn_c367d71c2eac76ee,6,source_graph_or_pi_replayable,evidence_advancement_v1
aa25fcd0daf4f0da,1b6be2ff82944c93,results/evidence_advancement/artifacts/materialized_replay_pairs/1b6be2ff82944c93.source.blif,virtual_binary_cut,"or(r0,m0)","[""r0"", ""m0""]","[""r0"", ""x0"", ""x1""]",3,b9cbd9a487f80552,d8f1a1158f9df939,45ee4c05f4aac508,same,npn_c367d71c2eac76ee,6,source_graph_or_pi_replayable,evidence_advancement_v1
6c68cfc478c9cbcb,1b6be2ff82944c93,results/evidence_advancement/artifacts/materialized_replay_pairs/1b6be2ff82944c93.source.blif,virtual_binary_cut,"xor(r0,m0)","[""r0"", ""m0""]","[""r0"", ""x0"", ""x1""]",3,c2a6fb6a86cca609,275241aeb7262117,c2a6fb6a86cca609,same,npn_c2a6fb6a86cca609,6,source_graph_or_pi_replayable,evidence_advancement_v1
6cdffc186d4aefc0,1b6be2ff82944c93,results/evidence_advancement/artifacts/materialized_replay_pairs/1b6be2ff82944c93.source.blif,virtual_binary_cut,"and(r0,not(m0))","[""r0"", ""m0""]","[""r0"", ""x0"", ""x1""]",3,ef73cac577bcd031,1cddf125e7c6c591,cafeff6df6d83c72,same,npn_c367d71c2eac76ee,6,source_graph_or_pi_replayable,evidence_advancement_v1
70a07cc55eda21bd,1b6be2ff82944c93,results/evidence_advancement/artifacts/materialized_replay_pairs/1b6be2ff82944c93.source.blif,virtual_binary_cut,"or(r0,not(m0))","[""r0"", ""m0""]","[""r0"", ""x0"", ""x1""]",3,df9216350cc7abbf,7f94ec8202b0598d,fec5a0854918cc1b,inverted,npn_c367d71c2eac76ee,6,source_graph_or_pi_replayable,evidence_advancement_v1
b44d607fbcb9412f,1b6be2ff82944c93,results/evidence_advancement/artifacts/materialized_replay_pairs/1b6be2ff82944c93.source.blif,virtual_binary_cut,"or(r0,y0)","[""r0"", ""y0""]","[""r0"", ""x0"", ""x1""]",3,2b785f5c6a14009e,d4f1067dfed9dc13,2d3d88fc9460d408,same,npn_358a268fde92333a,6,source_graph_or_pi_replayable,evidence_advancement_v1
813a7c9446d15776,1b6be2ff82944c93,results/evidence_advancement/artifacts/materialized_replay_pairs/1b6be2ff82944c93.source.blif,virtual_binary_cut,"xor(r0,y0)","[""r0"", ""y0""]","[""r0"", ""x0"", ""x1""]",3,519942ec52593eec,41c4b287ff7bd954,9f236f1deb165b77,same,npn_519942ec52593eec,6,source_graph_or_pi_replayable,evidence_advancement_v1
417eafb681574431,1b6be2ff82944c93,results/evidence_advancement/artifacts/materialized_replay_pairs/1b6be2ff82944c93.source.blif,virtual_binary_cut,"or(r0,not(y0))","[""r0"", ""y0""]","[""r0"", ""x0"", ""x1""]",3,e8998d9ce7a853e5,18025d3f5a1dde11,9ebc1ab9a061b3d1,inverted,npn_24165068bb0dbfca,6,source_graph_or_pi_replayable,evidence_advancement_v1
7af6179f4294cbc6,1b6be2ff82944c93,results/evidence_advancement/artifacts/materialized_replay_pairs/1b6be2ff82944c93.source.blif,virtual_binary_cut,"or(m0,y0)","[""m0"", ""y0""]","[""r0"", ""x0"", ""x1""]",3,4ad4886cc1aefa8e,7e04deb9e796eeba,6c2746cbb9885241,same,npn_519942ec52593eec,6,source_graph_or_pi_replayable,evidence_advancement_v1
9cea852ac451176b,1b6be2ff82944c93,results/evidence_advancement/artifacts/materialized_replay_pairs/1b6be2ff82944c93.source.blif,virtual_binary_cut,"xor(m0,y0)","[""m0"", ""y0""]","[""r0"", ""x0"", ""x1""]",3,e47419b31d104a12,3da639c5deee83dd,b26e7e25fcb42c21,same,npn_358a268fde92333a,6,source_graph_or_pi_replayable,evidence_advancement_v1
2ad851259a670a43,1b6be2ff82944c93,results/evidence_advancement/artifacts/materialized_replay_pairs/1b6be2ff82944c93.source.blif,virtual_binary_cut,"and(m0,pcva_591895c4925b236c)","[""m0"", ""pcva_591895c4925b236c""]","[""r0"", ""x0"", ""x1""]",3,8d1560b225f7c697,d31cf6dbef25069a,9fd48a0d0d9d8a1b,same,npn_9fd48a0d0d9d8a1b,6,source_graph_or_pi_replayable,evidence_advancement_v1
cc7fc4a4a18c918d,1b6be2ff82944c93,results/evidence_advancement/artifacts/materialized_replay_pairs/1b6be2ff82944c93.source.blif,virtual_binary_cut,"xor(m0,pcva_591895c4925b236c)","[""m0"", ""pcva_591895c4925b236c""]","[""r0"", ""x0"", ""x1""]",3,c14bc7d02c76f1ae,fc67e5cbb4b98b43,c14bc7d02c76f1ae,same,npn_c14bc7d02c76f1ae,6,source_graph_or_pi_replayable,evidence_advancement_v1
2e380aa8e2cde6de,1b74b01a6db96c64,results/evidence_advancement/artifacts/materialized_replay_pairs/1b74b01a6db96c64.source.blif,pi_literal,x0,"[""x0""]","[""x0""]",1,df18d62faaa74b27,b6cfcfc147cbac64,923682bea6d517dc,same,npn_923682bea6d517dc,6,source_graph_or_pi_replayable,evidence_advancement_v1
bfaf8b3237c11dce,1b74b01a6db96c64,results/evidence_advancement/artifacts/materialized_replay_pairs/1b74b01a6db96c64.source.blif,pi_literal,x1,"[""x1""]","[""x1""]",1,881bc460ec339572,7836cdae43787598,923682bea6d517dc,same,npn_923682bea6d517dc,6,source_graph_or_pi_replayable,evidence_advancement_v1
8fdde98ca5422810,1b74b01a6db96c64,results/evidence_advancement/artifacts/materialized_replay_pairs/1b74b01a6db96c64.source.blif,pi_literal,r0,"[""r0""]","[""r0""]",1,f919733d549a9e33,71feeed0446218e8,923682bea6d517dc,same,npn_923682bea6d517dc,6,source_graph_or_pi_replayable,evidence_advancement_v1
e246a1ed40c982a2,1b74b01a6db96c64,results/evidence_advancement/artifacts/materialized_replay_pairs/1b74b01a6db96c64.source.blif,source_node,m0,"[""m0""]","[""r0"", ""x0"", ""x1""]",3,eba8a44748a5f09c,7717b29c04225dc0,369b91d179abba64,same,npn_369b91d179abba64,6,source_graph_or_pi_replayable,evidence_advancement_v1
3269424403266634,1b74b01a6db96c64,results/evidence_advancement/artifacts/materialized_replay_pairs/1b74b01a6db96c64.source.blif,source_node,y0,"[""y0""]","[""r0"", ""x0"", ""x1""]",3,2e96a02abe3f2e05,a8f244d01461e4e3,60196d9c90521e9d,same,npn_2e96a02abe3f2e05,6,source_graph_or_pi_replayable,evidence_advancement_v1
cca07d0d541e4790,1b74b01a6db96c64,results/evidence_advancement/artifacts/materialized_replay_pairs/1b74b01a6db96c64.source.blif,source_node,pcva_236223c12059e0be,"[""pcva_236223c12059e0be""]","[""x0"", ""x1""]",2,eba8a44748a5f09c,7717b29c04225dc0,94de9e90e231b35b,same,npn_94de9e90e231b35b,6,source_graph_or_pi_replayable,evidence_advancement_v1
ffde4861df90ba96,1b74b01a6db96c64,results/evidence_advancement/artifacts/materialized_replay_pairs/1b74b01a6db96c64.source.blif,virtual_binary_cut,"and(x0,x1)","[""x0"", ""x1""]","[""x0"", ""x1""]",2,eba8a44748a5f09c,7717b29c04225dc0,94de9e90e231b35b,same,npn_94de9e90e231b35b,6,source_graph_or_pi_replayable,evidence_advancement_v1
d18676ab158b3688,1b74b01a6db96c64,results/evidence_advancement/artifacts/materialized_replay_pairs/1b74b01a6db96c64.source.blif,virtual_binary_cut,"or(x0,x1)","[""x0"", ""x1""]","[""x0"", ""x1""]",2,42a59debdb0bcad2,9f0c982b4c047d25,c580333a48d30dad,same,npn_94de9e90e231b35b,6,source_graph_or_pi_replayable,evidence_advancement_v1
7b5e903b39afb1a0,1b74b01a6db96c64,results/evidence_advancement/artifacts/materialized_replay_pairs/1b74b01a6db96c64.source.blif,virtual_binary_cut,"xor(x0,x1)","[""x0"", ""x1""]","[""x0"", ""x1""]",2,8d1560b225f7c697,d31cf6dbef25069a,b5d1f15c17250b42,same,npn_b5d1f15c17250b42,6,source_graph_or_pi_replayable,evidence_advancement_v1
e0fde6db872ee938,1b74b01a6db96c64,results/evidence_advancement/artifacts/materialized_replay_pairs/1b74b01a6db96c64.source.blif,virtual_binary_cut,"and(x0,not(x1))","[""x0"", ""x1""]","[""x0"", ""x1""]",2,64b0009f6392972f,4618e905c40e8769,90f21496b5c851e8,same,npn_94de9e90e231b35b,6,source_graph_or_pi_replayable,evidence_advancement_v1
425e1dd6d470d062,1b74b01a6db96c64,results/evidence_advancement/artifacts/materialized_replay_pairs/1b74b01a6db96c64.source.blif,virtual_binary_cut,"or(x0,not(x1))","[""x0"", ""x1""]","[""x0"", ""x1""]",2,8560d332f7318334,8f0bc04977f88197,2c24932e8e4ebc2f,inverted,npn_94de9e90e231b35b,6,source_graph_or_pi_replayable,evidence_advancement_v1
6e3f69fba1a0eadf,1b74b01a6db96c64,results/evidence_advancement/artifacts/materialized_replay_pairs/1b74b01a6db96c64.source.blif,virtual_binary_cut,"and(x0,r0)","[""x0"", ""r0""]","[""r0"", ""x0""]",2,1228de099013e868,33fc91d1cc2c3255,94de9e90e231b35b,same,npn_94de9e90e231b35b,6,source_graph_or_pi_replayable,evidence_advancement_v1
d3da018bb437c89c,1b74b01a6db96c64,results/evidence_advancement/artifacts/materialized_replay_pairs/1b74b01a6db96c64.source.blif,virtual_binary_cut,"or(x0,r0)","[""x0"", ""r0""]","[""r0"", ""x0""]",2,1d207ade69b2a3eb,df856b66777ea758,c580333a48d30dad,same,npn_94de9e90e231b35b,6,source_graph_or_pi_replayable,evidence_advancement_v1
b1698414a955e9ce,1b74b01a6db96c64,results/evidence_advancement/artifacts/materialized_replay_pairs/1b74b01a6db96c64.source.blif,virtual_binary_cut,"xor(x0,r0)","[""x0"", ""r0""]","[""r0"", ""x0""]",2,d7a46d3b3e9464c2,26f3581e5bafe7c7,b5d1f15c17250b42,same,npn_b5d1f15c17250b42,6,source_graph_or_pi_replayable,evidence_advancement_v1
24316fa0ee8b4a36,1b74b01a6db96c64,results/evidence_advancement/artifacts/materialized_replay_pairs/1b74b01a6db96c64.source.blif,virtual_binary_cut,"and(x0,not(r0))","[""x0"", ""r0""]","[""r0"", ""x0""]",2,85473471e2f83e46,7767985351eded02,2c24932e8e4ebc2f,same,npn_94de9e90e231b35b,6,source_graph_or_pi_replayable,evidence_advancement_v1
ef06640a9d30d52d,1b74b01a6db96c64,results/evidence_advancement/artifacts/materialized_replay_pairs/1b74b01a6db96c64.source.blif,virtual_binary_cut,"or(x0,not(r0))","[""x0"", ""r0""]","[""r0"", ""x0""]",2,8251c47787737cc6,61ef94dfe370555e,90f21496b5c851e8,inverted,npn_94de9e90e231b35b,6,source_graph_or_pi_replayable,evidence_advancement_v1
87392e98cabeebf0,1b74b01a6db96c64,results/evidence_advancement/artifacts/materialized_replay_pairs/1b74b01a6db96c64.source.blif,virtual_binary_cut,"and(x0,m0)","[""x0"", ""m0""]","[""r0"", ""x0"", ""x1""]",3,eba8a44748a5f09c,7717b29c04225dc0,369b91d179abba64,same,npn_369b91d179abba64,6,source_graph_or_pi_replayable,evidence_advancement_v1
38fc62d917cc22e0,1b74b01a6db96c64,results/evidence_advancement/artifacts/materialized_replay_pairs/1b74b01a6db96c64.source.blif,virtual_binary_cut,"or(x0,m0)","[""x0"", ""m0""]","[""r0"", ""x0"", ""x1""]",3,df18d62faaa74b27,b6cfcfc147cbac64,881bc460ec339572,same,npn_f919733d549a9e33,6,source_graph_or_pi_replayable,evidence_advancement_v1
aee761b880ae34bc,1b74b01a6db96c64,results/evidence_advancement/artifacts/materialized_replay_pairs/1b74b01a6db96c64.source.blif,virtual_binary_cut,"xor(x0,m0)","[""x0"", ""m0""]","[""r0"", ""x0"", ""x1""]",3,64b0009f6392972f,4618e905c40e8769,1cd47cea02efadc5,same,npn_369b91d179abba64,6,source_graph_or_pi_replayable,evidence_advancement_v1
b90975ac9a17756b,1b74b01a6db96c64,results/evidence_advancement/artifacts/materialized_replay_pairs/1b74b01a6db96c64.source.blif,virtual_binary_cut,"or(x0,not(m0))","[""x0"", ""m0""]","[""r0"", ""x0"", ""x1""]",3,fc67e5cbb4b98b43,c14bc7d02c76f1ae,c14bc7d02c76f1ae,inverted,npn_c14bc7d02c76f1ae,6,source_graph_or_pi_replayable,evidence_advancement_v1
32a9cdc7e78024da,1b74b01a6db96c64,results/evidence_advancement/artifacts/materialized_replay_pairs/1b74b01a6db96c64.source.blif,virtual_binary_cut,"and(x0,y0)","[""x0"", ""y0""]","[""r0"", ""x0"", ""x1""]",3,9875d06f074d4934,709b7cd024183d71,e502e9191e6ed303,same,npn_c367d71c2eac76ee,6,source_graph_or_pi_replayable,evidence_advancement_v1
575ad20f4a9f8888,1b74b01a6db96c64,results/evidence_advancement/artifacts/materialized_replay_pairs/1b74b01a6db96c64.source.blif,virtual_binary_cut,"or(x0,y0)","[""x0"", ""y0""]","[""r0"", ""x0"", ""x1""]",3,1d207ade69b2a3eb,df856b66777ea758,42a59debdb0bcad2,same,npn_369b91d179abba64,6,source_graph_or_pi_replayable,evidence_advancement_v1
58506564529c80e9,1b74b01a6db96c64,results/evidence_advancement/artifacts/materialized_replay_pairs/1b74b01a6db96c64.source.blif,virtual_binary_cut,"xor(x0,y0)","[""x0"", ""y0""]","[""r0"", ""x0"", ""x1""]",3,194fa8893fa382cf,16e8cc99320bb4ce,62ad13d001efd14a,same,npn_2e96a02abe3f2e05,6,source_graph_or_pi_replayable,evidence_advancement_v1
3352d2c16c615fbd,1b74b01a6db96c64,results/evidence_advancement/artifacts/materialized_replay_pairs/1b74b01a6db96c64.source.blif,virtual_binary_cut,"and(x0,not(y0))","[""x0"", ""y0""]","[""r0"", ""x0"", ""x1""]",3,cafeff6df6d83c72,40434ab81bb65403,f349b8103440f38f,same,npn_c367d71c2eac76ee,6,source_graph_or_pi_replayable,evidence_advancement_v1
ea2e77a9526edf8f,1b74b01a6db96c64,results/evidence_advancement/artifacts/materialized_replay_pairs/1b74b01a6db96c64.source.blif,virtual_binary_cut,"or(x0,not(y0))","[""x0"", ""y0""]","[""r0"", ""x0"", ""x1""]",3,8251c47787737cc6,61ef94dfe370555e,64b0009f6392972f,inverted,npn_369b91d179abba64,6,source_graph_or_pi_replayable,evidence_advancement_v1
f0748e55b85f0f5e,1b74b01a6db96c64,results/evidence_advancement/artifacts/materialized_replay_pairs/1b74b01a6db96c64.source.blif,virtual_binary_cut,"or(x0,pcva_236223c12059e0be)","[""x0"", ""pcva_236223c12059e0be""]","[""x0"", ""x1""]",2,df18d62faaa74b27,b6cfcfc147cbac64,f14e1817ec32b1b5,same,npn_6471b342ae3c3106,6,source_graph_or_pi_replayable,evidence_advancement_v1
ec09c566a8168d69,1b74b01a6db96c64,results/evidence_advancement/artifacts/materialized_replay_pairs/1b74b01a6db96c64.source.blif,virtual_binary_cut,"or(x0,not(pcva_236223c12059e0be))","[""x0"", ""pcva_236223c12059e0be""]","[""x0"", ""x1""]",2,fc67e5cbb4b98b43,c14bc7d02c76f1ae,a90d007c2fc57df6,inverted,npn_a90d007c2fc57df6,6,source_graph_or_pi_replayable,evidence_advancement_v1
2dd5233649685adc,1b74b01a6db96c64,results/evidence_advancement/artifacts/materialized_replay_pairs/1b74b01a6db96c64.source.blif,virtual_binary_cut,"and(x1,r0)","[""x1"", ""r0""]","[""r0"", ""x1""]",2,369b91d179abba64,81db286b120ccd3b,94de9e90e231b35b,same,npn_94de9e90e231b35b,6,source_graph_or_pi_replayable,evidence_advancement_v1
aba0bb0176580ebd,1b74b01a6db96c64,results/evidence_advancement/artifacts/materialized_replay_pairs/1b74b01a6db96c64.source.blif,virtual_binary_cut,"or(x1,r0)","[""x1"", ""r0""]","[""r0"", ""x1""]",2,6998c2b0380ed5fd,df970782afed63be,c580333a48d30dad,same,npn_94de9e90e231b35b,6,source_graph_or_pi_replayable,evidence_advancement_v1
facdce0c7f4b77ca,1b74b01a6db96c64,results/evidence_advancement/artifacts/materialized_replay_pairs/1b74b01a6db96c64.source.blif,virtual_binary_cut,"xor(x1,r0)","[""x1"", ""r0""]","[""r0"", ""x1""]",2,9fd48a0d0d9d8a1b,89e85f36ec391ace,b5d1f15c17250b42,same,npn_b5d1f15c17250b42,6,source_graph_or_pi_replayable,evidence_advancement_v1
d14c88759fcb2a0d,1b74b01a6db96c64,results/evidence_advancement/artifacts/materialized_replay_pairs/1b74b01a6db96c64.source.blif,virtual_binary_cut,"and(x1,not(r0))","[""x1"", ""r0""]","[""r0"", ""x1""]",2,1cd47cea02efadc5,b3dbc758ed4cf7c1,2c24932e8e4ebc2f,same,npn_94de9e90e231b35b,6,source_graph_or_pi_replayable,evidence_advancement_v1
fbdc30a3597cef4d,1b74b01a6db96c64,results/evidence_advancement/artifacts/materialized_replay_pairs/1b74b01a6db96c64.source.blif,virtual_binary_cut,"or(x1,not(r0))","[""x1"", ""r0""]","[""r0"", ""x1""]",2,3dd858e6fc78578a,40a3a71b42727dac,90f21496b5c851e8,inverted,npn_94de9e90e231b35b,6,source_graph_or_pi_replayable,evidence_advancement_v1
3f908a6fd99bc007,1b74b01a6db96c64,results/evidence_advancement/artifacts/materialized_replay_pairs/1b74b01a6db96c64.source.blif,virtual_binary_cut,"or(x1,m0)","[""x1"", ""m0""]","[""r0"", ""x0"", ""x1""]",3,881bc460ec339572,7836cdae43787598,f919733d549a9e33,same,npn_f919733d549a9e33,6,source_graph_or_pi_replayable,evidence_advancement_v1
6734931c0b591ce6,1b74b01a6db96c64,results/evidence_advancement/artifacts/materialized_replay_pairs/1b74b01a6db96c64.source.blif,virtual_binary_cut,"xor(x1,m0)","[""x1"", ""m0""]","[""r0"", ""x0"", ""x1""]",3,8f0bc04977f88197,8560d332f7318334,40a3a71b42727dac,same,npn_369b91d179abba64,6,source_graph_or_pi_replayable,evidence_advancement_v1
c5827b00266721c3,1b74b01a6db96c64,results/evidence_advancement/artifacts/materialized_replay_pairs/1b74b01a6db96c64.source.blif,virtual_binary_cut,"and(x1,y0)","[""x1"", ""y0""]","[""r0"", ""x0"", ""x1""]",3,e502e9191e6ed303,9ba33c777b6dd915,c367d71c2eac76ee,same,npn_c367d71c2eac76ee,6,source_graph_or_pi_replayable,evidence_advancement_v1
fd39b369e486e394,1b74b01a6db96c64,results/evidence_advancement/artifacts/materialized_replay_pairs/1b74b01a6db96c64.source.blif,virtual_binary_cut,"or(x1,y0)","[""x1"", ""y0""]","[""r0"", ""x0"", ""x1""]",3,6998c2b0380ed5fd,df970782afed63be,1d207ade69b2a3eb,same,npn_369b91d179abba64,6,source_graph_or_pi_replayable,evidence_advancement_v1
60f8a2e68a561c2e,1b74b01a6db96c64,results/evidence_advancement/artifacts/materialized_replay_pairs/1b74b01a6db96c64.source.blif,virtual_binary_cut,"xor(x1,y0)","[""x1"", ""y0""]","[""r0"", ""x0"", ""x1""]",3,8192b9512335fe5c,07afcd83da45eba0,6a87a8ec53e5d016,same,npn_2e96a02abe3f2e05,6,source_graph_or_pi_replayable,evidence_advancement_v1
1e6cf08d2de4e323,1b74b01a6db96c64,results/evidence_advancement/artifacts/materialized_replay_pairs/1b74b01a6db96c64.source.blif,virtual_binary_cut,"and(x1,not(y0))","[""x1"", ""y0""]","[""r0"", ""x0"", ""x1""]",3,f349b8103440f38f,281fdcdaa6ddf1e3,ef73cac577bcd031,same,npn_c367d71c2eac76ee,6,source_graph_or_pi_replayable,evidence_advancement_v1
b4e060a370519558,1b74b01a6db96c64,results/evidence_advancement/artifacts/materialized_replay_pairs/1b74b01a6db96c64.source.blif,virtual_binary_cut,"or(x1,not(y0))","[""x1"", ""y0""]","[""r0"", ""x0"", ""x1""]",3,3dd858e6fc78578a,40a3a71b42727dac,85473471e2f83e46,inverted,npn_369b91d179abba64,6,source_graph_or_pi_replayable,evidence_advancement_v1
a2653f6b048562ef,1b74b01a6db96c64,results/evidence_advancement/artifacts/materialized_replay_pairs/1b74b01a6db96c64.source.blif,virtual_binary_cut,"or(x1,pcva_236223c12059e0be)","[""x1"", ""pcva_236223c12059e0be""]","[""x0"", ""x1""]",2,881bc460ec339572,7836cdae43787598,6471b342ae3c3106,same,npn_6471b342ae3c3106,6,source_graph_or_pi_replayable,evidence_advancement_v1
cec914b7f0b6f557,1b74b01a6db96c64,results/evidence_advancement/artifacts/materialized_replay_pairs/1b74b01a6db96c64.source.blif,virtual_binary_cut,"and(r0,m0)","[""r0"", ""m0""]","[""r0"", ""x0"", ""x1""]",3,24165068bb0dbfca,7706d5f66a567332,24165068bb0dbfca,same,npn_24165068bb0dbfca,6,source_graph_or_pi_replayable,evidence_advancement_v1
9e203fc2e7a52518,1b74b01a6db96c64,results/evidence_advancement/artifacts/materialized_replay_pairs/1b74b01a6db96c64.source.blif,virtual_binary_cut,"or(r0,m0)","[""r0"", ""m0""]","[""r0"", ""x0"", ""x1""]",3,2b785f5c6a14009e,d4f1067dfed9dc13,2d3d88fc9460d408,same,npn_358a268fde92333a,6,source_graph_or_pi_replayable,evidence_advancement_v1
a2acbca6cbf2055a,1b74b01a6db96c64,results/evidence_advancement/artifacts/materialized_replay_pairs/1b74b01a6db96c64.source.blif,virtual_binary_cut,"xor(r0,m0)","[""r0"", ""m0""]","[""r0"", ""x0"", ""x1""]",3,2e96a02abe3f2e05,a8f244d01461e4e3,60196d9c90521e9d,same,npn_2e96a02abe3f2e05,6,source_graph_or_pi_replayable,evidence_advancement_v1
77629a20a5522b51,1b74b01a6db96c64,results/evidence_advancement/artifacts/materialized_replay_pairs/1b74b01a6db96c64.source.blif,virtual_binary_cut,"and(r0,not(m0))","[""r0"", ""m0""]","[""r0"", ""x0"", ""x1""]",3,ea466967d1b9574d,b5fe5c54be4d1ca1,86541bc0ebd49ad1,same,npn_358a268fde92333a,6,source_graph_or_pi_replayable,evidence_advancement_v1
b6686b3b0015f8e5,1b74b01a6db96c64,results/evidence_advancement/artifacts/materialized_replay_pairs/1b74b01a6db96c64.source.blif,virtual_binary_cut,"or(r0,not(m0))","[""r0"", ""m0""]","[""r0"", ""x0"", ""x1""]",3,e8998d9ce7a853e5,18025d3f5a1dde11,9ebc1ab9a061b3d1,inverted,npn_24165068bb0dbfca,6,source_graph_or_pi_replayable,evidence_advancement_v1
b962c11b7dcb660b,1b74b01a6db96c64,results/evidence_advancement/artifacts/materialized_replay_pairs/1b74b01a6db96c64.source.blif,virtual_binary_cut,"xor(m0,y0)","[""m0"", ""y0""]","[""r0"", ""x0"", ""x1""]",3,f919733d549a9e33,71feeed0446218e8,df18d62faaa74b27,same,npn_f919733d549a9e33,6,source_graph_or_pi_replayable,evidence_advancement_v1
1a94bf9f1d3408de,1b7c6719fdcd2a0b,results/evidence_advancement/artifacts/materialized_replay_pairs/1b7c6719fdcd2a0b.source.blif,pi_literal,x0,"[""x0""]","[""x0""]",1,df18d62faaa74b27,b6cfcfc147cbac64,923682bea6d517dc,same,npn_923682bea6d517dc,6,source_graph_or_pi_replayable,evidence_advancement_v1
a4940af1dbb79786,1b7c6719fdcd2a0b,results/evidence_advancement/artifacts/materialized_replay_pairs/1b7c6719fdcd2a0b.source.blif,pi_literal,x1,"[""x1""]","[""x1""]",1,881bc460ec339572,7836cdae43787598,923682bea6d517dc,same,npn_923682bea6d517dc,6,source_graph_or_pi_replayable,evidence_advancement_v1
bf39a4547575fa6b,1b7c6719fdcd2a0b,results/evidence_advancement/artifacts/materialized_replay_pairs/1b7c6719fdcd2a0b.source.blif,pi_literal,r0,"[""r0""]","[""r0""]",1,f919733d549a9e33,71feeed0446218e8,923682bea6d517dc,same,npn_923682bea6d517dc,6,source_graph_or_pi_replayable,evidence_advancement_v1
50d1f4ac163c97d6,1b7c6719fdcd2a0b,results/evidence_advancement/artifacts/materialized_replay_pairs/1b7c6719fdcd2a0b.source.blif,source_node,m0,"[""m0""]","[""r0"", ""x0"", ""x1""]",3,8d1560b225f7c697,d31cf6dbef25069a,9fd48a0d0d9d8a1b,same,npn_9fd48a0d0d9d8a1b,6,source_graph_or_pi_replayable,evidence_advancement_v1
dc76f1de705dbcaf,1b7c6719fdcd2a0b,results/evidence_advancement/artifacts/materialized_replay_pairs/1b7c6719fdcd2a0b.source.blif,source_node,y0,"[""y0""]","[""r0"", ""x0"", ""x1""]",3,c2a6fb6a86cca609,275241aeb7262117,c2a6fb6a86cca609,same,npn_c2a6fb6a86cca609,6,source_graph_or_pi_replayable,evidence_advancement_v1
bc185b098e1efc88,1b7c6719fdcd2a0b,results/evidence_advancement/artifacts/materialized_replay_pairs/1b7c6719fdcd2a0b.source.blif,source_node,pcva_acf0a5d96074d14b,"[""pcva_acf0a5d96074d14b""]","[""x0"", ""x1""]",2,8d1560b225f7c697,d31cf6dbef25069a,b5d1f15c17250b42,same,npn_b5d1f15c17250b42,6,source_graph_or_pi_replayable,evidence_advancement_v1
e76e0d878e3eee2a,1b7c6719fdcd2a0b,results/evidence_advancement/artifacts/materialized_replay_pairs/1b7c6719fdcd2a0b.source.blif,virtual_binary_cut,"and(x0,x1)","[""x0"", ""x1""]","[""x0"", ""x1""]",2,eba8a44748a5f09c,7717b29c04225dc0,94de9e90e231b35b,same,npn_94de9e90e231b35b,6,source_graph_or_pi_replayable,evidence_advancement_v1
8e2890dbbb436c3c,1b7c6719fdcd2a0b,results/evidence_advancement/artifacts/materialized_replay_pairs/1b7c6719fdcd2a0b.source.blif,virtual_binary_cut,"or(x0,x1)","[""x0"", ""x1""]","[""x0"", ""x1""]",2,42a59debdb0bcad2,9f0c982b4c047d25,c580333a48d30dad,same,npn_94de9e90e231b35b,6,source_graph_or_pi_replayable,evidence_advancement_v1
f497a1d312bc2d54,1b7c6719fdcd2a0b,results/evidence_advancement/artifacts/materialized_replay_pairs/1b7c6719fdcd2a0b.source.blif,virtual_binary_cut,"xor(x0,x1)","[""x0"", ""x1""]","[""x0"", ""x1""]",2,8d1560b225f7c697,d31cf6dbef25069a,b5d1f15c17250b42,same,npn_b5d1f15c17250b42,6,source_graph_or_pi_replayable,evidence_advancement_v1
1f9f8949baaa4fe5,1b7c6719fdcd2a0b,results/evidence_advancement/artifacts/materialized_replay_pairs/1b7c6719fdcd2a0b.source.blif,virtual_binary_cut,"and(x0,not(x1))","[""x0"", ""x1""]","[""x0"", ""x1""]",2,64b0009f6392972f,4618e905c40e8769,90f21496b5c851e8,same,npn_94de9e90e231b35b,6,source_graph_or_pi_replayable,evidence_advancement_v1
5155d9f2b7755ef5,1b7c6719fdcd2a0b,results/evidence_advancement/artifacts/materialized_replay_pairs/1b7c6719fdcd2a0b.source.blif,virtual_binary_cut,"or(x0,not(x1))","[""x0"", ""x1""]","[""x0"", ""x1""]",2,8560d332f7318334,8f0bc04977f88197,2c24932e8e4ebc2f,inverted,npn_94de9e90e231b35b,6,source_graph_or_pi_replayable,evidence_advancement_v1
eaab32c784689407,1b7c6719fdcd2a0b,results/evidence_advancement/artifacts/materialized_replay_pairs/1b7c6719fdcd2a0b.source.blif,virtual_binary_cut,"and(x0,r0)","[""x0"", ""r0""]","[""r0"", ""x0""]",2,1228de099013e868,33fc91d1cc2c3255,94de9e90e231b35b,same,npn_94de9e90e231b35b,6,source_graph_or_pi_replayable,evidence_advancement_v1
c079019eb1ca6485,1b7c6719fdcd2a0b,results/evidence_advancement/artifacts/materialized_replay_pairs/1b7c6719fdcd2a0b.source.blif,virtual_binary_cut,"or(x0,r0)","[""x0"", ""r0""]","[""r0"", ""x0""]",2,1d207ade69b2a3eb,df856b66777ea758,c580333a48d30dad,same,npn_94de9e90e231b35b,6,source_graph_or_pi_replayable,evidence_advancement_v1
f358fc18e312c087,1b7c6719fdcd2a0b,results/evidence_advancement/artifacts/materialized_replay_pairs/1b7c6719fdcd2a0b.source.blif,virtual_binary_cut,"xor(x0,r0)","[""x0"", ""r0""]","[""r0"", ""x0""]",2,d7a46d3b3e9464c2,26f3581e5bafe7c7,b5d1f15c17250b42,same,npn_b5d1f15c17250b42,6,source_graph_or_pi_replayable,evidence_advancement_v1
0c5ba70cc0ff79b6,1b7c6719fdcd2a0b,results/evidence_advancement/artifacts/materialized_replay_pairs/1b7c6719fdcd2a0b.source.blif,virtual_binary_cut,"and(x0,not(r0))","[""x0"", ""r0""]","[""r0"", ""x0""]",2,85473471e2f83e46,7767985351eded02,2c24932e8e4ebc2f,same,npn_94de9e90e231b35b,6,source_graph_or_pi_replayable,evidence_advancement_v1
c014fb56761741a0,1b7c6719fdcd2a0b,results/evidence_advancement/artifacts/materialized_replay_pairs/1b7c6719fdcd2a0b.source.blif,virtual_binary_cut,"or(x0,not(r0))","[""x0"", ""r0""]","[""r0"", ""x0""]",2,8251c47787737cc6,61ef94dfe370555e,90f21496b5c851e8,inverted,npn_94de9e90e231b35b,6,source_graph_or_pi_replayable,evidence_advancement_v1
0e0b33aec2e8bc1e,1b7c6719fdcd2a0b,results/evidence_advancement/artifacts/materialized_replay_pairs/1b7c6719fdcd2a0b.source.blif,virtual_binary_cut,"and(x0,m0)","[""x0"", ""m0""]","[""r0"", ""x0"", ""x1""]",3,64b0009f6392972f,4618e905c40e8769,1cd47cea02efadc5,same,npn_369b91d179abba64,6,source_graph_or_pi_replayable,evidence_advancement_v1
a0b609ed09fed8b0,1b7c6719fdcd2a0b,results/evidence_advancement/artifacts/materialized_replay_pairs/1b7c6719fdcd2a0b.source.blif,virtual_binary_cut,"or(x0,m0)","[""x0"", ""m0""]","[""r0"", ""x0"", ""x1""]",3,42a59debdb0bcad2,9f0c982b4c047d25,6998c2b0380ed5fd,same,npn_369b91d179abba64,6,source_graph_or_pi_replayable,evidence_advancement_v1
a03fcf76f41b009c,1b7c6719fdcd2a0b,results/evidence_advancement/artifacts/materialized_replay_pairs/1b7c6719fdcd2a0b.source.blif,virtual_binary_cut,"xor(x0,m0)","[""x0"", ""m0""]","[""r0"", ""x0"", ""x1""]",3,881bc460ec339572,7836cdae43787598,f919733d549a9e33,same,npn_f919733d549a9e33,6,source_graph_or_pi_replayable,evidence_advancement_v1
4b4594b7d622d62c,1b7c6719fdcd2a0b,results/evidence_advancement/artifacts/materialized_replay_pairs/1b7c6719fdcd2a0b.source.blif,virtual_binary_cut,"and(x0,not(m0))","[""x0"", ""m0""]","[""r0"", ""x0"", ""x1""]",3,eba8a44748a5f09c,7717b29c04225dc0,369b91d179abba64,same,npn_369b91d179abba64,6,source_graph_or_pi_replayable,evidence_advancement_v1
62008b11399b2b16,1b7c6719fdcd2a0b,results/evidence_advancement/artifacts/materialized_replay_pairs/1b7c6719fdcd2a0b.source.blif,virtual_binary_cut,"or(x0,not(m0))","[""x0"", ""m0""]","[""r0"", ""x0"", ""x1""]",3,8560d332f7318334,8f0bc04977f88197,40a3a71b42727dac,inverted,npn_369b91d179abba64,6,source_graph_or_pi_replayable,evidence_advancement_v1
3f9f9693b353d7a5,1b7c6719fdcd2a0b,results/evidence_advancement/artifacts/materialized_replay_pairs/1b7c6719fdcd2a0b.source.blif,virtual_binary_cut,"and(x0,y0)","[""x0"", ""y0""]","[""r0"", ""x0"", ""x1""]",3,cafeff6df6d83c72,40434ab81bb65403,f349b8103440f38f,same,npn_c367d71c2eac76ee,6,source_graph_or_pi_replayable,evidence_advancement_v1
988495e21819e3de,1b7c6719fdcd2a0b,results/evidence_advancement/artifacts/materialized_replay_pairs/1b7c6719fdcd2a0b.source.blif,virtual_binary_cut,"or(x0,y0)","[""x0"", ""y0""]","[""r0"", ""x0"", ""x1""]",3,45ee4c05f4aac508,d82871169a887f4c,786379bfa9523fe4,same,npn_c367d71c2eac76ee,6,source_graph_or_pi_replayable,evidence_advancement_v1
f901c3ed0c99c243,1b7c6719fdcd2a0b,results/evidence_advancement/artifacts/materialized_replay_pairs/1b7c6719fdcd2a0b.source.blif,virtual_binary_cut,"xor(x0,y0)","[""x0"", ""y0""]","[""r0"", ""x0"", ""x1""]",3,9fd48a0d0d9d8a1b,89e85f36ec391ace,d7a46d3b3e9464c2,same,npn_9fd48a0d0d9d8a1b,6,source_graph_or_pi_replayable,evidence_advancement_v1
d7566cbd4168e427,1b7c6719fdcd2a0b,results/evidence_advancement/artifacts/materialized_replay_pairs/1b7c6719fdcd2a0b.source.blif,virtual_binary_cut,"and(x0,not(y0))","[""x0"", ""y0""]","[""r0"", ""x0"", ""x1""]",3,9875d06f074d4934,709b7cd024183d71,e502e9191e6ed303,same,npn_c367d71c2eac76ee,6,source_graph_or_pi_replayable,evidence_advancement_v1
3b6c1f49969f52da,1b7c6719fdcd2a0b,results/evidence_advancement/artifacts/materialized_replay_pairs/1b7c6719fdcd2a0b.source.blif,virtual_binary_cut,"or(x0,not(y0))","[""x0"", ""y0""]","[""r0"", ""x0"", ""x1""]",3,5f19d4e4b2292e32,fec5a0854918cc1b,13b2d0b1cc3afd67,inverted,npn_c367d71c2eac76ee,6,source_graph_or_pi_replayable,evidence_advancement_v1
47cab0478fa4c4a9,1b7c6719fdcd2a0b,results/evidence_advancement/artifacts/materialized_replay_pairs/1b7c6719fdcd2a0b.source.blif,virtual_binary_cut,"xor(x0,pcva_acf0a5d96074d14b)","[""x0"", ""pcva_acf0a5d96074d14b""]","[""x0"", ""x1""]",2,881bc460ec339572,7836cdae43787598,6471b342ae3c3106,same,npn_6471b342ae3c3106,6,source_graph_or_pi_replayable,evidence_advancement_v1
5f0b335bd2d8acc6,1b7c6719fdcd2a0b,results/evidence_advancement/artifacts/materialized_replay_pairs/1b7c6719fdcd2a0b.source.blif,virtual_binary_cut,"and(x1,r0)","[""x1"", ""r0""]","[""r0"", ""x1""]",2,369b91d179abba64,81db286b120ccd3b,94de9e90e231b35b,same,npn_94de9e90e231b35b,6,source_graph_or_pi_replayable,evidence_advancement_v1
f0ae351faff3affd,1b7c6719fdcd2a0b,results/evidence_advancement/artifacts/materialized_replay_pairs/1b7c6719fdcd2a0b.source.blif,virtual_binary_cut,"or(x1,r0)","[""x1"", ""r0""]","[""r0"", ""x1""]",2,6998c2b0380ed5fd,df970782afed63be,c580333a48d30dad,same,npn_94de9e90e231b35b,6,source_graph_or_pi_replayable,evidence_advancement_v1
05d7c05640389b4e,1b7c6719fdcd2a0b,results/evidence_advancement/artifacts/materialized_replay_pairs/1b7c6719fdcd2a0b.source.blif,virtual_binary_cut,"xor(x1,r0)","[""x1"", ""r0""]","[""r0"", ""x1""]",2,9fd48a0d0d9d8a1b,89e85f36ec391ace,b5d1f15c17250b42,same,npn_b5d1f15c17250b42,6,source_graph_or_pi_replayable,evidence_advancement_v1
89c5df0f7ed8cf9a,1b7c6719fdcd2a0b,results/evidence_advancement/artifacts/materialized_replay_pairs/1b7c6719fdcd2a0b.source.blif,virtual_binary_cut,"and(x1,not(r0))","[""x1"", ""r0""]","[""r0"", ""x1""]",2,1cd47cea02efadc5,b3dbc758ed4cf7c1,2c24932e8e4ebc2f,same,npn_94de9e90e231b35b,6,source_graph_or_pi_replayable,evidence_advancement_v1
c353b455743504e0,1b7c6719fdcd2a0b,results/evidence_advancement/artifacts/materialized_replay_pairs/1b7c6719fdcd2a0b.source.blif,virtual_binary_cut,"or(x1,not(r0))","[""x1"", ""r0""]","[""r0"", ""x1""]",2,3dd858e6fc78578a,40a3a71b42727dac,90f21496b5c851e8,inverted,npn_94de9e90e231b35b,6,source_graph_or_pi_replayable,evidence_advancement_v1
a8fd6acbd5c671d2,1b7c6719fdcd2a0b,results/evidence_advancement/artifacts/materialized_replay_pairs/1b7c6719fdcd2a0b.source.blif,virtual_binary_cut,"xor(x1,m0)","[""x1"", ""m0""]","[""r0"", ""x0"", ""x1""]",3,df18d62faaa74b27,b6cfcfc147cbac64,881bc460ec339572,same,npn_f919733d549a9e33,6,source_graph_or_pi_replayable,evidence_advancement_v1
318dc8a0fe064ef3,1b7c6719fdcd2a0b,results/evidence_advancement/artifacts/materialized_replay_pairs/1b7c6719fdcd2a0b.source.blif,virtual_binary_cut,"and(x1,y0)","[""x1"", ""y0""]","[""r0"", ""x0"", ""x1""]",3,f349b8103440f38f,281fdcdaa6ddf1e3,ef73cac577bcd031,same,npn_c367d71c2eac76ee,6,source_graph_or_pi_replayable,evidence_advancement_v1
851a97af7a628d5b,1b7c6719fdcd2a0b,results/evidence_advancement/artifacts/materialized_replay_pairs/1b7c6719fdcd2a0b.source.blif,virtual_binary_cut,"or(x1,y0)","[""x1"", ""y0""]","[""r0"", ""x0"", ""x1""]",3,786379bfa9523fe4,978691fe37bbf018,b9cbd9a487f80552,same,npn_c367d71c2eac76ee,6,source_graph_or_pi_replayable,evidence_advancement_v1
24b910adc45f30a1,1b7c6719fdcd2a0b,results/evidence_advancement/artifacts/materialized_replay_pairs/1b7c6719fdcd2a0b.source.blif,virtual_binary_cut,"xor(x1,y0)","[""x1"", ""y0""]","[""r0"", ""x0"", ""x1""]",3,d7a46d3b3e9464c2,26f3581e5bafe7c7,8d1560b225f7c697,same,npn_9fd48a0d0d9d8a1b,6,source_graph_or_pi_replayable,evidence_advancement_v1
597dce98ceee17c2,1b7c6719fdcd2a0b,results/evidence_advancement/artifacts/materialized_replay_pairs/1b7c6719fdcd2a0b.source.blif,virtual_binary_cut,"and(x1,not(y0))","[""x1"", ""y0""]","[""r0"", ""x0"", ""x1""]",3,e502e9191e6ed303,9ba33c777b6dd915,c367d71c2eac76ee,same,npn_c367d71c2eac76ee,6,source_graph_or_pi_replayable,evidence_advancement_v1
639a827e97896672,1b7c6719fdcd2a0b,results/evidence_advancement/artifacts/materialized_replay_pairs/1b7c6719fdcd2a0b.source.blif,virtual_binary_cut,"or(x1,not(y0))","[""x1"", ""y0""]","[""r0"", ""x0"", ""x1""]",3,4630f7310d6febc0,13b2d0b1cc3afd67,7f94ec8202b0598d,inverted,npn_c367d71c2eac76ee,6,source_graph_or_pi_replayable,evidence_advancement_v1
2acac555ebf21fdf,1b7c6719fdcd2a0b,results/evidence_advancement/artifacts/materialized_replay_pairs/1b7c6719fdcd2a0b.source.blif,virtual_binary_cut,"xor(x1,pcva_acf0a5d96074d14b)","[""x1"", ""pcva_acf0a5d96074d14b""]","[""x0"", ""x1""]",2,df18d62faaa74b27,b6cfcfc147cbac64,f14e1817ec32b1b5,same,npn_6471b342ae3c3106,6,source_graph_or_pi_replayable,evidence_advancement_v1
29e8c4bf13e1af32,1b7c6719fdcd2a0b,results/evidence_advancement/artifacts/materialized_replay_pairs/1b7c6719fdcd2a0b.source.blif,virtual_binary_cut,"and(r0,m0)","[""r0"", ""m0""]","[""r0"", ""x0"", ""x1""]",3,c367d71c2eac76ee,cad912d562146843,9875d06f074d4934,same,npn_c367d71c2eac76ee,6,source_graph_or_pi_replayable,evidence_advancement_v1
08a1fb8a5f833759,1b7c6719fdcd2a0b,results/evidence_advancement/artifacts/materialized_replay_pairs/1b7c6719fdcd2a0b.source.blif,virtual_binary_cut,"or(r0,m0)","[""r0"", ""m0""]","[""r0"", ""x0"", ""x1""]",3,b9cbd9a487f80552,d8f1a1158f9df939,45ee4c05f4aac508,same,npn_c367d71c2eac76ee,6,source_graph_or_pi_replayable,evidence_advancement_v1
75e4f0449156ddae,1b7c6719fdcd2a0b,results/evidence_advancement/artifacts/materialized_replay_pairs/1b7c6719fdcd2a0b.source.blif,virtual_binary_cut,"xor(r0,m0)","[""r0"", ""m0""]","[""r0"", ""x0"", ""x1""]",3,c2a6fb6a86cca609,275241aeb7262117,c2a6fb6a86cca609,same,npn_c2a6fb6a86cca609,6,source_graph_or_pi_replayable,evidence_advancement_v1
6d2ef843eb872b91,1b7c6719fdcd2a0b,results/evidence_advancement/artifacts/materialized_replay_pairs/1b7c6719fdcd2a0b.source.blif,virtual_binary_cut,"and(r0,not(m0))","[""r0"", ""m0""]","[""r0"", ""x0"", ""x1""]",3,ef73cac577bcd031,1cddf125e7c6c591,cafeff6df6d83c72,same,npn_c367d71c2eac76ee,6,source_graph_or_pi_replayable,evidence_advancement_v1
3d2740263ed5a36b,1b7c6719fdcd2a0b,results/evidence_advancement/artifacts/materialized_replay_pairs/1b7c6719fdcd2a0b.source.blif,virtual_binary_cut,"or(r0,not(m0))","[""r0"", ""m0""]","[""r0"", ""x0"", ""x1""]",3,df9216350cc7abbf,7f94ec8202b0598d,fec5a0854918cc1b,inverted,npn_c367d71c2eac76ee,6,source_graph_or_pi_replayable,evidence_advancement_v1
d37b0bad4c2abd82,1b7c6719fdcd2a0b,results/evidence_advancement/artifacts/materialized_replay_pairs/1b7c6719fdcd2a0b.source.blif,virtual_binary_cut,"xor(r0,y0)","[""r0"", ""y0""]","[""r0"", ""x0"", ""x1""]",3,8d1560b225f7c697,d31cf6dbef25069a,9fd48a0d0d9d8a1b,same,npn_9fd48a0d0d9d8a1b,6,source_graph_or_pi_replayable,evidence_advancement_v1
7a2c60dfb0fa049b,1b7c6719fdcd2a0b,results/evidence_advancement/artifacts/materialized_replay_pairs/1b7c6719fdcd2a0b.source.blif,virtual_binary_cut,"xor(m0,y0)","[""m0"", ""y0""]","[""r0"", ""x0"", ""x1""]",3,f919733d549a9e33,71feeed0446218e8,df18d62faaa74b27,same,npn_f919733d549a9e33,6,source_graph_or_pi_replayable,evidence_advancement_v1
52c2afc7044a0f02,1b7c6719fdcd2a0b,results/evidence_advancement/artifacts/materialized_replay_pairs/1b7c6719fdcd2a0b.source.blif,virtual_binary_cut,"xor(m0,pcva_acf0a5d96074d14b)","[""m0"", ""pcva_acf0a5d96074d14b""]","[""r0"", ""x0"", ""x1""]",3,c14bc7d02c76f1ae,fc67e5cbb4b98b43,c14bc7d02c76f1ae,same,npn_c14bc7d02c76f1ae,6,source_graph_or_pi_replayable,evidence_advancement_v1
f8ba6c0fa3667333,24a758aec4340945,results/evidence_advancement/artifacts/materialized_replay_pairs/24a758aec4340945.source.blif,pi_literal,x0,"[""x0""]","[""x0""]",1,df18d62faaa74b27,b6cfcfc147cbac64,923682bea6d517dc,same,npn_923682bea6d517dc,6,source_graph_or_pi_replayable,evidence_advancement_v1
f70c288e29b1ff04,24a758aec4340945,results/evidence_advancement/artifacts/materialized_replay_pairs/24a758aec4340945.source.blif,pi_literal,x1,"[""x1""]","[""x1""]",1,881bc460ec339572,7836cdae43787598,923682bea6d517dc,same,npn_923682bea6d517dc,6,source_graph_or_pi_replayable,evidence_advancement_v1
d21007a2062a8e16,24a758aec4340945,results/evidence_advancement/artifacts/materialized_replay_pairs/24a758aec4340945.source.blif,pi_literal,r0,"[""r0""]","[""r0""]",1,f919733d549a9e33,71feeed0446218e8,923682bea6d517dc,same,npn_923682bea6d517dc,6,source_graph_or_pi_replayable,evidence_advancement_v1
6bbd858d6f2d0b16,24a758aec4340945,results/evidence_advancement/artifacts/materialized_replay_pairs/24a758aec4340945.source.blif,source_node,m0,"[""m0""]","[""r0"", ""x0"", ""x1""]",3,8d1560b225f7c697,d31cf6dbef25069a,9fd48a0d0d9d8a1b,same,npn_9fd48a0d0d9d8a1b,6,source_graph_or_pi_replayable,evidence_advancement_v1
0e71b5c0ec5f48eb,24a758aec4340945,results/evidence_advancement/artifacts/materialized_replay_pairs/24a758aec4340945.source.blif,source_node,y0,"[""y0""]","[""r0"", ""x0"", ""x1""]",3,c2a6fb6a86cca609,275241aeb7262117,c2a6fb6a86cca609,same,npn_c2a6fb6a86cca609,6,source_graph_or_pi_replayable,evidence_advancement_v1
3eea53ddeaba586e,24a758aec4340945,results/evidence_advancement/artifacts/materialized_replay_pairs/24a758aec4340945.source.blif,source_node,pcva_3d85bc1ab67f8580,"[""pcva_3d85bc1ab67f8580""]","[""x0"", ""x1""]",2,8d1560b225f7c697,d31cf6dbef25069a,b5d1f15c17250b42,same,npn_b5d1f15c17250b42,6,source_graph_or_pi_replayable,evidence_advancement_v1
459cef33c53c9a04,24a758aec4340945,results/evidence_advancement/artifacts/materialized_replay_pairs/24a758aec4340945.source.blif,virtual_binary_cut,"and(x0,x1)","[""x0"", ""x1""]","[""x0"", ""x1""]",2,eba8a44748a5f09c,7717b29c04225dc0,94de9e90e231b35b,same,npn_94de9e90e231b35b,6,source_graph_or_pi_replayable,evidence_advancement_v1
6631513a9bfa0e35,24a758aec4340945,results/evidence_advancement/artifacts/materialized_replay_pairs/24a758aec4340945.source.blif,virtual_binary_cut,"or(x0,x1)","[""x0"", ""x1""]","[""x0"", ""x1""]",2,42a59debdb0bcad2,9f0c982b4c047d25,c580333a48d30dad,same,npn_94de9e90e231b35b,6,source_graph_or_pi_replayable,evidence_advancement_v1
67ddbd154bc1b7db,24a758aec4340945,results/evidence_advancement/artifacts/materialized_replay_pairs/24a758aec4340945.source.blif,virtual_binary_cut,"xor(x0,x1)","[""x0"", ""x1""]","[""x0"", ""x1""]",2,8d1560b225f7c697,d31cf6dbef25069a,b5d1f15c17250b42,same,npn_b5d1f15c17250b42,6,source_graph_or_pi_replayable,evidence_advancement_v1
900068452dbcdcbf,24a758aec4340945,results/evidence_advancement/artifacts/materialized_replay_pairs/24a758aec4340945.source.blif,virtual_binary_cut,"and(x0,not(x1))","[""x0"", ""x1""]","[""x0"", ""x1""]",2,64b0009f6392972f,4618e905c40e8769,90f21496b5c851e8,same,npn_94de9e90e231b35b,6,source_graph_or_pi_replayable,evidence_advancement_v1
e9ccc318e19900ff,24a758aec4340945,results/evidence_advancement/artifacts/materialized_replay_pairs/24a758aec4340945.source.blif,virtual_binary_cut,"or(x0,not(x1))","[""x0"", ""x1""]","[""x0"", ""x1""]",2,8560d332f7318334,8f0bc04977f88197,2c24932e8e4ebc2f,inverted,npn_94de9e90e231b35b,6,source_graph_or_pi_replayable,evidence_advancement_v1
d5d03d5cf3752f80,24a758aec4340945,results/evidence_advancement/artifacts/materialized_replay_pairs/24a758aec4340945.source.blif,virtual_binary_cut,"and(x0,r0)","[""x0"", ""r0""]","[""r0"", ""x0""]",2,1228de099013e868,33fc91d1cc2c3255,94de9e90e231b35b,same,npn_94de9e90e231b35b,6,source_graph_or_pi_replayable,evidence_advancement_v1
cd26372e016dccdf,24a758aec4340945,results/evidence_advancement/artifacts/materialized_replay_pairs/24a758aec4340945.source.blif,virtual_binary_cut,"or(x0,r0)","[""x0"", ""r0""]","[""r0"", ""x0""]",2,1d207ade69b2a3eb,df856b66777ea758,c580333a48d30dad,same,npn_94de9e90e231b35b,6,source_graph_or_pi_replayable,evidence_advancement_v1
ab333328b44ae9db,24a758aec4340945,results/evidence_advancement/artifacts/materialized_replay_pairs/24a758aec4340945.source.blif,virtual_binary_cut,"xor(x0,r0)","[""x0"", ""r0""]","[""r0"", ""x0""]",2,d7a46d3b3e9464c2,26f3581e5bafe7c7,b5d1f15c17250b42,same,npn_b5d1f15c17250b42,6,source_graph_or_pi_replayable,evidence_advancement_v1
737de84ffe8b98da,24a758aec4340945,results/evidence_advancement/artifacts/materialized_replay_pairs/24a758aec4340945.source.blif,virtual_binary_cut,"and(x0,not(r0))","[""x0"", ""r0""]","[""r0"", ""x0""]",2,85473471e2f83e46,7767985351eded02,2c24932e8e4ebc2f,same,npn_94de9e90e231b35b,6,source_graph_or_pi_replayable,evidence_advancement_v1
46c402b27e199ca1,24a758aec4340945,results/evidence_advancement/artifacts/materialized_replay_pairs/24a758aec4340945.source.blif,virtual_binary_cut,"or(x0,not(r0))","[""x0"", ""r0""]","[""r0"", ""x0""]",2,8251c47787737cc6,61ef94dfe370555e,90f21496b5c851e8,inverted,npn_94de9e90e231b35b,6,source_graph_or_pi_replayable,evidence_advancement_v1
163124d36b84955c,24a758aec4340945,results/evidence_advancement/artifacts/materialized_replay_pairs/24a758aec4340945.source.blif,virtual_binary_cut,"and(x0,m0)","[""x0"", ""m0""]","[""r0"", ""x0"", ""x1""]",3,64b0009f6392972f,4618e905c40e8769,1cd47cea02efadc5,same,npn_369b91d179abba64,6,source_graph_or_pi_replayable,evidence_advancement_v1
465c61d9afc449b9,24a758aec4340945,results/evidence_advancement/artifacts/materialized_replay_pairs/24a758aec4340945.source.blif,virtual_binary_cut,"or(x0,m0)","[""x0"", ""m0""]","[""r0"", ""x0"", ""x1""]",3,42a59debdb0bcad2,9f0c982b4c047d25,6998c2b0380ed5fd,same,npn_369b91d179abba64,6,source_graph_or_pi_replayable,evidence_advancement_v1
5cb01e99962b0f56,24a758aec4340945,results/evidence_advancement/artifacts/materialized_replay_pairs/24a758aec4340945.source.blif,virtual_binary_cut,"xor(x0,m0)","[""x0"", ""m0""]","[""r0"", ""x0"", ""x1""]",3,881bc460ec339572,7836cdae43787598,f919733d549a9e33,same,npn_f919733d549a9e33,6,source_graph_or_pi_replayable,evidence_advancement_v1
fbba13c9a36206ac,24a758aec4340945,results/evidence_advancement/artifacts/materialized_replay_pairs/24a758aec4340945.source.blif,virtual_binary_cut,"and(x0,not(m0))","[""x0"", ""m0""]","[""r0"", ""x0"", ""x1""]",3,eba8a44748a5f09c,7717b29c04225dc0,369b91d179abba64,same,npn_369b91d179abba64,6,source_graph_or_pi_replayable,evidence_advancement_v1
3a81ec04d12dbd9b,24a758aec4340945,results/evidence_advancement/artifacts/materialized_replay_pairs/24a758aec4340945.source.blif,virtual_binary_cut,"or(x0,not(m0))","[""x0"", ""m0""]","[""r0"", ""x0"", ""x1""]",3,8560d332f7318334,8f0bc04977f88197,40a3a71b42727dac,inverted,npn_369b91d179abba64,6,source_graph_or_pi_replayable,evidence_advancement_v1
67a08b59848ee781,24a758aec4340945,results/evidence_advancement/artifacts/materialized_replay_pairs/24a758aec4340945.source.blif,virtual_binary_cut,"and(x0,y0)","[""x0"", ""y0""]","[""r0"", ""x0"", ""x1""]",3,cafeff6df6d83c72,40434ab81bb65403,f349b8103440f38f,same,npn_c367d71c2eac76ee,6,source_graph_or_pi_replayable,evidence_advancement_v1
b2bc776d14291203,24a758aec4340945,results/evidence_advancement/artifacts/materialized_replay_pairs/24a758aec4340945.source.blif,virtual_binary_cut,"or(x0,y0)","[""x0"", ""y0""]","[""r0"", ""x0"", ""x1""]",3,45ee4c05f4aac508,d82871169a887f4c,786379bfa9523fe4,same,npn_c367d71c2eac76ee,6,source_graph_or_pi_replayable,evidence_advancement_v1
73531e1a167d2f16,24a758aec4340945,results/evidence_advancement/artifacts/materialized_replay_pairs/24a758aec4340945.source.blif,virtual_binary_cut,"xor(x0,y0)","[""x0"", ""y0""]","[""r0"", ""x0"", ""x1""]",3,9fd48a0d0d9d8a1b,89e85f36ec391ace,d7a46d3b3e9464c2,same,npn_9fd48a0d0d9d8a1b,6,source_graph_or_pi_replayable,evidence_advancement_v1
d0e21b63f14dc93e,24a758aec4340945,results/evidence_advancement/artifacts/materialized_replay_pairs/24a758aec4340945.source.blif,virtual_binary_cut,"and(x0,not(y0))","[""x0"", ""y0""]","[""r0"", ""x0"", ""x1""]",3,9875d06f074d4934,709b7cd024183d71,e502e9191e6ed303,same,npn_c367d71c2eac76ee,6,source_graph_or_pi_replayable,evidence_advancement_v1
40962d76e2ba55a1,24a758aec4340945,results/evidence_advancement/artifacts/materialized_replay_pairs/24a758aec4340945.source.blif,virtual_binary_cut,"or(x0,not(y0))","[""x0"", ""y0""]","[""r0"", ""x0"", ""x1""]",3,5f19d4e4b2292e32,fec5a0854918cc1b,13b2d0b1cc3afd67,inverted,npn_c367d71c2eac76ee,6,source_graph_or_pi_replayable,evidence_advancement_v1
405b23f845f99805,24a758aec4340945,results/evidence_advancement/artifacts/materialized_replay_pairs/24a758aec4340945.source.blif,virtual_binary_cut,"xor(x0,pcva_3d85bc1ab67f8580)","[""x0"", ""pcva_3d85bc1ab67f8580""]","[""x0"", ""x1""]",2,881bc460ec339572,7836cdae43787598,6471b342ae3c3106,same,npn_6471b342ae3c3106,6,source_graph_or_pi_replayable,evidence_advancement_v1
256b9bee965845f3,24a758aec4340945,results/evidence_advancement/artifacts/materialized_replay_pairs/24a758aec4340945.source.blif,virtual_binary_cut,"and(x1,r0)","[""x1"", ""r0""]","[""r0"", ""x1""]",2,369b91d179abba64,81db286b120ccd3b,94de9e90e231b35b,same,npn_94de9e90e231b35b,6,source_graph_or_pi_replayable,evidence_advancement_v1
0b9157c30e26a356,24a758aec4340945,results/evidence_advancement/artifacts/materialized_replay_pairs/24a758aec4340945.source.blif,virtual_binary_cut,"or(x1,r0)","[""x1"", ""r0""]","[""r0"", ""x1""]",2,6998c2b0380ed5fd,df970782afed63be,c580333a48d30dad,same,npn_94de9e90e231b35b,6,source_graph_or_pi_replayable,evidence_advancement_v1
153d3a864e453a2a,24a758aec4340945,results/evidence_advancement/artifacts/materialized_replay_pairs/24a758aec4340945.source.blif,virtual_binary_cut,"xor(x1,r0)","[""x1"", ""r0""]","[""r0"", ""x1""]",2,9fd48a0d0d9d8a1b,89e85f36ec391ace,b5d1f15c17250b42,same,npn_b5d1f15c17250b42,6,source_graph_or_pi_replayable,evidence_advancement_v1
43e5f8d2b7357a40,24a758aec4340945,results/evidence_advancement/artifacts/materialized_replay_pairs/24a758aec4340945.source.blif,virtual_binary_cut,"and(x1,not(r0))","[""x1"", ""r0""]","[""r0"", ""x1""]",2,1cd47cea02efadc5,b3dbc758ed4cf7c1,2c24932e8e4ebc2f,same,npn_94de9e90e231b35b,6,source_graph_or_pi_replayable,evidence_advancement_v1
e52e56a1d0e922fb,24a758aec4340945,results/evidence_advancement/artifacts/materialized_replay_pairs/24a758aec4340945.source.blif,virtual_binary_cut,"or(x1,not(r0))","[""x1"", ""r0""]","[""r0"", ""x1""]",2,3dd858e6fc78578a,40a3a71b42727dac,90f21496b5c851e8,inverted,npn_94de9e90e231b35b,6,source_graph_or_pi_replayable,evidence_advancement_v1
5df747bab7c63746,24a758aec4340945,results/evidence_advancement/artifacts/materialized_replay_pairs/24a758aec4340945.source.blif,virtual_binary_cut,"xor(x1,m0)","[""x1"", ""m0""]","[""r0"", ""x0"", ""x1""]",3,df18d62faaa74b27,b6cfcfc147cbac64,881bc460ec339572,same,npn_f919733d549a9e33,6,source_graph_or_pi_replayable,evidence_advancement_v1
3378bbb2d34af7f2,24a758aec4340945,results/evidence_advancement/artifacts/materialized_replay_pairs/24a758aec4340945.source.blif,virtual_binary_cut,"and(x1,y0)","[""x1"", ""y0""]","[""r0"", ""x0"", ""x1""]",3,f349b8103440f38f,281fdcdaa6ddf1e3,ef73cac577bcd031,same,npn_c367d71c2eac76ee,6,source_graph_or_pi_replayable,evidence_advancement_v1
be4354424e90268c,24a758aec4340945,results/evidence_advancement/artifacts/materialized_replay_pairs/24a758aec4340945.source.blif,virtual_binary_cut,"or(x1,y0)","[""x1"", ""y0""]","[""r0"", ""x0"", ""x1""]",3,786379bfa9523fe4,978691fe37bbf018,b9cbd9a487f80552,same,npn_c367d71c2eac76ee,6,source_graph_or_pi_replayable,evidence_advancement_v1
3f647bb86d48c4a0,24a758aec4340945,results/evidence_advancement/artifacts/materialized_replay_pairs/24a758aec4340945.source.blif,virtual_binary_cut,"xor(x1,y0)","[""x1"", ""y0""]","[""r0"", ""x0"", ""x1""]",3,d7a46d3b3e9464c2,26f3581e5bafe7c7,8d1560b225f7c697,same,npn_9fd48a0d0d9d8a1b,6,source_graph_or_pi_replayable,evidence_advancement_v1
57fa26c94193ec56,24a758aec4340945,results/evidence_advancement/artifacts/materialized_replay_pairs/24a758aec4340945.source.blif,virtual_binary_cut,"and(x1,not(y0))","[""x1"", ""y0""]","[""r0"", ""x0"", ""x1""]",3,e502e9191e6ed303,9ba33c777b6dd915,c367d71c2eac76ee,same,npn_c367d71c2eac76ee,6,source_graph_or_pi_replayable,evidence_advancement_v1
6c9868a0f788c6ec,24a758aec4340945,results/evidence_advancement/artifacts/materialized_replay_pairs/24a758aec4340945.source.blif,virtual_binary_cut,"or(x1,not(y0))","[""x1"", ""y0""]","[""r0"", ""x0"", ""x1""]",3,4630f7310d6febc0,13b2d0b1cc3afd67,7f94ec8202b0598d,inverted,npn_c367d71c2eac76ee,6,source_graph_or_pi_replayable,evidence_advancement_v1
c31d3f93f9ed4c0d,24a758aec4340945,results/evidence_advancement/artifacts/materialized_replay_pairs/24a758aec4340945.source.blif,virtual_binary_cut,"xor(x1,pcva_3d85bc1ab67f8580)","[""x1"", ""pcva_3d85bc1ab67f8580""]","[""x0"", ""x1""]",2,df18d62faaa74b27,b6cfcfc147cbac64,f14e1817ec32b1b5,same,npn_6471b342ae3c3106,6,source_graph_or_pi_replayable,evidence_advancement_v1
0996294bc63f3d0f,24a758aec4340945,results/evidence_advancement/artifacts/materialized_replay_pairs/24a758aec4340945.source.blif,virtual_binary_cut,"and(r0,m0)","[""r0"", ""m0""]","[""r0"", ""x0"", ""x1""]",3,c367d71c2eac76ee,cad912d562146843,9875d06f074d4934,same,npn_c367d71c2eac76ee,6,source_graph_or_pi_replayable,evidence_advancement_v1
0fefc0f9cbe20839,24a758aec4340945,results/evidence_advancement/artifacts/materialized_replay_pairs/24a758aec4340945.source.blif,virtual_binary_cut,"or(r0,m0)","[""r0"", ""m0""]","[""r0"", ""x0"", ""x1""]",3,b9cbd9a487f80552,d8f1a1158f9df939,45ee4c05f4aac508,same,npn_c367d71c2eac76ee,6,source_graph_or_pi_replayable,evidence_advancement_v1
0f1d2b18a37cc2c6,24a758aec4340945,results/evidence_advancement/artifacts/materialized_replay_pairs/24a758aec4340945.source.blif,virtual_binary_cut,"xor(r0,m0)","[""r0"", ""m0""]","[""r0"", ""x0"", ""x1""]",3,c2a6fb6a86cca609,275241aeb7262117,c2a6fb6a86cca609,same,npn_c2a6fb6a86cca609,6,source_graph_or_pi_replayable,evidence_advancement_v1
00f51a625a53a7f7,24a758aec4340945,results/evidence_advancement/artifacts/materialized_replay_pairs/24a758aec4340945.source.blif,virtual_binary_cut,"and(r0,not(m0))","[""r0"", ""m0""]","[""r0"", ""x0"", ""x1""]",3,ef73cac577bcd031,1cddf125e7c6c591,cafeff6df6d83c72,same,npn_c367d71c2eac76ee,6,source_graph_or_pi_replayable,evidence_advancement_v1
f50ba109d24e2a9a,24a758aec4340945,results/evidence_advancement/artifacts/materialized_replay_pairs/24a758aec4340945.source.blif,virtual_binary_cut,"or(r0,not(m0))","[""r0"", ""m0""]","[""r0"", ""x0"", ""x1""]",3,df9216350cc7abbf,7f94ec8202b0598d,fec5a0854918cc1b,inverted,npn_c367d71c2eac76ee,6,source_graph_or_pi_replayable,evidence_advancement_v1
18e137743650cc35,24a758aec4340945,results/evidence_advancement/artifacts/materialized_replay_pairs/24a758aec4340945.source.blif,virtual_binary_cut,"xor(r0,y0)","[""r0"", ""y0""]","[""r0"", ""x0"", ""x1""]",3,8d1560b225f7c697,d31cf6dbef25069a,9fd48a0d0d9d8a1b,same,npn_9fd48a0d0d9d8a1b,6,source_graph_or_pi_replayable,evidence_advancement_v1
cac87034a9e279e2,24a758aec4340945,results/evidence_advancement/artifacts/materialized_replay_pairs/24a758aec4340945.source.blif,virtual_binary_cut,"xor(m0,y0)","[""m0"", ""y0""]","[""r0"", ""x0"", ""x1""]",3,f919733d549a9e33,71feeed0446218e8,df18d62faaa74b27,same,npn_f919733d549a9e33,6,source_graph_or_pi_replayable,evidence_advancement_v1
2361b84659c13db7,24a758aec4340945,results/evidence_advancement/artifacts/materialized_replay_pairs/24a758aec4340945.source.blif,virtual_binary_cut,"xor(m0,pcva_3d85bc1ab67f8580)","[""m0"", ""pcva_3d85bc1ab67f8580""]","[""r0"", ""x0"", ""x1""]",3,c14bc7d02c76f1ae,fc67e5cbb4b98b43,c14bc7d02c76f1ae,same,npn_c14bc7d02c76f1ae,6,source_graph_or_pi_replayable,evidence_advancement_v1
777113dfa1144046,363cbacef6a09318,results/evidence_advancement/artifacts/materialized_replay_pairs/363cbacef6a09318.source.blif,pi_literal,x0,"[""x0""]","[""x0""]",1,df18d62faaa74b27,b6cfcfc147cbac64,923682bea6d517dc,same,npn_923682bea6d517dc,6,source_graph_or_pi_replayable,evidence_advancement_v1
c5f5fb658507e3bc,363cbacef6a09318,results/evidence_advancement/artifacts/materialized_replay_pairs/363cbacef6a09318.source.blif,pi_literal,x1,"[""x1""]","[""x1""]",1,881bc460ec339572,7836cdae43787598,923682bea6d517dc,same,npn_923682bea6d517dc,6,source_graph_or_pi_replayable,evidence_advancement_v1
68af9a91fe617eaa,363cbacef6a09318,results/evidence_advancement/artifacts/materialized_replay_pairs/363cbacef6a09318.source.blif,pi_literal,r0,"[""r0""]","[""r0""]",1,f919733d549a9e33,71feeed0446218e8,923682bea6d517dc,same,npn_923682bea6d517dc,6,source_graph_or_pi_replayable,evidence_advancement_v1
4804fe6ccdc4289e,363cbacef6a09318,results/evidence_advancement/artifacts/materialized_replay_pairs/363cbacef6a09318.source.blif,source_node,m0,"[""m0""]","[""r0"", ""x0"", ""x1""]",3,eba8a44748a5f09c,7717b29c04225dc0,369b91d179abba64,same,npn_369b91d179abba64,6,source_graph_or_pi_replayable,evidence_advancement_v1
72a458f6cf638c38,363cbacef6a09318,results/evidence_advancement/artifacts/materialized_replay_pairs/363cbacef6a09318.source.blif,source_node,y0,"[""y0""]","[""r0"", ""x0"", ""x1""]",3,2e96a02abe3f2e05,a8f244d01461e4e3,60196d9c90521e9d,same,npn_2e96a02abe3f2e05,6,source_graph_or_pi_replayable,evidence_advancement_v1
f523f39ca7c8975c,363cbacef6a09318,results/evidence_advancement/artifacts/materialized_replay_pairs/363cbacef6a09318.source.blif,source_node,pcva_7c0b8d5ac3fccb5e,"[""pcva_7c0b8d5ac3fccb5e""]","[""x0"", ""x1""]",2,eba8a44748a5f09c,7717b29c04225dc0,94de9e90e231b35b,same,npn_94de9e90e231b35b,6,source_graph_or_pi_replayable,evidence_advancement_v1
5376f597a45a9c32,363cbacef6a09318,results/evidence_advancement/artifacts/materialized_replay_pairs/363cbacef6a09318.source.blif,virtual_binary_cut,"and(x0,x1)","[""x0"", ""x1""]","[""x0"", ""x1""]",2,eba8a44748a5f09c,7717b29c04225dc0,94de9e90e231b35b,same,npn_94de9e90e231b35b,6,source_graph_or_pi_replayable,evidence_advancement_v1
45229298b249b1f4,363cbacef6a09318,results/evidence_advancement/artifacts/materialized_replay_pairs/363cbacef6a09318.source.blif,virtual_binary_cut,"or(x0,x1)","[""x0"", ""x1""]","[""x0"", ""x1""]",2,42a59debdb0bcad2,9f0c982b4c047d25,c580333a48d30dad,same,npn_94de9e90e231b35b,6,source_graph_or_pi_replayable,evidence_advancement_v1
c0683aecbd6ee30f,363cbacef6a09318,results/evidence_advancement/artifacts/materialized_replay_pairs/363cbacef6a09318.source.blif,virtual_binary_cut,"xor(x0,x1)","[""x0"", ""x1""]","[""x0"", ""x1""]",2,8d1560b225f7c697,d31cf6dbef25069a,b5d1f15c17250b42,same,npn_b5d1f15c17250b42,6,source_graph_or_pi_replayable,evidence_advancement_v1
81766ce46315f149,363cbacef6a09318,results/evidence_advancement/artifacts/materialized_replay_pairs/363cbacef6a09318.source.blif,virtual_binary_cut,"and(x0,not(x1))","[""x0"", ""x1""]","[""x0"", ""x1""]",2,64b0009f6392972f,4618e905c40e8769,90f21496b5c851e8,same,npn_94de9e90e231b35b,6,source_graph_or_pi_replayable,evidence_advancement_v1
5bf6c0327bb9d866,363cbacef6a09318,results/evidence_advancement/artifacts/materialized_replay_pairs/363cbacef6a09318.source.blif,virtual_binary_cut,"or(x0,not(x1))","[""x0"", ""x1""]","[""x0"", ""x1""]",2,8560d332f7318334,8f0bc04977f88197,2c24932e8e4ebc2f,inverted,npn_94de9e90e231b35b,6,source_graph_or_pi_replayable,evidence_advancement_v1
a6739df950fecc1a,363cbacef6a09318,results/evidence_advancement/artifacts/materialized_replay_pairs/363cbacef6a09318.source.blif,virtual_binary_cut,"and(x0,r0)","[""x0"", ""r0""]","[""r0"", ""x0""]",2,1228de099013e868,33fc91d1cc2c3255,94de9e90e231b35b,same,npn_94de9e90e231b35b,6,source_graph_or_pi_replayable,evidence_advancement_v1
5feb605d6125ebdb,363cbacef6a09318,results/evidence_advancement/artifacts/materialized_replay_pairs/363cbacef6a09318.source.blif,virtual_binary_cut,"or(x0,r0)","[""x0"", ""r0""]","[""r0"", ""x0""]",2,1d207ade69b2a3eb,df856b66777ea758,c580333a48d30dad,same,npn_94de9e90e231b35b,6,source_graph_or_pi_replayable,evidence_advancement_v1
917d2b6da9d087bd,363cbacef6a09318,results/evidence_advancement/artifacts/materialized_replay_pairs/363cbacef6a09318.source.blif,virtual_binary_cut,"xor(x0,r0)","[""x0"", ""r0""]","[""r0"", ""x0""]",2,d7a46d3b3e9464c2,26f3581e5bafe7c7,b5d1f15c17250b42,same,npn_b5d1f15c17250b42,6,source_graph_or_pi_replayable,evidence_advancement_v1
ffe2a54cdef0a66e,363cbacef6a09318,results/evidence_advancement/artifacts/materialized_replay_pairs/363cbacef6a09318.source.blif,virtual_binary_cut,"and(x0,not(r0))","[""x0"", ""r0""]","[""r0"", ""x0""]",2,85473471e2f83e46,7767985351eded02,2c24932e8e4ebc2f,same,npn_94de9e90e231b35b,6,source_graph_or_pi_replayable,evidence_advancement_v1
5faaa09f6276e81e,363cbacef6a09318,results/evidence_advancement/artifacts/materialized_replay_pairs/363cbacef6a09318.source.blif,virtual_binary_cut,"or(x0,not(r0))","[""x0"", ""r0""]","[""r0"", ""x0""]",2,8251c47787737cc6,61ef94dfe370555e,90f21496b5c851e8,inverted,npn_94de9e90e231b35b,6,source_graph_or_pi_replayable,evidence_advancement_v1
0213d65da4040fc0,363cbacef6a09318,results/evidence_advancement/artifacts/materialized_replay_pairs/363cbacef6a09318.source.blif,virtual_binary_cut,"and(x0,m0)","[""x0"", ""m0""]","[""r0"", ""x0"", ""x1""]",3,eba8a44748a5f09c,7717b29c04225dc0,369b91d179abba64,same,npn_369b91d179abba64,6,source_graph_or_pi_replayable,evidence_advancement_v1
fe3019c7a4ca939f,363cbacef6a09318,results/evidence_advancement/artifacts/materialized_replay_pairs/363cbacef6a09318.source.blif,virtual_binary_cut,"or(x0,m0)","[""x0"", ""m0""]","[""r0"", ""x0"", ""x1""]",3,df18d62faaa74b27,b6cfcfc147cbac64,881bc460ec339572,same,npn_f919733d549a9e33,6,source_graph_or_pi_replayable,evidence_advancement_v1
b7e6adf43431eb25,363cbacef6a09318,results/evidence_advancement/artifacts/materialized_replay_pairs/363cbacef6a09318.source.blif,virtual_binary_cut,"xor(x0,m0)","[""x0"", ""m0""]","[""r0"", ""x0"", ""x1""]",3,64b0009f6392972f,4618e905c40e8769,1cd47cea02efadc5,same,npn_369b91d179abba64,6,source_graph_or_pi_replayable,evidence_advancement_v1
67b133d321e84a5a,363cbacef6a09318,results/evidence_advancement/artifacts/materialized_replay_pairs/363cbacef6a09318.source.blif,virtual_binary_cut,"or(x0,not(m0))","[""x0"", ""m0""]","[""r0"", ""x0"", ""x1""]",3,fc67e5cbb4b98b43,c14bc7d02c76f1ae,c14bc7d02c76f1ae,inverted,npn_c14bc7d02c76f1ae,6,source_graph_or_pi_replayable,evidence_advancement_v1
a53515a1ea1cd5ff,363cbacef6a09318,results/evidence_advancement/artifacts/materialized_replay_pairs/363cbacef6a09318.source.blif,virtual_binary_cut,"and(x0,y0)","[""x0"", ""y0""]","[""r0"", ""x0"", ""x1""]",3,9875d06f074d4934,709b7cd024183d71,e502e9191e6ed303,same,npn_c367d71c2eac76ee,6,source_graph_or_pi_replayable,evidence_advancement_v1
4fc43da26ba39579,363cbacef6a09318,results/evidence_advancement/artifacts/materialized_replay_pairs/363cbacef6a09318.source.blif,virtual_binary_cut,"or(x0,y0)","[""x0"", ""y0""]","[""r0"", ""x0"", ""x1""]",3,1d207ade69b2a3eb,df856b66777ea758,42a59debdb0bcad2,same,npn_369b91d179abba64,6,source_graph_or_pi_replayable,evidence_advancement_v1
04cf61020c65489a,363cbacef6a09318,results/evidence_advancement/artifacts/materialized_replay_pairs/363cbacef6a09318.source.blif,virtual_binary_cut,"xor(x0,y0)","[""x0"", ""y0""]","[""r0"", ""x0"", ""x1""]",3,194fa8893fa382cf,16e8cc99320bb4ce,62ad13d001efd14a,same,npn_2e96a02abe3f2e05,6,source_graph_or_pi_replayable,evidence_advancement_v1
5f856387d83c7c0d,363cbacef6a09318,results/evidence_advancement/artifacts/materialized_replay_pairs/363cbacef6a09318.source.blif,virtual_binary_cut,"and(x0,not(y0))","[""x0"", ""y0""]","[""r0"", ""x0"", ""x1""]",3,cafeff6df6d83c72,40434ab81bb65403,f349b8103440f38f,same,npn_c367d71c2eac76ee,6,source_graph_or_pi_replayable,evidence_advancement_v1
4ac2403f4359958f,363cbacef6a09318,results/evidence_advancement/artifacts/materialized_replay_pairs/363cbacef6a09318.source.blif,virtual_binary_cut,"or(x0,not(y0))","[""x0"", ""y0""]","[""r0"", ""x0"", ""x1""]",3,8251c47787737cc6,61ef94dfe370555e,64b0009f6392972f,inverted,npn_369b91d179abba64,6,source_graph_or_pi_replayable,evidence_advancement_v1
0c37658347a36c35,363cbacef6a09318,results/evidence_advancement/artifacts/materialized_replay_pairs/363cbacef6a09318.source.blif,virtual_binary_cut,"or(x0,pcva_7c0b8d5ac3fccb5e)","[""x0"", ""pcva_7c0b8d5ac3fccb5e""]","[""x0"", ""x1""]",2,df18d62faaa74b27,b6cfcfc147cbac64,f14e1817ec32b1b5,same,npn_6471b342ae3c3106,6,source_graph_or_pi_replayable,evidence_advancement_v1
b48060098df1dfd6,363cbacef6a09318,results/evidence_advancement/artifacts/materialized_replay_pairs/363cbacef6a09318.source.blif,virtual_binary_cut,"or(x0,not(pcva_7c0b8d5ac3fccb5e))","[""x0"", ""pcva_7c0b8d5ac3fccb5e""]","[""x0"", ""x1""]",2,fc67e5cbb4b98b43,c14bc7d02c76f1ae,a90d007c2fc57df6,inverted,npn_a90d007c2fc57df6,6,source_graph_or_pi_replayable,evidence_advancement_v1
64d7aaf7212a4bc7,363cbacef6a09318,results/evidence_advancement/artifacts/materialized_replay_pairs/363cbacef6a09318.source.blif,virtual_binary_cut,"and(x1,r0)","[""x1"", ""r0""]","[""r0"", ""x1""]",2,369b91d179abba64,81db286b120ccd3b,94de9e90e231b35b,same,npn_94de9e90e231b35b,6,source_graph_or_pi_replayable,evidence_advancement_v1
a1d8fbc98ca39dd0,363cbacef6a09318,results/evidence_advancement/artifacts/materialized_replay_pairs/363cbacef6a09318.source.blif,virtual_binary_cut,"or(x1,r0)","[""x1"", ""r0""]","[""r0"", ""x1""]",2,6998c2b0380ed5fd,df970782afed63be,c580333a48d30dad,same,npn_94de9e90e231b35b,6,source_graph_or_pi_replayable,evidence_advancement_v1
27a457c473a35393,363cbacef6a09318,results/evidence_advancement/artifacts/materialized_replay_pairs/363cbacef6a09318.source.blif,virtual_binary_cut,"xor(x1,r0)","[""x1"", ""r0""]","[""r0"", ""x1""]",2,9fd48a0d0d9d8a1b,89e85f36ec391ace,b5d1f15c17250b42,same,npn_b5d1f15c17250b42,6,source_graph_or_pi_replayable,evidence_advancement_v1
d7a10239967b33b9,363cbacef6a09318,results/evidence_advancement/artifacts/materialized_replay_pairs/363cbacef6a09318.source.blif,virtual_binary_cut,"and(x1,not(r0))","[""x1"", ""r0""]","[""r0"", ""x1""]",2,1cd47cea02efadc5,b3dbc758ed4cf7c1,2c24932e8e4ebc2f,same,npn_94de9e90e231b35b,6,source_graph_or_pi_replayable,evidence_advancement_v1
9e56a7b28e5990e0,363cbacef6a09318,results/evidence_advancement/artifacts/materialized_replay_pairs/363cbacef6a09318.source.blif,virtual_binary_cut,"or(x1,not(r0))","[""x1"", ""r0""]","[""r0"", ""x1""]",2,3dd858e6fc78578a,40a3a71b42727dac,90f21496b5c851e8,inverted,npn_94de9e90e231b35b,6,source_graph_or_pi_replayable,evidence_advancement_v1
2d0aa3f99e9247b8,363cbacef6a09318,results/evidence_advancement/artifacts/materialized_replay_pairs/363cbacef6a09318.source.blif,virtual_binary_cut,"or(x1,m0)","[""x1"", ""m0""]","[""r0"", ""x0"", ""x1""]",3,881bc460ec339572,7836cdae43787598,f919733d549a9e33,same,npn_f919733d549a9e33,6,source_graph_or_pi_replayable,evidence_advancement_v1
78450ac4eea4e8d8,363cbacef6a09318,results/evidence_advancement/artifacts/materialized_replay_pairs/363cbacef6a09318.source.blif,virtual_binary_cut,"xor(x1,m0)","[""x1"", ""m0""]","[""r0"", ""x0"", ""x1""]",3,8f0bc04977f88197,8560d332f7318334,40a3a71b42727dac,same,npn_369b91d179abba64,6,source_graph_or_pi_replayable,evidence_advancement_v1
4fe1fae397714c5e,363cbacef6a09318,results/evidence_advancement/artifacts/materialized_replay_pairs/363cbacef6a09318.source.blif,virtual_binary_cut,"and(x1,y0)","[""x1"", ""y0""]","[""r0"", ""x0"", ""x1""]",3,e502e9191e6ed303,9ba33c777b6dd915,c367d71c2eac76ee,same,npn_c367d71c2eac76ee,6,source_graph_or_pi_replayable,evidence_advancement_v1
9ae124f04eb19229,363cbacef6a09318,results/evidence_advancement/artifacts/materialized_replay_pairs/363cbacef6a09318.source.blif,virtual_binary_cut,"or(x1,y0)","[""x1"", ""y0""]","[""r0"", ""x0"", ""x1""]",3,6998c2b0380ed5fd,df970782afed63be,1d207ade69b2a3eb,same,npn_369b91d179abba64,6,source_graph_or_pi_replayable,evidence_advancement_v1
5b823c8b6b512eb9,363cbacef6a09318,results/evidence_advancement/artifacts/materialized_replay_pairs/363cbacef6a09318.source.blif,virtual_binary_cut,"xor(x1,y0)","[""x1"", ""y0""]","[""r0"", ""x0"", ""x1""]",3,8192b9512335fe5c,07afcd83da45eba0,6a87a8ec53e5d016,same,npn_2e96a02abe3f2e05,6,source_graph_or_pi_replayable,evidence_advancement_v1
83b7db7fa63fffba,363cbacef6a09318,results/evidence_advancement/artifacts/materialized_replay_pairs/363cbacef6a09318.source.blif,virtual_binary_cut,"and(x1,not(y0))","[""x1"", ""y0""]","[""r0"", ""x0"", ""x1""]",3,f349b8103440f38f,281fdcdaa6ddf1e3,ef73cac577bcd031,same,npn_c367d71c2eac76ee,6,source_graph_or_pi_replayable,evidence_advancement_v1
81bfaf923deeb8eb,363cbacef6a09318,results/evidence_advancement/artifacts/materialized_replay_pairs/363cbacef6a09318.source.blif,virtual_binary_cut,"or(x1,not(y0))","[""x1"", ""y0""]","[""r0"", ""x0"", ""x1""]",3,3dd858e6fc78578a,40a3a71b42727dac,85473471e2f83e46,inverted,npn_369b91d179abba64,6,source_graph_or_pi_replayable,evidence_advancement_v1
b3b69442e2a53054,363cbacef6a09318,results/evidence_advancement/artifacts/materialized_replay_pairs/363cbacef6a09318.source.blif,virtual_binary_cut,"or(x1,pcva_7c0b8d5ac3fccb5e)","[""x1"", ""pcva_7c0b8d5ac3fccb5e""]","[""x0"", ""x1""]",2,881bc460ec339572,7836cdae43787598,6471b342ae3c3106,same,npn_6471b342ae3c3106,6,source_graph_or_pi_replayable,evidence_advancement_v1
dc6db5c74504e348,363cbacef6a09318,results/evidence_advancement/artifacts/materialized_replay_pairs/363cbacef6a09318.source.blif,virtual_binary_cut,"and(r0,m0)","[""r0"", ""m0""]","[""r0"", ""x0"", ""x1""]",3,24165068bb0dbfca,7706d5f66a567332,24165068bb0dbfca,same,npn_24165068bb0dbfca,6,source_graph_or_pi_replayable,evidence_advancement_v1
fb1aa2808a7ae199,363cbacef6a09318,results/evidence_advancement/artifacts/materialized_replay_pairs/363cbacef6a09318.source.blif,virtual_binary_cut,"or(r0,m0)","[""r0"", ""m0""]","[""r0"", ""x0"", ""x1""]",3,2b785f5c6a14009e,d4f1067dfed9dc13,2d3d88fc9460d408,same,npn_358a268fde92333a,6,source_graph_or_pi_replayable,evidence_advancement_v1
b11865967ab566a0,363cbacef6a09318,results/evidence_advancement/artifacts/materialized_replay_pairs/363cbacef6a09318.source.blif,virtual_binary_cut,"xor(r0,m0)","[""r0"", ""m0""]","[""r0"", ""x0"", ""x1""]",3,2e96a02abe3f2e05,a8f244d01461e4e3,60196d9c90521e9d,same,npn_2e96a02abe3f2e05,6,source_graph_or_pi_replayable,evidence_advancement_v1
bbb0769059dc7874,363cbacef6a09318,results/evidence_advancement/artifacts/materialized_replay_pairs/363cbacef6a09318.source.blif,virtual_binary_cut,"and(r0,not(m0))","[""r0"", ""m0""]","[""r0"", ""x0"", ""x1""]",3,ea466967d1b9574d,b5fe5c54be4d1ca1,86541bc0ebd49ad1,same,npn_358a268fde92333a,6,source_graph_or_pi_replayable,evidence_advancement_v1
276fd5e2c53fa436,363cbacef6a09318,results/evidence_advancement/artifacts/materialized_replay_pairs/363cbacef6a09318.source.blif,virtual_binary_cut,"or(r0,not(m0))","[""r0"", ""m0""]","[""r0"", ""x0"", ""x1""]",3,e8998d9ce7a853e5,18025d3f5a1dde11,9ebc1ab9a061b3d1,inverted,npn_24165068bb0dbfca,6,source_graph_or_pi_replayable,evidence_advancement_v1
6baf513cd54b13c8,363cbacef6a09318,results/evidence_advancement/artifacts/materialized_replay_pairs/363cbacef6a09318.source.blif,virtual_binary_cut,"xor(m0,y0)","[""m0"", ""y0""]","[""r0"", ""x0"", ""x1""]",3,f919733d549a9e33,71feeed0446218e8,df18d62faaa74b27,same,npn_f919733d549a9e33,6,source_graph_or_pi_replayable,evidence_advancement_v1
fc632cda0e6f5014,3ad88673519b127b,results/evidence_advancement/artifacts/materialized_replay_pairs/3ad88673519b127b.source.blif,pi_literal,x0,"[""x0""]","[""x0""]",1,df18d62faaa74b27,b6cfcfc147cbac64,923682bea6d517dc,same,npn_923682bea6d517dc,6,source_graph_or_pi_replayable,evidence_advancement_v1
2eb1f58854921f2d,3ad88673519b127b,results/evidence_advancement/artifacts/materialized_replay_pairs/3ad88673519b127b.source.blif,pi_literal,x1,"[""x1""]","[""x1""]",1,881bc460ec339572,7836cdae43787598,923682bea6d517dc,same,npn_923682bea6d517dc,6,source_graph_or_pi_replayable,evidence_advancement_v1
5a6a2d80ed905dad,3ad88673519b127b,results/evidence_advancement/artifacts/materialized_replay_pairs/3ad88673519b127b.source.blif,pi_literal,r0,"[""r0""]","[""r0""]",1,f919733d549a9e33,71feeed0446218e8,923682bea6d517dc,same,npn_923682bea6d517dc,6,source_graph_or_pi_replayable,evidence_advancement_v1
c6a838921485cf83,3ad88673519b127b,results/evidence_advancement/artifacts/materialized_replay_pairs/3ad88673519b127b.source.blif,source_node,m0,"[""m0""]","[""r0"", ""x0"", ""x1""]",3,8d1560b225f7c697,d31cf6dbef25069a,9fd48a0d0d9d8a1b,same,npn_9fd48a0d0d9d8a1b,6,source_graph_or_pi_replayable,evidence_advancement_v1
0442a825b0d5381c,3ad88673519b127b,results/evidence_advancement/artifacts/materialized_replay_pairs/3ad88673519b127b.source.blif,source_node,y0,"[""y0""]","[""r0"", ""x0"", ""x1""]",3,c2a6fb6a86cca609,275241aeb7262117,c2a6fb6a86cca609,same,npn_c2a6fb6a86cca609,6,source_graph_or_pi_replayable,evidence_advancement_v1
5cfe5d28d0d894f6,3ad88673519b127b,results/evidence_advancement/artifacts/materialized_replay_pairs/3ad88673519b127b.source.blif,source_node,pcva_75424af82404f5a5,"[""pcva_75424af82404f5a5""]","[""x0"", ""x1""]",2,8d1560b225f7c697,d31cf6dbef25069a,b5d1f15c17250b42,same,npn_b5d1f15c17250b42,6,source_graph_or_pi_replayable,evidence_advancement_v1
01c128aa459032f0,3ad88673519b127b,results/evidence_advancement/artifacts/materialized_replay_pairs/3ad88673519b127b.source.blif,virtual_binary_cut,"and(x0,x1)","[""x0"", ""x1""]","[""x0"", ""x1""]",2,eba8a44748a5f09c,7717b29c04225dc0,94de9e90e231b35b,same,npn_94de9e90e231b35b,6,source_graph_or_pi_replayable,evidence_advancement_v1
a9f506d8e7d37468,3ad88673519b127b,results/evidence_advancement/artifacts/materialized_replay_pairs/3ad88673519b127b.source.blif,virtual_binary_cut,"or(x0,x1)","[""x0"", ""x1""]","[""x0"", ""x1""]",2,42a59debdb0bcad2,9f0c982b4c047d25,c580333a48d30dad,same,npn_94de9e90e231b35b,6,source_graph_or_pi_replayable,evidence_advancement_v1
28718b83cc659679,3ad88673519b127b,results/evidence_advancement/artifacts/materialized_replay_pairs/3ad88673519b127b.source.blif,virtual_binary_cut,"xor(x0,x1)","[""x0"", ""x1""]","[""x0"", ""x1""]",2,8d1560b225f7c697,d31cf6dbef25069a,b5d1f15c17250b42,same,npn_b5d1f15c17250b42,6,source_graph_or_pi_replayable,evidence_advancement_v1
c07d39297cf8e3ff,3ad88673519b127b,results/evidence_advancement/artifacts/materialized_replay_pairs/3ad88673519b127b.source.blif,virtual_binary_cut,"and(x0,not(x1))","[""x0"", ""x1""]","[""x0"", ""x1""]",2,64b0009f6392972f,4618e905c40e8769,90f21496b5c851e8,same,npn_94de9e90e231b35b,6,source_graph_or_pi_replayable,evidence_advancement_v1
524fd7154f5ca21d,3ad88673519b127b,results/evidence_advancement/artifacts/materialized_replay_pairs/3ad88673519b127b.source.blif,virtual_binary_cut,"or(x0,not(x1))","[""x0"", ""x1""]","[""x0"", ""x1""]",2,8560d332f7318334,8f0bc04977f88197,2c24932e8e4ebc2f,inverted,npn_94de9e90e231b35b,6,source_graph_or_pi_replayable,evidence_advancement_v1
147c3bf8d6c75660,3ad88673519b127b,results/evidence_advancement/artifacts/materialized_replay_pairs/3ad88673519b127b.source.blif,virtual_binary_cut,"and(x0,r0)","[""x0"", ""r0""]","[""r0"", ""x0""]",2,1228de099013e868,33fc91d1cc2c3255,94de9e90e231b35b,same,npn_94de9e90e231b35b,6,source_graph_or_pi_replayable,evidence_advancement_v1
a0636c03919a9dd8,3ad88673519b127b,results/evidence_advancement/artifacts/materialized_replay_pairs/3ad88673519b127b.source.blif,virtual_binary_cut,"or(x0,r0)","[""x0"", ""r0""]","[""r0"", ""x0""]",2,1d207ade69b2a3eb,df856b66777ea758,c580333a48d30dad,same,npn_94de9e90e231b35b,6,source_graph_or_pi_replayable,evidence_advancement_v1
394e0be8c6bfc91f,3ad88673519b127b,results/evidence_advancement/artifacts/materialized_replay_pairs/3ad88673519b127b.source.blif,virtual_binary_cut,"xor(x0,r0)","[""x0"", ""r0""]","[""r0"", ""x0""]",2,d7a46d3b3e9464c2,26f3581e5bafe7c7,b5d1f15c17250b42,same,npn_b5d1f15c17250b42,6,source_graph_or_pi_replayable,evidence_advancement_v1
0dfb32af9fb5c00d,3ad88673519b127b,results/evidence_advancement/artifacts/materialized_replay_pairs/3ad88673519b127b.source.blif,virtual_binary_cut,"and(x0,not(r0))","[""x0"", ""r0""]","[""r0"", ""x0""]",2,85473471e2f83e46,7767985351eded02,2c24932e8e4ebc2f,same,npn_94de9e90e231b35b,6,source_graph_or_pi_replayable,evidence_advancement_v1
99cb17d41f676e8f,3ad88673519b127b,results/evidence_advancement/artifacts/materialized_replay_pairs/3ad88673519b127b.source.blif,virtual_binary_cut,"or(x0,not(r0))","[""x0"", ""r0""]","[""r0"", ""x0""]",2,8251c47787737cc6,61ef94dfe370555e,90f21496b5c851e8,inverted,npn_94de9e90e231b35b,6,source_graph_or_pi_replayable,evidence_advancement_v1
b0985fce7de953da,3ad88673519b127b,results/evidence_advancement/artifacts/materialized_replay_pairs/3ad88673519b127b.source.blif,virtual_binary_cut,"and(x0,m0)","[""x0"", ""m0""]","[""r0"", ""x0"", ""x1""]",3,64b0009f6392972f,4618e905c40e8769,1cd47cea02efadc5,same,npn_369b91d179abba64,6,source_graph_or_pi_replayable,evidence_advancement_v1
661b6b5c11742cab,3ad88673519b127b,results/evidence_advancement/artifacts/materialized_replay_pairs/3ad88673519b127b.source.blif,virtual_binary_cut,"or(x0,m0)","[""x0"", ""m0""]","[""r0"", ""x0"", ""x1""]",3,42a59debdb0bcad2,9f0c982b4c047d25,6998c2b0380ed5fd,same,npn_369b91d179abba64,6,source_graph_or_pi_replayable,evidence_advancement_v1
88c9a946ac38b8cc,3ad88673519b127b,results/evidence_advancement/artifacts/materialized_replay_pairs/3ad88673519b127b.source.blif,virtual_binary_cut,"xor(x0,m0)","[""x0"", ""m0""]","[""r0"", ""x0"", ""x1""]",3,881bc460ec339572,7836cdae43787598,f919733d549a9e33,same,npn_f919733d549a9e33,6,source_graph_or_pi_replayable,evidence_advancement_v1
6bd8ff2067d2c380,3ad88673519b127b,results/evidence_advancement/artifacts/materialized_replay_pairs/3ad88673519b127b.source.blif,virtual_binary_cut,"and(x0,not(m0))","[""x0"", ""m0""]","[""r0"", ""x0"", ""x1""]",3,eba8a44748a5f09c,7717b29c04225dc0,369b91d179abba64,same,npn_369b91d179abba64,6,source_graph_or_pi_replayable,evidence_advancement_v1
46361c337ea7724e,3ad88673519b127b,results/evidence_advancement/artifacts/materialized_replay_pairs/3ad88673519b127b.source.blif,virtual_binary_cut,"or(x0,not(m0))","[""x0"", ""m0""]","[""r0"", ""x0"", ""x1""]",3,8560d332f7318334,8f0bc04977f88197,40a3a71b42727dac,inverted,npn_369b91d179abba64,6,source_graph_or_pi_replayable,evidence_advancement_v1
5571b526eec0fb23,3ad88673519b127b,results/evidence_advancement/artifacts/materialized_replay_pairs/3ad88673519b127b.source.blif,virtual_binary_cut,"and(x0,y0)","[""x0"", ""y0""]","[""r0"", ""x0"", ""x1""]",3,cafeff6df6d83c72,40434ab81bb65403,f349b8103440f38f,same,npn_c367d71c2eac76ee,6,source_graph_or_pi_replayable,evidence_advancement_v1
a7ddcb8e2e823338,3ad88673519b127b,results/evidence_advancement/artifacts/materialized_replay_pairs/3ad88673519b127b.source.blif,virtual_binary_cut,"or(x0,y0)","[""x0"", ""y0""]","[""r0"", ""x0"", ""x1""]",3,45ee4c05f4aac508,d82871169a887f4c,786379bfa9523fe4,same,npn_c367d71c2eac76ee,6,source_graph_or_pi_replayable,evidence_advancement_v1
53322599b676b696,3ad88673519b127b,results/evidence_advancement/artifacts/materialized_replay_pairs/3ad88673519b127b.source.blif,virtual_binary_cut,"xor(x0,y0)","[""x0"", ""y0""]","[""r0"", ""x0"", ""x1""]",3,9fd48a0d0d9d8a1b,89e85f36ec391ace,d7a46d3b3e9464c2,same,npn_9fd48a0d0d9d8a1b,6,source_graph_or_pi_replayable,evidence_advancement_v1
58d9905ecab51afe,3ad88673519b127b,results/evidence_advancement/artifacts/materialized_replay_pairs/3ad88673519b127b.source.blif,virtual_binary_cut,"and(x0,not(y0))","[""x0"", ""y0""]","[""r0"", ""x0"", ""x1""]",3,9875d06f074d4934,709b7cd024183d71,e502e9191e6ed303,same,npn_c367d71c2eac76ee,6,source_graph_or_pi_replayable,evidence_advancement_v1
1862b80dcc76ff97,3ad88673519b127b,results/evidence_advancement/artifacts/materialized_replay_pairs/3ad88673519b127b.source.blif,virtual_binary_cut,"or(x0,not(y0))","[""x0"", ""y0""]","[""r0"", ""x0"", ""x1""]",3,5f19d4e4b2292e32,fec5a0854918cc1b,13b2d0b1cc3afd67,inverted,npn_c367d71c2eac76ee,6,source_graph_or_pi_replayable,evidence_advancement_v1
cd809c9c3ef89f1c,3ad88673519b127b,results/evidence_advancement/artifacts/materialized_replay_pairs/3ad88673519b127b.source.blif,virtual_binary_cut,"xor(x0,pcva_75424af82404f5a5)","[""x0"", ""pcva_75424af82404f5a5""]","[""x0"", ""x1""]",2,881bc460ec339572,7836cdae43787598,6471b342ae3c3106,same,npn_6471b342ae3c3106,6,source_graph_or_pi_replayable,evidence_advancement_v1
ddbf82e0c71459a5,3ad88673519b127b,results/evidence_advancement/artifacts/materialized_replay_pairs/3ad88673519b127b.source.blif,virtual_binary_cut,"and(x1,r0)","[""x1"", ""r0""]","[""r0"", ""x1""]",2,369b91d179abba64,81db286b120ccd3b,94de9e90e231b35b,same,npn_94de9e90e231b35b,6,source_graph_or_pi_replayable,evidence_advancement_v1
605518de95d70e15,3ad88673519b127b,results/evidence_advancement/artifacts/materialized_replay_pairs/3ad88673519b127b.source.blif,virtual_binary_cut,"or(x1,r0)","[""x1"", ""r0""]","[""r0"", ""x1""]",2,6998c2b0380ed5fd,df970782afed63be,c580333a48d30dad,same,npn_94de9e90e231b35b,6,source_graph_or_pi_replayable,evidence_advancement_v1
4ea22fb97160cd98,3ad88673519b127b,results/evidence_advancement/artifacts/materialized_replay_pairs/3ad88673519b127b.source.blif,virtual_binary_cut,"xor(x1,r0)","[""x1"", ""r0""]","[""r0"", ""x1""]",2,9fd48a0d0d9d8a1b,89e85f36ec391ace,b5d1f15c17250b42,same,npn_b5d1f15c17250b42,6,source_graph_or_pi_replayable,evidence_advancement_v1
c055b8ee2954cc9b,3ad88673519b127b,results/evidence_advancement/artifacts/materialized_replay_pairs/3ad88673519b127b.source.blif,virtual_binary_cut,"and(x1,not(r0))","[""x1"", ""r0""]","[""r0"", ""x1""]",2,1cd47cea02efadc5,b3dbc758ed4cf7c1,2c24932e8e4ebc2f,same,npn_94de9e90e231b35b,6,source_graph_or_pi_replayable,evidence_advancement_v1
5d0193a387b22adc,3ad88673519b127b,results/evidence_advancement/artifacts/materialized_replay_pairs/3ad88673519b127b.source.blif,virtual_binary_cut,"or(x1,not(r0))","[""x1"", ""r0""]","[""r0"", ""x1""]",2,3dd858e6fc78578a,40a3a71b42727dac,90f21496b5c851e8,inverted,npn_94de9e90e231b35b,6,source_graph_or_pi_replayable,evidence_advancement_v1
ac284bdaee278e33,3ad88673519b127b,results/evidence_advancement/artifacts/materialized_replay_pairs/3ad88673519b127b.source.blif,virtual_binary_cut,"xor(x1,m0)","[""x1"", ""m0""]","[""r0"", ""x0"", ""x1""]",3,df18d62faaa74b27,b6cfcfc147cbac64,881bc460ec339572,same,npn_f919733d549a9e33,6,source_graph_or_pi_replayable,evidence_advancement_v1
d92859146758f0eb,3ad88673519b127b,results/evidence_advancement/artifacts/materialized_replay_pairs/3ad88673519b127b.source.blif,virtual_binary_cut,"and(x1,y0)","[""x1"", ""y0""]","[""r0"", ""x0"", ""x1""]",3,f349b8103440f38f,281fdcdaa6ddf1e3,ef73cac577bcd031,same,npn_c367d71c2eac76ee,6,source_graph_or_pi_replayable,evidence_advancement_v1
e6f7ead3d5a7f9f7,3ad88673519b127b,results/evidence_advancement/artifacts/materialized_replay_pairs/3ad88673519b127b.source.blif,virtual_binary_cut,"or(x1,y0)","[""x1"", ""y0""]","[""r0"", ""x0"", ""x1""]",3,786379bfa9523fe4,978691fe37bbf018,b9cbd9a487f80552,same,npn_c367d71c2eac76ee,6,source_graph_or_pi_replayable,evidence_advancement_v1
3892fd9873759dff,3ad88673519b127b,results/evidence_advancement/artifacts/materialized_replay_pairs/3ad88673519b127b.source.blif,virtual_binary_cut,"xor(x1,y0)","[""x1"", ""y0""]","[""r0"", ""x0"", ""x1""]",3,d7a46d3b3e9464c2,26f3581e5bafe7c7,8d1560b225f7c697,same,npn_9fd48a0d0d9d8a1b,6,source_graph_or_pi_replayable,evidence_advancement_v1
2da232d7ac4e0781,3ad88673519b127b,results/evidence_advancement/artifacts/materialized_replay_pairs/3ad88673519b127b.source.blif,virtual_binary_cut,"and(x1,not(y0))","[""x1"", ""y0""]","[""r0"", ""x0"", ""x1""]",3,e502e9191e6ed303,9ba33c777b6dd915,c367d71c2eac76ee,same,npn_c367d71c2eac76ee,6,source_graph_or_pi_replayable,evidence_advancement_v1
96804a2aae6e9391,3ad88673519b127b,results/evidence_advancement/artifacts/materialized_replay_pairs/3ad88673519b127b.source.blif,virtual_binary_cut,"or(x1,not(y0))","[""x1"", ""y0""]","[""r0"", ""x0"", ""x1""]",3,4630f7310d6febc0,13b2d0b1cc3afd67,7f94ec8202b0598d,inverted,npn_c367d71c2eac76ee,6,source_graph_or_pi_replayable,evidence_advancement_v1
6eba9a4bf606aff8,3ad88673519b127b,results/evidence_advancement/artifacts/materialized_replay_pairs/3ad88673519b127b.source.blif,virtual_binary_cut,"xor(x1,pcva_75424af82404f5a5)","[""x1"", ""pcva_75424af82404f5a5""]","[""x0"", ""x1""]",2,df18d62faaa74b27,b6cfcfc147cbac64,f14e1817ec32b1b5,same,npn_6471b342ae3c3106,6,source_graph_or_pi_replayable,evidence_advancement_v1
a1bba8446fb9f7b6,3ad88673519b127b,results/evidence_advancement/artifacts/materialized_replay_pairs/3ad88673519b127b.source.blif,virtual_binary_cut,"and(r0,m0)","[""r0"", ""m0""]","[""r0"", ""x0"", ""x1""]",3,c367d71c2eac76ee,cad912d562146843,9875d06f074d4934,same,npn_c367d71c2eac76ee,6,source_graph_or_pi_replayable,evidence_advancement_v1
c809c1242f1eed2c,3ad88673519b127b,results/evidence_advancement/artifacts/materialized_replay_pairs/3ad88673519b127b.source.blif,virtual_binary_cut,"or(r0,m0)","[""r0"", ""m0""]","[""r0"", ""x0"", ""x1""]",3,b9cbd9a487f80552,d8f1a1158f9df939,45ee4c05f4aac508,same,npn_c367d71c2eac76ee,6,source_graph_or_pi_replayable,evidence_advancement_v1
c0831fcb21db7705,3ad88673519b127b,results/evidence_advancement/artifacts/materialized_replay_pairs/3ad88673519b127b.source.blif,virtual_binary_cut,"xor(r0,m0)","[""r0"", ""m0""]","[""r0"", ""x0"", ""x1""]",3,c2a6fb6a86cca609,275241aeb7262117,c2a6fb6a86cca609,same,npn_c2a6fb6a86cca609,6,source_graph_or_pi_replayable,evidence_advancement_v1
46c8255f2d1c27f2,3ad88673519b127b,results/evidence_advancement/artifacts/materialized_replay_pairs/3ad88673519b127b.source.blif,virtual_binary_cut,"and(r0,not(m0))","[""r0"", ""m0""]","[""r0"", ""x0"", ""x1""]",3,ef73cac577bcd031,1cddf125e7c6c591,cafeff6df6d83c72,same,npn_c367d71c2eac76ee,6,source_graph_or_pi_replayable,evidence_advancement_v1
c27170941d495002,3ad88673519b127b,results/evidence_advancement/artifacts/materialized_replay_pairs/3ad88673519b127b.source.blif,virtual_binary_cut,"or(r0,not(m0))","[""r0"", ""m0""]","[""r0"", ""x0"", ""x1""]",3,df9216350cc7abbf,7f94ec8202b0598d,fec5a0854918cc1b,inverted,npn_c367d71c2eac76ee,6,source_graph_or_pi_replayable,evidence_advancement_v1
655eb4917864f3f9,3ad88673519b127b,results/evidence_advancement/artifacts/materialized_replay_pairs/3ad88673519b127b.source.blif,virtual_binary_cut,"xor(r0,y0)","[""r0"", ""y0""]","[""r0"", ""x0"", ""x1""]",3,8d1560b225f7c697,d31cf6dbef25069a,9fd48a0d0d9d8a1b,same,npn_9fd48a0d0d9d8a1b,6,source_graph_or_pi_replayable,evidence_advancement_v1
585c3d5482f0c4c8,3ad88673519b127b,results/evidence_advancement/artifacts/materialized_replay_pairs/3ad88673519b127b.source.blif,virtual_binary_cut,"xor(m0,y0)","[""m0"", ""y0""]","[""r0"", ""x0"", ""x1""]",3,f919733d549a9e33,71feeed0446218e8,df18d62faaa74b27,same,npn_f919733d549a9e33,6,source_graph_or_pi_replayable,evidence_advancement_v1
ada5b409e905e2fe,3ad88673519b127b,results/evidence_advancement/artifacts/materialized_replay_pairs/3ad88673519b127b.source.blif,virtual_binary_cut,"xor(m0,pcva_75424af82404f5a5)","[""m0"", ""pcva_75424af82404f5a5""]","[""r0"", ""x0"", ""x1""]",3,c14bc7d02c76f1ae,fc67e5cbb4b98b43,c14bc7d02c76f1ae,same,npn_c14bc7d02c76f1ae,6,source_graph_or_pi_replayable,evidence_advancement_v1
277f668702243b58,3f3c2d296dfb0ea0,results/evidence_advancement/artifacts/materialized_replay_pairs/3f3c2d296dfb0ea0.source.blif,pi_literal,a,"[""a""]","[""a""]",1,df18d62faaa74b27,b6cfcfc147cbac64,923682bea6d517dc,same,npn_923682bea6d517dc,6,source_graph_or_pi_replayable,evidence_advancement_v1
dc0830f14b44fc79,3f3c2d296dfb0ea0,results/evidence_advancement/artifacts/materialized_replay_pairs/3f3c2d296dfb0ea0.source.blif,pi_literal,b,"[""b""]","[""b""]",1,881bc460ec339572,7836cdae43787598,923682bea6d517dc,same,npn_923682bea6d517dc,6,source_graph_or_pi_replayable,evidence_advancement_v1
1459c20a983484d5,3f3c2d296dfb0ea0,results/evidence_advancement/artifacts/materialized_replay_pairs/3f3c2d296dfb0ea0.source.blif,pi_literal,cin,"[""cin""]","[""cin""]",1,f919733d549a9e33,71feeed0446218e8,923682bea6d517dc,same,npn_923682bea6d517dc,6,source_graph_or_pi_replayable,evidence_advancement_v1
6602cfaba7c95438,3f3c2d296dfb0ea0,results/evidence_advancement/artifacts/materialized_replay_pairs/3f3c2d296dfb0ea0.source.blif,source_node,ab_xor,"[""ab_xor""]","[""a"", ""b""]",2,8d1560b225f7c697,d31cf6dbef25069a,b5d1f15c17250b42,same,npn_b5d1f15c17250b42,6,source_graph_or_pi_replayable,evidence_advancement_v1
3a944442add2730a,3f3c2d296dfb0ea0,results/evidence_advancement/artifacts/materialized_replay_pairs/3f3c2d296dfb0ea0.source.blif,source_node,sum,"[""sum""]","[""a"", ""b"", ""cin""]",3,c2a6fb6a86cca609,275241aeb7262117,c2a6fb6a86cca609,same,npn_c2a6fb6a86cca609,6,source_graph_or_pi_replayable,evidence_advancement_v1
5c68ded7e7f28426,3f3c2d296dfb0ea0,results/evidence_advancement/artifacts/materialized_replay_pairs/3f3c2d296dfb0ea0.source.blif,source_node,ab_and,"[""ab_and""]","[""a"", ""b""]",2,eba8a44748a5f09c,7717b29c04225dc0,94de9e90e231b35b,same,npn_94de9e90e231b35b,6,source_graph_or_pi_replayable,evidence_advancement_v1
716a7a588bb1f3a8,3f3c2d296dfb0ea0,results/evidence_advancement/artifacts/materialized_replay_pairs/3f3c2d296dfb0ea0.source.blif,source_node,a_cin_and,"[""a_cin_and""]","[""a"", ""cin""]",2,1228de099013e868,33fc91d1cc2c3255,94de9e90e231b35b,same,npn_94de9e90e231b35b,6,source_graph_or_pi_replayable,evidence_advancement_v1
c65d42029c2702e4,3f3c2d296dfb0ea0,results/evidence_advancement/artifacts/materialized_replay_pairs/3f3c2d296dfb0ea0.source.blif,source_node,b_cin_and,"[""b_cin_and""]","[""b"", ""cin""]",2,369b91d179abba64,81db286b120ccd3b,94de9e90e231b35b,same,npn_94de9e90e231b35b,6,source_graph_or_pi_replayable,evidence_advancement_v1
ccf5d8ca5c3f3ce5,3f3c2d296dfb0ea0,results/evidence_advancement/artifacts/materialized_replay_pairs/3f3c2d296dfb0ea0.source.blif,source_node,cout,"[""cout""]","[""a"", ""b"", ""cin""]",3,f362bf34947fde3f,62b7ad64067260f2,f362bf34947fde3f,same,npn_f362bf34947fde3f,6,source_graph_or_pi_replayable,evidence_advancement_v1
b4b5c2795e3ff262,3f3c2d296dfb0ea0,results/evidence_advancement/artifacts/materialized_replay_pairs/3f3c2d296dfb0ea0.source.blif,virtual_binary_cut,"and(a,b)","[""a"", ""b""]","[""a"", ""b""]",2,eba8a44748a5f09c,7717b29c04225dc0,94de9e90e231b35b,same,npn_94de9e90e231b35b,6,source_graph_or_pi_replayable,evidence_advancement_v1
46e7f1da719ac9f1,3f3c2d296dfb0ea0,results/evidence_advancement/artifacts/materialized_replay_pairs/3f3c2d296dfb0ea0.source.blif,virtual_binary_cut,"or(a,b)","[""a"", ""b""]","[""a"", ""b""]",2,42a59debdb0bcad2,9f0c982b4c047d25,c580333a48d30dad,same,npn_94de9e90e231b35b,6,source_graph_or_pi_replayable,evidence_advancement_v1
d14d24929e641467,3f3c2d296dfb0ea0,results/evidence_advancement/artifacts/materialized_replay_pairs/3f3c2d296dfb0ea0.source.blif,virtual_binary_cut,"xor(a,b)","[""a"", ""b""]","[""a"", ""b""]",2,8d1560b225f7c697,d31cf6dbef25069a,b5d1f15c17250b42,same,npn_b5d1f15c17250b42,6,source_graph_or_pi_replayable,evidence_advancement_v1
af4a34a78758806d,3f3c2d296dfb0ea0,results/evidence_advancement/artifacts/materialized_replay_pairs/3f3c2d296dfb0ea0.source.blif,virtual_binary_cut,"and(a,not(b))","[""a"", ""b""]","[""a"", ""b""]",2,64b0009f6392972f,4618e905c40e8769,90f21496b5c851e8,same,npn_94de9e90e231b35b,6,source_graph_or_pi_replayable,evidence_advancement_v1
575b419a44141a12,3f3c2d296dfb0ea0,results/evidence_advancement/artifacts/materialized_replay_pairs/3f3c2d296dfb0ea0.source.blif,virtual_binary_cut,"or(a,not(b))","[""a"", ""b""]","[""a"", ""b""]",2,8560d332f7318334,8f0bc04977f88197,2c24932e8e4ebc2f,inverted,npn_94de9e90e231b35b,6,source_graph_or_pi_replayable,evidence_advancement_v1
de7894ffd48a3c2b,3f3c2d296dfb0ea0,results/evidence_advancement/artifacts/materialized_replay_pairs/3f3c2d296dfb0ea0.source.blif,virtual_binary_cut,"and(a,cin)","[""a"", ""cin""]","[""a"", ""cin""]",2,1228de099013e868,33fc91d1cc2c3255,94de9e90e231b35b,same,npn_94de9e90e231b35b,6,source_graph_or_pi_replayable,evidence_advancement_v1
5806ec6afe8e1e84,3f3c2d296dfb0ea0,results/evidence_advancement/artifacts/materialized_replay_pairs/3f3c2d296dfb0ea0.source.blif,virtual_binary_cut,"or(a,cin)","[""a"", ""cin""]","[""a"", ""cin""]",2,1d207ade69b2a3eb,df856b66777ea758,c580333a48d30dad,same,npn_94de9e90e231b35b,6,source_graph_or_pi_replayable,evidence_advancement_v1
bf85f996563ac90c,3f3c2d296dfb0ea0,results/evidence_advancement/artifacts/materialized_replay_pairs/3f3c2d296dfb0ea0.source.blif,virtual_binary_cut,"xor(a,cin)","[""a"", ""cin""]","[""a"", ""cin""]",2,d7a46d3b3e9464c2,26f3581e5bafe7c7,b5d1f15c17250b42,same,npn_b5d1f15c17250b42,6,source_graph_or_pi_replayable,evidence_advancement_v1
550b2881201efe95,3f3c2d296dfb0ea0,results/evidence_advancement/artifacts/materialized_replay_pairs/3f3c2d296dfb0ea0.source.blif,virtual_binary_cut,"and(a,not(cin))","[""a"", ""cin""]","[""a"", ""cin""]",2,85473471e2f83e46,7767985351eded02,90f21496b5c851e8,same,npn_94de9e90e231b35b,6,source_graph_or_pi_replayable,evidence_advancement_v1
5d95d632b87e7f2c,3f3c2d296dfb0ea0,results/evidence_advancement/artifacts/materialized_replay_pairs/3f3c2d296dfb0ea0.source.blif,virtual_binary_cut,"or(a,not(cin))","[""a"", ""cin""]","[""a"", ""cin""]",2,8251c47787737cc6,61ef94dfe370555e,2c24932e8e4ebc2f,inverted,npn_94de9e90e231b35b,6,source_graph_or_pi_replayable,evidence_advancement_v1
4fb3d6d98d350a54,3f3c2d296dfb0ea0,results/evidence_advancement/artifacts/materialized_replay_pairs/3f3c2d296dfb0ea0.source.blif,virtual_binary_cut,"xor(a,ab_xor)","[""a"", ""ab_xor""]","[""a"", ""b""]",2,881bc460ec339572,7836cdae43787598,6471b342ae3c3106,same,npn_6471b342ae3c3106,6,source_graph_or_pi_replayable,evidence_advancement_v1
69d9bbe85480bee7,3f3c2d296dfb0ea0,results/evidence_advancement/artifacts/materialized_replay_pairs/3f3c2d296dfb0ea0.source.blif,virtual_binary_cut,"and(a,sum)","[""a"", ""sum""]","[""a"", ""b"", ""cin""]",3,cafeff6df6d83c72,40434ab81bb65403,cafeff6df6d83c72,same,npn_c367d71c2eac76ee,6,source_graph_or_pi_replayable,evidence_advancement_v1
d529cff772730460,3f3c2d296dfb0ea0,results/evidence_advancement/artifacts/materialized_replay_pairs/3f3c2d296dfb0ea0.source.blif,virtual_binary_cut,"or(a,sum)","[""a"", ""sum""]","[""a"", ""b"", ""cin""]",3,45ee4c05f4aac508,d82871169a887f4c,45ee4c05f4aac508,same,npn_c367d71c2eac76ee,6,source_graph_or_pi_replayable,evidence_advancement_v1
3004cc7c434b3010,3f3c2d296dfb0ea0,results/evidence_advancement/artifacts/materialized_replay_pairs/3f3c2d296dfb0ea0.source.blif,virtual_binary_cut,"xor(a,sum)","[""a"", ""sum""]","[""a"", ""b"", ""cin""]",3,9fd48a0d0d9d8a1b,89e85f36ec391ace,9fd48a0d0d9d8a1b,same,npn_9fd48a0d0d9d8a1b,6,source_graph_or_pi_replayable,evidence_advancement_v1
13b246a6de5e773a,3f3c2d296dfb0ea0,results/evidence_advancement/artifacts/materialized_replay_pairs/3f3c2d296dfb0ea0.source.blif,virtual_binary_cut,"and(a,not(sum))","[""a"", ""sum""]","[""a"", ""b"", ""cin""]",3,9875d06f074d4934,709b7cd024183d71,9875d06f074d4934,same,npn_c367d71c2eac76ee,6,source_graph_or_pi_replayable,evidence_advancement_v1
483b0122c1e73743,3f3c2d296dfb0ea0,results/evidence_advancement/artifacts/materialized_replay_pairs/3f3c2d296dfb0ea0.source.blif,virtual_binary_cut,"or(a,not(sum))","[""a"", ""sum""]","[""a"", ""b"", ""cin""]",3,5f19d4e4b2292e32,fec5a0854918cc1b,fec5a0854918cc1b,inverted,npn_c367d71c2eac76ee,6,source_graph_or_pi_replayable,evidence_advancement_v1
89fff6c72fe1bb15,3f3c2d296dfb0ea0,results/evidence_advancement/artifacts/materialized_replay_pairs/3f3c2d296dfb0ea0.source.blif,virtual_binary_cut,"or(a,ab_and)","[""a"", ""ab_and""]","[""a"", ""b""]",2,df18d62faaa74b27,b6cfcfc147cbac64,f14e1817ec32b1b5,same,npn_6471b342ae3c3106,6,source_graph_or_pi_replayable,evidence_advancement_v1
ec5f7607a5051cbb,3f3c2d296dfb0ea0,results/evidence_advancement/artifacts/materialized_replay_pairs/3f3c2d296dfb0ea0.source.blif,virtual_binary_cut,"or(a,not(ab_and))","[""a"", ""ab_and""]","[""a"", ""b""]",2,fc67e5cbb4b98b43,c14bc7d02c76f1ae,a90d007c2fc57df6,inverted,npn_a90d007c2fc57df6,6,source_graph_or_pi_replayable,evidence_advancement_v1
49534713b35f4565,3f3c2d296dfb0ea0,results/evidence_advancement/artifacts/materialized_replay_pairs/3f3c2d296dfb0ea0.source.blif,virtual_binary_cut,"or(a,a_cin_and)","[""a"", ""a_cin_and""]","[""a"", ""cin""]",2,df18d62faaa74b27,b6cfcfc147cbac64,f14e1817ec32b1b5,same,npn_6471b342ae3c3106,6,source_graph_or_pi_replayable,evidence_advancement_v1
ea01062fe1f87c7a,3f3c2d296dfb0ea0,results/evidence_advancement/artifacts/materialized_replay_pairs/3f3c2d296dfb0ea0.source.blif,virtual_binary_cut,"or(a,not(a_cin_and))","[""a"", ""a_cin_and""]","[""a"", ""cin""]",2,fc67e5cbb4b98b43,c14bc7d02c76f1ae,a90d007c2fc57df6,inverted,npn_a90d007c2fc57df6,6,source_graph_or_pi_replayable,evidence_advancement_v1
99931af2b8c7fff6,3f3c2d296dfb0ea0,results/evidence_advancement/artifacts/materialized_replay_pairs/3f3c2d296dfb0ea0.source.blif,virtual_binary_cut,"and(a,b_cin_and)","[""a"", ""b_cin_and""]","[""a"", ""b"", ""cin""]",3,24165068bb0dbfca,7706d5f66a567332,24165068bb0dbfca,same,npn_24165068bb0dbfca,6,source_graph_or_pi_replayable,evidence_advancement_v1
1fb937d3ece8b767,3f3c2d296dfb0ea0,results/evidence_advancement/artifacts/materialized_replay_pairs/3f3c2d296dfb0ea0.source.blif,virtual_binary_cut,"or(a,b_cin_and)","[""a"", ""b_cin_and""]","[""a"", ""b"", ""cin""]",3,2d3d88fc9460d408,01b57a83096fa359,2d3d88fc9460d408,same,npn_358a268fde92333a,6,source_graph_or_pi_replayable,evidence_advancement_v1
eac63c21fbefc305,3f3c2d296dfb0ea0,results/evidence_advancement/artifacts/materialized_replay_pairs/3f3c2d296dfb0ea0.source.blif,virtual_binary_cut,"xor(a,b_cin_and)","[""a"", ""b_cin_and""]","[""a"", ""b"", ""cin""]",3,60196d9c90521e9d,a288081a64aa38ce,60196d9c90521e9d,same,npn_2e96a02abe3f2e05,6,source_graph_or_pi_replayable,evidence_advancement_v1
a92c8067374f1ad6,3f3c2d296dfb0ea0,results/evidence_advancement/artifacts/materialized_replay_pairs/3f3c2d296dfb0ea0.source.blif,virtual_binary_cut,"and(a,not(b_cin_and))","[""a"", ""b_cin_and""]","[""a"", ""b"", ""cin""]",3,86541bc0ebd49ad1,c0b2b7eb4e4b47b9,86541bc0ebd49ad1,same,npn_358a268fde92333a,6,source_graph_or_pi_replayable,evidence_advancement_v1
3c01d10f682f0bf2,3f3c2d296dfb0ea0,results/evidence_advancement/artifacts/materialized_replay_pairs/3f3c2d296dfb0ea0.source.blif,virtual_binary_cut,"or(a,not(b_cin_and))","[""a"", ""b_cin_and""]","[""a"", ""b"", ""cin""]",3,5242b1da53ab09a8,9ebc1ab9a061b3d1,9ebc1ab9a061b3d1,inverted,npn_24165068bb0dbfca,6,source_graph_or_pi_replayable,evidence_advancement_v1
6216900fa420a5da,3f3c2d296dfb0ea0,results/evidence_advancement/artifacts/materialized_replay_pairs/3f3c2d296dfb0ea0.source.blif,virtual_binary_cut,"and(a,cout)","[""a"", ""cout""]","[""a"", ""b"", ""cin""]",3,bea908062cfa2db7,d203ab8f1062b0a0,bea908062cfa2db7,same,npn_358a268fde92333a,6,source_graph_or_pi_replayable,evidence_advancement_v1
27ce3bd3c39a793d,3f3c2d296dfb0ea0,results/evidence_advancement/artifacts/materialized_replay_pairs/3f3c2d296dfb0ea0.source.blif,virtual_binary_cut,"xor(a,cout)","[""a"", ""cout""]","[""a"", ""b"", ""cin""]",3,0cd59fa994925bb3,21d49298ab0d6bfc,0cd59fa994925bb3,same,npn_a32eb2538c37ee34,6,source_graph_or_pi_replayable,evidence_advancement_v1
74afbf4e447dc722,3f3c2d296dfb0ea0,results/evidence_advancement/artifacts/materialized_replay_pairs/3f3c2d296dfb0ea0.source.blif,virtual_binary_cut,"and(a,not(cout))","[""a"", ""cout""]","[""a"", ""b"", ""cin""]",3,0929086ae3553ffd,3c35fbd6acc1a5b4,0929086ae3553ffd,same,npn_24165068bb0dbfca,6,source_graph_or_pi_replayable,evidence_advancement_v1
3b1e0a9f4934ce97,3f3c2d296dfb0ea0,results/evidence_advancement/artifacts/materialized_replay_pairs/3f3c2d296dfb0ea0.source.blif,virtual_binary_cut,"and(b,cin)","[""b"", ""cin""]","[""b"", ""cin""]",2,369b91d179abba64,81db286b120ccd3b,94de9e90e231b35b,same,npn_94de9e90e231b35b,6,source_graph_or_pi_replayable,evidence_advancement_v1
92c78ebb67a88236,3f3c2d296dfb0ea0,results/evidence_advancement/artifacts/materialized_replay_pairs/3f3c2d296dfb0ea0.source.blif,virtual_binary_cut,"or(b,cin)","[""b"", ""cin""]","[""b"", ""cin""]",2,6998c2b0380ed5fd,df970782afed63be,c580333a48d30dad,same,npn_94de9e90e231b35b,6,source_graph_or_pi_replayable,evidence_advancement_v1
91c531dba44d61dd,3f3c2d296dfb0ea0,results/evidence_advancement/artifacts/materialized_replay_pairs/3f3c2d296dfb0ea0.source.blif,virtual_binary_cut,"xor(b,cin)","[""b"", ""cin""]","[""b"", ""cin""]",2,9fd48a0d0d9d8a1b,89e85f36ec391ace,b5d1f15c17250b42,same,npn_b5d1f15c17250b42,6,source_graph_or_pi_replayable,evidence_advancement_v1
f308ad43523938d4,3f3c2d296dfb0ea0,results/evidence_advancement/artifacts/materialized_replay_pairs/3f3c2d296dfb0ea0.source.blif,virtual_binary_cut,"and(b,not(cin))","[""b"", ""cin""]","[""b"", ""cin""]",2,1cd47cea02efadc5,b3dbc758ed4cf7c1,90f21496b5c851e8,same,npn_94de9e90e231b35b,6,source_graph_or_pi_replayable,evidence_advancement_v1
2611912bdd153382,3f3c2d296dfb0ea0,results/evidence_advancement/artifacts/materialized_replay_pairs/3f3c2d296dfb0ea0.source.blif,virtual_binary_cut,"or(b,not(cin))","[""b"", ""cin""]","[""b"", ""cin""]",2,3dd858e6fc78578a,40a3a71b42727dac,2c24932e8e4ebc2f,inverted,npn_94de9e90e231b35b,6,source_graph_or_pi_replayable,evidence_advancement_v1
f36f8ad202463d45,3f3c2d296dfb0ea0,results/evidence_advancement/artifacts/materialized_replay_pairs/3f3c2d296dfb0ea0.source.blif,virtual_binary_cut,"and(b,sum)","[""b"", ""sum""]","[""a"", ""b"", ""cin""]",3,f349b8103440f38f,281fdcdaa6ddf1e3,f349b8103440f38f,same,npn_c367d71c2eac76ee,6,source_graph_or_pi_replayable,evidence_advancement_v1
bdab8a5e4814b251,3f3c2d296dfb0ea0,results/evidence_advancement/artifacts/materialized_replay_pairs/3f3c2d296dfb0ea0.source.blif,virtual_binary_cut,"or(b,sum)","[""b"", ""sum""]","[""a"", ""b"", ""cin""]",3,786379bfa9523fe4,978691fe37bbf018,786379bfa9523fe4,same,npn_c367d71c2eac76ee,6,source_graph_or_pi_replayable,evidence_advancement_v1
c870282cf2f2e09b,3f3c2d296dfb0ea0,results/evidence_advancement/artifacts/materialized_replay_pairs/3f3c2d296dfb0ea0.source.blif,virtual_binary_cut,"xor(b,sum)","[""b"", ""sum""]","[""a"", ""b"", ""cin""]",3,d7a46d3b3e9464c2,26f3581e5bafe7c7,d7a46d3b3e9464c2,same,npn_9fd48a0d0d9d8a1b,6,source_graph_or_pi_replayable,evidence_advancement_v1
44fc11909f8e3b4a,3f3c2d296dfb0ea0,results/evidence_advancement/artifacts/materialized_replay_pairs/3f3c2d296dfb0ea0.source.blif,virtual_binary_cut,"and(b,not(sum))","[""b"", ""sum""]","[""a"", ""b"", ""cin""]",3,e502e9191e6ed303,9ba33c777b6dd915,e502e9191e6ed303,same,npn_c367d71c2eac76ee,6,source_graph_or_pi_replayable,evidence_advancement_v1
01bd0ea0cedad391,3f3c2d296dfb0ea0,results/evidence_advancement/artifacts/materialized_replay_pairs/3f3c2d296dfb0ea0.source.blif,virtual_binary_cut,"or(b,not(sum))","[""b"", ""sum""]","[""a"", ""b"", ""cin""]",3,4630f7310d6febc0,13b2d0b1cc3afd67,13b2d0b1cc3afd67,inverted,npn_c367d71c2eac76ee,6,source_graph_or_pi_replayable,evidence_advancement_v1
f4b30644ce32e04d,3f3c2d296dfb0ea0,results/evidence_advancement/artifacts/materialized_replay_pairs/3f3c2d296dfb0ea0.source.blif,virtual_binary_cut,"or(b,a_cin_and)","[""b"", ""a_cin_and""]","[""a"", ""b"", ""cin""]",3,3b07b0bc23372d78,a21f9e000f8d8b39,3b07b0bc23372d78,same,npn_358a268fde92333a,6,source_graph_or_pi_replayable,evidence_advancement_v1
16c0da2c31dceba8,3f3c2d296dfb0ea0,results/evidence_advancement/artifacts/materialized_replay_pairs/3f3c2d296dfb0ea0.source.blif,virtual_binary_cut,"xor(b,a_cin_and)","[""b"", ""a_cin_and""]","[""a"", ""b"", ""cin""]",3,b557e1bc282e341d,b7c4e46bdd0916fd,b557e1bc282e341d,same,npn_2e96a02abe3f2e05,6,source_graph_or_pi_replayable,evidence_advancement_v1
160428bc2a6687ec,3f3c2d296dfb0ea0,results/evidence_advancement/artifacts/materialized_replay_pairs/3f3c2d296dfb0ea0.source.blif,virtual_binary_cut,"and(b,not(a_cin_and))","[""b"", ""a_cin_and""]","[""a"", ""b"", ""cin""]",3,4f60c46211bb6d37,bd8c96055d4724db,4f60c46211bb6d37,same,npn_358a268fde92333a,6,source_graph_or_pi_replayable,evidence_advancement_v1
a5953497ed1a9294,3f3c2d296dfb0ea0,results/evidence_advancement/artifacts/materialized_replay_pairs/3f3c2d296dfb0ea0.source.blif,virtual_binary_cut,"or(b,not(a_cin_and))","[""b"", ""a_cin_and""]","[""a"", ""b"", ""cin""]",3,e5e9f7323f023fb7,afe6407a40ccdeab,afe6407a40ccdeab,inverted,npn_24165068bb0dbfca,6,source_graph_or_pi_replayable,evidence_advancement_v1
002e9191158bdd16,3f3c2d296dfb0ea0,results/evidence_advancement/artifacts/materialized_replay_pairs/3f3c2d296dfb0ea0.source.blif,virtual_binary_cut,"or(b,b_cin_and)","[""b"", ""b_cin_and""]","[""b"", ""cin""]",2,881bc460ec339572,7836cdae43787598,f14e1817ec32b1b5,same,npn_6471b342ae3c3106,6,source_graph_or_pi_replayable,evidence_advancement_v1
a517597e4d24a128,3f3c2d296dfb0ea0,results/evidence_advancement/artifacts/materialized_replay_pairs/3f3c2d296dfb0ea0.source.blif,virtual_binary_cut,"or(b,not(b_cin_and))","[""b"", ""b_cin_and""]","[""b"", ""cin""]",2,fc67e5cbb4b98b43,c14bc7d02c76f1ae,a90d007c2fc57df6,inverted,npn_a90d007c2fc57df6,6,source_graph_or_pi_replayable,evidence_advancement_v1
3f9075839cc9d1ba,3f3c2d296dfb0ea0,results/evidence_advancement/artifacts/materialized_replay_pairs/3f3c2d296dfb0ea0.source.blif,virtual_binary_cut,"and(b,cout)","[""b"", ""cout""]","[""a"", ""b"", ""cin""]",3,dc3cd88779d423cd,90ed6ff15c51ceef,dc3cd88779d423cd,same,npn_358a268fde92333a,6,source_graph_or_pi_replayable,evidence_advancement_v1
d50baaba605ce43c,3f3c2d296dfb0ea0,results/evidence_advancement/artifacts/materialized_replay_pairs/3f3c2d296dfb0ea0.source.blif,virtual_binary_cut,"xor(b,cout)","[""b"", ""cout""]","[""a"", ""b"", ""cin""]",3,c75151d45b581b6c,1bc6d6339006ee69,c75151d45b581b6c,same,npn_a32eb2538c37ee34,6,source_graph_or_pi_replayable,evidence_advancement_v1
5b276472dd4393c6,3f3c2d296dfb0ea0,results/evidence_advancement/artifacts/materialized_replay_pairs/3f3c2d296dfb0ea0.source.blif,virtual_binary_cut,"and(b,not(cout))","[""b"", ""cout""]","[""a"", ""b"", ""cin""]",3,00e3755f7c92db5f,33a790de895e4a82,00e3755f7c92db5f,same,npn_24165068bb0dbfca,6,source_graph_or_pi_replayable,evidence_advancement_v1
42bb522755070469,3f3c2d296dfb0ea0,results/evidence_advancement/artifacts/materialized_replay_pairs/3f3c2d296dfb0ea0.source.blif,virtual_binary_cut,"and(cin,ab_xor)","[""cin"", ""ab_xor""]","[""a"", ""b"", ""cin""]",3,c367d71c2eac76ee,cad912d562146843,c367d71c2eac76ee,same,npn_c367d71c2eac76ee,6,source_graph_or_pi_replayable,evidence_advancement_v1
5d1b2b935b9160a3,3f3c2d296dfb0ea0,results/evidence_advancement/artifacts/materialized_replay_pairs/3f3c2d296dfb0ea0.source.blif,virtual_binary_cut,"or(cin,ab_xor)","[""cin"", ""ab_xor""]","[""a"", ""b"", ""cin""]",3,b9cbd9a487f80552,d8f1a1158f9df939,b9cbd9a487f80552,same,npn_c367d71c2eac76ee,6,source_graph_or_pi_replayable,evidence_advancement_v1
eb0b57c9dd9c95ce,3f3c2d296dfb0ea0,results/evidence_advancement/artifacts/materialized_replay_pairs/3f3c2d296dfb0ea0.source.blif,virtual_binary_cut,"xor(cin,ab_xor)","[""cin"", ""ab_xor""]","[""a"", ""b"", ""cin""]",3,c2a6fb6a86cca609,275241aeb7262117,c2a6fb6a86cca609,same,npn_c2a6fb6a86cca609,6,source_graph_or_pi_replayable,evidence_advancement_v1
9318775b7d4fc63e,3f3c2d296dfb0ea0,results/evidence_advancement/artifacts/materialized_replay_pairs/3f3c2d296dfb0ea0.source.blif,virtual_binary_cut,"and(cin,not(ab_xor))","[""cin"", ""ab_xor""]","[""a"", ""b"", ""cin""]",3,ef73cac577bcd031,1cddf125e7c6c591,ef73cac577bcd031,same,npn_c367d71c2eac76ee,6,source_graph_or_pi_replayable,evidence_advancement_v1
39a09b61bb667edc,3f3c2d296dfb0ea0,results/evidence_advancement/artifacts/materialized_replay_pairs/3f3c2d296dfb0ea0.source.blif,virtual_binary_cut,"or(cin,not(ab_xor))","[""cin"", ""ab_xor""]","[""a"", ""b"", ""cin""]",3,df9216350cc7abbf,7f94ec8202b0598d,7f94ec8202b0598d,inverted,npn_c367d71c2eac76ee,6,source_graph_or_pi_replayable,evidence_advancement_v1
b5c669d28fd9e809,3f3c2d296dfb0ea0,results/evidence_advancement/artifacts/materialized_replay_pairs/3f3c2d296dfb0ea0.source.blif,virtual_binary_cut,"xor(cin,sum)","[""cin"", ""sum""]","[""a"", ""b"", ""cin""]",3,8d1560b225f7c697,d31cf6dbef25069a,8d1560b225f7c697,same,npn_9fd48a0d0d9d8a1b,6,source_graph_or_pi_replayable,evidence_advancement_v1
4c0d596932864091,3f3c2d296dfb0ea0,results/evidence_advancement/artifacts/materialized_replay_pairs/3f3c2d296dfb0ea0.source.blif,virtual_binary_cut,"or(cin,ab_and)","[""cin"", ""ab_and""]","[""a"", ""b"", ""cin""]",3,2b785f5c6a14009e,d4f1067dfed9dc13,2b785f5c6a14009e,same,npn_358a268fde92333a,6,source_graph_or_pi_replayable,evidence_advancement_v1
56994586ef6d3753,3f3c2d296dfb0ea0,results/evidence_advancement/artifacts/materialized_replay_pairs/3f3c2d296dfb0ea0.source.blif,virtual_binary_cut,"xor(cin,ab_and)","[""cin"", ""ab_and""]","[""a"", ""b"", ""cin""]",3,2e96a02abe3f2e05,a8f244d01461e4e3,2e96a02abe3f2e05,same,npn_2e96a02abe3f2e05,6,source_graph_or_pi_replayable,evidence_advancement_v1
475633bd636ee772,3f3c2d296dfb0ea0,results/evidence_advancement/artifacts/materialized_replay_pairs/3f3c2d296dfb0ea0.source.blif,virtual_binary_cut,"and(cin,not(ab_and))","[""cin"", ""ab_and""]","[""a"", ""b"", ""cin""]",3,ea466967d1b9574d,b5fe5c54be4d1ca1,ea466967d1b9574d,same,npn_358a268fde92333a,6,source_graph_or_pi_replayable,evidence_advancement_v1
b54415028073a0f6,3f3c2d296dfb0ea0,results/evidence_advancement/artifacts/materialized_replay_pairs/3f3c2d296dfb0ea0.source.blif,virtual_binary_cut,"or(cin,not(ab_and))","[""cin"", ""ab_and""]","[""a"", ""b"", ""cin""]",3,e8998d9ce7a853e5,18025d3f5a1dde11,18025d3f5a1dde11,inverted,npn_24165068bb0dbfca,6,source_graph_or_pi_replayable,evidence_advancement_v1
3b04391f5aedc5b0,3f3c2d296dfb0ea0,results/evidence_advancement/artifacts/materialized_replay_pairs/3f3c2d296dfb0ea0.source.blif,virtual_binary_cut,"or(cin,a_cin_and)","[""cin"", ""a_cin_and""]","[""a"", ""cin""]",2,f919733d549a9e33,71feeed0446218e8,6471b342ae3c3106,same,npn_6471b342ae3c3106,6,source_graph_or_pi_replayable,evidence_advancement_v1
89fe2895965b8d33,3f3c2d296dfb0ea0,results/evidence_advancement/artifacts/materialized_replay_pairs/3f3c2d296dfb0ea0.source.blif,virtual_binary_cut,"or(cin,b_cin_and)","[""cin"", ""b_cin_and""]","[""b"", ""cin""]",2,f919733d549a9e33,71feeed0446218e8,6471b342ae3c3106,same,npn_6471b342ae3c3106,6,source_graph_or_pi_replayable,evidence_advancement_v1
a8e8bd0e3938e52a,3f3c2d296dfb0ea0,results/evidence_advancement/artifacts/materialized_replay_pairs/3f3c2d296dfb0ea0.source.blif,virtual_binary_cut,"and(cin,cout)","[""cin"", ""cout""]","[""a"", ""b"", ""cin""]",3,358a268fde92333a,3afcf5da87f5826c,358a268fde92333a,same,npn_358a268fde92333a,6,source_graph_or_pi_replayable,evidence_advancement_v1
dc68208f7442cdd4,3f3c2d296dfb0ea0,results/evidence_advancement/artifacts/materialized_replay_pairs/3f3c2d296dfb0ea0.source.blif,virtual_binary_cut,"xor(cin,cout)","[""cin"", ""cout""]","[""a"", ""b"", ""cin""]",3,a32eb2538c37ee34,3055310c89621ff5,a32eb2538c37ee34,same,npn_a32eb2538c37ee34,6,source_graph_or_pi_replayable,evidence_advancement_v1
90efd4096b266412,3f3c2d296dfb0ea0,results/evidence_advancement/artifacts/materialized_replay_pairs/3f3c2d296dfb0ea0.source.blif,virtual_binary_cut,"and(cin,not(cout))","[""cin"", ""cout""]","[""a"", ""b"", ""cin""]",3,7b4604b3e7ef53d3,0abcb3e56b11067e,7b4604b3e7ef53d3,same,npn_24165068bb0dbfca,6,source_graph_or_pi_replayable,evidence_advancement_v1
eca67a3be3dafef9,3f3c2d296dfb0ea0,results/evidence_advancement/artifacts/materialized_replay_pairs/3f3c2d296dfb0ea0.source.blif,virtual_binary_cut,"xor(ab_xor,sum)","[""ab_xor"", ""sum""]","[""a"", ""b"", ""cin""]",3,f919733d549a9e33,71feeed0446218e8,f919733d549a9e33,same,npn_f919733d549a9e33,6,source_graph_or_pi_replayable,evidence_advancement_v1
9768be0901cf6bfc,3f3c2d296dfb0ea0,results/evidence_advancement/artifacts/materialized_replay_pairs/3f3c2d296dfb0ea0.source.blif,virtual_binary_cut,"or(ab_xor,a_cin_and)","[""ab_xor"", ""a_cin_and""]","[""a"", ""b"", ""cin""]",3,ecffe6354927592d,2ac8bd1b66db62d5,ecffe6354927592d,same,npn_519942ec52593eec,6,source_graph_or_pi_replayable,evidence_advancement_v1
61be9ba4ff73c4fe,3f3c2d296dfb0ea0,results/evidence_advancement/artifacts/materialized_replay_pairs/3f3c2d296dfb0ea0.source.blif,virtual_binary_cut,"xor(ab_xor,a_cin_and)","[""ab_xor"", ""a_cin_and""]","[""a"", ""b"", ""cin""]",3,b17d45493ba3a535,aa04594437ce4e25,b17d45493ba3a535,same,npn_2e96a02abe3f2e05,6,source_graph_or_pi_replayable,evidence_advancement_v1
7c80885f223399c5,3f3c2d296dfb0ea0,results/evidence_advancement/artifacts/materialized_replay_pairs/3f3c2d296dfb0ea0.source.blif,virtual_binary_cut,"and(ab_xor,not(a_cin_and))","[""ab_xor"", ""a_cin_and""]","[""a"", ""b"", ""cin""]",3,38836792107d8a9a,97cd566785c639c0,38836792107d8a9a,same,npn_519942ec52593eec,6,source_graph_or_pi_replayable,evidence_advancement_v1
f64d53e147e09350,3f3c2d296dfb0ea0,results/evidence_advancement/artifacts/materialized_replay_pairs/3f3c2d296dfb0ea0.source.blif,virtual_binary_cut,"xor(ab_xor,b_cin_and)","[""ab_xor"", ""b_cin_and""]","[""a"", ""b"", ""cin""]",3,62ad13d001efd14a,7dcd75ff2da27c11,62ad13d001efd14a,same,npn_2e96a02abe3f2e05,6,source_graph_or_pi_replayable,evidence_advancement_v1
e1c0b0a983b8ac2f,3f3c2d296dfb0ea0,results/evidence_advancement/artifacts/materialized_replay_pairs/3f3c2d296dfb0ea0.source.blif,virtual_binary_cut,"and(ab_xor,not(b_cin_and))","[""ab_xor"", ""b_cin_and""]","[""a"", ""b"", ""cin""]",3,441bfcfb893ac096,9a02499b8ffb93d4,441bfcfb893ac096,same,npn_519942ec52593eec,6,source_graph_or_pi_replayable,evidence_advancement_v1
e40d7281969d7bf6,3f3c2d296dfb0ea0,results/evidence_advancement/artifacts/materialized_replay_pairs/3f3c2d296dfb0ea0.source.blif,virtual_binary_cut,"or(ab_xor,cout)","[""ab_xor"", ""cout""]","[""a"", ""b"", ""cin""]",3,42a59debdb0bcad2,9f0c982b4c047d25,42a59debdb0bcad2,same,npn_369b91d179abba64,6,source_graph_or_pi_replayable,evidence_advancement_v1
ac1945694e1168e7,3f3c2d296dfb0ea0,results/evidence_advancement/artifacts/materialized_replay_pairs/3f3c2d296dfb0ea0.source.blif,virtual_binary_cut,"xor(ab_xor,cout)","[""ab_xor"", ""cout""]","[""a"", ""b"", ""cin""]",3,4e2e624ff001de2a,59aed3a2ef0ddb7d,4e2e624ff001de2a,same,npn_f362bf34947fde3f,6,source_graph_or_pi_replayable,evidence_advancement_v1
de99ab2e182db140,3f3c2d296dfb0ea0,results/evidence_advancement/artifacts/materialized_replay_pairs/3f3c2d296dfb0ea0.source.blif,virtual_binary_cut,"or(ab_xor,not(cout))","[""ab_xor"", ""cout""]","[""a"", ""b"", ""cin""]",3,7717b29c04225dc0,eba8a44748a5f09c,eba8a44748a5f09c,inverted,npn_369b91d179abba64,6,source_graph_or_pi_replayable,evidence_advancement_v1
ca7e683bfdbc188c,3f3c2d296dfb0ea0,results/evidence_advancement/artifacts/materialized_replay_pairs/3f3c2d296dfb0ea0.source.blif,virtual_binary_cut,"or(sum,ab_and)","[""sum"", ""ab_and""]","[""a"", ""b"", ""cin""]",3,54b0891aa88d1f02,d4285658c58028f8,54b0891aa88d1f02,same,npn_d61af64b7197e3f3,6,source_graph_or_pi_replayable,evidence_advancement_v1
452c1ec71bab2c7b,3f3c2d296dfb0ea0,results/evidence_advancement/artifacts/materialized_replay_pairs/3f3c2d296dfb0ea0.source.blif,virtual_binary_cut,"xor(sum,ab_and)","[""sum"", ""ab_and""]","[""a"", ""b"", ""cin""]",3,c7c2f82107e8afb0,4bcd1b9079112587,c7c2f82107e8afb0,same,npn_2e96a02abe3f2e05,6,source_graph_or_pi_replayable,evidence_advancement_v1
e5b28cc48fef3605,3f3c2d296dfb0ea0,results/evidence_advancement/artifacts/materialized_replay_pairs/3f3c2d296dfb0ea0.source.blif,virtual_binary_cut,"and(sum,not(ab_and))","[""sum"", ""ab_and""]","[""a"", ""b"", ""cin""]",3,c624e761ca4bcae2,7064339e905d7539,c624e761ca4bcae2,same,npn_d61af64b7197e3f3,6,source_graph_or_pi_replayable,evidence_advancement_v1
d7020edd82414391,3f3c2d296dfb0ea0,results/evidence_advancement/artifacts/materialized_replay_pairs/3f3c2d296dfb0ea0.source.blif,virtual_binary_cut,"or(sum,a_cin_and)","[""sum"", ""a_cin_and""]","[""a"", ""b"", ""cin""]",3,5936ac63bf6ad836,fa1fec4e01ce6aca,5936ac63bf6ad836,same,npn_d61af64b7197e3f3,6,source_graph_or_pi_replayable,evidence_advancement_v1
a03dcce6c8ee03c3,3f3c2d296dfb0ea0,results/evidence_advancement/artifacts/materialized_replay_pairs/3f3c2d296dfb0ea0.source.blif,virtual_binary_cut,"xor(sum,a_cin_and)","[""sum"", ""a_cin_and""]","[""a"", ""b"", ""cin""]",3,75e77e97d7f75adf,c652bc32ee82dccf,75e77e97d7f75adf,same,npn_2e96a02abe3f2e05,6,source_graph_or_pi_replayable,evidence_advancement_v1
7a76ea714a6abb18,3f3c2d296dfb0ea0,results/evidence_advancement/artifacts/materialized_replay_pairs/3f3c2d296dfb0ea0.source.blif,virtual_binary_cut,"or(sum,b_cin_and)","[""sum"", ""b_cin_and""]","[""a"", ""b"", ""cin""]",3,b5ef9070e46ed0cc,b465c54a2345dfdf,b5ef9070e46ed0cc,same,npn_d61af64b7197e3f3,6,source_graph_or_pi_replayable,evidence_advancement_v1
a9b83ea0abf413c9,3f3c2d296dfb0ea0,results/evidence_advancement/artifacts/materialized_replay_pairs/3f3c2d296dfb0ea0.source.blif,virtual_binary_cut,"xor(sum,b_cin_and)","[""sum"", ""b_cin_and""]","[""a"", ""b"", ""cin""]",3,302e0e31410bc2a4,de66c62b2b8c6090,302e0e31410bc2a4,same,npn_2e96a02abe3f2e05,6,source_graph_or_pi_replayable,evidence_advancement_v1
c197c4a55e46fc48,3f3c2d296dfb0ea0,results/evidence_advancement/artifacts/materialized_replay_pairs/3f3c2d296dfb0ea0.source.blif,virtual_binary_cut,"or(sum,cout)","[""sum"", ""cout""]","[""a"", ""b"", ""cin""]",3,15d3f0da777adabd,f8dc997cdc370935,15d3f0da777adabd,same,npn_24165068bb0dbfca,6,source_graph_or_pi_replayable,evidence_advancement_v1
355ab9f90f350f5f,3f3c2d296dfb0ea0,results/evidence_advancement/artifacts/materialized_replay_pairs/3f3c2d296dfb0ea0.source.blif,virtual_binary_cut,"xor(sum,cout)","[""sum"", ""cout""]","[""a"", ""b"", ""cin""]",3,f72c8bd830be906a,36ca0c487498f425,f72c8bd830be906a,same,npn_a32eb2538c37ee34,6,source_graph_or_pi_replayable,evidence_advancement_v1
18bee935e676a29c,3f3c2d296dfb0ea0,results/evidence_advancement/artifacts/materialized_replay_pairs/3f3c2d296dfb0ea0.source.blif,virtual_binary_cut,"or(sum,not(cout))","[""sum"", ""cout""]","[""a"", ""b"", ""cin""]",3,7077e1e487c73118,d61af64b7197e3f3,d61af64b7197e3f3,inverted,npn_d61af64b7197e3f3,6,source_graph_or_pi_replayable,evidence_advancement_v1
93fd94fddaf349f5,3f3c2d296dfb0ea0,results/evidence_advancement/artifacts/materialized_replay_pairs/3f3c2d296dfb0ea0.source.blif,virtual_binary_cut,"or(ab_and,cout)","[""ab_and"", ""cout""]","[""a"", ""b"", ""cin""]",3,f362bf34947fde3f,62b7ad64067260f2,f362bf34947fde3f,same,npn_f362bf34947fde3f,6,source_graph_or_pi_replayable,evidence_advancement_v1
dc4f36a8cb11f1f8,3f3c2d296dfb0ea0,results/evidence_advancement/artifacts/materialized_replay_pairs/3f3c2d296dfb0ea0.source.blif,virtual_binary_cut,"and(ab_and,not(cout))","[""ab_and"", ""cout""]","[""a"", ""b"", ""cin""]",3,c14bc7d02c76f1ae,fc67e5cbb4b98b43,c14bc7d02c76f1ae,same,npn_c14bc7d02c76f1ae,6,source_graph_or_pi_replayable,evidence_advancement_v1
e429960d41072d9b,3f3c2d296dfb0ea0,results/evidence_advancement/artifacts/materialized_replay_pairs/3f3c2d296dfb0ea0.source.blif,virtual_binary_cut,"and(a_cin_and,cout)","[""a_cin_and"", ""cout""]","[""a"", ""b"", ""cin""]",3,1228de099013e868,33fc91d1cc2c3255,1228de099013e868,same,npn_369b91d179abba64,6,source_graph_or_pi_replayable,evidence_advancement_v1
21c023b40a70fc09,3f3c2d296dfb0ea0,results/evidence_advancement/artifacts/materialized_replay_pairs/3f3c2d296dfb0ea0.source.blif,virtual_binary_cut,"and(b_cin_and,cout)","[""b_cin_and"", ""cout""]","[""a"", ""b"", ""cin""]",3,369b91d179abba64,81db286b120ccd3b,369b91d179abba64,same,npn_369b91d179abba64,6,source_graph_or_pi_replayable,evidence_advancement_v1
5cfe7f1852c4827e,48959764d59633a8,results/evidence_advancement/artifacts/materialized_replay_pairs/48959764d59633a8.source.blif,pi_literal,x0,"[""x0""]","[""x0""]",1,df18d62faaa74b27,b6cfcfc147cbac64,923682bea6d517dc,same,npn_923682bea6d517dc,6,source_graph_or_pi_replayable,evidence_advancement_v1
a4b0014aa9719345,48959764d59633a8,results/evidence_advancement/artifacts/materialized_replay_pairs/48959764d59633a8.source.blif,pi_literal,x1,"[""x1""]","[""x1""]",1,881bc460ec339572,7836cdae43787598,923682bea6d517dc,same,npn_923682bea6d517dc,6,source_graph_or_pi_replayable,evidence_advancement_v1
19eaab339e1fe67c,48959764d59633a8,results/evidence_advancement/artifacts/materialized_replay_pairs/48959764d59633a8.source.blif,pi_literal,r0,"[""r0""]","[""r0""]",1,f919733d549a9e33,71feeed0446218e8,923682bea6d517dc,same,npn_923682bea6d517dc,6,source_graph_or_pi_replayable,evidence_advancement_v1
61e1a9e63b750714,48959764d59633a8,results/evidence_advancement/artifacts/materialized_replay_pairs/48959764d59633a8.source.blif,source_node,m0,"[""m0""]","[""r0"", ""x0"", ""x1""]",3,8d1560b225f7c697,d31cf6dbef25069a,9fd48a0d0d9d8a1b,same,npn_9fd48a0d0d9d8a1b,6,source_graph_or_pi_replayable,evidence_advancement_v1
9ff0762aed837e86,48959764d59633a8,results/evidence_advancement/artifacts/materialized_replay_pairs/48959764d59633a8.source.blif,source_node,y0,"[""y0""]","[""r0"", ""x0"", ""x1""]",3,c2a6fb6a86cca609,275241aeb7262117,c2a6fb6a86cca609,same,npn_c2a6fb6a86cca609,6,source_graph_or_pi_replayable,evidence_advancement_v1
1e1eb974aee8c92c,48959764d59633a8,results/evidence_advancement/artifacts/materialized_replay_pairs/48959764d59633a8.source.blif,source_node,pcva_1899c2c610ef5064,"[""pcva_1899c2c610ef5064""]","[""x0"", ""x1""]",2,8d1560b225f7c697,d31cf6dbef25069a,b5d1f15c17250b42,same,npn_b5d1f15c17250b42,6,source_graph_or_pi_replayable,evidence_advancement_v1
c132cc130cc00e5d,48959764d59633a8,results/evidence_advancement/artifacts/materialized_replay_pairs/48959764d59633a8.source.blif,virtual_binary_cut,"and(x0,x1)","[""x0"", ""x1""]","[""x0"", ""x1""]",2,eba8a44748a5f09c,7717b29c04225dc0,94de9e90e231b35b,same,npn_94de9e90e231b35b,6,source_graph_or_pi_replayable,evidence_advancement_v1
b2e1e4efbdacb20a,48959764d59633a8,results/evidence_advancement/artifacts/materialized_replay_pairs/48959764d59633a8.source.blif,virtual_binary_cut,"or(x0,x1)","[""x0"", ""x1""]","[""x0"", ""x1""]",2,42a59debdb0bcad2,9f0c982b4c047d25,c580333a48d30dad,same,npn_94de9e90e231b35b,6,source_graph_or_pi_replayable,evidence_advancement_v1
e67150a540db9e71,48959764d59633a8,results/evidence_advancement/artifacts/materialized_replay_pairs/48959764d59633a8.source.blif,virtual_binary_cut,"xor(x0,x1)","[""x0"", ""x1""]","[""x0"", ""x1""]",2,8d1560b225f7c697,d31cf6dbef25069a,b5d1f15c17250b42,same,npn_b5d1f15c17250b42,6,source_graph_or_pi_replayable,evidence_advancement_v1
71b37e1dd4c0812f,48959764d59633a8,results/evidence_advancement/artifacts/materialized_replay_pairs/48959764d59633a8.source.blif,virtual_binary_cut,"and(x0,not(x1))","[""x0"", ""x1""]","[""x0"", ""x1""]",2,64b0009f6392972f,4618e905c40e8769,90f21496b5c851e8,same,npn_94de9e90e231b35b,6,source_graph_or_pi_replayable,evidence_advancement_v1
a4061157a762bbe4,48959764d59633a8,results/evidence_advancement/artifacts/materialized_replay_pairs/48959764d59633a8.source.blif,virtual_binary_cut,"or(x0,not(x1))","[""x0"", ""x1""]","[""x0"", ""x1""]",2,8560d332f7318334,8f0bc04977f88197,2c24932e8e4ebc2f,inverted,npn_94de9e90e231b35b,6,source_graph_or_pi_replayable,evidence_advancement_v1
056d105d3ecd67b0,48959764d59633a8,results/evidence_advancement/artifacts/materialized_replay_pairs/48959764d59633a8.source.blif,virtual_binary_cut,"and(x0,r0)","[""x0"", ""r0""]","[""r0"", ""x0""]",2,1228de099013e868,33fc91d1cc2c3255,94de9e90e231b35b,same,npn_94de9e90e231b35b,6,source_graph_or_pi_replayable,evidence_advancement_v1
94f0b9419b516c55,48959764d59633a8,results/evidence_advancement/artifacts/materialized_replay_pairs/48959764d59633a8.source.blif,virtual_binary_cut,"or(x0,r0)","[""x0"", ""r0""]","[""r0"", ""x0""]",2,1d207ade69b2a3eb,df856b66777ea758,c580333a48d30dad,same,npn_94de9e90e231b35b,6,source_graph_or_pi_replayable,evidence_advancement_v1
25510928401becda,48959764d59633a8,results/evidence_advancement/artifacts/materialized_replay_pairs/48959764d59633a8.source.blif,virtual_binary_cut,"xor(x0,r0)","[""x0"", ""r0""]","[""r0"", ""x0""]",2,d7a46d3b3e9464c2,26f3581e5bafe7c7,b5d1f15c17250b42,same,npn_b5d1f15c17250b42,6,source_graph_or_pi_replayable,evidence_advancement_v1
47cab3fd9be463d1,48959764d59633a8,results/evidence_advancement/artifacts/materialized_replay_pairs/48959764d59633a8.source.blif,virtual_binary_cut,"and(x0,not(r0))","[""x0"", ""r0""]","[""r0"", ""x0""]",2,85473471e2f83e46,7767985351eded02,2c24932e8e4ebc2f,same,npn_94de9e90e231b35b,6,source_graph_or_pi_replayable,evidence_advancement_v1
3e212a28806852a2,48959764d59633a8,results/evidence_advancement/artifacts/materialized_replay_pairs/48959764d59633a8.source.blif,virtual_binary_cut,"or(x0,not(r0))","[""x0"", ""r0""]","[""r0"", ""x0""]",2,8251c47787737cc6,61ef94dfe370555e,90f21496b5c851e8,inverted,npn_94de9e90e231b35b,6,source_graph_or_pi_replayable,evidence_advancement_v1
d7b4cba667f45fcf,48959764d59633a8,results/evidence_advancement/artifacts/materialized_replay_pairs/48959764d59633a8.source.blif,virtual_binary_cut,"and(x0,m0)","[""x0"", ""m0""]","[""r0"", ""x0"", ""x1""]",3,64b0009f6392972f,4618e905c40e8769,1cd47cea02efadc5,same,npn_369b91d179abba64,6,source_graph_or_pi_replayable,evidence_advancement_v1
ec40acbee5e0db1c,48959764d59633a8,results/evidence_advancement/artifacts/materialized_replay_pairs/48959764d59633a8.source.blif,virtual_binary_cut,"or(x0,m0)","[""x0"", ""m0""]","[""r0"", ""x0"", ""x1""]",3,42a59debdb0bcad2,9f0c982b4c047d25,6998c2b0380ed5fd,same,npn_369b91d179abba64,6,source_graph_or_pi_replayable,evidence_advancement_v1
a01c65c4795ee6a5,48959764d59633a8,results/evidence_advancement/artifacts/materialized_replay_pairs/48959764d59633a8.source.blif,virtual_binary_cut,"xor(x0,m0)","[""x0"", ""m0""]","[""r0"", ""x0"", ""x1""]",3,881bc460ec339572,7836cdae43787598,f919733d549a9e33,same,npn_f919733d549a9e33,6,source_graph_or_pi_replayable,evidence_advancement_v1
a757e51be33d69ce,48959764d59633a8,results/evidence_advancement/artifacts/materialized_replay_pairs/48959764d59633a8.source.blif,virtual_binary_cut,"and(x0,not(m0))","[""x0"", ""m0""]","[""r0"", ""x0"", ""x1""]",3,eba8a44748a5f09c,7717b29c04225dc0,369b91d179abba64,same,npn_369b91d179abba64,6,source_graph_or_pi_replayable,evidence_advancement_v1
c4fbf99ba8710a4e,48959764d59633a8,results/evidence_advancement/artifacts/materialized_replay_pairs/48959764d59633a8.source.blif,virtual_binary_cut,"or(x0,not(m0))","[""x0"", ""m0""]","[""r0"", ""x0"", ""x1""]",3,8560d332f7318334,8f0bc04977f88197,40a3a71b42727dac,inverted,npn_369b91d179abba64,6,source_graph_or_pi_replayable,evidence_advancement_v1
cd2f69a6d7a644b7,48959764d59633a8,results/evidence_advancement/artifacts/materialized_replay_pairs/48959764d59633a8.source.blif,virtual_binary_cut,"and(x0,y0)","[""x0"", ""y0""]","[""r0"", ""x0"", ""x1""]",3,cafeff6df6d83c72,40434ab81bb65403,f349b8103440f38f,same,npn_c367d71c2eac76ee,6,source_graph_or_pi_replayable,evidence_advancement_v1
53d65caa5d372881,48959764d59633a8,results/evidence_advancement/artifacts/materialized_replay_pairs/48959764d59633a8.source.blif,virtual_binary_cut,"or(x0,y0)","[""x0"", ""y0""]","[""r0"", ""x0"", ""x1""]",3,45ee4c05f4aac508,d82871169a887f4c,786379bfa9523fe4,same,npn_c367d71c2eac76ee,6,source_graph_or_pi_replayable,evidence_advancement_v1
96ca8a7ca7ac4355,48959764d59633a8,results/evidence_advancement/artifacts/materialized_replay_pairs/48959764d59633a8.source.blif,virtual_binary_cut,"xor(x0,y0)","[""x0"", ""y0""]","[""r0"", ""x0"", ""x1""]",3,9fd48a0d0d9d8a1b,89e85f36ec391ace,d7a46d3b3e9464c2,same,npn_9fd48a0d0d9d8a1b,6,source_graph_or_pi_replayable,evidence_advancement_v1
a5536f3ecf2c2ede,48959764d59633a8,results/evidence_advancement/artifacts/materialized_replay_pairs/48959764d59633a8.source.blif,virtual_binary_cut,"and(x0,not(y0))","[""x0"", ""y0""]","[""r0"", ""x0"", ""x1""]",3,9875d06f074d4934,709b7cd024183d71,e502e9191e6ed303,same,npn_c367d71c2eac76ee,6,source_graph_or_pi_replayable,evidence_advancement_v1
3e77df246a159b3f,48959764d59633a8,results/evidence_advancement/artifacts/materialized_replay_pairs/48959764d59633a8.source.blif,virtual_binary_cut,"or(x0,not(y0))","[""x0"", ""y0""]","[""r0"", ""x0"", ""x1""]",3,5f19d4e4b2292e32,fec5a0854918cc1b,13b2d0b1cc3afd67,inverted,npn_c367d71c2eac76ee,6,source_graph_or_pi_replayable,evidence_advancement_v1
9c8214f79a047261,48959764d59633a8,results/evidence_advancement/artifacts/materialized_replay_pairs/48959764d59633a8.source.blif,virtual_binary_cut,"xor(x0,pcva_1899c2c610ef5064)","[""x0"", ""pcva_1899c2c610ef5064""]","[""x0"", ""x1""]",2,881bc460ec339572,7836cdae43787598,6471b342ae3c3106,same,npn_6471b342ae3c3106,6,source_graph_or_pi_replayable,evidence_advancement_v1
4fb49515e50327a8,48959764d59633a8,results/evidence_advancement/artifacts/materialized_replay_pairs/48959764d59633a8.source.blif,virtual_binary_cut,"and(x1,r0)","[""x1"", ""r0""]","[""r0"", ""x1""]",2,369b91d179abba64,81db286b120ccd3b,94de9e90e231b35b,same,npn_94de9e90e231b35b,6,source_graph_or_pi_replayable,evidence_advancement_v1
77fa152770458d14,48959764d59633a8,results/evidence_advancement/artifacts/materialized_replay_pairs/48959764d59633a8.source.blif,virtual_binary_cut,"or(x1,r0)","[""x1"", ""r0""]","[""r0"", ""x1""]",2,6998c2b0380ed5fd,df970782afed63be,c580333a48d30dad,same,npn_94de9e90e231b35b,6,source_graph_or_pi_replayable,evidence_advancement_v1
4331547463bf67ad,48959764d59633a8,results/evidence_advancement/artifacts/materialized_replay_pairs/48959764d59633a8.source.blif,virtual_binary_cut,"xor(x1,r0)","[""x1"", ""r0""]","[""r0"", ""x1""]",2,9fd48a0d0d9d8a1b,89e85f36ec391ace,b5d1f15c17250b42,same,npn_b5d1f15c17250b42,6,source_graph_or_pi_replayable,evidence_advancement_v1
cd1362425b4859c6,48959764d59633a8,results/evidence_advancement/artifacts/materialized_replay_pairs/48959764d59633a8.source.blif,virtual_binary_cut,"and(x1,not(r0))","[""x1"", ""r0""]","[""r0"", ""x1""]",2,1cd47cea02efadc5,b3dbc758ed4cf7c1,2c24932e8e4ebc2f,same,npn_94de9e90e231b35b,6,source_graph_or_pi_replayable,evidence_advancement_v1
bfde85a4cccb002f,48959764d59633a8,results/evidence_advancement/artifacts/materialized_replay_pairs/48959764d59633a8.source.blif,virtual_binary_cut,"or(x1,not(r0))","[""x1"", ""r0""]","[""r0"", ""x1""]",2,3dd858e6fc78578a,40a3a71b42727dac,90f21496b5c851e8,inverted,npn_94de9e90e231b35b,6,source_graph_or_pi_replayable,evidence_advancement_v1
719ea56c36a9928d,48959764d59633a8,results/evidence_advancement/artifacts/materialized_replay_pairs/48959764d59633a8.source.blif,virtual_binary_cut,"xor(x1,m0)","[""x1"", ""m0""]","[""r0"", ""x0"", ""x1""]",3,df18d62faaa74b27,b6cfcfc147cbac64,881bc460ec339572,same,npn_f919733d549a9e33,6,source_graph_or_pi_replayable,evidence_advancement_v1
80189ca5a2b7aa6c,48959764d59633a8,results/evidence_advancement/artifacts/materialized_replay_pairs/48959764d59633a8.source.blif,virtual_binary_cut,"and(x1,y0)","[""x1"", ""y0""]","[""r0"", ""x0"", ""x1""]",3,f349b8103440f38f,281fdcdaa6ddf1e3,ef73cac577bcd031,same,npn_c367d71c2eac76ee,6,source_graph_or_pi_replayable,evidence_advancement_v1
b20b04fad9b5e857,48959764d59633a8,results/evidence_advancement/artifacts/materialized_replay_pairs/48959764d59633a8.source.blif,virtual_binary_cut,"or(x1,y0)","[""x1"", ""y0""]","[""r0"", ""x0"", ""x1""]",3,786379bfa9523fe4,978691fe37bbf018,b9cbd9a487f80552,same,npn_c367d71c2eac76ee,6,source_graph_or_pi_replayable,evidence_advancement_v1
efc760e6c81d6333,48959764d59633a8,results/evidence_advancement/artifacts/materialized_replay_pairs/48959764d59633a8.source.blif,virtual_binary_cut,"xor(x1,y0)","[""x1"", ""y0""]","[""r0"", ""x0"", ""x1""]",3,d7a46d3b3e9464c2,26f3581e5bafe7c7,8d1560b225f7c697,same,npn_9fd48a0d0d9d8a1b,6,source_graph_or_pi_replayable,evidence_advancement_v1
9b92139a1c3a8000,48959764d59633a8,results/evidence_advancement/artifacts/materialized_replay_pairs/48959764d59633a8.source.blif,virtual_binary_cut,"and(x1,not(y0))","[""x1"", ""y0""]","[""r0"", ""x0"", ""x1""]",3,e502e9191e6ed303,9ba33c777b6dd915,c367d71c2eac76ee,same,npn_c367d71c2eac76ee,6,source_graph_or_pi_replayable,evidence_advancement_v1
1f54ec6732eb5ec1,48959764d59633a8,results/evidence_advancement/artifacts/materialized_replay_pairs/48959764d59633a8.source.blif,virtual_binary_cut,"or(x1,not(y0))","[""x1"", ""y0""]","[""r0"", ""x0"", ""x1""]",3,4630f7310d6febc0,13b2d0b1cc3afd67,7f94ec8202b0598d,inverted,npn_c367d71c2eac76ee,6,source_graph_or_pi_replayable,evidence_advancement_v1
754718cc8bb9fcbf,48959764d59633a8,results/evidence_advancement/artifacts/materialized_replay_pairs/48959764d59633a8.source.blif,virtual_binary_cut,"xor(x1,pcva_1899c2c610ef5064)","[""x1"", ""pcva_1899c2c610ef5064""]","[""x0"", ""x1""]",2,df18d62faaa74b27,b6cfcfc147cbac64,f14e1817ec32b1b5,same,npn_6471b342ae3c3106,6,source_graph_or_pi_replayable,evidence_advancement_v1
f9ef1f85d42ee26a,48959764d59633a8,results/evidence_advancement/artifacts/materialized_replay_pairs/48959764d59633a8.source.blif,virtual_binary_cut,"and(r0,m0)","[""r0"", ""m0""]","[""r0"", ""x0"", ""x1""]",3,c367d71c2eac76ee,cad912d562146843,9875d06f074d4934,same,npn_c367d71c2eac76ee,6,source_graph_or_pi_replayable,evidence_advancement_v1
2291ff3e413fa760,48959764d59633a8,results/evidence_advancement/artifacts/materialized_replay_pairs/48959764d59633a8.source.blif,virtual_binary_cut,"or(r0,m0)","[""r0"", ""m0""]","[""r0"", ""x0"", ""x1""]",3,b9cbd9a487f80552,d8f1a1158f9df939,45ee4c05f4aac508,same,npn_c367d71c2eac76ee,6,source_graph_or_pi_replayable,evidence_advancement_v1
f161ddcde12cb112,48959764d59633a8,results/evidence_advancement/artifacts/materialized_replay_pairs/48959764d59633a8.source.blif,virtual_binary_cut,"xor(r0,m0)","[""r0"", ""m0""]","[""r0"", ""x0"", ""x1""]",3,c2a6fb6a86cca609,275241aeb7262117,c2a6fb6a86cca609,same,npn_c2a6fb6a86cca609,6,source_graph_or_pi_replayable,evidence_advancement_v1
816b2182c9fefeb0,48959764d59633a8,results/evidence_advancement/artifacts/materialized_replay_pairs/48959764d59633a8.source.blif,virtual_binary_cut,"and(r0,not(m0))","[""r0"", ""m0""]","[""r0"", ""x0"", ""x1""]",3,ef73cac577bcd031,1cddf125e7c6c591,cafeff6df6d83c72,same,npn_c367d71c2eac76ee,6,source_graph_or_pi_replayable,evidence_advancement_v1
92e3ea78dce60175,48959764d59633a8,results/evidence_advancement/artifacts/materialized_replay_pairs/48959764d59633a8.source.blif,virtual_binary_cut,"or(r0,not(m0))","[""r0"", ""m0""]","[""r0"", ""x0"", ""x1""]",3,df9216350cc7abbf,7f94ec8202b0598d,fec5a0854918cc1b,inverted,npn_c367d71c2eac76ee,6,source_graph_or_pi_replayable,evidence_advancement_v1
8f975e01167920aa,48959764d59633a8,results/evidence_advancement/artifacts/materialized_replay_pairs/48959764d59633a8.source.blif,virtual_binary_cut,"xor(r0,y0)","[""r0"", ""y0""]","[""r0"", ""x0"", ""x1""]",3,8d1560b225f7c697,d31cf6dbef25069a,9fd48a0d0d9d8a1b,same,npn_9fd48a0d0d9d8a1b,6,source_graph_or_pi_replayable,evidence_advancement_v1
c9d12e1904069ffd,48959764d59633a8,results/evidence_advancement/artifacts/materialized_replay_pairs/48959764d59633a8.source.blif,virtual_binary_cut,"xor(m0,y0)","[""m0"", ""y0""]","[""r0"", ""x0"", ""x1""]",3,f919733d549a9e33,71feeed0446218e8,df18d62faaa74b27,same,npn_f919733d549a9e33,6,source_graph_or_pi_replayable,evidence_advancement_v1
14f41a59e56f4936,48959764d59633a8,results/evidence_advancement/artifacts/materialized_replay_pairs/48959764d59633a8.source.blif,virtual_binary_cut,"xor(m0,pcva_1899c2c610ef5064)","[""m0"", ""pcva_1899c2c610ef5064""]","[""r0"", ""x0"", ""x1""]",3,c14bc7d02c76f1ae,fc67e5cbb4b98b43,c14bc7d02c76f1ae,same,npn_c14bc7d02c76f1ae,6,source_graph_or_pi_replayable,evidence_advancement_v1
5018f8d8f0b6621c,560ad7895551df59,results/evidence_advancement/artifacts/materialized_replay_pairs/560ad7895551df59.source.blif,pi_literal,x0,"[""x0""]","[""x0""]",1,df18d62faaa74b27,b6cfcfc147cbac64,923682bea6d517dc,same,npn_923682bea6d517dc,6,source_graph_or_pi_replayable,evidence_advancement_v1
825ecb7153d2b3b8,560ad7895551df59,results/evidence_advancement/artifacts/materialized_replay_pairs/560ad7895551df59.source.blif,pi_literal,x1,"[""x1""]","[""x1""]",1,881bc460ec339572,7836cdae43787598,923682bea6d517dc,same,npn_923682bea6d517dc,6,source_graph_or_pi_replayable,evidence_advancement_v1
01af890536a56ca3,560ad7895551df59,results/evidence_advancement/artifacts/materialized_replay_pairs/560ad7895551df59.source.blif,pi_literal,r0,"[""r0""]","[""r0""]",1,f919733d549a9e33,71feeed0446218e8,923682bea6d517dc,same,npn_923682bea6d517dc,6,source_graph_or_pi_replayable,evidence_advancement_v1
3669dd1f076ad342,560ad7895551df59,results/evidence_advancement/artifacts/materialized_replay_pairs/560ad7895551df59.source.blif,source_node,m0,"[""m0""]","[""r0"", ""x0"", ""x1""]",3,8d1560b225f7c697,d31cf6dbef25069a,9fd48a0d0d9d8a1b,same,npn_9fd48a0d0d9d8a1b,6,source_graph_or_pi_replayable,evidence_advancement_v1
d686caacadc9e9f0,560ad7895551df59,results/evidence_advancement/artifacts/materialized_replay_pairs/560ad7895551df59.source.blif,source_node,y0,"[""y0""]","[""r0"", ""x0"", ""x1""]",3,d61af64b7197e3f3,7077e1e487c73118,d61af64b7197e3f3,same,npn_d61af64b7197e3f3,6,source_graph_or_pi_replayable,evidence_advancement_v1
81a3fe651f5cea5d,560ad7895551df59,results/evidence_advancement/artifacts/materialized_replay_pairs/560ad7895551df59.source.blif,source_node,pcva_7d1ff3b7b6bc1b29,"[""pcva_7d1ff3b7b6bc1b29""]","[""x0"", ""x1""]",2,8d1560b225f7c697,d31cf6dbef25069a,b5d1f15c17250b42,same,npn_b5d1f15c17250b42,6,source_graph_or_pi_replayable,evidence_advancement_v1
6a5fe92d8b7e1496,560ad7895551df59,results/evidence_advancement/artifacts/materialized_replay_pairs/560ad7895551df59.source.blif,virtual_binary_cut,"and(x0,x1)","[""x0"", ""x1""]","[""x0"", ""x1""]",2,eba8a44748a5f09c,7717b29c04225dc0,94de9e90e231b35b,same,npn_94de9e90e231b35b,6,source_graph_or_pi_replayable,evidence_advancement_v1
7c4820190759fa61,560ad7895551df59,results/evidence_advancement/artifacts/materialized_replay_pairs/560ad7895551df59.source.blif,virtual_binary_cut,"or(x0,x1)","[""x0"", ""x1""]","[""x0"", ""x1""]",2,42a59debdb0bcad2,9f0c982b4c047d25,c580333a48d30dad,same,npn_94de9e90e231b35b,6,source_graph_or_pi_replayable,evidence_advancement_v1
1dfbbb15f807d719,560ad7895551df59,results/evidence_advancement/artifacts/materialized_replay_pairs/560ad7895551df59.source.blif,virtual_binary_cut,"xor(x0,x1)","[""x0"", ""x1""]","[""x0"", ""x1""]",2,8d1560b225f7c697,d31cf6dbef25069a,b5d1f15c17250b42,same,npn_b5d1f15c17250b42,6,source_graph_or_pi_replayable,evidence_advancement_v1
1fd6813ee613bae1,560ad7895551df59,results/evidence_advancement/artifacts/materialized_replay_pairs/560ad7895551df59.source.blif,virtual_binary_cut,"and(x0,not(x1))","[""x0"", ""x1""]","[""x0"", ""x1""]",2,64b0009f6392972f,4618e905c40e8769,90f21496b5c851e8,same,npn_94de9e90e231b35b,6,source_graph_or_pi_replayable,evidence_advancement_v1
2983bee186b330fa,560ad7895551df59,results/evidence_advancement/artifacts/materialized_replay_pairs/560ad7895551df59.source.blif,virtual_binary_cut,"or(x0,not(x1))","[""x0"", ""x1""]","[""x0"", ""x1""]",2,8560d332f7318334,8f0bc04977f88197,2c24932e8e4ebc2f,inverted,npn_94de9e90e231b35b,6,source_graph_or_pi_replayable,evidence_advancement_v1
e3d6578652e21d5d,560ad7895551df59,results/evidence_advancement/artifacts/materialized_replay_pairs/560ad7895551df59.source.blif,virtual_binary_cut,"and(x0,r0)","[""x0"", ""r0""]","[""r0"", ""x0""]",2,1228de099013e868,33fc91d1cc2c3255,94de9e90e231b35b,same,npn_94de9e90e231b35b,6,source_graph_or_pi_replayable,evidence_advancement_v1
3cc2e0b666a4672c,560ad7895551df59,results/evidence_advancement/artifacts/materialized_replay_pairs/560ad7895551df59.source.blif,virtual_binary_cut,"or(x0,r0)","[""x0"", ""r0""]","[""r0"", ""x0""]",2,1d207ade69b2a3eb,df856b66777ea758,c580333a48d30dad,same,npn_94de9e90e231b35b,6,source_graph_or_pi_replayable,evidence_advancement_v1
f765cbb7635b2901,560ad7895551df59,results/evidence_advancement/artifacts/materialized_replay_pairs/560ad7895551df59.source.blif,virtual_binary_cut,"xor(x0,r0)","[""x0"", ""r0""]","[""r0"", ""x0""]",2,d7a46d3b3e9464c2,26f3581e5bafe7c7,b5d1f15c17250b42,same,npn_b5d1f15c17250b42,6,source_graph_or_pi_replayable,evidence_advancement_v1
75a7d3e1b3f2eca7,560ad7895551df59,results/evidence_advancement/artifacts/materialized_replay_pairs/560ad7895551df59.source.blif,virtual_binary_cut,"and(x0,not(r0))","[""x0"", ""r0""]","[""r0"", ""x0""]",2,85473471e2f83e46,7767985351eded02,2c24932e8e4ebc2f,same,npn_94de9e90e231b35b,6,source_graph_or_pi_replayable,evidence_advancement_v1
f876cd0d6b495d18,560ad7895551df59,results/evidence_advancement/artifacts/materialized_replay_pairs/560ad7895551df59.source.blif,virtual_binary_cut,"or(x0,not(r0))","[""x0"", ""r0""]","[""r0"", ""x0""]",2,8251c47787737cc6,61ef94dfe370555e,90f21496b5c851e8,inverted,npn_94de9e90e231b35b,6,source_graph_or_pi_replayable,evidence_advancement_v1
fcbf9e1ccfcbf709,560ad7895551df59,results/evidence_advancement/artifacts/materialized_replay_pairs/560ad7895551df59.source.blif,virtual_binary_cut,"and(x0,m0)","[""x0"", ""m0""]","[""r0"", ""x0"", ""x1""]",3,64b0009f6392972f,4618e905c40e8769,1cd47cea02efadc5,same,npn_369b91d179abba64,6,source_graph_or_pi_replayable,evidence_advancement_v1
e4f784a60f105014,560ad7895551df59,results/evidence_advancement/artifacts/materialized_replay_pairs/560ad7895551df59.source.blif,virtual_binary_cut,"or(x0,m0)","[""x0"", ""m0""]","[""r0"", ""x0"", ""x1""]",3,42a59debdb0bcad2,9f0c982b4c047d25,6998c2b0380ed5fd,same,npn_369b91d179abba64,6,source_graph_or_pi_replayable,evidence_advancement_v1
de87bb7a1e102223,560ad7895551df59,results/evidence_advancement/artifacts/materialized_replay_pairs/560ad7895551df59.source.blif,virtual_binary_cut,"xor(x0,m0)","[""x0"", ""m0""]","[""r0"", ""x0"", ""x1""]",3,881bc460ec339572,7836cdae43787598,f919733d549a9e33,same,npn_f919733d549a9e33,6,source_graph_or_pi_replayable,evidence_advancement_v1
3669d4e123237ad3,560ad7895551df59,results/evidence_advancement/artifacts/materialized_replay_pairs/560ad7895551df59.source.blif,virtual_binary_cut,"and(x0,not(m0))","[""x0"", ""m0""]","[""r0"", ""x0"", ""x1""]",3,eba8a44748a5f09c,7717b29c04225dc0,369b91d179abba64,same,npn_369b91d179abba64,6,source_graph_or_pi_replayable,evidence_advancement_v1
9b9004cced1bddb6,560ad7895551df59,results/evidence_advancement/artifacts/materialized_replay_pairs/560ad7895551df59.source.blif,virtual_binary_cut,"or(x0,not(m0))","[""x0"", ""m0""]","[""r0"", ""x0"", ""x1""]",3,8560d332f7318334,8f0bc04977f88197,40a3a71b42727dac,inverted,npn_369b91d179abba64,6,source_graph_or_pi_replayable,evidence_advancement_v1
7a774c490d5b3929,560ad7895551df59,results/evidence_advancement/artifacts/materialized_replay_pairs/560ad7895551df59.source.blif,virtual_binary_cut,"and(x0,y0)","[""x0"", ""y0""]","[""r0"", ""x0"", ""x1""]",3,9875d06f074d4934,709b7cd024183d71,e502e9191e6ed303,same,npn_c367d71c2eac76ee,6,source_graph_or_pi_replayable,evidence_advancement_v1
1b3334cbf84d667e,560ad7895551df59,results/evidence_advancement/artifacts/materialized_replay_pairs/560ad7895551df59.source.blif,virtual_binary_cut,"or(x0,y0)","[""x0"", ""y0""]","[""r0"", ""x0"", ""x1""]",3,2d3d88fc9460d408,01b57a83096fa359,3b07b0bc23372d78,same,npn_358a268fde92333a,6,source_graph_or_pi_replayable,evidence_advancement_v1
914f0e0f8eb3b326,560ad7895551df59,results/evidence_advancement/artifacts/materialized_replay_pairs/560ad7895551df59.source.blif,virtual_binary_cut,"xor(x0,y0)","[""x0"", ""y0""]","[""r0"", ""x0"", ""x1""]",3,9f236f1deb165b77,d6d4afecdd60c0e8,9e90f97db2cf97c1,same,npn_519942ec52593eec,6,source_graph_or_pi_replayable,evidence_advancement_v1
c252ba58d1f3b864,560ad7895551df59,results/evidence_advancement/artifacts/materialized_replay_pairs/560ad7895551df59.source.blif,virtual_binary_cut,"and(x0,not(y0))","[""x0"", ""y0""]","[""r0"", ""x0"", ""x1""]",3,cafeff6df6d83c72,40434ab81bb65403,f349b8103440f38f,same,npn_c367d71c2eac76ee,6,source_graph_or_pi_replayable,evidence_advancement_v1
917900100a02654c,560ad7895551df59,results/evidence_advancement/artifacts/materialized_replay_pairs/560ad7895551df59.source.blif,virtual_binary_cut,"or(x0,not(y0))","[""x0"", ""y0""]","[""r0"", ""x0"", ""x1""]",3,5242b1da53ab09a8,9ebc1ab9a061b3d1,afe6407a40ccdeab,inverted,npn_24165068bb0dbfca,6,source_graph_or_pi_replayable,evidence_advancement_v1
f6e9251106ab08f4,560ad7895551df59,results/evidence_advancement/artifacts/materialized_replay_pairs/560ad7895551df59.source.blif,virtual_binary_cut,"xor(x0,pcva_7d1ff3b7b6bc1b29)","[""x0"", ""pcva_7d1ff3b7b6bc1b29""]","[""x0"", ""x1""]",2,881bc460ec339572,7836cdae43787598,6471b342ae3c3106,same,npn_6471b342ae3c3106,6,source_graph_or_pi_replayable,evidence_advancement_v1
0bfad1c14198551f,560ad7895551df59,results/evidence_advancement/artifacts/materialized_replay_pairs/560ad7895551df59.source.blif,virtual_binary_cut,"and(x1,r0)","[""x1"", ""r0""]","[""r0"", ""x1""]",2,369b91d179abba64,81db286b120ccd3b,94de9e90e231b35b,same,npn_94de9e90e231b35b,6,source_graph_or_pi_replayable,evidence_advancement_v1
dd8c11c00a367c05,560ad7895551df59,results/evidence_advancement/artifacts/materialized_replay_pairs/560ad7895551df59.source.blif,virtual_binary_cut,"or(x1,r0)","[""x1"", ""r0""]","[""r0"", ""x1""]",2,6998c2b0380ed5fd,df970782afed63be,c580333a48d30dad,same,npn_94de9e90e231b35b,6,source_graph_or_pi_replayable,evidence_advancement_v1
77bb454c25aefa1e,560ad7895551df59,results/evidence_advancement/artifacts/materialized_replay_pairs/560ad7895551df59.source.blif,virtual_binary_cut,"xor(x1,r0)","[""x1"", ""r0""]","[""r0"", ""x1""]",2,9fd48a0d0d9d8a1b,89e85f36ec391ace,b5d1f15c17250b42,same,npn_b5d1f15c17250b42,6,source_graph_or_pi_replayable,evidence_advancement_v1
17a9a2f1c15c6950,560ad7895551df59,results/evidence_advancement/artifacts/materialized_replay_pairs/560ad7895551df59.source.blif,virtual_binary_cut,"and(x1,not(r0))","[""x1"", ""r0""]","[""r0"", ""x1""]",2,1cd47cea02efadc5,b3dbc758ed4cf7c1,2c24932e8e4ebc2f,same,npn_94de9e90e231b35b,6,source_graph_or_pi_replayable,evidence_advancement_v1
200211bc7194e796,560ad7895551df59,results/evidence_advancement/artifacts/materialized_replay_pairs/560ad7895551df59.source.blif,virtual_binary_cut,"or(x1,not(r0))","[""x1"", ""r0""]","[""r0"", ""x1""]",2,3dd858e6fc78578a,40a3a71b42727dac,90f21496b5c851e8,inverted,npn_94de9e90e231b35b,6,source_graph_or_pi_replayable,evidence_advancement_v1
6fd64effe2aeaf85,560ad7895551df59,results/evidence_advancement/artifacts/materialized_replay_pairs/560ad7895551df59.source.blif,virtual_binary_cut,"xor(x1,m0)","[""x1"", ""m0""]","[""r0"", ""x0"", ""x1""]",3,df18d62faaa74b27,b6cfcfc147cbac64,881bc460ec339572,same,npn_f919733d549a9e33,6,source_graph_or_pi_replayable,evidence_advancement_v1
cf15a0a67764c583,560ad7895551df59,results/evidence_advancement/artifacts/materialized_replay_pairs/560ad7895551df59.source.blif,virtual_binary_cut,"and(x1,y0)","[""x1"", ""y0""]","[""r0"", ""x0"", ""x1""]",3,e502e9191e6ed303,9ba33c777b6dd915,c367d71c2eac76ee,same,npn_c367d71c2eac76ee,6,source_graph_or_pi_replayable,evidence_advancement_v1
d7f7a3c545c8c23b,560ad7895551df59,results/evidence_advancement/artifacts/materialized_replay_pairs/560ad7895551df59.source.blif,virtual_binary_cut,"or(x1,y0)","[""x1"", ""y0""]","[""r0"", ""x0"", ""x1""]",3,3b07b0bc23372d78,a21f9e000f8d8b39,2b785f5c6a14009e,same,npn_358a268fde92333a,6,source_graph_or_pi_replayable,evidence_advancement_v1
e259fd205a51f103,560ad7895551df59,results/evidence_advancement/artifacts/materialized_replay_pairs/560ad7895551df59.source.blif,virtual_binary_cut,"xor(x1,y0)","[""x1"", ""y0""]","[""r0"", ""x0"", ""x1""]",3,9e90f97db2cf97c1,3f87f62136bb932d,519942ec52593eec,same,npn_519942ec52593eec,6,source_graph_or_pi_replayable,evidence_advancement_v1
1385094ad5f9ceb9,560ad7895551df59,results/evidence_advancement/artifacts/materialized_replay_pairs/560ad7895551df59.source.blif,virtual_binary_cut,"and(x1,not(y0))","[""x1"", ""y0""]","[""r0"", ""x0"", ""x1""]",3,f349b8103440f38f,281fdcdaa6ddf1e3,ef73cac577bcd031,same,npn_c367d71c2eac76ee,6,source_graph_or_pi_replayable,evidence_advancement_v1
24074b11fbde427f,560ad7895551df59,results/evidence_advancement/artifacts/materialized_replay_pairs/560ad7895551df59.source.blif,virtual_binary_cut,"or(x1,not(y0))","[""x1"", ""y0""]","[""r0"", ""x0"", ""x1""]",3,e5e9f7323f023fb7,afe6407a40ccdeab,18025d3f5a1dde11,inverted,npn_24165068bb0dbfca,6,source_graph_or_pi_replayable,evidence_advancement_v1
2e44f86d89d87325,560ad7895551df59,results/evidence_advancement/artifacts/materialized_replay_pairs/560ad7895551df59.source.blif,virtual_binary_cut,"xor(x1,pcva_7d1ff3b7b6bc1b29)","[""x1"", ""pcva_7d1ff3b7b6bc1b29""]","[""x0"", ""x1""]",2,df18d62faaa74b27,b6cfcfc147cbac64,f14e1817ec32b1b5,same,npn_6471b342ae3c3106,6,source_graph_or_pi_replayable,evidence_advancement_v1
2dd2d250d4ca4168,560ad7895551df59,results/evidence_advancement/artifacts/materialized_replay_pairs/560ad7895551df59.source.blif,virtual_binary_cut,"and(r0,m0)","[""r0"", ""m0""]","[""r0"", ""x0"", ""x1""]",3,c367d71c2eac76ee,cad912d562146843,9875d06f074d4934,same,npn_c367d71c2eac76ee,6,source_graph_or_pi_replayable,evidence_advancement_v1
529e55972d080021,560ad7895551df59,results/evidence_advancement/artifacts/materialized_replay_pairs/560ad7895551df59.source.blif,virtual_binary_cut,"or(r0,m0)","[""r0"", ""m0""]","[""r0"", ""x0"", ""x1""]",3,b9cbd9a487f80552,d8f1a1158f9df939,45ee4c05f4aac508,same,npn_c367d71c2eac76ee,6,source_graph_or_pi_replayable,evidence_advancement_v1
6547e247f7fb0527,560ad7895551df59,results/evidence_advancement/artifacts/materialized_replay_pairs/560ad7895551df59.source.blif,virtual_binary_cut,"xor(r0,m0)","[""r0"", ""m0""]","[""r0"", ""x0"", ""x1""]",3,c2a6fb6a86cca609,275241aeb7262117,c2a6fb6a86cca609,same,npn_c2a6fb6a86cca609,6,source_graph_or_pi_replayable,evidence_advancement_v1
4b6f9f2596c5d1af,560ad7895551df59,results/evidence_advancement/artifacts/materialized_replay_pairs/560ad7895551df59.source.blif,virtual_binary_cut,"and(r0,not(m0))","[""r0"", ""m0""]","[""r0"", ""x0"", ""x1""]",3,ef73cac577bcd031,1cddf125e7c6c591,cafeff6df6d83c72,same,npn_c367d71c2eac76ee,6,source_graph_or_pi_replayable,evidence_advancement_v1
b2a672156196b9df,560ad7895551df59,results/evidence_advancement/artifacts/materialized_replay_pairs/560ad7895551df59.source.blif,virtual_binary_cut,"or(r0,not(m0))","[""r0"", ""m0""]","[""r0"", ""x0"", ""x1""]",3,df9216350cc7abbf,7f94ec8202b0598d,fec5a0854918cc1b,inverted,npn_c367d71c2eac76ee,6,source_graph_or_pi_replayable,evidence_advancement_v1
a6c04d383cda7e9d,560ad7895551df59,results/evidence_advancement/artifacts/materialized_replay_pairs/560ad7895551df59.source.blif,virtual_binary_cut,"or(r0,y0)","[""r0"", ""y0""]","[""r0"", ""x0"", ""x1""]",3,2b785f5c6a14009e,d4f1067dfed9dc13,2d3d88fc9460d408,same,npn_358a268fde92333a,6,source_graph_or_pi_replayable,evidence_advancement_v1
98c762e8b5468228,560ad7895551df59,results/evidence_advancement/artifacts/materialized_replay_pairs/560ad7895551df59.source.blif,virtual_binary_cut,"xor(r0,y0)","[""r0"", ""y0""]","[""r0"", ""x0"", ""x1""]",3,519942ec52593eec,41c4b287ff7bd954,9f236f1deb165b77,same,npn_519942ec52593eec,6,source_graph_or_pi_replayable,evidence_advancement_v1
91bbc933cf87465d,560ad7895551df59,results/evidence_advancement/artifacts/materialized_replay_pairs/560ad7895551df59.source.blif,virtual_binary_cut,"or(r0,not(y0))","[""r0"", ""y0""]","[""r0"", ""x0"", ""x1""]",3,e8998d9ce7a853e5,18025d3f5a1dde11,9ebc1ab9a061b3d1,inverted,npn_24165068bb0dbfca,6,source_graph_or_pi_replayable,evidence_advancement_v1
977c99c41ff14768,560ad7895551df59,results/evidence_advancement/artifacts/materialized_replay_pairs/560ad7895551df59.source.blif,virtual_binary_cut,"or(m0,y0)","[""m0"", ""y0""]","[""r0"", ""x0"", ""x1""]",3,4ad4886cc1aefa8e,7e04deb9e796eeba,6c2746cbb9885241,same,npn_519942ec52593eec,6,source_graph_or_pi_replayable,evidence_advancement_v1
1bf693b945f55248,560ad7895551df59,results/evidence_advancement/artifacts/materialized_replay_pairs/560ad7895551df59.source.blif,virtual_binary_cut,"xor(m0,y0)","[""m0"", ""y0""]","[""r0"", ""x0"", ""x1""]",3,e47419b31d104a12,3da639c5deee83dd,b26e7e25fcb42c21,same,npn_358a268fde92333a,6,source_graph_or_pi_replayable,evidence_advancement_v1
a95c95e4335b8123,560ad7895551df59,results/evidence_advancement/artifacts/materialized_replay_pairs/560ad7895551df59.source.blif,virtual_binary_cut,"and(m0,pcva_7d1ff3b7b6bc1b29)","[""m0"", ""pcva_7d1ff3b7b6bc1b29""]","[""r0"", ""x0"", ""x1""]",3,8d1560b225f7c697,d31cf6dbef25069a,9fd48a0d0d9d8a1b,same,npn_9fd48a0d0d9d8a1b,6,source_graph_or_pi_replayable,evidence_advancement_v1
2f6cafcfef7279c3,560ad7895551df59,results/evidence_advancement/artifacts/materialized_replay_pairs/560ad7895551df59.source.blif,virtual_binary_cut,"xor(m0,pcva_7d1ff3b7b6bc1b29)","[""m0"", ""pcva_7d1ff3b7b6bc1b29""]","[""r0"", ""x0"", ""x1""]",3,c14bc7d02c76f1ae,fc67e5cbb4b98b43,c14bc7d02c76f1ae,same,npn_c14bc7d02c76f1ae,6,source_graph_or_pi_replayable,evidence_advancement_v1
49add48445062ce2,5c300a974ba662e5,results/evidence_advancement/artifacts/materialized_replay_pairs/5c300a974ba662e5.source.blif,pi_literal,a,"[""a""]","[""a""]",1,df18d62faaa74b27,b6cfcfc147cbac64,923682bea6d517dc,same,npn_923682bea6d517dc,6,source_graph_or_pi_replayable,evidence_advancement_v1
6bf945be4e338898,5c300a974ba662e5,results/evidence_advancement/artifacts/materialized_replay_pairs/5c300a974ba662e5.source.blif,pi_literal,b,"[""b""]","[""b""]",1,881bc460ec339572,7836cdae43787598,923682bea6d517dc,same,npn_923682bea6d517dc,6,source_graph_or_pi_replayable,evidence_advancement_v1
5d82fa36647d2793,5c300a974ba662e5,results/evidence_advancement/artifacts/materialized_replay_pairs/5c300a974ba662e5.source.blif,pi_literal,cin,"[""cin""]","[""cin""]",1,f919733d549a9e33,71feeed0446218e8,923682bea6d517dc,same,npn_923682bea6d517dc,6,source_graph_or_pi_replayable,evidence_advancement_v1
c5be6ac4146382aa,5c300a974ba662e5,results/evidence_advancement/artifacts/materialized_replay_pairs/5c300a974ba662e5.source.blif,source_node,ab_xor,"[""ab_xor""]","[""a"", ""b""]",2,8d1560b225f7c697,d31cf6dbef25069a,b5d1f15c17250b42,same,npn_b5d1f15c17250b42,6,source_graph_or_pi_replayable,evidence_advancement_v1
ccc663d36f785586,5c300a974ba662e5,results/evidence_advancement/artifacts/materialized_replay_pairs/5c300a974ba662e5.source.blif,source_node,sum,"[""sum""]","[""a"", ""b"", ""cin""]",3,c2a6fb6a86cca609,275241aeb7262117,c2a6fb6a86cca609,same,npn_c2a6fb6a86cca609,6,source_graph_or_pi_replayable,evidence_advancement_v1
e35a137617125667,5c300a974ba662e5,results/evidence_advancement/artifacts/materialized_replay_pairs/5c300a974ba662e5.source.blif,source_node,ab_and,"[""ab_and""]","[""a"", ""b""]",2,eba8a44748a5f09c,7717b29c04225dc0,94de9e90e231b35b,same,npn_94de9e90e231b35b,6,source_graph_or_pi_replayable,evidence_advancement_v1
02afec5805a702d5,5c300a974ba662e5,results/evidence_advancement/artifacts/materialized_replay_pairs/5c300a974ba662e5.source.blif,source_node,a_cin_and,"[""a_cin_and""]","[""a"", ""cin""]",2,1228de099013e868,33fc91d1cc2c3255,94de9e90e231b35b,same,npn_94de9e90e231b35b,6,source_graph_or_pi_replayable,evidence_advancement_v1
8a9c779937498881,5c300a974ba662e5,results/evidence_advancement/artifacts/materialized_replay_pairs/5c300a974ba662e5.source.blif,source_node,b_cin_and,"[""b_cin_and""]","[""b"", ""cin""]",2,369b91d179abba64,81db286b120ccd3b,94de9e90e231b35b,same,npn_94de9e90e231b35b,6,source_graph_or_pi_replayable,evidence_advancement_v1
a1cce9fd2d10a8bb,5c300a974ba662e5,results/evidence_advancement/artifacts/materialized_replay_pairs/5c300a974ba662e5.source.blif,source_node,cout,"[""cout""]","[""a"", ""b"", ""cin""]",3,f362bf34947fde3f,62b7ad64067260f2,f362bf34947fde3f,same,npn_f362bf34947fde3f,6,source_graph_or_pi_replayable,evidence_advancement_v1
aaf71295a5967337,5c300a974ba662e5,results/evidence_advancement/artifacts/materialized_replay_pairs/5c300a974ba662e5.source.blif,virtual_binary_cut,"and(a,b)","[""a"", ""b""]","[""a"", ""b""]",2,eba8a44748a5f09c,7717b29c04225dc0,94de9e90e231b35b,same,npn_94de9e90e231b35b,6,source_graph_or_pi_replayable,evidence_advancement_v1
578369f1111ac34d,5c300a974ba662e5,results/evidence_advancement/artifacts/materialized_replay_pairs/5c300a974ba662e5.source.blif,virtual_binary_cut,"or(a,b)","[""a"", ""b""]","[""a"", ""b""]",2,42a59debdb0bcad2,9f0c982b4c047d25,c580333a48d30dad,same,npn_94de9e90e231b35b,6,source_graph_or_pi_replayable,evidence_advancement_v1
5bc75354445bfe16,5c300a974ba662e5,results/evidence_advancement/artifacts/materialized_replay_pairs/5c300a974ba662e5.source.blif,virtual_binary_cut,"xor(a,b)","[""a"", ""b""]","[""a"", ""b""]",2,8d1560b225f7c697,d31cf6dbef25069a,b5d1f15c17250b42,same,npn_b5d1f15c17250b42,6,source_graph_or_pi_replayable,evidence_advancement_v1
1cd587571cebc5bc,5c300a974ba662e5,results/evidence_advancement/artifacts/materialized_replay_pairs/5c300a974ba662e5.source.blif,virtual_binary_cut,"and(a,not(b))","[""a"", ""b""]","[""a"", ""b""]",2,64b0009f6392972f,4618e905c40e8769,90f21496b5c851e8,same,npn_94de9e90e231b35b,6,source_graph_or_pi_replayable,evidence_advancement_v1
0841c387579d80d6,5c300a974ba662e5,results/evidence_advancement/artifacts/materialized_replay_pairs/5c300a974ba662e5.source.blif,virtual_binary_cut,"or(a,not(b))","[""a"", ""b""]","[""a"", ""b""]",2,8560d332f7318334,8f0bc04977f88197,2c24932e8e4ebc2f,inverted,npn_94de9e90e231b35b,6,source_graph_or_pi_replayable,evidence_advancement_v1
6c40d6b0713b179f,5c300a974ba662e5,results/evidence_advancement/artifacts/materialized_replay_pairs/5c300a974ba662e5.source.blif,virtual_binary_cut,"and(a,cin)","[""a"", ""cin""]","[""a"", ""cin""]",2,1228de099013e868,33fc91d1cc2c3255,94de9e90e231b35b,same,npn_94de9e90e231b35b,6,source_graph_or_pi_replayable,evidence_advancement_v1
eee96bd6bab4047e,5c300a974ba662e5,results/evidence_advancement/artifacts/materialized_replay_pairs/5c300a974ba662e5.source.blif,virtual_binary_cut,"or(a,cin)","[""a"", ""cin""]","[""a"", ""cin""]",2,1d207ade69b2a3eb,df856b66777ea758,c580333a48d30dad,same,npn_94de9e90e231b35b,6,source_graph_or_pi_replayable,evidence_advancement_v1
63e96ee280ba5bb0,5c300a974ba662e5,results/evidence_advancement/artifacts/materialized_replay_pairs/5c300a974ba662e5.source.blif,virtual_binary_cut,"xor(a,cin)","[""a"", ""cin""]","[""a"", ""cin""]",2,d7a46d3b3e9464c2,26f3581e5bafe7c7,b5d1f15c17250b42,same,npn_b5d1f15c17250b42,6,source_graph_or_pi_replayable,evidence_advancement_v1
71fb512c01a56792,5c300a974ba662e5,results/evidence_advancement/artifacts/materialized_replay_pairs/5c300a974ba662e5.source.blif,virtual_binary_cut,"and(a,not(cin))","[""a"", ""cin""]","[""a"", ""cin""]",2,85473471e2f83e46,7767985351eded02,90f21496b5c851e8,same,npn_94de9e90e231b35b,6,source_graph_or_pi_replayable,evidence_advancement_v1
d9074be75c19c80b,5c300a974ba662e5,results/evidence_advancement/artifacts/materialized_replay_pairs/5c300a974ba662e5.source.blif,virtual_binary_cut,"or(a,not(cin))","[""a"", ""cin""]","[""a"", ""cin""]",2,8251c47787737cc6,61ef94dfe370555e,2c24932e8e4ebc2f,inverted,npn_94de9e90e231b35b,6,source_graph_or_pi_replayable,evidence_advancement_v1
fae2862955a5f741,5c300a974ba662e5,results/evidence_advancement/artifacts/materialized_replay_pairs/5c300a974ba662e5.source.blif,virtual_binary_cut,"xor(a,ab_xor)","[""a"", ""ab_xor""]","[""a"", ""b""]",2,881bc460ec339572,7836cdae43787598,6471b342ae3c3106,same,npn_6471b342ae3c3106,6,source_graph_or_pi_replayable,evidence_advancement_v1
3818ec65b424ac2f,5c300a974ba662e5,results/evidence_advancement/artifacts/materialized_replay_pairs/5c300a974ba662e5.source.blif,virtual_binary_cut,"and(a,sum)","[""a"", ""sum""]","[""a"", ""b"", ""cin""]",3,cafeff6df6d83c72,40434ab81bb65403,cafeff6df6d83c72,same,npn_c367d71c2eac76ee,6,source_graph_or_pi_replayable,evidence_advancement_v1
5040f16d907a4e87,5c300a974ba662e5,results/evidence_advancement/artifacts/materialized_replay_pairs/5c300a974ba662e5.source.blif,virtual_binary_cut,"or(a,sum)","[""a"", ""sum""]","[""a"", ""b"", ""cin""]",3,45ee4c05f4aac508,d82871169a887f4c,45ee4c05f4aac508,same,npn_c367d71c2eac76ee,6,source_graph_or_pi_replayable,evidence_advancement_v1
039a2b45cfa1dc6b,5c300a974ba662e5,results/evidence_advancement/artifacts/materialized_replay_pairs/5c300a974ba662e5.source.blif,virtual_binary_cut,"xor(a,sum)","[""a"", ""sum""]","[""a"", ""b"", ""cin""]",3,9fd48a0d0d9d8a1b,89e85f36ec391ace,9fd48a0d0d9d8a1b,same,npn_9fd48a0d0d9d8a1b,6,source_graph_or_pi_replayable,evidence_advancement_v1
25359637d5698e15,5c300a974ba662e5,results/evidence_advancement/artifacts/materialized_replay_pairs/5c300a974ba662e5.source.blif,virtual_binary_cut,"and(a,not(sum))","[""a"", ""sum""]","[""a"", ""b"", ""cin""]",3,9875d06f074d4934,709b7cd024183d71,9875d06f074d4934,same,npn_c367d71c2eac76ee,6,source_graph_or_pi_replayable,evidence_advancement_v1
d559e5f897bd0e7c,5c300a974ba662e5,results/evidence_advancement/artifacts/materialized_replay_pairs/5c300a974ba662e5.source.blif,virtual_binary_cut,"or(a,not(sum))","[""a"", ""sum""]","[""a"", ""b"", ""cin""]",3,5f19d4e4b2292e32,fec5a0854918cc1b,fec5a0854918cc1b,inverted,npn_c367d71c2eac76ee,6,source_graph_or_pi_replayable,evidence_advancement_v1
1105ce22b96e11f0,5c300a974ba662e5,results/evidence_advancement/artifacts/materialized_replay_pairs/5c300a974ba662e5.source.blif,virtual_binary_cut,"or(a,ab_and)","[""a"", ""ab_and""]","[""a"", ""b""]",2,df18d62faaa74b27,b6cfcfc147cbac64,f14e1817ec32b1b5,same,npn_6471b342ae3c3106,6,source_graph_or_pi_replayable,evidence_advancement_v1
c2e30a161659a284,5c300a974ba662e5,results/evidence_advancement/artifacts/materialized_replay_pairs/5c300a974ba662e5.source.blif,virtual_binary_cut,"or(a,not(ab_and))","[""a"", ""ab_and""]","[""a"", ""b""]",2,fc67e5cbb4b98b43,c14bc7d02c76f1ae,a90d007c2fc57df6,inverted,npn_a90d007c2fc57df6,6,source_graph_or_pi_replayable,evidence_advancement_v1
a68ab743fa32add3,5c300a974ba662e5,results/evidence_advancement/artifacts/materialized_replay_pairs/5c300a974ba662e5.source.blif,virtual_binary_cut,"or(a,a_cin_and)","[""a"", ""a_cin_and""]","[""a"", ""cin""]",2,df18d62faaa74b27,b6cfcfc147cbac64,f14e1817ec32b1b5,same,npn_6471b342ae3c3106,6,source_graph_or_pi_replayable,evidence_advancement_v1
8388fd1e8eab73a7,5c300a974ba662e5,results/evidence_advancement/artifacts/materialized_replay_pairs/5c300a974ba662e5.source.blif,virtual_binary_cut,"or(a,not(a_cin_and))","[""a"", ""a_cin_and""]","[""a"", ""cin""]",2,fc67e5cbb4b98b43,c14bc7d02c76f1ae,a90d007c2fc57df6,inverted,npn_a90d007c2fc57df6,6,source_graph_or_pi_replayable,evidence_advancement_v1
1bdea0a38daf83bd,5c300a974ba662e5,results/evidence_advancement/artifacts/materialized_replay_pairs/5c300a974ba662e5.source.blif,virtual_binary_cut,"and(a,b_cin_and)","[""a"", ""b_cin_and""]","[""a"", ""b"", ""cin""]",3,24165068bb0dbfca,7706d5f66a567332,24165068bb0dbfca,same,npn_24165068bb0dbfca,6,source_graph_or_pi_replayable,evidence_advancement_v1
e15d9d486601ab46,5c300a974ba662e5,results/evidence_advancement/artifacts/materialized_replay_pairs/5c300a974ba662e5.source.blif,virtual_binary_cut,"or(a,b_cin_and)","[""a"", ""b_cin_and""]","[""a"", ""b"", ""cin""]",3,2d3d88fc9460d408,01b57a83096fa359,2d3d88fc9460d408,same,npn_358a268fde92333a,6,source_graph_or_pi_replayable,evidence_advancement_v1
ed36b516bef2e8fa,5c300a974ba662e5,results/evidence_advancement/artifacts/materialized_replay_pairs/5c300a974ba662e5.source.blif,virtual_binary_cut,"xor(a,b_cin_and)","[""a"", ""b_cin_and""]","[""a"", ""b"", ""cin""]",3,60196d9c90521e9d,a288081a64aa38ce,60196d9c90521e9d,same,npn_2e96a02abe3f2e05,6,source_graph_or_pi_replayable,evidence_advancement_v1
9272bb1543a9ae5d,5c300a974ba662e5,results/evidence_advancement/artifacts/materialized_replay_pairs/5c300a974ba662e5.source.blif,virtual_binary_cut,"and(a,not(b_cin_and))","[""a"", ""b_cin_and""]","[""a"", ""b"", ""cin""]",3,86541bc0ebd49ad1,c0b2b7eb4e4b47b9,86541bc0ebd49ad1,same,npn_358a268fde92333a,6,source_graph_or_pi_replayable,evidence_advancement_v1
bc488bcba9ba047b,5c300a974ba662e5,results/evidence_advancement/artifacts/materialized_replay_pairs/5c300a974ba662e5.source.blif,virtual_binary_cut,"or(a,not(b_cin_and))","[""a"", ""b_cin_and""]","[""a"", ""b"", ""cin""]",3,5242b1da53ab09a8,9ebc1ab9a061b3d1,9ebc1ab9a061b3d1,inverted,npn_24165068bb0dbfca,6,source_graph_or_pi_replayable,evidence_advancement_v1
b7b2e602a0613444,5c300a974ba662e5,results/evidence_advancement/artifacts/materialized_replay_pairs/5c300a974ba662e5.source.blif,virtual_binary_cut,"and(a,cout)","[""a"", ""cout""]","[""a"", ""b"", ""cin""]",3,bea908062cfa2db7,d203ab8f1062b0a0,bea908062cfa2db7,same,npn_358a268fde92333a,6,source_graph_or_pi_replayable,evidence_advancement_v1
c297e5544410a7ac,5c300a974ba662e5,results/evidence_advancement/artifacts/materialized_replay_pairs/5c300a974ba662e5.source.blif,virtual_binary_cut,"xor(a,cout)","[""a"", ""cout""]","[""a"", ""b"", ""cin""]",3,0cd59fa994925bb3,21d49298ab0d6bfc,0cd59fa994925bb3,same,npn_a32eb2538c37ee34,6,source_graph_or_pi_replayable,evidence_advancement_v1
474f39a2157ce8d9,5c300a974ba662e5,results/evidence_advancement/artifacts/materialized_replay_pairs/5c300a974ba662e5.source.blif,virtual_binary_cut,"and(a,not(cout))","[""a"", ""cout""]","[""a"", ""b"", ""cin""]",3,0929086ae3553ffd,3c35fbd6acc1a5b4,0929086ae3553ffd,same,npn_24165068bb0dbfca,6,source_graph_or_pi_replayable,evidence_advancement_v1
649ce3ac1d154b21,5c300a974ba662e5,results/evidence_advancement/artifacts/materialized_replay_pairs/5c300a974ba662e5.source.blif,virtual_binary_cut,"and(b,cin)","[""b"", ""cin""]","[""b"", ""cin""]",2,369b91d179abba64,81db286b120ccd3b,94de9e90e231b35b,same,npn_94de9e90e231b35b,6,source_graph_or_pi_replayable,evidence_advancement_v1
28c38a1ccdc25b6c,5c300a974ba662e5,results/evidence_advancement/artifacts/materialized_replay_pairs/5c300a974ba662e5.source.blif,virtual_binary_cut,"or(b,cin)","[""b"", ""cin""]","[""b"", ""cin""]",2,6998c2b0380ed5fd,df970782afed63be,c580333a48d30dad,same,npn_94de9e90e231b35b,6,source_graph_or_pi_replayable,evidence_advancement_v1
e06a186a9b42e8ff,5c300a974ba662e5,results/evidence_advancement/artifacts/materialized_replay_pairs/5c300a974ba662e5.source.blif,virtual_binary_cut,"xor(b,cin)","[""b"", ""cin""]","[""b"", ""cin""]",2,9fd48a0d0d9d8a1b,89e85f36ec391ace,b5d1f15c17250b42,same,npn_b5d1f15c17250b42,6,source_graph_or_pi_replayable,evidence_advancement_v1
d49bbeab4e8e9943,5c300a974ba662e5,results/evidence_advancement/artifacts/materialized_replay_pairs/5c300a974ba662e5.source.blif,virtual_binary_cut,"and(b,not(cin))","[""b"", ""cin""]","[""b"", ""cin""]",2,1cd47cea02efadc5,b3dbc758ed4cf7c1,90f21496b5c851e8,same,npn_94de9e90e231b35b,6,source_graph_or_pi_replayable,evidence_advancement_v1
78d5e8fcec33b38f,5c300a974ba662e5,results/evidence_advancement/artifacts/materialized_replay_pairs/5c300a974ba662e5.source.blif,virtual_binary_cut,"or(b,not(cin))","[""b"", ""cin""]","[""b"", ""cin""]",2,3dd858e6fc78578a,40a3a71b42727dac,2c24932e8e4ebc2f,inverted,npn_94de9e90e231b35b,6,source_graph_or_pi_replayable,evidence_advancement_v1
c2ccc0bcfac87316,5c300a974ba662e5,results/evidence_advancement/artifacts/materialized_replay_pairs/5c300a974ba662e5.source.blif,virtual_binary_cut,"and(b,sum)","[""b"", ""sum""]","[""a"", ""b"", ""cin""]",3,f349b8103440f38f,281fdcdaa6ddf1e3,f349b8103440f38f,same,npn_c367d71c2eac76ee,6,source_graph_or_pi_replayable,evidence_advancement_v1
1a43935fa212f0e4,5c300a974ba662e5,results/evidence_advancement/artifacts/materialized_replay_pairs/5c300a974ba662e5.source.blif,virtual_binary_cut,"or(b,sum)","[""b"", ""sum""]","[""a"", ""b"", ""cin""]",3,786379bfa9523fe4,978691fe37bbf018,786379bfa9523fe4,same,npn_c367d71c2eac76ee,6,source_graph_or_pi_replayable,evidence_advancement_v1
b22a6cc594749d9a,5c300a974ba662e5,results/evidence_advancement/artifacts/materialized_replay_pairs/5c300a974ba662e5.source.blif,virtual_binary_cut,"xor(b,sum)","[""b"", ""sum""]","[""a"", ""b"", ""cin""]",3,d7a46d3b3e9464c2,26f3581e5bafe7c7,d7a46d3b3e9464c2,same,npn_9fd48a0d0d9d8a1b,6,source_graph_or_pi_replayable,evidence_advancement_v1
361c5788e5aa9181,5c300a974ba662e5,results/evidence_advancement/artifacts/materialized_replay_pairs/5c300a974ba662e5.source.blif,virtual_binary_cut,"and(b,not(sum))","[""b"", ""sum""]","[""a"", ""b"", ""cin""]",3,e502e9191e6ed303,9ba33c777b6dd915,e502e9191e6ed303,same,npn_c367d71c2eac76ee,6,source_graph_or_pi_replayable,evidence_advancement_v1
3ff1f03fbab29634,5c300a974ba662e5,results/evidence_advancement/artifacts/materialized_replay_pairs/5c300a974ba662e5.source.blif,virtual_binary_cut,"or(b,not(sum))","[""b"", ""sum""]","[""a"", ""b"", ""cin""]",3,4630f7310d6febc0,13b2d0b1cc3afd67,13b2d0b1cc3afd67,inverted,npn_c367d71c2eac76ee,6,source_graph_or_pi_replayable,evidence_advancement_v1
6ee47b37a4c7aae1,5c300a974ba662e5,results/evidence_advancement/artifacts/materialized_replay_pairs/5c300a974ba662e5.source.blif,virtual_binary_cut,"or(b,a_cin_and)","[""b"", ""a_cin_and""]","[""a"", ""b"", ""cin""]",3,3b07b0bc23372d78,a21f9e000f8d8b39,3b07b0bc23372d78,same,npn_358a268fde92333a,6,source_graph_or_pi_replayable,evidence_advancement_v1
43403a75a38b0c6d,5c300a974ba662e5,results/evidence_advancement/artifacts/materialized_replay_pairs/5c300a974ba662e5.source.blif,virtual_binary_cut,"xor(b,a_cin_and)","[""b"", ""a_cin_and""]","[""a"", ""b"", ""cin""]",3,b557e1bc282e341d,b7c4e46bdd0916fd,b557e1bc282e341d,same,npn_2e96a02abe3f2e05,6,source_graph_or_pi_replayable,evidence_advancement_v1
f05a815e21745c89,5c300a974ba662e5,results/evidence_advancement/artifacts/materialized_replay_pairs/5c300a974ba662e5.source.blif,virtual_binary_cut,"and(b,not(a_cin_and))","[""b"", ""a_cin_and""]","[""a"", ""b"", ""cin""]",3,4f60c46211bb6d37,bd8c96055d4724db,4f60c46211bb6d37,same,npn_358a268fde92333a,6,source_graph_or_pi_replayable,evidence_advancement_v1
b914006aeb2e7cd6,5c300a974ba662e5,results/evidence_advancement/artifacts/materialized_replay_pairs/5c300a974ba662e5.source.blif,virtual_binary_cut,"or(b,not(a_cin_and))","[""b"", ""a_cin_and""]","[""a"", ""b"", ""cin""]",3,e5e9f7323f023fb7,afe6407a40ccdeab,afe6407a40ccdeab,inverted,npn_24165068bb0dbfca,6,source_graph_or_pi_replayable,evidence_advancement_v1
1aed949625867a46,5c300a974ba662e5,results/evidence_advancement/artifacts/materialized_replay_pairs/5c300a974ba662e5.source.blif,virtual_binary_cut,"or(b,b_cin_and)","[""b"", ""b_cin_and""]","[""b"", ""cin""]",2,881bc460ec339572,7836cdae43787598,f14e1817ec32b1b5,same,npn_6471b342ae3c3106,6,source_graph_or_pi_replayable,evidence_advancement_v1
6d08ed4d58229aef,5c300a974ba662e5,results/evidence_advancement/artifacts/materialized_replay_pairs/5c300a974ba662e5.source.blif,virtual_binary_cut,"or(b,not(b_cin_and))","[""b"", ""b_cin_and""]","[""b"", ""cin""]",2,fc67e5cbb4b98b43,c14bc7d02c76f1ae,a90d007c2fc57df6,inverted,npn_a90d007c2fc57df6,6,source_graph_or_pi_replayable,evidence_advancement_v1
58b8118a6ff8f9a1,5c300a974ba662e5,results/evidence_advancement/artifacts/materialized_replay_pairs/5c300a974ba662e5.source.blif,virtual_binary_cut,"and(b,cout)","[""b"", ""cout""]","[""a"", ""b"", ""cin""]",3,dc3cd88779d423cd,90ed6ff15c51ceef,dc3cd88779d423cd,same,npn_358a268fde92333a,6,source_graph_or_pi_replayable,evidence_advancement_v1
f09b0d1697d3b332,5c300a974ba662e5,results/evidence_advancement/artifacts/materialized_replay_pairs/5c300a974ba662e5.source.blif,virtual_binary_cut,"xor(b,cout)","[""b"", ""cout""]","[""a"", ""b"", ""cin""]",3,c75151d45b581b6c,1bc6d6339006ee69,c75151d45b581b6c,same,npn_a32eb2538c37ee34,6,source_graph_or_pi_replayable,evidence_advancement_v1
b5a8f9d021d17d95,5c300a974ba662e5,results/evidence_advancement/artifacts/materialized_replay_pairs/5c300a974ba662e5.source.blif,virtual_binary_cut,"and(b,not(cout))","[""b"", ""cout""]","[""a"", ""b"", ""cin""]",3,00e3755f7c92db5f,33a790de895e4a82,00e3755f7c92db5f,same,npn_24165068bb0dbfca,6,source_graph_or_pi_replayable,evidence_advancement_v1
3fdac58aa06af1cf,5c300a974ba662e5,results/evidence_advancement/artifacts/materialized_replay_pairs/5c300a974ba662e5.source.blif,virtual_binary_cut,"and(cin,ab_xor)","[""cin"", ""ab_xor""]","[""a"", ""b"", ""cin""]",3,c367d71c2eac76ee,cad912d562146843,c367d71c2eac76ee,same,npn_c367d71c2eac76ee,6,source_graph_or_pi_replayable,evidence_advancement_v1
1adaf0d50fc9676d,5c300a974ba662e5,results/evidence_advancement/artifacts/materialized_replay_pairs/5c300a974ba662e5.source.blif,virtual_binary_cut,"or(cin,ab_xor)","[""cin"", ""ab_xor""]","[""a"", ""b"", ""cin""]",3,b9cbd9a487f80552,d8f1a1158f9df939,b9cbd9a487f80552,same,npn_c367d71c2eac76ee,6,source_graph_or_pi_replayable,evidence_advancement_v1
7c092149aa33119f,5c300a974ba662e5,results/evidence_advancement/artifacts/materialized_replay_pairs/5c300a974ba662e5.source.blif,virtual_binary_cut,"xor(cin,ab_xor)","[""cin"", ""ab_xor""]","[""a"", ""b"", ""cin""]",3,c2a6fb6a86cca609,275241aeb7262117,c2a6fb6a86cca609,same,npn_c2a6fb6a86cca609,6,source_graph_or_pi_replayable,evidence_advancement_v1
368429d12e9f40e8,5c300a974ba662e5,results/evidence_advancement/artifacts/materialized_replay_pairs/5c300a974ba662e5.source.blif,virtual_binary_cut,"and(cin,not(ab_xor))","[""cin"", ""ab_xor""]","[""a"", ""b"", ""cin""]",3,ef73cac577bcd031,1cddf125e7c6c591,ef73cac577bcd031,same,npn_c367d71c2eac76ee,6,source_graph_or_pi_replayable,evidence_advancement_v1
b40132c4770e8961,5c300a974ba662e5,results/evidence_advancement/artifacts/materialized_replay_pairs/5c300a974ba662e5.source.blif,virtual_binary_cut,"or(cin,not(ab_xor))","[""cin"", ""ab_xor""]","[""a"", ""b"", ""cin""]",3,df9216350cc7abbf,7f94ec8202b0598d,7f94ec8202b0598d,inverted,npn_c367d71c2eac76ee,6,source_graph_or_pi_replayable,evidence_advancement_v1
f4caba598976b6f2,5c300a974ba662e5,results/evidence_advancement/artifacts/materialized_replay_pairs/5c300a974ba662e5.source.blif,virtual_binary_cut,"xor(cin,sum)","[""cin"", ""sum""]","[""a"", ""b"", ""cin""]",3,8d1560b225f7c697,d31cf6dbef25069a,8d1560b225f7c697,same,npn_9fd48a0d0d9d8a1b,6,source_graph_or_pi_replayable,evidence_advancement_v1
1dcc9957ec552677,5c300a974ba662e5,results/evidence_advancement/artifacts/materialized_replay_pairs/5c300a974ba662e5.source.blif,virtual_binary_cut,"or(cin,ab_and)","[""cin"", ""ab_and""]","[""a"", ""b"", ""cin""]",3,2b785f5c6a14009e,d4f1067dfed9dc13,2b785f5c6a14009e,same,npn_358a268fde92333a,6,source_graph_or_pi_replayable,evidence_advancement_v1
4dde1f9414290a80,5c300a974ba662e5,results/evidence_advancement/artifacts/materialized_replay_pairs/5c300a974ba662e5.source.blif,virtual_binary_cut,"xor(cin,ab_and)","[""cin"", ""ab_and""]","[""a"", ""b"", ""cin""]",3,2e96a02abe3f2e05,a8f244d01461e4e3,2e96a02abe3f2e05,same,npn_2e96a02abe3f2e05,6,source_graph_or_pi_replayable,evidence_advancement_v1
bba5088fa9fbb17c,5c300a974ba662e5,results/evidence_advancement/artifacts/materialized_replay_pairs/5c300a974ba662e5.source.blif,virtual_binary_cut,"and(cin,not(ab_and))","[""cin"", ""ab_and""]","[""a"", ""b"", ""cin""]",3,ea466967d1b9574d,b5fe5c54be4d1ca1,ea466967d1b9574d,same,npn_358a268fde92333a,6,source_graph_or_pi_replayable,evidence_advancement_v1
d6648090cd5e1354,5c300a974ba662e5,results/evidence_advancement/artifacts/materialized_replay_pairs/5c300a974ba662e5.source.blif,virtual_binary_cut,"or(cin,not(ab_and))","[""cin"", ""ab_and""]","[""a"", ""b"", ""cin""]",3,e8998d9ce7a853e5,18025d3f5a1dde11,18025d3f5a1dde11,inverted,npn_24165068bb0dbfca,6,source_graph_or_pi_replayable,evidence_advancement_v1
39604d92c271cd2d,5c300a974ba662e5,results/evidence_advancement/artifacts/materialized_replay_pairs/5c300a974ba662e5.source.blif,virtual_binary_cut,"or(cin,a_cin_and)","[""cin"", ""a_cin_and""]","[""a"", ""cin""]",2,f919733d549a9e33,71feeed0446218e8,6471b342ae3c3106,same,npn_6471b342ae3c3106,6,source_graph_or_pi_replayable,evidence_advancement_v1
777ead6dbdc303bb,5c300a974ba662e5,results/evidence_advancement/artifacts/materialized_replay_pairs/5c300a974ba662e5.source.blif,virtual_binary_cut,"or(cin,b_cin_and)","[""cin"", ""b_cin_and""]","[""b"", ""cin""]",2,f919733d549a9e33,71feeed0446218e8,6471b342ae3c3106,same,npn_6471b342ae3c3106,6,source_graph_or_pi_replayable,evidence_advancement_v1
cc66ebb05b9e3a58,5c300a974ba662e5,results/evidence_advancement/artifacts/materialized_replay_pairs/5c300a974ba662e5.source.blif,virtual_binary_cut,"and(cin,cout)","[""cin"", ""cout""]","[""a"", ""b"", ""cin""]",3,358a268fde92333a,3afcf5da87f5826c,358a268fde92333a,same,npn_358a268fde92333a,6,source_graph_or_pi_replayable,evidence_advancement_v1
1b80298c374bac52,5c300a974ba662e5,results/evidence_advancement/artifacts/materialized_replay_pairs/5c300a974ba662e5.source.blif,virtual_binary_cut,"xor(cin,cout)","[""cin"", ""cout""]","[""a"", ""b"", ""cin""]",3,a32eb2538c37ee34,3055310c89621ff5,a32eb2538c37ee34,same,npn_a32eb2538c37ee34,6,source_graph_or_pi_replayable,evidence_advancement_v1
76ce296b9e27f3d9,5c300a974ba662e5,results/evidence_advancement/artifacts/materialized_replay_pairs/5c300a974ba662e5.source.blif,virtual_binary_cut,"and(cin,not(cout))","[""cin"", ""cout""]","[""a"", ""b"", ""cin""]",3,7b4604b3e7ef53d3,0abcb3e56b11067e,7b4604b3e7ef53d3,same,npn_24165068bb0dbfca,6,source_graph_or_pi_replayable,evidence_advancement_v1
a8eda0862f9eba3c,5c300a974ba662e5,results/evidence_advancement/artifacts/materialized_replay_pairs/5c300a974ba662e5.source.blif,virtual_binary_cut,"xor(ab_xor,sum)","[""ab_xor"", ""sum""]","[""a"", ""b"", ""cin""]",3,f919733d549a9e33,71feeed0446218e8,f919733d549a9e33,same,npn_f919733d549a9e33,6,source_graph_or_pi_replayable,evidence_advancement_v1
b9ca524ed2ef1b68,5c300a974ba662e5,results/evidence_advancement/artifacts/materialized_replay_pairs/5c300a974ba662e5.source.blif,virtual_binary_cut,"or(ab_xor,a_cin_and)","[""ab_xor"", ""a_cin_and""]","[""a"", ""b"", ""cin""]",3,ecffe6354927592d,2ac8bd1b66db62d5,ecffe6354927592d,same,npn_519942ec52593eec,6,source_graph_or_pi_replayable,evidence_advancement_v1
8dd0b2f8df898394,5c300a974ba662e5,results/evidence_advancement/artifacts/materialized_replay_pairs/5c300a974ba662e5.source.blif,virtual_binary_cut,"xor(ab_xor,a_cin_and)","[""ab_xor"", ""a_cin_and""]","[""a"", ""b"", ""cin""]",3,b17d45493ba3a535,aa04594437ce4e25,b17d45493ba3a535,same,npn_2e96a02abe3f2e05,6,source_graph_or_pi_replayable,evidence_advancement_v1
4113d41c4050747e,5c300a974ba662e5,results/evidence_advancement/artifacts/materialized_replay_pairs/5c300a974ba662e5.source.blif,virtual_binary_cut,"and(ab_xor,not(a_cin_and))","[""ab_xor"", ""a_cin_and""]","[""a"", ""b"", ""cin""]",3,38836792107d8a9a,97cd566785c639c0,38836792107d8a9a,same,npn_519942ec52593eec,6,source_graph_or_pi_replayable,evidence_advancement_v1
11917e9e020bd05f,5c300a974ba662e5,results/evidence_advancement/artifacts/materialized_replay_pairs/5c300a974ba662e5.source.blif,virtual_binary_cut,"xor(ab_xor,b_cin_and)","[""ab_xor"", ""b_cin_and""]","[""a"", ""b"", ""cin""]",3,62ad13d001efd14a,7dcd75ff2da27c11,62ad13d001efd14a,same,npn_2e96a02abe3f2e05,6,source_graph_or_pi_replayable,evidence_advancement_v1
2da85de7d9c84a8c,5c300a974ba662e5,results/evidence_advancement/artifacts/materialized_replay_pairs/5c300a974ba662e5.source.blif,virtual_binary_cut,"and(ab_xor,not(b_cin_and))","[""ab_xor"", ""b_cin_and""]","[""a"", ""b"", ""cin""]",3,441bfcfb893ac096,9a02499b8ffb93d4,441bfcfb893ac096,same,npn_519942ec52593eec,6,source_graph_or_pi_replayable,evidence_advancement_v1
7cc7dd42713d6886,5c300a974ba662e5,results/evidence_advancement/artifacts/materialized_replay_pairs/5c300a974ba662e5.source.blif,virtual_binary_cut,"or(ab_xor,cout)","[""ab_xor"", ""cout""]","[""a"", ""b"", ""cin""]",3,42a59debdb0bcad2,9f0c982b4c047d25,42a59debdb0bcad2,same,npn_369b91d179abba64,6,source_graph_or_pi_replayable,evidence_advancement_v1
6b171e23cb533d07,5c300a974ba662e5,results/evidence_advancement/artifacts/materialized_replay_pairs/5c300a974ba662e5.source.blif,virtual_binary_cut,"xor(ab_xor,cout)","[""ab_xor"", ""cout""]","[""a"", ""b"", ""cin""]",3,4e2e624ff001de2a,59aed3a2ef0ddb7d,4e2e624ff001de2a,same,npn_f362bf34947fde3f,6,source_graph_or_pi_replayable,evidence_advancement_v1
de486a939ecd0d5f,5c300a974ba662e5,results/evidence_advancement/artifacts/materialized_replay_pairs/5c300a974ba662e5.source.blif,virtual_binary_cut,"or(ab_xor,not(cout))","[""ab_xor"", ""cout""]","[""a"", ""b"", ""cin""]",3,7717b29c04225dc0,eba8a44748a5f09c,eba8a44748a5f09c,inverted,npn_369b91d179abba64,6,source_graph_or_pi_replayable,evidence_advancement_v1
7f31f845043c9962,5c300a974ba662e5,results/evidence_advancement/artifacts/materialized_replay_pairs/5c300a974ba662e5.source.blif,virtual_binary_cut,"or(sum,ab_and)","[""sum"", ""ab_and""]","[""a"", ""b"", ""cin""]",3,54b0891aa88d1f02,d4285658c58028f8,54b0891aa88d1f02,same,npn_d61af64b7197e3f3,6,source_graph_or_pi_replayable,evidence_advancement_v1
f1923878f549f71e,5c300a974ba662e5,results/evidence_advancement/artifacts/materialized_replay_pairs/5c300a974ba662e5.source.blif,virtual_binary_cut,"xor(sum,ab_and)","[""sum"", ""ab_and""]","[""a"", ""b"", ""cin""]",3,c7c2f82107e8afb0,4bcd1b9079112587,c7c2f82107e8afb0,same,npn_2e96a02abe3f2e05,6,source_graph_or_pi_replayable,evidence_advancement_v1
4b9f117ae7ef1c10,5c300a974ba662e5,results/evidence_advancement/artifacts/materialized_replay_pairs/5c300a974ba662e5.source.blif,virtual_binary_cut,"and(sum,not(ab_and))","[""sum"", ""ab_and""]","[""a"", ""b"", ""cin""]",3,c624e761ca4bcae2,7064339e905d7539,c624e761ca4bcae2,same,npn_d61af64b7197e3f3,6,source_graph_or_pi_replayable,evidence_advancement_v1
7dd489a1f56f7b3c,5c300a974ba662e5,results/evidence_advancement/artifacts/materialized_replay_pairs/5c300a974ba662e5.source.blif,virtual_binary_cut,"or(sum,a_cin_and)","[""sum"", ""a_cin_and""]","[""a"", ""b"", ""cin""]",3,5936ac63bf6ad836,fa1fec4e01ce6aca,5936ac63bf6ad836,same,npn_d61af64b7197e3f3,6,source_graph_or_pi_replayable,evidence_advancement_v1
590e06fe0fc940e5,5c300a974ba662e5,results/evidence_advancement/artifacts/materialized_replay_pairs/5c300a974ba662e5.source.blif,virtual_binary_cut,"xor(sum,a_cin_and)","[""sum"", ""a_cin_and""]","[""a"", ""b"", ""cin""]",3,75e77e97d7f75adf,c652bc32ee82dccf,75e77e97d7f75adf,same,npn_2e96a02abe3f2e05,6,source_graph_or_pi_replayable,evidence_advancement_v1
15fc78b7c8f6200c,5c300a974ba662e5,results/evidence_advancement/artifacts/materialized_replay_pairs/5c300a974ba662e5.source.blif,virtual_binary_cut,"or(sum,b_cin_and)","[""sum"", ""b_cin_and""]","[""a"", ""b"", ""cin""]",3,b5ef9070e46ed0cc,b465c54a2345dfdf,b5ef9070e46ed0cc,same,npn_d61af64b7197e3f3,6,source_graph_or_pi_replayable,evidence_advancement_v1
ce9ae22d038db29c,5c300a974ba662e5,results/evidence_advancement/artifacts/materialized_replay_pairs/5c300a974ba662e5.source.blif,virtual_binary_cut,"xor(sum,b_cin_and)","[""sum"", ""b_cin_and""]","[""a"", ""b"", ""cin""]",3,302e0e31410bc2a4,de66c62b2b8c6090,302e0e31410bc2a4,same,npn_2e96a02abe3f2e05,6,source_graph_or_pi_replayable,evidence_advancement_v1
b7fff2aa903e04df,5c300a974ba662e5,results/evidence_advancement/artifacts/materialized_replay_pairs/5c300a974ba662e5.source.blif,virtual_binary_cut,"or(sum,cout)","[""sum"", ""cout""]","[""a"", ""b"", ""cin""]",3,15d3f0da777adabd,f8dc997cdc370935,15d3f0da777adabd,same,npn_24165068bb0dbfca,6,source_graph_or_pi_replayable,evidence_advancement_v1
cc6563115aebc4e5,5c300a974ba662e5,results/evidence_advancement/artifacts/materialized_replay_pairs/5c300a974ba662e5.source.blif,virtual_binary_cut,"xor(sum,cout)","[""sum"", ""cout""]","[""a"", ""b"", ""cin""]",3,f72c8bd830be906a,36ca0c487498f425,f72c8bd830be906a,same,npn_a32eb2538c37ee34,6,source_graph_or_pi_replayable,evidence_advancement_v1
287b9caf68ad7795,5c300a974ba662e5,results/evidence_advancement/artifacts/materialized_replay_pairs/5c300a974ba662e5.source.blif,virtual_binary_cut,"or(sum,not(cout))","[""sum"", ""cout""]","[""a"", ""b"", ""cin""]",3,7077e1e487c73118,d61af64b7197e3f3,d61af64b7197e3f3,inverted,npn_d61af64b7197e3f3,6,source_graph_or_pi_replayable,evidence_advancement_v1
f0cb38d62234ba27,5c300a974ba662e5,results/evidence_advancement/artifacts/materialized_replay_pairs/5c300a974ba662e5.source.blif,virtual_binary_cut,"or(ab_and,cout)","[""ab_and"", ""cout""]","[""a"", ""b"", ""cin""]",3,f362bf34947fde3f,62b7ad64067260f2,f362bf34947fde3f,same,npn_f362bf34947fde3f,6,source_graph_or_pi_replayable,evidence_advancement_v1
7304e7217d6a21fa,5c300a974ba662e5,results/evidence_advancement/artifacts/materialized_replay_pairs/5c300a974ba662e5.source.blif,virtual_binary_cut,"and(ab_and,not(cout))","[""ab_and"", ""cout""]","[""a"", ""b"", ""cin""]",3,c14bc7d02c76f1ae,fc67e5cbb4b98b43,c14bc7d02c76f1ae,same,npn_c14bc7d02c76f1ae,6,source_graph_or_pi_replayable,evidence_advancement_v1
ff316ea63b7c537d,5c300a974ba662e5,results/evidence_advancement/artifacts/materialized_replay_pairs/5c300a974ba662e5.source.blif,virtual_binary_cut,"and(a_cin_and,cout)","[""a_cin_and"", ""cout""]","[""a"", ""b"", ""cin""]",3,1228de099013e868,33fc91d1cc2c3255,1228de099013e868,same,npn_369b91d179abba64,6,source_graph_or_pi_replayable,evidence_advancement_v1
74fd440bd190fb9c,5c300a974ba662e5,results/evidence_advancement/artifacts/materialized_replay_pairs/5c300a974ba662e5.source.blif,virtual_binary_cut,"and(b_cin_and,cout)","[""b_cin_and"", ""cout""]","[""a"", ""b"", ""cin""]",3,369b91d179abba64,81db286b120ccd3b,369b91d179abba64,same,npn_369b91d179abba64,6,source_graph_or_pi_replayable,evidence_advancement_v1
4a6c28f4f6f5e9d4,6bbaa43e7380e769,results/evidence_advancement/artifacts/materialized_replay_pairs/6bbaa43e7380e769.source.blif,pi_literal,x0,"[""x0""]","[""x0""]",1,df18d62faaa74b27,b6cfcfc147cbac64,923682bea6d517dc,same,npn_923682bea6d517dc,6,source_graph_or_pi_replayable,evidence_advancement_v1
6c30542fd4c54562,6bbaa43e7380e769,results/evidence_advancement/artifacts/materialized_replay_pairs/6bbaa43e7380e769.source.blif,pi_literal,x1,"[""x1""]","[""x1""]",1,881bc460ec339572,7836cdae43787598,923682bea6d517dc,same,npn_923682bea6d517dc,6,source_graph_or_pi_replayable,evidence_advancement_v1
0e1854a05bb0c5de,6bbaa43e7380e769,results/evidence_advancement/artifacts/materialized_replay_pairs/6bbaa43e7380e769.source.blif,pi_literal,r0,"[""r0""]","[""r0""]",1,f919733d549a9e33,71feeed0446218e8,923682bea6d517dc,same,npn_923682bea6d517dc,6,source_graph_or_pi_replayable,evidence_advancement_v1
c2be63109970ab89,6bbaa43e7380e769,results/evidence_advancement/artifacts/materialized_replay_pairs/6bbaa43e7380e769.source.blif,source_node,m0,"[""m0""]","[""r0"", ""x0"", ""x1""]",3,8d1560b225f7c697,d31cf6dbef25069a,9fd48a0d0d9d8a1b,same,npn_9fd48a0d0d9d8a1b,6,source_graph_or_pi_replayable,evidence_advancement_v1
4c3d15c2f5a6d19d,6bbaa43e7380e769,results/evidence_advancement/artifacts/materialized_replay_pairs/6bbaa43e7380e769.source.blif,source_node,y0,"[""y0""]","[""r0"", ""x0"", ""x1""]",3,d61af64b7197e3f3,7077e1e487c73118,d61af64b7197e3f3,same,npn_d61af64b7197e3f3,6,source_graph_or_pi_replayable,evidence_advancement_v1
b11849d0b2ae0b36,6bbaa43e7380e769,results/evidence_advancement/artifacts/materialized_replay_pairs/6bbaa43e7380e769.source.blif,source_node,pcva_37a116ba534fd473,"[""pcva_37a116ba534fd473""]","[""x0"", ""x1""]",2,8d1560b225f7c697,d31cf6dbef25069a,b5d1f15c17250b42,same,npn_b5d1f15c17250b42,6,source_graph_or_pi_replayable,evidence_advancement_v1
8b5c9e6b5590c2cc,6bbaa43e7380e769,results/evidence_advancement/artifacts/materialized_replay_pairs/6bbaa43e7380e769.source.blif,virtual_binary_cut,"and(x0,x1)","[""x0"", ""x1""]","[""x0"", ""x1""]",2,eba8a44748a5f09c,7717b29c04225dc0,94de9e90e231b35b,same,npn_94de9e90e231b35b,6,source_graph_or_pi_replayable,evidence_advancement_v1
1459afd2e6338ba3,6bbaa43e7380e769,results/evidence_advancement/artifacts/materialized_replay_pairs/6bbaa43e7380e769.source.blif,virtual_binary_cut,"or(x0,x1)","[""x0"", ""x1""]","[""x0"", ""x1""]",2,42a59debdb0bcad2,9f0c982b4c047d25,c580333a48d30dad,same,npn_94de9e90e231b35b,6,source_graph_or_pi_replayable,evidence_advancement_v1
c0f4986d6f6fe454,6bbaa43e7380e769,results/evidence_advancement/artifacts/materialized_replay_pairs/6bbaa43e7380e769.source.blif,virtual_binary_cut,"xor(x0,x1)","[""x0"", ""x1""]","[""x0"", ""x1""]",2,8d1560b225f7c697,d31cf6dbef25069a,b5d1f15c17250b42,same,npn_b5d1f15c17250b42,6,source_graph_or_pi_replayable,evidence_advancement_v1
1a4b0d5ccf56c178,6bbaa43e7380e769,results/evidence_advancement/artifacts/materialized_replay_pairs/6bbaa43e7380e769.source.blif,virtual_binary_cut,"and(x0,not(x1))","[""x0"", ""x1""]","[""x0"", ""x1""]",2,64b0009f6392972f,4618e905c40e8769,90f21496b5c851e8,same,npn_94de9e90e231b35b,6,source_graph_or_pi_replayable,evidence_advancement_v1
631878e0d209e065,6bbaa43e7380e769,results/evidence_advancement/artifacts/materialized_replay_pairs/6bbaa43e7380e769.source.blif,virtual_binary_cut,"or(x0,not(x1))","[""x0"", ""x1""]","[""x0"", ""x1""]",2,8560d332f7318334,8f0bc04977f88197,2c24932e8e4ebc2f,inverted,npn_94de9e90e231b35b,6,source_graph_or_pi_replayable,evidence_advancement_v1
d555d624b4cef1ff,6bbaa43e7380e769,results/evidence_advancement/artifacts/materialized_replay_pairs/6bbaa43e7380e769.source.blif,virtual_binary_cut,"and(x0,r0)","[""x0"", ""r0""]","[""r0"", ""x0""]",2,1228de099013e868,33fc91d1cc2c3255,94de9e90e231b35b,same,npn_94de9e90e231b35b,6,source_graph_or_pi_replayable,evidence_advancement_v1
8173bb5ba8b406ed,6bbaa43e7380e769,results/evidence_advancement/artifacts/materialized_replay_pairs/6bbaa43e7380e769.source.blif,virtual_binary_cut,"or(x0,r0)","[""x0"", ""r0""]","[""r0"", ""x0""]",2,1d207ade69b2a3eb,df856b66777ea758,c580333a48d30dad,same,npn_94de9e90e231b35b,6,source_graph_or_pi_replayable,evidence_advancement_v1
997ecbed0dbda2a6,6bbaa43e7380e769,results/evidence_advancement/artifacts/materialized_replay_pairs/6bbaa43e7380e769.source.blif,virtual_binary_cut,"xor(x0,r0)","[""x0"", ""r0""]","[""r0"", ""x0""]",2,d7a46d3b3e9464c2,26f3581e5bafe7c7,b5d1f15c17250b42,same,npn_b5d1f15c17250b42,6,source_graph_or_pi_replayable,evidence_advancement_v1
b9909f80d8d1c3e5,6bbaa43e7380e769,results/evidence_advancement/artifacts/materialized_replay_pairs/6bbaa43e7380e769.source.blif,virtual_binary_cut,"and(x0,not(r0))","[""x0"", ""r0""]","[""r0"", ""x0""]",2,85473471e2f83e46,7767985351eded02,2c24932e8e4ebc2f,same,npn_94de9e90e231b35b,6,source_graph_or_pi_replayable,evidence_advancement_v1
21a50f837223ca1c,6bbaa43e7380e769,results/evidence_advancement/artifacts/materialized_replay_pairs/6bbaa43e7380e769.source.blif,virtual_binary_cut,"or(x0,not(r0))","[""x0"", ""r0""]","[""r0"", ""x0""]",2,8251c47787737cc6,61ef94dfe370555e,90f21496b5c851e8,inverted,npn_94de9e90e231b35b,6,source_graph_or_pi_replayable,evidence_advancement_v1
7d4cdfbdbb2110df,6bbaa43e7380e769,results/evidence_advancement/artifacts/materialized_replay_pairs/6bbaa43e7380e769.source.blif,virtual_binary_cut,"and(x0,m0)","[""x0"", ""m0""]","[""r0"", ""x0"", ""x1""]",3,64b0009f6392972f,4618e905c40e8769,1cd47cea02efadc5,same,npn_369b91d179abba64,6,source_graph_or_pi_replayable,evidence_advancement_v1
2a125329e8d2d93e,6bbaa43e7380e769,results/evidence_advancement/artifacts/materialized_replay_pairs/6bbaa43e7380e769.source.blif,virtual_binary_cut,"or(x0,m0)","[""x0"", ""m0""]","[""r0"", ""x0"", ""x1""]",3,42a59debdb0bcad2,9f0c982b4c047d25,6998c2b0380ed5fd,same,npn_369b91d179abba64,6,source_graph_or_pi_replayable,evidence_advancement_v1
5619886edc3b9a6b,6bbaa43e7380e769,results/evidence_advancement/artifacts/materialized_replay_pairs/6bbaa43e7380e769.source.blif,virtual_binary_cut,"xor(x0,m0)","[""x0"", ""m0""]","[""r0"", ""x0"", ""x1""]",3,881bc460ec339572,7836cdae43787598,f919733d549a9e33,same,npn_f919733d549a9e33,6,source_graph_or_pi_replayable,evidence_advancement_v1
6b7e05bede6f9b41,6bbaa43e7380e769,results/evidence_advancement/artifacts/materialized_replay_pairs/6bbaa43e7380e769.source.blif,virtual_binary_cut,"and(x0,not(m0))","[""x0"", ""m0""]","[""r0"", ""x0"", ""x1""]",3,eba8a44748a5f09c,7717b29c04225dc0,369b91d179abba64,same,npn_369b91d179abba64,6,source_graph_or_pi_replayable,evidence_advancement_v1
2aebc8ad0ab9d1f5,6bbaa43e7380e769,results/evidence_advancement/artifacts/materialized_replay_pairs/6bbaa43e7380e769.source.blif,virtual_binary_cut,"or(x0,not(m0))","[""x0"", ""m0""]","[""r0"", ""x0"", ""x1""]",3,8560d332f7318334,8f0bc04977f88197,40a3a71b42727dac,inverted,npn_369b91d179abba64,6,source_graph_or_pi_replayable,evidence_advancement_v1
1ae4e6e4e03aa49b,6bbaa43e7380e769,results/evidence_advancement/artifacts/materialized_replay_pairs/6bbaa43e7380e769.source.blif,virtual_binary_cut,"and(x0,y0)","[""x0"", ""y0""]","[""r0"", ""x0"", ""x1""]",3,9875d06f074d4934,709b7cd024183d71,e502e9191e6ed303,same,npn_c367d71c2eac76ee,6,source_graph_or_pi_replayable,evidence_advancement_v1
5c4fcdfa2f8a9d81,6bbaa43e7380e769,results/evidence_advancement/artifacts/materialized_replay_pairs/6bbaa43e7380e769.source.blif,virtual_binary_cut,"or(x0,y0)","[""x0"", ""y0""]","[""r0"", ""x0"", ""x1""]",3,2d3d88fc9460d408,01b57a83096fa359,3b07b0bc23372d78,same,npn_358a268fde92333a,6,source_graph_or_pi_replayable,evidence_advancement_v1
728a2883e47a2dab,6bbaa43e7380e769,results/evidence_advancement/artifacts/materialized_replay_pairs/6bbaa43e7380e769.source.blif,virtual_binary_cut,"xor(x0,y0)","[""x0"", ""y0""]","[""r0"", ""x0"", ""x1""]",3,9f236f1deb165b77,d6d4afecdd60c0e8,9e90f97db2cf97c1,same,npn_519942ec52593eec,6,source_graph_or_pi_replayable,evidence_advancement_v1
ba39f15e62c87252,6bbaa43e7380e769,results/evidence_advancement/artifacts/materialized_replay_pairs/6bbaa43e7380e769.source.blif,virtual_binary_cut,"and(x0,not(y0))","[""x0"", ""y0""]","[""r0"", ""x0"", ""x1""]",3,cafeff6df6d83c72,40434ab81bb65403,f349b8103440f38f,same,npn_c367d71c2eac76ee,6,source_graph_or_pi_replayable,evidence_advancement_v1
e33cf8f0453400c8,6bbaa43e7380e769,results/evidence_advancement/artifacts/materialized_replay_pairs/6bbaa43e7380e769.source.blif,virtual_binary_cut,"or(x0,not(y0))","[""x0"", ""y0""]","[""r0"", ""x0"", ""x1""]",3,5242b1da53ab09a8,9ebc1ab9a061b3d1,afe6407a40ccdeab,inverted,npn_24165068bb0dbfca,6,source_graph_or_pi_replayable,evidence_advancement_v1
d8ecbf3248a66aa1,6bbaa43e7380e769,results/evidence_advancement/artifacts/materialized_replay_pairs/6bbaa43e7380e769.source.blif,virtual_binary_cut,"xor(x0,pcva_37a116ba534fd473)","[""x0"", ""pcva_37a116ba534fd473""]","[""x0"", ""x1""]",2,881bc460ec339572,7836cdae43787598,6471b342ae3c3106,same,npn_6471b342ae3c3106,6,source_graph_or_pi_replayable,evidence_advancement_v1
25719496db5d0bd5,6bbaa43e7380e769,results/evidence_advancement/artifacts/materialized_replay_pairs/6bbaa43e7380e769.source.blif,virtual_binary_cut,"and(x1,r0)","[""x1"", ""r0""]","[""r0"", ""x1""]",2,369b91d179abba64,81db286b120ccd3b,94de9e90e231b35b,same,npn_94de9e90e231b35b,6,source_graph_or_pi_replayable,evidence_advancement_v1
97d9ffad9417c850,6bbaa43e7380e769,results/evidence_advancement/artifacts/materialized_replay_pairs/6bbaa43e7380e769.source.blif,virtual_binary_cut,"or(x1,r0)","[""x1"", ""r0""]","[""r0"", ""x1""]",2,6998c2b0380ed5fd,df970782afed63be,c580333a48d30dad,same,npn_94de9e90e231b35b,6,source_graph_or_pi_replayable,evidence_advancement_v1
d94b35e90a978696,6bbaa43e7380e769,results/evidence_advancement/artifacts/materialized_replay_pairs/6bbaa43e7380e769.source.blif,virtual_binary_cut,"xor(x1,r0)","[""x1"", ""r0""]","[""r0"", ""x1""]",2,9fd48a0d0d9d8a1b,89e85f36ec391ace,b5d1f15c17250b42,same,npn_b5d1f15c17250b42,6,source_graph_or_pi_replayable,evidence_advancement_v1
59bdfea4f865f17e,6bbaa43e7380e769,results/evidence_advancement/artifacts/materialized_replay_pairs/6bbaa43e7380e769.source.blif,virtual_binary_cut,"and(x1,not(r0))","[""x1"", ""r0""]","[""r0"", ""x1""]",2,1cd47cea02efadc5,b3dbc758ed4cf7c1,2c24932e8e4ebc2f,same,npn_94de9e90e231b35b,6,source_graph_or_pi_replayable,evidence_advancement_v1
24848bc5ed631823,6bbaa43e7380e769,results/evidence_advancement/artifacts/materialized_replay_pairs/6bbaa43e7380e769.source.blif,virtual_binary_cut,"or(x1,not(r0))","[""x1"", ""r0""]","[""r0"", ""x1""]",2,3dd858e6fc78578a,40a3a71b42727dac,90f21496b5c851e8,inverted,npn_94de9e90e231b35b,6,source_graph_or_pi_replayable,evidence_advancement_v1
31333ea83e0407b9,6bbaa43e7380e769,results/evidence_advancement/artifacts/materialized_replay_pairs/6bbaa43e7380e769.source.blif,virtual_binary_cut,"xor(x1,m0)","[""x1"", ""m0""]","[""r0"", ""x0"", ""x1""]",3,df18d62faaa74b27,b6cfcfc147cbac64,881bc460ec339572,same,npn_f919733d549a9e33,6,source_graph_or_pi_replayable,evidence_advancement_v1
2844253acf4defa9,6bbaa43e7380e769,results/evidence_advancement/artifacts/materialized_replay_pairs/6bbaa43e7380e769.source.blif,virtual_binary_cut,"and(x1,y0)","[""x1"", ""y0""]","[""r0"", ""x0"", ""x1""]",3,e502e9191e6ed303,9ba33c777b6dd915,c367d71c2eac76ee,same,npn_c367d71c2eac76ee,6,source_graph_or_pi_replayable,evidence_advancement_v1
5cf3031684ab9dd5,6bbaa43e7380e769,results/evidence_advancement/artifacts/materialized_replay_pairs/6bbaa43e7380e769.source.blif,virtual_binary_cut,"or(x1,y0)","[""x1"", ""y0""]","[""r0"", ""x0"", ""x1""]",3,3b07b0bc23372d78,a21f9e000f8d8b39,2b785f5c6a14009e,same,npn_358a268fde92333a,6,source_graph_or_pi_replayable,evidence_advancement_v1
bd3ce702ca6ee3fe,6bbaa43e7380e769,results/evidence_advancement/artifacts/materialized_replay_pairs/6bbaa43e7380e769.source.blif,virtual_binary_cut,"xor(x1,y0)","[""x1"", ""y0""]","[""r0"", ""x0"", ""x1""]",3,9e90f97db2cf97c1,3f87f62136bb932d,519942ec52593eec,same,npn_519942ec52593eec,6,source_graph_or_pi_replayable,evidence_advancement_v1
12e6ff312f96fd9a,6bbaa43e7380e769,results/evidence_advancement/artifacts/materialized_replay_pairs/6bbaa43e7380e769.source.blif,virtual_binary_cut,"and(x1,not(y0))","[""x1"", ""y0""]","[""r0"", ""x0"", ""x1""]",3,f349b8103440f38f,281fdcdaa6ddf1e3,ef73cac577bcd031,same,npn_c367d71c2eac76ee,6,source_graph_or_pi_replayable,evidence_advancement_v1
d11660e01205af3b,6bbaa43e7380e769,results/evidence_advancement/artifacts/materialized_replay_pairs/6bbaa43e7380e769.source.blif,virtual_binary_cut,"or(x1,not(y0))","[""x1"", ""y0""]","[""r0"", ""x0"", ""x1""]",3,e5e9f7323f023fb7,afe6407a40ccdeab,18025d3f5a1dde11,inverted,npn_24165068bb0dbfca,6,source_graph_or_pi_replayable,evidence_advancement_v1
56e59bac9702d191,6bbaa43e7380e769,results/evidence_advancement/artifacts/materialized_replay_pairs/6bbaa43e7380e769.source.blif,virtual_binary_cut,"xor(x1,pcva_37a116ba534fd473)","[""x1"", ""pcva_37a116ba534fd473""]","[""x0"", ""x1""]",2,df18d62faaa74b27,b6cfcfc147cbac64,f14e1817ec32b1b5,same,npn_6471b342ae3c3106,6,source_graph_or_pi_replayable,evidence_advancement_v1
8b6da74153e0d689,6bbaa43e7380e769,results/evidence_advancement/artifacts/materialized_replay_pairs/6bbaa43e7380e769.source.blif,virtual_binary_cut,"and(r0,m0)","[""r0"", ""m0""]","[""r0"", ""x0"", ""x1""]",3,c367d71c2eac76ee,cad912d562146843,9875d06f074d4934,same,npn_c367d71c2eac76ee,6,source_graph_or_pi_replayable,evidence_advancement_v1
6455fe0329712022,6bbaa43e7380e769,results/evidence_advancement/artifacts/materialized_replay_pairs/6bbaa43e7380e769.source.blif,virtual_binary_cut,"or(r0,m0)","[""r0"", ""m0""]","[""r0"", ""x0"", ""x1""]",3,b9cbd9a487f80552,d8f1a1158f9df939,45ee4c05f4aac508,same,npn_c367d71c2eac76ee,6,source_graph_or_pi_replayable,evidence_advancement_v1
60d6520bb94a3f72,6bbaa43e7380e769,results/evidence_advancement/artifacts/materialized_replay_pairs/6bbaa43e7380e769.source.blif,virtual_binary_cut,"xor(r0,m0)","[""r0"", ""m0""]","[""r0"", ""x0"", ""x1""]",3,c2a6fb6a86cca609,275241aeb7262117,c2a6fb6a86cca609,same,npn_c2a6fb6a86cca609,6,source_graph_or_pi_replayable,evidence_advancement_v1
35cf433bb4ccd647,6bbaa43e7380e769,results/evidence_advancement/artifacts/materialized_replay_pairs/6bbaa43e7380e769.source.blif,virtual_binary_cut,"and(r0,not(m0))","[""r0"", ""m0""]","[""r0"", ""x0"", ""x1""]",3,ef73cac577bcd031,1cddf125e7c6c591,cafeff6df6d83c72,same,npn_c367d71c2eac76ee,6,source_graph_or_pi_replayable,evidence_advancement_v1
992cd9279e3d7405,6bbaa43e7380e769,results/evidence_advancement/artifacts/materialized_replay_pairs/6bbaa43e7380e769.source.blif,virtual_binary_cut,"or(r0,not(m0))","[""r0"", ""m0""]","[""r0"", ""x0"", ""x1""]",3,df9216350cc7abbf,7f94ec8202b0598d,fec5a0854918cc1b,inverted,npn_c367d71c2eac76ee,6,source_graph_or_pi_replayable,evidence_advancement_v1
b23728a5ff1eca8a,6bbaa43e7380e769,results/evidence_advancement/artifacts/materialized_replay_pairs/6bbaa43e7380e769.source.blif,virtual_binary_cut,"or(r0,y0)","[""r0"", ""y0""]","[""r0"", ""x0"", ""x1""]",3,2b785f5c6a14009e,d4f1067dfed9dc13,2d3d88fc9460d408,same,npn_358a268fde92333a,6,source_graph_or_pi_replayable,evidence_advancement_v1
9d497dc7d72c83df,6bbaa43e7380e769,results/evidence_advancement/artifacts/materialized_replay_pairs/6bbaa43e7380e769.source.blif,virtual_binary_cut,"xor(r0,y0)","[""r0"", ""y0""]","[""r0"", ""x0"", ""x1""]",3,519942ec52593eec,41c4b287ff7bd954,9f236f1deb165b77,same,npn_519942ec52593eec,6,source_graph_or_pi_replayable,evidence_advancement_v1
2081f5dfb6d47261,6bbaa43e7380e769,results/evidence_advancement/artifacts/materialized_replay_pairs/6bbaa43e7380e769.source.blif,virtual_binary_cut,"or(r0,not(y0))","[""r0"", ""y0""]","[""r0"", ""x0"", ""x1""]",3,e8998d9ce7a853e5,18025d3f5a1dde11,9ebc1ab9a061b3d1,inverted,npn_24165068bb0dbfca,6,source_graph_or_pi_replayable,evidence_advancement_v1
26c6930120cca84f,6bbaa43e7380e769,results/evidence_advancement/artifacts/materialized_replay_pairs/6bbaa43e7380e769.source.blif,virtual_binary_cut,"or(m0,y0)","[""m0"", ""y0""]","[""r0"", ""x0"", ""x1""]",3,4ad4886cc1aefa8e,7e04deb9e796eeba,6c2746cbb9885241,same,npn_519942ec52593eec,6,source_graph_or_pi_replayable,evidence_advancement_v1
75d526bdfc84beef,6bbaa43e7380e769,results/evidence_advancement/artifacts/materialized_replay_pairs/6bbaa43e7380e769.source.blif,virtual_binary_cut,"xor(m0,y0)","[""m0"", ""y0""]","[""r0"", ""x0"", ""x1""]",3,e47419b31d104a12,3da639c5deee83dd,b26e7e25fcb42c21,same,npn_358a268fde92333a,6,source_graph_or_pi_replayable,evidence_advancement_v1
5e8d9f65b939302d,6bbaa43e7380e769,results/evidence_advancement/artifacts/materialized_replay_pairs/6bbaa43e7380e769.source.blif,virtual_binary_cut,"and(m0,pcva_37a116ba534fd473)","[""m0"", ""pcva_37a116ba534fd473""]","[""r0"", ""x0"", ""x1""]",3,8d1560b225f7c697,d31cf6dbef25069a,9fd48a0d0d9d8a1b,same,npn_9fd48a0d0d9d8a1b,6,source_graph_or_pi_replayable,evidence_advancement_v1
3b605204ad085a81,6bbaa43e7380e769,results/evidence_advancement/artifacts/materialized_replay_pairs/6bbaa43e7380e769.source.blif,virtual_binary_cut,"xor(m0,pcva_37a116ba534fd473)","[""m0"", ""pcva_37a116ba534fd473""]","[""r0"", ""x0"", ""x1""]",3,c14bc7d02c76f1ae,fc67e5cbb4b98b43,c14bc7d02c76f1ae,same,npn_c14bc7d02c76f1ae,6,source_graph_or_pi_replayable,evidence_advancement_v1
723c90d9df3b1202,6bfa0bad1473e4f5,results/evidence_advancement/artifacts/materialized_replay_pairs/6bfa0bad1473e4f5.source.blif,pi_literal,x0,"[""x0""]","[""x0""]",1,df18d62faaa74b27,b6cfcfc147cbac64,923682bea6d517dc,same,npn_923682bea6d517dc,6,source_graph_or_pi_replayable,evidence_advancement_v1
57fa90bb1f15d33b,6bfa0bad1473e4f5,results/evidence_advancement/artifacts/materialized_replay_pairs/6bfa0bad1473e4f5.source.blif,pi_literal,x1,"[""x1""]","[""x1""]",1,881bc460ec339572,7836cdae43787598,923682bea6d517dc,same,npn_923682bea6d517dc,6,source_graph_or_pi_replayable,evidence_advancement_v1
55c5440a56d94715,6bfa0bad1473e4f5,results/evidence_advancement/artifacts/materialized_replay_pairs/6bfa0bad1473e4f5.source.blif,pi_literal,r0,"[""r0""]","[""r0""]",1,f919733d549a9e33,71feeed0446218e8,923682bea6d517dc,same,npn_923682bea6d517dc,6,source_graph_or_pi_replayable,evidence_advancement_v1
a70579e602660c8c,6bfa0bad1473e4f5,results/evidence_advancement/artifacts/materialized_replay_pairs/6bfa0bad1473e4f5.source.blif,source_node,m0,"[""m0""]","[""r0"", ""x0"", ""x1""]",3,8d1560b225f7c697,d31cf6dbef25069a,9fd48a0d0d9d8a1b,same,npn_9fd48a0d0d9d8a1b,6,source_graph_or_pi_replayable,evidence_advancement_v1
0e002205441f8d35,6bfa0bad1473e4f5,results/evidence_advancement/artifacts/materialized_replay_pairs/6bfa0bad1473e4f5.source.blif,source_node,y0,"[""y0""]","[""r0"", ""x0"", ""x1""]",3,c2a6fb6a86cca609,275241aeb7262117,c2a6fb6a86cca609,same,npn_c2a6fb6a86cca609,6,source_graph_or_pi_replayable,evidence_advancement_v1
6be125d38028341b,6bfa0bad1473e4f5,results/evidence_advancement/artifacts/materialized_replay_pairs/6bfa0bad1473e4f5.source.blif,source_node,pcva_48e9ac460200ed9e,"[""pcva_48e9ac460200ed9e""]","[""x0"", ""x1""]",2,8d1560b225f7c697,d31cf6dbef25069a,b5d1f15c17250b42,same,npn_b5d1f15c17250b42,6,source_graph_or_pi_replayable,evidence_advancement_v1
bc225470e33b5e62,6bfa0bad1473e4f5,results/evidence_advancement/artifacts/materialized_replay_pairs/6bfa0bad1473e4f5.source.blif,virtual_binary_cut,"and(x0,x1)","[""x0"", ""x1""]","[""x0"", ""x1""]",2,eba8a44748a5f09c,7717b29c04225dc0,94de9e90e231b35b,same,npn_94de9e90e231b35b,6,source_graph_or_pi_replayable,evidence_advancement_v1
0cbb7d4f46171434,6bfa0bad1473e4f5,results/evidence_advancement/artifacts/materialized_replay_pairs/6bfa0bad1473e4f5.source.blif,virtual_binary_cut,"or(x0,x1)","[""x0"", ""x1""]","[""x0"", ""x1""]",2,42a59debdb0bcad2,9f0c982b4c047d25,c580333a48d30dad,same,npn_94de9e90e231b35b,6,source_graph_or_pi_replayable,evidence_advancement_v1
c85f3108545dbb55,6bfa0bad1473e4f5,results/evidence_advancement/artifacts/materialized_replay_pairs/6bfa0bad1473e4f5.source.blif,virtual_binary_cut,"xor(x0,x1)","[""x0"", ""x1""]","[""x0"", ""x1""]",2,8d1560b225f7c697,d31cf6dbef25069a,b5d1f15c17250b42,same,npn_b5d1f15c17250b42,6,source_graph_or_pi_replayable,evidence_advancement_v1
6390cb614cdbe1e0,6bfa0bad1473e4f5,results/evidence_advancement/artifacts/materialized_replay_pairs/6bfa0bad1473e4f5.source.blif,virtual_binary_cut,"and(x0,not(x1))","[""x0"", ""x1""]","[""x0"", ""x1""]",2,64b0009f6392972f,4618e905c40e8769,90f21496b5c851e8,same,npn_94de9e90e231b35b,6,source_graph_or_pi_replayable,evidence_advancement_v1
dcfdd29f9b49e6c1,6bfa0bad1473e4f5,results/evidence_advancement/artifacts/materialized_replay_pairs/6bfa0bad1473e4f5.source.blif,virtual_binary_cut,"or(x0,not(x1))","[""x0"", ""x1""]","[""x0"", ""x1""]",2,8560d332f7318334,8f0bc04977f88197,2c24932e8e4ebc2f,inverted,npn_94de9e90e231b35b,6,source_graph_or_pi_replayable,evidence_advancement_v1
5583cb6bebd954a2,6bfa0bad1473e4f5,results/evidence_advancement/artifacts/materialized_replay_pairs/6bfa0bad1473e4f5.source.blif,virtual_binary_cut,"and(x0,r0)","[""x0"", ""r0""]","[""r0"", ""x0""]",2,1228de099013e868,33fc91d1cc2c3255,94de9e90e231b35b,same,npn_94de9e90e231b35b,6,source_graph_or_pi_replayable,evidence_advancement_v1
c22c8f7ec39b5efa,6bfa0bad1473e4f5,results/evidence_advancement/artifacts/materialized_replay_pairs/6bfa0bad1473e4f5.source.blif,virtual_binary_cut,"or(x0,r0)","[""x0"", ""r0""]","[""r0"", ""x0""]",2,1d207ade69b2a3eb,df856b66777ea758,c580333a48d30dad,same,npn_94de9e90e231b35b,6,source_graph_or_pi_replayable,evidence_advancement_v1
b396449360eaf6ef,6bfa0bad1473e4f5,results/evidence_advancement/artifacts/materialized_replay_pairs/6bfa0bad1473e4f5.source.blif,virtual_binary_cut,"xor(x0,r0)","[""x0"", ""r0""]","[""r0"", ""x0""]",2,d7a46d3b3e9464c2,26f3581e5bafe7c7,b5d1f15c17250b42,same,npn_b5d1f15c17250b42,6,source_graph_or_pi_replayable,evidence_advancement_v1
29a3964a8be42f96,6bfa0bad1473e4f5,results/evidence_advancement/artifacts/materialized_replay_pairs/6bfa0bad1473e4f5.source.blif,virtual_binary_cut,"and(x0,not(r0))","[""x0"", ""r0""]","[""r0"", ""x0""]",2,85473471e2f83e46,7767985351eded02,2c24932e8e4ebc2f,same,npn_94de9e90e231b35b,6,source_graph_or_pi_replayable,evidence_advancement_v1
f1103864c7e1e405,6bfa0bad1473e4f5,results/evidence_advancement/artifacts/materialized_replay_pairs/6bfa0bad1473e4f5.source.blif,virtual_binary_cut,"or(x0,not(r0))","[""x0"", ""r0""]","[""r0"", ""x0""]",2,8251c47787737cc6,61ef94dfe370555e,90f21496b5c851e8,inverted,npn_94de9e90e231b35b,6,source_graph_or_pi_replayable,evidence_advancement_v1
f3adc11fcd0094d8,6bfa0bad1473e4f5,results/evidence_advancement/artifacts/materialized_replay_pairs/6bfa0bad1473e4f5.source.blif,virtual_binary_cut,"and(x0,m0)","[""x0"", ""m0""]","[""r0"", ""x0"", ""x1""]",3,64b0009f6392972f,4618e905c40e8769,1cd47cea02efadc5,same,npn_369b91d179abba64,6,source_graph_or_pi_replayable,evidence_advancement_v1
3f4e48f4b8e55b79,6bfa0bad1473e4f5,results/evidence_advancement/artifacts/materialized_replay_pairs/6bfa0bad1473e4f5.source.blif,virtual_binary_cut,"or(x0,m0)","[""x0"", ""m0""]","[""r0"", ""x0"", ""x1""]",3,42a59debdb0bcad2,9f0c982b4c047d25,6998c2b0380ed5fd,same,npn_369b91d179abba64,6,source_graph_or_pi_replayable,evidence_advancement_v1
d5913deb58eeb2b0,6bfa0bad1473e4f5,results/evidence_advancement/artifacts/materialized_replay_pairs/6bfa0bad1473e4f5.source.blif,virtual_binary_cut,"xor(x0,m0)","[""x0"", ""m0""]","[""r0"", ""x0"", ""x1""]",3,881bc460ec339572,7836cdae43787598,f919733d549a9e33,same,npn_f919733d549a9e33,6,source_graph_or_pi_replayable,evidence_advancement_v1
75ad1ef3cf927caf,6bfa0bad1473e4f5,results/evidence_advancement/artifacts/materialized_replay_pairs/6bfa0bad1473e4f5.source.blif,virtual_binary_cut,"and(x0,not(m0))","[""x0"", ""m0""]","[""r0"", ""x0"", ""x1""]",3,eba8a44748a5f09c,7717b29c04225dc0,369b91d179abba64,same,npn_369b91d179abba64,6,source_graph_or_pi_replayable,evidence_advancement_v1
ba334ff45cd50cea,6bfa0bad1473e4f5,results/evidence_advancement/artifacts/materialized_replay_pairs/6bfa0bad1473e4f5.source.blif,virtual_binary_cut,"or(x0,not(m0))","[""x0"", ""m0""]","[""r0"", ""x0"", ""x1""]",3,8560d332f7318334,8f0bc04977f88197,40a3a71b42727dac,inverted,npn_369b91d179abba64,6,source_graph_or_pi_replayable,evidence_advancement_v1
ffcd0a71b60039ae,6bfa0bad1473e4f5,results/evidence_advancement/artifacts/materialized_replay_pairs/6bfa0bad1473e4f5.source.blif,virtual_binary_cut,"and(x0,y0)","[""x0"", ""y0""]","[""r0"", ""x0"", ""x1""]",3,cafeff6df6d83c72,40434ab81bb65403,f349b8103440f38f,same,npn_c367d71c2eac76ee,6,source_graph_or_pi_replayable,evidence_advancement_v1
4ee746710abf9f64,6bfa0bad1473e4f5,results/evidence_advancement/artifacts/materialized_replay_pairs/6bfa0bad1473e4f5.source.blif,virtual_binary_cut,"or(x0,y0)","[""x0"", ""y0""]","[""r0"", ""x0"", ""x1""]",3,45ee4c05f4aac508,d82871169a887f4c,786379bfa9523fe4,same,npn_c367d71c2eac76ee,6,source_graph_or_pi_replayable,evidence_advancement_v1
39bbbc81ebbede44,6bfa0bad1473e4f5,results/evidence_advancement/artifacts/materialized_replay_pairs/6bfa0bad1473e4f5.source.blif,virtual_binary_cut,"xor(x0,y0)","[""x0"", ""y0""]","[""r0"", ""x0"", ""x1""]",3,9fd48a0d0d9d8a1b,89e85f36ec391ace,d7a46d3b3e9464c2,same,npn_9fd48a0d0d9d8a1b,6,source_graph_or_pi_replayable,evidence_advancement_v1
79b740149b32097b,6bfa0bad1473e4f5,results/evidence_advancement/artifacts/materialized_replay_pairs/6bfa0bad1473e4f5.source.blif,virtual_binary_cut,"and(x0,not(y0))","[""x0"", ""y0""]","[""r0"", ""x0"", ""x1""]",3,9875d06f074d4934,709b7cd024183d71,e502e9191e6ed303,same,npn_c367d71c2eac76ee,6,source_graph_or_pi_replayable,evidence_advancement_v1
be1ebe04aa276e7c,6bfa0bad1473e4f5,results/evidence_advancement/artifacts/materialized_replay_pairs/6bfa0bad1473e4f5.source.blif,virtual_binary_cut,"or(x0,not(y0))","[""x0"", ""y0""]","[""r0"", ""x0"", ""x1""]",3,5f19d4e4b2292e32,fec5a0854918cc1b,13b2d0b1cc3afd67,inverted,npn_c367d71c2eac76ee,6,source_graph_or_pi_replayable,evidence_advancement_v1
a1bd38c37cd0c2dc,6bfa0bad1473e4f5,results/evidence_advancement/artifacts/materialized_replay_pairs/6bfa0bad1473e4f5.source.blif,virtual_binary_cut,"xor(x0,pcva_48e9ac460200ed9e)","[""x0"", ""pcva_48e9ac460200ed9e""]","[""x0"", ""x1""]",2,881bc460ec339572,7836cdae43787598,6471b342ae3c3106,same,npn_6471b342ae3c3106,6,source_graph_or_pi_replayable,evidence_advancement_v1
5e829c844f41941e,6bfa0bad1473e4f5,results/evidence_advancement/artifacts/materialized_replay_pairs/6bfa0bad1473e4f5.source.blif,virtual_binary_cut,"and(x1,r0)","[""x1"", ""r0""]","[""r0"", ""x1""]",2,369b91d179abba64,81db286b120ccd3b,94de9e90e231b35b,same,npn_94de9e90e231b35b,6,source_graph_or_pi_replayable,evidence_advancement_v1
3fce1698964d286f,6bfa0bad1473e4f5,results/evidence_advancement/artifacts/materialized_replay_pairs/6bfa0bad1473e4f5.source.blif,virtual_binary_cut,"or(x1,r0)","[""x1"", ""r0""]","[""r0"", ""x1""]",2,6998c2b0380ed5fd,df970782afed63be,c580333a48d30dad,same,npn_94de9e90e231b35b,6,source_graph_or_pi_replayable,evidence_advancement_v1
adf27d87ba1ae801,6bfa0bad1473e4f5,results/evidence_advancement/artifacts/materialized_replay_pairs/6bfa0bad1473e4f5.source.blif,virtual_binary_cut,"xor(x1,r0)","[""x1"", ""r0""]","[""r0"", ""x1""]",2,9fd48a0d0d9d8a1b,89e85f36ec391ace,b5d1f15c17250b42,same,npn_b5d1f15c17250b42,6,source_graph_or_pi_replayable,evidence_advancement_v1
b7887177a3545625,6bfa0bad1473e4f5,results/evidence_advancement/artifacts/materialized_replay_pairs/6bfa0bad1473e4f5.source.blif,virtual_binary_cut,"and(x1,not(r0))","[""x1"", ""r0""]","[""r0"", ""x1""]",2,1cd47cea02efadc5,b3dbc758ed4cf7c1,2c24932e8e4ebc2f,same,npn_94de9e90e231b35b,6,source_graph_or_pi_replayable,evidence_advancement_v1
a2c6607d52a2f55f,6bfa0bad1473e4f5,results/evidence_advancement/artifacts/materialized_replay_pairs/6bfa0bad1473e4f5.source.blif,virtual_binary_cut,"or(x1,not(r0))","[""x1"", ""r0""]","[""r0"", ""x1""]",2,3dd858e6fc78578a,40a3a71b42727dac,90f21496b5c851e8,inverted,npn_94de9e90e231b35b,6,source_graph_or_pi_replayable,evidence_advancement_v1
9f03132f043cd7a7,6bfa0bad1473e4f5,results/evidence_advancement/artifacts/materialized_replay_pairs/6bfa0bad1473e4f5.source.blif,virtual_binary_cut,"xor(x1,m0)","[""x1"", ""m0""]","[""r0"", ""x0"", ""x1""]",3,df18d62faaa74b27,b6cfcfc147cbac64,881bc460ec339572,same,npn_f919733d549a9e33,6,source_graph_or_pi_replayable,evidence_advancement_v1
3aacc6404b5763d9,6bfa0bad1473e4f5,results/evidence_advancement/artifacts/materialized_replay_pairs/6bfa0bad1473e4f5.source.blif,virtual_binary_cut,"and(x1,y0)","[""x1"", ""y0""]","[""r0"", ""x0"", ""x1""]",3,f349b8103440f38f,281fdcdaa6ddf1e3,ef73cac577bcd031,same,npn_c367d71c2eac76ee,6,source_graph_or_pi_replayable,evidence_advancement_v1
9d32d76867a6b43c,6bfa0bad1473e4f5,results/evidence_advancement/artifacts/materialized_replay_pairs/6bfa0bad1473e4f5.source.blif,virtual_binary_cut,"or(x1,y0)","[""x1"", ""y0""]","[""r0"", ""x0"", ""x1""]",3,786379bfa9523fe4,978691fe37bbf018,b9cbd9a487f80552,same,npn_c367d71c2eac76ee,6,source_graph_or_pi_replayable,evidence_advancement_v1
8ae7e4f18476e1b3,6bfa0bad1473e4f5,results/evidence_advancement/artifacts/materialized_replay_pairs/6bfa0bad1473e4f5.source.blif,virtual_binary_cut,"xor(x1,y0)","[""x1"", ""y0""]","[""r0"", ""x0"", ""x1""]",3,d7a46d3b3e9464c2,26f3581e5bafe7c7,8d1560b225f7c697,same,npn_9fd48a0d0d9d8a1b,6,source_graph_or_pi_replayable,evidence_advancement_v1
e6433d1e7a925335,6bfa0bad1473e4f5,results/evidence_advancement/artifacts/materialized_replay_pairs/6bfa0bad1473e4f5.source.blif,virtual_binary_cut,"and(x1,not(y0))","[""x1"", ""y0""]","[""r0"", ""x0"", ""x1""]",3,e502e9191e6ed303,9ba33c777b6dd915,c367d71c2eac76ee,same,npn_c367d71c2eac76ee,6,source_graph_or_pi_replayable,evidence_advancement_v1
b6bede8dd5dfeccc,6bfa0bad1473e4f5,results/evidence_advancement/artifacts/materialized_replay_pairs/6bfa0bad1473e4f5.source.blif,virtual_binary_cut,"or(x1,not(y0))","[""x1"", ""y0""]","[""r0"", ""x0"", ""x1""]",3,4630f7310d6febc0,13b2d0b1cc3afd67,7f94ec8202b0598d,inverted,npn_c367d71c2eac76ee,6,source_graph_or_pi_replayable,evidence_advancement_v1
7ab7f4c818c01a27,6bfa0bad1473e4f5,results/evidence_advancement/artifacts/materialized_replay_pairs/6bfa0bad1473e4f5.source.blif,virtual_binary_cut,"xor(x1,pcva_48e9ac460200ed9e)","[""x1"", ""pcva_48e9ac460200ed9e""]","[""x0"", ""x1""]",2,df18d62faaa74b27,b6cfcfc147cbac64,f14e1817ec32b1b5,same,npn_6471b342ae3c3106,6,source_graph_or_pi_replayable,evidence_advancement_v1
18a3479eb01ee150,6bfa0bad1473e4f5,results/evidence_advancement/artifacts/materialized_replay_pairs/6bfa0bad1473e4f5.source.blif,virtual_binary_cut,"and(r0,m0)","[""r0"", ""m0""]","[""r0"", ""x0"", ""x1""]",3,c367d71c2eac76ee,cad912d562146843,9875d06f074d4934,same,npn_c367d71c2eac76ee,6,source_graph_or_pi_replayable,evidence_advancement_v1
ce43138f93ca5137,6bfa0bad1473e4f5,results/evidence_advancement/artifacts/materialized_replay_pairs/6bfa0bad1473e4f5.source.blif,virtual_binary_cut,"or(r0,m0)","[""r0"", ""m0""]","[""r0"", ""x0"", ""x1""]",3,b9cbd9a487f80552,d8f1a1158f9df939,45ee4c05f4aac508,same,npn_c367d71c2eac76ee,6,source_graph_or_pi_replayable,evidence_advancement_v1
7852324af272367e,6bfa0bad1473e4f5,results/evidence_advancement/artifacts/materialized_replay_pairs/6bfa0bad1473e4f5.source.blif,virtual_binary_cut,"xor(r0,m0)","[""r0"", ""m0""]","[""r0"", ""x0"", ""x1""]",3,c2a6fb6a86cca609,275241aeb7262117,c2a6fb6a86cca609,same,npn_c2a6fb6a86cca609,6,source_graph_or_pi_replayable,evidence_advancement_v1
ccd67575fee1db5f,6bfa0bad1473e4f5,results/evidence_advancement/artifacts/materialized_replay_pairs/6bfa0bad1473e4f5.source.blif,virtual_binary_cut,"and(r0,not(m0))","[""r0"", ""m0""]","[""r0"", ""x0"", ""x1""]",3,ef73cac577bcd031,1cddf125e7c6c591,cafeff6df6d83c72,same,npn_c367d71c2eac76ee,6,source_graph_or_pi_replayable,evidence_advancement_v1
268843e33a65af1a,6bfa0bad1473e4f5,results/evidence_advancement/artifacts/materialized_replay_pairs/6bfa0bad1473e4f5.source.blif,virtual_binary_cut,"or(r0,not(m0))","[""r0"", ""m0""]","[""r0"", ""x0"", ""x1""]",3,df9216350cc7abbf,7f94ec8202b0598d,fec5a0854918cc1b,inverted,npn_c367d71c2eac76ee,6,source_graph_or_pi_replayable,evidence_advancement_v1
fef6b04477c548fd,6bfa0bad1473e4f5,results/evidence_advancement/artifacts/materialized_replay_pairs/6bfa0bad1473e4f5.source.blif,virtual_binary_cut,"xor(r0,y0)","[""r0"", ""y0""]","[""r0"", ""x0"", ""x1""]",3,8d1560b225f7c697,d31cf6dbef25069a,9fd48a0d0d9d8a1b,same,npn_9fd48a0d0d9d8a1b,6,source_graph_or_pi_replayable,evidence_advancement_v1
c3bf3fabb224162c,6bfa0bad1473e4f5,results/evidence_advancement/artifacts/materialized_replay_pairs/6bfa0bad1473e4f5.source.blif,virtual_binary_cut,"xor(m0,y0)","[""m0"", ""y0""]","[""r0"", ""x0"", ""x1""]",3,f919733d549a9e33,71feeed0446218e8,df18d62faaa74b27,same,npn_f919733d549a9e33,6,source_graph_or_pi_replayable,evidence_advancement_v1
26eca9781c4bf684,6bfa0bad1473e4f5,results/evidence_advancement/artifacts/materialized_replay_pairs/6bfa0bad1473e4f5.source.blif,virtual_binary_cut,"xor(m0,pcva_48e9ac460200ed9e)","[""m0"", ""pcva_48e9ac460200ed9e""]","[""r0"", ""x0"", ""x1""]",3,c14bc7d02c76f1ae,fc67e5cbb4b98b43,c14bc7d02c76f1ae,same,npn_c14bc7d02c76f1ae,6,source_graph_or_pi_replayable,evidence_advancement_v1
aeb37fd0ae9c3e1f,7796980cb9481867,results/evidence_advancement/artifacts/materialized_replay_pairs/7796980cb9481867.source.blif,pi_literal,x0,"[""x0""]","[""x0""]",1,df18d62faaa74b27,b6cfcfc147cbac64,923682bea6d517dc,same,npn_923682bea6d517dc,6,source_graph_or_pi_replayable,evidence_advancement_v1
4523e036dffaaf6b,7796980cb9481867,results/evidence_advancement/artifacts/materialized_replay_pairs/7796980cb9481867.source.blif,pi_literal,x1,"[""x1""]","[""x1""]",1,881bc460ec339572,7836cdae43787598,923682bea6d517dc,same,npn_923682bea6d517dc,6,source_graph_or_pi_replayable,evidence_advancement_v1
72d97c661de6a38d,7796980cb9481867,results/evidence_advancement/artifacts/materialized_replay_pairs/7796980cb9481867.source.blif,pi_literal,r0,"[""r0""]","[""r0""]",1,f919733d549a9e33,71feeed0446218e8,923682bea6d517dc,same,npn_923682bea6d517dc,6,source_graph_or_pi_replayable,evidence_advancement_v1
73b2fc667ab9a59e,7796980cb9481867,results/evidence_advancement/artifacts/materialized_replay_pairs/7796980cb9481867.source.blif,source_node,m0,"[""m0""]","[""r0"", ""x0"", ""x1""]",3,eba8a44748a5f09c,7717b29c04225dc0,369b91d179abba64,same,npn_369b91d179abba64,6,source_graph_or_pi_replayable,evidence_advancement_v1
bb5031dc4c6519fe,7796980cb9481867,results/evidence_advancement/artifacts/materialized_replay_pairs/7796980cb9481867.source.blif,source_node,y0,"[""y0""]","[""r0"", ""x0"", ""x1""]",3,2e96a02abe3f2e05,a8f244d01461e4e3,60196d9c90521e9d,same,npn_2e96a02abe3f2e05,6,source_graph_or_pi_replayable,evidence_advancement_v1
abbe96c55f19742e,7796980cb9481867,results/evidence_advancement/artifacts/materialized_replay_pairs/7796980cb9481867.source.blif,source_node,pcva_7c536566403ac7a6,"[""pcva_7c536566403ac7a6""]","[""x0"", ""x1""]",2,eba8a44748a5f09c,7717b29c04225dc0,94de9e90e231b35b,same,npn_94de9e90e231b35b,6,source_graph_or_pi_replayable,evidence_advancement_v1
ec921011265cf13d,7796980cb9481867,results/evidence_advancement/artifacts/materialized_replay_pairs/7796980cb9481867.source.blif,virtual_binary_cut,"and(x0,x1)","[""x0"", ""x1""]","[""x0"", ""x1""]",2,eba8a44748a5f09c,7717b29c04225dc0,94de9e90e231b35b,same,npn_94de9e90e231b35b,6,source_graph_or_pi_replayable,evidence_advancement_v1
86ae1383763743fd,7796980cb9481867,results/evidence_advancement/artifacts/materialized_replay_pairs/7796980cb9481867.source.blif,virtual_binary_cut,"or(x0,x1)","[""x0"", ""x1""]","[""x0"", ""x1""]",2,42a59debdb0bcad2,9f0c982b4c047d25,c580333a48d30dad,same,npn_94de9e90e231b35b,6,source_graph_or_pi_replayable,evidence_advancement_v1
f37598ac982d6e42,7796980cb9481867,results/evidence_advancement/artifacts/materialized_replay_pairs/7796980cb9481867.source.blif,virtual_binary_cut,"xor(x0,x1)","[""x0"", ""x1""]","[""x0"", ""x1""]",2,8d1560b225f7c697,d31cf6dbef25069a,b5d1f15c17250b42,same,npn_b5d1f15c17250b42,6,source_graph_or_pi_replayable,evidence_advancement_v1
92e0562cce575a97,7796980cb9481867,results/evidence_advancement/artifacts/materialized_replay_pairs/7796980cb9481867.source.blif,virtual_binary_cut,"and(x0,not(x1))","[""x0"", ""x1""]","[""x0"", ""x1""]",2,64b0009f6392972f,4618e905c40e8769,90f21496b5c851e8,same,npn_94de9e90e231b35b,6,source_graph_or_pi_replayable,evidence_advancement_v1
b5f11a066c5b0545,7796980cb9481867,results/evidence_advancement/artifacts/materialized_replay_pairs/7796980cb9481867.source.blif,virtual_binary_cut,"or(x0,not(x1))","[""x0"", ""x1""]","[""x0"", ""x1""]",2,8560d332f7318334,8f0bc04977f88197,2c24932e8e4ebc2f,inverted,npn_94de9e90e231b35b,6,source_graph_or_pi_replayable,evidence_advancement_v1
f9b559c6bf91b8e7,7796980cb9481867,results/evidence_advancement/artifacts/materialized_replay_pairs/7796980cb9481867.source.blif,virtual_binary_cut,"and(x0,r0)","[""x0"", ""r0""]","[""r0"", ""x0""]",2,1228de099013e868,33fc91d1cc2c3255,94de9e90e231b35b,same,npn_94de9e90e231b35b,6,source_graph_or_pi_replayable,evidence_advancement_v1
b823b0615ba9ef5c,7796980cb9481867,results/evidence_advancement/artifacts/materialized_replay_pairs/7796980cb9481867.source.blif,virtual_binary_cut,"or(x0,r0)","[""x0"", ""r0""]","[""r0"", ""x0""]",2,1d207ade69b2a3eb,df856b66777ea758,c580333a48d30dad,same,npn_94de9e90e231b35b,6,source_graph_or_pi_replayable,evidence_advancement_v1
f85131b7c70aa889,7796980cb9481867,results/evidence_advancement/artifacts/materialized_replay_pairs/7796980cb9481867.source.blif,virtual_binary_cut,"xor(x0,r0)","[""x0"", ""r0""]","[""r0"", ""x0""]",2,d7a46d3b3e9464c2,26f3581e5bafe7c7,b5d1f15c17250b42,same,npn_b5d1f15c17250b42,6,source_graph_or_pi_replayable,evidence_advancement_v1
56f60d0d8d952da8,7796980cb9481867,results/evidence_advancement/artifacts/materialized_replay_pairs/7796980cb9481867.source.blif,virtual_binary_cut,"and(x0,not(r0))","[""x0"", ""r0""]","[""r0"", ""x0""]",2,85473471e2f83e46,7767985351eded02,2c24932e8e4ebc2f,same,npn_94de9e90e231b35b,6,source_graph_or_pi_replayable,evidence_advancement_v1
ecb00a52b5694691,7796980cb9481867,results/evidence_advancement/artifacts/materialized_replay_pairs/7796980cb9481867.source.blif,virtual_binary_cut,"or(x0,not(r0))","[""x0"", ""r0""]","[""r0"", ""x0""]",2,8251c47787737cc6,61ef94dfe370555e,90f21496b5c851e8,inverted,npn_94de9e90e231b35b,6,source_graph_or_pi_replayable,evidence_advancement_v1
bd2553aba1a96005,7796980cb9481867,results/evidence_advancement/artifacts/materialized_replay_pairs/7796980cb9481867.source.blif,virtual_binary_cut,"and(x0,m0)","[""x0"", ""m0""]","[""r0"", ""x0"", ""x1""]",3,eba8a44748a5f09c,7717b29c04225dc0,369b91d179abba64,same,npn_369b91d179abba64,6,source_graph_or_pi_replayable,evidence_advancement_v1
982a760dde9724ff,7796980cb9481867,results/evidence_advancement/artifacts/materialized_replay_pairs/7796980cb9481867.source.blif,virtual_binary_cut,"or(x0,m0)","[""x0"", ""m0""]","[""r0"", ""x0"", ""x1""]",3,df18d62faaa74b27,b6cfcfc147cbac64,881bc460ec339572,same,npn_f919733d549a9e33,6,source_graph_or_pi_replayable,evidence_advancement_v1
b8549f3070c40aae,7796980cb9481867,results/evidence_advancement/artifacts/materialized_replay_pairs/7796980cb9481867.source.blif,virtual_binary_cut,"xor(x0,m0)","[""x0"", ""m0""]","[""r0"", ""x0"", ""x1""]",3,64b0009f6392972f,4618e905c40e8769,1cd47cea02efadc5,same,npn_369b91d179abba64,6,source_graph_or_pi_replayable,evidence_advancement_v1
27738e8cf975a79c,7796980cb9481867,results/evidence_advancement/artifacts/materialized_replay_pairs/7796980cb9481867.source.blif,virtual_binary_cut,"or(x0,not(m0))","[""x0"", ""m0""]","[""r0"", ""x0"", ""x1""]",3,fc67e5cbb4b98b43,c14bc7d02c76f1ae,c14bc7d02c76f1ae,inverted,npn_c14bc7d02c76f1ae,6,source_graph_or_pi_replayable,evidence_advancement_v1
2c880e17ae87088c,7796980cb9481867,results/evidence_advancement/artifacts/materialized_replay_pairs/7796980cb9481867.source.blif,virtual_binary_cut,"and(x0,y0)","[""x0"", ""y0""]","[""r0"", ""x0"", ""x1""]",3,9875d06f074d4934,709b7cd024183d71,e502e9191e6ed303,same,npn_c367d71c2eac76ee,6,source_graph_or_pi_replayable,evidence_advancement_v1
d1d1aa52441d51eb,7796980cb9481867,results/evidence_advancement/artifacts/materialized_replay_pairs/7796980cb9481867.source.blif,virtual_binary_cut,"or(x0,y0)","[""x0"", ""y0""]","[""r0"", ""x0"", ""x1""]",3,1d207ade69b2a3eb,df856b66777ea758,42a59debdb0bcad2,same,npn_369b91d179abba64,6,source_graph_or_pi_replayable,evidence_advancement_v1
4035b8a52916c12c,7796980cb9481867,results/evidence_advancement/artifacts/materialized_replay_pairs/7796980cb9481867.source.blif,virtual_binary_cut,"xor(x0,y0)","[""x0"", ""y0""]","[""r0"", ""x0"", ""x1""]",3,194fa8893fa382cf,16e8cc99320bb4ce,62ad13d001efd14a,same,npn_2e96a02abe3f2e05,6,source_graph_or_pi_replayable,evidence_advancement_v1
c6579fc8203f910f,7796980cb9481867,results/evidence_advancement/artifacts/materialized_replay_pairs/7796980cb9481867.source.blif,virtual_binary_cut,"and(x0,not(y0))","[""x0"", ""y0""]","[""r0"", ""x0"", ""x1""]",3,cafeff6df6d83c72,40434ab81bb65403,f349b8103440f38f,same,npn_c367d71c2eac76ee,6,source_graph_or_pi_replayable,evidence_advancement_v1
d31555943079f100,7796980cb9481867,results/evidence_advancement/artifacts/materialized_replay_pairs/7796980cb9481867.source.blif,virtual_binary_cut,"or(x0,not(y0))","[""x0"", ""y0""]","[""r0"", ""x0"", ""x1""]",3,8251c47787737cc6,61ef94dfe370555e,64b0009f6392972f,inverted,npn_369b91d179abba64,6,source_graph_or_pi_replayable,evidence_advancement_v1
95a780718ab1e03b,7796980cb9481867,results/evidence_advancement/artifacts/materialized_replay_pairs/7796980cb9481867.source.blif,virtual_binary_cut,"or(x0,pcva_7c536566403ac7a6)","[""x0"", ""pcva_7c536566403ac7a6""]","[""x0"", ""x1""]",2,df18d62faaa74b27,b6cfcfc147cbac64,f14e1817ec32b1b5,same,npn_6471b342ae3c3106,6,source_graph_or_pi_replayable,evidence_advancement_v1
8bca872cfc09c20b,7796980cb9481867,results/evidence_advancement/artifacts/materialized_replay_pairs/7796980cb9481867.source.blif,virtual_binary_cut,"or(x0,not(pcva_7c536566403ac7a6))","[""x0"", ""pcva_7c536566403ac7a6""]","[""x0"", ""x1""]",2,fc67e5cbb4b98b43,c14bc7d02c76f1ae,a90d007c2fc57df6,inverted,npn_a90d007c2fc57df6,6,source_graph_or_pi_replayable,evidence_advancement_v1
c2a6c73f3fefe5d4,7796980cb9481867,results/evidence_advancement/artifacts/materialized_replay_pairs/7796980cb9481867.source.blif,virtual_binary_cut,"and(x1,r0)","[""x1"", ""r0""]","[""r0"", ""x1""]",2,369b91d179abba64,81db286b120ccd3b,94de9e90e231b35b,same,npn_94de9e90e231b35b,6,source_graph_or_pi_replayable,evidence_advancement_v1
328344638ac04fe7,7796980cb9481867,results/evidence_advancement/artifacts/materialized_replay_pairs/7796980cb9481867.source.blif,virtual_binary_cut,"or(x1,r0)","[""x1"", ""r0""]","[""r0"", ""x1""]",2,6998c2b0380ed5fd,df970782afed63be,c580333a48d30dad,same,npn_94de9e90e231b35b,6,source_graph_or_pi_replayable,evidence_advancement_v1
f1d16a5ae632ac7a,7796980cb9481867,results/evidence_advancement/artifacts/materialized_replay_pairs/7796980cb9481867.source.blif,virtual_binary_cut,"xor(x1,r0)","[""x1"", ""r0""]","[""r0"", ""x1""]",2,9fd48a0d0d9d8a1b,89e85f36ec391ace,b5d1f15c17250b42,same,npn_b5d1f15c17250b42,6,source_graph_or_pi_replayable,evidence_advancement_v1
314c94ec6ddc6eb9,7796980cb9481867,results/evidence_advancement/artifacts/materialized_replay_pairs/7796980cb9481867.source.blif,virtual_binary_cut,"and(x1,not(r0))","[""x1"", ""r0""]","[""r0"", ""x1""]",2,1cd47cea02efadc5,b3dbc758ed4cf7c1,2c24932e8e4ebc2f,same,npn_94de9e90e231b35b,6,source_graph_or_pi_replayable,evidence_advancement_v1
de5a0a8c0d2659b2,7796980cb9481867,results/evidence_advancement/artifacts/materialized_replay_pairs/7796980cb9481867.source.blif,virtual_binary_cut,"or(x1,not(r0))","[""x1"", ""r0""]","[""r0"", ""x1""]",2,3dd858e6fc78578a,40a3a71b42727dac,90f21496b5c851e8,inverted,npn_94de9e90e231b35b,6,source_graph_or_pi_replayable,evidence_advancement_v1
1c1fe201d0d83392,7796980cb9481867,results/evidence_advancement/artifacts/materialized_replay_pairs/7796980cb9481867.source.blif,virtual_binary_cut,"or(x1,m0)","[""x1"", ""m0""]","[""r0"", ""x0"", ""x1""]",3,881bc460ec339572,7836cdae43787598,f919733d549a9e33,same,npn_f919733d549a9e33,6,source_graph_or_pi_replayable,evidence_advancement_v1
50565d1426399693,7796980cb9481867,results/evidence_advancement/artifacts/materialized_replay_pairs/7796980cb9481867.source.blif,virtual_binary_cut,"xor(x1,m0)","[""x1"", ""m0""]","[""r0"", ""x0"", ""x1""]",3,8f0bc04977f88197,8560d332f7318334,40a3a71b42727dac,same,npn_369b91d179abba64,6,source_graph_or_pi_replayable,evidence_advancement_v1
5a083be1c3b9596c,7796980cb9481867,results/evidence_advancement/artifacts/materialized_replay_pairs/7796980cb9481867.source.blif,virtual_binary_cut,"and(x1,y0)","[""x1"", ""y0""]","[""r0"", ""x0"", ""x1""]",3,e502e9191e6ed303,9ba33c777b6dd915,c367d71c2eac76ee,same,npn_c367d71c2eac76ee,6,source_graph_or_pi_replayable,evidence_advancement_v1
6f0c659836a7eb63,7796980cb9481867,results/evidence_advancement/artifacts/materialized_replay_pairs/7796980cb9481867.source.blif,virtual_binary_cut,"or(x1,y0)","[""x1"", ""y0""]","[""r0"", ""x0"", ""x1""]",3,6998c2b0380ed5fd,df970782afed63be,1d207ade69b2a3eb,same,npn_369b91d179abba64,6,source_graph_or_pi_replayable,evidence_advancement_v1
cbc7f293890b0f89,7796980cb9481867,results/evidence_advancement/artifacts/materialized_replay_pairs/7796980cb9481867.source.blif,virtual_binary_cut,"xor(x1,y0)","[""x1"", ""y0""]","[""r0"", ""x0"", ""x1""]",3,8192b9512335fe5c,07afcd83da45eba0,6a87a8ec53e5d016,same,npn_2e96a02abe3f2e05,6,source_graph_or_pi_replayable,evidence_advancement_v1
93ca1077e1099bcf,7796980cb9481867,results/evidence_advancement/artifacts/materialized_replay_pairs/7796980cb9481867.source.blif,virtual_binary_cut,"and(x1,not(y0))","[""x1"", ""y0""]","[""r0"", ""x0"", ""x1""]",3,f349b8103440f38f,281fdcdaa6ddf1e3,ef73cac577bcd031,same,npn_c367d71c2eac76ee,6,source_graph_or_pi_replayable,evidence_advancement_v1
92d51c889f6d10dc,7796980cb9481867,results/evidence_advancement/artifacts/materialized_replay_pairs/7796980cb9481867.source.blif,virtual_binary_cut,"or(x1,not(y0))","[""x1"", ""y0""]","[""r0"", ""x0"", ""x1""]",3,3dd858e6fc78578a,40a3a71b42727dac,85473471e2f83e46,inverted,npn_369b91d179abba64,6,source_graph_or_pi_replayable,evidence_advancement_v1
20676d5e4348241c,7796980cb9481867,results/evidence_advancement/artifacts/materialized_replay_pairs/7796980cb9481867.source.blif,virtual_binary_cut,"or(x1,pcva_7c536566403ac7a6)","[""x1"", ""pcva_7c536566403ac7a6""]","[""x0"", ""x1""]",2,881bc460ec339572,7836cdae43787598,6471b342ae3c3106,same,npn_6471b342ae3c3106,6,source_graph_or_pi_replayable,evidence_advancement_v1
2b009f681752c342,7796980cb9481867,results/evidence_advancement/artifacts/materialized_replay_pairs/7796980cb9481867.source.blif,virtual_binary_cut,"and(r0,m0)","[""r0"", ""m0""]","[""r0"", ""x0"", ""x1""]",3,24165068bb0dbfca,7706d5f66a567332,24165068bb0dbfca,same,npn_24165068bb0dbfca,6,source_graph_or_pi_replayable,evidence_advancement_v1
6743b03abc0d1d69,7796980cb9481867,results/evidence_advancement/artifacts/materialized_replay_pairs/7796980cb9481867.source.blif,virtual_binary_cut,"or(r0,m0)","[""r0"", ""m0""]","[""r0"", ""x0"", ""x1""]",3,2b785f5c6a14009e,d4f1067dfed9dc13,2d3d88fc9460d408,same,npn_358a268fde92333a,6,source_graph_or_pi_replayable,evidence_advancement_v1
af991d8b13405ae4,7796980cb9481867,results/evidence_advancement/artifacts/materialized_replay_pairs/7796980cb9481867.source.blif,virtual_binary_cut,"xor(r0,m0)","[""r0"", ""m0""]","[""r0"", ""x0"", ""x1""]",3,2e96a02abe3f2e05,a8f244d01461e4e3,60196d9c90521e9d,same,npn_2e96a02abe3f2e05,6,source_graph_or_pi_replayable,evidence_advancement_v1
300257d69ce1acce,7796980cb9481867,results/evidence_advancement/artifacts/materialized_replay_pairs/7796980cb9481867.source.blif,virtual_binary_cut,"and(r0,not(m0))","[""r0"", ""m0""]","[""r0"", ""x0"", ""x1""]",3,ea466967d1b9574d,b5fe5c54be4d1ca1,86541bc0ebd49ad1,same,npn_358a268fde92333a,6,source_graph_or_pi_replayable,evidence_advancement_v1
e7812cfcf59ee153,7796980cb9481867,results/evidence_advancement/artifacts/materialized_replay_pairs/7796980cb9481867.source.blif,virtual_binary_cut,"or(r0,not(m0))","[""r0"", ""m0""]","[""r0"", ""x0"", ""x1""]",3,e8998d9ce7a853e5,18025d3f5a1dde11,9ebc1ab9a061b3d1,inverted,npn_24165068bb0dbfca,6,source_graph_or_pi_replayable,evidence_advancement_v1
84a27ff31898acef,7796980cb9481867,results/evidence_advancement/artifacts/materialized_replay_pairs/7796980cb9481867.source.blif,virtual_binary_cut,"xor(m0,y0)","[""m0"", ""y0""]","[""r0"", ""x0"", ""x1""]",3,f919733d549a9e33,71feeed0446218e8,df18d62faaa74b27,same,npn_f919733d549a9e33,6,source_graph_or_pi_replayable,evidence_advancement_v1
1e9f374cda6e8f67,8af5abeacf031b03,results/evidence_advancement/artifacts/materialized_replay_pairs/8af5abeacf031b03.source.blif,pi_literal,x0,"[""x0""]","[""x0""]",1,df18d62faaa74b27,b6cfcfc147cbac64,923682bea6d517dc,same,npn_923682bea6d517dc,6,source_graph_or_pi_replayable,evidence_advancement_v1
be97359987d8ca0b,8af5abeacf031b03,results/evidence_advancement/artifacts/materialized_replay_pairs/8af5abeacf031b03.source.blif,pi_literal,x1,"[""x1""]","[""x1""]",1,881bc460ec339572,7836cdae43787598,923682bea6d517dc,same,npn_923682bea6d517dc,6,source_graph_or_pi_replayable,evidence_advancement_v1
aa5cefbb98789177,8af5abeacf031b03,results/evidence_advancement/artifacts/materialized_replay_pairs/8af5abeacf031b03.source.blif,pi_literal,r0,"[""r0""]","[""r0""]",1,f919733d549a9e33,71feeed0446218e8,923682bea6d517dc,same,npn_923682bea6d517dc,6,source_graph_or_pi_replayable,evidence_advancement_v1
9b1e3140362dde3f,8af5abeacf031b03,results/evidence_advancement/artifacts/materialized_replay_pairs/8af5abeacf031b03.source.blif,source_node,m0,"[""m0""]","[""r0"", ""x0"", ""x1""]",3,8d1560b225f7c697,d31cf6dbef25069a,9fd48a0d0d9d8a1b,same,npn_9fd48a0d0d9d8a1b,6,source_graph_or_pi_replayable,evidence_advancement_v1
e274cb6d21a15c12,8af5abeacf031b03,results/evidence_advancement/artifacts/materialized_replay_pairs/8af5abeacf031b03.source.blif,source_node,y0,"[""y0""]","[""r0"", ""x0"", ""x1""]",3,d61af64b7197e3f3,7077e1e487c73118,d61af64b7197e3f3,same,npn_d61af64b7197e3f3,6,source_graph_or_pi_replayable,evidence_advancement_v1
ffb8f47a0175479c,8af5abeacf031b03,results/evidence_advancement/artifacts/materialized_replay_pairs/8af5abeacf031b03.source.blif,source_node,pcva_e3234839e48beddb,"[""pcva_e3234839e48beddb""]","[""x0"", ""x1""]",2,8d1560b225f7c697,d31cf6dbef25069a,b5d1f15c17250b42,same,npn_b5d1f15c17250b42,6,source_graph_or_pi_replayable,evidence_advancement_v1
92bdba9ff310dc00,8af5abeacf031b03,results/evidence_advancement/artifacts/materialized_replay_pairs/8af5abeacf031b03.source.blif,virtual_binary_cut,"and(x0,x1)","[""x0"", ""x1""]","[""x0"", ""x1""]",2,eba8a44748a5f09c,7717b29c04225dc0,94de9e90e231b35b,same,npn_94de9e90e231b35b,6,source_graph_or_pi_replayable,evidence_advancement_v1
51c1e0c67fe3eb93,8af5abeacf031b03,results/evidence_advancement/artifacts/materialized_replay_pairs/8af5abeacf031b03.source.blif,virtual_binary_cut,"or(x0,x1)","[""x0"", ""x1""]","[""x0"", ""x1""]",2,42a59debdb0bcad2,9f0c982b4c047d25,c580333a48d30dad,same,npn_94de9e90e231b35b,6,source_graph_or_pi_replayable,evidence_advancement_v1
ebb34fbf1171afc7,8af5abeacf031b03,results/evidence_advancement/artifacts/materialized_replay_pairs/8af5abeacf031b03.source.blif,virtual_binary_cut,"xor(x0,x1)","[""x0"", ""x1""]","[""x0"", ""x1""]",2,8d1560b225f7c697,d31cf6dbef25069a,b5d1f15c17250b42,same,npn_b5d1f15c17250b42,6,source_graph_or_pi_replayable,evidence_advancement_v1
c7df33293b87b36a,8af5abeacf031b03,results/evidence_advancement/artifacts/materialized_replay_pairs/8af5abeacf031b03.source.blif,virtual_binary_cut,"and(x0,not(x1))","[""x0"", ""x1""]","[""x0"", ""x1""]",2,64b0009f6392972f,4618e905c40e8769,90f21496b5c851e8,same,npn_94de9e90e231b35b,6,source_graph_or_pi_replayable,evidence_advancement_v1
30a0cbb656d22dec,8af5abeacf031b03,results/evidence_advancement/artifacts/materialized_replay_pairs/8af5abeacf031b03.source.blif,virtual_binary_cut,"or(x0,not(x1))","[""x0"", ""x1""]","[""x0"", ""x1""]",2,8560d332f7318334,8f0bc04977f88197,2c24932e8e4ebc2f,inverted,npn_94de9e90e231b35b,6,source_graph_or_pi_replayable,evidence_advancement_v1
5d2b640288163063,8af5abeacf031b03,results/evidence_advancement/artifacts/materialized_replay_pairs/8af5abeacf031b03.source.blif,virtual_binary_cut,"and(x0,r0)","[""x0"", ""r0""]","[""r0"", ""x0""]",2,1228de099013e868,33fc91d1cc2c3255,94de9e90e231b35b,same,npn_94de9e90e231b35b,6,source_graph_or_pi_replayable,evidence_advancement_v1
cad897aff22f9586,8af5abeacf031b03,results/evidence_advancement/artifacts/materialized_replay_pairs/8af5abeacf031b03.source.blif,virtual_binary_cut,"or(x0,r0)","[""x0"", ""r0""]","[""r0"", ""x0""]",2,1d207ade69b2a3eb,df856b66777ea758,c580333a48d30dad,same,npn_94de9e90e231b35b,6,source_graph_or_pi_replayable,evidence_advancement_v1
5891b27aa85d38bc,8af5abeacf031b03,results/evidence_advancement/artifacts/materialized_replay_pairs/8af5abeacf031b03.source.blif,virtual_binary_cut,"xor(x0,r0)","[""x0"", ""r0""]","[""r0"", ""x0""]",2,d7a46d3b3e9464c2,26f3581e5bafe7c7,b5d1f15c17250b42,same,npn_b5d1f15c17250b42,6,source_graph_or_pi_replayable,evidence_advancement_v1
55e591b10105ea05,8af5abeacf031b03,results/evidence_advancement/artifacts/materialized_replay_pairs/8af5abeacf031b03.source.blif,virtual_binary_cut,"and(x0,not(r0))","[""x0"", ""r0""]","[""r0"", ""x0""]",2,85473471e2f83e46,7767985351eded02,2c24932e8e4ebc2f,same,npn_94de9e90e231b35b,6,source_graph_or_pi_replayable,evidence_advancement_v1
36a2dfaa8531d86c,8af5abeacf031b03,results/evidence_advancement/artifacts/materialized_replay_pairs/8af5abeacf031b03.source.blif,virtual_binary_cut,"or(x0,not(r0))","[""x0"", ""r0""]","[""r0"", ""x0""]",2,8251c47787737cc6,61ef94dfe370555e,90f21496b5c851e8,inverted,npn_94de9e90e231b35b,6,source_graph_or_pi_replayable,evidence_advancement_v1
ff7fb03dd54168b8,8af5abeacf031b03,results/evidence_advancement/artifacts/materialized_replay_pairs/8af5abeacf031b03.source.blif,virtual_binary_cut,"and(x0,m0)","[""x0"", ""m0""]","[""r0"", ""x0"", ""x1""]",3,64b0009f6392972f,4618e905c40e8769,1cd47cea02efadc5,same,npn_369b91d179abba64,6,source_graph_or_pi_replayable,evidence_advancement_v1
2205f6d4ccce6b80,8af5abeacf031b03,results/evidence_advancement/artifacts/materialized_replay_pairs/8af5abeacf031b03.source.blif,virtual_binary_cut,"or(x0,m0)","[""x0"", ""m0""]","[""r0"", ""x0"", ""x1""]",3,42a59debdb0bcad2,9f0c982b4c047d25,6998c2b0380ed5fd,same,npn_369b91d179abba64,6,source_graph_or_pi_replayable,evidence_advancement_v1
bcbd4c8f70ded704,8af5abeacf031b03,results/evidence_advancement/artifacts/materialized_replay_pairs/8af5abeacf031b03.source.blif,virtual_binary_cut,"xor(x0,m0)","[""x0"", ""m0""]","[""r0"", ""x0"", ""x1""]",3,881bc460ec339572,7836cdae43787598,f919733d549a9e33,same,npn_f919733d549a9e33,6,source_graph_or_pi_replayable,evidence_advancement_v1
874e7f0db2e91876,8af5abeacf031b03,results/evidence_advancement/artifacts/materialized_replay_pairs/8af5abeacf031b03.source.blif,virtual_binary_cut,"and(x0,not(m0))","[""x0"", ""m0""]","[""r0"", ""x0"", ""x1""]",3,eba8a44748a5f09c,7717b29c04225dc0,369b91d179abba64,same,npn_369b91d179abba64,6,source_graph_or_pi_replayable,evidence_advancement_v1
1822f7f10c2c3c54,8af5abeacf031b03,results/evidence_advancement/artifacts/materialized_replay_pairs/8af5abeacf031b03.source.blif,virtual_binary_cut,"or(x0,not(m0))","[""x0"", ""m0""]","[""r0"", ""x0"", ""x1""]",3,8560d332f7318334,8f0bc04977f88197,40a3a71b42727dac,inverted,npn_369b91d179abba64,6,source_graph_or_pi_replayable,evidence_advancement_v1
037b2e539a88a299,8af5abeacf031b03,results/evidence_advancement/artifacts/materialized_replay_pairs/8af5abeacf031b03.source.blif,virtual_binary_cut,"and(x0,y0)","[""x0"", ""y0""]","[""r0"", ""x0"", ""x1""]",3,9875d06f074d4934,709b7cd024183d71,e502e9191e6ed303,same,npn_c367d71c2eac76ee,6,source_graph_or_pi_replayable,evidence_advancement_v1
0aff7c8b485e1c9e,8af5abeacf031b03,results/evidence_advancement/artifacts/materialized_replay_pairs/8af5abeacf031b03.source.blif,virtual_binary_cut,"or(x0,y0)","[""x0"", ""y0""]","[""r0"", ""x0"", ""x1""]",3,2d3d88fc9460d408,01b57a83096fa359,3b07b0bc23372d78,same,npn_358a268fde92333a,6,source_graph_or_pi_replayable,evidence_advancement_v1
4d8d0c9bb6f1263b,8af5abeacf031b03,results/evidence_advancement/artifacts/materialized_replay_pairs/8af5abeacf031b03.source.blif,virtual_binary_cut,"xor(x0,y0)","[""x0"", ""y0""]","[""r0"", ""x0"", ""x1""]",3,9f236f1deb165b77,d6d4afecdd60c0e8,9e90f97db2cf97c1,same,npn_519942ec52593eec,6,source_graph_or_pi_replayable,evidence_advancement_v1
4ffa15807cc21936,8af5abeacf031b03,results/evidence_advancement/artifacts/materialized_replay_pairs/8af5abeacf031b03.source.blif,virtual_binary_cut,"and(x0,not(y0))","[""x0"", ""y0""]","[""r0"", ""x0"", ""x1""]",3,cafeff6df6d83c72,40434ab81bb65403,f349b8103440f38f,same,npn_c367d71c2eac76ee,6,source_graph_or_pi_replayable,evidence_advancement_v1
7768d73b59be1e5f,8af5abeacf031b03,results/evidence_advancement/artifacts/materialized_replay_pairs/8af5abeacf031b03.source.blif,virtual_binary_cut,"or(x0,not(y0))","[""x0"", ""y0""]","[""r0"", ""x0"", ""x1""]",3,5242b1da53ab09a8,9ebc1ab9a061b3d1,afe6407a40ccdeab,inverted,npn_24165068bb0dbfca,6,source_graph_or_pi_replayable,evidence_advancement_v1
e8ca9629aad1c9a7,8af5abeacf031b03,results/evidence_advancement/artifacts/materialized_replay_pairs/8af5abeacf031b03.source.blif,virtual_binary_cut,"xor(x0,pcva_e3234839e48beddb)","[""x0"", ""pcva_e3234839e48beddb""]","[""x0"", ""x1""]",2,881bc460ec339572,7836cdae43787598,6471b342ae3c3106,same,npn_6471b342ae3c3106,6,source_graph_or_pi_replayable,evidence_advancement_v1
3076aebc690381b5,8af5abeacf031b03,results/evidence_advancement/artifacts/materialized_replay_pairs/8af5abeacf031b03.source.blif,virtual_binary_cut,"and(x1,r0)","[""x1"", ""r0""]","[""r0"", ""x1""]",2,369b91d179abba64,81db286b120ccd3b,94de9e90e231b35b,same,npn_94de9e90e231b35b,6,source_graph_or_pi_replayable,evidence_advancement_v1
7ca6afa3ad26bb2e,8af5abeacf031b03,results/evidence_advancement/artifacts/materialized_replay_pairs/8af5abeacf031b03.source.blif,virtual_binary_cut,"or(x1,r0)","[""x1"", ""r0""]","[""r0"", ""x1""]",2,6998c2b0380ed5fd,df970782afed63be,c580333a48d30dad,same,npn_94de9e90e231b35b,6,source_graph_or_pi_replayable,evidence_advancement_v1
c4924712892113b3,8af5abeacf031b03,results/evidence_advancement/artifacts/materialized_replay_pairs/8af5abeacf031b03.source.blif,virtual_binary_cut,"xor(x1,r0)","[""x1"", ""r0""]","[""r0"", ""x1""]",2,9fd48a0d0d9d8a1b,89e85f36ec391ace,b5d1f15c17250b42,same,npn_b5d1f15c17250b42,6,source_graph_or_pi_replayable,evidence_advancement_v1
f47d5813c6479e9c,8af5abeacf031b03,results/evidence_advancement/artifacts/materialized_replay_pairs/8af5abeacf031b03.source.blif,virtual_binary_cut,"and(x1,not(r0))","[""x1"", ""r0""]","[""r0"", ""x1""]",2,1cd47cea02efadc5,b3dbc758ed4cf7c1,2c24932e8e4ebc2f,same,npn_94de9e90e231b35b,6,source_graph_or_pi_replayable,evidence_advancement_v1
05a41bf8176b18b5,8af5abeacf031b03,results/evidence_advancement/artifacts/materialized_replay_pairs/8af5abeacf031b03.source.blif,virtual_binary_cut,"or(x1,not(r0))","[""x1"", ""r0""]","[""r0"", ""x1""]",2,3dd858e6fc78578a,40a3a71b42727dac,90f21496b5c851e8,inverted,npn_94de9e90e231b35b,6,source_graph_or_pi_replayable,evidence_advancement_v1
aa32b1a959ebc539,8af5abeacf031b03,results/evidence_advancement/artifacts/materialized_replay_pairs/8af5abeacf031b03.source.blif,virtual_binary_cut,"xor(x1,m0)","[""x1"", ""m0""]","[""r0"", ""x0"", ""x1""]",3,df18d62faaa74b27,b6cfcfc147cbac64,881bc460ec339572,same,npn_f919733d549a9e33,6,source_graph_or_pi_replayable,evidence_advancement_v1
5bdce67ab910681f,8af5abeacf031b03,results/evidence_advancement/artifacts/materialized_replay_pairs/8af5abeacf031b03.source.blif,virtual_binary_cut,"and(x1,y0)","[""x1"", ""y0""]","[""r0"", ""x0"", ""x1""]",3,e502e9191e6ed303,9ba33c777b6dd915,c367d71c2eac76ee,same,npn_c367d71c2eac76ee,6,source_graph_or_pi_replayable,evidence_advancement_v1
47c9571dc7a34e77,8af5abeacf031b03,results/evidence_advancement/artifacts/materialized_replay_pairs/8af5abeacf031b03.source.blif,virtual_binary_cut,"or(x1,y0)","[""x1"", ""y0""]","[""r0"", ""x0"", ""x1""]",3,3b07b0bc23372d78,a21f9e000f8d8b39,2b785f5c6a14009e,same,npn_358a268fde92333a,6,source_graph_or_pi_replayable,evidence_advancement_v1
ec25873b7dd02ef1,8af5abeacf031b03,results/evidence_advancement/artifacts/materialized_replay_pairs/8af5abeacf031b03.source.blif,virtual_binary_cut,"xor(x1,y0)","[""x1"", ""y0""]","[""r0"", ""x0"", ""x1""]",3,9e90f97db2cf97c1,3f87f62136bb932d,519942ec52593eec,same,npn_519942ec52593eec,6,source_graph_or_pi_replayable,evidence_advancement_v1
18338a88ac66f393,8af5abeacf031b03,results/evidence_advancement/artifacts/materialized_replay_pairs/8af5abeacf031b03.source.blif,virtual_binary_cut,"and(x1,not(y0))","[""x1"", ""y0""]","[""r0"", ""x0"", ""x1""]",3,f349b8103440f38f,281fdcdaa6ddf1e3,ef73cac577bcd031,same,npn_c367d71c2eac76ee,6,source_graph_or_pi_replayable,evidence_advancement_v1
2a07f0e630840e0a,8af5abeacf031b03,results/evidence_advancement/artifacts/materialized_replay_pairs/8af5abeacf031b03.source.blif,virtual_binary_cut,"or(x1,not(y0))","[""x1"", ""y0""]","[""r0"", ""x0"", ""x1""]",3,e5e9f7323f023fb7,afe6407a40ccdeab,18025d3f5a1dde11,inverted,npn_24165068bb0dbfca,6,source_graph_or_pi_replayable,evidence_advancement_v1
53b6db3269e10d4b,8af5abeacf031b03,results/evidence_advancement/artifacts/materialized_replay_pairs/8af5abeacf031b03.source.blif,virtual_binary_cut,"xor(x1,pcva_e3234839e48beddb)","[""x1"", ""pcva_e3234839e48beddb""]","[""x0"", ""x1""]",2,df18d62faaa74b27,b6cfcfc147cbac64,f14e1817ec32b1b5,same,npn_6471b342ae3c3106,6,source_graph_or_pi_replayable,evidence_advancement_v1
69fe4ab5323f425c,8af5abeacf031b03,results/evidence_advancement/artifacts/materialized_replay_pairs/8af5abeacf031b03.source.blif,virtual_binary_cut,"and(r0,m0)","[""r0"", ""m0""]","[""r0"", ""x0"", ""x1""]",3,c367d71c2eac76ee,cad912d562146843,9875d06f074d4934,same,npn_c367d71c2eac76ee,6,source_graph_or_pi_replayable,evidence_advancement_v1
947e209ae9efc093,8af5abeacf031b03,results/evidence_advancement/artifacts/materialized_replay_pairs/8af5abeacf031b03.source.blif,virtual_binary_cut,"or(r0,m0)","[""r0"", ""m0""]","[""r0"", ""x0"", ""x1""]",3,b9cbd9a487f80552,d8f1a1158f9df939,45ee4c05f4aac508,same,npn_c367d71c2eac76ee,6,source_graph_or_pi_replayable,evidence_advancement_v1
6107cc368ce21b45,8af5abeacf031b03,results/evidence_advancement/artifacts/materialized_replay_pairs/8af5abeacf031b03.source.blif,virtual_binary_cut,"xor(r0,m0)","[""r0"", ""m0""]","[""r0"", ""x0"", ""x1""]",3,c2a6fb6a86cca609,275241aeb7262117,c2a6fb6a86cca609,same,npn_c2a6fb6a86cca609,6,source_graph_or_pi_replayable,evidence_advancement_v1
5c78400195497d47,8af5abeacf031b03,results/evidence_advancement/artifacts/materialized_replay_pairs/8af5abeacf031b03.source.blif,virtual_binary_cut,"and(r0,not(m0))","[""r0"", ""m0""]","[""r0"", ""x0"", ""x1""]",3,ef73cac577bcd031,1cddf125e7c6c591,cafeff6df6d83c72,same,npn_c367d71c2eac76ee,6,source_graph_or_pi_replayable,evidence_advancement_v1
9884d5d34910d3f6,8af5abeacf031b03,results/evidence_advancement/artifacts/materialized_replay_pairs/8af5abeacf031b03.source.blif,virtual_binary_cut,"or(r0,not(m0))","[""r0"", ""m0""]","[""r0"", ""x0"", ""x1""]",3,df9216350cc7abbf,7f94ec8202b0598d,fec5a0854918cc1b,inverted,npn_c367d71c2eac76ee,6,source_graph_or_pi_replayable,evidence_advancement_v1
6a4901fa5dc78f04,8af5abeacf031b03,results/evidence_advancement/artifacts/materialized_replay_pairs/8af5abeacf031b03.source.blif,virtual_binary_cut,"or(r0,y0)","[""r0"", ""y0""]","[""r0"", ""x0"", ""x1""]",3,2b785f5c6a14009e,d4f1067dfed9dc13,2d3d88fc9460d408,same,npn_358a268fde92333a,6,source_graph_or_pi_replayable,evidence_advancement_v1
7f0fa4c044cecd35,8af5abeacf031b03,results/evidence_advancement/artifacts/materialized_replay_pairs/8af5abeacf031b03.source.blif,virtual_binary_cut,"xor(r0,y0)","[""r0"", ""y0""]","[""r0"", ""x0"", ""x1""]",3,519942ec52593eec,41c4b287ff7bd954,9f236f1deb165b77,same,npn_519942ec52593eec,6,source_graph_or_pi_replayable,evidence_advancement_v1
48f0a79ada325225,8af5abeacf031b03,results/evidence_advancement/artifacts/materialized_replay_pairs/8af5abeacf031b03.source.blif,virtual_binary_cut,"or(r0,not(y0))","[""r0"", ""y0""]","[""r0"", ""x0"", ""x1""]",3,e8998d9ce7a853e5,18025d3f5a1dde11,9ebc1ab9a061b3d1,inverted,npn_24165068bb0dbfca,6,source_graph_or_pi_replayable,evidence_advancement_v1
ecaa1a03d64778ac,8af5abeacf031b03,results/evidence_advancement/artifacts/materialized_replay_pairs/8af5abeacf031b03.source.blif,virtual_binary_cut,"or(m0,y0)","[""m0"", ""y0""]","[""r0"", ""x0"", ""x1""]",3,4ad4886cc1aefa8e,7e04deb9e796eeba,6c2746cbb9885241,same,npn_519942ec52593eec,6,source_graph_or_pi_replayable,evidence_advancement_v1
6e1b01d6ec6255e8,8af5abeacf031b03,results/evidence_advancement/artifacts/materialized_replay_pairs/8af5abeacf031b03.source.blif,virtual_binary_cut,"xor(m0,y0)","[""m0"", ""y0""]","[""r0"", ""x0"", ""x1""]",3,e47419b31d104a12,3da639c5deee83dd,b26e7e25fcb42c21,same,npn_358a268fde92333a,6,source_graph_or_pi_replayable,evidence_advancement_v1
10307688932207de,8af5abeacf031b03,results/evidence_advancement/artifacts/materialized_replay_pairs/8af5abeacf031b03.source.blif,virtual_binary_cut,"and(m0,pcva_e3234839e48beddb)","[""m0"", ""pcva_e3234839e48beddb""]","[""r0"", ""x0"", ""x1""]",3,8d1560b225f7c697,d31cf6dbef25069a,9fd48a0d0d9d8a1b,same,npn_9fd48a0d0d9d8a1b,6,source_graph_or_pi_replayable,evidence_advancement_v1
211b4250e435b9fd,8af5abeacf031b03,results/evidence_advancement/artifacts/materialized_replay_pairs/8af5abeacf031b03.source.blif,virtual_binary_cut,"xor(m0,pcva_e3234839e48beddb)","[""m0"", ""pcva_e3234839e48beddb""]","[""r0"", ""x0"", ""x1""]",3,c14bc7d02c76f1ae,fc67e5cbb4b98b43,c14bc7d02c76f1ae,same,npn_c14bc7d02c76f1ae,6,source_graph_or_pi_replayable,evidence_advancement_v1
bb848e91e450bff8,8bdf43925749beba,results/evidence_advancement/artifacts/materialized_replay_pairs/8bdf43925749beba.source.blif,pi_literal,a,"[""a""]","[""a""]",1,df18d62faaa74b27,b6cfcfc147cbac64,923682bea6d517dc,same,npn_923682bea6d517dc,6,source_graph_or_pi_replayable,evidence_advancement_v1
8c185fef21580c50,8bdf43925749beba,results/evidence_advancement/artifacts/materialized_replay_pairs/8bdf43925749beba.source.blif,pi_literal,b,"[""b""]","[""b""]",1,881bc460ec339572,7836cdae43787598,923682bea6d517dc,same,npn_923682bea6d517dc,6,source_graph_or_pi_replayable,evidence_advancement_v1
b714956d45cf99b4,8bdf43925749beba,results/evidence_advancement/artifacts/materialized_replay_pairs/8bdf43925749beba.source.blif,pi_literal,cin,"[""cin""]","[""cin""]",1,f919733d549a9e33,71feeed0446218e8,923682bea6d517dc,same,npn_923682bea6d517dc,6,source_graph_or_pi_replayable,evidence_advancement_v1
7846558e8be6aeea,8bdf43925749beba,results/evidence_advancement/artifacts/materialized_replay_pairs/8bdf43925749beba.source.blif,source_node,ab_xor,"[""ab_xor""]","[""a"", ""b""]",2,8d1560b225f7c697,d31cf6dbef25069a,b5d1f15c17250b42,same,npn_b5d1f15c17250b42,6,source_graph_or_pi_replayable,evidence_advancement_v1
375c9b18c42a8a59,8bdf43925749beba,results/evidence_advancement/artifacts/materialized_replay_pairs/8bdf43925749beba.source.blif,source_node,sum,"[""sum""]","[""a"", ""b"", ""cin""]",3,c2a6fb6a86cca609,275241aeb7262117,c2a6fb6a86cca609,same,npn_c2a6fb6a86cca609,6,source_graph_or_pi_replayable,evidence_advancement_v1
ff71dc680dc1b9dc,8bdf43925749beba,results/evidence_advancement/artifacts/materialized_replay_pairs/8bdf43925749beba.source.blif,source_node,ab_and,"[""ab_and""]","[""a"", ""b""]",2,eba8a44748a5f09c,7717b29c04225dc0,94de9e90e231b35b,same,npn_94de9e90e231b35b,6,source_graph_or_pi_replayable,evidence_advancement_v1
e69876a60a31d6a6,8bdf43925749beba,results/evidence_advancement/artifacts/materialized_replay_pairs/8bdf43925749beba.source.blif,source_node,a_cin_and,"[""a_cin_and""]","[""a"", ""cin""]",2,1228de099013e868,33fc91d1cc2c3255,94de9e90e231b35b,same,npn_94de9e90e231b35b,6,source_graph_or_pi_replayable,evidence_advancement_v1
561c27270a9010d1,8bdf43925749beba,results/evidence_advancement/artifacts/materialized_replay_pairs/8bdf43925749beba.source.blif,source_node,b_cin_and,"[""b_cin_and""]","[""b"", ""cin""]",2,369b91d179abba64,81db286b120ccd3b,94de9e90e231b35b,same,npn_94de9e90e231b35b,6,source_graph_or_pi_replayable,evidence_advancement_v1
e73e51aab683a07b,8bdf43925749beba,results/evidence_advancement/artifacts/materialized_replay_pairs/8bdf43925749beba.source.blif,source_node,cout,"[""cout""]","[""a"", ""b"", ""cin""]",3,f362bf34947fde3f,62b7ad64067260f2,f362bf34947fde3f,same,npn_f362bf34947fde3f,6,source_graph_or_pi_replayable,evidence_advancement_v1
a95dccc1001f7ea1,8bdf43925749beba,results/evidence_advancement/artifacts/materialized_replay_pairs/8bdf43925749beba.source.blif,virtual_binary_cut,"and(a,b)","[""a"", ""b""]","[""a"", ""b""]",2,eba8a44748a5f09c,7717b29c04225dc0,94de9e90e231b35b,same,npn_94de9e90e231b35b,6,source_graph_or_pi_replayable,evidence_advancement_v1
bb6b3a866b9d3c94,8bdf43925749beba,results/evidence_advancement/artifacts/materialized_replay_pairs/8bdf43925749beba.source.blif,virtual_binary_cut,"or(a,b)","[""a"", ""b""]","[""a"", ""b""]",2,42a59debdb0bcad2,9f0c982b4c047d25,c580333a48d30dad,same,npn_94de9e90e231b35b,6,source_graph_or_pi_replayable,evidence_advancement_v1
87c79577cbe51a67,8bdf43925749beba,results/evidence_advancement/artifacts/materialized_replay_pairs/8bdf43925749beba.source.blif,virtual_binary_cut,"xor(a,b)","[""a"", ""b""]","[""a"", ""b""]",2,8d1560b225f7c697,d31cf6dbef25069a,b5d1f15c17250b42,same,npn_b5d1f15c17250b42,6,source_graph_or_pi_replayable,evidence_advancement_v1
831e46604e91e8c8,8bdf43925749beba,results/evidence_advancement/artifacts/materialized_replay_pairs/8bdf43925749beba.source.blif,virtual_binary_cut,"and(a,not(b))","[""a"", ""b""]","[""a"", ""b""]",2,64b0009f6392972f,4618e905c40e8769,90f21496b5c851e8,same,npn_94de9e90e231b35b,6,source_graph_or_pi_replayable,evidence_advancement_v1
e414971391ca3250,8bdf43925749beba,results/evidence_advancement/artifacts/materialized_replay_pairs/8bdf43925749beba.source.blif,virtual_binary_cut,"or(a,not(b))","[""a"", ""b""]","[""a"", ""b""]",2,8560d332f7318334,8f0bc04977f88197,2c24932e8e4ebc2f,inverted,npn_94de9e90e231b35b,6,source_graph_or_pi_replayable,evidence_advancement_v1
5050fc8d34857732,8bdf43925749beba,results/evidence_advancement/artifacts/materialized_replay_pairs/8bdf43925749beba.source.blif,virtual_binary_cut,"and(a,cin)","[""a"", ""cin""]","[""a"", ""cin""]",2,1228de099013e868,33fc91d1cc2c3255,94de9e90e231b35b,same,npn_94de9e90e231b35b,6,source_graph_or_pi_replayable,evidence_advancement_v1
824d18c2f6884b92,8bdf43925749beba,results/evidence_advancement/artifacts/materialized_replay_pairs/8bdf43925749beba.source.blif,virtual_binary_cut,"or(a,cin)","[""a"", ""cin""]","[""a"", ""cin""]",2,1d207ade69b2a3eb,df856b66777ea758,c580333a48d30dad,same,npn_94de9e90e231b35b,6,source_graph_or_pi_replayable,evidence_advancement_v1
c7eef792c5170bad,8bdf43925749beba,results/evidence_advancement/artifacts/materialized_replay_pairs/8bdf43925749beba.source.blif,virtual_binary_cut,"xor(a,cin)","[""a"", ""cin""]","[""a"", ""cin""]",2,d7a46d3b3e9464c2,26f3581e5bafe7c7,b5d1f15c17250b42,same,npn_b5d1f15c17250b42,6,source_graph_or_pi_replayable,evidence_advancement_v1
330729432879073b,8bdf43925749beba,results/evidence_advancement/artifacts/materialized_replay_pairs/8bdf43925749beba.source.blif,virtual_binary_cut,"and(a,not(cin))","[""a"", ""cin""]","[""a"", ""cin""]",2,85473471e2f83e46,7767985351eded02,90f21496b5c851e8,same,npn_94de9e90e231b35b,6,source_graph_or_pi_replayable,evidence_advancement_v1
7876706b65c696fd,8bdf43925749beba,results/evidence_advancement/artifacts/materialized_replay_pairs/8bdf43925749beba.source.blif,virtual_binary_cut,"or(a,not(cin))","[""a"", ""cin""]","[""a"", ""cin""]",2,8251c47787737cc6,61ef94dfe370555e,2c24932e8e4ebc2f,inverted,npn_94de9e90e231b35b,6,source_graph_or_pi_replayable,evidence_advancement_v1
250458005d621cf6,8bdf43925749beba,results/evidence_advancement/artifacts/materialized_replay_pairs/8bdf43925749beba.source.blif,virtual_binary_cut,"xor(a,ab_xor)","[""a"", ""ab_xor""]","[""a"", ""b""]",2,881bc460ec339572,7836cdae43787598,6471b342ae3c3106,same,npn_6471b342ae3c3106,6,source_graph_or_pi_replayable,evidence_advancement_v1
70edf74d6672b37f,8bdf43925749beba,results/evidence_advancement/artifacts/materialized_replay_pairs/8bdf43925749beba.source.blif,virtual_binary_cut,"and(a,sum)","[""a"", ""sum""]","[""a"", ""b"", ""cin""]",3,cafeff6df6d83c72,40434ab81bb65403,cafeff6df6d83c72,same,npn_c367d71c2eac76ee,6,source_graph_or_pi_replayable,evidence_advancement_v1
f0256b7a58f99ead,8bdf43925749beba,results/evidence_advancement/artifacts/materialized_replay_pairs/8bdf43925749beba.source.blif,virtual_binary_cut,"or(a,sum)","[""a"", ""sum""]","[""a"", ""b"", ""cin""]",3,45ee4c05f4aac508,d82871169a887f4c,45ee4c05f4aac508,same,npn_c367d71c2eac76ee,6,source_graph_or_pi_replayable,evidence_advancement_v1
ef30dfe399d91f11,8bdf43925749beba,results/evidence_advancement/artifacts/materialized_replay_pairs/8bdf43925749beba.source.blif,virtual_binary_cut,"xor(a,sum)","[""a"", ""sum""]","[""a"", ""b"", ""cin""]",3,9fd48a0d0d9d8a1b,89e85f36ec391ace,9fd48a0d0d9d8a1b,same,npn_9fd48a0d0d9d8a1b,6,source_graph_or_pi_replayable,evidence_advancement_v1
3d266e2a92da94ca,8bdf43925749beba,results/evidence_advancement/artifacts/materialized_replay_pairs/8bdf43925749beba.source.blif,virtual_binary_cut,"and(a,not(sum))","[""a"", ""sum""]","[""a"", ""b"", ""cin""]",3,9875d06f074d4934,709b7cd024183d71,9875d06f074d4934,same,npn_c367d71c2eac76ee,6,source_graph_or_pi_replayable,evidence_advancement_v1
4fce444ce33a0118,8bdf43925749beba,results/evidence_advancement/artifacts/materialized_replay_pairs/8bdf43925749beba.source.blif,virtual_binary_cut,"or(a,not(sum))","[""a"", ""sum""]","[""a"", ""b"", ""cin""]",3,5f19d4e4b2292e32,fec5a0854918cc1b,fec5a0854918cc1b,inverted,npn_c367d71c2eac76ee,6,source_graph_or_pi_replayable,evidence_advancement_v1
4ae338c1528f4862,8bdf43925749beba,results/evidence_advancement/artifacts/materialized_replay_pairs/8bdf43925749beba.source.blif,virtual_binary_cut,"or(a,ab_and)","[""a"", ""ab_and""]","[""a"", ""b""]",2,df18d62faaa74b27,b6cfcfc147cbac64,f14e1817ec32b1b5,same,npn_6471b342ae3c3106,6,source_graph_or_pi_replayable,evidence_advancement_v1
ed9dd7be66dcbece,8bdf43925749beba,results/evidence_advancement/artifacts/materialized_replay_pairs/8bdf43925749beba.source.blif,virtual_binary_cut,"or(a,not(ab_and))","[""a"", ""ab_and""]","[""a"", ""b""]",2,fc67e5cbb4b98b43,c14bc7d02c76f1ae,a90d007c2fc57df6,inverted,npn_a90d007c2fc57df6,6,source_graph_or_pi_replayable,evidence_advancement_v1
30d5ff17f10d39b6,8bdf43925749beba,results/evidence_advancement/artifacts/materialized_replay_pairs/8bdf43925749beba.source.blif,virtual_binary_cut,"or(a,a_cin_and)","[""a"", ""a_cin_and""]","[""a"", ""cin""]",2,df18d62faaa74b27,b6cfcfc147cbac64,f14e1817ec32b1b5,same,npn_6471b342ae3c3106,6,source_graph_or_pi_replayable,evidence_advancement_v1
43ef8a3f7d212bb9,8bdf43925749beba,results/evidence_advancement/artifacts/materialized_replay_pairs/8bdf43925749beba.source.blif,virtual_binary_cut,"or(a,not(a_cin_and))","[""a"", ""a_cin_and""]","[""a"", ""cin""]",2,fc67e5cbb4b98b43,c14bc7d02c76f1ae,a90d007c2fc57df6,inverted,npn_a90d007c2fc57df6,6,source_graph_or_pi_replayable,evidence_advancement_v1
86c53a845748f303,8bdf43925749beba,results/evidence_advancement/artifacts/materialized_replay_pairs/8bdf43925749beba.source.blif,virtual_binary_cut,"and(a,b_cin_and)","[""a"", ""b_cin_and""]","[""a"", ""b"", ""cin""]",3,24165068bb0dbfca,7706d5f66a567332,24165068bb0dbfca,same,npn_24165068bb0dbfca,6,source_graph_or_pi_replayable,evidence_advancement_v1
dfcb5833c31b5242,8bdf43925749beba,results/evidence_advancement/artifacts/materialized_replay_pairs/8bdf43925749beba.source.blif,virtual_binary_cut,"or(a,b_cin_and)","[""a"", ""b_cin_and""]","[""a"", ""b"", ""cin""]",3,2d3d88fc9460d408,01b57a83096fa359,2d3d88fc9460d408,same,npn_358a268fde92333a,6,source_graph_or_pi_replayable,evidence_advancement_v1
9bd9b92851ed56f9,8bdf43925749beba,results/evidence_advancement/artifacts/materialized_replay_pairs/8bdf43925749beba.source.blif,virtual_binary_cut,"xor(a,b_cin_and)","[""a"", ""b_cin_and""]","[""a"", ""b"", ""cin""]",3,60196d9c90521e9d,a288081a64aa38ce,60196d9c90521e9d,same,npn_2e96a02abe3f2e05,6,source_graph_or_pi_replayable,evidence_advancement_v1
3e8a64eb6f224b81,8bdf43925749beba,results/evidence_advancement/artifacts/materialized_replay_pairs/8bdf43925749beba.source.blif,virtual_binary_cut,"and(a,not(b_cin_and))","[""a"", ""b_cin_and""]","[""a"", ""b"", ""cin""]",3,86541bc0ebd49ad1,c0b2b7eb4e4b47b9,86541bc0ebd49ad1,same,npn_358a268fde92333a,6,source_graph_or_pi_replayable,evidence_advancement_v1
88f1f398baf3dee4,8bdf43925749beba,results/evidence_advancement/artifacts/materialized_replay_pairs/8bdf43925749beba.source.blif,virtual_binary_cut,"or(a,not(b_cin_and))","[""a"", ""b_cin_and""]","[""a"", ""b"", ""cin""]",3,5242b1da53ab09a8,9ebc1ab9a061b3d1,9ebc1ab9a061b3d1,inverted,npn_24165068bb0dbfca,6,source_graph_or_pi_replayable,evidence_advancement_v1
e720df74188c9212,8bdf43925749beba,results/evidence_advancement/artifacts/materialized_replay_pairs/8bdf43925749beba.source.blif,virtual_binary_cut,"and(a,cout)","[""a"", ""cout""]","[""a"", ""b"", ""cin""]",3,bea908062cfa2db7,d203ab8f1062b0a0,bea908062cfa2db7,same,npn_358a268fde92333a,6,source_graph_or_pi_replayable,evidence_advancement_v1
997c1ebf6ee503c1,8bdf43925749beba,results/evidence_advancement/artifacts/materialized_replay_pairs/8bdf43925749beba.source.blif,virtual_binary_cut,"xor(a,cout)","[""a"", ""cout""]","[""a"", ""b"", ""cin""]",3,0cd59fa994925bb3,21d49298ab0d6bfc,0cd59fa994925bb3,same,npn_a32eb2538c37ee34,6,source_graph_or_pi_replayable,evidence_advancement_v1
4f70b824cef41c09,8bdf43925749beba,results/evidence_advancement/artifacts/materialized_replay_pairs/8bdf43925749beba.source.blif,virtual_binary_cut,"and(a,not(cout))","[""a"", ""cout""]","[""a"", ""b"", ""cin""]",3,0929086ae3553ffd,3c35fbd6acc1a5b4,0929086ae3553ffd,same,npn_24165068bb0dbfca,6,source_graph_or_pi_replayable,evidence_advancement_v1
79e2f8620a7cf0f8,8bdf43925749beba,results/evidence_advancement/artifacts/materialized_replay_pairs/8bdf43925749beba.source.blif,virtual_binary_cut,"and(b,cin)","[""b"", ""cin""]","[""b"", ""cin""]",2,369b91d179abba64,81db286b120ccd3b,94de9e90e231b35b,same,npn_94de9e90e231b35b,6,source_graph_or_pi_replayable,evidence_advancement_v1
0fa375f4bfa54123,8bdf43925749beba,results/evidence_advancement/artifacts/materialized_replay_pairs/8bdf43925749beba.source.blif,virtual_binary_cut,"or(b,cin)","[""b"", ""cin""]","[""b"", ""cin""]",2,6998c2b0380ed5fd,df970782afed63be,c580333a48d30dad,same,npn_94de9e90e231b35b,6,source_graph_or_pi_replayable,evidence_advancement_v1
5280e2167ba5501e,8bdf43925749beba,results/evidence_advancement/artifacts/materialized_replay_pairs/8bdf43925749beba.source.blif,virtual_binary_cut,"xor(b,cin)","[""b"", ""cin""]","[""b"", ""cin""]",2,9fd48a0d0d9d8a1b,89e85f36ec391ace,b5d1f15c17250b42,same,npn_b5d1f15c17250b42,6,source_graph_or_pi_replayable,evidence_advancement_v1
cfbb506fea089d4b,8bdf43925749beba,results/evidence_advancement/artifacts/materialized_replay_pairs/8bdf43925749beba.source.blif,virtual_binary_cut,"and(b,not(cin))","[""b"", ""cin""]","[""b"", ""cin""]",2,1cd47cea02efadc5,b3dbc758ed4cf7c1,90f21496b5c851e8,same,npn_94de9e90e231b35b,6,source_graph_or_pi_replayable,evidence_advancement_v1
4232afbc7ebd3445,8bdf43925749beba,results/evidence_advancement/artifacts/materialized_replay_pairs/8bdf43925749beba.source.blif,virtual_binary_cut,"or(b,not(cin))","[""b"", ""cin""]","[""b"", ""cin""]",2,3dd858e6fc78578a,40a3a71b42727dac,2c24932e8e4ebc2f,inverted,npn_94de9e90e231b35b,6,source_graph_or_pi_replayable,evidence_advancement_v1
2bd0dab562f3dd11,8bdf43925749beba,results/evidence_advancement/artifacts/materialized_replay_pairs/8bdf43925749beba.source.blif,virtual_binary_cut,"and(b,sum)","[""b"", ""sum""]","[""a"", ""b"", ""cin""]",3,f349b8103440f38f,281fdcdaa6ddf1e3,f349b8103440f38f,same,npn_c367d71c2eac76ee,6,source_graph_or_pi_replayable,evidence_advancement_v1
7ca85a3fab4ef326,8bdf43925749beba,results/evidence_advancement/artifacts/materialized_replay_pairs/8bdf43925749beba.source.blif,virtual_binary_cut,"or(b,sum)","[""b"", ""sum""]","[""a"", ""b"", ""cin""]",3,786379bfa9523fe4,978691fe37bbf018,786379bfa9523fe4,same,npn_c367d71c2eac76ee,6,source_graph_or_pi_replayable,evidence_advancement_v1
cc18c452410cd081,8bdf43925749beba,results/evidence_advancement/artifacts/materialized_replay_pairs/8bdf43925749beba.source.blif,virtual_binary_cut,"xor(b,sum)","[""b"", ""sum""]","[""a"", ""b"", ""cin""]",3,d7a46d3b3e9464c2,26f3581e5bafe7c7,d7a46d3b3e9464c2,same,npn_9fd48a0d0d9d8a1b,6,source_graph_or_pi_replayable,evidence_advancement_v1
e110811749eebf1b,8bdf43925749beba,results/evidence_advancement/artifacts/materialized_replay_pairs/8bdf43925749beba.source.blif,virtual_binary_cut,"and(b,not(sum))","[""b"", ""sum""]","[""a"", ""b"", ""cin""]",3,e502e9191e6ed303,9ba33c777b6dd915,e502e9191e6ed303,same,npn_c367d71c2eac76ee,6,source_graph_or_pi_replayable,evidence_advancement_v1
dc540c0632c16499,8bdf43925749beba,results/evidence_advancement/artifacts/materialized_replay_pairs/8bdf43925749beba.source.blif,virtual_binary_cut,"or(b,not(sum))","[""b"", ""sum""]","[""a"", ""b"", ""cin""]",3,4630f7310d6febc0,13b2d0b1cc3afd67,13b2d0b1cc3afd67,inverted,npn_c367d71c2eac76ee,6,source_graph_or_pi_replayable,evidence_advancement_v1
a69ce4a17003d916,8bdf43925749beba,results/evidence_advancement/artifacts/materialized_replay_pairs/8bdf43925749beba.source.blif,virtual_binary_cut,"or(b,a_cin_and)","[""b"", ""a_cin_and""]","[""a"", ""b"", ""cin""]",3,3b07b0bc23372d78,a21f9e000f8d8b39,3b07b0bc23372d78,same,npn_358a268fde92333a,6,source_graph_or_pi_replayable,evidence_advancement_v1
59d26f07e27796d8,8bdf43925749beba,results/evidence_advancement/artifacts/materialized_replay_pairs/8bdf43925749beba.source.blif,virtual_binary_cut,"xor(b,a_cin_and)","[""b"", ""a_cin_and""]","[""a"", ""b"", ""cin""]",3,b557e1bc282e341d,b7c4e46bdd0916fd,b557e1bc282e341d,same,npn_2e96a02abe3f2e05,6,source_graph_or_pi_replayable,evidence_advancement_v1
55d243fabca23fb9,8bdf43925749beba,results/evidence_advancement/artifacts/materialized_replay_pairs/8bdf43925749beba.source.blif,virtual_binary_cut,"and(b,not(a_cin_and))","[""b"", ""a_cin_and""]","[""a"", ""b"", ""cin""]",3,4f60c46211bb6d37,bd8c96055d4724db,4f60c46211bb6d37,same,npn_358a268fde92333a,6,source_graph_or_pi_replayable,evidence_advancement_v1
5832664269a83339,8bdf43925749beba,results/evidence_advancement/artifacts/materialized_replay_pairs/8bdf43925749beba.source.blif,virtual_binary_cut,"or(b,not(a_cin_and))","[""b"", ""a_cin_and""]","[""a"", ""b"", ""cin""]",3,e5e9f7323f023fb7,afe6407a40ccdeab,afe6407a40ccdeab,inverted,npn_24165068bb0dbfca,6,source_graph_or_pi_replayable,evidence_advancement_v1
8cca157cd98a0d3b,8bdf43925749beba,results/evidence_advancement/artifacts/materialized_replay_pairs/8bdf43925749beba.source.blif,virtual_binary_cut,"or(b,b_cin_and)","[""b"", ""b_cin_and""]","[""b"", ""cin""]",2,881bc460ec339572,7836cdae43787598,f14e1817ec32b1b5,same,npn_6471b342ae3c3106,6,source_graph_or_pi_replayable,evidence_advancement_v1
9352481eae775b10,8bdf43925749beba,results/evidence_advancement/artifacts/materialized_replay_pairs/8bdf43925749beba.source.blif,virtual_binary_cut,"or(b,not(b_cin_and))","[""b"", ""b_cin_and""]","[""b"", ""cin""]",2,fc67e5cbb4b98b43,c14bc7d02c76f1ae,a90d007c2fc57df6,inverted,npn_a90d007c2fc57df6,6,source_graph_or_pi_replayable,evidence_advancement_v1
c1339fdaae65fd92,8bdf43925749beba,results/evidence_advancement/artifacts/materialized_replay_pairs/8bdf43925749beba.source.blif,virtual_binary_cut,"and(b,cout)","[""b"", ""cout""]","[""a"", ""b"", ""cin""]",3,dc3cd88779d423cd,90ed6ff15c51ceef,dc3cd88779d423cd,same,npn_358a268fde92333a,6,source_graph_or_pi_replayable,evidence_advancement_v1
92200c59d85aa121,8bdf43925749beba,results/evidence_advancement/artifacts/materialized_replay_pairs/8bdf43925749beba.source.blif,virtual_binary_cut,"xor(b,cout)","[""b"", ""cout""]","[""a"", ""b"", ""cin""]",3,c75151d45b581b6c,1bc6d6339006ee69,c75151d45b581b6c,same,npn_a32eb2538c37ee34,6,source_graph_or_pi_replayable,evidence_advancement_v1
d330588cf76b1ad7,8bdf43925749beba,results/evidence_advancement/artifacts/materialized_replay_pairs/8bdf43925749beba.source.blif,virtual_binary_cut,"and(b,not(cout))","[""b"", ""cout""]","[""a"", ""b"", ""cin""]",3,00e3755f7c92db5f,33a790de895e4a82,00e3755f7c92db5f,same,npn_24165068bb0dbfca,6,source_graph_or_pi_replayable,evidence_advancement_v1
d883e33bb1459963,8bdf43925749beba,results/evidence_advancement/artifacts/materialized_replay_pairs/8bdf43925749beba.source.blif,virtual_binary_cut,"and(cin,ab_xor)","[""cin"", ""ab_xor""]","[""a"", ""b"", ""cin""]",3,c367d71c2eac76ee,cad912d562146843,c367d71c2eac76ee,same,npn_c367d71c2eac76ee,6,source_graph_or_pi_replayable,evidence_advancement_v1
10deecceb9b106a8,8bdf43925749beba,results/evidence_advancement/artifacts/materialized_replay_pairs/8bdf43925749beba.source.blif,virtual_binary_cut,"or(cin,ab_xor)","[""cin"", ""ab_xor""]","[""a"", ""b"", ""cin""]",3,b9cbd9a487f80552,d8f1a1158f9df939,b9cbd9a487f80552,same,npn_c367d71c2eac76ee,6,source_graph_or_pi_replayable,evidence_advancement_v1
4e464c133f3bce0f,8bdf43925749beba,results/evidence_advancement/artifacts/materialized_replay_pairs/8bdf43925749beba.source.blif,virtual_binary_cut,"xor(cin,ab_xor)","[""cin"", ""ab_xor""]","[""a"", ""b"", ""cin""]",3,c2a6fb6a86cca609,275241aeb7262117,c2a6fb6a86cca609,same,npn_c2a6fb6a86cca609,6,source_graph_or_pi_replayable,evidence_advancement_v1
876fc5f17e1fe200,8bdf43925749beba,results/evidence_advancement/artifacts/materialized_replay_pairs/8bdf43925749beba.source.blif,virtual_binary_cut,"and(cin,not(ab_xor))","[""cin"", ""ab_xor""]","[""a"", ""b"", ""cin""]",3,ef73cac577bcd031,1cddf125e7c6c591,ef73cac577bcd031,same,npn_c367d71c2eac76ee,6,source_graph_or_pi_replayable,evidence_advancement_v1
c79326cfacc37b43,8bdf43925749beba,results/evidence_advancement/artifacts/materialized_replay_pairs/8bdf43925749beba.source.blif,virtual_binary_cut,"or(cin,not(ab_xor))","[""cin"", ""ab_xor""]","[""a"", ""b"", ""cin""]",3,df9216350cc7abbf,7f94ec8202b0598d,7f94ec8202b0598d,inverted,npn_c367d71c2eac76ee,6,source_graph_or_pi_replayable,evidence_advancement_v1
bd93c5fa46dc3d89,8bdf43925749beba,results/evidence_advancement/artifacts/materialized_replay_pairs/8bdf43925749beba.source.blif,virtual_binary_cut,"xor(cin,sum)","[""cin"", ""sum""]","[""a"", ""b"", ""cin""]",3,8d1560b225f7c697,d31cf6dbef25069a,8d1560b225f7c697,same,npn_9fd48a0d0d9d8a1b,6,source_graph_or_pi_replayable,evidence_advancement_v1
9abc2ae421162dde,8bdf43925749beba,results/evidence_advancement/artifacts/materialized_replay_pairs/8bdf43925749beba.source.blif,virtual_binary_cut,"or(cin,ab_and)","[""cin"", ""ab_and""]","[""a"", ""b"", ""cin""]",3,2b785f5c6a14009e,d4f1067dfed9dc13,2b785f5c6a14009e,same,npn_358a268fde92333a,6,source_graph_or_pi_replayable,evidence_advancement_v1
d71f4556ab55e0b9,8bdf43925749beba,results/evidence_advancement/artifacts/materialized_replay_pairs/8bdf43925749beba.source.blif,virtual_binary_cut,"xor(cin,ab_and)","[""cin"", ""ab_and""]","[""a"", ""b"", ""cin""]",3,2e96a02abe3f2e05,a8f244d01461e4e3,2e96a02abe3f2e05,same,npn_2e96a02abe3f2e05,6,source_graph_or_pi_replayable,evidence_advancement_v1
dcbecbb0520d8f80,8bdf43925749beba,results/evidence_advancement/artifacts/materialized_replay_pairs/8bdf43925749beba.source.blif,virtual_binary_cut,"and(cin,not(ab_and))","[""cin"", ""ab_and""]","[""a"", ""b"", ""cin""]",3,ea466967d1b9574d,b5fe5c54be4d1ca1,ea466967d1b9574d,same,npn_358a268fde92333a,6,source_graph_or_pi_replayable,evidence_advancement_v1
356a675ba065a7c6,8bdf43925749beba,results/evidence_advancement/artifacts/materialized_replay_pairs/8bdf43925749beba.source.blif,virtual_binary_cut,"or(cin,not(ab_and))","[""cin"", ""ab_and""]","[""a"", ""b"", ""cin""]",3,e8998d9ce7a853e5,18025d3f5a1dde11,18025d3f5a1dde11,inverted,npn_24165068bb0dbfca,6,source_graph_or_pi_replayable,evidence_advancement_v1
bac88edf581f3645,8bdf43925749beba,results/evidence_advancement/artifacts/materialized_replay_pairs/8bdf43925749beba.source.blif,virtual_binary_cut,"or(cin,a_cin_and)","[""cin"", ""a_cin_and""]","[""a"", ""cin""]",2,f919733d549a9e33,71feeed0446218e8,6471b342ae3c3106,same,npn_6471b342ae3c3106,6,source_graph_or_pi_replayable,evidence_advancement_v1
b79e30b1ee01f63d,8bdf43925749beba,results/evidence_advancement/artifacts/materialized_replay_pairs/8bdf43925749beba.source.blif,virtual_binary_cut,"or(cin,b_cin_and)","[""cin"", ""b_cin_and""]","[""b"", ""cin""]",2,f919733d549a9e33,71feeed0446218e8,6471b342ae3c3106,same,npn_6471b342ae3c3106,6,source_graph_or_pi_replayable,evidence_advancement_v1
6395e0d9a8159a0f,8bdf43925749beba,results/evidence_advancement/artifacts/materialized_replay_pairs/8bdf43925749beba.source.blif,virtual_binary_cut,"and(cin,cout)","[""cin"", ""cout""]","[""a"", ""b"", ""cin""]",3,358a268fde92333a,3afcf5da87f5826c,358a268fde92333a,same,npn_358a268fde92333a,6,source_graph_or_pi_replayable,evidence_advancement_v1
660b7c0bf372336d,8bdf43925749beba,results/evidence_advancement/artifacts/materialized_replay_pairs/8bdf43925749beba.source.blif,virtual_binary_cut,"xor(cin,cout)","[""cin"", ""cout""]","[""a"", ""b"", ""cin""]",3,a32eb2538c37ee34,3055310c89621ff5,a32eb2538c37ee34,same,npn_a32eb2538c37ee34,6,source_graph_or_pi_replayable,evidence_advancement_v1
d4acbfacad021070,8bdf43925749beba,results/evidence_advancement/artifacts/materialized_replay_pairs/8bdf43925749beba.source.blif,virtual_binary_cut,"and(cin,not(cout))","[""cin"", ""cout""]","[""a"", ""b"", ""cin""]",3,7b4604b3e7ef53d3,0abcb3e56b11067e,7b4604b3e7ef53d3,same,npn_24165068bb0dbfca,6,source_graph_or_pi_replayable,evidence_advancement_v1
a8d7db37d5135726,8bdf43925749beba,results/evidence_advancement/artifacts/materialized_replay_pairs/8bdf43925749beba.source.blif,virtual_binary_cut,"xor(ab_xor,sum)","[""ab_xor"", ""sum""]","[""a"", ""b"", ""cin""]",3,f919733d549a9e33,71feeed0446218e8,f919733d549a9e33,same,npn_f919733d549a9e33,6,source_graph_or_pi_replayable,evidence_advancement_v1
1f12419387dfb797,8bdf43925749beba,results/evidence_advancement/artifacts/materialized_replay_pairs/8bdf43925749beba.source.blif,virtual_binary_cut,"or(ab_xor,a_cin_and)","[""ab_xor"", ""a_cin_and""]","[""a"", ""b"", ""cin""]",3,ecffe6354927592d,2ac8bd1b66db62d5,ecffe6354927592d,same,npn_519942ec52593eec,6,source_graph_or_pi_replayable,evidence_advancement_v1
71225a4584b9b7b6,8bdf43925749beba,results/evidence_advancement/artifacts/materialized_replay_pairs/8bdf43925749beba.source.blif,virtual_binary_cut,"xor(ab_xor,a_cin_and)","[""ab_xor"", ""a_cin_and""]","[""a"", ""b"", ""cin""]",3,b17d45493ba3a535,aa04594437ce4e25,b17d45493ba3a535,same,npn_2e96a02abe3f2e05,6,source_graph_or_pi_replayable,evidence_advancement_v1
9cbe9c987461344b,8bdf43925749beba,results/evidence_advancement/artifacts/materialized_replay_pairs/8bdf43925749beba.source.blif,virtual_binary_cut,"and(ab_xor,not(a_cin_and))","[""ab_xor"", ""a_cin_and""]","[""a"", ""b"", ""cin""]",3,38836792107d8a9a,97cd566785c639c0,38836792107d8a9a,same,npn_519942ec52593eec,6,source_graph_or_pi_replayable,evidence_advancement_v1
30449add264facd7,8bdf43925749beba,results/evidence_advancement/artifacts/materialized_replay_pairs/8bdf43925749beba.source.blif,virtual_binary_cut,"xor(ab_xor,b_cin_and)","[""ab_xor"", ""b_cin_and""]","[""a"", ""b"", ""cin""]",3,62ad13d001efd14a,7dcd75ff2da27c11,62ad13d001efd14a,same,npn_2e96a02abe3f2e05,6,source_graph_or_pi_replayable,evidence_advancement_v1
955831f2fc83eb5f,8bdf43925749beba,results/evidence_advancement/artifacts/materialized_replay_pairs/8bdf43925749beba.source.blif,virtual_binary_cut,"and(ab_xor,not(b_cin_and))","[""ab_xor"", ""b_cin_and""]","[""a"", ""b"", ""cin""]",3,441bfcfb893ac096,9a02499b8ffb93d4,441bfcfb893ac096,same,npn_519942ec52593eec,6,source_graph_or_pi_replayable,evidence_advancement_v1
f1206a3c8658fbd4,8bdf43925749beba,results/evidence_advancement/artifacts/materialized_replay_pairs/8bdf43925749beba.source.blif,virtual_binary_cut,"or(ab_xor,cout)","[""ab_xor"", ""cout""]","[""a"", ""b"", ""cin""]",3,42a59debdb0bcad2,9f0c982b4c047d25,42a59debdb0bcad2,same,npn_369b91d179abba64,6,source_graph_or_pi_replayable,evidence_advancement_v1
406301cca3aa0277,8bdf43925749beba,results/evidence_advancement/artifacts/materialized_replay_pairs/8bdf43925749beba.source.blif,virtual_binary_cut,"xor(ab_xor,cout)","[""ab_xor"", ""cout""]","[""a"", ""b"", ""cin""]",3,4e2e624ff001de2a,59aed3a2ef0ddb7d,4e2e624ff001de2a,same,npn_f362bf34947fde3f,6,source_graph_or_pi_replayable,evidence_advancement_v1
a898205d4a7d0208,8bdf43925749beba,results/evidence_advancement/artifacts/materialized_replay_pairs/8bdf43925749beba.source.blif,virtual_binary_cut,"or(ab_xor,not(cout))","[""ab_xor"", ""cout""]","[""a"", ""b"", ""cin""]",3,7717b29c04225dc0,eba8a44748a5f09c,eba8a44748a5f09c,inverted,npn_369b91d179abba64,6,source_graph_or_pi_replayable,evidence_advancement_v1
33353a9cb61a7503,8bdf43925749beba,results/evidence_advancement/artifacts/materialized_replay_pairs/8bdf43925749beba.source.blif,virtual_binary_cut,"or(sum,ab_and)","[""sum"", ""ab_and""]","[""a"", ""b"", ""cin""]",3,54b0891aa88d1f02,d4285658c58028f8,54b0891aa88d1f02,same,npn_d61af64b7197e3f3,6,source_graph_or_pi_replayable,evidence_advancement_v1
d396ac38f36fd3be,8bdf43925749beba,results/evidence_advancement/artifacts/materialized_replay_pairs/8bdf43925749beba.source.blif,virtual_binary_cut,"xor(sum,ab_and)","[""sum"", ""ab_and""]","[""a"", ""b"", ""cin""]",3,c7c2f82107e8afb0,4bcd1b9079112587,c7c2f82107e8afb0,same,npn_2e96a02abe3f2e05,6,source_graph_or_pi_replayable,evidence_advancement_v1
eaa43aead896f58c,8bdf43925749beba,results/evidence_advancement/artifacts/materialized_replay_pairs/8bdf43925749beba.source.blif,virtual_binary_cut,"and(sum,not(ab_and))","[""sum"", ""ab_and""]","[""a"", ""b"", ""cin""]",3,c624e761ca4bcae2,7064339e905d7539,c624e761ca4bcae2,same,npn_d61af64b7197e3f3,6,source_graph_or_pi_replayable,evidence_advancement_v1
2fdf249716f8a1cc,8bdf43925749beba,results/evidence_advancement/artifacts/materialized_replay_pairs/8bdf43925749beba.source.blif,virtual_binary_cut,"or(sum,a_cin_and)","[""sum"", ""a_cin_and""]","[""a"", ""b"", ""cin""]",3,5936ac63bf6ad836,fa1fec4e01ce6aca,5936ac63bf6ad836,same,npn_d61af64b7197e3f3,6,source_graph_or_pi_replayable,evidence_advancement_v1
64b5dd2d9f3bb646,8bdf43925749beba,results/evidence_advancement/artifacts/materialized_replay_pairs/8bdf43925749beba.source.blif,virtual_binary_cut,"xor(sum,a_cin_and)","[""sum"", ""a_cin_and""]","[""a"", ""b"", ""cin""]",3,75e77e97d7f75adf,c652bc32ee82dccf,75e77e97d7f75adf,same,npn_2e96a02abe3f2e05,6,source_graph_or_pi_replayable,evidence_advancement_v1
ea0b6f9fdb24033e,8bdf43925749beba,results/evidence_advancement/artifacts/materialized_replay_pairs/8bdf43925749beba.source.blif,virtual_binary_cut,"or(sum,b_cin_and)","[""sum"", ""b_cin_and""]","[""a"", ""b"", ""cin""]",3,b5ef9070e46ed0cc,b465c54a2345dfdf,b5ef9070e46ed0cc,same,npn_d61af64b7197e3f3,6,source_graph_or_pi_replayable,evidence_advancement_v1
73c3c07d38bcf6b8,8bdf43925749beba,results/evidence_advancement/artifacts/materialized_replay_pairs/8bdf43925749beba.source.blif,virtual_binary_cut,"xor(sum,b_cin_and)","[""sum"", ""b_cin_and""]","[""a"", ""b"", ""cin""]",3,302e0e31410bc2a4,de66c62b2b8c6090,302e0e31410bc2a4,same,npn_2e96a02abe3f2e05,6,source_graph_or_pi_replayable,evidence_advancement_v1
6f98b481d017a9cc,8bdf43925749beba,results/evidence_advancement/artifacts/materialized_replay_pairs/8bdf43925749beba.source.blif,virtual_binary_cut,"or(sum,cout)","[""sum"", ""cout""]","[""a"", ""b"", ""cin""]",3,15d3f0da777adabd,f8dc997cdc370935,15d3f0da777adabd,same,npn_24165068bb0dbfca,6,source_graph_or_pi_replayable,evidence_advancement_v1
c2d72449d04047ea,8bdf43925749beba,results/evidence_advancement/artifacts/materialized_replay_pairs/8bdf43925749beba.source.blif,virtual_binary_cut,"xor(sum,cout)","[""sum"", ""cout""]","[""a"", ""b"", ""cin""]",3,f72c8bd830be906a,36ca0c487498f425,f72c8bd830be906a,same,npn_a32eb2538c37ee34,6,source_graph_or_pi_replayable,evidence_advancement_v1
12e48b7f86263a57,8bdf43925749beba,results/evidence_advancement/artifacts/materialized_replay_pairs/8bdf43925749beba.source.blif,virtual_binary_cut,"or(sum,not(cout))","[""sum"", ""cout""]","[""a"", ""b"", ""cin""]",3,7077e1e487c73118,d61af64b7197e3f3,d61af64b7197e3f3,inverted,npn_d61af64b7197e3f3,6,source_graph_or_pi_replayable,evidence_advancement_v1
b0fe0c0d657e3f46,8bdf43925749beba,results/evidence_advancement/artifacts/materialized_replay_pairs/8bdf43925749beba.source.blif,virtual_binary_cut,"or(ab_and,cout)","[""ab_and"", ""cout""]","[""a"", ""b"", ""cin""]",3,f362bf34947fde3f,62b7ad64067260f2,f362bf34947fde3f,same,npn_f362bf34947fde3f,6,source_graph_or_pi_replayable,evidence_advancement_v1
a1cf027ea2a03915,8bdf43925749beba,results/evidence_advancement/artifacts/materialized_replay_pairs/8bdf43925749beba.source.blif,virtual_binary_cut,"and(ab_and,not(cout))","[""ab_and"", ""cout""]","[""a"", ""b"", ""cin""]",3,c14bc7d02c76f1ae,fc67e5cbb4b98b43,c14bc7d02c76f1ae,same,npn_c14bc7d02c76f1ae,6,source_graph_or_pi_replayable,evidence_advancement_v1
75252779827ef0b3,8bdf43925749beba,results/evidence_advancement/artifacts/materialized_replay_pairs/8bdf43925749beba.source.blif,virtual_binary_cut,"and(a_cin_and,cout)","[""a_cin_and"", ""cout""]","[""a"", ""b"", ""cin""]",3,1228de099013e868,33fc91d1cc2c3255,1228de099013e868,same,npn_369b91d179abba64,6,source_graph_or_pi_replayable,evidence_advancement_v1
12ab0d09a67b0ff9,8bdf43925749beba,results/evidence_advancement/artifacts/materialized_replay_pairs/8bdf43925749beba.source.blif,virtual_binary_cut,"and(b_cin_and,cout)","[""b_cin_and"", ""cout""]","[""a"", ""b"", ""cin""]",3,369b91d179abba64,81db286b120ccd3b,369b91d179abba64,same,npn_369b91d179abba64,6,source_graph_or_pi_replayable,evidence_advancement_v1
b31c144d29199c22,8c477d2723b3f1b2,results/evidence_advancement/artifacts/materialized_replay_pairs/8c477d2723b3f1b2.source.blif,pi_literal,x0,"[""x0""]","[""x0""]",1,df18d62faaa74b27,b6cfcfc147cbac64,923682bea6d517dc,same,npn_923682bea6d517dc,6,source_graph_or_pi_replayable,evidence_advancement_v1
f06bba2a5637e0fb,8c477d2723b3f1b2,results/evidence_advancement/artifacts/materialized_replay_pairs/8c477d2723b3f1b2.source.blif,pi_literal,x1,"[""x1""]","[""x1""]",1,881bc460ec339572,7836cdae43787598,923682bea6d517dc,same,npn_923682bea6d517dc,6,source_graph_or_pi_replayable,evidence_advancement_v1
dcb5637081139807,8c477d2723b3f1b2,results/evidence_advancement/artifacts/materialized_replay_pairs/8c477d2723b3f1b2.source.blif,pi_literal,r0,"[""r0""]","[""r0""]",1,f919733d549a9e33,71feeed0446218e8,923682bea6d517dc,same,npn_923682bea6d517dc,6,source_graph_or_pi_replayable,evidence_advancement_v1
46f68d622ba0c337,8c477d2723b3f1b2,results/evidence_advancement/artifacts/materialized_replay_pairs/8c477d2723b3f1b2.source.blif,source_node,m0,"[""m0""]","[""r0"", ""x0"", ""x1""]",3,8d1560b225f7c697,d31cf6dbef25069a,9fd48a0d0d9d8a1b,same,npn_9fd48a0d0d9d8a1b,6,source_graph_or_pi_replayable,evidence_advancement_v1
b85bc7bd155daf2f,8c477d2723b3f1b2,results/evidence_advancement/artifacts/materialized_replay_pairs/8c477d2723b3f1b2.source.blif,source_node,y0,"[""y0""]","[""r0"", ""x0"", ""x1""]",3,c2a6fb6a86cca609,275241aeb7262117,c2a6fb6a86cca609,same,npn_c2a6fb6a86cca609,6,source_graph_or_pi_replayable,evidence_advancement_v1
091c20a4dffc98cd,8c477d2723b3f1b2,results/evidence_advancement/artifacts/materialized_replay_pairs/8c477d2723b3f1b2.source.blif,source_node,pcva_3b0856d92d1c637f,"[""pcva_3b0856d92d1c637f""]","[""x0"", ""x1""]",2,8d1560b225f7c697,d31cf6dbef25069a,b5d1f15c17250b42,same,npn_b5d1f15c17250b42,6,source_graph_or_pi_replayable,evidence_advancement_v1
ac9e34f95b544f32,8c477d2723b3f1b2,results/evidence_advancement/artifacts/materialized_replay_pairs/8c477d2723b3f1b2.source.blif,virtual_binary_cut,"and(x0,x1)","[""x0"", ""x1""]","[""x0"", ""x1""]",2,eba8a44748a5f09c,7717b29c04225dc0,94de9e90e231b35b,same,npn_94de9e90e231b35b,6,source_graph_or_pi_replayable,evidence_advancement_v1
8cad4046cd8d4365,8c477d2723b3f1b2,results/evidence_advancement/artifacts/materialized_replay_pairs/8c477d2723b3f1b2.source.blif,virtual_binary_cut,"or(x0,x1)","[""x0"", ""x1""]","[""x0"", ""x1""]",2,42a59debdb0bcad2,9f0c982b4c047d25,c580333a48d30dad,same,npn_94de9e90e231b35b,6,source_graph_or_pi_replayable,evidence_advancement_v1
c9a37fc905a3c542,8c477d2723b3f1b2,results/evidence_advancement/artifacts/materialized_replay_pairs/8c477d2723b3f1b2.source.blif,virtual_binary_cut,"xor(x0,x1)","[""x0"", ""x1""]","[""x0"", ""x1""]",2,8d1560b225f7c697,d31cf6dbef25069a,b5d1f15c17250b42,same,npn_b5d1f15c17250b42,6,source_graph_or_pi_replayable,evidence_advancement_v1
9bde09d7ae8c9705,8c477d2723b3f1b2,results/evidence_advancement/artifacts/materialized_replay_pairs/8c477d2723b3f1b2.source.blif,virtual_binary_cut,"and(x0,not(x1))","[""x0"", ""x1""]","[""x0"", ""x1""]",2,64b0009f6392972f,4618e905c40e8769,90f21496b5c851e8,same,npn_94de9e90e231b35b,6,source_graph_or_pi_replayable,evidence_advancement_v1
6765b6a6af11860b,8c477d2723b3f1b2,results/evidence_advancement/artifacts/materialized_replay_pairs/8c477d2723b3f1b2.source.blif,virtual_binary_cut,"or(x0,not(x1))","[""x0"", ""x1""]","[""x0"", ""x1""]",2,8560d332f7318334,8f0bc04977f88197,2c24932e8e4ebc2f,inverted,npn_94de9e90e231b35b,6,source_graph_or_pi_replayable,evidence_advancement_v1
be08da0dad75b0d8,8c477d2723b3f1b2,results/evidence_advancement/artifacts/materialized_replay_pairs/8c477d2723b3f1b2.source.blif,virtual_binary_cut,"and(x0,r0)","[""x0"", ""r0""]","[""r0"", ""x0""]",2,1228de099013e868,33fc91d1cc2c3255,94de9e90e231b35b,same,npn_94de9e90e231b35b,6,source_graph_or_pi_replayable,evidence_advancement_v1
75b8e42aa1209c63,8c477d2723b3f1b2,results/evidence_advancement/artifacts/materialized_replay_pairs/8c477d2723b3f1b2.source.blif,virtual_binary_cut,"or(x0,r0)","[""x0"", ""r0""]","[""r0"", ""x0""]",2,1d207ade69b2a3eb,df856b66777ea758,c580333a48d30dad,same,npn_94de9e90e231b35b,6,source_graph_or_pi_replayable,evidence_advancement_v1
f6adc3af88460ac6,8c477d2723b3f1b2,results/evidence_advancement/artifacts/materialized_replay_pairs/8c477d2723b3f1b2.source.blif,virtual_binary_cut,"xor(x0,r0)","[""x0"", ""r0""]","[""r0"", ""x0""]",2,d7a46d3b3e9464c2,26f3581e5bafe7c7,b5d1f15c17250b42,same,npn_b5d1f15c17250b42,6,source_graph_or_pi_replayable,evidence_advancement_v1
6f20f159238b8e25,8c477d2723b3f1b2,results/evidence_advancement/artifacts/materialized_replay_pairs/8c477d2723b3f1b2.source.blif,virtual_binary_cut,"and(x0,not(r0))","[""x0"", ""r0""]","[""r0"", ""x0""]",2,85473471e2f83e46,7767985351eded02,2c24932e8e4ebc2f,same,npn_94de9e90e231b35b,6,source_graph_or_pi_replayable,evidence_advancement_v1
e87ed3e0911d4548,8c477d2723b3f1b2,results/evidence_advancement/artifacts/materialized_replay_pairs/8c477d2723b3f1b2.source.blif,virtual_binary_cut,"or(x0,not(r0))","[""x0"", ""r0""]","[""r0"", ""x0""]",2,8251c47787737cc6,61ef94dfe370555e,90f21496b5c851e8,inverted,npn_94de9e90e231b35b,6,source_graph_or_pi_replayable,evidence_advancement_v1
e27663949ab987c0,8c477d2723b3f1b2,results/evidence_advancement/artifacts/materialized_replay_pairs/8c477d2723b3f1b2.source.blif,virtual_binary_cut,"and(x0,m0)","[""x0"", ""m0""]","[""r0"", ""x0"", ""x1""]",3,64b0009f6392972f,4618e905c40e8769,1cd47cea02efadc5,same,npn_369b91d179abba64,6,source_graph_or_pi_replayable,evidence_advancement_v1
ea4a40470a2b2751,8c477d2723b3f1b2,results/evidence_advancement/artifacts/materialized_replay_pairs/8c477d2723b3f1b2.source.blif,virtual_binary_cut,"or(x0,m0)","[""x0"", ""m0""]","[""r0"", ""x0"", ""x1""]",3,42a59debdb0bcad2,9f0c982b4c047d25,6998c2b0380ed5fd,same,npn_369b91d179abba64,6,source_graph_or_pi_replayable,evidence_advancement_v1
c8984c6694644f35,8c477d2723b3f1b2,results/evidence_advancement/artifacts/materialized_replay_pairs/8c477d2723b3f1b2.source.blif,virtual_binary_cut,"xor(x0,m0)","[""x0"", ""m0""]","[""r0"", ""x0"", ""x1""]",3,881bc460ec339572,7836cdae43787598,f919733d549a9e33,same,npn_f919733d549a9e33,6,source_graph_or_pi_replayable,evidence_advancement_v1
f9cfa62d369e81d7,8c477d2723b3f1b2,results/evidence_advancement/artifacts/materialized_replay_pairs/8c477d2723b3f1b2.source.blif,virtual_binary_cut,"and(x0,not(m0))","[""x0"", ""m0""]","[""r0"", ""x0"", ""x1""]",3,eba8a44748a5f09c,7717b29c04225dc0,369b91d179abba64,same,npn_369b91d179abba64,6,source_graph_or_pi_replayable,evidence_advancement_v1
170f6d9156817a56,8c477d2723b3f1b2,results/evidence_advancement/artifacts/materialized_replay_pairs/8c477d2723b3f1b2.source.blif,virtual_binary_cut,"or(x0,not(m0))","[""x0"", ""m0""]","[""r0"", ""x0"", ""x1""]",3,8560d332f7318334,8f0bc04977f88197,40a3a71b42727dac,inverted,npn_369b91d179abba64,6,source_graph_or_pi_replayable,evidence_advancement_v1
82eb55bc94255106,8c477d2723b3f1b2,results/evidence_advancement/artifacts/materialized_replay_pairs/8c477d2723b3f1b2.source.blif,virtual_binary_cut,"and(x0,y0)","[""x0"", ""y0""]","[""r0"", ""x0"", ""x1""]",3,cafeff6df6d83c72,40434ab81bb65403,f349b8103440f38f,same,npn_c367d71c2eac76ee,6,source_graph_or_pi_replayable,evidence_advancement_v1
121a8c5a4c7f7e57,8c477d2723b3f1b2,results/evidence_advancement/artifacts/materialized_replay_pairs/8c477d2723b3f1b2.source.blif,virtual_binary_cut,"or(x0,y0)","[""x0"", ""y0""]","[""r0"", ""x0"", ""x1""]",3,45ee4c05f4aac508,d82871169a887f4c,786379bfa9523fe4,same,npn_c367d71c2eac76ee,6,source_graph_or_pi_replayable,evidence_advancement_v1
57a14dab2b34134f,8c477d2723b3f1b2,results/evidence_advancement/artifacts/materialized_replay_pairs/8c477d2723b3f1b2.source.blif,virtual_binary_cut,"xor(x0,y0)","[""x0"", ""y0""]","[""r0"", ""x0"", ""x1""]",3,9fd48a0d0d9d8a1b,89e85f36ec391ace,d7a46d3b3e9464c2,same,npn_9fd48a0d0d9d8a1b,6,source_graph_or_pi_replayable,evidence_advancement_v1
cd1576a5dc837367,8c477d2723b3f1b2,results/evidence_advancement/artifacts/materialized_replay_pairs/8c477d2723b3f1b2.source.blif,virtual_binary_cut,"and(x0,not(y0))","[""x0"", ""y0""]","[""r0"", ""x0"", ""x1""]",3,9875d06f074d4934,709b7cd024183d71,e502e9191e6ed303,same,npn_c367d71c2eac76ee,6,source_graph_or_pi_replayable,evidence_advancement_v1
798ff85b7423a09b,8c477d2723b3f1b2,results/evidence_advancement/artifacts/materialized_replay_pairs/8c477d2723b3f1b2.source.blif,virtual_binary_cut,"or(x0,not(y0))","[""x0"", ""y0""]","[""r0"", ""x0"", ""x1""]",3,5f19d4e4b2292e32,fec5a0854918cc1b,13b2d0b1cc3afd67,inverted,npn_c367d71c2eac76ee,6,source_graph_or_pi_replayable,evidence_advancement_v1
d8060fe1fe528494,8c477d2723b3f1b2,results/evidence_advancement/artifacts/materialized_replay_pairs/8c477d2723b3f1b2.source.blif,virtual_binary_cut,"xor(x0,pcva_3b0856d92d1c637f)","[""x0"", ""pcva_3b0856d92d1c637f""]","[""x0"", ""x1""]",2,881bc460ec339572,7836cdae43787598,6471b342ae3c3106,same,npn_6471b342ae3c3106,6,source_graph_or_pi_replayable,evidence_advancement_v1
845569e5619a1517,8c477d2723b3f1b2,results/evidence_advancement/artifacts/materialized_replay_pairs/8c477d2723b3f1b2.source.blif,virtual_binary_cut,"and(x1,r0)","[""x1"", ""r0""]","[""r0"", ""x1""]",2,369b91d179abba64,81db286b120ccd3b,94de9e90e231b35b,same,npn_94de9e90e231b35b,6,source_graph_or_pi_replayable,evidence_advancement_v1
c9f79b2f491b1a1f,8c477d2723b3f1b2,results/evidence_advancement/artifacts/materialized_replay_pairs/8c477d2723b3f1b2.source.blif,virtual_binary_cut,"or(x1,r0)","[""x1"", ""r0""]","[""r0"", ""x1""]",2,6998c2b0380ed5fd,df970782afed63be,c580333a48d30dad,same,npn_94de9e90e231b35b,6,source_graph_or_pi_replayable,evidence_advancement_v1
e1e48a08d7d64bc7,8c477d2723b3f1b2,results/evidence_advancement/artifacts/materialized_replay_pairs/8c477d2723b3f1b2.source.blif,virtual_binary_cut,"xor(x1,r0)","[""x1"", ""r0""]","[""r0"", ""x1""]",2,9fd48a0d0d9d8a1b,89e85f36ec391ace,b5d1f15c17250b42,same,npn_b5d1f15c17250b42,6,source_graph_or_pi_replayable,evidence_advancement_v1
7b81f0df5d97f6e0,8c477d2723b3f1b2,results/evidence_advancement/artifacts/materialized_replay_pairs/8c477d2723b3f1b2.source.blif,virtual_binary_cut,"and(x1,not(r0))","[""x1"", ""r0""]","[""r0"", ""x1""]",2,1cd47cea02efadc5,b3dbc758ed4cf7c1,2c24932e8e4ebc2f,same,npn_94de9e90e231b35b,6,source_graph_or_pi_replayable,evidence_advancement_v1
a80c8b31a7fe2052,8c477d2723b3f1b2,results/evidence_advancement/artifacts/materialized_replay_pairs/8c477d2723b3f1b2.source.blif,virtual_binary_cut,"or(x1,not(r0))","[""x1"", ""r0""]","[""r0"", ""x1""]",2,3dd858e6fc78578a,40a3a71b42727dac,90f21496b5c851e8,inverted,npn_94de9e90e231b35b,6,source_graph_or_pi_replayable,evidence_advancement_v1
bb650066057a60bb,8c477d2723b3f1b2,results/evidence_advancement/artifacts/materialized_replay_pairs/8c477d2723b3f1b2.source.blif,virtual_binary_cut,"xor(x1,m0)","[""x1"", ""m0""]","[""r0"", ""x0"", ""x1""]",3,df18d62faaa74b27,b6cfcfc147cbac64,881bc460ec339572,same,npn_f919733d549a9e33,6,source_graph_or_pi_replayable,evidence_advancement_v1
3973b185a324a9a7,8c477d2723b3f1b2,results/evidence_advancement/artifacts/materialized_replay_pairs/8c477d2723b3f1b2.source.blif,virtual_binary_cut,"and(x1,y0)","[""x1"", ""y0""]","[""r0"", ""x0"", ""x1""]",3,f349b8103440f38f,281fdcdaa6ddf1e3,ef73cac577bcd031,same,npn_c367d71c2eac76ee,6,source_graph_or_pi_replayable,evidence_advancement_v1
e569b27ac5f3003f,8c477d2723b3f1b2,results/evidence_advancement/artifacts/materialized_replay_pairs/8c477d2723b3f1b2.source.blif,virtual_binary_cut,"or(x1,y0)","[""x1"", ""y0""]","[""r0"", ""x0"", ""x1""]",3,786379bfa9523fe4,978691fe37bbf018,b9cbd9a487f80552,same,npn_c367d71c2eac76ee,6,source_graph_or_pi_replayable,evidence_advancement_v1
4f87df6d70ed47f5,8c477d2723b3f1b2,results/evidence_advancement/artifacts/materialized_replay_pairs/8c477d2723b3f1b2.source.blif,virtual_binary_cut,"xor(x1,y0)","[""x1"", ""y0""]","[""r0"", ""x0"", ""x1""]",3,d7a46d3b3e9464c2,26f3581e5bafe7c7,8d1560b225f7c697,same,npn_9fd48a0d0d9d8a1b,6,source_graph_or_pi_replayable,evidence_advancement_v1
cd2af864e5701b92,8c477d2723b3f1b2,results/evidence_advancement/artifacts/materialized_replay_pairs/8c477d2723b3f1b2.source.blif,virtual_binary_cut,"and(x1,not(y0))","[""x1"", ""y0""]","[""r0"", ""x0"", ""x1""]",3,e502e9191e6ed303,9ba33c777b6dd915,c367d71c2eac76ee,same,npn_c367d71c2eac76ee,6,source_graph_or_pi_replayable,evidence_advancement_v1
38e3319485d9cd4d,8c477d2723b3f1b2,results/evidence_advancement/artifacts/materialized_replay_pairs/8c477d2723b3f1b2.source.blif,virtual_binary_cut,"or(x1,not(y0))","[""x1"", ""y0""]","[""r0"", ""x0"", ""x1""]",3,4630f7310d6febc0,13b2d0b1cc3afd67,7f94ec8202b0598d,inverted,npn_c367d71c2eac76ee,6,source_graph_or_pi_replayable,evidence_advancement_v1
b714f7a463cd4507,8c477d2723b3f1b2,results/evidence_advancement/artifacts/materialized_replay_pairs/8c477d2723b3f1b2.source.blif,virtual_binary_cut,"xor(x1,pcva_3b0856d92d1c637f)","[""x1"", ""pcva_3b0856d92d1c637f""]","[""x0"", ""x1""]",2,df18d62faaa74b27,b6cfcfc147cbac64,f14e1817ec32b1b5,same,npn_6471b342ae3c3106,6,source_graph_or_pi_replayable,evidence_advancement_v1
c8741bc926de5d00,8c477d2723b3f1b2,results/evidence_advancement/artifacts/materialized_replay_pairs/8c477d2723b3f1b2.source.blif,virtual_binary_cut,"and(r0,m0)","[""r0"", ""m0""]","[""r0"", ""x0"", ""x1""]",3,c367d71c2eac76ee,cad912d562146843,9875d06f074d4934,same,npn_c367d71c2eac76ee,6,source_graph_or_pi_replayable,evidence_advancement_v1
8b85b6d1d509f1df,8c477d2723b3f1b2,results/evidence_advancement/artifacts/materialized_replay_pairs/8c477d2723b3f1b2.source.blif,virtual_binary_cut,"or(r0,m0)","[""r0"", ""m0""]","[""r0"", ""x0"", ""x1""]",3,b9cbd9a487f80552,d8f1a1158f9df939,45ee4c05f4aac508,same,npn_c367d71c2eac76ee,6,source_graph_or_pi_replayable,evidence_advancement_v1
edd4522fbacc5343,8c477d2723b3f1b2,results/evidence_advancement/artifacts/materialized_replay_pairs/8c477d2723b3f1b2.source.blif,virtual_binary_cut,"xor(r0,m0)","[""r0"", ""m0""]","[""r0"", ""x0"", ""x1""]",3,c2a6fb6a86cca609,275241aeb7262117,c2a6fb6a86cca609,same,npn_c2a6fb6a86cca609,6,source_graph_or_pi_replayable,evidence_advancement_v1
6768a5a1e8c28d73,8c477d2723b3f1b2,results/evidence_advancement/artifacts/materialized_replay_pairs/8c477d2723b3f1b2.source.blif,virtual_binary_cut,"and(r0,not(m0))","[""r0"", ""m0""]","[""r0"", ""x0"", ""x1""]",3,ef73cac577bcd031,1cddf125e7c6c591,cafeff6df6d83c72,same,npn_c367d71c2eac76ee,6,source_graph_or_pi_replayable,evidence_advancement_v1
77e29271cd19f0b8,8c477d2723b3f1b2,results/evidence_advancement/artifacts/materialized_replay_pairs/8c477d2723b3f1b2.source.blif,virtual_binary_cut,"or(r0,not(m0))","[""r0"", ""m0""]","[""r0"", ""x0"", ""x1""]",3,df9216350cc7abbf,7f94ec8202b0598d,fec5a0854918cc1b,inverted,npn_c367d71c2eac76ee,6,source_graph_or_pi_replayable,evidence_advancement_v1
ab2a1ac4331c6bba,8c477d2723b3f1b2,results/evidence_advancement/artifacts/materialized_replay_pairs/8c477d2723b3f1b2.source.blif,virtual_binary_cut,"xor(r0,y0)","[""r0"", ""y0""]","[""r0"", ""x0"", ""x1""]",3,8d1560b225f7c697,d31cf6dbef25069a,9fd48a0d0d9d8a1b,same,npn_9fd48a0d0d9d8a1b,6,source_graph_or_pi_replayable,evidence_advancement_v1
f8e6232da5954e50,8c477d2723b3f1b2,results/evidence_advancement/artifacts/materialized_replay_pairs/8c477d2723b3f1b2.source.blif,virtual_binary_cut,"xor(m0,y0)","[""m0"", ""y0""]","[""r0"", ""x0"", ""x1""]",3,f919733d549a9e33,71feeed0446218e8,df18d62faaa74b27,same,npn_f919733d549a9e33,6,source_graph_or_pi_replayable,evidence_advancement_v1
c57f06cd95028938,8c477d2723b3f1b2,results/evidence_advancement/artifacts/materialized_replay_pairs/8c477d2723b3f1b2.source.blif,virtual_binary_cut,"xor(m0,pcva_3b0856d92d1c637f)","[""m0"", ""pcva_3b0856d92d1c637f""]","[""r0"", ""x0"", ""x1""]",3,c14bc7d02c76f1ae,fc67e5cbb4b98b43,c14bc7d02c76f1ae,same,npn_c14bc7d02c76f1ae,6,source_graph_or_pi_replayable,evidence_advancement_v1
90d4272340fd364d,9a98fa2b8a02de0e,results/evidence_advancement/artifacts/materialized_replay_pairs/9a98fa2b8a02de0e.source.blif,pi_literal,x0,"[""x0""]","[""x0""]",1,df18d62faaa74b27,b6cfcfc147cbac64,923682bea6d517dc,same,npn_923682bea6d517dc,6,source_graph_or_pi_replayable,evidence_advancement_v1
8d8c27c3e27320b3,9a98fa2b8a02de0e,results/evidence_advancement/artifacts/materialized_replay_pairs/9a98fa2b8a02de0e.source.blif,pi_literal,x1,"[""x1""]","[""x1""]",1,881bc460ec339572,7836cdae43787598,923682bea6d517dc,same,npn_923682bea6d517dc,6,source_graph_or_pi_replayable,evidence_advancement_v1
eb63c6a924ad3ecd,9a98fa2b8a02de0e,results/evidence_advancement/artifacts/materialized_replay_pairs/9a98fa2b8a02de0e.source.blif,pi_literal,r0,"[""r0""]","[""r0""]",1,f919733d549a9e33,71feeed0446218e8,923682bea6d517dc,same,npn_923682bea6d517dc,6,source_graph_or_pi_replayable,evidence_advancement_v1
e7f649b91ec89559,9a98fa2b8a02de0e,results/evidence_advancement/artifacts/materialized_replay_pairs/9a98fa2b8a02de0e.source.blif,source_node,m0,"[""m0""]","[""r0"", ""x0"", ""x1""]",3,eba8a44748a5f09c,7717b29c04225dc0,369b91d179abba64,same,npn_369b91d179abba64,6,source_graph_or_pi_replayable,evidence_advancement_v1
647c7ed14ed3ee7f,9a98fa2b8a02de0e,results/evidence_advancement/artifacts/materialized_replay_pairs/9a98fa2b8a02de0e.source.blif,source_node,y0,"[""y0""]","[""r0"", ""x0"", ""x1""]",3,2e96a02abe3f2e05,a8f244d01461e4e3,60196d9c90521e9d,same,npn_2e96a02abe3f2e05,6,source_graph_or_pi_replayable,evidence_advancement_v1
ecb2063f78dce3ad,9a98fa2b8a02de0e,results/evidence_advancement/artifacts/materialized_replay_pairs/9a98fa2b8a02de0e.source.blif,source_node,pcva_f746c0dba7f858f4,"[""pcva_f746c0dba7f858f4""]","[""x0"", ""x1""]",2,eba8a44748a5f09c,7717b29c04225dc0,94de9e90e231b35b,same,npn_94de9e90e231b35b,6,source_graph_or_pi_replayable,evidence_advancement_v1
72e20406be9c5960,9a98fa2b8a02de0e,results/evidence_advancement/artifacts/materialized_replay_pairs/9a98fa2b8a02de0e.source.blif,virtual_binary_cut,"and(x0,x1)","[""x0"", ""x1""]","[""x0"", ""x1""]",2,eba8a44748a5f09c,7717b29c04225dc0,94de9e90e231b35b,same,npn_94de9e90e231b35b,6,source_graph_or_pi_replayable,evidence_advancement_v1
82b74ef4826a02ab,9a98fa2b8a02de0e,results/evidence_advancement/artifacts/materialized_replay_pairs/9a98fa2b8a02de0e.source.blif,virtual_binary_cut,"or(x0,x1)","[""x0"", ""x1""]","[""x0"", ""x1""]",2,42a59debdb0bcad2,9f0c982b4c047d25,c580333a48d30dad,same,npn_94de9e90e231b35b,6,source_graph_or_pi_replayable,evidence_advancement_v1
5f846e9c9c998c95,9a98fa2b8a02de0e,results/evidence_advancement/artifacts/materialized_replay_pairs/9a98fa2b8a02de0e.source.blif,virtual_binary_cut,"xor(x0,x1)","[""x0"", ""x1""]","[""x0"", ""x1""]",2,8d1560b225f7c697,d31cf6dbef25069a,b5d1f15c17250b42,same,npn_b5d1f15c17250b42,6,source_graph_or_pi_replayable,evidence_advancement_v1
fdc15201f172f922,9a98fa2b8a02de0e,results/evidence_advancement/artifacts/materialized_replay_pairs/9a98fa2b8a02de0e.source.blif,virtual_binary_cut,"and(x0,not(x1))","[""x0"", ""x1""]","[""x0"", ""x1""]",2,64b0009f6392972f,4618e905c40e8769,90f21496b5c851e8,same,npn_94de9e90e231b35b,6,source_graph_or_pi_replayable,evidence_advancement_v1
e7c0c502b71ca188,9a98fa2b8a02de0e,results/evidence_advancement/artifacts/materialized_replay_pairs/9a98fa2b8a02de0e.source.blif,virtual_binary_cut,"or(x0,not(x1))","[""x0"", ""x1""]","[""x0"", ""x1""]",2,8560d332f7318334,8f0bc04977f88197,2c24932e8e4ebc2f,inverted,npn_94de9e90e231b35b,6,source_graph_or_pi_replayable,evidence_advancement_v1
af4fd28bf11b6c45,9a98fa2b8a02de0e,results/evidence_advancement/artifacts/materialized_replay_pairs/9a98fa2b8a02de0e.source.blif,virtual_binary_cut,"and(x0,r0)","[""x0"", ""r0""]","[""r0"", ""x0""]",2,1228de099013e868,33fc91d1cc2c3255,94de9e90e231b35b,same,npn_94de9e90e231b35b,6,source_graph_or_pi_replayable,evidence_advancement_v1
5ccf10f7264cc703,9a98fa2b8a02de0e,results/evidence_advancement/artifacts/materialized_replay_pairs/9a98fa2b8a02de0e.source.blif,virtual_binary_cut,"or(x0,r0)","[""x0"", ""r0""]","[""r0"", ""x0""]",2,1d207ade69b2a3eb,df856b66777ea758,c580333a48d30dad,same,npn_94de9e90e231b35b,6,source_graph_or_pi_replayable,evidence_advancement_v1
a9d85b2b1e68ebbe,9a98fa2b8a02de0e,results/evidence_advancement/artifacts/materialized_replay_pairs/9a98fa2b8a02de0e.source.blif,virtual_binary_cut,"xor(x0,r0)","[""x0"", ""r0""]","[""r0"", ""x0""]",2,d7a46d3b3e9464c2,26f3581e5bafe7c7,b5d1f15c17250b42,same,npn_b5d1f15c17250b42,6,source_graph_or_pi_replayable,evidence_advancement_v1
4ab0abc24ab96b58,9a98fa2b8a02de0e,results/evidence_advancement/artifacts/materialized_replay_pairs/9a98fa2b8a02de0e.source.blif,virtual_binary_cut,"and(x0,not(r0))","[""x0"", ""r0""]","[""r0"", ""x0""]",2,85473471e2f83e46,7767985351eded02,2c24932e8e4ebc2f,same,npn_94de9e90e231b35b,6,source_graph_or_pi_replayable,evidence_advancement_v1
c4ddc3200ce8a5cf,9a98fa2b8a02de0e,results/evidence_advancement/artifacts/materialized_replay_pairs/9a98fa2b8a02de0e.source.blif,virtual_binary_cut,"or(x0,not(r0))","[""x0"", ""r0""]","[""r0"", ""x0""]",2,8251c47787737cc6,61ef94dfe370555e,90f21496b5c851e8,inverted,npn_94de9e90e231b35b,6,source_graph_or_pi_replayable,evidence_advancement_v1
ba893bb700cc5d40,9a98fa2b8a02de0e,results/evidence_advancement/artifacts/materialized_replay_pairs/9a98fa2b8a02de0e.source.blif,virtual_binary_cut,"and(x0,m0)","[""x0"", ""m0""]","[""r0"", ""x0"", ""x1""]",3,eba8a44748a5f09c,7717b29c04225dc0,369b91d179abba64,same,npn_369b91d179abba64,6,source_graph_or_pi_replayable,evidence_advancement_v1
b4ff6033d315c8c7,9a98fa2b8a02de0e,results/evidence_advancement/artifacts/materialized_replay_pairs/9a98fa2b8a02de0e.source.blif,virtual_binary_cut,"or(x0,m0)","[""x0"", ""m0""]","[""r0"", ""x0"", ""x1""]",3,df18d62faaa74b27,b6cfcfc147cbac64,881bc460ec339572,same,npn_f919733d549a9e33,6,source_graph_or_pi_replayable,evidence_advancement_v1
d4119dd5a8f59d09,9a98fa2b8a02de0e,results/evidence_advancement/artifacts/materialized_replay_pairs/9a98fa2b8a02de0e.source.blif,virtual_binary_cut,"xor(x0,m0)","[""x0"", ""m0""]","[""r0"", ""x0"", ""x1""]",3,64b0009f6392972f,4618e905c40e8769,1cd47cea02efadc5,same,npn_369b91d179abba64,6,source_graph_or_pi_replayable,evidence_advancement_v1
6f46ae234f2c8bee,9a98fa2b8a02de0e,results/evidence_advancement/artifacts/materialized_replay_pairs/9a98fa2b8a02de0e.source.blif,virtual_binary_cut,"or(x0,not(m0))","[""x0"", ""m0""]","[""r0"", ""x0"", ""x1""]",3,fc67e5cbb4b98b43,c14bc7d02c76f1ae,c14bc7d02c76f1ae,inverted,npn_c14bc7d02c76f1ae,6,source_graph_or_pi_replayable,evidence_advancement_v1
89b5d3f6cd2630e7,9a98fa2b8a02de0e,results/evidence_advancement/artifacts/materialized_replay_pairs/9a98fa2b8a02de0e.source.blif,virtual_binary_cut,"and(x0,y0)","[""x0"", ""y0""]","[""r0"", ""x0"", ""x1""]",3,9875d06f074d4934,709b7cd024183d71,e502e9191e6ed303,same,npn_c367d71c2eac76ee,6,source_graph_or_pi_replayable,evidence_advancement_v1
c4faa79bff56d8e7,9a98fa2b8a02de0e,results/evidence_advancement/artifacts/materialized_replay_pairs/9a98fa2b8a02de0e.source.blif,virtual_binary_cut,"or(x0,y0)","[""x0"", ""y0""]","[""r0"", ""x0"", ""x1""]",3,1d207ade69b2a3eb,df856b66777ea758,42a59debdb0bcad2,same,npn_369b91d179abba64,6,source_graph_or_pi_replayable,evidence_advancement_v1
0b597f3b215f8e58,9a98fa2b8a02de0e,results/evidence_advancement/artifacts/materialized_replay_pairs/9a98fa2b8a02de0e.source.blif,virtual_binary_cut,"xor(x0,y0)","[""x0"", ""y0""]","[""r0"", ""x0"", ""x1""]",3,194fa8893fa382cf,16e8cc99320bb4ce,62ad13d001efd14a,same,npn_2e96a02abe3f2e05,6,source_graph_or_pi_replayable,evidence_advancement_v1
4ce58e220b1b19ea,9a98fa2b8a02de0e,results/evidence_advancement/artifacts/materialized_replay_pairs/9a98fa2b8a02de0e.source.blif,virtual_binary_cut,"and(x0,not(y0))","[""x0"", ""y0""]","[""r0"", ""x0"", ""x1""]",3,cafeff6df6d83c72,40434ab81bb65403,f349b8103440f38f,same,npn_c367d71c2eac76ee,6,source_graph_or_pi_replayable,evidence_advancement_v1
69f1faddb8c63dc1,9a98fa2b8a02de0e,results/evidence_advancement/artifacts/materialized_replay_pairs/9a98fa2b8a02de0e.source.blif,virtual_binary_cut,"or(x0,not(y0))","[""x0"", ""y0""]","[""r0"", ""x0"", ""x1""]",3,8251c47787737cc6,61ef94dfe370555e,64b0009f6392972f,inverted,npn_369b91d179abba64,6,source_graph_or_pi_replayable,evidence_advancement_v1
a5e672638a80d67c,9a98fa2b8a02de0e,results/evidence_advancement/artifacts/materialized_replay_pairs/9a98fa2b8a02de0e.source.blif,virtual_binary_cut,"or(x0,pcva_f746c0dba7f858f4)","[""x0"", ""pcva_f746c0dba7f858f4""]","[""x0"", ""x1""]",2,df18d62faaa74b27,b6cfcfc147cbac64,f14e1817ec32b1b5,same,npn_6471b342ae3c3106,6,source_graph_or_pi_replayable,evidence_advancement_v1
2f38795f8abbcc2a,9a98fa2b8a02de0e,results/evidence_advancement/artifacts/materialized_replay_pairs/9a98fa2b8a02de0e.source.blif,virtual_binary_cut,"or(x0,not(pcva_f746c0dba7f858f4))","[""x0"", ""pcva_f746c0dba7f858f4""]","[""x0"", ""x1""]",2,fc67e5cbb4b98b43,c14bc7d02c76f1ae,a90d007c2fc57df6,inverted,npn_a90d007c2fc57df6,6,source_graph_or_pi_replayable,evidence_advancement_v1
988051d5bd5453ed,9a98fa2b8a02de0e,results/evidence_advancement/artifacts/materialized_replay_pairs/9a98fa2b8a02de0e.source.blif,virtual_binary_cut,"and(x1,r0)","[""x1"", ""r0""]","[""r0"", ""x1""]",2,369b91d179abba64,81db286b120ccd3b,94de9e90e231b35b,same,npn_94de9e90e231b35b,6,source_graph_or_pi_replayable,evidence_advancement_v1
6ceb58c52fc5b627,9a98fa2b8a02de0e,results/evidence_advancement/artifacts/materialized_replay_pairs/9a98fa2b8a02de0e.source.blif,virtual_binary_cut,"or(x1,r0)","[""x1"", ""r0""]","[""r0"", ""x1""]",2,6998c2b0380ed5fd,df970782afed63be,c580333a48d30dad,same,npn_94de9e90e231b35b,6,source_graph_or_pi_replayable,evidence_advancement_v1
7d701d415eda27a0,9a98fa2b8a02de0e,results/evidence_advancement/artifacts/materialized_replay_pairs/9a98fa2b8a02de0e.source.blif,virtual_binary_cut,"xor(x1,r0)","[""x1"", ""r0""]","[""r0"", ""x1""]",2,9fd48a0d0d9d8a1b,89e85f36ec391ace,b5d1f15c17250b42,same,npn_b5d1f15c17250b42,6,source_graph_or_pi_replayable,evidence_advancement_v1
a3214660586f358d,9a98fa2b8a02de0e,results/evidence_advancement/artifacts/materialized_replay_pairs/9a98fa2b8a02de0e.source.blif,virtual_binary_cut,"and(x1,not(r0))","[""x1"", ""r0""]","[""r0"", ""x1""]",2,1cd47cea02efadc5,b3dbc758ed4cf7c1,2c24932e8e4ebc2f,same,npn_94de9e90e231b35b,6,source_graph_or_pi_replayable,evidence_advancement_v1
a0f14b5f400f17f2,9a98fa2b8a02de0e,results/evidence_advancement/artifacts/materialized_replay_pairs/9a98fa2b8a02de0e.source.blif,virtual_binary_cut,"or(x1,not(r0))","[""x1"", ""r0""]","[""r0"", ""x1""]",2,3dd858e6fc78578a,40a3a71b42727dac,90f21496b5c851e8,inverted,npn_94de9e90e231b35b,6,source_graph_or_pi_replayable,evidence_advancement_v1
18a4f2a96bcbd13b,9a98fa2b8a02de0e,results/evidence_advancement/artifacts/materialized_replay_pairs/9a98fa2b8a02de0e.source.blif,virtual_binary_cut,"or(x1,m0)","[""x1"", ""m0""]","[""r0"", ""x0"", ""x1""]",3,881bc460ec339572,7836cdae43787598,f919733d549a9e33,same,npn_f919733d549a9e33,6,source_graph_or_pi_replayable,evidence_advancement_v1
d76eeab35c65d7ef,9a98fa2b8a02de0e,results/evidence_advancement/artifacts/materialized_replay_pairs/9a98fa2b8a02de0e.source.blif,virtual_binary_cut,"xor(x1,m0)","[""x1"", ""m0""]","[""r0"", ""x0"", ""x1""]",3,8f0bc04977f88197,8560d332f7318334,40a3a71b42727dac,same,npn_369b91d179abba64,6,source_graph_or_pi_replayable,evidence_advancement_v1
8c177d40aa09d9cd,9a98fa2b8a02de0e,results/evidence_advancement/artifacts/materialized_replay_pairs/9a98fa2b8a02de0e.source.blif,virtual_binary_cut,"and(x1,y0)","[""x1"", ""y0""]","[""r0"", ""x0"", ""x1""]",3,e502e9191e6ed303,9ba33c777b6dd915,c367d71c2eac76ee,same,npn_c367d71c2eac76ee,6,source_graph_or_pi_replayable,evidence_advancement_v1
f5c4b04065e67465,9a98fa2b8a02de0e,results/evidence_advancement/artifacts/materialized_replay_pairs/9a98fa2b8a02de0e.source.blif,virtual_binary_cut,"or(x1,y0)","[""x1"", ""y0""]","[""r0"", ""x0"", ""x1""]",3,6998c2b0380ed5fd,df970782afed63be,1d207ade69b2a3eb,same,npn_369b91d179abba64,6,source_graph_or_pi_replayable,evidence_advancement_v1
3f1cf63cc29040e0,9a98fa2b8a02de0e,results/evidence_advancement/artifacts/materialized_replay_pairs/9a98fa2b8a02de0e.source.blif,virtual_binary_cut,"xor(x1,y0)","[""x1"", ""y0""]","[""r0"", ""x0"", ""x1""]",3,8192b9512335fe5c,07afcd83da45eba0,6a87a8ec53e5d016,same,npn_2e96a02abe3f2e05,6,source_graph_or_pi_replayable,evidence_advancement_v1
ef4f1feeb1e82bba,9a98fa2b8a02de0e,results/evidence_advancement/artifacts/materialized_replay_pairs/9a98fa2b8a02de0e.source.blif,virtual_binary_cut,"and(x1,not(y0))","[""x1"", ""y0""]","[""r0"", ""x0"", ""x1""]",3,f349b8103440f38f,281fdcdaa6ddf1e3,ef73cac577bcd031,same,npn_c367d71c2eac76ee,6,source_graph_or_pi_replayable,evidence_advancement_v1
715355d606a1e90b,9a98fa2b8a02de0e,results/evidence_advancement/artifacts/materialized_replay_pairs/9a98fa2b8a02de0e.source.blif,virtual_binary_cut,"or(x1,not(y0))","[""x1"", ""y0""]","[""r0"", ""x0"", ""x1""]",3,3dd858e6fc78578a,40a3a71b42727dac,85473471e2f83e46,inverted,npn_369b91d179abba64,6,source_graph_or_pi_replayable,evidence_advancement_v1
9776a9d95cbbd641,9a98fa2b8a02de0e,results/evidence_advancement/artifacts/materialized_replay_pairs/9a98fa2b8a02de0e.source.blif,virtual_binary_cut,"or(x1,pcva_f746c0dba7f858f4)","[""x1"", ""pcva_f746c0dba7f858f4""]","[""x0"", ""x1""]",2,881bc460ec339572,7836cdae43787598,6471b342ae3c3106,same,npn_6471b342ae3c3106,6,source_graph_or_pi_replayable,evidence_advancement_v1
9fbd7170204a560b,9a98fa2b8a02de0e,results/evidence_advancement/artifacts/materialized_replay_pairs/9a98fa2b8a02de0e.source.blif,virtual_binary_cut,"and(r0,m0)","[""r0"", ""m0""]","[""r0"", ""x0"", ""x1""]",3,24165068bb0dbfca,7706d5f66a567332,24165068bb0dbfca,same,npn_24165068bb0dbfca,6,source_graph_or_pi_replayable,evidence_advancement_v1
a10e92a7c7c869d0,9a98fa2b8a02de0e,results/evidence_advancement/artifacts/materialized_replay_pairs/9a98fa2b8a02de0e.source.blif,virtual_binary_cut,"or(r0,m0)","[""r0"", ""m0""]","[""r0"", ""x0"", ""x1""]",3,2b785f5c6a14009e,d4f1067dfed9dc13,2d3d88fc9460d408,same,npn_358a268fde92333a,6,source_graph_or_pi_replayable,evidence_advancement_v1
723db7bbf6258a0a,9a98fa2b8a02de0e,results/evidence_advancement/artifacts/materialized_replay_pairs/9a98fa2b8a02de0e.source.blif,virtual_binary_cut,"xor(r0,m0)","[""r0"", ""m0""]","[""r0"", ""x0"", ""x1""]",3,2e96a02abe3f2e05,a8f244d01461e4e3,60196d9c90521e9d,same,npn_2e96a02abe3f2e05,6,source_graph_or_pi_replayable,evidence_advancement_v1
4436d6c357c2a75f,9a98fa2b8a02de0e,results/evidence_advancement/artifacts/materialized_replay_pairs/9a98fa2b8a02de0e.source.blif,virtual_binary_cut,"and(r0,not(m0))","[""r0"", ""m0""]","[""r0"", ""x0"", ""x1""]",3,ea466967d1b9574d,b5fe5c54be4d1ca1,86541bc0ebd49ad1,same,npn_358a268fde92333a,6,source_graph_or_pi_replayable,evidence_advancement_v1
5215597cb5b997ad,9a98fa2b8a02de0e,results/evidence_advancement/artifacts/materialized_replay_pairs/9a98fa2b8a02de0e.source.blif,virtual_binary_cut,"or(r0,not(m0))","[""r0"", ""m0""]","[""r0"", ""x0"", ""x1""]",3,e8998d9ce7a853e5,18025d3f5a1dde11,9ebc1ab9a061b3d1,inverted,npn_24165068bb0dbfca,6,source_graph_or_pi_replayable,evidence_advancement_v1
958cccb158d8861f,9a98fa2b8a02de0e,results/evidence_advancement/artifacts/materialized_replay_pairs/9a98fa2b8a02de0e.source.blif,virtual_binary_cut,"xor(m0,y0)","[""m0"", ""y0""]","[""r0"", ""x0"", ""x1""]",3,f919733d549a9e33,71feeed0446218e8,df18d62faaa74b27,same,npn_f919733d549a9e33,6,source_graph_or_pi_replayable,evidence_advancement_v1
e60c7f9ed34ac275,a0585e1a667dcb44,results/evidence_advancement/artifacts/materialized_replay_pairs/a0585e1a667dcb44.source.blif,pi_literal,x0,"[""x0""]","[""x0""]",1,df18d62faaa74b27,b6cfcfc147cbac64,923682bea6d517dc,same,npn_923682bea6d517dc,6,source_graph_or_pi_replayable,evidence_advancement_v1
acfcec0a52f04348,a0585e1a667dcb44,results/evidence_advancement/artifacts/materialized_replay_pairs/a0585e1a667dcb44.source.blif,pi_literal,x1,"[""x1""]","[""x1""]",1,881bc460ec339572,7836cdae43787598,923682bea6d517dc,same,npn_923682bea6d517dc,6,source_graph_or_pi_replayable,evidence_advancement_v1
92328574f1bb81a2,a0585e1a667dcb44,results/evidence_advancement/artifacts/materialized_replay_pairs/a0585e1a667dcb44.source.blif,pi_literal,r0,"[""r0""]","[""r0""]",1,f919733d549a9e33,71feeed0446218e8,923682bea6d517dc,same,npn_923682bea6d517dc,6,source_graph_or_pi_replayable,evidence_advancement_v1
c583307a647d69f5,a0585e1a667dcb44,results/evidence_advancement/artifacts/materialized_replay_pairs/a0585e1a667dcb44.source.blif,source_node,m0,"[""m0""]","[""r0"", ""x0"", ""x1""]",3,eba8a44748a5f09c,7717b29c04225dc0,369b91d179abba64,same,npn_369b91d179abba64,6,source_graph_or_pi_replayable,evidence_advancement_v1
3ac84414d5a9c4a1,a0585e1a667dcb44,results/evidence_advancement/artifacts/materialized_replay_pairs/a0585e1a667dcb44.source.blif,source_node,y0,"[""y0""]","[""r0"", ""x0"", ""x1""]",3,2e96a02abe3f2e05,a8f244d01461e4e3,60196d9c90521e9d,same,npn_2e96a02abe3f2e05,6,source_graph_or_pi_replayable,evidence_advancement_v1
41783ab5db5a4588,a0585e1a667dcb44,results/evidence_advancement/artifacts/materialized_replay_pairs/a0585e1a667dcb44.source.blif,source_node,pcva_6d9f45f91fa81ec2,"[""pcva_6d9f45f91fa81ec2""]","[""x0"", ""x1""]",2,eba8a44748a5f09c,7717b29c04225dc0,94de9e90e231b35b,same,npn_94de9e90e231b35b,6,source_graph_or_pi_replayable,evidence_advancement_v1
5f874f606ef0cc4d,a0585e1a667dcb44,results/evidence_advancement/artifacts/materialized_replay_pairs/a0585e1a667dcb44.source.blif,virtual_binary_cut,"and(x0,x1)","[""x0"", ""x1""]","[""x0"", ""x1""]",2,eba8a44748a5f09c,7717b29c04225dc0,94de9e90e231b35b,same,npn_94de9e90e231b35b,6,source_graph_or_pi_replayable,evidence_advancement_v1
2b00cedaa742f1df,a0585e1a667dcb44,results/evidence_advancement/artifacts/materialized_replay_pairs/a0585e1a667dcb44.source.blif,virtual_binary_cut,"or(x0,x1)","[""x0"", ""x1""]","[""x0"", ""x1""]",2,42a59debdb0bcad2,9f0c982b4c047d25,c580333a48d30dad,same,npn_94de9e90e231b35b,6,source_graph_or_pi_replayable,evidence_advancement_v1
cd6e25690b294374,a0585e1a667dcb44,results/evidence_advancement/artifacts/materialized_replay_pairs/a0585e1a667dcb44.source.blif,virtual_binary_cut,"xor(x0,x1)","[""x0"", ""x1""]","[""x0"", ""x1""]",2,8d1560b225f7c697,d31cf6dbef25069a,b5d1f15c17250b42,same,npn_b5d1f15c17250b42,6,source_graph_or_pi_replayable,evidence_advancement_v1
66313c44e82c1988,a0585e1a667dcb44,results/evidence_advancement/artifacts/materialized_replay_pairs/a0585e1a667dcb44.source.blif,virtual_binary_cut,"and(x0,not(x1))","[""x0"", ""x1""]","[""x0"", ""x1""]",2,64b0009f6392972f,4618e905c40e8769,90f21496b5c851e8,same,npn_94de9e90e231b35b,6,source_graph_or_pi_replayable,evidence_advancement_v1
80cd15725a877bdd,a0585e1a667dcb44,results/evidence_advancement/artifacts/materialized_replay_pairs/a0585e1a667dcb44.source.blif,virtual_binary_cut,"or(x0,not(x1))","[""x0"", ""x1""]","[""x0"", ""x1""]",2,8560d332f7318334,8f0bc04977f88197,2c24932e8e4ebc2f,inverted,npn_94de9e90e231b35b,6,source_graph_or_pi_replayable,evidence_advancement_v1
43af3878fd2312b6,a0585e1a667dcb44,results/evidence_advancement/artifacts/materialized_replay_pairs/a0585e1a667dcb44.source.blif,virtual_binary_cut,"and(x0,r0)","[""x0"", ""r0""]","[""r0"", ""x0""]",2,1228de099013e868,33fc91d1cc2c3255,94de9e90e231b35b,same,npn_94de9e90e231b35b,6,source_graph_or_pi_replayable,evidence_advancement_v1
23b8cd902b92be42,a0585e1a667dcb44,results/evidence_advancement/artifacts/materialized_replay_pairs/a0585e1a667dcb44.source.blif,virtual_binary_cut,"or(x0,r0)","[""x0"", ""r0""]","[""r0"", ""x0""]",2,1d207ade69b2a3eb,df856b66777ea758,c580333a48d30dad,same,npn_94de9e90e231b35b,6,source_graph_or_pi_replayable,evidence_advancement_v1
62cfc19fd5e73f41,a0585e1a667dcb44,results/evidence_advancement/artifacts/materialized_replay_pairs/a0585e1a667dcb44.source.blif,virtual_binary_cut,"xor(x0,r0)","[""x0"", ""r0""]","[""r0"", ""x0""]",2,d7a46d3b3e9464c2,26f3581e5bafe7c7,b5d1f15c17250b42,same,npn_b5d1f15c17250b42,6,source_graph_or_pi_replayable,evidence_advancement_v1
544a8cb24eb03442,a0585e1a667dcb44,results/evidence_advancement/artifacts/materialized_replay_pairs/a0585e1a667dcb44.source.blif,virtual_binary_cut,"and(x0,not(r0))","[""x0"", ""r0""]","[""r0"", ""x0""]",2,85473471e2f83e46,7767985351eded02,2c24932e8e4ebc2f,same,npn_94de9e90e231b35b,6,source_graph_or_pi_replayable,evidence_advancement_v1
b490e8427edbf8e4,a0585e1a667dcb44,results/evidence_advancement/artifacts/materialized_replay_pairs/a0585e1a667dcb44.source.blif,virtual_binary_cut,"or(x0,not(r0))","[""x0"", ""r0""]","[""r0"", ""x0""]",2,8251c47787737cc6,61ef94dfe370555e,90f21496b5c851e8,inverted,npn_94de9e90e231b35b,6,source_graph_or_pi_replayable,evidence_advancement_v1
eb92aa8fc7667ea9,a0585e1a667dcb44,results/evidence_advancement/artifacts/materialized_replay_pairs/a0585e1a667dcb44.source.blif,virtual_binary_cut,"and(x0,m0)","[""x0"", ""m0""]","[""r0"", ""x0"", ""x1""]",3,eba8a44748a5f09c,7717b29c04225dc0,369b91d179abba64,same,npn_369b91d179abba64,6,source_graph_or_pi_replayable,evidence_advancement_v1
eb8b36f25ab558a2,a0585e1a667dcb44,results/evidence_advancement/artifacts/materialized_replay_pairs/a0585e1a667dcb44.source.blif,virtual_binary_cut,"or(x0,m0)","[""x0"", ""m0""]","[""r0"", ""x0"", ""x1""]",3,df18d62faaa74b27,b6cfcfc147cbac64,881bc460ec339572,same,npn_f919733d549a9e33,6,source_graph_or_pi_replayable,evidence_advancement_v1
a3f93f9d1848b594,a0585e1a667dcb44,results/evidence_advancement/artifacts/materialized_replay_pairs/a0585e1a667dcb44.source.blif,virtual_binary_cut,"xor(x0,m0)","[""x0"", ""m0""]","[""r0"", ""x0"", ""x1""]",3,64b0009f6392972f,4618e905c40e8769,1cd47cea02efadc5,same,npn_369b91d179abba64,6,source_graph_or_pi_replayable,evidence_advancement_v1
4cc3bf9e1398a82a,a0585e1a667dcb44,results/evidence_advancement/artifacts/materialized_replay_pairs/a0585e1a667dcb44.source.blif,virtual_binary_cut,"or(x0,not(m0))","[""x0"", ""m0""]","[""r0"", ""x0"", ""x1""]",3,fc67e5cbb4b98b43,c14bc7d02c76f1ae,c14bc7d02c76f1ae,inverted,npn_c14bc7d02c76f1ae,6,source_graph_or_pi_replayable,evidence_advancement_v1
babd4169dcaa941d,a0585e1a667dcb44,results/evidence_advancement/artifacts/materialized_replay_pairs/a0585e1a667dcb44.source.blif,virtual_binary_cut,"and(x0,y0)","[""x0"", ""y0""]","[""r0"", ""x0"", ""x1""]",3,9875d06f074d4934,709b7cd024183d71,e502e9191e6ed303,same,npn_c367d71c2eac76ee,6,source_graph_or_pi_replayable,evidence_advancement_v1
8433f2b7150033ac,a0585e1a667dcb44,results/evidence_advancement/artifacts/materialized_replay_pairs/a0585e1a667dcb44.source.blif,virtual_binary_cut,"or(x0,y0)","[""x0"", ""y0""]","[""r0"", ""x0"", ""x1""]",3,1d207ade69b2a3eb,df856b66777ea758,42a59debdb0bcad2,same,npn_369b91d179abba64,6,source_graph_or_pi_replayable,evidence_advancement_v1
a7073fb6ad4aba15,a0585e1a667dcb44,results/evidence_advancement/artifacts/materialized_replay_pairs/a0585e1a667dcb44.source.blif,virtual_binary_cut,"xor(x0,y0)","[""x0"", ""y0""]","[""r0"", ""x0"", ""x1""]",3,194fa8893fa382cf,16e8cc99320bb4ce,62ad13d001efd14a,same,npn_2e96a02abe3f2e05,6,source_graph_or_pi_replayable,evidence_advancement_v1
37f16aee6d195cfa,a0585e1a667dcb44,results/evidence_advancement/artifacts/materialized_replay_pairs/a0585e1a667dcb44.source.blif,virtual_binary_cut,"and(x0,not(y0))","[""x0"", ""y0""]","[""r0"", ""x0"", ""x1""]",3,cafeff6df6d83c72,40434ab81bb65403,f349b8103440f38f,same,npn_c367d71c2eac76ee,6,source_graph_or_pi_replayable,evidence_advancement_v1
471ba7f8d0c239fd,a0585e1a667dcb44,results/evidence_advancement/artifacts/materialized_replay_pairs/a0585e1a667dcb44.source.blif,virtual_binary_cut,"or(x0,not(y0))","[""x0"", ""y0""]","[""r0"", ""x0"", ""x1""]",3,8251c47787737cc6,61ef94dfe370555e,64b0009f6392972f,inverted,npn_369b91d179abba64,6,source_graph_or_pi_replayable,evidence_advancement_v1
4d86236ca9ce1efb,a0585e1a667dcb44,results/evidence_advancement/artifacts/materialized_replay_pairs/a0585e1a667dcb44.source.blif,virtual_binary_cut,"or(x0,pcva_6d9f45f91fa81ec2)","[""x0"", ""pcva_6d9f45f91fa81ec2""]","[""x0"", ""x1""]",2,df18d62faaa74b27,b6cfcfc147cbac64,f14e1817ec32b1b5,same,npn_6471b342ae3c3106,6,source_graph_or_pi_replayable,evidence_advancement_v1
f387f8dcdbab80b2,a0585e1a667dcb44,results/evidence_advancement/artifacts/materialized_replay_pairs/a0585e1a667dcb44.source.blif,virtual_binary_cut,"or(x0,not(pcva_6d9f45f91fa81ec2))","[""x0"", ""pcva_6d9f45f91fa81ec2""]","[""x0"", ""x1""]",2,fc67e5cbb4b98b43,c14bc7d02c76f1ae,a90d007c2fc57df6,inverted,npn_a90d007c2fc57df6,6,source_graph_or_pi_replayable,evidence_advancement_v1
351ed72f84393fd7,a0585e1a667dcb44,results/evidence_advancement/artifacts/materialized_replay_pairs/a0585e1a667dcb44.source.blif,virtual_binary_cut,"and(x1,r0)","[""x1"", ""r0""]","[""r0"", ""x1""]",2,369b91d179abba64,81db286b120ccd3b,94de9e90e231b35b,same,npn_94de9e90e231b35b,6,source_graph_or_pi_replayable,evidence_advancement_v1
2efb759e8ef00c94,a0585e1a667dcb44,results/evidence_advancement/artifacts/materialized_replay_pairs/a0585e1a667dcb44.source.blif,virtual_binary_cut,"or(x1,r0)","[""x1"", ""r0""]","[""r0"", ""x1""]",2,6998c2b0380ed5fd,df970782afed63be,c580333a48d30dad,same,npn_94de9e90e231b35b,6,source_graph_or_pi_replayable,evidence_advancement_v1
ba67016160e0d436,a0585e1a667dcb44,results/evidence_advancement/artifacts/materialized_replay_pairs/a0585e1a667dcb44.source.blif,virtual_binary_cut,"xor(x1,r0)","[""x1"", ""r0""]","[""r0"", ""x1""]",2,9fd48a0d0d9d8a1b,89e85f36ec391ace,b5d1f15c17250b42,same,npn_b5d1f15c17250b42,6,source_graph_or_pi_replayable,evidence_advancement_v1
ff07fd1a82d2bdb2,a0585e1a667dcb44,results/evidence_advancement/artifacts/materialized_replay_pairs/a0585e1a667dcb44.source.blif,virtual_binary_cut,"and(x1,not(r0))","[""x1"", ""r0""]","[""r0"", ""x1""]",2,1cd47cea02efadc5,b3dbc758ed4cf7c1,2c24932e8e4ebc2f,same,npn_94de9e90e231b35b,6,source_graph_or_pi_replayable,evidence_advancement_v1
6e1c0f747f797ffc,a0585e1a667dcb44,results/evidence_advancement/artifacts/materialized_replay_pairs/a0585e1a667dcb44.source.blif,virtual_binary_cut,"or(x1,not(r0))","[""x1"", ""r0""]","[""r0"", ""x1""]",2,3dd858e6fc78578a,40a3a71b42727dac,90f21496b5c851e8,inverted,npn_94de9e90e231b35b,6,source_graph_or_pi_replayable,evidence_advancement_v1
af50773a22904325,a0585e1a667dcb44,results/evidence_advancement/artifacts/materialized_replay_pairs/a0585e1a667dcb44.source.blif,virtual_binary_cut,"or(x1,m0)","[""x1"", ""m0""]","[""r0"", ""x0"", ""x1""]",3,881bc460ec339572,7836cdae43787598,f919733d549a9e33,same,npn_f919733d549a9e33,6,source_graph_or_pi_replayable,evidence_advancement_v1
0935a6f8fa4911cd,a0585e1a667dcb44,results/evidence_advancement/artifacts/materialized_replay_pairs/a0585e1a667dcb44.source.blif,virtual_binary_cut,"xor(x1,m0)","[""x1"", ""m0""]","[""r0"", ""x0"", ""x1""]",3,8f0bc04977f88197,8560d332f7318334,40a3a71b42727dac,same,npn_369b91d179abba64,6,source_graph_or_pi_replayable,evidence_advancement_v1
0d0fdf9f09bae573,a0585e1a667dcb44,results/evidence_advancement/artifacts/materialized_replay_pairs/a0585e1a667dcb44.source.blif,virtual_binary_cut,"and(x1,y0)","[""x1"", ""y0""]","[""r0"", ""x0"", ""x1""]",3,e502e9191e6ed303,9ba33c777b6dd915,c367d71c2eac76ee,same,npn_c367d71c2eac76ee,6,source_graph_or_pi_replayable,evidence_advancement_v1
99492aa509b2de75,a0585e1a667dcb44,results/evidence_advancement/artifacts/materialized_replay_pairs/a0585e1a667dcb44.source.blif,virtual_binary_cut,"or(x1,y0)","[""x1"", ""y0""]","[""r0"", ""x0"", ""x1""]",3,6998c2b0380ed5fd,df970782afed63be,1d207ade69b2a3eb,same,npn_369b91d179abba64,6,source_graph_or_pi_replayable,evidence_advancement_v1
7c02ff99e6543ffe,a0585e1a667dcb44,results/evidence_advancement/artifacts/materialized_replay_pairs/a0585e1a667dcb44.source.blif,virtual_binary_cut,"xor(x1,y0)","[""x1"", ""y0""]","[""r0"", ""x0"", ""x1""]",3,8192b9512335fe5c,07afcd83da45eba0,6a87a8ec53e5d016,same,npn_2e96a02abe3f2e05,6,source_graph_or_pi_replayable,evidence_advancement_v1
a4a76b6b9f202076,a0585e1a667dcb44,results/evidence_advancement/artifacts/materialized_replay_pairs/a0585e1a667dcb44.source.blif,virtual_binary_cut,"and(x1,not(y0))","[""x1"", ""y0""]","[""r0"", ""x0"", ""x1""]",3,f349b8103440f38f,281fdcdaa6ddf1e3,ef73cac577bcd031,same,npn_c367d71c2eac76ee,6,source_graph_or_pi_replayable,evidence_advancement_v1
690e7a54d7c1ce7e,a0585e1a667dcb44,results/evidence_advancement/artifacts/materialized_replay_pairs/a0585e1a667dcb44.source.blif,virtual_binary_cut,"or(x1,not(y0))","[""x1"", ""y0""]","[""r0"", ""x0"", ""x1""]",3,3dd858e6fc78578a,40a3a71b42727dac,85473471e2f83e46,inverted,npn_369b91d179abba64,6,source_graph_or_pi_replayable,evidence_advancement_v1
95999956af7b6f37,a0585e1a667dcb44,results/evidence_advancement/artifacts/materialized_replay_pairs/a0585e1a667dcb44.source.blif,virtual_binary_cut,"or(x1,pcva_6d9f45f91fa81ec2)","[""x1"", ""pcva_6d9f45f91fa81ec2""]","[""x0"", ""x1""]",2,881bc460ec339572,7836cdae43787598,6471b342ae3c3106,same,npn_6471b342ae3c3106,6,source_graph_or_pi_replayable,evidence_advancement_v1
14e9265a161e2fe6,a0585e1a667dcb44,results/evidence_advancement/artifacts/materialized_replay_pairs/a0585e1a667dcb44.source.blif,virtual_binary_cut,"and(r0,m0)","[""r0"", ""m0""]","[""r0"", ""x0"", ""x1""]",3,24165068bb0dbfca,7706d5f66a567332,24165068bb0dbfca,same,npn_24165068bb0dbfca,6,source_graph_or_pi_replayable,evidence_advancement_v1
4e33630eedabca99,a0585e1a667dcb44,results/evidence_advancement/artifacts/materialized_replay_pairs/a0585e1a667dcb44.source.blif,virtual_binary_cut,"or(r0,m0)","[""r0"", ""m0""]","[""r0"", ""x0"", ""x1""]",3,2b785f5c6a14009e,d4f1067dfed9dc13,2d3d88fc9460d408,same,npn_358a268fde92333a,6,source_graph_or_pi_replayable,evidence_advancement_v1
d6adcf284b396b7b,a0585e1a667dcb44,results/evidence_advancement/artifacts/materialized_replay_pairs/a0585e1a667dcb44.source.blif,virtual_binary_cut,"xor(r0,m0)","[""r0"", ""m0""]","[""r0"", ""x0"", ""x1""]",3,2e96a02abe3f2e05,a8f244d01461e4e3,60196d9c90521e9d,same,npn_2e96a02abe3f2e05,6,source_graph_or_pi_replayable,evidence_advancement_v1
52347c55d7f786c1,a0585e1a667dcb44,results/evidence_advancement/artifacts/materialized_replay_pairs/a0585e1a667dcb44.source.blif,virtual_binary_cut,"and(r0,not(m0))","[""r0"", ""m0""]","[""r0"", ""x0"", ""x1""]",3,ea466967d1b9574d,b5fe5c54be4d1ca1,86541bc0ebd49ad1,same,npn_358a268fde92333a,6,source_graph_or_pi_replayable,evidence_advancement_v1
e7a688695960b77c,a0585e1a667dcb44,results/evidence_advancement/artifacts/materialized_replay_pairs/a0585e1a667dcb44.source.blif,virtual_binary_cut,"or(r0,not(m0))","[""r0"", ""m0""]","[""r0"", ""x0"", ""x1""]",3,e8998d9ce7a853e5,18025d3f5a1dde11,9ebc1ab9a061b3d1,inverted,npn_24165068bb0dbfca,6,source_graph_or_pi_replayable,evidence_advancement_v1
de996cda63a99b3b,a0585e1a667dcb44,results/evidence_advancement/artifacts/materialized_replay_pairs/a0585e1a667dcb44.source.blif,virtual_binary_cut,"xor(m0,y0)","[""m0"", ""y0""]","[""r0"", ""x0"", ""x1""]",3,f919733d549a9e33,71feeed0446218e8,df18d62faaa74b27,same,npn_f919733d549a9e33,6,source_graph_or_pi_replayable,evidence_advancement_v1
d204ae44f983f229,a1e78b720afaf053,results/evidence_advancement/artifacts/materialized_replay_pairs/a1e78b720afaf053.source.blif,pi_literal,x0,"[""x0""]","[""x0""]",1,df18d62faaa74b27,b6cfcfc147cbac64,923682bea6d517dc,same,npn_923682bea6d517dc,6,source_graph_or_pi_replayable,evidence_advancement_v1
fc715b96f4e7be3e,a1e78b720afaf053,results/evidence_advancement/artifacts/materialized_replay_pairs/a1e78b720afaf053.source.blif,pi_literal,x1,"[""x1""]","[""x1""]",1,881bc460ec339572,7836cdae43787598,923682bea6d517dc,same,npn_923682bea6d517dc,6,source_graph_or_pi_replayable,evidence_advancement_v1
d2117150617725d0,a1e78b720afaf053,results/evidence_advancement/artifacts/materialized_replay_pairs/a1e78b720afaf053.source.blif,pi_literal,r0,"[""r0""]","[""r0""]",1,f919733d549a9e33,71feeed0446218e8,923682bea6d517dc,same,npn_923682bea6d517dc,6,source_graph_or_pi_replayable,evidence_advancement_v1
77f2b6656d27384d,a1e78b720afaf053,results/evidence_advancement/artifacts/materialized_replay_pairs/a1e78b720afaf053.source.blif,source_node,m0,"[""m0""]","[""r0"", ""x0"", ""x1""]",3,eba8a44748a5f09c,7717b29c04225dc0,369b91d179abba64,same,npn_369b91d179abba64,6,source_graph_or_pi_replayable,evidence_advancement_v1
3fc8fe245cf5186c,a1e78b720afaf053,results/evidence_advancement/artifacts/materialized_replay_pairs/a1e78b720afaf053.source.blif,source_node,y0,"[""y0""]","[""r0"", ""x0"", ""x1""]",3,2e96a02abe3f2e05,a8f244d01461e4e3,60196d9c90521e9d,same,npn_2e96a02abe3f2e05,6,source_graph_or_pi_replayable,evidence_advancement_v1
77a5dc6519eb0ab2,a1e78b720afaf053,results/evidence_advancement/artifacts/materialized_replay_pairs/a1e78b720afaf053.source.blif,source_node,pcva_7f693f960b826383,"[""pcva_7f693f960b826383""]","[""x0"", ""x1""]",2,eba8a44748a5f09c,7717b29c04225dc0,94de9e90e231b35b,same,npn_94de9e90e231b35b,6,source_graph_or_pi_replayable,evidence_advancement_v1
db4937691808068d,a1e78b720afaf053,results/evidence_advancement/artifacts/materialized_replay_pairs/a1e78b720afaf053.source.blif,virtual_binary_cut,"and(x0,x1)","[""x0"", ""x1""]","[""x0"", ""x1""]",2,eba8a44748a5f09c,7717b29c04225dc0,94de9e90e231b35b,same,npn_94de9e90e231b35b,6,source_graph_or_pi_replayable,evidence_advancement_v1
68e96752f3505626,a1e78b720afaf053,results/evidence_advancement/artifacts/materialized_replay_pairs/a1e78b720afaf053.source.blif,virtual_binary_cut,"or(x0,x1)","[""x0"", ""x1""]","[""x0"", ""x1""]",2,42a59debdb0bcad2,9f0c982b4c047d25,c580333a48d30dad,same,npn_94de9e90e231b35b,6,source_graph_or_pi_replayable,evidence_advancement_v1
d67572487009f35d,a1e78b720afaf053,results/evidence_advancement/artifacts/materialized_replay_pairs/a1e78b720afaf053.source.blif,virtual_binary_cut,"xor(x0,x1)","[""x0"", ""x1""]","[""x0"", ""x1""]",2,8d1560b225f7c697,d31cf6dbef25069a,b5d1f15c17250b42,same,npn_b5d1f15c17250b42,6,source_graph_or_pi_replayable,evidence_advancement_v1
141f1acd16f2e91d,a1e78b720afaf053,results/evidence_advancement/artifacts/materialized_replay_pairs/a1e78b720afaf053.source.blif,virtual_binary_cut,"and(x0,not(x1))","[""x0"", ""x1""]","[""x0"", ""x1""]",2,64b0009f6392972f,4618e905c40e8769,90f21496b5c851e8,same,npn_94de9e90e231b35b,6,source_graph_or_pi_replayable,evidence_advancement_v1
db9704dbbab42a9e,a1e78b720afaf053,results/evidence_advancement/artifacts/materialized_replay_pairs/a1e78b720afaf053.source.blif,virtual_binary_cut,"or(x0,not(x1))","[""x0"", ""x1""]","[""x0"", ""x1""]",2,8560d332f7318334,8f0bc04977f88197,2c24932e8e4ebc2f,inverted,npn_94de9e90e231b35b,6,source_graph_or_pi_replayable,evidence_advancement_v1
b0762de3d9407f08,a1e78b720afaf053,results/evidence_advancement/artifacts/materialized_replay_pairs/a1e78b720afaf053.source.blif,virtual_binary_cut,"and(x0,r0)","[""x0"", ""r0""]","[""r0"", ""x0""]",2,1228de099013e868,33fc91d1cc2c3255,94de9e90e231b35b,same,npn_94de9e90e231b35b,6,source_graph_or_pi_replayable,evidence_advancement_v1
1c7f387c4584482f,a1e78b720afaf053,results/evidence_advancement/artifacts/materialized_replay_pairs/a1e78b720afaf053.source.blif,virtual_binary_cut,"or(x0,r0)","[""x0"", ""r0""]","[""r0"", ""x0""]",2,1d207ade69b2a3eb,df856b66777ea758,c580333a48d30dad,same,npn_94de9e90e231b35b,6,source_graph_or_pi_replayable,evidence_advancement_v1
310dd3111df8aedd,a1e78b720afaf053,results/evidence_advancement/artifacts/materialized_replay_pairs/a1e78b720afaf053.source.blif,virtual_binary_cut,"xor(x0,r0)","[""x0"", ""r0""]","[""r0"", ""x0""]",2,d7a46d3b3e9464c2,26f3581e5bafe7c7,b5d1f15c17250b42,same,npn_b5d1f15c17250b42,6,source_graph_or_pi_replayable,evidence_advancement_v1
a74fe57f9b88e44e,a1e78b720afaf053,results/evidence_advancement/artifacts/materialized_replay_pairs/a1e78b720afaf053.source.blif,virtual_binary_cut,"and(x0,not(r0))","[""x0"", ""r0""]","[""r0"", ""x0""]",2,85473471e2f83e46,7767985351eded02,2c24932e8e4ebc2f,same,npn_94de9e90e231b35b,6,source_graph_or_pi_replayable,evidence_advancement_v1
def2439b2ad642a2,a1e78b720afaf053,results/evidence_advancement/artifacts/materialized_replay_pairs/a1e78b720afaf053.source.blif,virtual_binary_cut,"or(x0,not(r0))","[""x0"", ""r0""]","[""r0"", ""x0""]",2,8251c47787737cc6,61ef94dfe370555e,90f21496b5c851e8,inverted,npn_94de9e90e231b35b,6,source_graph_or_pi_replayable,evidence_advancement_v1
e814c35172a65100,a1e78b720afaf053,results/evidence_advancement/artifacts/materialized_replay_pairs/a1e78b720afaf053.source.blif,virtual_binary_cut,"and(x0,m0)","[""x0"", ""m0""]","[""r0"", ""x0"", ""x1""]",3,eba8a44748a5f09c,7717b29c04225dc0,369b91d179abba64,same,npn_369b91d179abba64,6,source_graph_or_pi_replayable,evidence_advancement_v1
042071c3a7faac36,a1e78b720afaf053,results/evidence_advancement/artifacts/materialized_replay_pairs/a1e78b720afaf053.source.blif,virtual_binary_cut,"or(x0,m0)","[""x0"", ""m0""]","[""r0"", ""x0"", ""x1""]",3,df18d62faaa74b27,b6cfcfc147cbac64,881bc460ec339572,same,npn_f919733d549a9e33,6,source_graph_or_pi_replayable,evidence_advancement_v1
857bc23696603475,a1e78b720afaf053,results/evidence_advancement/artifacts/materialized_replay_pairs/a1e78b720afaf053.source.blif,virtual_binary_cut,"xor(x0,m0)","[""x0"", ""m0""]","[""r0"", ""x0"", ""x1""]",3,64b0009f6392972f,4618e905c40e8769,1cd47cea02efadc5,same,npn_369b91d179abba64,6,source_graph_or_pi_replayable,evidence_advancement_v1
54c7f682bc23241d,a1e78b720afaf053,results/evidence_advancement/artifacts/materialized_replay_pairs/a1e78b720afaf053.source.blif,virtual_binary_cut,"or(x0,not(m0))","[""x0"", ""m0""]","[""r0"", ""x0"", ""x1""]",3,fc67e5cbb4b98b43,c14bc7d02c76f1ae,c14bc7d02c76f1ae,inverted,npn_c14bc7d02c76f1ae,6,source_graph_or_pi_replayable,evidence_advancement_v1
8d0e742efd67aebf,a1e78b720afaf053,results/evidence_advancement/artifacts/materialized_replay_pairs/a1e78b720afaf053.source.blif,virtual_binary_cut,"and(x0,y0)","[""x0"", ""y0""]","[""r0"", ""x0"", ""x1""]",3,9875d06f074d4934,709b7cd024183d71,e502e9191e6ed303,same,npn_c367d71c2eac76ee,6,source_graph_or_pi_replayable,evidence_advancement_v1
f0d28762f84a7ed2,a1e78b720afaf053,results/evidence_advancement/artifacts/materialized_replay_pairs/a1e78b720afaf053.source.blif,virtual_binary_cut,"or(x0,y0)","[""x0"", ""y0""]","[""r0"", ""x0"", ""x1""]",3,1d207ade69b2a3eb,df856b66777ea758,42a59debdb0bcad2,same,npn_369b91d179abba64,6,source_graph_or_pi_replayable,evidence_advancement_v1
4132a27dc5985750,a1e78b720afaf053,results/evidence_advancement/artifacts/materialized_replay_pairs/a1e78b720afaf053.source.blif,virtual_binary_cut,"xor(x0,y0)","[""x0"", ""y0""]","[""r0"", ""x0"", ""x1""]",3,194fa8893fa382cf,16e8cc99320bb4ce,62ad13d001efd14a,same,npn_2e96a02abe3f2e05,6,source_graph_or_pi_replayable,evidence_advancement_v1
64ffaf3184d25363,a1e78b720afaf053,results/evidence_advancement/artifacts/materialized_replay_pairs/a1e78b720afaf053.source.blif,virtual_binary_cut,"and(x0,not(y0))","[""x0"", ""y0""]","[""r0"", ""x0"", ""x1""]",3,cafeff6df6d83c72,40434ab81bb65403,f349b8103440f38f,same,npn_c367d71c2eac76ee,6,source_graph_or_pi_replayable,evidence_advancement_v1
4a4cfe58f3f7fc72,a1e78b720afaf053,results/evidence_advancement/artifacts/materialized_replay_pairs/a1e78b720afaf053.source.blif,virtual_binary_cut,"or(x0,not(y0))","[""x0"", ""y0""]","[""r0"", ""x0"", ""x1""]",3,8251c47787737cc6,61ef94dfe370555e,64b0009f6392972f,inverted,npn_369b91d179abba64,6,source_graph_or_pi_replayable,evidence_advancement_v1
14e566c30101453d,a1e78b720afaf053,results/evidence_advancement/artifacts/materialized_replay_pairs/a1e78b720afaf053.source.blif,virtual_binary_cut,"or(x0,pcva_7f693f960b826383)","[""x0"", ""pcva_7f693f960b826383""]","[""x0"", ""x1""]",2,df18d62faaa74b27,b6cfcfc147cbac64,f14e1817ec32b1b5,same,npn_6471b342ae3c3106,6,source_graph_or_pi_replayable,evidence_advancement_v1
719a3ab621c61ff4,a1e78b720afaf053,results/evidence_advancement/artifacts/materialized_replay_pairs/a1e78b720afaf053.source.blif,virtual_binary_cut,"or(x0,not(pcva_7f693f960b826383))","[""x0"", ""pcva_7f693f960b826383""]","[""x0"", ""x1""]",2,fc67e5cbb4b98b43,c14bc7d02c76f1ae,a90d007c2fc57df6,inverted,npn_a90d007c2fc57df6,6,source_graph_or_pi_replayable,evidence_advancement_v1
fdf1eb9f21015926,a1e78b720afaf053,results/evidence_advancement/artifacts/materialized_replay_pairs/a1e78b720afaf053.source.blif,virtual_binary_cut,"and(x1,r0)","[""x1"", ""r0""]","[""r0"", ""x1""]",2,369b91d179abba64,81db286b120ccd3b,94de9e90e231b35b,same,npn_94de9e90e231b35b,6,source_graph_or_pi_replayable,evidence_advancement_v1
eb2147405fff6d83,a1e78b720afaf053,results/evidence_advancement/artifacts/materialized_replay_pairs/a1e78b720afaf053.source.blif,virtual_binary_cut,"or(x1,r0)","[""x1"", ""r0""]","[""r0"", ""x1""]",2,6998c2b0380ed5fd,df970782afed63be,c580333a48d30dad,same,npn_94de9e90e231b35b,6,source_graph_or_pi_replayable,evidence_advancement_v1
9cad792296456ebc,a1e78b720afaf053,results/evidence_advancement/artifacts/materialized_replay_pairs/a1e78b720afaf053.source.blif,virtual_binary_cut,"xor(x1,r0)","[""x1"", ""r0""]","[""r0"", ""x1""]",2,9fd48a0d0d9d8a1b,89e85f36ec391ace,b5d1f15c17250b42,same,npn_b5d1f15c17250b42,6,source_graph_or_pi_replayable,evidence_advancement_v1
97dfd4fba12eb574,a1e78b720afaf053,results/evidence_advancement/artifacts/materialized_replay_pairs/a1e78b720afaf053.source.blif,virtual_binary_cut,"and(x1,not(r0))","[""x1"", ""r0""]","[""r0"", ""x1""]",2,1cd47cea02efadc5,b3dbc758ed4cf7c1,2c24932e8e4ebc2f,same,npn_94de9e90e231b35b,6,source_graph_or_pi_replayable,evidence_advancement_v1
b6ca745dd6d1d9f5,a1e78b720afaf053,results/evidence_advancement/artifacts/materialized_replay_pairs/a1e78b720afaf053.source.blif,virtual_binary_cut,"or(x1,not(r0))","[""x1"", ""r0""]","[""r0"", ""x1""]",2,3dd858e6fc78578a,40a3a71b42727dac,90f21496b5c851e8,inverted,npn_94de9e90e231b35b,6,source_graph_or_pi_replayable,evidence_advancement_v1
6a407cd1ba0c3bcf,a1e78b720afaf053,results/evidence_advancement/artifacts/materialized_replay_pairs/a1e78b720afaf053.source.blif,virtual_binary_cut,"or(x1,m0)","[""x1"", ""m0""]","[""r0"", ""x0"", ""x1""]",3,881bc460ec339572,7836cdae43787598,f919733d549a9e33,same,npn_f919733d549a9e33,6,source_graph_or_pi_replayable,evidence_advancement_v1
5803ec4eb7beb6e6,a1e78b720afaf053,results/evidence_advancement/artifacts/materialized_replay_pairs/a1e78b720afaf053.source.blif,virtual_binary_cut,"xor(x1,m0)","[""x1"", ""m0""]","[""r0"", ""x0"", ""x1""]",3,8f0bc04977f88197,8560d332f7318334,40a3a71b42727dac,same,npn_369b91d179abba64,6,source_graph_or_pi_replayable,evidence_advancement_v1
91f10f5ec755d7a5,a1e78b720afaf053,results/evidence_advancement/artifacts/materialized_replay_pairs/a1e78b720afaf053.source.blif,virtual_binary_cut,"and(x1,y0)","[""x1"", ""y0""]","[""r0"", ""x0"", ""x1""]",3,e502e9191e6ed303,9ba33c777b6dd915,c367d71c2eac76ee,same,npn_c367d71c2eac76ee,6,source_graph_or_pi_replayable,evidence_advancement_v1
a18dcebdb1bfa88d,a1e78b720afaf053,results/evidence_advancement/artifacts/materialized_replay_pairs/a1e78b720afaf053.source.blif,virtual_binary_cut,"or(x1,y0)","[""x1"", ""y0""]","[""r0"", ""x0"", ""x1""]",3,6998c2b0380ed5fd,df970782afed63be,1d207ade69b2a3eb,same,npn_369b91d179abba64,6,source_graph_or_pi_replayable,evidence_advancement_v1
df4f3d938cfade48,a1e78b720afaf053,results/evidence_advancement/artifacts/materialized_replay_pairs/a1e78b720afaf053.source.blif,virtual_binary_cut,"xor(x1,y0)","[""x1"", ""y0""]","[""r0"", ""x0"", ""x1""]",3,8192b9512335fe5c,07afcd83da45eba0,6a87a8ec53e5d016,same,npn_2e96a02abe3f2e05,6,source_graph_or_pi_replayable,evidence_advancement_v1
ff58a8aac4e9a558,a1e78b720afaf053,results/evidence_advancement/artifacts/materialized_replay_pairs/a1e78b720afaf053.source.blif,virtual_binary_cut,"and(x1,not(y0))","[""x1"", ""y0""]","[""r0"", ""x0"", ""x1""]",3,f349b8103440f38f,281fdcdaa6ddf1e3,ef73cac577bcd031,same,npn_c367d71c2eac76ee,6,source_graph_or_pi_replayable,evidence_advancement_v1
ac7b965f25b7d557,a1e78b720afaf053,results/evidence_advancement/artifacts/materialized_replay_pairs/a1e78b720afaf053.source.blif,virtual_binary_cut,"or(x1,not(y0))","[""x1"", ""y0""]","[""r0"", ""x0"", ""x1""]",3,3dd858e6fc78578a,40a3a71b42727dac,85473471e2f83e46,inverted,npn_369b91d179abba64,6,source_graph_or_pi_replayable,evidence_advancement_v1
4dcd056b6ca714b7,a1e78b720afaf053,results/evidence_advancement/artifacts/materialized_replay_pairs/a1e78b720afaf053.source.blif,virtual_binary_cut,"or(x1,pcva_7f693f960b826383)","[""x1"", ""pcva_7f693f960b826383""]","[""x0"", ""x1""]",2,881bc460ec339572,7836cdae43787598,6471b342ae3c3106,same,npn_6471b342ae3c3106,6,source_graph_or_pi_replayable,evidence_advancement_v1
39a27420de8e8097,a1e78b720afaf053,results/evidence_advancement/artifacts/materialized_replay_pairs/a1e78b720afaf053.source.blif,virtual_binary_cut,"and(r0,m0)","[""r0"", ""m0""]","[""r0"", ""x0"", ""x1""]",3,24165068bb0dbfca,7706d5f66a567332,24165068bb0dbfca,same,npn_24165068bb0dbfca,6,source_graph_or_pi_replayable,evidence_advancement_v1
3011d0a43dd12a01,a1e78b720afaf053,results/evidence_advancement/artifacts/materialized_replay_pairs/a1e78b720afaf053.source.blif,virtual_binary_cut,"or(r0,m0)","[""r0"", ""m0""]","[""r0"", ""x0"", ""x1""]",3,2b785f5c6a14009e,d4f1067dfed9dc13,2d3d88fc9460d408,same,npn_358a268fde92333a,6,source_graph_or_pi_replayable,evidence_advancement_v1
d85a69ef94e898b1,a1e78b720afaf053,results/evidence_advancement/artifacts/materialized_replay_pairs/a1e78b720afaf053.source.blif,virtual_binary_cut,"xor(r0,m0)","[""r0"", ""m0""]","[""r0"", ""x0"", ""x1""]",3,2e96a02abe3f2e05,a8f244d01461e4e3,60196d9c90521e9d,same,npn_2e96a02abe3f2e05,6,source_graph_or_pi_replayable,evidence_advancement_v1
4282709272c014a1,a1e78b720afaf053,results/evidence_advancement/artifacts/materialized_replay_pairs/a1e78b720afaf053.source.blif,virtual_binary_cut,"and(r0,not(m0))","[""r0"", ""m0""]","[""r0"", ""x0"", ""x1""]",3,ea466967d1b9574d,b5fe5c54be4d1ca1,86541bc0ebd49ad1,same,npn_358a268fde92333a,6,source_graph_or_pi_replayable,evidence_advancement_v1
c8b94059b0668bf0,a1e78b720afaf053,results/evidence_advancement/artifacts/materialized_replay_pairs/a1e78b720afaf053.source.blif,virtual_binary_cut,"or(r0,not(m0))","[""r0"", ""m0""]","[""r0"", ""x0"", ""x1""]",3,e8998d9ce7a853e5,18025d3f5a1dde11,9ebc1ab9a061b3d1,inverted,npn_24165068bb0dbfca,6,source_graph_or_pi_replayable,evidence_advancement_v1
b2edc7398744de88,a1e78b720afaf053,results/evidence_advancement/artifacts/materialized_replay_pairs/a1e78b720afaf053.source.blif,virtual_binary_cut,"xor(m0,y0)","[""m0"", ""y0""]","[""r0"", ""x0"", ""x1""]",3,f919733d549a9e33,71feeed0446218e8,df18d62faaa74b27,same,npn_f919733d549a9e33,6,source_graph_or_pi_replayable,evidence_advancement_v1
a9823500454d6552,a25054b77bffab42,results/evidence_advancement/artifacts/materialized_replay_pairs/a25054b77bffab42.source.blif,pi_literal,x0,"[""x0""]","[""x0""]",1,df18d62faaa74b27,b6cfcfc147cbac64,923682bea6d517dc,same,npn_923682bea6d517dc,6,source_graph_or_pi_replayable,evidence_advancement_v1
fd6125d6b3d6f8f0,a25054b77bffab42,results/evidence_advancement/artifacts/materialized_replay_pairs/a25054b77bffab42.source.blif,pi_literal,x1,"[""x1""]","[""x1""]",1,881bc460ec339572,7836cdae43787598,923682bea6d517dc,same,npn_923682bea6d517dc,6,source_graph_or_pi_replayable,evidence_advancement_v1
02cc32c8f7f96785,a25054b77bffab42,results/evidence_advancement/artifacts/materialized_replay_pairs/a25054b77bffab42.source.blif,pi_literal,r0,"[""r0""]","[""r0""]",1,f919733d549a9e33,71feeed0446218e8,923682bea6d517dc,same,npn_923682bea6d517dc,6,source_graph_or_pi_replayable,evidence_advancement_v1
e90942474d721ee0,a25054b77bffab42,results/evidence_advancement/artifacts/materialized_replay_pairs/a25054b77bffab42.source.blif,source_node,m0,"[""m0""]","[""r0"", ""x0"", ""x1""]",3,8d1560b225f7c697,d31cf6dbef25069a,9fd48a0d0d9d8a1b,same,npn_9fd48a0d0d9d8a1b,6,source_graph_or_pi_replayable,evidence_advancement_v1
3aa6c666014536f3,a25054b77bffab42,results/evidence_advancement/artifacts/materialized_replay_pairs/a25054b77bffab42.source.blif,source_node,y0,"[""y0""]","[""r0"", ""x0"", ""x1""]",3,d61af64b7197e3f3,7077e1e487c73118,d61af64b7197e3f3,same,npn_d61af64b7197e3f3,6,source_graph_or_pi_replayable,evidence_advancement_v1
5671859dc6b8b098,a25054b77bffab42,results/evidence_advancement/artifacts/materialized_replay_pairs/a25054b77bffab42.source.blif,source_node,pcva_afe7d8fcdf319dc1,"[""pcva_afe7d8fcdf319dc1""]","[""x0"", ""x1""]",2,8d1560b225f7c697,d31cf6dbef25069a,b5d1f15c17250b42,same,npn_b5d1f15c17250b42,6,source_graph_or_pi_replayable,evidence_advancement_v1
ff0527f88900914c,a25054b77bffab42,results/evidence_advancement/artifacts/materialized_replay_pairs/a25054b77bffab42.source.blif,virtual_binary_cut,"and(x0,x1)","[""x0"", ""x1""]","[""x0"", ""x1""]",2,eba8a44748a5f09c,7717b29c04225dc0,94de9e90e231b35b,same,npn_94de9e90e231b35b,6,source_graph_or_pi_replayable,evidence_advancement_v1
8a6a71ad19298628,a25054b77bffab42,results/evidence_advancement/artifacts/materialized_replay_pairs/a25054b77bffab42.source.blif,virtual_binary_cut,"or(x0,x1)","[""x0"", ""x1""]","[""x0"", ""x1""]",2,42a59debdb0bcad2,9f0c982b4c047d25,c580333a48d30dad,same,npn_94de9e90e231b35b,6,source_graph_or_pi_replayable,evidence_advancement_v1
05a1f38ec78db4a5,a25054b77bffab42,results/evidence_advancement/artifacts/materialized_replay_pairs/a25054b77bffab42.source.blif,virtual_binary_cut,"xor(x0,x1)","[""x0"", ""x1""]","[""x0"", ""x1""]",2,8d1560b225f7c697,d31cf6dbef25069a,b5d1f15c17250b42,same,npn_b5d1f15c17250b42,6,source_graph_or_pi_replayable,evidence_advancement_v1
91a674588cb0a0f5,a25054b77bffab42,results/evidence_advancement/artifacts/materialized_replay_pairs/a25054b77bffab42.source.blif,virtual_binary_cut,"and(x0,not(x1))","[""x0"", ""x1""]","[""x0"", ""x1""]",2,64b0009f6392972f,4618e905c40e8769,90f21496b5c851e8,same,npn_94de9e90e231b35b,6,source_graph_or_pi_replayable,evidence_advancement_v1
c6ef8e9beb5bddda,a25054b77bffab42,results/evidence_advancement/artifacts/materialized_replay_pairs/a25054b77bffab42.source.blif,virtual_binary_cut,"or(x0,not(x1))","[""x0"", ""x1""]","[""x0"", ""x1""]",2,8560d332f7318334,8f0bc04977f88197,2c24932e8e4ebc2f,inverted,npn_94de9e90e231b35b,6,source_graph_or_pi_replayable,evidence_advancement_v1
373feff72a2471f5,a25054b77bffab42,results/evidence_advancement/artifacts/materialized_replay_pairs/a25054b77bffab42.source.blif,virtual_binary_cut,"and(x0,r0)","[""x0"", ""r0""]","[""r0"", ""x0""]",2,1228de099013e868,33fc91d1cc2c3255,94de9e90e231b35b,same,npn_94de9e90e231b35b,6,source_graph_or_pi_replayable,evidence_advancement_v1
e6ca85e75d436870,a25054b77bffab42,results/evidence_advancement/artifacts/materialized_replay_pairs/a25054b77bffab42.source.blif,virtual_binary_cut,"or(x0,r0)","[""x0"", ""r0""]","[""r0"", ""x0""]",2,1d207ade69b2a3eb,df856b66777ea758,c580333a48d30dad,same,npn_94de9e90e231b35b,6,source_graph_or_pi_replayable,evidence_advancement_v1
1a8987f50ba32c66,a25054b77bffab42,results/evidence_advancement/artifacts/materialized_replay_pairs/a25054b77bffab42.source.blif,virtual_binary_cut,"xor(x0,r0)","[""x0"", ""r0""]","[""r0"", ""x0""]",2,d7a46d3b3e9464c2,26f3581e5bafe7c7,b5d1f15c17250b42,same,npn_b5d1f15c17250b42,6,source_graph_or_pi_replayable,evidence_advancement_v1
6cba2472b2adf609,a25054b77bffab42,results/evidence_advancement/artifacts/materialized_replay_pairs/a25054b77bffab42.source.blif,virtual_binary_cut,"and(x0,not(r0))","[""x0"", ""r0""]","[""r0"", ""x0""]",2,85473471e2f83e46,7767985351eded02,2c24932e8e4ebc2f,same,npn_94de9e90e231b35b,6,source_graph_or_pi_replayable,evidence_advancement_v1
01786aca628a7bd1,a25054b77bffab42,results/evidence_advancement/artifacts/materialized_replay_pairs/a25054b77bffab42.source.blif,virtual_binary_cut,"or(x0,not(r0))","[""x0"", ""r0""]","[""r0"", ""x0""]",2,8251c47787737cc6,61ef94dfe370555e,90f21496b5c851e8,inverted,npn_94de9e90e231b35b,6,source_graph_or_pi_replayable,evidence_advancement_v1
9dc85eea5ed2e64e,a25054b77bffab42,results/evidence_advancement/artifacts/materialized_replay_pairs/a25054b77bffab42.source.blif,virtual_binary_cut,"and(x0,m0)","[""x0"", ""m0""]","[""r0"", ""x0"", ""x1""]",3,64b0009f6392972f,4618e905c40e8769,1cd47cea02efadc5,same,npn_369b91d179abba64,6,source_graph_or_pi_replayable,evidence_advancement_v1
4671fa3a6daf111f,a25054b77bffab42,results/evidence_advancement/artifacts/materialized_replay_pairs/a25054b77bffab42.source.blif,virtual_binary_cut,"or(x0,m0)","[""x0"", ""m0""]","[""r0"", ""x0"", ""x1""]",3,42a59debdb0bcad2,9f0c982b4c047d25,6998c2b0380ed5fd,same,npn_369b91d179abba64,6,source_graph_or_pi_replayable,evidence_advancement_v1
a066ee243567b044,a25054b77bffab42,results/evidence_advancement/artifacts/materialized_replay_pairs/a25054b77bffab42.source.blif,virtual_binary_cut,"xor(x0,m0)","[""x0"", ""m0""]","[""r0"", ""x0"", ""x1""]",3,881bc460ec339572,7836cdae43787598,f919733d549a9e33,same,npn_f919733d549a9e33,6,source_graph_or_pi_replayable,evidence_advancement_v1
f0a93f761937a02e,a25054b77bffab42,results/evidence_advancement/artifacts/materialized_replay_pairs/a25054b77bffab42.source.blif,virtual_binary_cut,"and(x0,not(m0))","[""x0"", ""m0""]","[""r0"", ""x0"", ""x1""]",3,eba8a44748a5f09c,7717b29c04225dc0,369b91d179abba64,same,npn_369b91d179abba64,6,source_graph_or_pi_replayable,evidence_advancement_v1
0fb8880ebb288017,a25054b77bffab42,results/evidence_advancement/artifacts/materialized_replay_pairs/a25054b77bffab42.source.blif,virtual_binary_cut,"or(x0,not(m0))","[""x0"", ""m0""]","[""r0"", ""x0"", ""x1""]",3,8560d332f7318334,8f0bc04977f88197,40a3a71b42727dac,inverted,npn_369b91d179abba64,6,source_graph_or_pi_replayable,evidence_advancement_v1
6e43937e4350c768,a25054b77bffab42,results/evidence_advancement/artifacts/materialized_replay_pairs/a25054b77bffab42.source.blif,virtual_binary_cut,"and(x0,y0)","[""x0"", ""y0""]","[""r0"", ""x0"", ""x1""]",3,9875d06f074d4934,709b7cd024183d71,e502e9191e6ed303,same,npn_c367d71c2eac76ee,6,source_graph_or_pi_replayable,evidence_advancement_v1
e1c1311416001dc3,a25054b77bffab42,results/evidence_advancement/artifacts/materialized_replay_pairs/a25054b77bffab42.source.blif,virtual_binary_cut,"or(x0,y0)","[""x0"", ""y0""]","[""r0"", ""x0"", ""x1""]",3,2d3d88fc9460d408,01b57a83096fa359,3b07b0bc23372d78,same,npn_358a268fde92333a,6,source_graph_or_pi_replayable,evidence_advancement_v1
7c005b5a1992e2b5,a25054b77bffab42,results/evidence_advancement/artifacts/materialized_replay_pairs/a25054b77bffab42.source.blif,virtual_binary_cut,"xor(x0,y0)","[""x0"", ""y0""]","[""r0"", ""x0"", ""x1""]",3,9f236f1deb165b77,d6d4afecdd60c0e8,9e90f97db2cf97c1,same,npn_519942ec52593eec,6,source_graph_or_pi_replayable,evidence_advancement_v1
ebcc5a768c700e92,a25054b77bffab42,results/evidence_advancement/artifacts/materialized_replay_pairs/a25054b77bffab42.source.blif,virtual_binary_cut,"and(x0,not(y0))","[""x0"", ""y0""]","[""r0"", ""x0"", ""x1""]",3,cafeff6df6d83c72,40434ab81bb65403,f349b8103440f38f,same,npn_c367d71c2eac76ee,6,source_graph_or_pi_replayable,evidence_advancement_v1
4ae372fdeb16fb46,a25054b77bffab42,results/evidence_advancement/artifacts/materialized_replay_pairs/a25054b77bffab42.source.blif,virtual_binary_cut,"or(x0,not(y0))","[""x0"", ""y0""]","[""r0"", ""x0"", ""x1""]",3,5242b1da53ab09a8,9ebc1ab9a061b3d1,afe6407a40ccdeab,inverted,npn_24165068bb0dbfca,6,source_graph_or_pi_replayable,evidence_advancement_v1
0ac264e1f6b428c0,a25054b77bffab42,results/evidence_advancement/artifacts/materialized_replay_pairs/a25054b77bffab42.source.blif,virtual_binary_cut,"xor(x0,pcva_afe7d8fcdf319dc1)","[""x0"", ""pcva_afe7d8fcdf319dc1""]","[""x0"", ""x1""]",2,881bc460ec339572,7836cdae43787598,6471b342ae3c3106,same,npn_6471b342ae3c3106,6,source_graph_or_pi_replayable,evidence_advancement_v1
5477fef67427149e,a25054b77bffab42,results/evidence_advancement/artifacts/materialized_replay_pairs/a25054b77bffab42.source.blif,virtual_binary_cut,"and(x1,r0)","[""x1"", ""r0""]","[""r0"", ""x1""]",2,369b91d179abba64,81db286b120ccd3b,94de9e90e231b35b,same,npn_94de9e90e231b35b,6,source_graph_or_pi_replayable,evidence_advancement_v1
5a919485a8f600eb,a25054b77bffab42,results/evidence_advancement/artifacts/materialized_replay_pairs/a25054b77bffab42.source.blif,virtual_binary_cut,"or(x1,r0)","[""x1"", ""r0""]","[""r0"", ""x1""]",2,6998c2b0380ed5fd,df970782afed63be,c580333a48d30dad,same,npn_94de9e90e231b35b,6,source_graph_or_pi_replayable,evidence_advancement_v1
9912dc103e4c249f,a25054b77bffab42,results/evidence_advancement/artifacts/materialized_replay_pairs/a25054b77bffab42.source.blif,virtual_binary_cut,"xor(x1,r0)","[""x1"", ""r0""]","[""r0"", ""x1""]",2,9fd48a0d0d9d8a1b,89e85f36ec391ace,b5d1f15c17250b42,same,npn_b5d1f15c17250b42,6,source_graph_or_pi_replayable,evidence_advancement_v1
f0746dd999a16a72,a25054b77bffab42,results/evidence_advancement/artifacts/materialized_replay_pairs/a25054b77bffab42.source.blif,virtual_binary_cut,"and(x1,not(r0))","[""x1"", ""r0""]","[""r0"", ""x1""]",2,1cd47cea02efadc5,b3dbc758ed4cf7c1,2c24932e8e4ebc2f,same,npn_94de9e90e231b35b,6,source_graph_or_pi_replayable,evidence_advancement_v1
6bed04e21e5a9dfa,a25054b77bffab42,results/evidence_advancement/artifacts/materialized_replay_pairs/a25054b77bffab42.source.blif,virtual_binary_cut,"or(x1,not(r0))","[""x1"", ""r0""]","[""r0"", ""x1""]",2,3dd858e6fc78578a,40a3a71b42727dac,90f21496b5c851e8,inverted,npn_94de9e90e231b35b,6,source_graph_or_pi_replayable,evidence_advancement_v1
a0ee82a0610795d1,a25054b77bffab42,results/evidence_advancement/artifacts/materialized_replay_pairs/a25054b77bffab42.source.blif,virtual_binary_cut,"xor(x1,m0)","[""x1"", ""m0""]","[""r0"", ""x0"", ""x1""]",3,df18d62faaa74b27,b6cfcfc147cbac64,881bc460ec339572,same,npn_f919733d549a9e33,6,source_graph_or_pi_replayable,evidence_advancement_v1
1284ff1d42b20907,a25054b77bffab42,results/evidence_advancement/artifacts/materialized_replay_pairs/a25054b77bffab42.source.blif,virtual_binary_cut,"and(x1,y0)","[""x1"", ""y0""]","[""r0"", ""x0"", ""x1""]",3,e502e9191e6ed303,9ba33c777b6dd915,c367d71c2eac76ee,same,npn_c367d71c2eac76ee,6,source_graph_or_pi_replayable,evidence_advancement_v1
a9609269fb6d2fb4,a25054b77bffab42,results/evidence_advancement/artifacts/materialized_replay_pairs/a25054b77bffab42.source.blif,virtual_binary_cut,"or(x1,y0)","[""x1"", ""y0""]","[""r0"", ""x0"", ""x1""]",3,3b07b0bc23372d78,a21f9e000f8d8b39,2b785f5c6a14009e,same,npn_358a268fde92333a,6,source_graph_or_pi_replayable,evidence_advancement_v1
a2fc6d25742bf0da,a25054b77bffab42,results/evidence_advancement/artifacts/materialized_replay_pairs/a25054b77bffab42.source.blif,virtual_binary_cut,"xor(x1,y0)","[""x1"", ""y0""]","[""r0"", ""x0"", ""x1""]",3,9e90f97db2cf97c1,3f87f62136bb932d,519942ec52593eec,same,npn_519942ec52593eec,6,source_graph_or_pi_replayable,evidence_advancement_v1
4d431a8609a3adb4,a25054b77bffab42,results/evidence_advancement/artifacts/materialized_replay_pairs/a25054b77bffab42.source.blif,virtual_binary_cut,"and(x1,not(y0))","[""x1"", ""y0""]","[""r0"", ""x0"", ""x1""]",3,f349b8103440f38f,281fdcdaa6ddf1e3,ef73cac577bcd031,same,npn_c367d71c2eac76ee,6,source_graph_or_pi_replayable,evidence_advancement_v1
e28d7da468121d78,a25054b77bffab42,results/evidence_advancement/artifacts/materialized_replay_pairs/a25054b77bffab42.source.blif,virtual_binary_cut,"or(x1,not(y0))","[""x1"", ""y0""]","[""r0"", ""x0"", ""x1""]",3,e5e9f7323f023fb7,afe6407a40ccdeab,18025d3f5a1dde11,inverted,npn_24165068bb0dbfca,6,source_graph_or_pi_replayable,evidence_advancement_v1
31065d55c02be72a,a25054b77bffab42,results/evidence_advancement/artifacts/materialized_replay_pairs/a25054b77bffab42.source.blif,virtual_binary_cut,"xor(x1,pcva_afe7d8fcdf319dc1)","[""x1"", ""pcva_afe7d8fcdf319dc1""]","[""x0"", ""x1""]",2,df18d62faaa74b27,b6cfcfc147cbac64,f14e1817ec32b1b5,same,npn_6471b342ae3c3106,6,source_graph_or_pi_replayable,evidence_advancement_v1
838d91d92eb5b896,a25054b77bffab42,results/evidence_advancement/artifacts/materialized_replay_pairs/a25054b77bffab42.source.blif,virtual_binary_cut,"and(r0,m0)","[""r0"", ""m0""]","[""r0"", ""x0"", ""x1""]",3,c367d71c2eac76ee,cad912d562146843,9875d06f074d4934,same,npn_c367d71c2eac76ee,6,source_graph_or_pi_replayable,evidence_advancement_v1
7038c287df827503,a25054b77bffab42,results/evidence_advancement/artifacts/materialized_replay_pairs/a25054b77bffab42.source.blif,virtual_binary_cut,"or(r0,m0)","[""r0"", ""m0""]","[""r0"", ""x0"", ""x1""]",3,b9cbd9a487f80552,d8f1a1158f9df939,45ee4c05f4aac508,same,npn_c367d71c2eac76ee,6,source_graph_or_pi_replayable,evidence_advancement_v1
4f8b767fea41247f,a25054b77bffab42,results/evidence_advancement/artifacts/materialized_replay_pairs/a25054b77bffab42.source.blif,virtual_binary_cut,"xor(r0,m0)","[""r0"", ""m0""]","[""r0"", ""x0"", ""x1""]",3,c2a6fb6a86cca609,275241aeb7262117,c2a6fb6a86cca609,same,npn_c2a6fb6a86cca609,6,source_graph_or_pi_replayable,evidence_advancement_v1
5bad569af8182071,a25054b77bffab42,results/evidence_advancement/artifacts/materialized_replay_pairs/a25054b77bffab42.source.blif,virtual_binary_cut,"and(r0,not(m0))","[""r0"", ""m0""]","[""r0"", ""x0"", ""x1""]",3,ef73cac577bcd031,1cddf125e7c6c591,cafeff6df6d83c72,same,npn_c367d71c2eac76ee,6,source_graph_or_pi_replayable,evidence_advancement_v1
3690fba640169f62,a25054b77bffab42,results/evidence_advancement/artifacts/materialized_replay_pairs/a25054b77bffab42.source.blif,virtual_binary_cut,"or(r0,not(m0))","[""r0"", ""m0""]","[""r0"", ""x0"", ""x1""]",3,df9216350cc7abbf,7f94ec8202b0598d,fec5a0854918cc1b,inverted,npn_c367d71c2eac76ee,6,source_graph_or_pi_replayable,evidence_advancement_v1
2850b4141e4757c9,a25054b77bffab42,results/evidence_advancement/artifacts/materialized_replay_pairs/a25054b77bffab42.source.blif,virtual_binary_cut,"or(r0,y0)","[""r0"", ""y0""]","[""r0"", ""x0"", ""x1""]",3,2b785f5c6a14009e,d4f1067dfed9dc13,2d3d88fc9460d408,same,npn_358a268fde92333a,6,source_graph_or_pi_replayable,evidence_advancement_v1
d158ac8c0c57a14d,a25054b77bffab42,results/evidence_advancement/artifacts/materialized_replay_pairs/a25054b77bffab42.source.blif,virtual_binary_cut,"xor(r0,y0)","[""r0"", ""y0""]","[""r0"", ""x0"", ""x1""]",3,519942ec52593eec,41c4b287ff7bd954,9f236f1deb165b77,same,npn_519942ec52593eec,6,source_graph_or_pi_replayable,evidence_advancement_v1
20e8c7bece8b3a75,a25054b77bffab42,results/evidence_advancement/artifacts/materialized_replay_pairs/a25054b77bffab42.source.blif,virtual_binary_cut,"or(r0,not(y0))","[""r0"", ""y0""]","[""r0"", ""x0"", ""x1""]",3,e8998d9ce7a853e5,18025d3f5a1dde11,9ebc1ab9a061b3d1,inverted,npn_24165068bb0dbfca,6,source_graph_or_pi_replayable,evidence_advancement_v1
d0a2019c6131a5d2,a25054b77bffab42,results/evidence_advancement/artifacts/materialized_replay_pairs/a25054b77bffab42.source.blif,virtual_binary_cut,"or(m0,y0)","[""m0"", ""y0""]","[""r0"", ""x0"", ""x1""]",3,4ad4886cc1aefa8e,7e04deb9e796eeba,6c2746cbb9885241,same,npn_519942ec52593eec,6,source_graph_or_pi_replayable,evidence_advancement_v1
84b89dcb31404c2c,a25054b77bffab42,results/evidence_advancement/artifacts/materialized_replay_pairs/a25054b77bffab42.source.blif,virtual_binary_cut,"xor(m0,y0)","[""m0"", ""y0""]","[""r0"", ""x0"", ""x1""]",3,e47419b31d104a12,3da639c5deee83dd,b26e7e25fcb42c21,same,npn_358a268fde92333a,6,source_graph_or_pi_replayable,evidence_advancement_v1
89d0ca9e47fb52b8,a25054b77bffab42,results/evidence_advancement/artifacts/materialized_replay_pairs/a25054b77bffab42.source.blif,virtual_binary_cut,"and(m0,pcva_afe7d8fcdf319dc1)","[""m0"", ""pcva_afe7d8fcdf319dc1""]","[""r0"", ""x0"", ""x1""]",3,8d1560b225f7c697,d31cf6dbef25069a,9fd48a0d0d9d8a1b,same,npn_9fd48a0d0d9d8a1b,6,source_graph_or_pi_replayable,evidence_advancement_v1
2334099c30645b9f,a25054b77bffab42,results/evidence_advancement/artifacts/materialized_replay_pairs/a25054b77bffab42.source.blif,virtual_binary_cut,"xor(m0,pcva_afe7d8fcdf319dc1)","[""m0"", ""pcva_afe7d8fcdf319dc1""]","[""r0"", ""x0"", ""x1""]",3,c14bc7d02c76f1ae,fc67e5cbb4b98b43,c14bc7d02c76f1ae,same,npn_c14bc7d02c76f1ae,6,source_graph_or_pi_replayable,evidence_advancement_v1
28f1366fc984d1af,be0997159857a854,results/evidence_advancement/artifacts/materialized_replay_pairs/be0997159857a854.source.blif,pi_literal,x0,"[""x0""]","[""x0""]",1,df18d62faaa74b27,b6cfcfc147cbac64,923682bea6d517dc,same,npn_923682bea6d517dc,6,source_graph_or_pi_replayable,evidence_advancement_v1
7ff58e9a9451a21f,be0997159857a854,results/evidence_advancement/artifacts/materialized_replay_pairs/be0997159857a854.source.blif,pi_literal,x1,"[""x1""]","[""x1""]",1,881bc460ec339572,7836cdae43787598,923682bea6d517dc,same,npn_923682bea6d517dc,6,source_graph_or_pi_replayable,evidence_advancement_v1
04f12fc3f85963f2,be0997159857a854,results/evidence_advancement/artifacts/materialized_replay_pairs/be0997159857a854.source.blif,pi_literal,r0,"[""r0""]","[""r0""]",1,f919733d549a9e33,71feeed0446218e8,923682bea6d517dc,same,npn_923682bea6d517dc,6,source_graph_or_pi_replayable,evidence_advancement_v1
e0c395258165f4fa,be0997159857a854,results/evidence_advancement/artifacts/materialized_replay_pairs/be0997159857a854.source.blif,source_node,m0,"[""m0""]","[""r0"", ""x0"", ""x1""]",3,8d1560b225f7c697,d31cf6dbef25069a,9fd48a0d0d9d8a1b,same,npn_9fd48a0d0d9d8a1b,6,source_graph_or_pi_replayable,evidence_advancement_v1
fe2cbcfe7adfd80f,be0997159857a854,results/evidence_advancement/artifacts/materialized_replay_pairs/be0997159857a854.source.blif,source_node,y0,"[""y0""]","[""r0"", ""x0"", ""x1""]",3,c2a6fb6a86cca609,275241aeb7262117,c2a6fb6a86cca609,same,npn_c2a6fb6a86cca609,6,source_graph_or_pi_replayable,evidence_advancement_v1
7f77bf2ea12550d1,be0997159857a854,results/evidence_advancement/artifacts/materialized_replay_pairs/be0997159857a854.source.blif,source_node,pcva_d49514ad6adfa9a4,"[""pcva_d49514ad6adfa9a4""]","[""x0"", ""x1""]",2,8d1560b225f7c697,d31cf6dbef25069a,b5d1f15c17250b42,same,npn_b5d1f15c17250b42,6,source_graph_or_pi_replayable,evidence_advancement_v1
ede1221d1c5f88ae,be0997159857a854,results/evidence_advancement/artifacts/materialized_replay_pairs/be0997159857a854.source.blif,virtual_binary_cut,"and(x0,x1)","[""x0"", ""x1""]","[""x0"", ""x1""]",2,eba8a44748a5f09c,7717b29c04225dc0,94de9e90e231b35b,same,npn_94de9e90e231b35b,6,source_graph_or_pi_replayable,evidence_advancement_v1
74b6a02f7729672e,be0997159857a854,results/evidence_advancement/artifacts/materialized_replay_pairs/be0997159857a854.source.blif,virtual_binary_cut,"or(x0,x1)","[""x0"", ""x1""]","[""x0"", ""x1""]",2,42a59debdb0bcad2,9f0c982b4c047d25,c580333a48d30dad,same,npn_94de9e90e231b35b,6,source_graph_or_pi_replayable,evidence_advancement_v1
47bda5a16596b259,be0997159857a854,results/evidence_advancement/artifacts/materialized_replay_pairs/be0997159857a854.source.blif,virtual_binary_cut,"xor(x0,x1)","[""x0"", ""x1""]","[""x0"", ""x1""]",2,8d1560b225f7c697,d31cf6dbef25069a,b5d1f15c17250b42,same,npn_b5d1f15c17250b42,6,source_graph_or_pi_replayable,evidence_advancement_v1
e6cd4a1d72f61fc9,be0997159857a854,results/evidence_advancement/artifacts/materialized_replay_pairs/be0997159857a854.source.blif,virtual_binary_cut,"and(x0,not(x1))","[""x0"", ""x1""]","[""x0"", ""x1""]",2,64b0009f6392972f,4618e905c40e8769,90f21496b5c851e8,same,npn_94de9e90e231b35b,6,source_graph_or_pi_replayable,evidence_advancement_v1
30e5bf36e4367609,be0997159857a854,results/evidence_advancement/artifacts/materialized_replay_pairs/be0997159857a854.source.blif,virtual_binary_cut,"or(x0,not(x1))","[""x0"", ""x1""]","[""x0"", ""x1""]",2,8560d332f7318334,8f0bc04977f88197,2c24932e8e4ebc2f,inverted,npn_94de9e90e231b35b,6,source_graph_or_pi_replayable,evidence_advancement_v1
1fb94b7eb1c59ffa,be0997159857a854,results/evidence_advancement/artifacts/materialized_replay_pairs/be0997159857a854.source.blif,virtual_binary_cut,"and(x0,r0)","[""x0"", ""r0""]","[""r0"", ""x0""]",2,1228de099013e868,33fc91d1cc2c3255,94de9e90e231b35b,same,npn_94de9e90e231b35b,6,source_graph_or_pi_replayable,evidence_advancement_v1
5edc1bda23d06ea3,be0997159857a854,results/evidence_advancement/artifacts/materialized_replay_pairs/be0997159857a854.source.blif,virtual_binary_cut,"or(x0,r0)","[""x0"", ""r0""]","[""r0"", ""x0""]",2,1d207ade69b2a3eb,df856b66777ea758,c580333a48d30dad,same,npn_94de9e90e231b35b,6,source_graph_or_pi_replayable,evidence_advancement_v1
58df7f9273a31460,be0997159857a854,results/evidence_advancement/artifacts/materialized_replay_pairs/be0997159857a854.source.blif,virtual_binary_cut,"xor(x0,r0)","[""x0"", ""r0""]","[""r0"", ""x0""]",2,d7a46d3b3e9464c2,26f3581e5bafe7c7,b5d1f15c17250b42,same,npn_b5d1f15c17250b42,6,source_graph_or_pi_replayable,evidence_advancement_v1
80babf02d362a518,be0997159857a854,results/evidence_advancement/artifacts/materialized_replay_pairs/be0997159857a854.source.blif,virtual_binary_cut,"and(x0,not(r0))","[""x0"", ""r0""]","[""r0"", ""x0""]",2,85473471e2f83e46,7767985351eded02,2c24932e8e4ebc2f,same,npn_94de9e90e231b35b,6,source_graph_or_pi_replayable,evidence_advancement_v1
51e56a908c1a4d43,be0997159857a854,results/evidence_advancement/artifacts/materialized_replay_pairs/be0997159857a854.source.blif,virtual_binary_cut,"or(x0,not(r0))","[""x0"", ""r0""]","[""r0"", ""x0""]",2,8251c47787737cc6,61ef94dfe370555e,90f21496b5c851e8,inverted,npn_94de9e90e231b35b,6,source_graph_or_pi_replayable,evidence_advancement_v1
dcfe9213e16692eb,be0997159857a854,results/evidence_advancement/artifacts/materialized_replay_pairs/be0997159857a854.source.blif,virtual_binary_cut,"and(x0,m0)","[""x0"", ""m0""]","[""r0"", ""x0"", ""x1""]",3,64b0009f6392972f,4618e905c40e8769,1cd47cea02efadc5,same,npn_369b91d179abba64,6,source_graph_or_pi_replayable,evidence_advancement_v1
3a3373d8068f6e9e,be0997159857a854,results/evidence_advancement/artifacts/materialized_replay_pairs/be0997159857a854.source.blif,virtual_binary_cut,"or(x0,m0)","[""x0"", ""m0""]","[""r0"", ""x0"", ""x1""]",3,42a59debdb0bcad2,9f0c982b4c047d25,6998c2b0380ed5fd,same,npn_369b91d179abba64,6,source_graph_or_pi_replayable,evidence_advancement_v1
7585c787d4a123f5,be0997159857a854,results/evidence_advancement/artifacts/materialized_replay_pairs/be0997159857a854.source.blif,virtual_binary_cut,"xor(x0,m0)","[""x0"", ""m0""]","[""r0"", ""x0"", ""x1""]",3,881bc460ec339572,7836cdae43787598,f919733d549a9e33,same,npn_f919733d549a9e33,6,source_graph_or_pi_replayable,evidence_advancement_v1
6167842b060328a3,be0997159857a854,results/evidence_advancement/artifacts/materialized_replay_pairs/be0997159857a854.source.blif,virtual_binary_cut,"and(x0,not(m0))","[""x0"", ""m0""]","[""r0"", ""x0"", ""x1""]",3,eba8a44748a5f09c,7717b29c04225dc0,369b91d179abba64,same,npn_369b91d179abba64,6,source_graph_or_pi_replayable,evidence_advancement_v1
50f9fee63374faa8,be0997159857a854,results/evidence_advancement/artifacts/materialized_replay_pairs/be0997159857a854.source.blif,virtual_binary_cut,"or(x0,not(m0))","[""x0"", ""m0""]","[""r0"", ""x0"", ""x1""]",3,8560d332f7318334,8f0bc04977f88197,40a3a71b42727dac,inverted,npn_369b91d179abba64,6,source_graph_or_pi_replayable,evidence_advancement_v1
16ccdbbf1b64afa2,be0997159857a854,results/evidence_advancement/artifacts/materialized_replay_pairs/be0997159857a854.source.blif,virtual_binary_cut,"and(x0,y0)","[""x0"", ""y0""]","[""r0"", ""x0"", ""x1""]",3,cafeff6df6d83c72,40434ab81bb65403,f349b8103440f38f,same,npn_c367d71c2eac76ee,6,source_graph_or_pi_replayable,evidence_advancement_v1
37e5d11fbc34c527,be0997159857a854,results/evidence_advancement/artifacts/materialized_replay_pairs/be0997159857a854.source.blif,virtual_binary_cut,"or(x0,y0)","[""x0"", ""y0""]","[""r0"", ""x0"", ""x1""]",3,45ee4c05f4aac508,d82871169a887f4c,786379bfa9523fe4,same,npn_c367d71c2eac76ee,6,source_graph_or_pi_replayable,evidence_advancement_v1
b037f227df764242,be0997159857a854,results/evidence_advancement/artifacts/materialized_replay_pairs/be0997159857a854.source.blif,virtual_binary_cut,"xor(x0,y0)","[""x0"", ""y0""]","[""r0"", ""x0"", ""x1""]",3,9fd48a0d0d9d8a1b,89e85f36ec391ace,d7a46d3b3e9464c2,same,npn_9fd48a0d0d9d8a1b,6,source_graph_or_pi_replayable,evidence_advancement_v1
a1a7031dadc15029,be0997159857a854,results/evidence_advancement/artifacts/materialized_replay_pairs/be0997159857a854.source.blif,virtual_binary_cut,"and(x0,not(y0))","[""x0"", ""y0""]","[""r0"", ""x0"", ""x1""]",3,9875d06f074d4934,709b7cd024183d71,e502e9191e6ed303,same,npn_c367d71c2eac76ee,6,source_graph_or_pi_replayable,evidence_advancement_v1
1fd99ca22a687ba2,be0997159857a854,results/evidence_advancement/artifacts/materialized_replay_pairs/be0997159857a854.source.blif,virtual_binary_cut,"or(x0,not(y0))","[""x0"", ""y0""]","[""r0"", ""x0"", ""x1""]",3,5f19d4e4b2292e32,fec5a0854918cc1b,13b2d0b1cc3afd67,inverted,npn_c367d71c2eac76ee,6,source_graph_or_pi_replayable,evidence_advancement_v1
bd6f1c8d50e96b09,be0997159857a854,results/evidence_advancement/artifacts/materialized_replay_pairs/be0997159857a854.source.blif,virtual_binary_cut,"xor(x0,pcva_d49514ad6adfa9a4)","[""x0"", ""pcva_d49514ad6adfa9a4""]","[""x0"", ""x1""]",2,881bc460ec339572,7836cdae43787598,6471b342ae3c3106,same,npn_6471b342ae3c3106,6,source_graph_or_pi_replayable,evidence_advancement_v1
35233d6b0fedf687,be0997159857a854,results/evidence_advancement/artifacts/materialized_replay_pairs/be0997159857a854.source.blif,virtual_binary_cut,"and(x1,r0)","[""x1"", ""r0""]","[""r0"", ""x1""]",2,369b91d179abba64,81db286b120ccd3b,94de9e90e231b35b,same,npn_94de9e90e231b35b,6,source_graph_or_pi_replayable,evidence_advancement_v1
abb3e446bc09c5ea,be0997159857a854,results/evidence_advancement/artifacts/materialized_replay_pairs/be0997159857a854.source.blif,virtual_binary_cut,"or(x1,r0)","[""x1"", ""r0""]","[""r0"", ""x1""]",2,6998c2b0380ed5fd,df970782afed63be,c580333a48d30dad,same,npn_94de9e90e231b35b,6,source_graph_or_pi_replayable,evidence_advancement_v1
3e20ad71f3c8fff3,be0997159857a854,results/evidence_advancement/artifacts/materialized_replay_pairs/be0997159857a854.source.blif,virtual_binary_cut,"xor(x1,r0)","[""x1"", ""r0""]","[""r0"", ""x1""]",2,9fd48a0d0d9d8a1b,89e85f36ec391ace,b5d1f15c17250b42,same,npn_b5d1f15c17250b42,6,source_graph_or_pi_replayable,evidence_advancement_v1
13156345d626d123,be0997159857a854,results/evidence_advancement/artifacts/materialized_replay_pairs/be0997159857a854.source.blif,virtual_binary_cut,"and(x1,not(r0))","[""x1"", ""r0""]","[""r0"", ""x1""]",2,1cd47cea02efadc5,b3dbc758ed4cf7c1,2c24932e8e4ebc2f,same,npn_94de9e90e231b35b,6,source_graph_or_pi_replayable,evidence_advancement_v1
2ec8ec4764c2b8cf,be0997159857a854,results/evidence_advancement/artifacts/materialized_replay_pairs/be0997159857a854.source.blif,virtual_binary_cut,"or(x1,not(r0))","[""x1"", ""r0""]","[""r0"", ""x1""]",2,3dd858e6fc78578a,40a3a71b42727dac,90f21496b5c851e8,inverted,npn_94de9e90e231b35b,6,source_graph_or_pi_replayable,evidence_advancement_v1
28fc2dc054659173,be0997159857a854,results/evidence_advancement/artifacts/materialized_replay_pairs/be0997159857a854.source.blif,virtual_binary_cut,"xor(x1,m0)","[""x1"", ""m0""]","[""r0"", ""x0"", ""x1""]",3,df18d62faaa74b27,b6cfcfc147cbac64,881bc460ec339572,same,npn_f919733d549a9e33,6,source_graph_or_pi_replayable,evidence_advancement_v1
6558c234af1da24e,be0997159857a854,results/evidence_advancement/artifacts/materialized_replay_pairs/be0997159857a854.source.blif,virtual_binary_cut,"and(x1,y0)","[""x1"", ""y0""]","[""r0"", ""x0"", ""x1""]",3,f349b8103440f38f,281fdcdaa6ddf1e3,ef73cac577bcd031,same,npn_c367d71c2eac76ee,6,source_graph_or_pi_replayable,evidence_advancement_v1
f3ab85712ba85886,be0997159857a854,results/evidence_advancement/artifacts/materialized_replay_pairs/be0997159857a854.source.blif,virtual_binary_cut,"or(x1,y0)","[""x1"", ""y0""]","[""r0"", ""x0"", ""x1""]",3,786379bfa9523fe4,978691fe37bbf018,b9cbd9a487f80552,same,npn_c367d71c2eac76ee,6,source_graph_or_pi_replayable,evidence_advancement_v1
e3d4afe08a3f69b7,be0997159857a854,results/evidence_advancement/artifacts/materialized_replay_pairs/be0997159857a854.source.blif,virtual_binary_cut,"xor(x1,y0)","[""x1"", ""y0""]","[""r0"", ""x0"", ""x1""]",3,d7a46d3b3e9464c2,26f3581e5bafe7c7,8d1560b225f7c697,same,npn_9fd48a0d0d9d8a1b,6,source_graph_or_pi_replayable,evidence_advancement_v1
019b4e842c0e75c4,be0997159857a854,results/evidence_advancement/artifacts/materialized_replay_pairs/be0997159857a854.source.blif,virtual_binary_cut,"and(x1,not(y0))","[""x1"", ""y0""]","[""r0"", ""x0"", ""x1""]",3,e502e9191e6ed303,9ba33c777b6dd915,c367d71c2eac76ee,same,npn_c367d71c2eac76ee,6,source_graph_or_pi_replayable,evidence_advancement_v1
cade5dee652d9450,be0997159857a854,results/evidence_advancement/artifacts/materialized_replay_pairs/be0997159857a854.source.blif,virtual_binary_cut,"or(x1,not(y0))","[""x1"", ""y0""]","[""r0"", ""x0"", ""x1""]",3,4630f7310d6febc0,13b2d0b1cc3afd67,7f94ec8202b0598d,inverted,npn_c367d71c2eac76ee,6,source_graph_or_pi_replayable,evidence_advancement_v1
b7cead8866b55551,be0997159857a854,results/evidence_advancement/artifacts/materialized_replay_pairs/be0997159857a854.source.blif,virtual_binary_cut,"xor(x1,pcva_d49514ad6adfa9a4)","[""x1"", ""pcva_d49514ad6adfa9a4""]","[""x0"", ""x1""]",2,df18d62faaa74b27,b6cfcfc147cbac64,f14e1817ec32b1b5,same,npn_6471b342ae3c3106,6,source_graph_or_pi_replayable,evidence_advancement_v1
b349b7147e99a09a,be0997159857a854,results/evidence_advancement/artifacts/materialized_replay_pairs/be0997159857a854.source.blif,virtual_binary_cut,"and(r0,m0)","[""r0"", ""m0""]","[""r0"", ""x0"", ""x1""]",3,c367d71c2eac76ee,cad912d562146843,9875d06f074d4934,same,npn_c367d71c2eac76ee,6,source_graph_or_pi_replayable,evidence_advancement_v1
6a073d14d7feba3c,be0997159857a854,results/evidence_advancement/artifacts/materialized_replay_pairs/be0997159857a854.source.blif,virtual_binary_cut,"or(r0,m0)","[""r0"", ""m0""]","[""r0"", ""x0"", ""x1""]",3,b9cbd9a487f80552,d8f1a1158f9df939,45ee4c05f4aac508,same,npn_c367d71c2eac76ee,6,source_graph_or_pi_replayable,evidence_advancement_v1
2fa355eab512a8ad,be0997159857a854,results/evidence_advancement/artifacts/materialized_replay_pairs/be0997159857a854.source.blif,virtual_binary_cut,"xor(r0,m0)","[""r0"", ""m0""]","[""r0"", ""x0"", ""x1""]",3,c2a6fb6a86cca609,275241aeb7262117,c2a6fb6a86cca609,same,npn_c2a6fb6a86cca609,6,source_graph_or_pi_replayable,evidence_advancement_v1
ccf1e25e3620cfdd,be0997159857a854,results/evidence_advancement/artifacts/materialized_replay_pairs/be0997159857a854.source.blif,virtual_binary_cut,"and(r0,not(m0))","[""r0"", ""m0""]","[""r0"", ""x0"", ""x1""]",3,ef73cac577bcd031,1cddf125e7c6c591,cafeff6df6d83c72,same,npn_c367d71c2eac76ee,6,source_graph_or_pi_replayable,evidence_advancement_v1
332842748233f8f1,be0997159857a854,results/evidence_advancement/artifacts/materialized_replay_pairs/be0997159857a854.source.blif,virtual_binary_cut,"or(r0,not(m0))","[""r0"", ""m0""]","[""r0"", ""x0"", ""x1""]",3,df9216350cc7abbf,7f94ec8202b0598d,fec5a0854918cc1b,inverted,npn_c367d71c2eac76ee,6,source_graph_or_pi_replayable,evidence_advancement_v1
03dbe2803a8d0b4b,be0997159857a854,results/evidence_advancement/artifacts/materialized_replay_pairs/be0997159857a854.source.blif,virtual_binary_cut,"xor(r0,y0)","[""r0"", ""y0""]","[""r0"", ""x0"", ""x1""]",3,8d1560b225f7c697,d31cf6dbef25069a,9fd48a0d0d9d8a1b,same,npn_9fd48a0d0d9d8a1b,6,source_graph_or_pi_replayable,evidence_advancement_v1
6da4fdf9fe95a6f3,be0997159857a854,results/evidence_advancement/artifacts/materialized_replay_pairs/be0997159857a854.source.blif,virtual_binary_cut,"xor(m0,y0)","[""m0"", ""y0""]","[""r0"", ""x0"", ""x1""]",3,f919733d549a9e33,71feeed0446218e8,df18d62faaa74b27,same,npn_f919733d549a9e33,6,source_graph_or_pi_replayable,evidence_advancement_v1
81cb09ab2c0aea8b,be0997159857a854,results/evidence_advancement/artifacts/materialized_replay_pairs/be0997159857a854.source.blif,virtual_binary_cut,"xor(m0,pcva_d49514ad6adfa9a4)","[""m0"", ""pcva_d49514ad6adfa9a4""]","[""r0"", ""x0"", ""x1""]",3,c14bc7d02c76f1ae,fc67e5cbb4b98b43,c14bc7d02c76f1ae,same,npn_c14bc7d02c76f1ae,6,source_graph_or_pi_replayable,evidence_advancement_v1
6576d6f4bea4aad5,c093f6a070b9dbc0,results/evidence_advancement/artifacts/materialized_replay_pairs/c093f6a070b9dbc0.source.blif,pi_literal,x0,"[""x0""]","[""x0""]",1,df18d62faaa74b27,b6cfcfc147cbac64,923682bea6d517dc,same,npn_923682bea6d517dc,6,source_graph_or_pi_replayable,evidence_advancement_v1
50108796f41a06cb,c093f6a070b9dbc0,results/evidence_advancement/artifacts/materialized_replay_pairs/c093f6a070b9dbc0.source.blif,pi_literal,x1,"[""x1""]","[""x1""]",1,881bc460ec339572,7836cdae43787598,923682bea6d517dc,same,npn_923682bea6d517dc,6,source_graph_or_pi_replayable,evidence_advancement_v1
131ed94c173528bc,c093f6a070b9dbc0,results/evidence_advancement/artifacts/materialized_replay_pairs/c093f6a070b9dbc0.source.blif,pi_literal,r0,"[""r0""]","[""r0""]",1,f919733d549a9e33,71feeed0446218e8,923682bea6d517dc,same,npn_923682bea6d517dc,6,source_graph_or_pi_replayable,evidence_advancement_v1
7ef8cf5a300552ba,c093f6a070b9dbc0,results/evidence_advancement/artifacts/materialized_replay_pairs/c093f6a070b9dbc0.source.blif,source_node,m0,"[""m0""]","[""r0"", ""x0"", ""x1""]",3,8d1560b225f7c697,d31cf6dbef25069a,9fd48a0d0d9d8a1b,same,npn_9fd48a0d0d9d8a1b,6,source_graph_or_pi_replayable,evidence_advancement_v1
a74e28bddbebef6f,c093f6a070b9dbc0,results/evidence_advancement/artifacts/materialized_replay_pairs/c093f6a070b9dbc0.source.blif,source_node,y0,"[""y0""]","[""r0"", ""x0"", ""x1""]",3,c2a6fb6a86cca609,275241aeb7262117,c2a6fb6a86cca609,same,npn_c2a6fb6a86cca609,6,source_graph_or_pi_replayable,evidence_advancement_v1
d775dcb1df147b95,c093f6a070b9dbc0,results/evidence_advancement/artifacts/materialized_replay_pairs/c093f6a070b9dbc0.source.blif,source_node,pcva_33a1c7c69eeb3175,"[""pcva_33a1c7c69eeb3175""]","[""x0"", ""x1""]",2,8d1560b225f7c697,d31cf6dbef25069a,b5d1f15c17250b42,same,npn_b5d1f15c17250b42,6,source_graph_or_pi_replayable,evidence_advancement_v1
ed6494df28f73fac,c093f6a070b9dbc0,results/evidence_advancement/artifacts/materialized_replay_pairs/c093f6a070b9dbc0.source.blif,virtual_binary_cut,"and(x0,x1)","[""x0"", ""x1""]","[""x0"", ""x1""]",2,eba8a44748a5f09c,7717b29c04225dc0,94de9e90e231b35b,same,npn_94de9e90e231b35b,6,source_graph_or_pi_replayable,evidence_advancement_v1
3d67267a4d639510,c093f6a070b9dbc0,results/evidence_advancement/artifacts/materialized_replay_pairs/c093f6a070b9dbc0.source.blif,virtual_binary_cut,"or(x0,x1)","[""x0"", ""x1""]","[""x0"", ""x1""]",2,42a59debdb0bcad2,9f0c982b4c047d25,c580333a48d30dad,same,npn_94de9e90e231b35b,6,source_graph_or_pi_replayable,evidence_advancement_v1
ae2a4504c4b1d0d8,c093f6a070b9dbc0,results/evidence_advancement/artifacts/materialized_replay_pairs/c093f6a070b9dbc0.source.blif,virtual_binary_cut,"xor(x0,x1)","[""x0"", ""x1""]","[""x0"", ""x1""]",2,8d1560b225f7c697,d31cf6dbef25069a,b5d1f15c17250b42,same,npn_b5d1f15c17250b42,6,source_graph_or_pi_replayable,evidence_advancement_v1
4c436b6ff111f6d2,c093f6a070b9dbc0,results/evidence_advancement/artifacts/materialized_replay_pairs/c093f6a070b9dbc0.source.blif,virtual_binary_cut,"and(x0,not(x1))","[""x0"", ""x1""]","[""x0"", ""x1""]",2,64b0009f6392972f,4618e905c40e8769,90f21496b5c851e8,same,npn_94de9e90e231b35b,6,source_graph_or_pi_replayable,evidence_advancement_v1
d0b31b86db7b9d32,c093f6a070b9dbc0,results/evidence_advancement/artifacts/materialized_replay_pairs/c093f6a070b9dbc0.source.blif,virtual_binary_cut,"or(x0,not(x1))","[""x0"", ""x1""]","[""x0"", ""x1""]",2,8560d332f7318334,8f0bc04977f88197,2c24932e8e4ebc2f,inverted,npn_94de9e90e231b35b,6,source_graph_or_pi_replayable,evidence_advancement_v1
692aa21eb5004e18,c093f6a070b9dbc0,results/evidence_advancement/artifacts/materialized_replay_pairs/c093f6a070b9dbc0.source.blif,virtual_binary_cut,"and(x0,r0)","[""x0"", ""r0""]","[""r0"", ""x0""]",2,1228de099013e868,33fc91d1cc2c3255,94de9e90e231b35b,same,npn_94de9e90e231b35b,6,source_graph_or_pi_replayable,evidence_advancement_v1
c91c4ca3e9bb1934,c093f6a070b9dbc0,results/evidence_advancement/artifacts/materialized_replay_pairs/c093f6a070b9dbc0.source.blif,virtual_binary_cut,"or(x0,r0)","[""x0"", ""r0""]","[""r0"", ""x0""]",2,1d207ade69b2a3eb,df856b66777ea758,c580333a48d30dad,same,npn_94de9e90e231b35b,6,source_graph_or_pi_replayable,evidence_advancement_v1
c942bc05c361ed36,c093f6a070b9dbc0,results/evidence_advancement/artifacts/materialized_replay_pairs/c093f6a070b9dbc0.source.blif,virtual_binary_cut,"xor(x0,r0)","[""x0"", ""r0""]","[""r0"", ""x0""]",2,d7a46d3b3e9464c2,26f3581e5bafe7c7,b5d1f15c17250b42,same,npn_b5d1f15c17250b42,6,source_graph_or_pi_replayable,evidence_advancement_v1
75ee962bba86dca4,c093f6a070b9dbc0,results/evidence_advancement/artifacts/materialized_replay_pairs/c093f6a070b9dbc0.source.blif,virtual_binary_cut,"and(x0,not(r0))","[""x0"", ""r0""]","[""r0"", ""x0""]",2,85473471e2f83e46,7767985351eded02,2c24932e8e4ebc2f,same,npn_94de9e90e231b35b,6,source_graph_or_pi_replayable,evidence_advancement_v1
2b06d4e5488acf3d,c093f6a070b9dbc0,results/evidence_advancement/artifacts/materialized_replay_pairs/c093f6a070b9dbc0.source.blif,virtual_binary_cut,"or(x0,not(r0))","[""x0"", ""r0""]","[""r0"", ""x0""]",2,8251c47787737cc6,61ef94dfe370555e,90f21496b5c851e8,inverted,npn_94de9e90e231b35b,6,source_graph_or_pi_replayable,evidence_advancement_v1
83f8fe2a7ee118aa,c093f6a070b9dbc0,results/evidence_advancement/artifacts/materialized_replay_pairs/c093f6a070b9dbc0.source.blif,virtual_binary_cut,"and(x0,m0)","[""x0"", ""m0""]","[""r0"", ""x0"", ""x1""]",3,64b0009f6392972f,4618e905c40e8769,1cd47cea02efadc5,same,npn_369b91d179abba64,6,source_graph_or_pi_replayable,evidence_advancement_v1
3d5acfe2b59a238b,c093f6a070b9dbc0,results/evidence_advancement/artifacts/materialized_replay_pairs/c093f6a070b9dbc0.source.blif,virtual_binary_cut,"or(x0,m0)","[""x0"", ""m0""]","[""r0"", ""x0"", ""x1""]",3,42a59debdb0bcad2,9f0c982b4c047d25,6998c2b0380ed5fd,same,npn_369b91d179abba64,6,source_graph_or_pi_replayable,evidence_advancement_v1
2996f7431652152c,c093f6a070b9dbc0,results/evidence_advancement/artifacts/materialized_replay_pairs/c093f6a070b9dbc0.source.blif,virtual_binary_cut,"xor(x0,m0)","[""x0"", ""m0""]","[""r0"", ""x0"", ""x1""]",3,881bc460ec339572,7836cdae43787598,f919733d549a9e33,same,npn_f919733d549a9e33,6,source_graph_or_pi_replayable,evidence_advancement_v1
2fbec2d4a345f6b6,c093f6a070b9dbc0,results/evidence_advancement/artifacts/materialized_replay_pairs/c093f6a070b9dbc0.source.blif,virtual_binary_cut,"and(x0,not(m0))","[""x0"", ""m0""]","[""r0"", ""x0"", ""x1""]",3,eba8a44748a5f09c,7717b29c04225dc0,369b91d179abba64,same,npn_369b91d179abba64,6,source_graph_or_pi_replayable,evidence_advancement_v1
3a101472452bdea0,c093f6a070b9dbc0,results/evidence_advancement/artifacts/materialized_replay_pairs/c093f6a070b9dbc0.source.blif,virtual_binary_cut,"or(x0,not(m0))","[""x0"", ""m0""]","[""r0"", ""x0"", ""x1""]",3,8560d332f7318334,8f0bc04977f88197,40a3a71b42727dac,inverted,npn_369b91d179abba64,6,source_graph_or_pi_replayable,evidence_advancement_v1
7a6e4bb99e6f6fc9,c093f6a070b9dbc0,results/evidence_advancement/artifacts/materialized_replay_pairs/c093f6a070b9dbc0.source.blif,virtual_binary_cut,"and(x0,y0)","[""x0"", ""y0""]","[""r0"", ""x0"", ""x1""]",3,cafeff6df6d83c72,40434ab81bb65403,f349b8103440f38f,same,npn_c367d71c2eac76ee,6,source_graph_or_pi_replayable,evidence_advancement_v1
324ae6987c04c355,c093f6a070b9dbc0,results/evidence_advancement/artifacts/materialized_replay_pairs/c093f6a070b9dbc0.source.blif,virtual_binary_cut,"or(x0,y0)","[""x0"", ""y0""]","[""r0"", ""x0"", ""x1""]",3,45ee4c05f4aac508,d82871169a887f4c,786379bfa9523fe4,same,npn_c367d71c2eac76ee,6,source_graph_or_pi_replayable,evidence_advancement_v1
efa091fe07f7c988,c093f6a070b9dbc0,results/evidence_advancement/artifacts/materialized_replay_pairs/c093f6a070b9dbc0.source.blif,virtual_binary_cut,"xor(x0,y0)","[""x0"", ""y0""]","[""r0"", ""x0"", ""x1""]",3,9fd48a0d0d9d8a1b,89e85f36ec391ace,d7a46d3b3e9464c2,same,npn_9fd48a0d0d9d8a1b,6,source_graph_or_pi_replayable,evidence_advancement_v1
11a17e62637f7e26,c093f6a070b9dbc0,results/evidence_advancement/artifacts/materialized_replay_pairs/c093f6a070b9dbc0.source.blif,virtual_binary_cut,"and(x0,not(y0))","[""x0"", ""y0""]","[""r0"", ""x0"", ""x1""]",3,9875d06f074d4934,709b7cd024183d71,e502e9191e6ed303,same,npn_c367d71c2eac76ee,6,source_graph_or_pi_replayable,evidence_advancement_v1
5e1b453f552d69e0,c093f6a070b9dbc0,results/evidence_advancement/artifacts/materialized_replay_pairs/c093f6a070b9dbc0.source.blif,virtual_binary_cut,"or(x0,not(y0))","[""x0"", ""y0""]","[""r0"", ""x0"", ""x1""]",3,5f19d4e4b2292e32,fec5a0854918cc1b,13b2d0b1cc3afd67,inverted,npn_c367d71c2eac76ee,6,source_graph_or_pi_replayable,evidence_advancement_v1
24a8a1cdc53f61ab,c093f6a070b9dbc0,results/evidence_advancement/artifacts/materialized_replay_pairs/c093f6a070b9dbc0.source.blif,virtual_binary_cut,"xor(x0,pcva_33a1c7c69eeb3175)","[""x0"", ""pcva_33a1c7c69eeb3175""]","[""x0"", ""x1""]",2,881bc460ec339572,7836cdae43787598,6471b342ae3c3106,same,npn_6471b342ae3c3106,6,source_graph_or_pi_replayable,evidence_advancement_v1
2559d9c33944aa17,c093f6a070b9dbc0,results/evidence_advancement/artifacts/materialized_replay_pairs/c093f6a070b9dbc0.source.blif,virtual_binary_cut,"and(x1,r0)","[""x1"", ""r0""]","[""r0"", ""x1""]",2,369b91d179abba64,81db286b120ccd3b,94de9e90e231b35b,same,npn_94de9e90e231b35b,6,source_graph_or_pi_replayable,evidence_advancement_v1
220dd044d92554f2,c093f6a070b9dbc0,results/evidence_advancement/artifacts/materialized_replay_pairs/c093f6a070b9dbc0.source.blif,virtual_binary_cut,"or(x1,r0)","[""x1"", ""r0""]","[""r0"", ""x1""]",2,6998c2b0380ed5fd,df970782afed63be,c580333a48d30dad,same,npn_94de9e90e231b35b,6,source_graph_or_pi_replayable,evidence_advancement_v1
ddc11c988f8de628,c093f6a070b9dbc0,results/evidence_advancement/artifacts/materialized_replay_pairs/c093f6a070b9dbc0.source.blif,virtual_binary_cut,"xor(x1,r0)","[""x1"", ""r0""]","[""r0"", ""x1""]",2,9fd48a0d0d9d8a1b,89e85f36ec391ace,b5d1f15c17250b42,same,npn_b5d1f15c17250b42,6,source_graph_or_pi_replayable,evidence_advancement_v1
7a1a82be299f5772,c093f6a070b9dbc0,results/evidence_advancement/artifacts/materialized_replay_pairs/c093f6a070b9dbc0.source.blif,virtual_binary_cut,"and(x1,not(r0))","[""x1"", ""r0""]","[""r0"", ""x1""]",2,1cd47cea02efadc5,b3dbc758ed4cf7c1,2c24932e8e4ebc2f,same,npn_94de9e90e231b35b,6,source_graph_or_pi_replayable,evidence_advancement_v1
168c69a9fb5a4982,c093f6a070b9dbc0,results/evidence_advancement/artifacts/materialized_replay_pairs/c093f6a070b9dbc0.source.blif,virtual_binary_cut,"or(x1,not(r0))","[""x1"", ""r0""]","[""r0"", ""x1""]",2,3dd858e6fc78578a,40a3a71b42727dac,90f21496b5c851e8,inverted,npn_94de9e90e231b35b,6,source_graph_or_pi_replayable,evidence_advancement_v1
8a9a026628934298,c093f6a070b9dbc0,results/evidence_advancement/artifacts/materialized_replay_pairs/c093f6a070b9dbc0.source.blif,virtual_binary_cut,"xor(x1,m0)","[""x1"", ""m0""]","[""r0"", ""x0"", ""x1""]",3,df18d62faaa74b27,b6cfcfc147cbac64,881bc460ec339572,same,npn_f919733d549a9e33,6,source_graph_or_pi_replayable,evidence_advancement_v1
5b939f93bcd50059,c093f6a070b9dbc0,results/evidence_advancement/artifacts/materialized_replay_pairs/c093f6a070b9dbc0.source.blif,virtual_binary_cut,"and(x1,y0)","[""x1"", ""y0""]","[""r0"", ""x0"", ""x1""]",3,f349b8103440f38f,281fdcdaa6ddf1e3,ef73cac577bcd031,same,npn_c367d71c2eac76ee,6,source_graph_or_pi_replayable,evidence_advancement_v1
5f23e4018eda7391,c093f6a070b9dbc0,results/evidence_advancement/artifacts/materialized_replay_pairs/c093f6a070b9dbc0.source.blif,virtual_binary_cut,"or(x1,y0)","[""x1"", ""y0""]","[""r0"", ""x0"", ""x1""]",3,786379bfa9523fe4,978691fe37bbf018,b9cbd9a487f80552,same,npn_c367d71c2eac76ee,6,source_graph_or_pi_replayable,evidence_advancement_v1
cb1dc0b96282c8c8,c093f6a070b9dbc0,results/evidence_advancement/artifacts/materialized_replay_pairs/c093f6a070b9dbc0.source.blif,virtual_binary_cut,"xor(x1,y0)","[""x1"", ""y0""]","[""r0"", ""x0"", ""x1""]",3,d7a46d3b3e9464c2,26f3581e5bafe7c7,8d1560b225f7c697,same,npn_9fd48a0d0d9d8a1b,6,source_graph_or_pi_replayable,evidence_advancement_v1
cf413579403b7ee5,c093f6a070b9dbc0,results/evidence_advancement/artifacts/materialized_replay_pairs/c093f6a070b9dbc0.source.blif,virtual_binary_cut,"and(x1,not(y0))","[""x1"", ""y0""]","[""r0"", ""x0"", ""x1""]",3,e502e9191e6ed303,9ba33c777b6dd915,c367d71c2eac76ee,same,npn_c367d71c2eac76ee,6,source_graph_or_pi_replayable,evidence_advancement_v1
fa6e2a7ff2d35eaa,c093f6a070b9dbc0,results/evidence_advancement/artifacts/materialized_replay_pairs/c093f6a070b9dbc0.source.blif,virtual_binary_cut,"or(x1,not(y0))","[""x1"", ""y0""]","[""r0"", ""x0"", ""x1""]",3,4630f7310d6febc0,13b2d0b1cc3afd67,7f94ec8202b0598d,inverted,npn_c367d71c2eac76ee,6,source_graph_or_pi_replayable,evidence_advancement_v1
06541fede253c6ad,c093f6a070b9dbc0,results/evidence_advancement/artifacts/materialized_replay_pairs/c093f6a070b9dbc0.source.blif,virtual_binary_cut,"xor(x1,pcva_33a1c7c69eeb3175)","[""x1"", ""pcva_33a1c7c69eeb3175""]","[""x0"", ""x1""]",2,df18d62faaa74b27,b6cfcfc147cbac64,f14e1817ec32b1b5,same,npn_6471b342ae3c3106,6,source_graph_or_pi_replayable,evidence_advancement_v1
705db58ffae873fc,c093f6a070b9dbc0,results/evidence_advancement/artifacts/materialized_replay_pairs/c093f6a070b9dbc0.source.blif,virtual_binary_cut,"and(r0,m0)","[""r0"", ""m0""]","[""r0"", ""x0"", ""x1""]",3,c367d71c2eac76ee,cad912d562146843,9875d06f074d4934,same,npn_c367d71c2eac76ee,6,source_graph_or_pi_replayable,evidence_advancement_v1
a8a5b6ed5ed8c662,c093f6a070b9dbc0,results/evidence_advancement/artifacts/materialized_replay_pairs/c093f6a070b9dbc0.source.blif,virtual_binary_cut,"or(r0,m0)","[""r0"", ""m0""]","[""r0"", ""x0"", ""x1""]",3,b9cbd9a487f80552,d8f1a1158f9df939,45ee4c05f4aac508,same,npn_c367d71c2eac76ee,6,source_graph_or_pi_replayable,evidence_advancement_v1
89023f5dde3a79a3,c093f6a070b9dbc0,results/evidence_advancement/artifacts/materialized_replay_pairs/c093f6a070b9dbc0.source.blif,virtual_binary_cut,"xor(r0,m0)","[""r0"", ""m0""]","[""r0"", ""x0"", ""x1""]",3,c2a6fb6a86cca609,275241aeb7262117,c2a6fb6a86cca609,same,npn_c2a6fb6a86cca609,6,source_graph_or_pi_replayable,evidence_advancement_v1
274df5e9d5a4171e,c093f6a070b9dbc0,results/evidence_advancement/artifacts/materialized_replay_pairs/c093f6a070b9dbc0.source.blif,virtual_binary_cut,"and(r0,not(m0))","[""r0"", ""m0""]","[""r0"", ""x0"", ""x1""]",3,ef73cac577bcd031,1cddf125e7c6c591,cafeff6df6d83c72,same,npn_c367d71c2eac76ee,6,source_graph_or_pi_replayable,evidence_advancement_v1
cefeeab3bdfc1506,c093f6a070b9dbc0,results/evidence_advancement/artifacts/materialized_replay_pairs/c093f6a070b9dbc0.source.blif,virtual_binary_cut,"or(r0,not(m0))","[""r0"", ""m0""]","[""r0"", ""x0"", ""x1""]",3,df9216350cc7abbf,7f94ec8202b0598d,fec5a0854918cc1b,inverted,npn_c367d71c2eac76ee,6,source_graph_or_pi_replayable,evidence_advancement_v1
3f676f4ffcf738a0,c093f6a070b9dbc0,results/evidence_advancement/artifacts/materialized_replay_pairs/c093f6a070b9dbc0.source.blif,virtual_binary_cut,"xor(r0,y0)","[""r0"", ""y0""]","[""r0"", ""x0"", ""x1""]",3,8d1560b225f7c697,d31cf6dbef25069a,9fd48a0d0d9d8a1b,same,npn_9fd48a0d0d9d8a1b,6,source_graph_or_pi_replayable,evidence_advancement_v1
99839ef353dfd814,c093f6a070b9dbc0,results/evidence_advancement/artifacts/materialized_replay_pairs/c093f6a070b9dbc0.source.blif,virtual_binary_cut,"xor(m0,y0)","[""m0"", ""y0""]","[""r0"", ""x0"", ""x1""]",3,f919733d549a9e33,71feeed0446218e8,df18d62faaa74b27,same,npn_f919733d549a9e33,6,source_graph_or_pi_replayable,evidence_advancement_v1
4a0ea8ec6caee4c7,c093f6a070b9dbc0,results/evidence_advancement/artifacts/materialized_replay_pairs/c093f6a070b9dbc0.source.blif,virtual_binary_cut,"xor(m0,pcva_33a1c7c69eeb3175)","[""m0"", ""pcva_33a1c7c69eeb3175""]","[""r0"", ""x0"", ""x1""]",3,c14bc7d02c76f1ae,fc67e5cbb4b98b43,c14bc7d02c76f1ae,same,npn_c14bc7d02c76f1ae,6,source_graph_or_pi_replayable,evidence_advancement_v1
bd55c955df548e76,c9d0453564d217a0,results/evidence_advancement/artifacts/materialized_replay_pairs/c9d0453564d217a0.source.blif,pi_literal,x0,"[""x0""]","[""x0""]",1,df18d62faaa74b27,b6cfcfc147cbac64,923682bea6d517dc,same,npn_923682bea6d517dc,6,source_graph_or_pi_replayable,evidence_advancement_v1
67155b9daecff50c,c9d0453564d217a0,results/evidence_advancement/artifacts/materialized_replay_pairs/c9d0453564d217a0.source.blif,pi_literal,x1,"[""x1""]","[""x1""]",1,881bc460ec339572,7836cdae43787598,923682bea6d517dc,same,npn_923682bea6d517dc,6,source_graph_or_pi_replayable,evidence_advancement_v1
98544acc96fddfb6,c9d0453564d217a0,results/evidence_advancement/artifacts/materialized_replay_pairs/c9d0453564d217a0.source.blif,pi_literal,r0,"[""r0""]","[""r0""]",1,f919733d549a9e33,71feeed0446218e8,923682bea6d517dc,same,npn_923682bea6d517dc,6,source_graph_or_pi_replayable,evidence_advancement_v1
39c52f984329e196,c9d0453564d217a0,results/evidence_advancement/artifacts/materialized_replay_pairs/c9d0453564d217a0.source.blif,source_node,m0,"[""m0""]","[""r0"", ""x0"", ""x1""]",3,8d1560b225f7c697,d31cf6dbef25069a,9fd48a0d0d9d8a1b,same,npn_9fd48a0d0d9d8a1b,6,source_graph_or_pi_replayable,evidence_advancement_v1
fb46cad663e35fc7,c9d0453564d217a0,results/evidence_advancement/artifacts/materialized_replay_pairs/c9d0453564d217a0.source.blif,source_node,y0,"[""y0""]","[""r0"", ""x0"", ""x1""]",3,c2a6fb6a86cca609,275241aeb7262117,c2a6fb6a86cca609,same,npn_c2a6fb6a86cca609,6,source_graph_or_pi_replayable,evidence_advancement_v1
fdcfeb2416f978ee,c9d0453564d217a0,results/evidence_advancement/artifacts/materialized_replay_pairs/c9d0453564d217a0.source.blif,source_node,pcva_c737e7c5b735c4c6,"[""pcva_c737e7c5b735c4c6""]","[""x0"", ""x1""]",2,8d1560b225f7c697,d31cf6dbef25069a,b5d1f15c17250b42,same,npn_b5d1f15c17250b42,6,source_graph_or_pi_replayable,evidence_advancement_v1
4341e0a05391c47d,c9d0453564d217a0,results/evidence_advancement/artifacts/materialized_replay_pairs/c9d0453564d217a0.source.blif,virtual_binary_cut,"and(x0,x1)","[""x0"", ""x1""]","[""x0"", ""x1""]",2,eba8a44748a5f09c,7717b29c04225dc0,94de9e90e231b35b,same,npn_94de9e90e231b35b,6,source_graph_or_pi_replayable,evidence_advancement_v1
9d733b8e0a892081,c9d0453564d217a0,results/evidence_advancement/artifacts/materialized_replay_pairs/c9d0453564d217a0.source.blif,virtual_binary_cut,"or(x0,x1)","[""x0"", ""x1""]","[""x0"", ""x1""]",2,42a59debdb0bcad2,9f0c982b4c047d25,c580333a48d30dad,same,npn_94de9e90e231b35b,6,source_graph_or_pi_replayable,evidence_advancement_v1
48ca9d05b633330a,c9d0453564d217a0,results/evidence_advancement/artifacts/materialized_replay_pairs/c9d0453564d217a0.source.blif,virtual_binary_cut,"xor(x0,x1)","[""x0"", ""x1""]","[""x0"", ""x1""]",2,8d1560b225f7c697,d31cf6dbef25069a,b5d1f15c17250b42,same,npn_b5d1f15c17250b42,6,source_graph_or_pi_replayable,evidence_advancement_v1
2d68b97e34c957e2,c9d0453564d217a0,results/evidence_advancement/artifacts/materialized_replay_pairs/c9d0453564d217a0.source.blif,virtual_binary_cut,"and(x0,not(x1))","[""x0"", ""x1""]","[""x0"", ""x1""]",2,64b0009f6392972f,4618e905c40e8769,90f21496b5c851e8,same,npn_94de9e90e231b35b,6,source_graph_or_pi_replayable,evidence_advancement_v1
d4008648da6818c2,c9d0453564d217a0,results/evidence_advancement/artifacts/materialized_replay_pairs/c9d0453564d217a0.source.blif,virtual_binary_cut,"or(x0,not(x1))","[""x0"", ""x1""]","[""x0"", ""x1""]",2,8560d332f7318334,8f0bc04977f88197,2c24932e8e4ebc2f,inverted,npn_94de9e90e231b35b,6,source_graph_or_pi_replayable,evidence_advancement_v1
2b8c953dde3e6afa,c9d0453564d217a0,results/evidence_advancement/artifacts/materialized_replay_pairs/c9d0453564d217a0.source.blif,virtual_binary_cut,"and(x0,r0)","[""x0"", ""r0""]","[""r0"", ""x0""]",2,1228de099013e868,33fc91d1cc2c3255,94de9e90e231b35b,same,npn_94de9e90e231b35b,6,source_graph_or_pi_replayable,evidence_advancement_v1
9ec41fe8c440413a,c9d0453564d217a0,results/evidence_advancement/artifacts/materialized_replay_pairs/c9d0453564d217a0.source.blif,virtual_binary_cut,"or(x0,r0)","[""x0"", ""r0""]","[""r0"", ""x0""]",2,1d207ade69b2a3eb,df856b66777ea758,c580333a48d30dad,same,npn_94de9e90e231b35b,6,source_graph_or_pi_replayable,evidence_advancement_v1
e90d87de94214293,c9d0453564d217a0,results/evidence_advancement/artifacts/materialized_replay_pairs/c9d0453564d217a0.source.blif,virtual_binary_cut,"xor(x0,r0)","[""x0"", ""r0""]","[""r0"", ""x0""]",2,d7a46d3b3e9464c2,26f3581e5bafe7c7,b5d1f15c17250b42,same,npn_b5d1f15c17250b42,6,source_graph_or_pi_replayable,evidence_advancement_v1
79a1146faf1ab431,c9d0453564d217a0,results/evidence_advancement/artifacts/materialized_replay_pairs/c9d0453564d217a0.source.blif,virtual_binary_cut,"and(x0,not(r0))","[""x0"", ""r0""]","[""r0"", ""x0""]",2,85473471e2f83e46,7767985351eded02,2c24932e8e4ebc2f,same,npn_94de9e90e231b35b,6,source_graph_or_pi_replayable,evidence_advancement_v1
0495ec3e911f9162,c9d0453564d217a0,results/evidence_advancement/artifacts/materialized_replay_pairs/c9d0453564d217a0.source.blif,virtual_binary_cut,"or(x0,not(r0))","[""x0"", ""r0""]","[""r0"", ""x0""]",2,8251c47787737cc6,61ef94dfe370555e,90f21496b5c851e8,inverted,npn_94de9e90e231b35b,6,source_graph_or_pi_replayable,evidence_advancement_v1
bb66b35b5330524b,c9d0453564d217a0,results/evidence_advancement/artifacts/materialized_replay_pairs/c9d0453564d217a0.source.blif,virtual_binary_cut,"and(x0,m0)","[""x0"", ""m0""]","[""r0"", ""x0"", ""x1""]",3,64b0009f6392972f,4618e905c40e8769,1cd47cea02efadc5,same,npn_369b91d179abba64,6,source_graph_or_pi_replayable,evidence_advancement_v1
31910f1548c0b3e3,c9d0453564d217a0,results/evidence_advancement/artifacts/materialized_replay_pairs/c9d0453564d217a0.source.blif,virtual_binary_cut,"or(x0,m0)","[""x0"", ""m0""]","[""r0"", ""x0"", ""x1""]",3,42a59debdb0bcad2,9f0c982b4c047d25,6998c2b0380ed5fd,same,npn_369b91d179abba64,6,source_graph_or_pi_replayable,evidence_advancement_v1
fc07370bce654071,c9d0453564d217a0,results/evidence_advancement/artifacts/materialized_replay_pairs/c9d0453564d217a0.source.blif,virtual_binary_cut,"xor(x0,m0)","[""x0"", ""m0""]","[""r0"", ""x0"", ""x1""]",3,881bc460ec339572,7836cdae43787598,f919733d549a9e33,same,npn_f919733d549a9e33,6,source_graph_or_pi_replayable,evidence_advancement_v1
eef0e2b7f287ecb2,c9d0453564d217a0,results/evidence_advancement/artifacts/materialized_replay_pairs/c9d0453564d217a0.source.blif,virtual_binary_cut,"and(x0,not(m0))","[""x0"", ""m0""]","[""r0"", ""x0"", ""x1""]",3,eba8a44748a5f09c,7717b29c04225dc0,369b91d179abba64,same,npn_369b91d179abba64,6,source_graph_or_pi_replayable,evidence_advancement_v1
8026ba028d1524ff,c9d0453564d217a0,results/evidence_advancement/artifacts/materialized_replay_pairs/c9d0453564d217a0.source.blif,virtual_binary_cut,"or(x0,not(m0))","[""x0"", ""m0""]","[""r0"", ""x0"", ""x1""]",3,8560d332f7318334,8f0bc04977f88197,40a3a71b42727dac,inverted,npn_369b91d179abba64,6,source_graph_or_pi_replayable,evidence_advancement_v1
5db8861b9ab134c3,c9d0453564d217a0,results/evidence_advancement/artifacts/materialized_replay_pairs/c9d0453564d217a0.source.blif,virtual_binary_cut,"and(x0,y0)","[""x0"", ""y0""]","[""r0"", ""x0"", ""x1""]",3,cafeff6df6d83c72,40434ab81bb65403,f349b8103440f38f,same,npn_c367d71c2eac76ee,6,source_graph_or_pi_replayable,evidence_advancement_v1
4fd9407228613c06,c9d0453564d217a0,results/evidence_advancement/artifacts/materialized_replay_pairs/c9d0453564d217a0.source.blif,virtual_binary_cut,"or(x0,y0)","[""x0"", ""y0""]","[""r0"", ""x0"", ""x1""]",3,45ee4c05f4aac508,d82871169a887f4c,786379bfa9523fe4,same,npn_c367d71c2eac76ee,6,source_graph_or_pi_replayable,evidence_advancement_v1
d59f3db1343f3506,c9d0453564d217a0,results/evidence_advancement/artifacts/materialized_replay_pairs/c9d0453564d217a0.source.blif,virtual_binary_cut,"xor(x0,y0)","[""x0"", ""y0""]","[""r0"", ""x0"", ""x1""]",3,9fd48a0d0d9d8a1b,89e85f36ec391ace,d7a46d3b3e9464c2,same,npn_9fd48a0d0d9d8a1b,6,source_graph_or_pi_replayable,evidence_advancement_v1
ab5f150fd137403f,c9d0453564d217a0,results/evidence_advancement/artifacts/materialized_replay_pairs/c9d0453564d217a0.source.blif,virtual_binary_cut,"and(x0,not(y0))","[""x0"", ""y0""]","[""r0"", ""x0"", ""x1""]",3,9875d06f074d4934,709b7cd024183d71,e502e9191e6ed303,same,npn_c367d71c2eac76ee,6,source_graph_or_pi_replayable,evidence_advancement_v1
3dda516da344eaaf,c9d0453564d217a0,results/evidence_advancement/artifacts/materialized_replay_pairs/c9d0453564d217a0.source.blif,virtual_binary_cut,"or(x0,not(y0))","[""x0"", ""y0""]","[""r0"", ""x0"", ""x1""]",3,5f19d4e4b2292e32,fec5a0854918cc1b,13b2d0b1cc3afd67,inverted,npn_c367d71c2eac76ee,6,source_graph_or_pi_replayable,evidence_advancement_v1
88165f100b1165e1,c9d0453564d217a0,results/evidence_advancement/artifacts/materialized_replay_pairs/c9d0453564d217a0.source.blif,virtual_binary_cut,"xor(x0,pcva_c737e7c5b735c4c6)","[""x0"", ""pcva_c737e7c5b735c4c6""]","[""x0"", ""x1""]",2,881bc460ec339572,7836cdae43787598,6471b342ae3c3106,same,npn_6471b342ae3c3106,6,source_graph_or_pi_replayable,evidence_advancement_v1
9a60d2a6ebc3de85,c9d0453564d217a0,results/evidence_advancement/artifacts/materialized_replay_pairs/c9d0453564d217a0.source.blif,virtual_binary_cut,"and(x1,r0)","[""x1"", ""r0""]","[""r0"", ""x1""]",2,369b91d179abba64,81db286b120ccd3b,94de9e90e231b35b,same,npn_94de9e90e231b35b,6,source_graph_or_pi_replayable,evidence_advancement_v1
ea981f3d1ec33618,c9d0453564d217a0,results/evidence_advancement/artifacts/materialized_replay_pairs/c9d0453564d217a0.source.blif,virtual_binary_cut,"or(x1,r0)","[""x1"", ""r0""]","[""r0"", ""x1""]",2,6998c2b0380ed5fd,df970782afed63be,c580333a48d30dad,same,npn_94de9e90e231b35b,6,source_graph_or_pi_replayable,evidence_advancement_v1
43496a6e52d6e672,c9d0453564d217a0,results/evidence_advancement/artifacts/materialized_replay_pairs/c9d0453564d217a0.source.blif,virtual_binary_cut,"xor(x1,r0)","[""x1"", ""r0""]","[""r0"", ""x1""]",2,9fd48a0d0d9d8a1b,89e85f36ec391ace,b5d1f15c17250b42,same,npn_b5d1f15c17250b42,6,source_graph_or_pi_replayable,evidence_advancement_v1
16813346f84022f2,c9d0453564d217a0,results/evidence_advancement/artifacts/materialized_replay_pairs/c9d0453564d217a0.source.blif,virtual_binary_cut,"and(x1,not(r0))","[""x1"", ""r0""]","[""r0"", ""x1""]",2,1cd47cea02efadc5,b3dbc758ed4cf7c1,2c24932e8e4ebc2f,same,npn_94de9e90e231b35b,6,source_graph_or_pi_replayable,evidence_advancement_v1
88fe1a29a14f4473,c9d0453564d217a0,results/evidence_advancement/artifacts/materialized_replay_pairs/c9d0453564d217a0.source.blif,virtual_binary_cut,"or(x1,not(r0))","[""x1"", ""r0""]","[""r0"", ""x1""]",2,3dd858e6fc78578a,40a3a71b42727dac,90f21496b5c851e8,inverted,npn_94de9e90e231b35b,6,source_graph_or_pi_replayable,evidence_advancement_v1
e51bc4bd6e0f77fa,c9d0453564d217a0,results/evidence_advancement/artifacts/materialized_replay_pairs/c9d0453564d217a0.source.blif,virtual_binary_cut,"xor(x1,m0)","[""x1"", ""m0""]","[""r0"", ""x0"", ""x1""]",3,df18d62faaa74b27,b6cfcfc147cbac64,881bc460ec339572,same,npn_f919733d549a9e33,6,source_graph_or_pi_replayable,evidence_advancement_v1
026b6e57b913c7ae,c9d0453564d217a0,results/evidence_advancement/artifacts/materialized_replay_pairs/c9d0453564d217a0.source.blif,virtual_binary_cut,"and(x1,y0)","[""x1"", ""y0""]","[""r0"", ""x0"", ""x1""]",3,f349b8103440f38f,281fdcdaa6ddf1e3,ef73cac577bcd031,same,npn_c367d71c2eac76ee,6,source_graph_or_pi_replayable,evidence_advancement_v1
9d569c1d51a4275f,c9d0453564d217a0,results/evidence_advancement/artifacts/materialized_replay_pairs/c9d0453564d217a0.source.blif,virtual_binary_cut,"or(x1,y0)","[""x1"", ""y0""]","[""r0"", ""x0"", ""x1""]",3,786379bfa9523fe4,978691fe37bbf018,b9cbd9a487f80552,same,npn_c367d71c2eac76ee,6,source_graph_or_pi_replayable,evidence_advancement_v1
f2271f5454543504,c9d0453564d217a0,results/evidence_advancement/artifacts/materialized_replay_pairs/c9d0453564d217a0.source.blif,virtual_binary_cut,"xor(x1,y0)","[""x1"", ""y0""]","[""r0"", ""x0"", ""x1""]",3,d7a46d3b3e9464c2,26f3581e5bafe7c7,8d1560b225f7c697,same,npn_9fd48a0d0d9d8a1b,6,source_graph_or_pi_replayable,evidence_advancement_v1
919f81bc1ee08e02,c9d0453564d217a0,results/evidence_advancement/artifacts/materialized_replay_pairs/c9d0453564d217a0.source.blif,virtual_binary_cut,"and(x1,not(y0))","[""x1"", ""y0""]","[""r0"", ""x0"", ""x1""]",3,e502e9191e6ed303,9ba33c777b6dd915,c367d71c2eac76ee,same,npn_c367d71c2eac76ee,6,source_graph_or_pi_replayable,evidence_advancement_v1
8f1085c6922dc377,c9d0453564d217a0,results/evidence_advancement/artifacts/materialized_replay_pairs/c9d0453564d217a0.source.blif,virtual_binary_cut,"or(x1,not(y0))","[""x1"", ""y0""]","[""r0"", ""x0"", ""x1""]",3,4630f7310d6febc0,13b2d0b1cc3afd67,7f94ec8202b0598d,inverted,npn_c367d71c2eac76ee,6,source_graph_or_pi_replayable,evidence_advancement_v1
12a210846080745e,c9d0453564d217a0,results/evidence_advancement/artifacts/materialized_replay_pairs/c9d0453564d217a0.source.blif,virtual_binary_cut,"xor(x1,pcva_c737e7c5b735c4c6)","[""x1"", ""pcva_c737e7c5b735c4c6""]","[""x0"", ""x1""]",2,df18d62faaa74b27,b6cfcfc147cbac64,f14e1817ec32b1b5,same,npn_6471b342ae3c3106,6,source_graph_or_pi_replayable,evidence_advancement_v1
8bce00837441e739,c9d0453564d217a0,results/evidence_advancement/artifacts/materialized_replay_pairs/c9d0453564d217a0.source.blif,virtual_binary_cut,"and(r0,m0)","[""r0"", ""m0""]","[""r0"", ""x0"", ""x1""]",3,c367d71c2eac76ee,cad912d562146843,9875d06f074d4934,same,npn_c367d71c2eac76ee,6,source_graph_or_pi_replayable,evidence_advancement_v1
a254909915b33c10,c9d0453564d217a0,results/evidence_advancement/artifacts/materialized_replay_pairs/c9d0453564d217a0.source.blif,virtual_binary_cut,"or(r0,m0)","[""r0"", ""m0""]","[""r0"", ""x0"", ""x1""]",3,b9cbd9a487f80552,d8f1a1158f9df939,45ee4c05f4aac508,same,npn_c367d71c2eac76ee,6,source_graph_or_pi_replayable,evidence_advancement_v1
bf82898b089d804a,c9d0453564d217a0,results/evidence_advancement/artifacts/materialized_replay_pairs/c9d0453564d217a0.source.blif,virtual_binary_cut,"xor(r0,m0)","[""r0"", ""m0""]","[""r0"", ""x0"", ""x1""]",3,c2a6fb6a86cca609,275241aeb7262117,c2a6fb6a86cca609,same,npn_c2a6fb6a86cca609,6,source_graph_or_pi_replayable,evidence_advancement_v1
95efccfc3897ae1c,c9d0453564d217a0,results/evidence_advancement/artifacts/materialized_replay_pairs/c9d0453564d217a0.source.blif,virtual_binary_cut,"and(r0,not(m0))","[""r0"", ""m0""]","[""r0"", ""x0"", ""x1""]",3,ef73cac577bcd031,1cddf125e7c6c591,cafeff6df6d83c72,same,npn_c367d71c2eac76ee,6,source_graph_or_pi_replayable,evidence_advancement_v1
4a12fb9cbfe45f10,c9d0453564d217a0,results/evidence_advancement/artifacts/materialized_replay_pairs/c9d0453564d217a0.source.blif,virtual_binary_cut,"or(r0,not(m0))","[""r0"", ""m0""]","[""r0"", ""x0"", ""x1""]",3,df9216350cc7abbf,7f94ec8202b0598d,fec5a0854918cc1b,inverted,npn_c367d71c2eac76ee,6,source_graph_or_pi_replayable,evidence_advancement_v1
1b820bc31ba7962d,c9d0453564d217a0,results/evidence_advancement/artifacts/materialized_replay_pairs/c9d0453564d217a0.source.blif,virtual_binary_cut,"xor(r0,y0)","[""r0"", ""y0""]","[""r0"", ""x0"", ""x1""]",3,8d1560b225f7c697,d31cf6dbef25069a,9fd48a0d0d9d8a1b,same,npn_9fd48a0d0d9d8a1b,6,source_graph_or_pi_replayable,evidence_advancement_v1
c65d3e6e5fe24d6c,c9d0453564d217a0,results/evidence_advancement/artifacts/materialized_replay_pairs/c9d0453564d217a0.source.blif,virtual_binary_cut,"xor(m0,y0)","[""m0"", ""y0""]","[""r0"", ""x0"", ""x1""]",3,f919733d549a9e33,71feeed0446218e8,df18d62faaa74b27,same,npn_f919733d549a9e33,6,source_graph_or_pi_replayable,evidence_advancement_v1
519334ede41f9e81,c9d0453564d217a0,results/evidence_advancement/artifacts/materialized_replay_pairs/c9d0453564d217a0.source.blif,virtual_binary_cut,"xor(m0,pcva_c737e7c5b735c4c6)","[""m0"", ""pcva_c737e7c5b735c4c6""]","[""r0"", ""x0"", ""x1""]",3,c14bc7d02c76f1ae,fc67e5cbb4b98b43,c14bc7d02c76f1ae,same,npn_c14bc7d02c76f1ae,6,source_graph_or_pi_replayable,evidence_advancement_v1
d33884dc15c67f59,ce7de9ffbf377b65,results/evidence_advancement/artifacts/materialized_replay_pairs/ce7de9ffbf377b65.source.blif,pi_literal,x0,"[""x0""]","[""x0""]",1,df18d62faaa74b27,b6cfcfc147cbac64,923682bea6d517dc,same,npn_923682bea6d517dc,6,source_graph_or_pi_replayable,evidence_advancement_v1
9363d3fe20ee604c,ce7de9ffbf377b65,results/evidence_advancement/artifacts/materialized_replay_pairs/ce7de9ffbf377b65.source.blif,pi_literal,x1,"[""x1""]","[""x1""]",1,881bc460ec339572,7836cdae43787598,923682bea6d517dc,same,npn_923682bea6d517dc,6,source_graph_or_pi_replayable,evidence_advancement_v1
4134162103d16620,ce7de9ffbf377b65,results/evidence_advancement/artifacts/materialized_replay_pairs/ce7de9ffbf377b65.source.blif,pi_literal,r0,"[""r0""]","[""r0""]",1,f919733d549a9e33,71feeed0446218e8,923682bea6d517dc,same,npn_923682bea6d517dc,6,source_graph_or_pi_replayable,evidence_advancement_v1
f025185ac9309a82,ce7de9ffbf377b65,results/evidence_advancement/artifacts/materialized_replay_pairs/ce7de9ffbf377b65.source.blif,source_node,m0,"[""m0""]","[""r0"", ""x0"", ""x1""]",3,8d1560b225f7c697,d31cf6dbef25069a,9fd48a0d0d9d8a1b,same,npn_9fd48a0d0d9d8a1b,6,source_graph_or_pi_replayable,evidence_advancement_v1
46d3137770e26204,ce7de9ffbf377b65,results/evidence_advancement/artifacts/materialized_replay_pairs/ce7de9ffbf377b65.source.blif,source_node,y0,"[""y0""]","[""r0"", ""x0"", ""x1""]",3,d61af64b7197e3f3,7077e1e487c73118,d61af64b7197e3f3,same,npn_d61af64b7197e3f3,6,source_graph_or_pi_replayable,evidence_advancement_v1
5fe2a1d00519b828,ce7de9ffbf377b65,results/evidence_advancement/artifacts/materialized_replay_pairs/ce7de9ffbf377b65.source.blif,source_node,pcva_49660906351ef5c0,"[""pcva_49660906351ef5c0""]","[""x0"", ""x1""]",2,8d1560b225f7c697,d31cf6dbef25069a,b5d1f15c17250b42,same,npn_b5d1f15c17250b42,6,source_graph_or_pi_replayable,evidence_advancement_v1
fced057ada1b9f1b,ce7de9ffbf377b65,results/evidence_advancement/artifacts/materialized_replay_pairs/ce7de9ffbf377b65.source.blif,virtual_binary_cut,"and(x0,x1)","[""x0"", ""x1""]","[""x0"", ""x1""]",2,eba8a44748a5f09c,7717b29c04225dc0,94de9e90e231b35b,same,npn_94de9e90e231b35b,6,source_graph_or_pi_replayable,evidence_advancement_v1
2cdae4db9a239957,ce7de9ffbf377b65,results/evidence_advancement/artifacts/materialized_replay_pairs/ce7de9ffbf377b65.source.blif,virtual_binary_cut,"or(x0,x1)","[""x0"", ""x1""]","[""x0"", ""x1""]",2,42a59debdb0bcad2,9f0c982b4c047d25,c580333a48d30dad,same,npn_94de9e90e231b35b,6,source_graph_or_pi_replayable,evidence_advancement_v1
88b802314e46f4fb,ce7de9ffbf377b65,results/evidence_advancement/artifacts/materialized_replay_pairs/ce7de9ffbf377b65.source.blif,virtual_binary_cut,"xor(x0,x1)","[""x0"", ""x1""]","[""x0"", ""x1""]",2,8d1560b225f7c697,d31cf6dbef25069a,b5d1f15c17250b42,same,npn_b5d1f15c17250b42,6,source_graph_or_pi_replayable,evidence_advancement_v1
c20b9079ffc73179,ce7de9ffbf377b65,results/evidence_advancement/artifacts/materialized_replay_pairs/ce7de9ffbf377b65.source.blif,virtual_binary_cut,"and(x0,not(x1))","[""x0"", ""x1""]","[""x0"", ""x1""]",2,64b0009f6392972f,4618e905c40e8769,90f21496b5c851e8,same,npn_94de9e90e231b35b,6,source_graph_or_pi_replayable,evidence_advancement_v1
f99f6f1f8b61a1b6,ce7de9ffbf377b65,results/evidence_advancement/artifacts/materialized_replay_pairs/ce7de9ffbf377b65.source.blif,virtual_binary_cut,"or(x0,not(x1))","[""x0"", ""x1""]","[""x0"", ""x1""]",2,8560d332f7318334,8f0bc04977f88197,2c24932e8e4ebc2f,inverted,npn_94de9e90e231b35b,6,source_graph_or_pi_replayable,evidence_advancement_v1
44aa4fdb0502edbf,ce7de9ffbf377b65,results/evidence_advancement/artifacts/materialized_replay_pairs/ce7de9ffbf377b65.source.blif,virtual_binary_cut,"and(x0,r0)","[""x0"", ""r0""]","[""r0"", ""x0""]",2,1228de099013e868,33fc91d1cc2c3255,94de9e90e231b35b,same,npn_94de9e90e231b35b,6,source_graph_or_pi_replayable,evidence_advancement_v1
373d57ca849202f7,ce7de9ffbf377b65,results/evidence_advancement/artifacts/materialized_replay_pairs/ce7de9ffbf377b65.source.blif,virtual_binary_cut,"or(x0,r0)","[""x0"", ""r0""]","[""r0"", ""x0""]",2,1d207ade69b2a3eb,df856b66777ea758,c580333a48d30dad,same,npn_94de9e90e231b35b,6,source_graph_or_pi_replayable,evidence_advancement_v1
57c4bc4947f5f040,ce7de9ffbf377b65,results/evidence_advancement/artifacts/materialized_replay_pairs/ce7de9ffbf377b65.source.blif,virtual_binary_cut,"xor(x0,r0)","[""x0"", ""r0""]","[""r0"", ""x0""]",2,d7a46d3b3e9464c2,26f3581e5bafe7c7,b5d1f15c17250b42,same,npn_b5d1f15c17250b42,6,source_graph_or_pi_replayable,evidence_advancement_v1
f279a17e2ab4b175,ce7de9ffbf377b65,results/evidence_advancement/artifacts/materialized_replay_pairs/ce7de9ffbf377b65.source.blif,virtual_binary_cut,"and(x0,not(r0))","[""x0"", ""r0""]","[""r0"", ""x0""]",2,85473471e2f83e46,7767985351eded02,2c24932e8e4ebc2f,same,npn_94de9e90e231b35b,6,source_graph_or_pi_replayable,evidence_advancement_v1
8d67a158c7688a79,ce7de9ffbf377b65,results/evidence_advancement/artifacts/materialized_replay_pairs/ce7de9ffbf377b65.source.blif,virtual_binary_cut,"or(x0,not(r0))","[""x0"", ""r0""]","[""r0"", ""x0""]",2,8251c47787737cc6,61ef94dfe370555e,90f21496b5c851e8,inverted,npn_94de9e90e231b35b,6,source_graph_or_pi_replayable,evidence_advancement_v1
561a22c865a4d6d8,ce7de9ffbf377b65,results/evidence_advancement/artifacts/materialized_replay_pairs/ce7de9ffbf377b65.source.blif,virtual_binary_cut,"and(x0,m0)","[""x0"", ""m0""]","[""r0"", ""x0"", ""x1""]",3,64b0009f6392972f,4618e905c40e8769,1cd47cea02efadc5,same,npn_369b91d179abba64,6,source_graph_or_pi_replayable,evidence_advancement_v1
fc67b99784660102,ce7de9ffbf377b65,results/evidence_advancement/artifacts/materialized_replay_pairs/ce7de9ffbf377b65.source.blif,virtual_binary_cut,"or(x0,m0)","[""x0"", ""m0""]","[""r0"", ""x0"", ""x1""]",3,42a59debdb0bcad2,9f0c982b4c047d25,6998c2b0380ed5fd,same,npn_369b91d179abba64,6,source_graph_or_pi_replayable,evidence_advancement_v1
5db8df7409751af8,ce7de9ffbf377b65,results/evidence_advancement/artifacts/materialized_replay_pairs/ce7de9ffbf377b65.source.blif,virtual_binary_cut,"xor(x0,m0)","[""x0"", ""m0""]","[""r0"", ""x0"", ""x1""]",3,881bc460ec339572,7836cdae43787598,f919733d549a9e33,same,npn_f919733d549a9e33,6,source_graph_or_pi_replayable,evidence_advancement_v1
1e04649b18125682,ce7de9ffbf377b65,results/evidence_advancement/artifacts/materialized_replay_pairs/ce7de9ffbf377b65.source.blif,virtual_binary_cut,"and(x0,not(m0))","[""x0"", ""m0""]","[""r0"", ""x0"", ""x1""]",3,eba8a44748a5f09c,7717b29c04225dc0,369b91d179abba64,same,npn_369b91d179abba64,6,source_graph_or_pi_replayable,evidence_advancement_v1
bd149ee2a1f23dbf,ce7de9ffbf377b65,results/evidence_advancement/artifacts/materialized_replay_pairs/ce7de9ffbf377b65.source.blif,virtual_binary_cut,"or(x0,not(m0))","[""x0"", ""m0""]","[""r0"", ""x0"", ""x1""]",3,8560d332f7318334,8f0bc04977f88197,40a3a71b42727dac,inverted,npn_369b91d179abba64,6,source_graph_or_pi_replayable,evidence_advancement_v1
4e44da4850ee22c1,ce7de9ffbf377b65,results/evidence_advancement/artifacts/materialized_replay_pairs/ce7de9ffbf377b65.source.blif,virtual_binary_cut,"and(x0,y0)","[""x0"", ""y0""]","[""r0"", ""x0"", ""x1""]",3,9875d06f074d4934,709b7cd024183d71,e502e9191e6ed303,same,npn_c367d71c2eac76ee,6,source_graph_or_pi_replayable,evidence_advancement_v1
d3039234d1db4521,ce7de9ffbf377b65,results/evidence_advancement/artifacts/materialized_replay_pairs/ce7de9ffbf377b65.source.blif,virtual_binary_cut,"or(x0,y0)","[""x0"", ""y0""]","[""r0"", ""x0"", ""x1""]",3,2d3d88fc9460d408,01b57a83096fa359,3b07b0bc23372d78,same,npn_358a268fde92333a,6,source_graph_or_pi_replayable,evidence_advancement_v1
f301b53b124b329f,ce7de9ffbf377b65,results/evidence_advancement/artifacts/materialized_replay_pairs/ce7de9ffbf377b65.source.blif,virtual_binary_cut,"xor(x0,y0)","[""x0"", ""y0""]","[""r0"", ""x0"", ""x1""]",3,9f236f1deb165b77,d6d4afecdd60c0e8,9e90f97db2cf97c1,same,npn_519942ec52593eec,6,source_graph_or_pi_replayable,evidence_advancement_v1
07bfe7e00a28346b,ce7de9ffbf377b65,results/evidence_advancement/artifacts/materialized_replay_pairs/ce7de9ffbf377b65.source.blif,virtual_binary_cut,"and(x0,not(y0))","[""x0"", ""y0""]","[""r0"", ""x0"", ""x1""]",3,cafeff6df6d83c72,40434ab81bb65403,f349b8103440f38f,same,npn_c367d71c2eac76ee,6,source_graph_or_pi_replayable,evidence_advancement_v1
14b3fb419b7569e2,ce7de9ffbf377b65,results/evidence_advancement/artifacts/materialized_replay_pairs/ce7de9ffbf377b65.source.blif,virtual_binary_cut,"or(x0,not(y0))","[""x0"", ""y0""]","[""r0"", ""x0"", ""x1""]",3,5242b1da53ab09a8,9ebc1ab9a061b3d1,afe6407a40ccdeab,inverted,npn_24165068bb0dbfca,6,source_graph_or_pi_replayable,evidence_advancement_v1
845eb92b793557c3,ce7de9ffbf377b65,results/evidence_advancement/artifacts/materialized_replay_pairs/ce7de9ffbf377b65.source.blif,virtual_binary_cut,"xor(x0,pcva_49660906351ef5c0)","[""x0"", ""pcva_49660906351ef5c0""]","[""x0"", ""x1""]",2,881bc460ec339572,7836cdae43787598,6471b342ae3c3106,same,npn_6471b342ae3c3106,6,source_graph_or_pi_replayable,evidence_advancement_v1
74eda9b6aaf95d0e,ce7de9ffbf377b65,results/evidence_advancement/artifacts/materialized_replay_pairs/ce7de9ffbf377b65.source.blif,virtual_binary_cut,"and(x1,r0)","[""x1"", ""r0""]","[""r0"", ""x1""]",2,369b91d179abba64,81db286b120ccd3b,94de9e90e231b35b,same,npn_94de9e90e231b35b,6,source_graph_or_pi_replayable,evidence_advancement_v1
45d59a9bdbfdeb57,ce7de9ffbf377b65,results/evidence_advancement/artifacts/materialized_replay_pairs/ce7de9ffbf377b65.source.blif,virtual_binary_cut,"or(x1,r0)","[""x1"", ""r0""]","[""r0"", ""x1""]",2,6998c2b0380ed5fd,df970782afed63be,c580333a48d30dad,same,npn_94de9e90e231b35b,6,source_graph_or_pi_replayable,evidence_advancement_v1
d165590dbcd215c7,ce7de9ffbf377b65,results/evidence_advancement/artifacts/materialized_replay_pairs/ce7de9ffbf377b65.source.blif,virtual_binary_cut,"xor(x1,r0)","[""x1"", ""r0""]","[""r0"", ""x1""]",2,9fd48a0d0d9d8a1b,89e85f36ec391ace,b5d1f15c17250b42,same,npn_b5d1f15c17250b42,6,source_graph_or_pi_replayable,evidence_advancement_v1
1d6bde07497fb6dc,ce7de9ffbf377b65,results/evidence_advancement/artifacts/materialized_replay_pairs/ce7de9ffbf377b65.source.blif,virtual_binary_cut,"and(x1,not(r0))","[""x1"", ""r0""]","[""r0"", ""x1""]",2,1cd47cea02efadc5,b3dbc758ed4cf7c1,2c24932e8e4ebc2f,same,npn_94de9e90e231b35b,6,source_graph_or_pi_replayable,evidence_advancement_v1
8b7a9bba9d323c67,ce7de9ffbf377b65,results/evidence_advancement/artifacts/materialized_replay_pairs/ce7de9ffbf377b65.source.blif,virtual_binary_cut,"or(x1,not(r0))","[""x1"", ""r0""]","[""r0"", ""x1""]",2,3dd858e6fc78578a,40a3a71b42727dac,90f21496b5c851e8,inverted,npn_94de9e90e231b35b,6,source_graph_or_pi_replayable,evidence_advancement_v1
22342e924f5f3568,ce7de9ffbf377b65,results/evidence_advancement/artifacts/materialized_replay_pairs/ce7de9ffbf377b65.source.blif,virtual_binary_cut,"xor(x1,m0)","[""x1"", ""m0""]","[""r0"", ""x0"", ""x1""]",3,df18d62faaa74b27,b6cfcfc147cbac64,881bc460ec339572,same,npn_f919733d549a9e33,6,source_graph_or_pi_replayable,evidence_advancement_v1
3f5a42546207bb5b,ce7de9ffbf377b65,results/evidence_advancement/artifacts/materialized_replay_pairs/ce7de9ffbf377b65.source.blif,virtual_binary_cut,"and(x1,y0)","[""x1"", ""y0""]","[""r0"", ""x0"", ""x1""]",3,e502e9191e6ed303,9ba33c777b6dd915,c367d71c2eac76ee,same,npn_c367d71c2eac76ee,6,source_graph_or_pi_replayable,evidence_advancement_v1
b54efeaec833ba56,ce7de9ffbf377b65,results/evidence_advancement/artifacts/materialized_replay_pairs/ce7de9ffbf377b65.source.blif,virtual_binary_cut,"or(x1,y0)","[""x1"", ""y0""]","[""r0"", ""x0"", ""x1""]",3,3b07b0bc23372d78,a21f9e000f8d8b39,2b785f5c6a14009e,same,npn_358a268fde92333a,6,source_graph_or_pi_replayable,evidence_advancement_v1
de189354a853206d,ce7de9ffbf377b65,results/evidence_advancement/artifacts/materialized_replay_pairs/ce7de9ffbf377b65.source.blif,virtual_binary_cut,"xor(x1,y0)","[""x1"", ""y0""]","[""r0"", ""x0"", ""x1""]",3,9e90f97db2cf97c1,3f87f62136bb932d,519942ec52593eec,same,npn_519942ec52593eec,6,source_graph_or_pi_replayable,evidence_advancement_v1
afa8042bbf7c12ac,ce7de9ffbf377b65,results/evidence_advancement/artifacts/materialized_replay_pairs/ce7de9ffbf377b65.source.blif,virtual_binary_cut,"and(x1,not(y0))","[""x1"", ""y0""]","[""r0"", ""x0"", ""x1""]",3,f349b8103440f38f,281fdcdaa6ddf1e3,ef73cac577bcd031,same,npn_c367d71c2eac76ee,6,source_graph_or_pi_replayable,evidence_advancement_v1
b394e2348ff895ac,ce7de9ffbf377b65,results/evidence_advancement/artifacts/materialized_replay_pairs/ce7de9ffbf377b65.source.blif,virtual_binary_cut,"or(x1,not(y0))","[""x1"", ""y0""]","[""r0"", ""x0"", ""x1""]",3,e5e9f7323f023fb7,afe6407a40ccdeab,18025d3f5a1dde11,inverted,npn_24165068bb0dbfca,6,source_graph_or_pi_replayable,evidence_advancement_v1
ccb6fd217d242576,ce7de9ffbf377b65,results/evidence_advancement/artifacts/materialized_replay_pairs/ce7de9ffbf377b65.source.blif,virtual_binary_cut,"xor(x1,pcva_49660906351ef5c0)","[""x1"", ""pcva_49660906351ef5c0""]","[""x0"", ""x1""]",2,df18d62faaa74b27,b6cfcfc147cbac64,f14e1817ec32b1b5,same,npn_6471b342ae3c3106,6,source_graph_or_pi_replayable,evidence_advancement_v1
d3f6463ed462878b,ce7de9ffbf377b65,results/evidence_advancement/artifacts/materialized_replay_pairs/ce7de9ffbf377b65.source.blif,virtual_binary_cut,"and(r0,m0)","[""r0"", ""m0""]","[""r0"", ""x0"", ""x1""]",3,c367d71c2eac76ee,cad912d562146843,9875d06f074d4934,same,npn_c367d71c2eac76ee,6,source_graph_or_pi_replayable,evidence_advancement_v1
ed5685ea430f5f2c,ce7de9ffbf377b65,results/evidence_advancement/artifacts/materialized_replay_pairs/ce7de9ffbf377b65.source.blif,virtual_binary_cut,"or(r0,m0)","[""r0"", ""m0""]","[""r0"", ""x0"", ""x1""]",3,b9cbd9a487f80552,d8f1a1158f9df939,45ee4c05f4aac508,same,npn_c367d71c2eac76ee,6,source_graph_or_pi_replayable,evidence_advancement_v1
139f58c9d0eddb74,ce7de9ffbf377b65,results/evidence_advancement/artifacts/materialized_replay_pairs/ce7de9ffbf377b65.source.blif,virtual_binary_cut,"xor(r0,m0)","[""r0"", ""m0""]","[""r0"", ""x0"", ""x1""]",3,c2a6fb6a86cca609,275241aeb7262117,c2a6fb6a86cca609,same,npn_c2a6fb6a86cca609,6,source_graph_or_pi_replayable,evidence_advancement_v1
c2158d8f7ad8320d,ce7de9ffbf377b65,results/evidence_advancement/artifacts/materialized_replay_pairs/ce7de9ffbf377b65.source.blif,virtual_binary_cut,"and(r0,not(m0))","[""r0"", ""m0""]","[""r0"", ""x0"", ""x1""]",3,ef73cac577bcd031,1cddf125e7c6c591,cafeff6df6d83c72,same,npn_c367d71c2eac76ee,6,source_graph_or_pi_replayable,evidence_advancement_v1
16288220e74874b2,ce7de9ffbf377b65,results/evidence_advancement/artifacts/materialized_replay_pairs/ce7de9ffbf377b65.source.blif,virtual_binary_cut,"or(r0,not(m0))","[""r0"", ""m0""]","[""r0"", ""x0"", ""x1""]",3,df9216350cc7abbf,7f94ec8202b0598d,fec5a0854918cc1b,inverted,npn_c367d71c2eac76ee,6,source_graph_or_pi_replayable,evidence_advancement_v1
4b671fe2c70303ff,ce7de9ffbf377b65,results/evidence_advancement/artifacts/materialized_replay_pairs/ce7de9ffbf377b65.source.blif,virtual_binary_cut,"or(r0,y0)","[""r0"", ""y0""]","[""r0"", ""x0"", ""x1""]",3,2b785f5c6a14009e,d4f1067dfed9dc13,2d3d88fc9460d408,same,npn_358a268fde92333a,6,source_graph_or_pi_replayable,evidence_advancement_v1
23e0535d94ea3dad,ce7de9ffbf377b65,results/evidence_advancement/artifacts/materialized_replay_pairs/ce7de9ffbf377b65.source.blif,virtual_binary_cut,"xor(r0,y0)","[""r0"", ""y0""]","[""r0"", ""x0"", ""x1""]",3,519942ec52593eec,41c4b287ff7bd954,9f236f1deb165b77,same,npn_519942ec52593eec,6,source_graph_or_pi_replayable,evidence_advancement_v1
ae1f278ef4685324,ce7de9ffbf377b65,results/evidence_advancement/artifacts/materialized_replay_pairs/ce7de9ffbf377b65.source.blif,virtual_binary_cut,"or(r0,not(y0))","[""r0"", ""y0""]","[""r0"", ""x0"", ""x1""]",3,e8998d9ce7a853e5,18025d3f5a1dde11,9ebc1ab9a061b3d1,inverted,npn_24165068bb0dbfca,6,source_graph_or_pi_replayable,evidence_advancement_v1
b72eae28b041d320,ce7de9ffbf377b65,results/evidence_advancement/artifacts/materialized_replay_pairs/ce7de9ffbf377b65.source.blif,virtual_binary_cut,"or(m0,y0)","[""m0"", ""y0""]","[""r0"", ""x0"", ""x1""]",3,4ad4886cc1aefa8e,7e04deb9e796eeba,6c2746cbb9885241,same,npn_519942ec52593eec,6,source_graph_or_pi_replayable,evidence_advancement_v1
a8fe6b9dc6712449,ce7de9ffbf377b65,results/evidence_advancement/artifacts/materialized_replay_pairs/ce7de9ffbf377b65.source.blif,virtual_binary_cut,"xor(m0,y0)","[""m0"", ""y0""]","[""r0"", ""x0"", ""x1""]",3,e47419b31d104a12,3da639c5deee83dd,b26e7e25fcb42c21,same,npn_358a268fde92333a,6,source_graph_or_pi_replayable,evidence_advancement_v1
0e52867a10cc4c31,ce7de9ffbf377b65,results/evidence_advancement/artifacts/materialized_replay_pairs/ce7de9ffbf377b65.source.blif,virtual_binary_cut,"and(m0,pcva_49660906351ef5c0)","[""m0"", ""pcva_49660906351ef5c0""]","[""r0"", ""x0"", ""x1""]",3,8d1560b225f7c697,d31cf6dbef25069a,9fd48a0d0d9d8a1b,same,npn_9fd48a0d0d9d8a1b,6,source_graph_or_pi_replayable,evidence_advancement_v1
f4c386fb71819c3b,ce7de9ffbf377b65,results/evidence_advancement/artifacts/materialized_replay_pairs/ce7de9ffbf377b65.source.blif,virtual_binary_cut,"xor(m0,pcva_49660906351ef5c0)","[""m0"", ""pcva_49660906351ef5c0""]","[""r0"", ""x0"", ""x1""]",3,c14bc7d02c76f1ae,fc67e5cbb4b98b43,c14bc7d02c76f1ae,same,npn_c14bc7d02c76f1ae,6,source_graph_or_pi_replayable,evidence_advancement_v1
20c71ba2ae50c9fa,d393188ce86ddbaa,results/evidence_advancement/artifacts/materialized_replay_pairs/d393188ce86ddbaa.source.blif,pi_literal,x0,"[""x0""]","[""x0""]",1,df18d62faaa74b27,b6cfcfc147cbac64,923682bea6d517dc,same,npn_923682bea6d517dc,6,source_graph_or_pi_replayable,evidence_advancement_v1
ab8ffec77e8e222d,d393188ce86ddbaa,results/evidence_advancement/artifacts/materialized_replay_pairs/d393188ce86ddbaa.source.blif,pi_literal,x1,"[""x1""]","[""x1""]",1,881bc460ec339572,7836cdae43787598,923682bea6d517dc,same,npn_923682bea6d517dc,6,source_graph_or_pi_replayable,evidence_advancement_v1
483efee212995bcc,d393188ce86ddbaa,results/evidence_advancement/artifacts/materialized_replay_pairs/d393188ce86ddbaa.source.blif,pi_literal,r0,"[""r0""]","[""r0""]",1,f919733d549a9e33,71feeed0446218e8,923682bea6d517dc,same,npn_923682bea6d517dc,6,source_graph_or_pi_replayable,evidence_advancement_v1
d67a6cfa1259cd11,d393188ce86ddbaa,results/evidence_advancement/artifacts/materialized_replay_pairs/d393188ce86ddbaa.source.blif,source_node,m0,"[""m0""]","[""r0"", ""x0"", ""x1""]",3,8d1560b225f7c697,d31cf6dbef25069a,9fd48a0d0d9d8a1b,same,npn_9fd48a0d0d9d8a1b,6,source_graph_or_pi_replayable,evidence_advancement_v1
955045e8f392b215,d393188ce86ddbaa,results/evidence_advancement/artifacts/materialized_replay_pairs/d393188ce86ddbaa.source.blif,source_node,y0,"[""y0""]","[""r0"", ""x0"", ""x1""]",3,d61af64b7197e3f3,7077e1e487c73118,d61af64b7197e3f3,same,npn_d61af64b7197e3f3,6,source_graph_or_pi_replayable,evidence_advancement_v1
6a2210ecd68b37c3,d393188ce86ddbaa,results/evidence_advancement/artifacts/materialized_replay_pairs/d393188ce86ddbaa.source.blif,source_node,pcva_849dca8d4a095b0a,"[""pcva_849dca8d4a095b0a""]","[""x0"", ""x1""]",2,8d1560b225f7c697,d31cf6dbef25069a,b5d1f15c17250b42,same,npn_b5d1f15c17250b42,6,source_graph_or_pi_replayable,evidence_advancement_v1
90ac78fbdcc120a5,d393188ce86ddbaa,results/evidence_advancement/artifacts/materialized_replay_pairs/d393188ce86ddbaa.source.blif,virtual_binary_cut,"and(x0,x1)","[""x0"", ""x1""]","[""x0"", ""x1""]",2,eba8a44748a5f09c,7717b29c04225dc0,94de9e90e231b35b,same,npn_94de9e90e231b35b,6,source_graph_or_pi_replayable,evidence_advancement_v1
7e7bbdf0b43c02ca,d393188ce86ddbaa,results/evidence_advancement/artifacts/materialized_replay_pairs/d393188ce86ddbaa.source.blif,virtual_binary_cut,"or(x0,x1)","[""x0"", ""x1""]","[""x0"", ""x1""]",2,42a59debdb0bcad2,9f0c982b4c047d25,c580333a48d30dad,same,npn_94de9e90e231b35b,6,source_graph_or_pi_replayable,evidence_advancement_v1
5274893b0cf040ee,d393188ce86ddbaa,results/evidence_advancement/artifacts/materialized_replay_pairs/d393188ce86ddbaa.source.blif,virtual_binary_cut,"xor(x0,x1)","[""x0"", ""x1""]","[""x0"", ""x1""]",2,8d1560b225f7c697,d31cf6dbef25069a,b5d1f15c17250b42,same,npn_b5d1f15c17250b42,6,source_graph_or_pi_replayable,evidence_advancement_v1
982d1112f22ac415,d393188ce86ddbaa,results/evidence_advancement/artifacts/materialized_replay_pairs/d393188ce86ddbaa.source.blif,virtual_binary_cut,"and(x0,not(x1))","[""x0"", ""x1""]","[""x0"", ""x1""]",2,64b0009f6392972f,4618e905c40e8769,90f21496b5c851e8,same,npn_94de9e90e231b35b,6,source_graph_or_pi_replayable,evidence_advancement_v1
710fb4ae0dc308b2,d393188ce86ddbaa,results/evidence_advancement/artifacts/materialized_replay_pairs/d393188ce86ddbaa.source.blif,virtual_binary_cut,"or(x0,not(x1))","[""x0"", ""x1""]","[""x0"", ""x1""]",2,8560d332f7318334,8f0bc04977f88197,2c24932e8e4ebc2f,inverted,npn_94de9e90e231b35b,6,source_graph_or_pi_replayable,evidence_advancement_v1
c2d4f5c1bfd8223b,d393188ce86ddbaa,results/evidence_advancement/artifacts/materialized_replay_pairs/d393188ce86ddbaa.source.blif,virtual_binary_cut,"and(x0,r0)","[""x0"", ""r0""]","[""r0"", ""x0""]",2,1228de099013e868,33fc91d1cc2c3255,94de9e90e231b35b,same,npn_94de9e90e231b35b,6,source_graph_or_pi_replayable,evidence_advancement_v1
a6fa813296da3c3d,d393188ce86ddbaa,results/evidence_advancement/artifacts/materialized_replay_pairs/d393188ce86ddbaa.source.blif,virtual_binary_cut,"or(x0,r0)","[""x0"", ""r0""]","[""r0"", ""x0""]",2,1d207ade69b2a3eb,df856b66777ea758,c580333a48d30dad,same,npn_94de9e90e231b35b,6,source_graph_or_pi_replayable,evidence_advancement_v1
88b0724dfb0c59d7,d393188ce86ddbaa,results/evidence_advancement/artifacts/materialized_replay_pairs/d393188ce86ddbaa.source.blif,virtual_binary_cut,"xor(x0,r0)","[""x0"", ""r0""]","[""r0"", ""x0""]",2,d7a46d3b3e9464c2,26f3581e5bafe7c7,b5d1f15c17250b42,same,npn_b5d1f15c17250b42,6,source_graph_or_pi_replayable,evidence_advancement_v1
cc3709c73f61b3ac,d393188ce86ddbaa,results/evidence_advancement/artifacts/materialized_replay_pairs/d393188ce86ddbaa.source.blif,virtual_binary_cut,"and(x0,not(r0))","[""x0"", ""r0""]","[""r0"", ""x0""]",2,85473471e2f83e46,7767985351eded02,2c24932e8e4ebc2f,same,npn_94de9e90e231b35b,6,source_graph_or_pi_replayable,evidence_advancement_v1
7c2ef3d30e014cb1,d393188ce86ddbaa,results/evidence_advancement/artifacts/materialized_replay_pairs/d393188ce86ddbaa.source.blif,virtual_binary_cut,"or(x0,not(r0))","[""x0"", ""r0""]","[""r0"", ""x0""]",2,8251c47787737cc6,61ef94dfe370555e,90f21496b5c851e8,inverted,npn_94de9e90e231b35b,6,source_graph_or_pi_replayable,evidence_advancement_v1
dca0d1e843bc962e,d393188ce86ddbaa,results/evidence_advancement/artifacts/materialized_replay_pairs/d393188ce86ddbaa.source.blif,virtual_binary_cut,"and(x0,m0)","[""x0"", ""m0""]","[""r0"", ""x0"", ""x1""]",3,64b0009f6392972f,4618e905c40e8769,1cd47cea02efadc5,same,npn_369b91d179abba64,6,source_graph_or_pi_replayable,evidence_advancement_v1
3d516538dbdf8563,d393188ce86ddbaa,results/evidence_advancement/artifacts/materialized_replay_pairs/d393188ce86ddbaa.source.blif,virtual_binary_cut,"or(x0,m0)","[""x0"", ""m0""]","[""r0"", ""x0"", ""x1""]",3,42a59debdb0bcad2,9f0c982b4c047d25,6998c2b0380ed5fd,same,npn_369b91d179abba64,6,source_graph_or_pi_replayable,evidence_advancement_v1
f10cb637641dad6f,d393188ce86ddbaa,results/evidence_advancement/artifacts/materialized_replay_pairs/d393188ce86ddbaa.source.blif,virtual_binary_cut,"xor(x0,m0)","[""x0"", ""m0""]","[""r0"", ""x0"", ""x1""]",3,881bc460ec339572,7836cdae43787598,f919733d549a9e33,same,npn_f919733d549a9e33,6,source_graph_or_pi_replayable,evidence_advancement_v1
87b14feb096fefe1,d393188ce86ddbaa,results/evidence_advancement/artifacts/materialized_replay_pairs/d393188ce86ddbaa.source.blif,virtual_binary_cut,"and(x0,not(m0))","[""x0"", ""m0""]","[""r0"", ""x0"", ""x1""]",3,eba8a44748a5f09c,7717b29c04225dc0,369b91d179abba64,same,npn_369b91d179abba64,6,source_graph_or_pi_replayable,evidence_advancement_v1
03c58d4cd34c2da6,d393188ce86ddbaa,results/evidence_advancement/artifacts/materialized_replay_pairs/d393188ce86ddbaa.source.blif,virtual_binary_cut,"or(x0,not(m0))","[""x0"", ""m0""]","[""r0"", ""x0"", ""x1""]",3,8560d332f7318334,8f0bc04977f88197,40a3a71b42727dac,inverted,npn_369b91d179abba64,6,source_graph_or_pi_replayable,evidence_advancement_v1
eea3784274362aa0,d393188ce86ddbaa,results/evidence_advancement/artifacts/materialized_replay_pairs/d393188ce86ddbaa.source.blif,virtual_binary_cut,"and(x0,y0)","[""x0"", ""y0""]","[""r0"", ""x0"", ""x1""]",3,9875d06f074d4934,709b7cd024183d71,e502e9191e6ed303,same,npn_c367d71c2eac76ee,6,source_graph_or_pi_replayable,evidence_advancement_v1
4951dd7474563081,d393188ce86ddbaa,results/evidence_advancement/artifacts/materialized_replay_pairs/d393188ce86ddbaa.source.blif,virtual_binary_cut,"or(x0,y0)","[""x0"", ""y0""]","[""r0"", ""x0"", ""x1""]",3,2d3d88fc9460d408,01b57a83096fa359,3b07b0bc23372d78,same,npn_358a268fde92333a,6,source_graph_or_pi_replayable,evidence_advancement_v1
3baa6cd9030e5fda,d393188ce86ddbaa,results/evidence_advancement/artifacts/materialized_replay_pairs/d393188ce86ddbaa.source.blif,virtual_binary_cut,"xor(x0,y0)","[""x0"", ""y0""]","[""r0"", ""x0"", ""x1""]",3,9f236f1deb165b77,d6d4afecdd60c0e8,9e90f97db2cf97c1,same,npn_519942ec52593eec,6,source_graph_or_pi_replayable,evidence_advancement_v1
dc081527110c2c72,d393188ce86ddbaa,results/evidence_advancement/artifacts/materialized_replay_pairs/d393188ce86ddbaa.source.blif,virtual_binary_cut,"and(x0,not(y0))","[""x0"", ""y0""]","[""r0"", ""x0"", ""x1""]",3,cafeff6df6d83c72,40434ab81bb65403,f349b8103440f38f,same,npn_c367d71c2eac76ee,6,source_graph_or_pi_replayable,evidence_advancement_v1
ab0959720b1fb6a4,d393188ce86ddbaa,results/evidence_advancement/artifacts/materialized_replay_pairs/d393188ce86ddbaa.source.blif,virtual_binary_cut,"or(x0,not(y0))","[""x0"", ""y0""]","[""r0"", ""x0"", ""x1""]",3,5242b1da53ab09a8,9ebc1ab9a061b3d1,afe6407a40ccdeab,inverted,npn_24165068bb0dbfca,6,source_graph_or_pi_replayable,evidence_advancement_v1
bd6f7199c15ef3c6,d393188ce86ddbaa,results/evidence_advancement/artifacts/materialized_replay_pairs/d393188ce86ddbaa.source.blif,virtual_binary_cut,"xor(x0,pcva_849dca8d4a095b0a)","[""x0"", ""pcva_849dca8d4a095b0a""]","[""x0"", ""x1""]",2,881bc460ec339572,7836cdae43787598,6471b342ae3c3106,same,npn_6471b342ae3c3106,6,source_graph_or_pi_replayable,evidence_advancement_v1
eb41d5d9477486e9,d393188ce86ddbaa,results/evidence_advancement/artifacts/materialized_replay_pairs/d393188ce86ddbaa.source.blif,virtual_binary_cut,"and(x1,r0)","[""x1"", ""r0""]","[""r0"", ""x1""]",2,369b91d179abba64,81db286b120ccd3b,94de9e90e231b35b,same,npn_94de9e90e231b35b,6,source_graph_or_pi_replayable,evidence_advancement_v1
20261688bbfad08c,d393188ce86ddbaa,results/evidence_advancement/artifacts/materialized_replay_pairs/d393188ce86ddbaa.source.blif,virtual_binary_cut,"or(x1,r0)","[""x1"", ""r0""]","[""r0"", ""x1""]",2,6998c2b0380ed5fd,df970782afed63be,c580333a48d30dad,same,npn_94de9e90e231b35b,6,source_graph_or_pi_replayable,evidence_advancement_v1
db4c924496365617,d393188ce86ddbaa,results/evidence_advancement/artifacts/materialized_replay_pairs/d393188ce86ddbaa.source.blif,virtual_binary_cut,"xor(x1,r0)","[""x1"", ""r0""]","[""r0"", ""x1""]",2,9fd48a0d0d9d8a1b,89e85f36ec391ace,b5d1f15c17250b42,same,npn_b5d1f15c17250b42,6,source_graph_or_pi_replayable,evidence_advancement_v1
d28403d347cee63c,d393188ce86ddbaa,results/evidence_advancement/artifacts/materialized_replay_pairs/d393188ce86ddbaa.source.blif,virtual_binary_cut,"and(x1,not(r0))","[""x1"", ""r0""]","[""r0"", ""x1""]",2,1cd47cea02efadc5,b3dbc758ed4cf7c1,2c24932e8e4ebc2f,same,npn_94de9e90e231b35b,6,source_graph_or_pi_replayable,evidence_advancement_v1
98268d24d0b5cce8,d393188ce86ddbaa,results/evidence_advancement/artifacts/materialized_replay_pairs/d393188ce86ddbaa.source.blif,virtual_binary_cut,"or(x1,not(r0))","[""x1"", ""r0""]","[""r0"", ""x1""]",2,3dd858e6fc78578a,40a3a71b42727dac,90f21496b5c851e8,inverted,npn_94de9e90e231b35b,6,source_graph_or_pi_replayable,evidence_advancement_v1
6e6d7a2c112b10a2,d393188ce86ddbaa,results/evidence_advancement/artifacts/materialized_replay_pairs/d393188ce86ddbaa.source.blif,virtual_binary_cut,"xor(x1,m0)","[""x1"", ""m0""]","[""r0"", ""x0"", ""x1""]",3,df18d62faaa74b27,b6cfcfc147cbac64,881bc460ec339572,same,npn_f919733d549a9e33,6,source_graph_or_pi_replayable,evidence_advancement_v1
deee91e2d837a888,d393188ce86ddbaa,results/evidence_advancement/artifacts/materialized_replay_pairs/d393188ce86ddbaa.source.blif,virtual_binary_cut,"and(x1,y0)","[""x1"", ""y0""]","[""r0"", ""x0"", ""x1""]",3,e502e9191e6ed303,9ba33c777b6dd915,c367d71c2eac76ee,same,npn_c367d71c2eac76ee,6,source_graph_or_pi_replayable,evidence_advancement_v1
9ec145cf0cdd79c5,d393188ce86ddbaa,results/evidence_advancement/artifacts/materialized_replay_pairs/d393188ce86ddbaa.source.blif,virtual_binary_cut,"or(x1,y0)","[""x1"", ""y0""]","[""r0"", ""x0"", ""x1""]",3,3b07b0bc23372d78,a21f9e000f8d8b39,2b785f5c6a14009e,same,npn_358a268fde92333a,6,source_graph_or_pi_replayable,evidence_advancement_v1
6b0166d2bcf6fc67,d393188ce86ddbaa,results/evidence_advancement/artifacts/materialized_replay_pairs/d393188ce86ddbaa.source.blif,virtual_binary_cut,"xor(x1,y0)","[""x1"", ""y0""]","[""r0"", ""x0"", ""x1""]",3,9e90f97db2cf97c1,3f87f62136bb932d,519942ec52593eec,same,npn_519942ec52593eec,6,source_graph_or_pi_replayable,evidence_advancement_v1
9d0e6871d40cc94c,d393188ce86ddbaa,results/evidence_advancement/artifacts/materialized_replay_pairs/d393188ce86ddbaa.source.blif,virtual_binary_cut,"and(x1,not(y0))","[""x1"", ""y0""]","[""r0"", ""x0"", ""x1""]",3,f349b8103440f38f,281fdcdaa6ddf1e3,ef73cac577bcd031,same,npn_c367d71c2eac76ee,6,source_graph_or_pi_replayable,evidence_advancement_v1
59e9694f88e2ff01,d393188ce86ddbaa,results/evidence_advancement/artifacts/materialized_replay_pairs/d393188ce86ddbaa.source.blif,virtual_binary_cut,"or(x1,not(y0))","[""x1"", ""y0""]","[""r0"", ""x0"", ""x1""]",3,e5e9f7323f023fb7,afe6407a40ccdeab,18025d3f5a1dde11,inverted,npn_24165068bb0dbfca,6,source_graph_or_pi_replayable,evidence_advancement_v1
4ca777b07a211859,d393188ce86ddbaa,results/evidence_advancement/artifacts/materialized_replay_pairs/d393188ce86ddbaa.source.blif,virtual_binary_cut,"xor(x1,pcva_849dca8d4a095b0a)","[""x1"", ""pcva_849dca8d4a095b0a""]","[""x0"", ""x1""]",2,df18d62faaa74b27,b6cfcfc147cbac64,f14e1817ec32b1b5,same,npn_6471b342ae3c3106,6,source_graph_or_pi_replayable,evidence_advancement_v1
41346a1e19f28b9b,d393188ce86ddbaa,results/evidence_advancement/artifacts/materialized_replay_pairs/d393188ce86ddbaa.source.blif,virtual_binary_cut,"and(r0,m0)","[""r0"", ""m0""]","[""r0"", ""x0"", ""x1""]",3,c367d71c2eac76ee,cad912d562146843,9875d06f074d4934,same,npn_c367d71c2eac76ee,6,source_graph_or_pi_replayable,evidence_advancement_v1
cf04d4c174aa421e,d393188ce86ddbaa,results/evidence_advancement/artifacts/materialized_replay_pairs/d393188ce86ddbaa.source.blif,virtual_binary_cut,"or(r0,m0)","[""r0"", ""m0""]","[""r0"", ""x0"", ""x1""]",3,b9cbd9a487f80552,d8f1a1158f9df939,45ee4c05f4aac508,same,npn_c367d71c2eac76ee,6,source_graph_or_pi_replayable,evidence_advancement_v1
f304ab2fea2a80a6,d393188ce86ddbaa,results/evidence_advancement/artifacts/materialized_replay_pairs/d393188ce86ddbaa.source.blif,virtual_binary_cut,"xor(r0,m0)","[""r0"", ""m0""]","[""r0"", ""x0"", ""x1""]",3,c2a6fb6a86cca609,275241aeb7262117,c2a6fb6a86cca609,same,npn_c2a6fb6a86cca609,6,source_graph_or_pi_replayable,evidence_advancement_v1
7d684870809aaa80,d393188ce86ddbaa,results/evidence_advancement/artifacts/materialized_replay_pairs/d393188ce86ddbaa.source.blif,virtual_binary_cut,"and(r0,not(m0))","[""r0"", ""m0""]","[""r0"", ""x0"", ""x1""]",3,ef73cac577bcd031,1cddf125e7c6c591,cafeff6df6d83c72,same,npn_c367d71c2eac76ee,6,source_graph_or_pi_replayable,evidence_advancement_v1
cfbcdb38d6949cbd,d393188ce86ddbaa,results/evidence_advancement/artifacts/materialized_replay_pairs/d393188ce86ddbaa.source.blif,virtual_binary_cut,"or(r0,not(m0))","[""r0"", ""m0""]","[""r0"", ""x0"", ""x1""]",3,df9216350cc7abbf,7f94ec8202b0598d,fec5a0854918cc1b,inverted,npn_c367d71c2eac76ee,6,source_graph_or_pi_replayable,evidence_advancement_v1
4eb57d1a4e408323,d393188ce86ddbaa,results/evidence_advancement/artifacts/materialized_replay_pairs/d393188ce86ddbaa.source.blif,virtual_binary_cut,"or(r0,y0)","[""r0"", ""y0""]","[""r0"", ""x0"", ""x1""]",3,2b785f5c6a14009e,d4f1067dfed9dc13,2d3d88fc9460d408,same,npn_358a268fde92333a,6,source_graph_or_pi_replayable,evidence_advancement_v1
1596cb3317354948,d393188ce86ddbaa,results/evidence_advancement/artifacts/materialized_replay_pairs/d393188ce86ddbaa.source.blif,virtual_binary_cut,"xor(r0,y0)","[""r0"", ""y0""]","[""r0"", ""x0"", ""x1""]",3,519942ec52593eec,41c4b287ff7bd954,9f236f1deb165b77,same,npn_519942ec52593eec,6,source_graph_or_pi_replayable,evidence_advancement_v1
9b9885f0ede0c6c9,d393188ce86ddbaa,results/evidence_advancement/artifacts/materialized_replay_pairs/d393188ce86ddbaa.source.blif,virtual_binary_cut,"or(r0,not(y0))","[""r0"", ""y0""]","[""r0"", ""x0"", ""x1""]",3,e8998d9ce7a853e5,18025d3f5a1dde11,9ebc1ab9a061b3d1,inverted,npn_24165068bb0dbfca,6,source_graph_or_pi_replayable,evidence_advancement_v1
8ef623d11318ca94,d393188ce86ddbaa,results/evidence_advancement/artifacts/materialized_replay_pairs/d393188ce86ddbaa.source.blif,virtual_binary_cut,"or(m0,y0)","[""m0"", ""y0""]","[""r0"", ""x0"", ""x1""]",3,4ad4886cc1aefa8e,7e04deb9e796eeba,6c2746cbb9885241,same,npn_519942ec52593eec,6,source_graph_or_pi_replayable,evidence_advancement_v1
00bb16593d963f33,d393188ce86ddbaa,results/evidence_advancement/artifacts/materialized_replay_pairs/d393188ce86ddbaa.source.blif,virtual_binary_cut,"xor(m0,y0)","[""m0"", ""y0""]","[""r0"", ""x0"", ""x1""]",3,e47419b31d104a12,3da639c5deee83dd,b26e7e25fcb42c21,same,npn_358a268fde92333a,6,source_graph_or_pi_replayable,evidence_advancement_v1
c3d24f97cae18309,d393188ce86ddbaa,results/evidence_advancement/artifacts/materialized_replay_pairs/d393188ce86ddbaa.source.blif,virtual_binary_cut,"and(m0,pcva_849dca8d4a095b0a)","[""m0"", ""pcva_849dca8d4a095b0a""]","[""r0"", ""x0"", ""x1""]",3,8d1560b225f7c697,d31cf6dbef25069a,9fd48a0d0d9d8a1b,same,npn_9fd48a0d0d9d8a1b,6,source_graph_or_pi_replayable,evidence_advancement_v1
71557638f6376590,d393188ce86ddbaa,results/evidence_advancement/artifacts/materialized_replay_pairs/d393188ce86ddbaa.source.blif,virtual_binary_cut,"xor(m0,pcva_849dca8d4a095b0a)","[""m0"", ""pcva_849dca8d4a095b0a""]","[""r0"", ""x0"", ""x1""]",3,c14bc7d02c76f1ae,fc67e5cbb4b98b43,c14bc7d02c76f1ae,same,npn_c14bc7d02c76f1ae,6,source_graph_or_pi_replayable,evidence_advancement_v1
2ddf95ab7870cab1,d51ad725072b333e,results/evidence_advancement/artifacts/materialized_replay_pairs/d51ad725072b333e.source.blif,pi_literal,x0,"[""x0""]","[""x0""]",1,df18d62faaa74b27,b6cfcfc147cbac64,923682bea6d517dc,same,npn_923682bea6d517dc,6,source_graph_or_pi_replayable,evidence_advancement_v1
b9c72b6357c5cc7a,d51ad725072b333e,results/evidence_advancement/artifacts/materialized_replay_pairs/d51ad725072b333e.source.blif,pi_literal,x1,"[""x1""]","[""x1""]",1,881bc460ec339572,7836cdae43787598,923682bea6d517dc,same,npn_923682bea6d517dc,6,source_graph_or_pi_replayable,evidence_advancement_v1
ef84ac3895ae1bbc,d51ad725072b333e,results/evidence_advancement/artifacts/materialized_replay_pairs/d51ad725072b333e.source.blif,pi_literal,r0,"[""r0""]","[""r0""]",1,f919733d549a9e33,71feeed0446218e8,923682bea6d517dc,same,npn_923682bea6d517dc,6,source_graph_or_pi_replayable,evidence_advancement_v1
809fad15e1a18e9d,d51ad725072b333e,results/evidence_advancement/artifacts/materialized_replay_pairs/d51ad725072b333e.source.blif,source_node,m0,"[""m0""]","[""r0"", ""x0"", ""x1""]",3,eba8a44748a5f09c,7717b29c04225dc0,369b91d179abba64,same,npn_369b91d179abba64,6,source_graph_or_pi_replayable,evidence_advancement_v1
c89f45dad5cd7c29,d51ad725072b333e,results/evidence_advancement/artifacts/materialized_replay_pairs/d51ad725072b333e.source.blif,source_node,y0,"[""y0""]","[""r0"", ""x0"", ""x1""]",3,2e96a02abe3f2e05,a8f244d01461e4e3,60196d9c90521e9d,same,npn_2e96a02abe3f2e05,6,source_graph_or_pi_replayable,evidence_advancement_v1
2b32b2054c838beb,d51ad725072b333e,results/evidence_advancement/artifacts/materialized_replay_pairs/d51ad725072b333e.source.blif,source_node,pcva_4c33dedaa47329cb,"[""pcva_4c33dedaa47329cb""]","[""x0"", ""x1""]",2,eba8a44748a5f09c,7717b29c04225dc0,94de9e90e231b35b,same,npn_94de9e90e231b35b,6,source_graph_or_pi_replayable,evidence_advancement_v1
a08048ed0e888d6e,d51ad725072b333e,results/evidence_advancement/artifacts/materialized_replay_pairs/d51ad725072b333e.source.blif,virtual_binary_cut,"and(x0,x1)","[""x0"", ""x1""]","[""x0"", ""x1""]",2,eba8a44748a5f09c,7717b29c04225dc0,94de9e90e231b35b,same,npn_94de9e90e231b35b,6,source_graph_or_pi_replayable,evidence_advancement_v1
604fe8cb1fcce97f,d51ad725072b333e,results/evidence_advancement/artifacts/materialized_replay_pairs/d51ad725072b333e.source.blif,virtual_binary_cut,"or(x0,x1)","[""x0"", ""x1""]","[""x0"", ""x1""]",2,42a59debdb0bcad2,9f0c982b4c047d25,c580333a48d30dad,same,npn_94de9e90e231b35b,6,source_graph_or_pi_replayable,evidence_advancement_v1
a7b17a3df96c5816,d51ad725072b333e,results/evidence_advancement/artifacts/materialized_replay_pairs/d51ad725072b333e.source.blif,virtual_binary_cut,"xor(x0,x1)","[""x0"", ""x1""]","[""x0"", ""x1""]",2,8d1560b225f7c697,d31cf6dbef25069a,b5d1f15c17250b42,same,npn_b5d1f15c17250b42,6,source_graph_or_pi_replayable,evidence_advancement_v1
b9b9a8847a4c80b7,d51ad725072b333e,results/evidence_advancement/artifacts/materialized_replay_pairs/d51ad725072b333e.source.blif,virtual_binary_cut,"and(x0,not(x1))","[""x0"", ""x1""]","[""x0"", ""x1""]",2,64b0009f6392972f,4618e905c40e8769,90f21496b5c851e8,same,npn_94de9e90e231b35b,6,source_graph_or_pi_replayable,evidence_advancement_v1
3f33137bc1e7f62c,d51ad725072b333e,results/evidence_advancement/artifacts/materialized_replay_pairs/d51ad725072b333e.source.blif,virtual_binary_cut,"or(x0,not(x1))","[""x0"", ""x1""]","[""x0"", ""x1""]",2,8560d332f7318334,8f0bc04977f88197,2c24932e8e4ebc2f,inverted,npn_94de9e90e231b35b,6,source_graph_or_pi_replayable,evidence_advancement_v1
80a5bd2408444379,d51ad725072b333e,results/evidence_advancement/artifacts/materialized_replay_pairs/d51ad725072b333e.source.blif,virtual_binary_cut,"and(x0,r0)","[""x0"", ""r0""]","[""r0"", ""x0""]",2,1228de099013e868,33fc91d1cc2c3255,94de9e90e231b35b,same,npn_94de9e90e231b35b,6,source_graph_or_pi_replayable,evidence_advancement_v1
d5922a586df0e217,d51ad725072b333e,results/evidence_advancement/artifacts/materialized_replay_pairs/d51ad725072b333e.source.blif,virtual_binary_cut,"or(x0,r0)","[""x0"", ""r0""]","[""r0"", ""x0""]",2,1d207ade69b2a3eb,df856b66777ea758,c580333a48d30dad,same,npn_94de9e90e231b35b,6,source_graph_or_pi_replayable,evidence_advancement_v1
c7b56d228ebbb58f,d51ad725072b333e,results/evidence_advancement/artifacts/materialized_replay_pairs/d51ad725072b333e.source.blif,virtual_binary_cut,"xor(x0,r0)","[""x0"", ""r0""]","[""r0"", ""x0""]",2,d7a46d3b3e9464c2,26f3581e5bafe7c7,b5d1f15c17250b42,same,npn_b5d1f15c17250b42,6,source_graph_or_pi_replayable,evidence_advancement_v1
38447ffc4919a9d0,d51ad725072b333e,results/evidence_advancement/artifacts/materialized_replay_pairs/d51ad725072b333e.source.blif,virtual_binary_cut,"and(x0,not(r0))","[""x0"", ""r0""]","[""r0"", ""x0""]",2,85473471e2f83e46,7767985351eded02,2c24932e8e4ebc2f,same,npn_94de9e90e231b35b,6,source_graph_or_pi_replayable,evidence_advancement_v1
0cd2777a5868870e,d51ad725072b333e,results/evidence_advancement/artifacts/materialized_replay_pairs/d51ad725072b333e.source.blif,virtual_binary_cut,"or(x0,not(r0))","[""x0"", ""r0""]","[""r0"", ""x0""]",2,8251c47787737cc6,61ef94dfe370555e,90f21496b5c851e8,inverted,npn_94de9e90e231b35b,6,source_graph_or_pi_replayable,evidence_advancement_v1
68a9c0c3b57972ac,d51ad725072b333e,results/evidence_advancement/artifacts/materialized_replay_pairs/d51ad725072b333e.source.blif,virtual_binary_cut,"and(x0,m0)","[""x0"", ""m0""]","[""r0"", ""x0"", ""x1""]",3,eba8a44748a5f09c,7717b29c04225dc0,369b91d179abba64,same,npn_369b91d179abba64,6,source_graph_or_pi_replayable,evidence_advancement_v1
456d8e5fbd0777eb,d51ad725072b333e,results/evidence_advancement/artifacts/materialized_replay_pairs/d51ad725072b333e.source.blif,virtual_binary_cut,"or(x0,m0)","[""x0"", ""m0""]","[""r0"", ""x0"", ""x1""]",3,df18d62faaa74b27,b6cfcfc147cbac64,881bc460ec339572,same,npn_f919733d549a9e33,6,source_graph_or_pi_replayable,evidence_advancement_v1
cfbb96c41d37dd6d,d51ad725072b333e,results/evidence_advancement/artifacts/materialized_replay_pairs/d51ad725072b333e.source.blif,virtual_binary_cut,"xor(x0,m0)","[""x0"", ""m0""]","[""r0"", ""x0"", ""x1""]",3,64b0009f6392972f,4618e905c40e8769,1cd47cea02efadc5,same,npn_369b91d179abba64,6,source_graph_or_pi_replayable,evidence_advancement_v1
3623e619f91e983f,d51ad725072b333e,results/evidence_advancement/artifacts/materialized_replay_pairs/d51ad725072b333e.source.blif,virtual_binary_cut,"or(x0,not(m0))","[""x0"", ""m0""]","[""r0"", ""x0"", ""x1""]",3,fc67e5cbb4b98b43,c14bc7d02c76f1ae,c14bc7d02c76f1ae,inverted,npn_c14bc7d02c76f1ae,6,source_graph_or_pi_replayable,evidence_advancement_v1
e9a45d96d29732d8,d51ad725072b333e,results/evidence_advancement/artifacts/materialized_replay_pairs/d51ad725072b333e.source.blif,virtual_binary_cut,"and(x0,y0)","[""x0"", ""y0""]","[""r0"", ""x0"", ""x1""]",3,9875d06f074d4934,709b7cd024183d71,e502e9191e6ed303,same,npn_c367d71c2eac76ee,6,source_graph_or_pi_replayable,evidence_advancement_v1
bd4fd96363b92d18,d51ad725072b333e,results/evidence_advancement/artifacts/materialized_replay_pairs/d51ad725072b333e.source.blif,virtual_binary_cut,"or(x0,y0)","[""x0"", ""y0""]","[""r0"", ""x0"", ""x1""]",3,1d207ade69b2a3eb,df856b66777ea758,42a59debdb0bcad2,same,npn_369b91d179abba64,6,source_graph_or_pi_replayable,evidence_advancement_v1
9c622895d7cecfbd,d51ad725072b333e,results/evidence_advancement/artifacts/materialized_replay_pairs/d51ad725072b333e.source.blif,virtual_binary_cut,"xor(x0,y0)","[""x0"", ""y0""]","[""r0"", ""x0"", ""x1""]",3,194fa8893fa382cf,16e8cc99320bb4ce,62ad13d001efd14a,same,npn_2e96a02abe3f2e05,6,source_graph_or_pi_replayable,evidence_advancement_v1
f85afee6f21b7e2a,d51ad725072b333e,results/evidence_advancement/artifacts/materialized_replay_pairs/d51ad725072b333e.source.blif,virtual_binary_cut,"and(x0,not(y0))","[""x0"", ""y0""]","[""r0"", ""x0"", ""x1""]",3,cafeff6df6d83c72,40434ab81bb65403,f349b8103440f38f,same,npn_c367d71c2eac76ee,6,source_graph_or_pi_replayable,evidence_advancement_v1
b0e6bd273e8da13b,d51ad725072b333e,results/evidence_advancement/artifacts/materialized_replay_pairs/d51ad725072b333e.source.blif,virtual_binary_cut,"or(x0,not(y0))","[""x0"", ""y0""]","[""r0"", ""x0"", ""x1""]",3,8251c47787737cc6,61ef94dfe370555e,64b0009f6392972f,inverted,npn_369b91d179abba64,6,source_graph_or_pi_replayable,evidence_advancement_v1
78f6a2708a06daf7,d51ad725072b333e,results/evidence_advancement/artifacts/materialized_replay_pairs/d51ad725072b333e.source.blif,virtual_binary_cut,"or(x0,pcva_4c33dedaa47329cb)","[""x0"", ""pcva_4c33dedaa47329cb""]","[""x0"", ""x1""]",2,df18d62faaa74b27,b6cfcfc147cbac64,f14e1817ec32b1b5,same,npn_6471b342ae3c3106,6,source_graph_or_pi_replayable,evidence_advancement_v1
7663004e2c863837,d51ad725072b333e,results/evidence_advancement/artifacts/materialized_replay_pairs/d51ad725072b333e.source.blif,virtual_binary_cut,"or(x0,not(pcva_4c33dedaa47329cb))","[""x0"", ""pcva_4c33dedaa47329cb""]","[""x0"", ""x1""]",2,fc67e5cbb4b98b43,c14bc7d02c76f1ae,a90d007c2fc57df6,inverted,npn_a90d007c2fc57df6,6,source_graph_or_pi_replayable,evidence_advancement_v1
8bd72b036699619f,d51ad725072b333e,results/evidence_advancement/artifacts/materialized_replay_pairs/d51ad725072b333e.source.blif,virtual_binary_cut,"and(x1,r0)","[""x1"", ""r0""]","[""r0"", ""x1""]",2,369b91d179abba64,81db286b120ccd3b,94de9e90e231b35b,same,npn_94de9e90e231b35b,6,source_graph_or_pi_replayable,evidence_advancement_v1
4cd1cd9477e4737d,d51ad725072b333e,results/evidence_advancement/artifacts/materialized_replay_pairs/d51ad725072b333e.source.blif,virtual_binary_cut,"or(x1,r0)","[""x1"", ""r0""]","[""r0"", ""x1""]",2,6998c2b0380ed5fd,df970782afed63be,c580333a48d30dad,same,npn_94de9e90e231b35b,6,source_graph_or_pi_replayable,evidence_advancement_v1
d9ba1ec257e2420d,d51ad725072b333e,results/evidence_advancement/artifacts/materialized_replay_pairs/d51ad725072b333e.source.blif,virtual_binary_cut,"xor(x1,r0)","[""x1"", ""r0""]","[""r0"", ""x1""]",2,9fd48a0d0d9d8a1b,89e85f36ec391ace,b5d1f15c17250b42,same,npn_b5d1f15c17250b42,6,source_graph_or_pi_replayable,evidence_advancement_v1
8929d5cda8847a7b,d51ad725072b333e,results/evidence_advancement/artifacts/materialized_replay_pairs/d51ad725072b333e.source.blif,virtual_binary_cut,"and(x1,not(r0))","[""x1"", ""r0""]","[""r0"", ""x1""]",2,1cd47cea02efadc5,b3dbc758ed4cf7c1,2c24932e8e4ebc2f,same,npn_94de9e90e231b35b,6,source_graph_or_pi_replayable,evidence_advancement_v1
5369cb1534f92842,d51ad725072b333e,results/evidence_advancement/artifacts/materialized_replay_pairs/d51ad725072b333e.source.blif,virtual_binary_cut,"or(x1,not(r0))","[""x1"", ""r0""]","[""r0"", ""x1""]",2,3dd858e6fc78578a,40a3a71b42727dac,90f21496b5c851e8,inverted,npn_94de9e90e231b35b,6,source_graph_or_pi_replayable,evidence_advancement_v1
300fff5697f0c5d4,d51ad725072b333e,results/evidence_advancement/artifacts/materialized_replay_pairs/d51ad725072b333e.source.blif,virtual_binary_cut,"or(x1,m0)","[""x1"", ""m0""]","[""r0"", ""x0"", ""x1""]",3,881bc460ec339572,7836cdae43787598,f919733d549a9e33,same,npn_f919733d549a9e33,6,source_graph_or_pi_replayable,evidence_advancement_v1
807dc72aeae01e6e,d51ad725072b333e,results/evidence_advancement/artifacts/materialized_replay_pairs/d51ad725072b333e.source.blif,virtual_binary_cut,"xor(x1,m0)","[""x1"", ""m0""]","[""r0"", ""x0"", ""x1""]",3,8f0bc04977f88197,8560d332f7318334,40a3a71b42727dac,same,npn_369b91d179abba64,6,source_graph_or_pi_replayable,evidence_advancement_v1
0ddf1942b44e67b5,d51ad725072b333e,results/evidence_advancement/artifacts/materialized_replay_pairs/d51ad725072b333e.source.blif,virtual_binary_cut,"and(x1,y0)","[""x1"", ""y0""]","[""r0"", ""x0"", ""x1""]",3,e502e9191e6ed303,9ba33c777b6dd915,c367d71c2eac76ee,same,npn_c367d71c2eac76ee,6,source_graph_or_pi_replayable,evidence_advancement_v1
fe31e3cbca5b744a,d51ad725072b333e,results/evidence_advancement/artifacts/materialized_replay_pairs/d51ad725072b333e.source.blif,virtual_binary_cut,"or(x1,y0)","[""x1"", ""y0""]","[""r0"", ""x0"", ""x1""]",3,6998c2b0380ed5fd,df970782afed63be,1d207ade69b2a3eb,same,npn_369b91d179abba64,6,source_graph_or_pi_replayable,evidence_advancement_v1
8559f1d40d7208a2,d51ad725072b333e,results/evidence_advancement/artifacts/materialized_replay_pairs/d51ad725072b333e.source.blif,virtual_binary_cut,"xor(x1,y0)","[""x1"", ""y0""]","[""r0"", ""x0"", ""x1""]",3,8192b9512335fe5c,07afcd83da45eba0,6a87a8ec53e5d016,same,npn_2e96a02abe3f2e05,6,source_graph_or_pi_replayable,evidence_advancement_v1
5560badb40c65508,d51ad725072b333e,results/evidence_advancement/artifacts/materialized_replay_pairs/d51ad725072b333e.source.blif,virtual_binary_cut,"and(x1,not(y0))","[""x1"", ""y0""]","[""r0"", ""x0"", ""x1""]",3,f349b8103440f38f,281fdcdaa6ddf1e3,ef73cac577bcd031,same,npn_c367d71c2eac76ee,6,source_graph_or_pi_replayable,evidence_advancement_v1
2f2b83c363afce8f,d51ad725072b333e,results/evidence_advancement/artifacts/materialized_replay_pairs/d51ad725072b333e.source.blif,virtual_binary_cut,"or(x1,not(y0))","[""x1"", ""y0""]","[""r0"", ""x0"", ""x1""]",3,3dd858e6fc78578a,40a3a71b42727dac,85473471e2f83e46,inverted,npn_369b91d179abba64,6,source_graph_or_pi_replayable,evidence_advancement_v1
68fe1e859d126409,d51ad725072b333e,results/evidence_advancement/artifacts/materialized_replay_pairs/d51ad725072b333e.source.blif,virtual_binary_cut,"or(x1,pcva_4c33dedaa47329cb)","[""x1"", ""pcva_4c33dedaa47329cb""]","[""x0"", ""x1""]",2,881bc460ec339572,7836cdae43787598,6471b342ae3c3106,same,npn_6471b342ae3c3106,6,source_graph_or_pi_replayable,evidence_advancement_v1
88ef7c06d1d9b282,d51ad725072b333e,results/evidence_advancement/artifacts/materialized_replay_pairs/d51ad725072b333e.source.blif,virtual_binary_cut,"and(r0,m0)","[""r0"", ""m0""]","[""r0"", ""x0"", ""x1""]",3,24165068bb0dbfca,7706d5f66a567332,24165068bb0dbfca,same,npn_24165068bb0dbfca,6,source_graph_or_pi_replayable,evidence_advancement_v1
ab6aa59c8f155af6,d51ad725072b333e,results/evidence_advancement/artifacts/materialized_replay_pairs/d51ad725072b333e.source.blif,virtual_binary_cut,"or(r0,m0)","[""r0"", ""m0""]","[""r0"", ""x0"", ""x1""]",3,2b785f5c6a14009e,d4f1067dfed9dc13,2d3d88fc9460d408,same,npn_358a268fde92333a,6,source_graph_or_pi_replayable,evidence_advancement_v1
6f53bda8b088bff7,d51ad725072b333e,results/evidence_advancement/artifacts/materialized_replay_pairs/d51ad725072b333e.source.blif,virtual_binary_cut,"xor(r0,m0)","[""r0"", ""m0""]","[""r0"", ""x0"", ""x1""]",3,2e96a02abe3f2e05,a8f244d01461e4e3,60196d9c90521e9d,same,npn_2e96a02abe3f2e05,6,source_graph_or_pi_replayable,evidence_advancement_v1
5875312e535331d2,d51ad725072b333e,results/evidence_advancement/artifacts/materialized_replay_pairs/d51ad725072b333e.source.blif,virtual_binary_cut,"and(r0,not(m0))","[""r0"", ""m0""]","[""r0"", ""x0"", ""x1""]",3,ea466967d1b9574d,b5fe5c54be4d1ca1,86541bc0ebd49ad1,same,npn_358a268fde92333a,6,source_graph_or_pi_replayable,evidence_advancement_v1
bc9f7a7753aeb183,d51ad725072b333e,results/evidence_advancement/artifacts/materialized_replay_pairs/d51ad725072b333e.source.blif,virtual_binary_cut,"or(r0,not(m0))","[""r0"", ""m0""]","[""r0"", ""x0"", ""x1""]",3,e8998d9ce7a853e5,18025d3f5a1dde11,9ebc1ab9a061b3d1,inverted,npn_24165068bb0dbfca,6,source_graph_or_pi_replayable,evidence_advancement_v1
1cedbce2d9778d06,d51ad725072b333e,results/evidence_advancement/artifacts/materialized_replay_pairs/d51ad725072b333e.source.blif,virtual_binary_cut,"xor(m0,y0)","[""m0"", ""y0""]","[""r0"", ""x0"", ""x1""]",3,f919733d549a9e33,71feeed0446218e8,df18d62faaa74b27,same,npn_f919733d549a9e33,6,source_graph_or_pi_replayable,evidence_advancement_v1
4c0a75de014230f9,e193b7ee97cdd57b,results/evidence_advancement/artifacts/materialized_replay_pairs/e193b7ee97cdd57b.source.blif,pi_literal,x0,"[""x0""]","[""x0""]",1,df18d62faaa74b27,b6cfcfc147cbac64,923682bea6d517dc,same,npn_923682bea6d517dc,6,source_graph_or_pi_replayable,evidence_advancement_v1
5552eeaaf2c5dea2,e193b7ee97cdd57b,results/evidence_advancement/artifacts/materialized_replay_pairs/e193b7ee97cdd57b.source.blif,pi_literal,x1,"[""x1""]","[""x1""]",1,881bc460ec339572,7836cdae43787598,923682bea6d517dc,same,npn_923682bea6d517dc,6,source_graph_or_pi_replayable,evidence_advancement_v1
a7313440c79af47b,e193b7ee97cdd57b,results/evidence_advancement/artifacts/materialized_replay_pairs/e193b7ee97cdd57b.source.blif,pi_literal,r0,"[""r0""]","[""r0""]",1,f919733d549a9e33,71feeed0446218e8,923682bea6d517dc,same,npn_923682bea6d517dc,6,source_graph_or_pi_replayable,evidence_advancement_v1
078cbcbd064593e3,e193b7ee97cdd57b,results/evidence_advancement/artifacts/materialized_replay_pairs/e193b7ee97cdd57b.source.blif,source_node,m0,"[""m0""]","[""r0"", ""x0"", ""x1""]",3,8d1560b225f7c697,d31cf6dbef25069a,9fd48a0d0d9d8a1b,same,npn_9fd48a0d0d9d8a1b,6,source_graph_or_pi_replayable,evidence_advancement_v1
604e79563ebb6d80,e193b7ee97cdd57b,results/evidence_advancement/artifacts/materialized_replay_pairs/e193b7ee97cdd57b.source.blif,source_node,y0,"[""y0""]","[""r0"", ""x0"", ""x1""]",3,d61af64b7197e3f3,7077e1e487c73118,d61af64b7197e3f3,same,npn_d61af64b7197e3f3,6,source_graph_or_pi_replayable,evidence_advancement_v1
f19971d21165e8ca,e193b7ee97cdd57b,results/evidence_advancement/artifacts/materialized_replay_pairs/e193b7ee97cdd57b.source.blif,source_node,pcva_b2c8341eef9130eb,"[""pcva_b2c8341eef9130eb""]","[""x0"", ""x1""]",2,8d1560b225f7c697,d31cf6dbef25069a,b5d1f15c17250b42,same,npn_b5d1f15c17250b42,6,source_graph_or_pi_replayable,evidence_advancement_v1
38712358a913dcef,e193b7ee97cdd57b,results/evidence_advancement/artifacts/materialized_replay_pairs/e193b7ee97cdd57b.source.blif,virtual_binary_cut,"and(x0,x1)","[""x0"", ""x1""]","[""x0"", ""x1""]",2,eba8a44748a5f09c,7717b29c04225dc0,94de9e90e231b35b,same,npn_94de9e90e231b35b,6,source_graph_or_pi_replayable,evidence_advancement_v1
c9fcf733cdc7a936,e193b7ee97cdd57b,results/evidence_advancement/artifacts/materialized_replay_pairs/e193b7ee97cdd57b.source.blif,virtual_binary_cut,"or(x0,x1)","[""x0"", ""x1""]","[""x0"", ""x1""]",2,42a59debdb0bcad2,9f0c982b4c047d25,c580333a48d30dad,same,npn_94de9e90e231b35b,6,source_graph_or_pi_replayable,evidence_advancement_v1
92621a72857d0f80,e193b7ee97cdd57b,results/evidence_advancement/artifacts/materialized_replay_pairs/e193b7ee97cdd57b.source.blif,virtual_binary_cut,"xor(x0,x1)","[""x0"", ""x1""]","[""x0"", ""x1""]",2,8d1560b225f7c697,d31cf6dbef25069a,b5d1f15c17250b42,same,npn_b5d1f15c17250b42,6,source_graph_or_pi_replayable,evidence_advancement_v1
cfe2be1389b9e382,e193b7ee97cdd57b,results/evidence_advancement/artifacts/materialized_replay_pairs/e193b7ee97cdd57b.source.blif,virtual_binary_cut,"and(x0,not(x1))","[""x0"", ""x1""]","[""x0"", ""x1""]",2,64b0009f6392972f,4618e905c40e8769,90f21496b5c851e8,same,npn_94de9e90e231b35b,6,source_graph_or_pi_replayable,evidence_advancement_v1
0e8f443747c18923,e193b7ee97cdd57b,results/evidence_advancement/artifacts/materialized_replay_pairs/e193b7ee97cdd57b.source.blif,virtual_binary_cut,"or(x0,not(x1))","[""x0"", ""x1""]","[""x0"", ""x1""]",2,8560d332f7318334,8f0bc04977f88197,2c24932e8e4ebc2f,inverted,npn_94de9e90e231b35b,6,source_graph_or_pi_replayable,evidence_advancement_v1
c2b7190494808d33,e193b7ee97cdd57b,results/evidence_advancement/artifacts/materialized_replay_pairs/e193b7ee97cdd57b.source.blif,virtual_binary_cut,"and(x0,r0)","[""x0"", ""r0""]","[""r0"", ""x0""]",2,1228de099013e868,33fc91d1cc2c3255,94de9e90e231b35b,same,npn_94de9e90e231b35b,6,source_graph_or_pi_replayable,evidence_advancement_v1
cac7134a3eabc030,e193b7ee97cdd57b,results/evidence_advancement/artifacts/materialized_replay_pairs/e193b7ee97cdd57b.source.blif,virtual_binary_cut,"or(x0,r0)","[""x0"", ""r0""]","[""r0"", ""x0""]",2,1d207ade69b2a3eb,df856b66777ea758,c580333a48d30dad,same,npn_94de9e90e231b35b,6,source_graph_or_pi_replayable,evidence_advancement_v1
b26bddd1ac38d93b,e193b7ee97cdd57b,results/evidence_advancement/artifacts/materialized_replay_pairs/e193b7ee97cdd57b.source.blif,virtual_binary_cut,"xor(x0,r0)","[""x0"", ""r0""]","[""r0"", ""x0""]",2,d7a46d3b3e9464c2,26f3581e5bafe7c7,b5d1f15c17250b42,same,npn_b5d1f15c17250b42,6,source_graph_or_pi_replayable,evidence_advancement_v1
b154bb454f523460,e193b7ee97cdd57b,results/evidence_advancement/artifacts/materialized_replay_pairs/e193b7ee97cdd57b.source.blif,virtual_binary_cut,"and(x0,not(r0))","[""x0"", ""r0""]","[""r0"", ""x0""]",2,85473471e2f83e46,7767985351eded02,2c24932e8e4ebc2f,same,npn_94de9e90e231b35b,6,source_graph_or_pi_replayable,evidence_advancement_v1
a7c6b93a6f8caae8,e193b7ee97cdd57b,results/evidence_advancement/artifacts/materialized_replay_pairs/e193b7ee97cdd57b.source.blif,virtual_binary_cut,"or(x0,not(r0))","[""x0"", ""r0""]","[""r0"", ""x0""]",2,8251c47787737cc6,61ef94dfe370555e,90f21496b5c851e8,inverted,npn_94de9e90e231b35b,6,source_graph_or_pi_replayable,evidence_advancement_v1
d90d700a2956bcae,e193b7ee97cdd57b,results/evidence_advancement/artifacts/materialized_replay_pairs/e193b7ee97cdd57b.source.blif,virtual_binary_cut,"and(x0,m0)","[""x0"", ""m0""]","[""r0"", ""x0"", ""x1""]",3,64b0009f6392972f,4618e905c40e8769,1cd47cea02efadc5,same,npn_369b91d179abba64,6,source_graph_or_pi_replayable,evidence_advancement_v1
2014cf8b27589a2d,e193b7ee97cdd57b,results/evidence_advancement/artifacts/materialized_replay_pairs/e193b7ee97cdd57b.source.blif,virtual_binary_cut,"or(x0,m0)","[""x0"", ""m0""]","[""r0"", ""x0"", ""x1""]",3,42a59debdb0bcad2,9f0c982b4c047d25,6998c2b0380ed5fd,same,npn_369b91d179abba64,6,source_graph_or_pi_replayable,evidence_advancement_v1
e510fee28695fda3,e193b7ee97cdd57b,results/evidence_advancement/artifacts/materialized_replay_pairs/e193b7ee97cdd57b.source.blif,virtual_binary_cut,"xor(x0,m0)","[""x0"", ""m0""]","[""r0"", ""x0"", ""x1""]",3,881bc460ec339572,7836cdae43787598,f919733d549a9e33,same,npn_f919733d549a9e33,6,source_graph_or_pi_replayable,evidence_advancement_v1
d67c5a131f9ff4db,e193b7ee97cdd57b,results/evidence_advancement/artifacts/materialized_replay_pairs/e193b7ee97cdd57b.source.blif,virtual_binary_cut,"and(x0,not(m0))","[""x0"", ""m0""]","[""r0"", ""x0"", ""x1""]",3,eba8a44748a5f09c,7717b29c04225dc0,369b91d179abba64,same,npn_369b91d179abba64,6,source_graph_or_pi_replayable,evidence_advancement_v1
229eaef3d7d9eaef,e193b7ee97cdd57b,results/evidence_advancement/artifacts/materialized_replay_pairs/e193b7ee97cdd57b.source.blif,virtual_binary_cut,"or(x0,not(m0))","[""x0"", ""m0""]","[""r0"", ""x0"", ""x1""]",3,8560d332f7318334,8f0bc04977f88197,40a3a71b42727dac,inverted,npn_369b91d179abba64,6,source_graph_or_pi_replayable,evidence_advancement_v1
c8f4f162d5fd360a,e193b7ee97cdd57b,results/evidence_advancement/artifacts/materialized_replay_pairs/e193b7ee97cdd57b.source.blif,virtual_binary_cut,"and(x0,y0)","[""x0"", ""y0""]","[""r0"", ""x0"", ""x1""]",3,9875d06f074d4934,709b7cd024183d71,e502e9191e6ed303,same,npn_c367d71c2eac76ee,6,source_graph_or_pi_replayable,evidence_advancement_v1
b694a696597e216f,e193b7ee97cdd57b,results/evidence_advancement/artifacts/materialized_replay_pairs/e193b7ee97cdd57b.source.blif,virtual_binary_cut,"or(x0,y0)","[""x0"", ""y0""]","[""r0"", ""x0"", ""x1""]",3,2d3d88fc9460d408,01b57a83096fa359,3b07b0bc23372d78,same,npn_358a268fde92333a,6,source_graph_or_pi_replayable,evidence_advancement_v1
b8ab7666ff38effc,e193b7ee97cdd57b,results/evidence_advancement/artifacts/materialized_replay_pairs/e193b7ee97cdd57b.source.blif,virtual_binary_cut,"xor(x0,y0)","[""x0"", ""y0""]","[""r0"", ""x0"", ""x1""]",3,9f236f1deb165b77,d6d4afecdd60c0e8,9e90f97db2cf97c1,same,npn_519942ec52593eec,6,source_graph_or_pi_replayable,evidence_advancement_v1
d20291422fcd28d4,e193b7ee97cdd57b,results/evidence_advancement/artifacts/materialized_replay_pairs/e193b7ee97cdd57b.source.blif,virtual_binary_cut,"and(x0,not(y0))","[""x0"", ""y0""]","[""r0"", ""x0"", ""x1""]",3,cafeff6df6d83c72,40434ab81bb65403,f349b8103440f38f,same,npn_c367d71c2eac76ee,6,source_graph_or_pi_replayable,evidence_advancement_v1
0a5e6b27e4701335,e193b7ee97cdd57b,results/evidence_advancement/artifacts/materialized_replay_pairs/e193b7ee97cdd57b.source.blif,virtual_binary_cut,"or(x0,not(y0))","[""x0"", ""y0""]","[""r0"", ""x0"", ""x1""]",3,5242b1da53ab09a8,9ebc1ab9a061b3d1,afe6407a40ccdeab,inverted,npn_24165068bb0dbfca,6,source_graph_or_pi_replayable,evidence_advancement_v1
597b780924e30cbb,e193b7ee97cdd57b,results/evidence_advancement/artifacts/materialized_replay_pairs/e193b7ee97cdd57b.source.blif,virtual_binary_cut,"xor(x0,pcva_b2c8341eef9130eb)","[""x0"", ""pcva_b2c8341eef9130eb""]","[""x0"", ""x1""]",2,881bc460ec339572,7836cdae43787598,6471b342ae3c3106,same,npn_6471b342ae3c3106,6,source_graph_or_pi_replayable,evidence_advancement_v1
05b089b87647f6fb,e193b7ee97cdd57b,results/evidence_advancement/artifacts/materialized_replay_pairs/e193b7ee97cdd57b.source.blif,virtual_binary_cut,"and(x1,r0)","[""x1"", ""r0""]","[""r0"", ""x1""]",2,369b91d179abba64,81db286b120ccd3b,94de9e90e231b35b,same,npn_94de9e90e231b35b,6,source_graph_or_pi_replayable,evidence_advancement_v1
78768182448c9103,e193b7ee97cdd57b,results/evidence_advancement/artifacts/materialized_replay_pairs/e193b7ee97cdd57b.source.blif,virtual_binary_cut,"or(x1,r0)","[""x1"", ""r0""]","[""r0"", ""x1""]",2,6998c2b0380ed5fd,df970782afed63be,c580333a48d30dad,same,npn_94de9e90e231b35b,6,source_graph_or_pi_replayable,evidence_advancement_v1
76821458ef4a7e39,e193b7ee97cdd57b,results/evidence_advancement/artifacts/materialized_replay_pairs/e193b7ee97cdd57b.source.blif,virtual_binary_cut,"xor(x1,r0)","[""x1"", ""r0""]","[""r0"", ""x1""]",2,9fd48a0d0d9d8a1b,89e85f36ec391ace,b5d1f15c17250b42,same,npn_b5d1f15c17250b42,6,source_graph_or_pi_replayable,evidence_advancement_v1
6f3298121faea919,e193b7ee97cdd57b,results/evidence_advancement/artifacts/materialized_replay_pairs/e193b7ee97cdd57b.source.blif,virtual_binary_cut,"and(x1,not(r0))","[""x1"", ""r0""]","[""r0"", ""x1""]",2,1cd47cea02efadc5,b3dbc758ed4cf7c1,2c24932e8e4ebc2f,same,npn_94de9e90e231b35b,6,source_graph_or_pi_replayable,evidence_advancement_v1
b5bdd345b3549900,e193b7ee97cdd57b,results/evidence_advancement/artifacts/materialized_replay_pairs/e193b7ee97cdd57b.source.blif,virtual_binary_cut,"or(x1,not(r0))","[""x1"", ""r0""]","[""r0"", ""x1""]",2,3dd858e6fc78578a,40a3a71b42727dac,90f21496b5c851e8,inverted,npn_94de9e90e231b35b,6,source_graph_or_pi_replayable,evidence_advancement_v1
d29ca8d9e702c8e7,e193b7ee97cdd57b,results/evidence_advancement/artifacts/materialized_replay_pairs/e193b7ee97cdd57b.source.blif,virtual_binary_cut,"xor(x1,m0)","[""x1"", ""m0""]","[""r0"", ""x0"", ""x1""]",3,df18d62faaa74b27,b6cfcfc147cbac64,881bc460ec339572,same,npn_f919733d549a9e33,6,source_graph_or_pi_replayable,evidence_advancement_v1
8ddc4a0a19f111b2,e193b7ee97cdd57b,results/evidence_advancement/artifacts/materialized_replay_pairs/e193b7ee97cdd57b.source.blif,virtual_binary_cut,"and(x1,y0)","[""x1"", ""y0""]","[""r0"", ""x0"", ""x1""]",3,e502e9191e6ed303,9ba33c777b6dd915,c367d71c2eac76ee,same,npn_c367d71c2eac76ee,6,source_graph_or_pi_replayable,evidence_advancement_v1
72e6b1758a9dc2a0,e193b7ee97cdd57b,results/evidence_advancement/artifacts/materialized_replay_pairs/e193b7ee97cdd57b.source.blif,virtual_binary_cut,"or(x1,y0)","[""x1"", ""y0""]","[""r0"", ""x0"", ""x1""]",3,3b07b0bc23372d78,a21f9e000f8d8b39,2b785f5c6a14009e,same,npn_358a268fde92333a,6,source_graph_or_pi_replayable,evidence_advancement_v1
3fd0deba2038d16c,e193b7ee97cdd57b,results/evidence_advancement/artifacts/materialized_replay_pairs/e193b7ee97cdd57b.source.blif,virtual_binary_cut,"xor(x1,y0)","[""x1"", ""y0""]","[""r0"", ""x0"", ""x1""]",3,9e90f97db2cf97c1,3f87f62136bb932d,519942ec52593eec,same,npn_519942ec52593eec,6,source_graph_or_pi_replayable,evidence_advancement_v1
610fdbe4c6aaa100,e193b7ee97cdd57b,results/evidence_advancement/artifacts/materialized_replay_pairs/e193b7ee97cdd57b.source.blif,virtual_binary_cut,"and(x1,not(y0))","[""x1"", ""y0""]","[""r0"", ""x0"", ""x1""]",3,f349b8103440f38f,281fdcdaa6ddf1e3,ef73cac577bcd031,same,npn_c367d71c2eac76ee,6,source_graph_or_pi_replayable,evidence_advancement_v1
bc3beb1432cba723,e193b7ee97cdd57b,results/evidence_advancement/artifacts/materialized_replay_pairs/e193b7ee97cdd57b.source.blif,virtual_binary_cut,"or(x1,not(y0))","[""x1"", ""y0""]","[""r0"", ""x0"", ""x1""]",3,e5e9f7323f023fb7,afe6407a40ccdeab,18025d3f5a1dde11,inverted,npn_24165068bb0dbfca,6,source_graph_or_pi_replayable,evidence_advancement_v1
3702560fe675e322,e193b7ee97cdd57b,results/evidence_advancement/artifacts/materialized_replay_pairs/e193b7ee97cdd57b.source.blif,virtual_binary_cut,"xor(x1,pcva_b2c8341eef9130eb)","[""x1"", ""pcva_b2c8341eef9130eb""]","[""x0"", ""x1""]",2,df18d62faaa74b27,b6cfcfc147cbac64,f14e1817ec32b1b5,same,npn_6471b342ae3c3106,6,source_graph_or_pi_replayable,evidence_advancement_v1
42d589b05b977a21,e193b7ee97cdd57b,results/evidence_advancement/artifacts/materialized_replay_pairs/e193b7ee97cdd57b.source.blif,virtual_binary_cut,"and(r0,m0)","[""r0"", ""m0""]","[""r0"", ""x0"", ""x1""]",3,c367d71c2eac76ee,cad912d562146843,9875d06f074d4934,same,npn_c367d71c2eac76ee,6,source_graph_or_pi_replayable,evidence_advancement_v1
b30a853711e7b20e,e193b7ee97cdd57b,results/evidence_advancement/artifacts/materialized_replay_pairs/e193b7ee97cdd57b.source.blif,virtual_binary_cut,"or(r0,m0)","[""r0"", ""m0""]","[""r0"", ""x0"", ""x1""]",3,b9cbd9a487f80552,d8f1a1158f9df939,45ee4c05f4aac508,same,npn_c367d71c2eac76ee,6,source_graph_or_pi_replayable,evidence_advancement_v1
b61c9c7706a85014,e193b7ee97cdd57b,results/evidence_advancement/artifacts/materialized_replay_pairs/e193b7ee97cdd57b.source.blif,virtual_binary_cut,"xor(r0,m0)","[""r0"", ""m0""]","[""r0"", ""x0"", ""x1""]",3,c2a6fb6a86cca609,275241aeb7262117,c2a6fb6a86cca609,same,npn_c2a6fb6a86cca609,6,source_graph_or_pi_replayable,evidence_advancement_v1
c27983a3d939cca2,e193b7ee97cdd57b,results/evidence_advancement/artifacts/materialized_replay_pairs/e193b7ee97cdd57b.source.blif,virtual_binary_cut,"and(r0,not(m0))","[""r0"", ""m0""]","[""r0"", ""x0"", ""x1""]",3,ef73cac577bcd031,1cddf125e7c6c591,cafeff6df6d83c72,same,npn_c367d71c2eac76ee,6,source_graph_or_pi_replayable,evidence_advancement_v1
d27252516c6c9381,e193b7ee97cdd57b,results/evidence_advancement/artifacts/materialized_replay_pairs/e193b7ee97cdd57b.source.blif,virtual_binary_cut,"or(r0,not(m0))","[""r0"", ""m0""]","[""r0"", ""x0"", ""x1""]",3,df9216350cc7abbf,7f94ec8202b0598d,fec5a0854918cc1b,inverted,npn_c367d71c2eac76ee,6,source_graph_or_pi_replayable,evidence_advancement_v1
40635e77e75bb462,e193b7ee97cdd57b,results/evidence_advancement/artifacts/materialized_replay_pairs/e193b7ee97cdd57b.source.blif,virtual_binary_cut,"or(r0,y0)","[""r0"", ""y0""]","[""r0"", ""x0"", ""x1""]",3,2b785f5c6a14009e,d4f1067dfed9dc13,2d3d88fc9460d408,same,npn_358a268fde92333a,6,source_graph_or_pi_replayable,evidence_advancement_v1
c8d3d47bd8609c66,e193b7ee97cdd57b,results/evidence_advancement/artifacts/materialized_replay_pairs/e193b7ee97cdd57b.source.blif,virtual_binary_cut,"xor(r0,y0)","[""r0"", ""y0""]","[""r0"", ""x0"", ""x1""]",3,519942ec52593eec,41c4b287ff7bd954,9f236f1deb165b77,same,npn_519942ec52593eec,6,source_graph_or_pi_replayable,evidence_advancement_v1
001b2a5351fcb704,e193b7ee97cdd57b,results/evidence_advancement/artifacts/materialized_replay_pairs/e193b7ee97cdd57b.source.blif,virtual_binary_cut,"or(r0,not(y0))","[""r0"", ""y0""]","[""r0"", ""x0"", ""x1""]",3,e8998d9ce7a853e5,18025d3f5a1dde11,9ebc1ab9a061b3d1,inverted,npn_24165068bb0dbfca,6,source_graph_or_pi_replayable,evidence_advancement_v1
27756ff8fc6ad43d,e193b7ee97cdd57b,results/evidence_advancement/artifacts/materialized_replay_pairs/e193b7ee97cdd57b.source.blif,virtual_binary_cut,"or(m0,y0)","[""m0"", ""y0""]","[""r0"", ""x0"", ""x1""]",3,4ad4886cc1aefa8e,7e04deb9e796eeba,6c2746cbb9885241,same,npn_519942ec52593eec,6,source_graph_or_pi_replayable,evidence_advancement_v1
fa401662f8adafa9,e193b7ee97cdd57b,results/evidence_advancement/artifacts/materialized_replay_pairs/e193b7ee97cdd57b.source.blif,virtual_binary_cut,"xor(m0,y0)","[""m0"", ""y0""]","[""r0"", ""x0"", ""x1""]",3,e47419b31d104a12,3da639c5deee83dd,b26e7e25fcb42c21,same,npn_358a268fde92333a,6,source_graph_or_pi_replayable,evidence_advancement_v1
9eed687b13c94c6c,e193b7ee97cdd57b,results/evidence_advancement/artifacts/materialized_replay_pairs/e193b7ee97cdd57b.source.blif,virtual_binary_cut,"and(m0,pcva_b2c8341eef9130eb)","[""m0"", ""pcva_b2c8341eef9130eb""]","[""r0"", ""x0"", ""x1""]",3,8d1560b225f7c697,d31cf6dbef25069a,9fd48a0d0d9d8a1b,same,npn_9fd48a0d0d9d8a1b,6,source_graph_or_pi_replayable,evidence_advancement_v1
4497527a15605276,e193b7ee97cdd57b,results/evidence_advancement/artifacts/materialized_replay_pairs/e193b7ee97cdd57b.source.blif,virtual_binary_cut,"xor(m0,pcva_b2c8341eef9130eb)","[""m0"", ""pcva_b2c8341eef9130eb""]","[""r0"", ""x0"", ""x1""]",3,c14bc7d02c76f1ae,fc67e5cbb4b98b43,c14bc7d02c76f1ae,same,npn_c14bc7d02c76f1ae,6,source_graph_or_pi_replayable,evidence_advancement_v1
996a93d068b1a95c,e90eebbc8cb0e65d,results/evidence_advancement/artifacts/materialized_replay_pairs/e90eebbc8cb0e65d.source.blif,pi_literal,a,"[""a""]","[""a""]",1,df18d62faaa74b27,b6cfcfc147cbac64,923682bea6d517dc,same,npn_923682bea6d517dc,6,source_graph_or_pi_replayable,evidence_advancement_v1
444c231be0ac6b91,e90eebbc8cb0e65d,results/evidence_advancement/artifacts/materialized_replay_pairs/e90eebbc8cb0e65d.source.blif,pi_literal,b,"[""b""]","[""b""]",1,881bc460ec339572,7836cdae43787598,923682bea6d517dc,same,npn_923682bea6d517dc,6,source_graph_or_pi_replayable,evidence_advancement_v1
2dc35a1585c6de87,e90eebbc8cb0e65d,results/evidence_advancement/artifacts/materialized_replay_pairs/e90eebbc8cb0e65d.source.blif,pi_literal,cin,"[""cin""]","[""cin""]",1,f919733d549a9e33,71feeed0446218e8,923682bea6d517dc,same,npn_923682bea6d517dc,6,source_graph_or_pi_replayable,evidence_advancement_v1
d968abeda64b15f4,e90eebbc8cb0e65d,results/evidence_advancement/artifacts/materialized_replay_pairs/e90eebbc8cb0e65d.source.blif,source_node,ab_xor,"[""ab_xor""]","[""a"", ""b""]",2,8d1560b225f7c697,d31cf6dbef25069a,b5d1f15c17250b42,same,npn_b5d1f15c17250b42,6,source_graph_or_pi_replayable,evidence_advancement_v1
05d16974298b9090,e90eebbc8cb0e65d,results/evidence_advancement/artifacts/materialized_replay_pairs/e90eebbc8cb0e65d.source.blif,source_node,sum,"[""sum""]","[""a"", ""b"", ""cin""]",3,c2a6fb6a86cca609,275241aeb7262117,c2a6fb6a86cca609,same,npn_c2a6fb6a86cca609,6,source_graph_or_pi_replayable,evidence_advancement_v1
d017b081f627e1b1,e90eebbc8cb0e65d,results/evidence_advancement/artifacts/materialized_replay_pairs/e90eebbc8cb0e65d.source.blif,source_node,ab_and,"[""ab_and""]","[""a"", ""b""]",2,eba8a44748a5f09c,7717b29c04225dc0,94de9e90e231b35b,same,npn_94de9e90e231b35b,6,source_graph_or_pi_replayable,evidence_advancement_v1
e05f2947591cccf4,e90eebbc8cb0e65d,results/evidence_advancement/artifacts/materialized_replay_pairs/e90eebbc8cb0e65d.source.blif,source_node,a_cin_and,"[""a_cin_and""]","[""a"", ""cin""]",2,1228de099013e868,33fc91d1cc2c3255,94de9e90e231b35b,same,npn_94de9e90e231b35b,6,source_graph_or_pi_replayable,evidence_advancement_v1
265d118c60d6d0ac,e90eebbc8cb0e65d,results/evidence_advancement/artifacts/materialized_replay_pairs/e90eebbc8cb0e65d.source.blif,source_node,b_cin_and,"[""b_cin_and""]","[""b"", ""cin""]",2,369b91d179abba64,81db286b120ccd3b,94de9e90e231b35b,same,npn_94de9e90e231b35b,6,source_graph_or_pi_replayable,evidence_advancement_v1
c40fcb25b7854932,e90eebbc8cb0e65d,results/evidence_advancement/artifacts/materialized_replay_pairs/e90eebbc8cb0e65d.source.blif,source_node,cout,"[""cout""]","[""a"", ""b"", ""cin""]",3,f362bf34947fde3f,62b7ad64067260f2,f362bf34947fde3f,same,npn_f362bf34947fde3f,6,source_graph_or_pi_replayable,evidence_advancement_v1
ed0fd633bf9ee6fc,e90eebbc8cb0e65d,results/evidence_advancement/artifacts/materialized_replay_pairs/e90eebbc8cb0e65d.source.blif,virtual_binary_cut,"and(a,b)","[""a"", ""b""]","[""a"", ""b""]",2,eba8a44748a5f09c,7717b29c04225dc0,94de9e90e231b35b,same,npn_94de9e90e231b35b,6,source_graph_or_pi_replayable,evidence_advancement_v1
b033049482a928f9,e90eebbc8cb0e65d,results/evidence_advancement/artifacts/materialized_replay_pairs/e90eebbc8cb0e65d.source.blif,virtual_binary_cut,"or(a,b)","[""a"", ""b""]","[""a"", ""b""]",2,42a59debdb0bcad2,9f0c982b4c047d25,c580333a48d30dad,same,npn_94de9e90e231b35b,6,source_graph_or_pi_replayable,evidence_advancement_v1
d84e1da8e8ca6ed9,e90eebbc8cb0e65d,results/evidence_advancement/artifacts/materialized_replay_pairs/e90eebbc8cb0e65d.source.blif,virtual_binary_cut,"xor(a,b)","[""a"", ""b""]","[""a"", ""b""]",2,8d1560b225f7c697,d31cf6dbef25069a,b5d1f15c17250b42,same,npn_b5d1f15c17250b42,6,source_graph_or_pi_replayable,evidence_advancement_v1
03d8709c518957d9,e90eebbc8cb0e65d,results/evidence_advancement/artifacts/materialized_replay_pairs/e90eebbc8cb0e65d.source.blif,virtual_binary_cut,"and(a,not(b))","[""a"", ""b""]","[""a"", ""b""]",2,64b0009f6392972f,4618e905c40e8769,90f21496b5c851e8,same,npn_94de9e90e231b35b,6,source_graph_or_pi_replayable,evidence_advancement_v1
7b88efa2977df679,e90eebbc8cb0e65d,results/evidence_advancement/artifacts/materialized_replay_pairs/e90eebbc8cb0e65d.source.blif,virtual_binary_cut,"or(a,not(b))","[""a"", ""b""]","[""a"", ""b""]",2,8560d332f7318334,8f0bc04977f88197,2c24932e8e4ebc2f,inverted,npn_94de9e90e231b35b,6,source_graph_or_pi_replayable,evidence_advancement_v1
e05a937a74fb485a,e90eebbc8cb0e65d,results/evidence_advancement/artifacts/materialized_replay_pairs/e90eebbc8cb0e65d.source.blif,virtual_binary_cut,"and(a,cin)","[""a"", ""cin""]","[""a"", ""cin""]",2,1228de099013e868,33fc91d1cc2c3255,94de9e90e231b35b,same,npn_94de9e90e231b35b,6,source_graph_or_pi_replayable,evidence_advancement_v1
3c4ff0f24eb55cb3,e90eebbc8cb0e65d,results/evidence_advancement/artifacts/materialized_replay_pairs/e90eebbc8cb0e65d.source.blif,virtual_binary_cut,"or(a,cin)","[""a"", ""cin""]","[""a"", ""cin""]",2,1d207ade69b2a3eb,df856b66777ea758,c580333a48d30dad,same,npn_94de9e90e231b35b,6,source_graph_or_pi_replayable,evidence_advancement_v1
eebd0d359e9b073c,e90eebbc8cb0e65d,results/evidence_advancement/artifacts/materialized_replay_pairs/e90eebbc8cb0e65d.source.blif,virtual_binary_cut,"xor(a,cin)","[""a"", ""cin""]","[""a"", ""cin""]",2,d7a46d3b3e9464c2,26f3581e5bafe7c7,b5d1f15c17250b42,same,npn_b5d1f15c17250b42,6,source_graph_or_pi_replayable,evidence_advancement_v1
d3d57f9484be0c37,e90eebbc8cb0e65d,results/evidence_advancement/artifacts/materialized_replay_pairs/e90eebbc8cb0e65d.source.blif,virtual_binary_cut,"and(a,not(cin))","[""a"", ""cin""]","[""a"", ""cin""]",2,85473471e2f83e46,7767985351eded02,90f21496b5c851e8,same,npn_94de9e90e231b35b,6,source_graph_or_pi_replayable,evidence_advancement_v1
a3615bf4320b04e5,e90eebbc8cb0e65d,results/evidence_advancement/artifacts/materialized_replay_pairs/e90eebbc8cb0e65d.source.blif,virtual_binary_cut,"or(a,not(cin))","[""a"", ""cin""]","[""a"", ""cin""]",2,8251c47787737cc6,61ef94dfe370555e,2c24932e8e4ebc2f,inverted,npn_94de9e90e231b35b,6,source_graph_or_pi_replayable,evidence_advancement_v1
356714478085b7df,e90eebbc8cb0e65d,results/evidence_advancement/artifacts/materialized_replay_pairs/e90eebbc8cb0e65d.source.blif,virtual_binary_cut,"xor(a,ab_xor)","[""a"", ""ab_xor""]","[""a"", ""b""]",2,881bc460ec339572,7836cdae43787598,6471b342ae3c3106,same,npn_6471b342ae3c3106,6,source_graph_or_pi_replayable,evidence_advancement_v1
d5e6533344df5354,e90eebbc8cb0e65d,results/evidence_advancement/artifacts/materialized_replay_pairs/e90eebbc8cb0e65d.source.blif,virtual_binary_cut,"and(a,sum)","[""a"", ""sum""]","[""a"", ""b"", ""cin""]",3,cafeff6df6d83c72,40434ab81bb65403,cafeff6df6d83c72,same,npn_c367d71c2eac76ee,6,source_graph_or_pi_replayable,evidence_advancement_v1
3a0710185c52a6e7,e90eebbc8cb0e65d,results/evidence_advancement/artifacts/materialized_replay_pairs/e90eebbc8cb0e65d.source.blif,virtual_binary_cut,"or(a,sum)","[""a"", ""sum""]","[""a"", ""b"", ""cin""]",3,45ee4c05f4aac508,d82871169a887f4c,45ee4c05f4aac508,same,npn_c367d71c2eac76ee,6,source_graph_or_pi_replayable,evidence_advancement_v1
1c8d7e4879bf21a6,e90eebbc8cb0e65d,results/evidence_advancement/artifacts/materialized_replay_pairs/e90eebbc8cb0e65d.source.blif,virtual_binary_cut,"xor(a,sum)","[""a"", ""sum""]","[""a"", ""b"", ""cin""]",3,9fd48a0d0d9d8a1b,89e85f36ec391ace,9fd48a0d0d9d8a1b,same,npn_9fd48a0d0d9d8a1b,6,source_graph_or_pi_replayable,evidence_advancement_v1
58fac3e30e45ee68,e90eebbc8cb0e65d,results/evidence_advancement/artifacts/materialized_replay_pairs/e90eebbc8cb0e65d.source.blif,virtual_binary_cut,"and(a,not(sum))","[""a"", ""sum""]","[""a"", ""b"", ""cin""]",3,9875d06f074d4934,709b7cd024183d71,9875d06f074d4934,same,npn_c367d71c2eac76ee,6,source_graph_or_pi_replayable,evidence_advancement_v1
6e1ea7c55e7a8c64,e90eebbc8cb0e65d,results/evidence_advancement/artifacts/materialized_replay_pairs/e90eebbc8cb0e65d.source.blif,virtual_binary_cut,"or(a,not(sum))","[""a"", ""sum""]","[""a"", ""b"", ""cin""]",3,5f19d4e4b2292e32,fec5a0854918cc1b,fec5a0854918cc1b,inverted,npn_c367d71c2eac76ee,6,source_graph_or_pi_replayable,evidence_advancement_v1
e77a06b7dd150073,e90eebbc8cb0e65d,results/evidence_advancement/artifacts/materialized_replay_pairs/e90eebbc8cb0e65d.source.blif,virtual_binary_cut,"or(a,ab_and)","[""a"", ""ab_and""]","[""a"", ""b""]",2,df18d62faaa74b27,b6cfcfc147cbac64,f14e1817ec32b1b5,same,npn_6471b342ae3c3106,6,source_graph_or_pi_replayable,evidence_advancement_v1
97cb87d0b9fe12aa,e90eebbc8cb0e65d,results/evidence_advancement/artifacts/materialized_replay_pairs/e90eebbc8cb0e65d.source.blif,virtual_binary_cut,"or(a,not(ab_and))","[""a"", ""ab_and""]","[""a"", ""b""]",2,fc67e5cbb4b98b43,c14bc7d02c76f1ae,a90d007c2fc57df6,inverted,npn_a90d007c2fc57df6,6,source_graph_or_pi_replayable,evidence_advancement_v1
de9cf1b82e943024,e90eebbc8cb0e65d,results/evidence_advancement/artifacts/materialized_replay_pairs/e90eebbc8cb0e65d.source.blif,virtual_binary_cut,"or(a,a_cin_and)","[""a"", ""a_cin_and""]","[""a"", ""cin""]",2,df18d62faaa74b27,b6cfcfc147cbac64,f14e1817ec32b1b5,same,npn_6471b342ae3c3106,6,source_graph_or_pi_replayable,evidence_advancement_v1
6ad605bbd91ae7ff,e90eebbc8cb0e65d,results/evidence_advancement/artifacts/materialized_replay_pairs/e90eebbc8cb0e65d.source.blif,virtual_binary_cut,"or(a,not(a_cin_and))","[""a"", ""a_cin_and""]","[""a"", ""cin""]",2,fc67e5cbb4b98b43,c14bc7d02c76f1ae,a90d007c2fc57df6,inverted,npn_a90d007c2fc57df6,6,source_graph_or_pi_replayable,evidence_advancement_v1
cdaf4c8c5968b985,e90eebbc8cb0e65d,results/evidence_advancement/artifacts/materialized_replay_pairs/e90eebbc8cb0e65d.source.blif,virtual_binary_cut,"and(a,b_cin_and)","[""a"", ""b_cin_and""]","[""a"", ""b"", ""cin""]",3,24165068bb0dbfca,7706d5f66a567332,24165068bb0dbfca,same,npn_24165068bb0dbfca,6,source_graph_or_pi_replayable,evidence_advancement_v1
55cc3a27dca260a2,e90eebbc8cb0e65d,results/evidence_advancement/artifacts/materialized_replay_pairs/e90eebbc8cb0e65d.source.blif,virtual_binary_cut,"or(a,b_cin_and)","[""a"", ""b_cin_and""]","[""a"", ""b"", ""cin""]",3,2d3d88fc9460d408,01b57a83096fa359,2d3d88fc9460d408,same,npn_358a268fde92333a,6,source_graph_or_pi_replayable,evidence_advancement_v1
f5878e8abbac1505,e90eebbc8cb0e65d,results/evidence_advancement/artifacts/materialized_replay_pairs/e90eebbc8cb0e65d.source.blif,virtual_binary_cut,"xor(a,b_cin_and)","[""a"", ""b_cin_and""]","[""a"", ""b"", ""cin""]",3,60196d9c90521e9d,a288081a64aa38ce,60196d9c90521e9d,same,npn_2e96a02abe3f2e05,6,source_graph_or_pi_replayable,evidence_advancement_v1
fbd0a20f259e8270,e90eebbc8cb0e65d,results/evidence_advancement/artifacts/materialized_replay_pairs/e90eebbc8cb0e65d.source.blif,virtual_binary_cut,"and(a,not(b_cin_and))","[""a"", ""b_cin_and""]","[""a"", ""b"", ""cin""]",3,86541bc0ebd49ad1,c0b2b7eb4e4b47b9,86541bc0ebd49ad1,same,npn_358a268fde92333a,6,source_graph_or_pi_replayable,evidence_advancement_v1
d2488e8b3d8f315d,e90eebbc8cb0e65d,results/evidence_advancement/artifacts/materialized_replay_pairs/e90eebbc8cb0e65d.source.blif,virtual_binary_cut,"or(a,not(b_cin_and))","[""a"", ""b_cin_and""]","[""a"", ""b"", ""cin""]",3,5242b1da53ab09a8,9ebc1ab9a061b3d1,9ebc1ab9a061b3d1,inverted,npn_24165068bb0dbfca,6,source_graph_or_pi_replayable,evidence_advancement_v1
2969f05745278e79,e90eebbc8cb0e65d,results/evidence_advancement/artifacts/materialized_replay_pairs/e90eebbc8cb0e65d.source.blif,virtual_binary_cut,"and(a,cout)","[""a"", ""cout""]","[""a"", ""b"", ""cin""]",3,bea908062cfa2db7,d203ab8f1062b0a0,bea908062cfa2db7,same,npn_358a268fde92333a,6,source_graph_or_pi_replayable,evidence_advancement_v1
6cf219fc2e2ae492,e90eebbc8cb0e65d,results/evidence_advancement/artifacts/materialized_replay_pairs/e90eebbc8cb0e65d.source.blif,virtual_binary_cut,"xor(a,cout)","[""a"", ""cout""]","[""a"", ""b"", ""cin""]",3,0cd59fa994925bb3,21d49298ab0d6bfc,0cd59fa994925bb3,same,npn_a32eb2538c37ee34,6,source_graph_or_pi_replayable,evidence_advancement_v1
b4fa56879dbad73e,e90eebbc8cb0e65d,results/evidence_advancement/artifacts/materialized_replay_pairs/e90eebbc8cb0e65d.source.blif,virtual_binary_cut,"and(a,not(cout))","[""a"", ""cout""]","[""a"", ""b"", ""cin""]",3,0929086ae3553ffd,3c35fbd6acc1a5b4,0929086ae3553ffd,same,npn_24165068bb0dbfca,6,source_graph_or_pi_replayable,evidence_advancement_v1
350d4a4b89e91b65,e90eebbc8cb0e65d,results/evidence_advancement/artifacts/materialized_replay_pairs/e90eebbc8cb0e65d.source.blif,virtual_binary_cut,"and(b,cin)","[""b"", ""cin""]","[""b"", ""cin""]",2,369b91d179abba64,81db286b120ccd3b,94de9e90e231b35b,same,npn_94de9e90e231b35b,6,source_graph_or_pi_replayable,evidence_advancement_v1
5f10376e6a6a8832,e90eebbc8cb0e65d,results/evidence_advancement/artifacts/materialized_replay_pairs/e90eebbc8cb0e65d.source.blif,virtual_binary_cut,"or(b,cin)","[""b"", ""cin""]","[""b"", ""cin""]",2,6998c2b0380ed5fd,df970782afed63be,c580333a48d30dad,same,npn_94de9e90e231b35b,6,source_graph_or_pi_replayable,evidence_advancement_v1
5eb0e7c033725e35,e90eebbc8cb0e65d,results/evidence_advancement/artifacts/materialized_replay_pairs/e90eebbc8cb0e65d.source.blif,virtual_binary_cut,"xor(b,cin)","[""b"", ""cin""]","[""b"", ""cin""]",2,9fd48a0d0d9d8a1b,89e85f36ec391ace,b5d1f15c17250b42,same,npn_b5d1f15c17250b42,6,source_graph_or_pi_replayable,evidence_advancement_v1
1bfb5562a98705b7,e90eebbc8cb0e65d,results/evidence_advancement/artifacts/materialized_replay_pairs/e90eebbc8cb0e65d.source.blif,virtual_binary_cut,"and(b,not(cin))","[""b"", ""cin""]","[""b"", ""cin""]",2,1cd47cea02efadc5,b3dbc758ed4cf7c1,90f21496b5c851e8,same,npn_94de9e90e231b35b,6,source_graph_or_pi_replayable,evidence_advancement_v1
1731f866e0a8ab02,e90eebbc8cb0e65d,results/evidence_advancement/artifacts/materialized_replay_pairs/e90eebbc8cb0e65d.source.blif,virtual_binary_cut,"or(b,not(cin))","[""b"", ""cin""]","[""b"", ""cin""]",2,3dd858e6fc78578a,40a3a71b42727dac,2c24932e8e4ebc2f,inverted,npn_94de9e90e231b35b,6,source_graph_or_pi_replayable,evidence_advancement_v1
f6178bed61e15204,e90eebbc8cb0e65d,results/evidence_advancement/artifacts/materialized_replay_pairs/e90eebbc8cb0e65d.source.blif,virtual_binary_cut,"and(b,sum)","[""b"", ""sum""]","[""a"", ""b"", ""cin""]",3,f349b8103440f38f,281fdcdaa6ddf1e3,f349b8103440f38f,same,npn_c367d71c2eac76ee,6,source_graph_or_pi_replayable,evidence_advancement_v1
0f8316947a186ab7,e90eebbc8cb0e65d,results/evidence_advancement/artifacts/materialized_replay_pairs/e90eebbc8cb0e65d.source.blif,virtual_binary_cut,"or(b,sum)","[""b"", ""sum""]","[""a"", ""b"", ""cin""]",3,786379bfa9523fe4,978691fe37bbf018,786379bfa9523fe4,same,npn_c367d71c2eac76ee,6,source_graph_or_pi_replayable,evidence_advancement_v1
95f9aa4fc1476eb1,e90eebbc8cb0e65d,results/evidence_advancement/artifacts/materialized_replay_pairs/e90eebbc8cb0e65d.source.blif,virtual_binary_cut,"xor(b,sum)","[""b"", ""sum""]","[""a"", ""b"", ""cin""]",3,d7a46d3b3e9464c2,26f3581e5bafe7c7,d7a46d3b3e9464c2,same,npn_9fd48a0d0d9d8a1b,6,source_graph_or_pi_replayable,evidence_advancement_v1
d67f5eda1f6d1c7f,e90eebbc8cb0e65d,results/evidence_advancement/artifacts/materialized_replay_pairs/e90eebbc8cb0e65d.source.blif,virtual_binary_cut,"and(b,not(sum))","[""b"", ""sum""]","[""a"", ""b"", ""cin""]",3,e502e9191e6ed303,9ba33c777b6dd915,e502e9191e6ed303,same,npn_c367d71c2eac76ee,6,source_graph_or_pi_replayable,evidence_advancement_v1
34ad10aaf28a7592,e90eebbc8cb0e65d,results/evidence_advancement/artifacts/materialized_replay_pairs/e90eebbc8cb0e65d.source.blif,virtual_binary_cut,"or(b,not(sum))","[""b"", ""sum""]","[""a"", ""b"", ""cin""]",3,4630f7310d6febc0,13b2d0b1cc3afd67,13b2d0b1cc3afd67,inverted,npn_c367d71c2eac76ee,6,source_graph_or_pi_replayable,evidence_advancement_v1
35193b79cbbd3e4c,e90eebbc8cb0e65d,results/evidence_advancement/artifacts/materialized_replay_pairs/e90eebbc8cb0e65d.source.blif,virtual_binary_cut,"or(b,a_cin_and)","[""b"", ""a_cin_and""]","[""a"", ""b"", ""cin""]",3,3b07b0bc23372d78,a21f9e000f8d8b39,3b07b0bc23372d78,same,npn_358a268fde92333a,6,source_graph_or_pi_replayable,evidence_advancement_v1
f597bf008360e049,e90eebbc8cb0e65d,results/evidence_advancement/artifacts/materialized_replay_pairs/e90eebbc8cb0e65d.source.blif,virtual_binary_cut,"xor(b,a_cin_and)","[""b"", ""a_cin_and""]","[""a"", ""b"", ""cin""]",3,b557e1bc282e341d,b7c4e46bdd0916fd,b557e1bc282e341d,same,npn_2e96a02abe3f2e05,6,source_graph_or_pi_replayable,evidence_advancement_v1
a354ffc29311f20d,e90eebbc8cb0e65d,results/evidence_advancement/artifacts/materialized_replay_pairs/e90eebbc8cb0e65d.source.blif,virtual_binary_cut,"and(b,not(a_cin_and))","[""b"", ""a_cin_and""]","[""a"", ""b"", ""cin""]",3,4f60c46211bb6d37,bd8c96055d4724db,4f60c46211bb6d37,same,npn_358a268fde92333a,6,source_graph_or_pi_replayable,evidence_advancement_v1
6272475993e844a3,e90eebbc8cb0e65d,results/evidence_advancement/artifacts/materialized_replay_pairs/e90eebbc8cb0e65d.source.blif,virtual_binary_cut,"or(b,not(a_cin_and))","[""b"", ""a_cin_and""]","[""a"", ""b"", ""cin""]",3,e5e9f7323f023fb7,afe6407a40ccdeab,afe6407a40ccdeab,inverted,npn_24165068bb0dbfca,6,source_graph_or_pi_replayable,evidence_advancement_v1
5c8ab70b46a93e99,e90eebbc8cb0e65d,results/evidence_advancement/artifacts/materialized_replay_pairs/e90eebbc8cb0e65d.source.blif,virtual_binary_cut,"or(b,b_cin_and)","[""b"", ""b_cin_and""]","[""b"", ""cin""]",2,881bc460ec339572,7836cdae43787598,f14e1817ec32b1b5,same,npn_6471b342ae3c3106,6,source_graph_or_pi_replayable,evidence_advancement_v1
fecd7f4c10ae84ca,e90eebbc8cb0e65d,results/evidence_advancement/artifacts/materialized_replay_pairs/e90eebbc8cb0e65d.source.blif,virtual_binary_cut,"or(b,not(b_cin_and))","[""b"", ""b_cin_and""]","[""b"", ""cin""]",2,fc67e5cbb4b98b43,c14bc7d02c76f1ae,a90d007c2fc57df6,inverted,npn_a90d007c2fc57df6,6,source_graph_or_pi_replayable,evidence_advancement_v1
a531cd706b5f1657,e90eebbc8cb0e65d,results/evidence_advancement/artifacts/materialized_replay_pairs/e90eebbc8cb0e65d.source.blif,virtual_binary_cut,"and(b,cout)","[""b"", ""cout""]","[""a"", ""b"", ""cin""]",3,dc3cd88779d423cd,90ed6ff15c51ceef,dc3cd88779d423cd,same,npn_358a268fde92333a,6,source_graph_or_pi_replayable,evidence_advancement_v1
96f1a721ad2bf6ed,e90eebbc8cb0e65d,results/evidence_advancement/artifacts/materialized_replay_pairs/e90eebbc8cb0e65d.source.blif,virtual_binary_cut,"xor(b,cout)","[""b"", ""cout""]","[""a"", ""b"", ""cin""]",3,c75151d45b581b6c,1bc6d6339006ee69,c75151d45b581b6c,same,npn_a32eb2538c37ee34,6,source_graph_or_pi_replayable,evidence_advancement_v1
ba1aedbf05024230,e90eebbc8cb0e65d,results/evidence_advancement/artifacts/materialized_replay_pairs/e90eebbc8cb0e65d.source.blif,virtual_binary_cut,"and(b,not(cout))","[""b"", ""cout""]","[""a"", ""b"", ""cin""]",3,00e3755f7c92db5f,33a790de895e4a82,00e3755f7c92db5f,same,npn_24165068bb0dbfca,6,source_graph_or_pi_replayable,evidence_advancement_v1
c07e9c126b38f628,e90eebbc8cb0e65d,results/evidence_advancement/artifacts/materialized_replay_pairs/e90eebbc8cb0e65d.source.blif,virtual_binary_cut,"and(cin,ab_xor)","[""cin"", ""ab_xor""]","[""a"", ""b"", ""cin""]",3,c367d71c2eac76ee,cad912d562146843,c367d71c2eac76ee,same,npn_c367d71c2eac76ee,6,source_graph_or_pi_replayable,evidence_advancement_v1
f9ca8de841c20606,e90eebbc8cb0e65d,results/evidence_advancement/artifacts/materialized_replay_pairs/e90eebbc8cb0e65d.source.blif,virtual_binary_cut,"or(cin,ab_xor)","[""cin"", ""ab_xor""]","[""a"", ""b"", ""cin""]",3,b9cbd9a487f80552,d8f1a1158f9df939,b9cbd9a487f80552,same,npn_c367d71c2eac76ee,6,source_graph_or_pi_replayable,evidence_advancement_v1
ddfd157285d0dd94,e90eebbc8cb0e65d,results/evidence_advancement/artifacts/materialized_replay_pairs/e90eebbc8cb0e65d.source.blif,virtual_binary_cut,"xor(cin,ab_xor)","[""cin"", ""ab_xor""]","[""a"", ""b"", ""cin""]",3,c2a6fb6a86cca609,275241aeb7262117,c2a6fb6a86cca609,same,npn_c2a6fb6a86cca609,6,source_graph_or_pi_replayable,evidence_advancement_v1
89e3e14e0f8bfc44,e90eebbc8cb0e65d,results/evidence_advancement/artifacts/materialized_replay_pairs/e90eebbc8cb0e65d.source.blif,virtual_binary_cut,"and(cin,not(ab_xor))","[""cin"", ""ab_xor""]","[""a"", ""b"", ""cin""]",3,ef73cac577bcd031,1cddf125e7c6c591,ef73cac577bcd031,same,npn_c367d71c2eac76ee,6,source_graph_or_pi_replayable,evidence_advancement_v1
fe571be1bb72651d,e90eebbc8cb0e65d,results/evidence_advancement/artifacts/materialized_replay_pairs/e90eebbc8cb0e65d.source.blif,virtual_binary_cut,"or(cin,not(ab_xor))","[""cin"", ""ab_xor""]","[""a"", ""b"", ""cin""]",3,df9216350cc7abbf,7f94ec8202b0598d,7f94ec8202b0598d,inverted,npn_c367d71c2eac76ee,6,source_graph_or_pi_replayable,evidence_advancement_v1
607b6c59f6b784cb,e90eebbc8cb0e65d,results/evidence_advancement/artifacts/materialized_replay_pairs/e90eebbc8cb0e65d.source.blif,virtual_binary_cut,"xor(cin,sum)","[""cin"", ""sum""]","[""a"", ""b"", ""cin""]",3,8d1560b225f7c697,d31cf6dbef25069a,8d1560b225f7c697,same,npn_9fd48a0d0d9d8a1b,6,source_graph_or_pi_replayable,evidence_advancement_v1
9810553c2748da98,e90eebbc8cb0e65d,results/evidence_advancement/artifacts/materialized_replay_pairs/e90eebbc8cb0e65d.source.blif,virtual_binary_cut,"or(cin,ab_and)","[""cin"", ""ab_and""]","[""a"", ""b"", ""cin""]",3,2b785f5c6a14009e,d4f1067dfed9dc13,2b785f5c6a14009e,same,npn_358a268fde92333a,6,source_graph_or_pi_replayable,evidence_advancement_v1
684f2cd2b69e83d0,e90eebbc8cb0e65d,results/evidence_advancement/artifacts/materialized_replay_pairs/e90eebbc8cb0e65d.source.blif,virtual_binary_cut,"xor(cin,ab_and)","[""cin"", ""ab_and""]","[""a"", ""b"", ""cin""]",3,2e96a02abe3f2e05,a8f244d01461e4e3,2e96a02abe3f2e05,same,npn_2e96a02abe3f2e05,6,source_graph_or_pi_replayable,evidence_advancement_v1
e3a35a5a93aa80b6,e90eebbc8cb0e65d,results/evidence_advancement/artifacts/materialized_replay_pairs/e90eebbc8cb0e65d.source.blif,virtual_binary_cut,"and(cin,not(ab_and))","[""cin"", ""ab_and""]","[""a"", ""b"", ""cin""]",3,ea466967d1b9574d,b5fe5c54be4d1ca1,ea466967d1b9574d,same,npn_358a268fde92333a,6,source_graph_or_pi_replayable,evidence_advancement_v1
6ab413f10359420e,e90eebbc8cb0e65d,results/evidence_advancement/artifacts/materialized_replay_pairs/e90eebbc8cb0e65d.source.blif,virtual_binary_cut,"or(cin,not(ab_and))","[""cin"", ""ab_and""]","[""a"", ""b"", ""cin""]",3,e8998d9ce7a853e5,18025d3f5a1dde11,18025d3f5a1dde11,inverted,npn_24165068bb0dbfca,6,source_graph_or_pi_replayable,evidence_advancement_v1
5be45f393e3e96eb,e90eebbc8cb0e65d,results/evidence_advancement/artifacts/materialized_replay_pairs/e90eebbc8cb0e65d.source.blif,virtual_binary_cut,"or(cin,a_cin_and)","[""cin"", ""a_cin_and""]","[""a"", ""cin""]",2,f919733d549a9e33,71feeed0446218e8,6471b342ae3c3106,same,npn_6471b342ae3c3106,6,source_graph_or_pi_replayable,evidence_advancement_v1
0060d98a46578b8b,e90eebbc8cb0e65d,results/evidence_advancement/artifacts/materialized_replay_pairs/e90eebbc8cb0e65d.source.blif,virtual_binary_cut,"or(cin,b_cin_and)","[""cin"", ""b_cin_and""]","[""b"", ""cin""]",2,f919733d549a9e33,71feeed0446218e8,6471b342ae3c3106,same,npn_6471b342ae3c3106,6,source_graph_or_pi_replayable,evidence_advancement_v1
75a2aa130ee2741d,e90eebbc8cb0e65d,results/evidence_advancement/artifacts/materialized_replay_pairs/e90eebbc8cb0e65d.source.blif,virtual_binary_cut,"and(cin,cout)","[""cin"", ""cout""]","[""a"", ""b"", ""cin""]",3,358a268fde92333a,3afcf5da87f5826c,358a268fde92333a,same,npn_358a268fde92333a,6,source_graph_or_pi_replayable,evidence_advancement_v1
0625a5eceed81b5e,e90eebbc8cb0e65d,results/evidence_advancement/artifacts/materialized_replay_pairs/e90eebbc8cb0e65d.source.blif,virtual_binary_cut,"xor(cin,cout)","[""cin"", ""cout""]","[""a"", ""b"", ""cin""]",3,a32eb2538c37ee34,3055310c89621ff5,a32eb2538c37ee34,same,npn_a32eb2538c37ee34,6,source_graph_or_pi_replayable,evidence_advancement_v1
05e660b004d22ab5,e90eebbc8cb0e65d,results/evidence_advancement/artifacts/materialized_replay_pairs/e90eebbc8cb0e65d.source.blif,virtual_binary_cut,"and(cin,not(cout))","[""cin"", ""cout""]","[""a"", ""b"", ""cin""]",3,7b4604b3e7ef53d3,0abcb3e56b11067e,7b4604b3e7ef53d3,same,npn_24165068bb0dbfca,6,source_graph_or_pi_replayable,evidence_advancement_v1
f106c92afeac2a39,e90eebbc8cb0e65d,results/evidence_advancement/artifacts/materialized_replay_pairs/e90eebbc8cb0e65d.source.blif,virtual_binary_cut,"xor(ab_xor,sum)","[""ab_xor"", ""sum""]","[""a"", ""b"", ""cin""]",3,f919733d549a9e33,71feeed0446218e8,f919733d549a9e33,same,npn_f919733d549a9e33,6,source_graph_or_pi_replayable,evidence_advancement_v1
4862eef7ada91ff3,e90eebbc8cb0e65d,results/evidence_advancement/artifacts/materialized_replay_pairs/e90eebbc8cb0e65d.source.blif,virtual_binary_cut,"or(ab_xor,a_cin_and)","[""ab_xor"", ""a_cin_and""]","[""a"", ""b"", ""cin""]",3,ecffe6354927592d,2ac8bd1b66db62d5,ecffe6354927592d,same,npn_519942ec52593eec,6,source_graph_or_pi_replayable,evidence_advancement_v1
e72bef1ee2e6c741,e90eebbc8cb0e65d,results/evidence_advancement/artifacts/materialized_replay_pairs/e90eebbc8cb0e65d.source.blif,virtual_binary_cut,"xor(ab_xor,a_cin_and)","[""ab_xor"", ""a_cin_and""]","[""a"", ""b"", ""cin""]",3,b17d45493ba3a535,aa04594437ce4e25,b17d45493ba3a535,same,npn_2e96a02abe3f2e05,6,source_graph_or_pi_replayable,evidence_advancement_v1
9982d2024b86331c,e90eebbc8cb0e65d,results/evidence_advancement/artifacts/materialized_replay_pairs/e90eebbc8cb0e65d.source.blif,virtual_binary_cut,"and(ab_xor,not(a_cin_and))","[""ab_xor"", ""a_cin_and""]","[""a"", ""b"", ""cin""]",3,38836792107d8a9a,97cd566785c639c0,38836792107d8a9a,same,npn_519942ec52593eec,6,source_graph_or_pi_replayable,evidence_advancement_v1
5a3d7b50aa80fa3f,e90eebbc8cb0e65d,results/evidence_advancement/artifacts/materialized_replay_pairs/e90eebbc8cb0e65d.source.blif,virtual_binary_cut,"xor(ab_xor,b_cin_and)","[""ab_xor"", ""b_cin_and""]","[""a"", ""b"", ""cin""]",3,62ad13d001efd14a,7dcd75ff2da27c11,62ad13d001efd14a,same,npn_2e96a02abe3f2e05,6,source_graph_or_pi_replayable,evidence_advancement_v1
cc34ce8860dce80a,e90eebbc8cb0e65d,results/evidence_advancement/artifacts/materialized_replay_pairs/e90eebbc8cb0e65d.source.blif,virtual_binary_cut,"and(ab_xor,not(b_cin_and))","[""ab_xor"", ""b_cin_and""]","[""a"", ""b"", ""cin""]",3,441bfcfb893ac096,9a02499b8ffb93d4,441bfcfb893ac096,same,npn_519942ec52593eec,6,source_graph_or_pi_replayable,evidence_advancement_v1
7532307b3931f95a,e90eebbc8cb0e65d,results/evidence_advancement/artifacts/materialized_replay_pairs/e90eebbc8cb0e65d.source.blif,virtual_binary_cut,"or(ab_xor,cout)","[""ab_xor"", ""cout""]","[""a"", ""b"", ""cin""]",3,42a59debdb0bcad2,9f0c982b4c047d25,42a59debdb0bcad2,same,npn_369b91d179abba64,6,source_graph_or_pi_replayable,evidence_advancement_v1
b6a8d81df6ac7afd,e90eebbc8cb0e65d,results/evidence_advancement/artifacts/materialized_replay_pairs/e90eebbc8cb0e65d.source.blif,virtual_binary_cut,"xor(ab_xor,cout)","[""ab_xor"", ""cout""]","[""a"", ""b"", ""cin""]",3,4e2e624ff001de2a,59aed3a2ef0ddb7d,4e2e624ff001de2a,same,npn_f362bf34947fde3f,6,source_graph_or_pi_replayable,evidence_advancement_v1
6782da5536a29372,e90eebbc8cb0e65d,results/evidence_advancement/artifacts/materialized_replay_pairs/e90eebbc8cb0e65d.source.blif,virtual_binary_cut,"or(ab_xor,not(cout))","[""ab_xor"", ""cout""]","[""a"", ""b"", ""cin""]",3,7717b29c04225dc0,eba8a44748a5f09c,eba8a44748a5f09c,inverted,npn_369b91d179abba64,6,source_graph_or_pi_replayable,evidence_advancement_v1
9871ac8163c1495c,e90eebbc8cb0e65d,results/evidence_advancement/artifacts/materialized_replay_pairs/e90eebbc8cb0e65d.source.blif,virtual_binary_cut,"or(sum,ab_and)","[""sum"", ""ab_and""]","[""a"", ""b"", ""cin""]",3,54b0891aa88d1f02,d4285658c58028f8,54b0891aa88d1f02,same,npn_d61af64b7197e3f3,6,source_graph_or_pi_replayable,evidence_advancement_v1
71695dfeba8c5063,e90eebbc8cb0e65d,results/evidence_advancement/artifacts/materialized_replay_pairs/e90eebbc8cb0e65d.source.blif,virtual_binary_cut,"xor(sum,ab_and)","[""sum"", ""ab_and""]","[""a"", ""b"", ""cin""]",3,c7c2f82107e8afb0,4bcd1b9079112587,c7c2f82107e8afb0,same,npn_2e96a02abe3f2e05,6,source_graph_or_pi_replayable,evidence_advancement_v1
19f254527289e4fe,e90eebbc8cb0e65d,results/evidence_advancement/artifacts/materialized_replay_pairs/e90eebbc8cb0e65d.source.blif,virtual_binary_cut,"and(sum,not(ab_and))","[""sum"", ""ab_and""]","[""a"", ""b"", ""cin""]",3,c624e761ca4bcae2,7064339e905d7539,c624e761ca4bcae2,same,npn_d61af64b7197e3f3,6,source_graph_or_pi_replayable,evidence_advancement_v1
bab63830fe35ffb4,e90eebbc8cb0e65d,results/evidence_advancement/artifacts/materialized_replay_pairs/e90eebbc8cb0e65d.source.blif,virtual_binary_cut,"or(sum,a_cin_and)","[""sum"", ""a_cin_and""]","[""a"", ""b"", ""cin""]",3,5936ac63bf6ad836,fa1fec4e01ce6aca,5936ac63bf6ad836,same,npn_d61af64b7197e3f3,6,source_graph_or_pi_replayable,evidence_advancement_v1
f6ebe4688af92146,e90eebbc8cb0e65d,results/evidence_advancement/artifacts/materialized_replay_pairs/e90eebbc8cb0e65d.source.blif,virtual_binary_cut,"xor(sum,a_cin_and)","[""sum"", ""a_cin_and""]","[""a"", ""b"", ""cin""]",3,75e77e97d7f75adf,c652bc32ee82dccf,75e77e97d7f75adf,same,npn_2e96a02abe3f2e05,6,source_graph_or_pi_replayable,evidence_advancement_v1
99625f647e287395,e90eebbc8cb0e65d,results/evidence_advancement/artifacts/materialized_replay_pairs/e90eebbc8cb0e65d.source.blif,virtual_binary_cut,"or(sum,b_cin_and)","[""sum"", ""b_cin_and""]","[""a"", ""b"", ""cin""]",3,b5ef9070e46ed0cc,b465c54a2345dfdf,b5ef9070e46ed0cc,same,npn_d61af64b7197e3f3,6,source_graph_or_pi_replayable,evidence_advancement_v1
498258b5c4679bff,e90eebbc8cb0e65d,results/evidence_advancement/artifacts/materialized_replay_pairs/e90eebbc8cb0e65d.source.blif,virtual_binary_cut,"xor(sum,b_cin_and)","[""sum"", ""b_cin_and""]","[""a"", ""b"", ""cin""]",3,302e0e31410bc2a4,de66c62b2b8c6090,302e0e31410bc2a4,same,npn_2e96a02abe3f2e05,6,source_graph_or_pi_replayable,evidence_advancement_v1
15ca77d63a102bf1,e90eebbc8cb0e65d,results/evidence_advancement/artifacts/materialized_replay_pairs/e90eebbc8cb0e65d.source.blif,virtual_binary_cut,"or(sum,cout)","[""sum"", ""cout""]","[""a"", ""b"", ""cin""]",3,15d3f0da777adabd,f8dc997cdc370935,15d3f0da777adabd,same,npn_24165068bb0dbfca,6,source_graph_or_pi_replayable,evidence_advancement_v1
4b030de210237f93,e90eebbc8cb0e65d,results/evidence_advancement/artifacts/materialized_replay_pairs/e90eebbc8cb0e65d.source.blif,virtual_binary_cut,"xor(sum,cout)","[""sum"", ""cout""]","[""a"", ""b"", ""cin""]",3,f72c8bd830be906a,36ca0c487498f425,f72c8bd830be906a,same,npn_a32eb2538c37ee34,6,source_graph_or_pi_replayable,evidence_advancement_v1
913c249d06d1ef86,e90eebbc8cb0e65d,results/evidence_advancement/artifacts/materialized_replay_pairs/e90eebbc8cb0e65d.source.blif,virtual_binary_cut,"or(sum,not(cout))","[""sum"", ""cout""]","[""a"", ""b"", ""cin""]",3,7077e1e487c73118,d61af64b7197e3f3,d61af64b7197e3f3,inverted,npn_d61af64b7197e3f3,6,source_graph_or_pi_replayable,evidence_advancement_v1
ca6dee2f27bdc19c,e90eebbc8cb0e65d,results/evidence_advancement/artifacts/materialized_replay_pairs/e90eebbc8cb0e65d.source.blif,virtual_binary_cut,"or(ab_and,cout)","[""ab_and"", ""cout""]","[""a"", ""b"", ""cin""]",3,f362bf34947fde3f,62b7ad64067260f2,f362bf34947fde3f,same,npn_f362bf34947fde3f,6,source_graph_or_pi_replayable,evidence_advancement_v1
7e79d996f45d5c4d,e90eebbc8cb0e65d,results/evidence_advancement/artifacts/materialized_replay_pairs/e90eebbc8cb0e65d.source.blif,virtual_binary_cut,"and(ab_and,not(cout))","[""ab_and"", ""cout""]","[""a"", ""b"", ""cin""]",3,c14bc7d02c76f1ae,fc67e5cbb4b98b43,c14bc7d02c76f1ae,same,npn_c14bc7d02c76f1ae,6,source_graph_or_pi_replayable,evidence_advancement_v1
82ea9d1b63be3046,e90eebbc8cb0e65d,results/evidence_advancement/artifacts/materialized_replay_pairs/e90eebbc8cb0e65d.source.blif,virtual_binary_cut,"and(a_cin_and,cout)","[""a_cin_and"", ""cout""]","[""a"", ""b"", ""cin""]",3,1228de099013e868,33fc91d1cc2c3255,1228de099013e868,same,npn_369b91d179abba64,6,source_graph_or_pi_replayable,evidence_advancement_v1
5e2831c2f1663ddf,e90eebbc8cb0e65d,results/evidence_advancement/artifacts/materialized_replay_pairs/e90eebbc8cb0e65d.source.blif,virtual_binary_cut,"and(b_cin_and,cout)","[""b_cin_and"", ""cout""]","[""a"", ""b"", ""cin""]",3,369b91d179abba64,81db286b120ccd3b,369b91d179abba64,same,npn_369b91d179abba64,6,source_graph_or_pi_replayable,evidence_advancement_v1
8d2de8cab356e9a2,f1ca4c9b64e79488,results/evidence_advancement/artifacts/materialized_replay_pairs/f1ca4c9b64e79488.source.blif,pi_literal,x0,"[""x0""]","[""x0""]",1,df18d62faaa74b27,b6cfcfc147cbac64,923682bea6d517dc,same,npn_923682bea6d517dc,6,source_graph_or_pi_replayable,evidence_advancement_v1
92d149b596d8d6ca,f1ca4c9b64e79488,results/evidence_advancement/artifacts/materialized_replay_pairs/f1ca4c9b64e79488.source.blif,pi_literal,x1,"[""x1""]","[""x1""]",1,881bc460ec339572,7836cdae43787598,923682bea6d517dc,same,npn_923682bea6d517dc,6,source_graph_or_pi_replayable,evidence_advancement_v1
54bf090cf1b2c7cf,f1ca4c9b64e79488,results/evidence_advancement/artifacts/materialized_replay_pairs/f1ca4c9b64e79488.source.blif,pi_literal,r0,"[""r0""]","[""r0""]",1,f919733d549a9e33,71feeed0446218e8,923682bea6d517dc,same,npn_923682bea6d517dc,6,source_graph_or_pi_replayable,evidence_advancement_v1
f8f680088fd566f3,f1ca4c9b64e79488,results/evidence_advancement/artifacts/materialized_replay_pairs/f1ca4c9b64e79488.source.blif,source_node,m0,"[""m0""]","[""r0"", ""x0"", ""x1""]",3,8d1560b225f7c697,d31cf6dbef25069a,9fd48a0d0d9d8a1b,same,npn_9fd48a0d0d9d8a1b,6,source_graph_or_pi_replayable,evidence_advancement_v1
9599d6e9a5c251ef,f1ca4c9b64e79488,results/evidence_advancement/artifacts/materialized_replay_pairs/f1ca4c9b64e79488.source.blif,source_node,y0,"[""y0""]","[""r0"", ""x0"", ""x1""]",3,c2a6fb6a86cca609,275241aeb7262117,c2a6fb6a86cca609,same,npn_c2a6fb6a86cca609,6,source_graph_or_pi_replayable,evidence_advancement_v1
78440741b08083a9,f1ca4c9b64e79488,results/evidence_advancement/artifacts/materialized_replay_pairs/f1ca4c9b64e79488.source.blif,source_node,pcva_e78380a04cbbb599,"[""pcva_e78380a04cbbb599""]","[""x0"", ""x1""]",2,8d1560b225f7c697,d31cf6dbef25069a,b5d1f15c17250b42,same,npn_b5d1f15c17250b42,6,source_graph_or_pi_replayable,evidence_advancement_v1
502f8a98f9427a43,f1ca4c9b64e79488,results/evidence_advancement/artifacts/materialized_replay_pairs/f1ca4c9b64e79488.source.blif,virtual_binary_cut,"and(x0,x1)","[""x0"", ""x1""]","[""x0"", ""x1""]",2,eba8a44748a5f09c,7717b29c04225dc0,94de9e90e231b35b,same,npn_94de9e90e231b35b,6,source_graph_or_pi_replayable,evidence_advancement_v1
41d3a01147c93854,f1ca4c9b64e79488,results/evidence_advancement/artifacts/materialized_replay_pairs/f1ca4c9b64e79488.source.blif,virtual_binary_cut,"or(x0,x1)","[""x0"", ""x1""]","[""x0"", ""x1""]",2,42a59debdb0bcad2,9f0c982b4c047d25,c580333a48d30dad,same,npn_94de9e90e231b35b,6,source_graph_or_pi_replayable,evidence_advancement_v1
263a235e254b9b65,f1ca4c9b64e79488,results/evidence_advancement/artifacts/materialized_replay_pairs/f1ca4c9b64e79488.source.blif,virtual_binary_cut,"xor(x0,x1)","[""x0"", ""x1""]","[""x0"", ""x1""]",2,8d1560b225f7c697,d31cf6dbef25069a,b5d1f15c17250b42,same,npn_b5d1f15c17250b42,6,source_graph_or_pi_replayable,evidence_advancement_v1
ada306fc53e24a41,f1ca4c9b64e79488,results/evidence_advancement/artifacts/materialized_replay_pairs/f1ca4c9b64e79488.source.blif,virtual_binary_cut,"and(x0,not(x1))","[""x0"", ""x1""]","[""x0"", ""x1""]",2,64b0009f6392972f,4618e905c40e8769,90f21496b5c851e8,same,npn_94de9e90e231b35b,6,source_graph_or_pi_replayable,evidence_advancement_v1
65692fc03d6a7729,f1ca4c9b64e79488,results/evidence_advancement/artifacts/materialized_replay_pairs/f1ca4c9b64e79488.source.blif,virtual_binary_cut,"or(x0,not(x1))","[""x0"", ""x1""]","[""x0"", ""x1""]",2,8560d332f7318334,8f0bc04977f88197,2c24932e8e4ebc2f,inverted,npn_94de9e90e231b35b,6,source_graph_or_pi_replayable,evidence_advancement_v1
0f1787bd73bc8cb0,f1ca4c9b64e79488,results/evidence_advancement/artifacts/materialized_replay_pairs/f1ca4c9b64e79488.source.blif,virtual_binary_cut,"and(x0,r0)","[""x0"", ""r0""]","[""r0"", ""x0""]",2,1228de099013e868,33fc91d1cc2c3255,94de9e90e231b35b,same,npn_94de9e90e231b35b,6,source_graph_or_pi_replayable,evidence_advancement_v1
22fe1121701ee597,f1ca4c9b64e79488,results/evidence_advancement/artifacts/materialized_replay_pairs/f1ca4c9b64e79488.source.blif,virtual_binary_cut,"or(x0,r0)","[""x0"", ""r0""]","[""r0"", ""x0""]",2,1d207ade69b2a3eb,df856b66777ea758,c580333a48d30dad,same,npn_94de9e90e231b35b,6,source_graph_or_pi_replayable,evidence_advancement_v1
be7510321da83b41,f1ca4c9b64e79488,results/evidence_advancement/artifacts/materialized_replay_pairs/f1ca4c9b64e79488.source.blif,virtual_binary_cut,"xor(x0,r0)","[""x0"", ""r0""]","[""r0"", ""x0""]",2,d7a46d3b3e9464c2,26f3581e5bafe7c7,b5d1f15c17250b42,same,npn_b5d1f15c17250b42,6,source_graph_or_pi_replayable,evidence_advancement_v1
7c44c7f349e093d3,f1ca4c9b64e79488,results/evidence_advancement/artifacts/materialized_replay_pairs/f1ca4c9b64e79488.source.blif,virtual_binary_cut,"and(x0,not(r0))","[""x0"", ""r0""]","[""r0"", ""x0""]",2,85473471e2f83e46,7767985351eded02,2c24932e8e4ebc2f,same,npn_94de9e90e231b35b,6,source_graph_or_pi_replayable,evidence_advancement_v1
2ab6a99b4d3de6a3,f1ca4c9b64e79488,results/evidence_advancement/artifacts/materialized_replay_pairs/f1ca4c9b64e79488.source.blif,virtual_binary_cut,"or(x0,not(r0))","[""x0"", ""r0""]","[""r0"", ""x0""]",2,8251c47787737cc6,61ef94dfe370555e,90f21496b5c851e8,inverted,npn_94de9e90e231b35b,6,source_graph_or_pi_replayable,evidence_advancement_v1
4b8665c560639fae,f1ca4c9b64e79488,results/evidence_advancement/artifacts/materialized_replay_pairs/f1ca4c9b64e79488.source.blif,virtual_binary_cut,"and(x0,m0)","[""x0"", ""m0""]","[""r0"", ""x0"", ""x1""]",3,64b0009f6392972f,4618e905c40e8769,1cd47cea02efadc5,same,npn_369b91d179abba64,6,source_graph_or_pi_replayable,evidence_advancement_v1
2d48da0cf81ab7c4,f1ca4c9b64e79488,results/evidence_advancement/artifacts/materialized_replay_pairs/f1ca4c9b64e79488.source.blif,virtual_binary_cut,"or(x0,m0)","[""x0"", ""m0""]","[""r0"", ""x0"", ""x1""]",3,42a59debdb0bcad2,9f0c982b4c047d25,6998c2b0380ed5fd,same,npn_369b91d179abba64,6,source_graph_or_pi_replayable,evidence_advancement_v1
51c6bc77d832b8a9,f1ca4c9b64e79488,results/evidence_advancement/artifacts/materialized_replay_pairs/f1ca4c9b64e79488.source.blif,virtual_binary_cut,"xor(x0,m0)","[""x0"", ""m0""]","[""r0"", ""x0"", ""x1""]",3,881bc460ec339572,7836cdae43787598,f919733d549a9e33,same,npn_f919733d549a9e33,6,source_graph_or_pi_replayable,evidence_advancement_v1
2612555a368aaf8c,f1ca4c9b64e79488,results/evidence_advancement/artifacts/materialized_replay_pairs/f1ca4c9b64e79488.source.blif,virtual_binary_cut,"and(x0,not(m0))","[""x0"", ""m0""]","[""r0"", ""x0"", ""x1""]",3,eba8a44748a5f09c,7717b29c04225dc0,369b91d179abba64,same,npn_369b91d179abba64,6,source_graph_or_pi_replayable,evidence_advancement_v1
e3b6bdcca163f482,f1ca4c9b64e79488,results/evidence_advancement/artifacts/materialized_replay_pairs/f1ca4c9b64e79488.source.blif,virtual_binary_cut,"or(x0,not(m0))","[""x0"", ""m0""]","[""r0"", ""x0"", ""x1""]",3,8560d332f7318334,8f0bc04977f88197,40a3a71b42727dac,inverted,npn_369b91d179abba64,6,source_graph_or_pi_replayable,evidence_advancement_v1
69468ed08dd11898,f1ca4c9b64e79488,results/evidence_advancement/artifacts/materialized_replay_pairs/f1ca4c9b64e79488.source.blif,virtual_binary_cut,"and(x0,y0)","[""x0"", ""y0""]","[""r0"", ""x0"", ""x1""]",3,cafeff6df6d83c72,40434ab81bb65403,f349b8103440f38f,same,npn_c367d71c2eac76ee,6,source_graph_or_pi_replayable,evidence_advancement_v1
2aa73df0b4f01457,f1ca4c9b64e79488,results/evidence_advancement/artifacts/materialized_replay_pairs/f1ca4c9b64e79488.source.blif,virtual_binary_cut,"or(x0,y0)","[""x0"", ""y0""]","[""r0"", ""x0"", ""x1""]",3,45ee4c05f4aac508,d82871169a887f4c,786379bfa9523fe4,same,npn_c367d71c2eac76ee,6,source_graph_or_pi_replayable,evidence_advancement_v1
41c05e261f712275,f1ca4c9b64e79488,results/evidence_advancement/artifacts/materialized_replay_pairs/f1ca4c9b64e79488.source.blif,virtual_binary_cut,"xor(x0,y0)","[""x0"", ""y0""]","[""r0"", ""x0"", ""x1""]",3,9fd48a0d0d9d8a1b,89e85f36ec391ace,d7a46d3b3e9464c2,same,npn_9fd48a0d0d9d8a1b,6,source_graph_or_pi_replayable,evidence_advancement_v1
88df0abd892c86e2,f1ca4c9b64e79488,results/evidence_advancement/artifacts/materialized_replay_pairs/f1ca4c9b64e79488.source.blif,virtual_binary_cut,"and(x0,not(y0))","[""x0"", ""y0""]","[""r0"", ""x0"", ""x1""]",3,9875d06f074d4934,709b7cd024183d71,e502e9191e6ed303,same,npn_c367d71c2eac76ee,6,source_graph_or_pi_replayable,evidence_advancement_v1
4d53a3c586234221,f1ca4c9b64e79488,results/evidence_advancement/artifacts/materialized_replay_pairs/f1ca4c9b64e79488.source.blif,virtual_binary_cut,"or(x0,not(y0))","[""x0"", ""y0""]","[""r0"", ""x0"", ""x1""]",3,5f19d4e4b2292e32,fec5a0854918cc1b,13b2d0b1cc3afd67,inverted,npn_c367d71c2eac76ee,6,source_graph_or_pi_replayable,evidence_advancement_v1
e5089fa78b30e59a,f1ca4c9b64e79488,results/evidence_advancement/artifacts/materialized_replay_pairs/f1ca4c9b64e79488.source.blif,virtual_binary_cut,"xor(x0,pcva_e78380a04cbbb599)","[""x0"", ""pcva_e78380a04cbbb599""]","[""x0"", ""x1""]",2,881bc460ec339572,7836cdae43787598,6471b342ae3c3106,same,npn_6471b342ae3c3106,6,source_graph_or_pi_replayable,evidence_advancement_v1
caef8feca420eb17,f1ca4c9b64e79488,results/evidence_advancement/artifacts/materialized_replay_pairs/f1ca4c9b64e79488.source.blif,virtual_binary_cut,"and(x1,r0)","[""x1"", ""r0""]","[""r0"", ""x1""]",2,369b91d179abba64,81db286b120ccd3b,94de9e90e231b35b,same,npn_94de9e90e231b35b,6,source_graph_or_pi_replayable,evidence_advancement_v1
5d0f6155b2c1adcd,f1ca4c9b64e79488,results/evidence_advancement/artifacts/materialized_replay_pairs/f1ca4c9b64e79488.source.blif,virtual_binary_cut,"or(x1,r0)","[""x1"", ""r0""]","[""r0"", ""x1""]",2,6998c2b0380ed5fd,df970782afed63be,c580333a48d30dad,same,npn_94de9e90e231b35b,6,source_graph_or_pi_replayable,evidence_advancement_v1
cab3bc94a467dd09,f1ca4c9b64e79488,results/evidence_advancement/artifacts/materialized_replay_pairs/f1ca4c9b64e79488.source.blif,virtual_binary_cut,"xor(x1,r0)","[""x1"", ""r0""]","[""r0"", ""x1""]",2,9fd48a0d0d9d8a1b,89e85f36ec391ace,b5d1f15c17250b42,same,npn_b5d1f15c17250b42,6,source_graph_or_pi_replayable,evidence_advancement_v1
5cb4d4b39d19993d,f1ca4c9b64e79488,results/evidence_advancement/artifacts/materialized_replay_pairs/f1ca4c9b64e79488.source.blif,virtual_binary_cut,"and(x1,not(r0))","[""x1"", ""r0""]","[""r0"", ""x1""]",2,1cd47cea02efadc5,b3dbc758ed4cf7c1,2c24932e8e4ebc2f,same,npn_94de9e90e231b35b,6,source_graph_or_pi_replayable,evidence_advancement_v1
f802787fbccec659,f1ca4c9b64e79488,results/evidence_advancement/artifacts/materialized_replay_pairs/f1ca4c9b64e79488.source.blif,virtual_binary_cut,"or(x1,not(r0))","[""x1"", ""r0""]","[""r0"", ""x1""]",2,3dd858e6fc78578a,40a3a71b42727dac,90f21496b5c851e8,inverted,npn_94de9e90e231b35b,6,source_graph_or_pi_replayable,evidence_advancement_v1
3e68ef3d112db088,f1ca4c9b64e79488,results/evidence_advancement/artifacts/materialized_replay_pairs/f1ca4c9b64e79488.source.blif,virtual_binary_cut,"xor(x1,m0)","[""x1"", ""m0""]","[""r0"", ""x0"", ""x1""]",3,df18d62faaa74b27,b6cfcfc147cbac64,881bc460ec339572,same,npn_f919733d549a9e33,6,source_graph_or_pi_replayable,evidence_advancement_v1
70358a71f6104fd0,f1ca4c9b64e79488,results/evidence_advancement/artifacts/materialized_replay_pairs/f1ca4c9b64e79488.source.blif,virtual_binary_cut,"and(x1,y0)","[""x1"", ""y0""]","[""r0"", ""x0"", ""x1""]",3,f349b8103440f38f,281fdcdaa6ddf1e3,ef73cac577bcd031,same,npn_c367d71c2eac76ee,6,source_graph_or_pi_replayable,evidence_advancement_v1
1c3a59e0c7cd9dd7,f1ca4c9b64e79488,results/evidence_advancement/artifacts/materialized_replay_pairs/f1ca4c9b64e79488.source.blif,virtual_binary_cut,"or(x1,y0)","[""x1"", ""y0""]","[""r0"", ""x0"", ""x1""]",3,786379bfa9523fe4,978691fe37bbf018,b9cbd9a487f80552,same,npn_c367d71c2eac76ee,6,source_graph_or_pi_replayable,evidence_advancement_v1
00f6ab7cf008e2f5,f1ca4c9b64e79488,results/evidence_advancement/artifacts/materialized_replay_pairs/f1ca4c9b64e79488.source.blif,virtual_binary_cut,"xor(x1,y0)","[""x1"", ""y0""]","[""r0"", ""x0"", ""x1""]",3,d7a46d3b3e9464c2,26f3581e5bafe7c7,8d1560b225f7c697,same,npn_9fd48a0d0d9d8a1b,6,source_graph_or_pi_replayable,evidence_advancement_v1
95335068be6a2273,f1ca4c9b64e79488,results/evidence_advancement/artifacts/materialized_replay_pairs/f1ca4c9b64e79488.source.blif,virtual_binary_cut,"and(x1,not(y0))","[""x1"", ""y0""]","[""r0"", ""x0"", ""x1""]",3,e502e9191e6ed303,9ba33c777b6dd915,c367d71c2eac76ee,same,npn_c367d71c2eac76ee,6,source_graph_or_pi_replayable,evidence_advancement_v1
12ac02619bf6c60c,f1ca4c9b64e79488,results/evidence_advancement/artifacts/materialized_replay_pairs/f1ca4c9b64e79488.source.blif,virtual_binary_cut,"or(x1,not(y0))","[""x1"", ""y0""]","[""r0"", ""x0"", ""x1""]",3,4630f7310d6febc0,13b2d0b1cc3afd67,7f94ec8202b0598d,inverted,npn_c367d71c2eac76ee,6,source_graph_or_pi_replayable,evidence_advancement_v1
5182966aab9ea69c,f1ca4c9b64e79488,results/evidence_advancement/artifacts/materialized_replay_pairs/f1ca4c9b64e79488.source.blif,virtual_binary_cut,"xor(x1,pcva_e78380a04cbbb599)","[""x1"", ""pcva_e78380a04cbbb599""]","[""x0"", ""x1""]",2,df18d62faaa74b27,b6cfcfc147cbac64,f14e1817ec32b1b5,same,npn_6471b342ae3c3106,6,source_graph_or_pi_replayable,evidence_advancement_v1
4937df3e4f8baa76,f1ca4c9b64e79488,results/evidence_advancement/artifacts/materialized_replay_pairs/f1ca4c9b64e79488.source.blif,virtual_binary_cut,"and(r0,m0)","[""r0"", ""m0""]","[""r0"", ""x0"", ""x1""]",3,c367d71c2eac76ee,cad912d562146843,9875d06f074d4934,same,npn_c367d71c2eac76ee,6,source_graph_or_pi_replayable,evidence_advancement_v1
572b52b57865165b,f1ca4c9b64e79488,results/evidence_advancement/artifacts/materialized_replay_pairs/f1ca4c9b64e79488.source.blif,virtual_binary_cut,"or(r0,m0)","[""r0"", ""m0""]","[""r0"", ""x0"", ""x1""]",3,b9cbd9a487f80552,d8f1a1158f9df939,45ee4c05f4aac508,same,npn_c367d71c2eac76ee,6,source_graph_or_pi_replayable,evidence_advancement_v1
0147934cad361481,f1ca4c9b64e79488,results/evidence_advancement/artifacts/materialized_replay_pairs/f1ca4c9b64e79488.source.blif,virtual_binary_cut,"xor(r0,m0)","[""r0"", ""m0""]","[""r0"", ""x0"", ""x1""]",3,c2a6fb6a86cca609,275241aeb7262117,c2a6fb6a86cca609,same,npn_c2a6fb6a86cca609,6,source_graph_or_pi_replayable,evidence_advancement_v1
2898c092e5467be2,f1ca4c9b64e79488,results/evidence_advancement/artifacts/materialized_replay_pairs/f1ca4c9b64e79488.source.blif,virtual_binary_cut,"and(r0,not(m0))","[""r0"", ""m0""]","[""r0"", ""x0"", ""x1""]",3,ef73cac577bcd031,1cddf125e7c6c591,cafeff6df6d83c72,same,npn_c367d71c2eac76ee,6,source_graph_or_pi_replayable,evidence_advancement_v1
d76d6a8604495f0a,f1ca4c9b64e79488,results/evidence_advancement/artifacts/materialized_replay_pairs/f1ca4c9b64e79488.source.blif,virtual_binary_cut,"or(r0,not(m0))","[""r0"", ""m0""]","[""r0"", ""x0"", ""x1""]",3,df9216350cc7abbf,7f94ec8202b0598d,fec5a0854918cc1b,inverted,npn_c367d71c2eac76ee,6,source_graph_or_pi_replayable,evidence_advancement_v1
04f7a8a14446411b,f1ca4c9b64e79488,results/evidence_advancement/artifacts/materialized_replay_pairs/f1ca4c9b64e79488.source.blif,virtual_binary_cut,"xor(r0,y0)","[""r0"", ""y0""]","[""r0"", ""x0"", ""x1""]",3,8d1560b225f7c697,d31cf6dbef25069a,9fd48a0d0d9d8a1b,same,npn_9fd48a0d0d9d8a1b,6,source_graph_or_pi_replayable,evidence_advancement_v1
eac1ab884cc35f10,f1ca4c9b64e79488,results/evidence_advancement/artifacts/materialized_replay_pairs/f1ca4c9b64e79488.source.blif,virtual_binary_cut,"xor(m0,y0)","[""m0"", ""y0""]","[""r0"", ""x0"", ""x1""]",3,f919733d549a9e33,71feeed0446218e8,df18d62faaa74b27,same,npn_f919733d549a9e33,6,source_graph_or_pi_replayable,evidence_advancement_v1
aaadd59639804db0,f1ca4c9b64e79488,results/evidence_advancement/artifacts/materialized_replay_pairs/f1ca4c9b64e79488.source.blif,virtual_binary_cut,"xor(m0,pcva_e78380a04cbbb599)","[""m0"", ""pcva_e78380a04cbbb599""]","[""r0"", ""x0"", ""x1""]",3,c14bc7d02c76f1ae,fc67e5cbb4b98b43,c14bc7d02c76f1ae,same,npn_c14bc7d02c76f1ae,6,source_graph_or_pi_replayable,evidence_advancement_v1
3b92225db1c5b95b,fbedf2676894a82f,results/evidence_advancement/artifacts/materialized_replay_pairs/fbedf2676894a82f.source.blif,pi_literal,x0,"[""x0""]","[""x0""]",1,df18d62faaa74b27,b6cfcfc147cbac64,923682bea6d517dc,same,npn_923682bea6d517dc,6,source_graph_or_pi_replayable,evidence_advancement_v1
fca6ef3c94950474,fbedf2676894a82f,results/evidence_advancement/artifacts/materialized_replay_pairs/fbedf2676894a82f.source.blif,pi_literal,x1,"[""x1""]","[""x1""]",1,881bc460ec339572,7836cdae43787598,923682bea6d517dc,same,npn_923682bea6d517dc,6,source_graph_or_pi_replayable,evidence_advancement_v1
9a289339dcdcc32e,fbedf2676894a82f,results/evidence_advancement/artifacts/materialized_replay_pairs/fbedf2676894a82f.source.blif,pi_literal,r0,"[""r0""]","[""r0""]",1,f919733d549a9e33,71feeed0446218e8,923682bea6d517dc,same,npn_923682bea6d517dc,6,source_graph_or_pi_replayable,evidence_advancement_v1
49b9dea3e97d5956,fbedf2676894a82f,results/evidence_advancement/artifacts/materialized_replay_pairs/fbedf2676894a82f.source.blif,source_node,m0,"[""m0""]","[""r0"", ""x0"", ""x1""]",3,eba8a44748a5f09c,7717b29c04225dc0,369b91d179abba64,same,npn_369b91d179abba64,6,source_graph_or_pi_replayable,evidence_advancement_v1
3b327b4c2d00152f,fbedf2676894a82f,results/evidence_advancement/artifacts/materialized_replay_pairs/fbedf2676894a82f.source.blif,source_node,y0,"[""y0""]","[""r0"", ""x0"", ""x1""]",3,2e96a02abe3f2e05,a8f244d01461e4e3,60196d9c90521e9d,same,npn_2e96a02abe3f2e05,6,source_graph_or_pi_replayable,evidence_advancement_v1
de250865250893e0,fbedf2676894a82f,results/evidence_advancement/artifacts/materialized_replay_pairs/fbedf2676894a82f.source.blif,source_node,pcva_bcbe9070a681b6f5,"[""pcva_bcbe9070a681b6f5""]","[""x0"", ""x1""]",2,eba8a44748a5f09c,7717b29c04225dc0,94de9e90e231b35b,same,npn_94de9e90e231b35b,6,source_graph_or_pi_replayable,evidence_advancement_v1
c21b7e183c98b511,fbedf2676894a82f,results/evidence_advancement/artifacts/materialized_replay_pairs/fbedf2676894a82f.source.blif,virtual_binary_cut,"and(x0,x1)","[""x0"", ""x1""]","[""x0"", ""x1""]",2,eba8a44748a5f09c,7717b29c04225dc0,94de9e90e231b35b,same,npn_94de9e90e231b35b,6,source_graph_or_pi_replayable,evidence_advancement_v1
64bfc01c84ac9095,fbedf2676894a82f,results/evidence_advancement/artifacts/materialized_replay_pairs/fbedf2676894a82f.source.blif,virtual_binary_cut,"or(x0,x1)","[""x0"", ""x1""]","[""x0"", ""x1""]",2,42a59debdb0bcad2,9f0c982b4c047d25,c580333a48d30dad,same,npn_94de9e90e231b35b,6,source_graph_or_pi_replayable,evidence_advancement_v1
f8a4ef6d66ab3191,fbedf2676894a82f,results/evidence_advancement/artifacts/materialized_replay_pairs/fbedf2676894a82f.source.blif,virtual_binary_cut,"xor(x0,x1)","[""x0"", ""x1""]","[""x0"", ""x1""]",2,8d1560b225f7c697,d31cf6dbef25069a,b5d1f15c17250b42,same,npn_b5d1f15c17250b42,6,source_graph_or_pi_replayable,evidence_advancement_v1
40f5b308ac093ce9,fbedf2676894a82f,results/evidence_advancement/artifacts/materialized_replay_pairs/fbedf2676894a82f.source.blif,virtual_binary_cut,"and(x0,not(x1))","[""x0"", ""x1""]","[""x0"", ""x1""]",2,64b0009f6392972f,4618e905c40e8769,90f21496b5c851e8,same,npn_94de9e90e231b35b,6,source_graph_or_pi_replayable,evidence_advancement_v1
b9a97c3d8ef1df8c,fbedf2676894a82f,results/evidence_advancement/artifacts/materialized_replay_pairs/fbedf2676894a82f.source.blif,virtual_binary_cut,"or(x0,not(x1))","[""x0"", ""x1""]","[""x0"", ""x1""]",2,8560d332f7318334,8f0bc04977f88197,2c24932e8e4ebc2f,inverted,npn_94de9e90e231b35b,6,source_graph_or_pi_replayable,evidence_advancement_v1
3295aa67fc1c198d,fbedf2676894a82f,results/evidence_advancement/artifacts/materialized_replay_pairs/fbedf2676894a82f.source.blif,virtual_binary_cut,"and(x0,r0)","[""x0"", ""r0""]","[""r0"", ""x0""]",2,1228de099013e868,33fc91d1cc2c3255,94de9e90e231b35b,same,npn_94de9e90e231b35b,6,source_graph_or_pi_replayable,evidence_advancement_v1
12fd542a5adf5fb9,fbedf2676894a82f,results/evidence_advancement/artifacts/materialized_replay_pairs/fbedf2676894a82f.source.blif,virtual_binary_cut,"or(x0,r0)","[""x0"", ""r0""]","[""r0"", ""x0""]",2,1d207ade69b2a3eb,df856b66777ea758,c580333a48d30dad,same,npn_94de9e90e231b35b,6,source_graph_or_pi_replayable,evidence_advancement_v1
3b393efb916cf7e4,fbedf2676894a82f,results/evidence_advancement/artifacts/materialized_replay_pairs/fbedf2676894a82f.source.blif,virtual_binary_cut,"xor(x0,r0)","[""x0"", ""r0""]","[""r0"", ""x0""]",2,d7a46d3b3e9464c2,26f3581e5bafe7c7,b5d1f15c17250b42,same,npn_b5d1f15c17250b42,6,source_graph_or_pi_replayable,evidence_advancement_v1
279d88fd8bd7f666,fbedf2676894a82f,results/evidence_advancement/artifacts/materialized_replay_pairs/fbedf2676894a82f.source.blif,virtual_binary_cut,"and(x0,not(r0))","[""x0"", ""r0""]","[""r0"", ""x0""]",2,85473471e2f83e46,7767985351eded02,2c24932e8e4ebc2f,same,npn_94de9e90e231b35b,6,source_graph_or_pi_replayable,evidence_advancement_v1
8a5be5a5f9a27571,fbedf2676894a82f,results/evidence_advancement/artifacts/materialized_replay_pairs/fbedf2676894a82f.source.blif,virtual_binary_cut,"or(x0,not(r0))","[""x0"", ""r0""]","[""r0"", ""x0""]",2,8251c47787737cc6,61ef94dfe370555e,90f21496b5c851e8,inverted,npn_94de9e90e231b35b,6,source_graph_or_pi_replayable,evidence_advancement_v1
51097d9407f32802,fbedf2676894a82f,results/evidence_advancement/artifacts/materialized_replay_pairs/fbedf2676894a82f.source.blif,virtual_binary_cut,"and(x0,m0)","[""x0"", ""m0""]","[""r0"", ""x0"", ""x1""]",3,eba8a44748a5f09c,7717b29c04225dc0,369b91d179abba64,same,npn_369b91d179abba64,6,source_graph_or_pi_replayable,evidence_advancement_v1
285b5e64af534a50,fbedf2676894a82f,results/evidence_advancement/artifacts/materialized_replay_pairs/fbedf2676894a82f.source.blif,virtual_binary_cut,"or(x0,m0)","[""x0"", ""m0""]","[""r0"", ""x0"", ""x1""]",3,df18d62faaa74b27,b6cfcfc147cbac64,881bc460ec339572,same,npn_f919733d549a9e33,6,source_graph_or_pi_replayable,evidence_advancement_v1
30e6e481e532ae55,fbedf2676894a82f,results/evidence_advancement/artifacts/materialized_replay_pairs/fbedf2676894a82f.source.blif,virtual_binary_cut,"xor(x0,m0)","[""x0"", ""m0""]","[""r0"", ""x0"", ""x1""]",3,64b0009f6392972f,4618e905c40e8769,1cd47cea02efadc5,same,npn_369b91d179abba64,6,source_graph_or_pi_replayable,evidence_advancement_v1
2106e1a526c6d346,fbedf2676894a82f,results/evidence_advancement/artifacts/materialized_replay_pairs/fbedf2676894a82f.source.blif,virtual_binary_cut,"or(x0,not(m0))","[""x0"", ""m0""]","[""r0"", ""x0"", ""x1""]",3,fc67e5cbb4b98b43,c14bc7d02c76f1ae,c14bc7d02c76f1ae,inverted,npn_c14bc7d02c76f1ae,6,source_graph_or_pi_replayable,evidence_advancement_v1
9ed1adb55cfe45c0,fbedf2676894a82f,results/evidence_advancement/artifacts/materialized_replay_pairs/fbedf2676894a82f.source.blif,virtual_binary_cut,"and(x0,y0)","[""x0"", ""y0""]","[""r0"", ""x0"", ""x1""]",3,9875d06f074d4934,709b7cd024183d71,e502e9191e6ed303,same,npn_c367d71c2eac76ee,6,source_graph_or_pi_replayable,evidence_advancement_v1
6f1ed8f4b1617cc3,fbedf2676894a82f,results/evidence_advancement/artifacts/materialized_replay_pairs/fbedf2676894a82f.source.blif,virtual_binary_cut,"or(x0,y0)","[""x0"", ""y0""]","[""r0"", ""x0"", ""x1""]",3,1d207ade69b2a3eb,df856b66777ea758,42a59debdb0bcad2,same,npn_369b91d179abba64,6,source_graph_or_pi_replayable,evidence_advancement_v1
840add027456bda8,fbedf2676894a82f,results/evidence_advancement/artifacts/materialized_replay_pairs/fbedf2676894a82f.source.blif,virtual_binary_cut,"xor(x0,y0)","[""x0"", ""y0""]","[""r0"", ""x0"", ""x1""]",3,194fa8893fa382cf,16e8cc99320bb4ce,62ad13d001efd14a,same,npn_2e96a02abe3f2e05,6,source_graph_or_pi_replayable,evidence_advancement_v1
3e1d3551e4f8bf36,fbedf2676894a82f,results/evidence_advancement/artifacts/materialized_replay_pairs/fbedf2676894a82f.source.blif,virtual_binary_cut,"and(x0,not(y0))","[""x0"", ""y0""]","[""r0"", ""x0"", ""x1""]",3,cafeff6df6d83c72,40434ab81bb65403,f349b8103440f38f,same,npn_c367d71c2eac76ee,6,source_graph_or_pi_replayable,evidence_advancement_v1
a956f6cb95386cb4,fbedf2676894a82f,results/evidence_advancement/artifacts/materialized_replay_pairs/fbedf2676894a82f.source.blif,virtual_binary_cut,"or(x0,not(y0))","[""x0"", ""y0""]","[""r0"", ""x0"", ""x1""]",3,8251c47787737cc6,61ef94dfe370555e,64b0009f6392972f,inverted,npn_369b91d179abba64,6,source_graph_or_pi_replayable,evidence_advancement_v1
ebcdb8da11a4b682,fbedf2676894a82f,results/evidence_advancement/artifacts/materialized_replay_pairs/fbedf2676894a82f.source.blif,virtual_binary_cut,"or(x0,pcva_bcbe9070a681b6f5)","[""x0"", ""pcva_bcbe9070a681b6f5""]","[""x0"", ""x1""]",2,df18d62faaa74b27,b6cfcfc147cbac64,f14e1817ec32b1b5,same,npn_6471b342ae3c3106,6,source_graph_or_pi_replayable,evidence_advancement_v1
166388e7fafe439f,fbedf2676894a82f,results/evidence_advancement/artifacts/materialized_replay_pairs/fbedf2676894a82f.source.blif,virtual_binary_cut,"or(x0,not(pcva_bcbe9070a681b6f5))","[""x0"", ""pcva_bcbe9070a681b6f5""]","[""x0"", ""x1""]",2,fc67e5cbb4b98b43,c14bc7d02c76f1ae,a90d007c2fc57df6,inverted,npn_a90d007c2fc57df6,6,source_graph_or_pi_replayable,evidence_advancement_v1
246306942397ada2,fbedf2676894a82f,results/evidence_advancement/artifacts/materialized_replay_pairs/fbedf2676894a82f.source.blif,virtual_binary_cut,"and(x1,r0)","[""x1"", ""r0""]","[""r0"", ""x1""]",2,369b91d179abba64,81db286b120ccd3b,94de9e90e231b35b,same,npn_94de9e90e231b35b,6,source_graph_or_pi_replayable,evidence_advancement_v1
55aa23a95e5bf7ad,fbedf2676894a82f,results/evidence_advancement/artifacts/materialized_replay_pairs/fbedf2676894a82f.source.blif,virtual_binary_cut,"or(x1,r0)","[""x1"", ""r0""]","[""r0"", ""x1""]",2,6998c2b0380ed5fd,df970782afed63be,c580333a48d30dad,same,npn_94de9e90e231b35b,6,source_graph_or_pi_replayable,evidence_advancement_v1
85f1844af87097e1,fbedf2676894a82f,results/evidence_advancement/artifacts/materialized_replay_pairs/fbedf2676894a82f.source.blif,virtual_binary_cut,"xor(x1,r0)","[""x1"", ""r0""]","[""r0"", ""x1""]",2,9fd48a0d0d9d8a1b,89e85f36ec391ace,b5d1f15c17250b42,same,npn_b5d1f15c17250b42,6,source_graph_or_pi_replayable,evidence_advancement_v1
ada8d64021473e4b,fbedf2676894a82f,results/evidence_advancement/artifacts/materialized_replay_pairs/fbedf2676894a82f.source.blif,virtual_binary_cut,"and(x1,not(r0))","[""x1"", ""r0""]","[""r0"", ""x1""]",2,1cd47cea02efadc5,b3dbc758ed4cf7c1,2c24932e8e4ebc2f,same,npn_94de9e90e231b35b,6,source_graph_or_pi_replayable,evidence_advancement_v1
d5f8391368e34edd,fbedf2676894a82f,results/evidence_advancement/artifacts/materialized_replay_pairs/fbedf2676894a82f.source.blif,virtual_binary_cut,"or(x1,not(r0))","[""x1"", ""r0""]","[""r0"", ""x1""]",2,3dd858e6fc78578a,40a3a71b42727dac,90f21496b5c851e8,inverted,npn_94de9e90e231b35b,6,source_graph_or_pi_replayable,evidence_advancement_v1
c7e76acd907379de,fbedf2676894a82f,results/evidence_advancement/artifacts/materialized_replay_pairs/fbedf2676894a82f.source.blif,virtual_binary_cut,"or(x1,m0)","[""x1"", ""m0""]","[""r0"", ""x0"", ""x1""]",3,881bc460ec339572,7836cdae43787598,f919733d549a9e33,same,npn_f919733d549a9e33,6,source_graph_or_pi_replayable,evidence_advancement_v1
0396bf7a7460d940,fbedf2676894a82f,results/evidence_advancement/artifacts/materialized_replay_pairs/fbedf2676894a82f.source.blif,virtual_binary_cut,"xor(x1,m0)","[""x1"", ""m0""]","[""r0"", ""x0"", ""x1""]",3,8f0bc04977f88197,8560d332f7318334,40a3a71b42727dac,same,npn_369b91d179abba64,6,source_graph_or_pi_replayable,evidence_advancement_v1
e4ec83eaeab2f6a5,fbedf2676894a82f,results/evidence_advancement/artifacts/materialized_replay_pairs/fbedf2676894a82f.source.blif,virtual_binary_cut,"and(x1,y0)","[""x1"", ""y0""]","[""r0"", ""x0"", ""x1""]",3,e502e9191e6ed303,9ba33c777b6dd915,c367d71c2eac76ee,same,npn_c367d71c2eac76ee,6,source_graph_or_pi_replayable,evidence_advancement_v1
e9f712f38bd85186,fbedf2676894a82f,results/evidence_advancement/artifacts/materialized_replay_pairs/fbedf2676894a82f.source.blif,virtual_binary_cut,"or(x1,y0)","[""x1"", ""y0""]","[""r0"", ""x0"", ""x1""]",3,6998c2b0380ed5fd,df970782afed63be,1d207ade69b2a3eb,same,npn_369b91d179abba64,6,source_graph_or_pi_replayable,evidence_advancement_v1
a533b90b863662c5,fbedf2676894a82f,results/evidence_advancement/artifacts/materialized_replay_pairs/fbedf2676894a82f.source.blif,virtual_binary_cut,"xor(x1,y0)","[""x1"", ""y0""]","[""r0"", ""x0"", ""x1""]",3,8192b9512335fe5c,07afcd83da45eba0,6a87a8ec53e5d016,same,npn_2e96a02abe3f2e05,6,source_graph_or_pi_replayable,evidence_advancement_v1
07d7d67f8209eb05,fbedf2676894a82f,results/evidence_advancement/artifacts/materialized_replay_pairs/fbedf2676894a82f.source.blif,virtual_binary_cut,"and(x1,not(y0))","[""x1"", ""y0""]","[""r0"", ""x0"", ""x1""]",3,f349b8103440f38f,281fdcdaa6ddf1e3,ef73cac577bcd031,same,npn_c367d71c2eac76ee,6,source_graph_or_pi_replayable,evidence_advancement_v1
02ea66df5542039f,fbedf2676894a82f,results/evidence_advancement/artifacts/materialized_replay_pairs/fbedf2676894a82f.source.blif,virtual_binary_cut,"or(x1,not(y0))","[""x1"", ""y0""]","[""r0"", ""x0"", ""x1""]",3,3dd858e6fc78578a,40a3a71b42727dac,85473471e2f83e46,inverted,npn_369b91d179abba64,6,source_graph_or_pi_replayable,evidence_advancement_v1
d319f449c0baaf93,fbedf2676894a82f,results/evidence_advancement/artifacts/materialized_replay_pairs/fbedf2676894a82f.source.blif,virtual_binary_cut,"or(x1,pcva_bcbe9070a681b6f5)","[""x1"", ""pcva_bcbe9070a681b6f5""]","[""x0"", ""x1""]",2,881bc460ec339572,7836cdae43787598,6471b342ae3c3106,same,npn_6471b342ae3c3106,6,source_graph_or_pi_replayable,evidence_advancement_v1
b6a0dbc7495349c1,fbedf2676894a82f,results/evidence_advancement/artifacts/materialized_replay_pairs/fbedf2676894a82f.source.blif,virtual_binary_cut,"and(r0,m0)","[""r0"", ""m0""]","[""r0"", ""x0"", ""x1""]",3,24165068bb0dbfca,7706d5f66a567332,24165068bb0dbfca,same,npn_24165068bb0dbfca,6,source_graph_or_pi_replayable,evidence_advancement_v1
e2bd91d19fb0af6f,fbedf2676894a82f,results/evidence_advancement/artifacts/materialized_replay_pairs/fbedf2676894a82f.source.blif,virtual_binary_cut,"or(r0,m0)","[""r0"", ""m0""]","[""r0"", ""x0"", ""x1""]",3,2b785f5c6a14009e,d4f1067dfed9dc13,2d3d88fc9460d408,same,npn_358a268fde92333a,6,source_graph_or_pi_replayable,evidence_advancement_v1
0211f80c9b11f947,fbedf2676894a82f,results/evidence_advancement/artifacts/materialized_replay_pairs/fbedf2676894a82f.source.blif,virtual_binary_cut,"xor(r0,m0)","[""r0"", ""m0""]","[""r0"", ""x0"", ""x1""]",3,2e96a02abe3f2e05,a8f244d01461e4e3,60196d9c90521e9d,same,npn_2e96a02abe3f2e05,6,source_graph_or_pi_replayable,evidence_advancement_v1
fd1e4cb0f01426b7,fbedf2676894a82f,results/evidence_advancement/artifacts/materialized_replay_pairs/fbedf2676894a82f.source.blif,virtual_binary_cut,"and(r0,not(m0))","[""r0"", ""m0""]","[""r0"", ""x0"", ""x1""]",3,ea466967d1b9574d,b5fe5c54be4d1ca1,86541bc0ebd49ad1,same,npn_358a268fde92333a,6,source_graph_or_pi_replayable,evidence_advancement_v1
7cd9f6cf899286d8,fbedf2676894a82f,results/evidence_advancement/artifacts/materialized_replay_pairs/fbedf2676894a82f.source.blif,virtual_binary_cut,"or(r0,not(m0))","[""r0"", ""m0""]","[""r0"", ""x0"", ""x1""]",3,e8998d9ce7a853e5,18025d3f5a1dde11,9ebc1ab9a061b3d1,inverted,npn_24165068bb0dbfca,6,source_graph_or_pi_replayable,evidence_advancement_v1
1f04448963d78176,fbedf2676894a82f,results/evidence_advancement/artifacts/materialized_replay_pairs/fbedf2676894a82f.source.blif,virtual_binary_cut,"xor(m0,y0)","[""m0"", ""y0""]","[""r0"", ""x0"", ""x1""]",3,f919733d549a9e33,71feeed0446218e8,df18d62faaa74b27,same,npn_f919733d549a9e33,6,source_graph_or_pi_replayable,evidence_advancement_v1
f2f70b34eb7ab254,fde657abfb91aff9,results/evidence_advancement/artifacts/materialized_replay_pairs/fde657abfb91aff9.source.blif,pi_literal,x0,"[""x0""]","[""x0""]",1,df18d62faaa74b27,b6cfcfc147cbac64,923682bea6d517dc,same,npn_923682bea6d517dc,6,source_graph_or_pi_replayable,evidence_advancement_v1
6515adbe24dd8016,fde657abfb91aff9,results/evidence_advancement/artifacts/materialized_replay_pairs/fde657abfb91aff9.source.blif,pi_literal,x1,"[""x1""]","[""x1""]",1,881bc460ec339572,7836cdae43787598,923682bea6d517dc,same,npn_923682bea6d517dc,6,source_graph_or_pi_replayable,evidence_advancement_v1
1ee0ff7463c07871,fde657abfb91aff9,results/evidence_advancement/artifacts/materialized_replay_pairs/fde657abfb91aff9.source.blif,pi_literal,r0,"[""r0""]","[""r0""]",1,f919733d549a9e33,71feeed0446218e8,923682bea6d517dc,same,npn_923682bea6d517dc,6,source_graph_or_pi_replayable,evidence_advancement_v1
26a38cfa581b43df,fde657abfb91aff9,results/evidence_advancement/artifacts/materialized_replay_pairs/fde657abfb91aff9.source.blif,source_node,m0,"[""m0""]","[""r0"", ""x0"", ""x1""]",3,8d1560b225f7c697,d31cf6dbef25069a,9fd48a0d0d9d8a1b,same,npn_9fd48a0d0d9d8a1b,6,source_graph_or_pi_replayable,evidence_advancement_v1
8ca48dca8ee9acba,fde657abfb91aff9,results/evidence_advancement/artifacts/materialized_replay_pairs/fde657abfb91aff9.source.blif,source_node,y0,"[""y0""]","[""r0"", ""x0"", ""x1""]",3,d61af64b7197e3f3,7077e1e487c73118,d61af64b7197e3f3,same,npn_d61af64b7197e3f3,6,source_graph_or_pi_replayable,evidence_advancement_v1
d7b314e6c72527d5,fde657abfb91aff9,results/evidence_advancement/artifacts/materialized_replay_pairs/fde657abfb91aff9.source.blif,source_node,pcva_63dc1cb4c01f3891,"[""pcva_63dc1cb4c01f3891""]","[""x0"", ""x1""]",2,8d1560b225f7c697,d31cf6dbef25069a,b5d1f15c17250b42,same,npn_b5d1f15c17250b42,6,source_graph_or_pi_replayable,evidence_advancement_v1
86b2530ebc349d46,fde657abfb91aff9,results/evidence_advancement/artifacts/materialized_replay_pairs/fde657abfb91aff9.source.blif,virtual_binary_cut,"and(x0,x1)","[""x0"", ""x1""]","[""x0"", ""x1""]",2,eba8a44748a5f09c,7717b29c04225dc0,94de9e90e231b35b,same,npn_94de9e90e231b35b,6,source_graph_or_pi_replayable,evidence_advancement_v1
450b6db95a94ed55,fde657abfb91aff9,results/evidence_advancement/artifacts/materialized_replay_pairs/fde657abfb91aff9.source.blif,virtual_binary_cut,"or(x0,x1)","[""x0"", ""x1""]","[""x0"", ""x1""]",2,42a59debdb0bcad2,9f0c982b4c047d25,c580333a48d30dad,same,npn_94de9e90e231b35b,6,source_graph_or_pi_replayable,evidence_advancement_v1
db202e88adbab1c9,fde657abfb91aff9,results/evidence_advancement/artifacts/materialized_replay_pairs/fde657abfb91aff9.source.blif,virtual_binary_cut,"xor(x0,x1)","[""x0"", ""x1""]","[""x0"", ""x1""]",2,8d1560b225f7c697,d31cf6dbef25069a,b5d1f15c17250b42,same,npn_b5d1f15c17250b42,6,source_graph_or_pi_replayable,evidence_advancement_v1
e56377129bc53113,fde657abfb91aff9,results/evidence_advancement/artifacts/materialized_replay_pairs/fde657abfb91aff9.source.blif,virtual_binary_cut,"and(x0,not(x1))","[""x0"", ""x1""]","[""x0"", ""x1""]",2,64b0009f6392972f,4618e905c40e8769,90f21496b5c851e8,same,npn_94de9e90e231b35b,6,source_graph_or_pi_replayable,evidence_advancement_v1
86c3c9b4b3ffbde9,fde657abfb91aff9,results/evidence_advancement/artifacts/materialized_replay_pairs/fde657abfb91aff9.source.blif,virtual_binary_cut,"or(x0,not(x1))","[""x0"", ""x1""]","[""x0"", ""x1""]",2,8560d332f7318334,8f0bc04977f88197,2c24932e8e4ebc2f,inverted,npn_94de9e90e231b35b,6,source_graph_or_pi_replayable,evidence_advancement_v1
88aedf8c6e4991c9,fde657abfb91aff9,results/evidence_advancement/artifacts/materialized_replay_pairs/fde657abfb91aff9.source.blif,virtual_binary_cut,"and(x0,r0)","[""x0"", ""r0""]","[""r0"", ""x0""]",2,1228de099013e868,33fc91d1cc2c3255,94de9e90e231b35b,same,npn_94de9e90e231b35b,6,source_graph_or_pi_replayable,evidence_advancement_v1
b7b54bb695352dcd,fde657abfb91aff9,results/evidence_advancement/artifacts/materialized_replay_pairs/fde657abfb91aff9.source.blif,virtual_binary_cut,"or(x0,r0)","[""x0"", ""r0""]","[""r0"", ""x0""]",2,1d207ade69b2a3eb,df856b66777ea758,c580333a48d30dad,same,npn_94de9e90e231b35b,6,source_graph_or_pi_replayable,evidence_advancement_v1
9cfd09743c55ad85,fde657abfb91aff9,results/evidence_advancement/artifacts/materialized_replay_pairs/fde657abfb91aff9.source.blif,virtual_binary_cut,"xor(x0,r0)","[""x0"", ""r0""]","[""r0"", ""x0""]",2,d7a46d3b3e9464c2,26f3581e5bafe7c7,b5d1f15c17250b42,same,npn_b5d1f15c17250b42,6,source_graph_or_pi_replayable,evidence_advancement_v1
dd3d9a6dea07a0aa,fde657abfb91aff9,results/evidence_advancement/artifacts/materialized_replay_pairs/fde657abfb91aff9.source.blif,virtual_binary_cut,"and(x0,not(r0))","[""x0"", ""r0""]","[""r0"", ""x0""]",2,85473471e2f83e46,7767985351eded02,2c24932e8e4ebc2f,same,npn_94de9e90e231b35b,6,source_graph_or_pi_replayable,evidence_advancement_v1
97411d29c3dda8ba,fde657abfb91aff9,results/evidence_advancement/artifacts/materialized_replay_pairs/fde657abfb91aff9.source.blif,virtual_binary_cut,"or(x0,not(r0))","[""x0"", ""r0""]","[""r0"", ""x0""]",2,8251c47787737cc6,61ef94dfe370555e,90f21496b5c851e8,inverted,npn_94de9e90e231b35b,6,source_graph_or_pi_replayable,evidence_advancement_v1
39341508ef66afed,fde657abfb91aff9,results/evidence_advancement/artifacts/materialized_replay_pairs/fde657abfb91aff9.source.blif,virtual_binary_cut,"and(x0,m0)","[""x0"", ""m0""]","[""r0"", ""x0"", ""x1""]",3,64b0009f6392972f,4618e905c40e8769,1cd47cea02efadc5,same,npn_369b91d179abba64,6,source_graph_or_pi_replayable,evidence_advancement_v1
f18234d72fc7865e,fde657abfb91aff9,results/evidence_advancement/artifacts/materialized_replay_pairs/fde657abfb91aff9.source.blif,virtual_binary_cut,"or(x0,m0)","[""x0"", ""m0""]","[""r0"", ""x0"", ""x1""]",3,42a59debdb0bcad2,9f0c982b4c047d25,6998c2b0380ed5fd,same,npn_369b91d179abba64,6,source_graph_or_pi_replayable,evidence_advancement_v1
d7a93e843952e256,fde657abfb91aff9,results/evidence_advancement/artifacts/materialized_replay_pairs/fde657abfb91aff9.source.blif,virtual_binary_cut,"xor(x0,m0)","[""x0"", ""m0""]","[""r0"", ""x0"", ""x1""]",3,881bc460ec339572,7836cdae43787598,f919733d549a9e33,same,npn_f919733d549a9e33,6,source_graph_or_pi_replayable,evidence_advancement_v1
8e244e0816fe5716,fde657abfb91aff9,results/evidence_advancement/artifacts/materialized_replay_pairs/fde657abfb91aff9.source.blif,virtual_binary_cut,"and(x0,not(m0))","[""x0"", ""m0""]","[""r0"", ""x0"", ""x1""]",3,eba8a44748a5f09c,7717b29c04225dc0,369b91d179abba64,same,npn_369b91d179abba64,6,source_graph_or_pi_replayable,evidence_advancement_v1
f1fa9898c4a571ac,fde657abfb91aff9,results/evidence_advancement/artifacts/materialized_replay_pairs/fde657abfb91aff9.source.blif,virtual_binary_cut,"or(x0,not(m0))","[""x0"", ""m0""]","[""r0"", ""x0"", ""x1""]",3,8560d332f7318334,8f0bc04977f88197,40a3a71b42727dac,inverted,npn_369b91d179abba64,6,source_graph_or_pi_replayable,evidence_advancement_v1
65107936fd225319,fde657abfb91aff9,results/evidence_advancement/artifacts/materialized_replay_pairs/fde657abfb91aff9.source.blif,virtual_binary_cut,"and(x0,y0)","[""x0"", ""y0""]","[""r0"", ""x0"", ""x1""]",3,9875d06f074d4934,709b7cd024183d71,e502e9191e6ed303,same,npn_c367d71c2eac76ee,6,source_graph_or_pi_replayable,evidence_advancement_v1
af798daad43300ac,fde657abfb91aff9,results/evidence_advancement/artifacts/materialized_replay_pairs/fde657abfb91aff9.source.blif,virtual_binary_cut,"or(x0,y0)","[""x0"", ""y0""]","[""r0"", ""x0"", ""x1""]",3,2d3d88fc9460d408,01b57a83096fa359,3b07b0bc23372d78,same,npn_358a268fde92333a,6,source_graph_or_pi_replayable,evidence_advancement_v1
24410e550de417b0,fde657abfb91aff9,results/evidence_advancement/artifacts/materialized_replay_pairs/fde657abfb91aff9.source.blif,virtual_binary_cut,"xor(x0,y0)","[""x0"", ""y0""]","[""r0"", ""x0"", ""x1""]",3,9f236f1deb165b77,d6d4afecdd60c0e8,9e90f97db2cf97c1,same,npn_519942ec52593eec,6,source_graph_or_pi_replayable,evidence_advancement_v1
f1e95c3c65ae9267,fde657abfb91aff9,results/evidence_advancement/artifacts/materialized_replay_pairs/fde657abfb91aff9.source.blif,virtual_binary_cut,"and(x0,not(y0))","[""x0"", ""y0""]","[""r0"", ""x0"", ""x1""]",3,cafeff6df6d83c72,40434ab81bb65403,f349b8103440f38f,same,npn_c367d71c2eac76ee,6,source_graph_or_pi_replayable,evidence_advancement_v1
e025fa7378718bc5,fde657abfb91aff9,results/evidence_advancement/artifacts/materialized_replay_pairs/fde657abfb91aff9.source.blif,virtual_binary_cut,"or(x0,not(y0))","[""x0"", ""y0""]","[""r0"", ""x0"", ""x1""]",3,5242b1da53ab09a8,9ebc1ab9a061b3d1,afe6407a40ccdeab,inverted,npn_24165068bb0dbfca,6,source_graph_or_pi_replayable,evidence_advancement_v1
a565200be04c0705,fde657abfb91aff9,results/evidence_advancement/artifacts/materialized_replay_pairs/fde657abfb91aff9.source.blif,virtual_binary_cut,"xor(x0,pcva_63dc1cb4c01f3891)","[""x0"", ""pcva_63dc1cb4c01f3891""]","[""x0"", ""x1""]",2,881bc460ec339572,7836cdae43787598,6471b342ae3c3106,same,npn_6471b342ae3c3106,6,source_graph_or_pi_replayable,evidence_advancement_v1
f730c65edfba61ab,fde657abfb91aff9,results/evidence_advancement/artifacts/materialized_replay_pairs/fde657abfb91aff9.source.blif,virtual_binary_cut,"and(x1,r0)","[""x1"", ""r0""]","[""r0"", ""x1""]",2,369b91d179abba64,81db286b120ccd3b,94de9e90e231b35b,same,npn_94de9e90e231b35b,6,source_graph_or_pi_replayable,evidence_advancement_v1
9be328b7b9ba1dd7,fde657abfb91aff9,results/evidence_advancement/artifacts/materialized_replay_pairs/fde657abfb91aff9.source.blif,virtual_binary_cut,"or(x1,r0)","[""x1"", ""r0""]","[""r0"", ""x1""]",2,6998c2b0380ed5fd,df970782afed63be,c580333a48d30dad,same,npn_94de9e90e231b35b,6,source_graph_or_pi_replayable,evidence_advancement_v1
ef21f6b0acbbf11f,fde657abfb91aff9,results/evidence_advancement/artifacts/materialized_replay_pairs/fde657abfb91aff9.source.blif,virtual_binary_cut,"xor(x1,r0)","[""x1"", ""r0""]","[""r0"", ""x1""]",2,9fd48a0d0d9d8a1b,89e85f36ec391ace,b5d1f15c17250b42,same,npn_b5d1f15c17250b42,6,source_graph_or_pi_replayable,evidence_advancement_v1
514497cdef2f7561,fde657abfb91aff9,results/evidence_advancement/artifacts/materialized_replay_pairs/fde657abfb91aff9.source.blif,virtual_binary_cut,"and(x1,not(r0))","[""x1"", ""r0""]","[""r0"", ""x1""]",2,1cd47cea02efadc5,b3dbc758ed4cf7c1,2c24932e8e4ebc2f,same,npn_94de9e90e231b35b,6,source_graph_or_pi_replayable,evidence_advancement_v1
543d18907af15e76,fde657abfb91aff9,results/evidence_advancement/artifacts/materialized_replay_pairs/fde657abfb91aff9.source.blif,virtual_binary_cut,"or(x1,not(r0))","[""x1"", ""r0""]","[""r0"", ""x1""]",2,3dd858e6fc78578a,40a3a71b42727dac,90f21496b5c851e8,inverted,npn_94de9e90e231b35b,6,source_graph_or_pi_replayable,evidence_advancement_v1
fc99e0402cbc5643,fde657abfb91aff9,results/evidence_advancement/artifacts/materialized_replay_pairs/fde657abfb91aff9.source.blif,virtual_binary_cut,"xor(x1,m0)","[""x1"", ""m0""]","[""r0"", ""x0"", ""x1""]",3,df18d62faaa74b27,b6cfcfc147cbac64,881bc460ec339572,same,npn_f919733d549a9e33,6,source_graph_or_pi_replayable,evidence_advancement_v1
f0bc7c98bea9eb59,fde657abfb91aff9,results/evidence_advancement/artifacts/materialized_replay_pairs/fde657abfb91aff9.source.blif,virtual_binary_cut,"and(x1,y0)","[""x1"", ""y0""]","[""r0"", ""x0"", ""x1""]",3,e502e9191e6ed303,9ba33c777b6dd915,c367d71c2eac76ee,same,npn_c367d71c2eac76ee,6,source_graph_or_pi_replayable,evidence_advancement_v1
623a46182acf153f,fde657abfb91aff9,results/evidence_advancement/artifacts/materialized_replay_pairs/fde657abfb91aff9.source.blif,virtual_binary_cut,"or(x1,y0)","[""x1"", ""y0""]","[""r0"", ""x0"", ""x1""]",3,3b07b0bc23372d78,a21f9e000f8d8b39,2b785f5c6a14009e,same,npn_358a268fde92333a,6,source_graph_or_pi_replayable,evidence_advancement_v1
2e0272003d88e44e,fde657abfb91aff9,results/evidence_advancement/artifacts/materialized_replay_pairs/fde657abfb91aff9.source.blif,virtual_binary_cut,"xor(x1,y0)","[""x1"", ""y0""]","[""r0"", ""x0"", ""x1""]",3,9e90f97db2cf97c1,3f87f62136bb932d,519942ec52593eec,same,npn_519942ec52593eec,6,source_graph_or_pi_replayable,evidence_advancement_v1
4327b9c785b033a3,fde657abfb91aff9,results/evidence_advancement/artifacts/materialized_replay_pairs/fde657abfb91aff9.source.blif,virtual_binary_cut,"and(x1,not(y0))","[""x1"", ""y0""]","[""r0"", ""x0"", ""x1""]",3,f349b8103440f38f,281fdcdaa6ddf1e3,ef73cac577bcd031,same,npn_c367d71c2eac76ee,6,source_graph_or_pi_replayable,evidence_advancement_v1
25bba6caf8cbe902,fde657abfb91aff9,results/evidence_advancement/artifacts/materialized_replay_pairs/fde657abfb91aff9.source.blif,virtual_binary_cut,"or(x1,not(y0))","[""x1"", ""y0""]","[""r0"", ""x0"", ""x1""]",3,e5e9f7323f023fb7,afe6407a40ccdeab,18025d3f5a1dde11,inverted,npn_24165068bb0dbfca,6,source_graph_or_pi_replayable,evidence_advancement_v1
c222d1f17f4005ac,fde657abfb91aff9,results/evidence_advancement/artifacts/materialized_replay_pairs/fde657abfb91aff9.source.blif,virtual_binary_cut,"xor(x1,pcva_63dc1cb4c01f3891)","[""x1"", ""pcva_63dc1cb4c01f3891""]","[""x0"", ""x1""]",2,df18d62faaa74b27,b6cfcfc147cbac64,f14e1817ec32b1b5,same,npn_6471b342ae3c3106,6,source_graph_or_pi_replayable,evidence_advancement_v1
32e866c843175b9f,fde657abfb91aff9,results/evidence_advancement/artifacts/materialized_replay_pairs/fde657abfb91aff9.source.blif,virtual_binary_cut,"and(r0,m0)","[""r0"", ""m0""]","[""r0"", ""x0"", ""x1""]",3,c367d71c2eac76ee,cad912d562146843,9875d06f074d4934,same,npn_c367d71c2eac76ee,6,source_graph_or_pi_replayable,evidence_advancement_v1
4c06c37536b9b364,fde657abfb91aff9,results/evidence_advancement/artifacts/materialized_replay_pairs/fde657abfb91aff9.source.blif,virtual_binary_cut,"or(r0,m0)","[""r0"", ""m0""]","[""r0"", ""x0"", ""x1""]",3,b9cbd9a487f80552,d8f1a1158f9df939,45ee4c05f4aac508,same,npn_c367d71c2eac76ee,6,source_graph_or_pi_replayable,evidence_advancement_v1
5f00147f9d28e3f2,fde657abfb91aff9,results/evidence_advancement/artifacts/materialized_replay_pairs/fde657abfb91aff9.source.blif,virtual_binary_cut,"xor(r0,m0)","[""r0"", ""m0""]","[""r0"", ""x0"", ""x1""]",3,c2a6fb6a86cca609,275241aeb7262117,c2a6fb6a86cca609,same,npn_c2a6fb6a86cca609,6,source_graph_or_pi_replayable,evidence_advancement_v1
0a43e3e2f0281730,fde657abfb91aff9,results/evidence_advancement/artifacts/materialized_replay_pairs/fde657abfb91aff9.source.blif,virtual_binary_cut,"and(r0,not(m0))","[""r0"", ""m0""]","[""r0"", ""x0"", ""x1""]",3,ef73cac577bcd031,1cddf125e7c6c591,cafeff6df6d83c72,same,npn_c367d71c2eac76ee,6,source_graph_or_pi_replayable,evidence_advancement_v1
8979be31140d3ac6,fde657abfb91aff9,results/evidence_advancement/artifacts/materialized_replay_pairs/fde657abfb91aff9.source.blif,virtual_binary_cut,"or(r0,not(m0))","[""r0"", ""m0""]","[""r0"", ""x0"", ""x1""]",3,df9216350cc7abbf,7f94ec8202b0598d,fec5a0854918cc1b,inverted,npn_c367d71c2eac76ee,6,source_graph_or_pi_replayable,evidence_advancement_v1
3b70598252a0b536,fde657abfb91aff9,results/evidence_advancement/artifacts/materialized_replay_pairs/fde657abfb91aff9.source.blif,virtual_binary_cut,"or(r0,y0)","[""r0"", ""y0""]","[""r0"", ""x0"", ""x1""]",3,2b785f5c6a14009e,d4f1067dfed9dc13,2d3d88fc9460d408,same,npn_358a268fde92333a,6,source_graph_or_pi_replayable,evidence_advancement_v1
9f9fb8deae937c6d,fde657abfb91aff9,results/evidence_advancement/artifacts/materialized_replay_pairs/fde657abfb91aff9.source.blif,virtual_binary_cut,"xor(r0,y0)","[""r0"", ""y0""]","[""r0"", ""x0"", ""x1""]",3,519942ec52593eec,41c4b287ff7bd954,9f236f1deb165b77,same,npn_519942ec52593eec,6,source_graph_or_pi_replayable,evidence_advancement_v1
a7471d784b77ba80,fde657abfb91aff9,results/evidence_advancement/artifacts/materialized_replay_pairs/fde657abfb91aff9.source.blif,virtual_binary_cut,"or(r0,not(y0))","[""r0"", ""y0""]","[""r0"", ""x0"", ""x1""]",3,e8998d9ce7a853e5,18025d3f5a1dde11,9ebc1ab9a061b3d1,inverted,npn_24165068bb0dbfca,6,source_graph_or_pi_replayable,evidence_advancement_v1
d88b36aae335895e,fde657abfb91aff9,results/evidence_advancement/artifacts/materialized_replay_pairs/fde657abfb91aff9.source.blif,virtual_binary_cut,"or(m0,y0)","[""m0"", ""y0""]","[""r0"", ""x0"", ""x1""]",3,4ad4886cc1aefa8e,7e04deb9e796eeba,6c2746cbb9885241,same,npn_519942ec52593eec,6,source_graph_or_pi_replayable,evidence_advancement_v1
8b4de62d6d33958f,fde657abfb91aff9,results/evidence_advancement/artifacts/materialized_replay_pairs/fde657abfb91aff9.source.blif,virtual_binary_cut,"xor(m0,y0)","[""m0"", ""y0""]","[""r0"", ""x0"", ""x1""]",3,e47419b31d104a12,3da639c5deee83dd,b26e7e25fcb42c21,same,npn_358a268fde92333a,6,source_graph_or_pi_replayable,evidence_advancement_v1
08bb53c223c758bf,fde657abfb91aff9,results/evidence_advancement/artifacts/materialized_replay_pairs/fde657abfb91aff9.source.blif,virtual_binary_cut,"and(m0,pcva_63dc1cb4c01f3891)","[""m0"", ""pcva_63dc1cb4c01f3891""]","[""r0"", ""x0"", ""x1""]",3,8d1560b225f7c697,d31cf6dbef25069a,9fd48a0d0d9d8a1b,same,npn_9fd48a0d0d9d8a1b,6,source_graph_or_pi_replayable,evidence_advancement_v1
5a09132891656e01,fde657abfb91aff9,results/evidence_advancement/artifacts/materialized_replay_pairs/fde657abfb91aff9.source.blif,virtual_binary_cut,"xor(m0,pcva_63dc1cb4c01f3891)","[""m0"", ""pcva_63dc1cb4c01f3891""]","[""r0"", ""x0"", ""x1""]",3,c14bc7d02c76f1ae,fc67e5cbb4b98b43,c14bc7d02c76f1ae,same,npn_c14bc7d02c76f1ae,6,source_graph_or_pi_replayable,evidence_advancement_v1
e230eb8cf1431df1,generated_adder_4,variants/generated_adder_4_original.blif,pi_literal,a0,"[""a0""]","[""a0""]",1,f4c301a691a06445,7fd4e7fdf3df71e9,923682bea6d517dc,same,npn_923682bea6d517dc,6,source_graph_or_pi_replayable,evidence_advancement_v1
0cca6e7b558ef31b,generated_adder_4,variants/generated_adder_4_original.blif,pi_literal,a1,"[""a1""]","[""a1""]",1,995a550b79ac88fc,fe2890cae7d32999,923682bea6d517dc,same,npn_923682bea6d517dc,6,source_graph_or_pi_replayable,evidence_advancement_v1
61472d642d58a12b,generated_adder_4,variants/generated_adder_4_original.blif,pi_literal,a2,"[""a2""]","[""a2""]",1,8c9ff4fbade1f53f,36a11e574b4c7856,923682bea6d517dc,same,npn_923682bea6d517dc,6,source_graph_or_pi_replayable,evidence_advancement_v1
dfc56376c9262c21,generated_adder_4,variants/generated_adder_4_original.blif,pi_literal,a3,"[""a3""]","[""a3""]",1,ff907b65bb6b9e71,68c223068d170290,923682bea6d517dc,same,npn_923682bea6d517dc,6,source_graph_or_pi_replayable,evidence_advancement_v1
a1fb76ee2830f8e4,generated_adder_4,variants/generated_adder_4_original.blif,pi_literal,b0,"[""b0""]","[""b0""]",1,2276d889547a2f34,67148ddb81a2e9ae,923682bea6d517dc,same,npn_923682bea6d517dc,6,source_graph_or_pi_replayable,evidence_advancement_v1
65b01bc5737f5985,generated_adder_4,variants/generated_adder_4_original.blif,pi_literal,b1,"[""b1""]","[""b1""]",1,bff1eac7f0c11aeb,d9abd5248af43296,923682bea6d517dc,same,npn_923682bea6d517dc,6,source_graph_or_pi_replayable,evidence_advancement_v1
15a01c6263c6f770,generated_adder_4,variants/generated_adder_4_original.blif,pi_literal,b2,"[""b2""]","[""b2""]",1,3d9b793e65bdc059,1b91b35a813ca4ea,923682bea6d517dc,same,npn_923682bea6d517dc,6,source_graph_or_pi_replayable,evidence_advancement_v1
c6deef6b2468c695,generated_adder_4,variants/generated_adder_4_original.blif,pi_literal,b3,"[""b3""]","[""b3""]",1,58876408afa182a9,510a647af90a514f,923682bea6d517dc,same,npn_923682bea6d517dc,6,source_graph_or_pi_replayable,evidence_advancement_v1
53512f8322cb3b92,generated_adder_4,variants/generated_adder_4_original.blif,pi_literal,cin,"[""cin""]","[""cin""]",1,45ba984027222788,39383e32dc80703f,923682bea6d517dc,same,npn_923682bea6d517dc,6,source_graph_or_pi_replayable,evidence_advancement_v1
e03d4505825698a3,generated_adder_4,variants/generated_adder_4_original.blif,source_node,new_n15,"[""new_n15""]","[""a0"", ""b0""]",2,189bdd4a6e5bac6e,c08d3c15e8238f54,90f21496b5c851e8,same,npn_94de9e90e231b35b,6,source_graph_or_pi_replayable,evidence_advancement_v1
a123456d79fb48f1,generated_adder_4,variants/generated_adder_4_original.blif,source_node,new_n16,"[""new_n16""]","[""a0"", ""b0""]",2,2b6754bfaa85bb6f,dcca3ccf1c1d3729,2c24932e8e4ebc2f,same,npn_94de9e90e231b35b,6,source_graph_or_pi_replayable,evidence_advancement_v1
9b6fdc7b58f449f2,generated_adder_4,variants/generated_adder_4_original.blif,source_node,new_n17,"[""new_n17""]","[""a0"", ""b0""]",2,8148a642d6eee6bd,1831277e368b3f87,b5d1f15c17250b42,inverted,npn_b5d1f15c17250b42,6,source_graph_or_pi_replayable,evidence_advancement_v1
209319b414065b2e,generated_adder_4,variants/generated_adder_4_original.blif,source_node,new_n18,"[""new_n18""]","[""a0"", ""b0"", ""cin""]",3,7fa2eb07585d489f,99de8345d6535d11,7f94ec8202b0598d,same,npn_c367d71c2eac76ee,6,source_graph_or_pi_replayable,evidence_advancement_v1
bacb8d5b4d7d09e9,generated_adder_4,variants/generated_adder_4_original.blif,source_node,new_n19,"[""new_n19""]","[""a0"", ""b0"", ""cin""]",3,3093a4cd159e2a57,ced8f50129d14989,ef73cac577bcd031,same,npn_c367d71c2eac76ee,6,source_graph_or_pi_replayable,evidence_advancement_v1
875855a05aa9a75b,generated_adder_4,variants/generated_adder_4_original.blif,source_node,sum0,"[""sum0""]","[""a0"", ""b0"", ""cin""]",3,63f4d2404e9b8d57,68f2fb45807ccdbb,c2a6fb6a86cca609,same,npn_c2a6fb6a86cca609,6,source_graph_or_pi_replayable,evidence_advancement_v1
a718d004649613a2,generated_adder_4,variants/generated_adder_4_original.blif,source_node,new_n21,"[""new_n21""]","[""a1"", ""b1""]",2,01098a718a749b45,076f92c1c9dd9e0c,90f21496b5c851e8,same,npn_94de9e90e231b35b,6,source_graph_or_pi_replayable,evidence_advancement_v1
6d5319072091dbbd,generated_adder_4,variants/generated_adder_4_original.blif,source_node,new_n22,"[""new_n22""]","[""a1"", ""b1""]",2,eedb30adfeeb396d,717ce49baa8f7fb3,2c24932e8e4ebc2f,same,npn_94de9e90e231b35b,6,source_graph_or_pi_replayable,evidence_advancement_v1
a308618d7d1701aa,generated_adder_4,variants/generated_adder_4_original.blif,source_node,new_n23,"[""new_n23""]","[""a1"", ""b1""]",2,25384a241c02923b,68ab424f84d1f333,b5d1f15c17250b42,inverted,npn_b5d1f15c17250b42,6,source_graph_or_pi_replayable,evidence_advancement_v1
147d883e6df80191,generated_adder_4,variants/generated_adder_4_original.blif,source_node,new_n24,"[""new_n24""]","[""a0"", ""b0""]",2,a90d0c430a7a64ee,cc0f21e92cea891a,94de9e90e231b35b,same,npn_94de9e90e231b35b,6,source_graph_or_pi_replayable,evidence_advancement_v1
7ff44f934220f429,generated_adder_4,variants/generated_adder_4_original.blif,source_node,new_n25,"[""new_n25""]","[""a0"", ""b0"", ""cin""]",3,9943187cb11e06b1,2fb8000fe219f975,c367d71c2eac76ee,same,npn_c367d71c2eac76ee,6,source_graph_or_pi_replayable,evidence_advancement_v1
932f95c836bb1fa4,generated_adder_4,variants/generated_adder_4_original.blif,source_node,new_n26,"[""new_n26""]","[""a0"", ""b0"", ""cin""]",3,42043a85fbc731e5,a27a63aabf33a9a1,f362bf34947fde3f,inverted,npn_f362bf34947fde3f,6,source_graph_or_pi_replayable,evidence_advancement_v1
652d670219fedae7,generated_adder_4,variants/generated_adder_4_original.blif,source_node,new_n27,"[""new_n27""]","[""a0"", ""a1"", ""b0"", ""b1"", ""cin""]",5,911b5caf335d25fd,0e051ef2600564a2,ad40185773218cae,same,support_gt4,6,source_graph_or_pi_replayable,evidence_advancement_v1
46740afc5e396447,generated_adder_4,variants/generated_adder_4_original.blif,source_node,new_n28,"[""new_n28""]","[""a0"", ""a1"", ""b0"", ""b1"", ""cin""]",5,3bdc10f6512eefd1,31b8df17c0ec879a,03523e67e0addddd,same,support_gt4,6,source_graph_or_pi_replayable,evidence_advancement_v1
92ac790842d013fa,generated_adder_4,variants/generated_adder_4_original.blif,source_node,sum1,"[""sum1""]","[""a0"", ""a1"", ""b0"", ""b1"", ""cin""]",5,5276acfe57f71f48,8be7a5dea712eb57,41b7ae3ecaeb6b7a,same,support_gt4,6,source_graph_or_pi_replayable,evidence_advancement_v1
9b1a159e094df8bc,generated_adder_4,variants/generated_adder_4_original.blif,source_node,new_n30,"[""new_n30""]","[""a2"", ""b2""]",2,dc5535f35ac139d2,d68cdb015c0dd869,90f21496b5c851e8,same,npn_94de9e90e231b35b,6,source_graph_or_pi_replayable,evidence_advancement_v1
c43297070ed9fbd5,generated_adder_4,variants/generated_adder_4_original.blif,source_node,new_n31,"[""new_n31""]","[""a2"", ""b2""]",2,284e7831292553b9,3e4cb3edad72b825,2c24932e8e4ebc2f,same,npn_94de9e90e231b35b,6,source_graph_or_pi_replayable,evidence_advancement_v1
839545ee10653b63,generated_adder_4,variants/generated_adder_4_original.blif,source_node,new_n32,"[""new_n32""]","[""a2"", ""b2""]",2,ed485dd6abfb6668,3e426b471d36e495,b5d1f15c17250b42,inverted,npn_b5d1f15c17250b42,6,source_graph_or_pi_replayable,evidence_advancement_v1
37d39e2bf3b4bbfd,generated_adder_4,variants/generated_adder_4_original.blif,source_node,new_n33,"[""new_n33""]","[""a1"", ""b1""]",2,d86482ee75f22261,d7b5b3d828935e1c,94de9e90e231b35b,same,npn_94de9e90e231b35b,6,source_graph_or_pi_replayable,evidence_advancement_v1
6d98a1530904a410,generated_adder_4,variants/generated_adder_4_original.blif,source_node,new_n34,"[""new_n34""]","[""a0"", ""a1"", ""b0"", ""b1"", ""cin""]",5,650a56a39a9d388b,8780541ea7e9e0fe,8b99c834ecbd7b22,same,support_gt4,6,source_graph_or_pi_replayable,evidence_advancement_v1
c4780ec50cd4cb31,generated_adder_4,variants/generated_adder_4_original.blif,source_node,new_n35,"[""new_n35""]","[""a0"", ""a1"", ""b0"", ""b1"", ""cin""]",5,091abc8b7af53b54,9bef20eccdecdd0a,7740219b4f3bc0c9,inverted,support_gt4,6,source_graph_or_pi_replayable,evidence_advancement_v1
c40b84bc88e8483c,generated_adder_4,variants/generated_adder_4_original.blif,source_node,new_n39,"[""new_n39""]","[""a3"", ""b3""]",2,8173db5689cffb6e,d1996c476baa78d6,90f21496b5c851e8,same,npn_94de9e90e231b35b,6,source_graph_or_pi_replayable,evidence_advancement_v1
137a3f070f49e680,generated_adder_4,variants/generated_adder_4_original.blif,source_node,new_n40,"[""new_n40""]","[""a3"", ""b3""]",2,bcab7c95f8b6c429,0b0ecc5de42e6800,2c24932e8e4ebc2f,same,npn_94de9e90e231b35b,6,source_graph_or_pi_replayable,evidence_advancement_v1
a47410d36fe75d94,generated_adder_4,variants/generated_adder_4_original.blif,source_node,new_n41,"[""new_n41""]","[""a3"", ""b3""]",2,4df17454fa449603,4bda3afdf87e1dd3,b5d1f15c17250b42,inverted,npn_b5d1f15c17250b42,6,source_graph_or_pi_replayable,evidence_advancement_v1
c150af965b04752b,generated_adder_4,variants/generated_adder_4_original.blif,source_node,new_n42,"[""new_n42""]","[""a2"", ""b2""]",2,05ac187d7eee906c,c0cfc84784f9666a,94de9e90e231b35b,same,npn_94de9e90e231b35b,6,source_graph_or_pi_replayable,evidence_advancement_v1
8198cf844812f7e9,generated_adder_4,variants/generated_adder_4_original.blif,source_node,new_n48,"[""new_n48""]","[""a3"", ""b3""]",2,8501646f7f43d51a,83b5a83a0f1c6c99,94de9e90e231b35b,same,npn_94de9e90e231b35b,6,source_graph_or_pi_replayable,evidence_advancement_v1
321d011af3213ad9,generated_adder_4,variants/generated_adder_4_original.blif,virtual_binary_cut,"and(a0,a1)","[""a0"", ""a1""]","[""a0"", ""a1""]",2,7aedf4515fdea164,2ce676027eb1bbeb,94de9e90e231b35b,same,npn_94de9e90e231b35b,6,source_graph_or_pi_replayable,evidence_advancement_v1
ab989a9c37654f3d,generated_adder_4,variants/generated_adder_4_original.blif,virtual_binary_cut,"or(a0,a1)","[""a0"", ""a1""]","[""a0"", ""a1""]",2,003490e979b860dc,07976445419b7328,c580333a48d30dad,same,npn_94de9e90e231b35b,6,source_graph_or_pi_replayable,evidence_advancement_v1
1c9dd9bc07366308,generated_adder_4,variants/generated_adder_4_original.blif,virtual_binary_cut,"xor(a0,a1)","[""a0"", ""a1""]","[""a0"", ""a1""]",2,7321cc8a27228701,90f758c42c5ae346,b5d1f15c17250b42,same,npn_b5d1f15c17250b42,6,source_graph_or_pi_replayable,evidence_advancement_v1
d6bbedefce001ead,generated_adder_4,variants/generated_adder_4_original.blif,virtual_binary_cut,"and(a0,not(a1))","[""a0"", ""a1""]","[""a0"", ""a1""]",2,b8f057efdb2c5652,3147762a086492f9,90f21496b5c851e8,same,npn_94de9e90e231b35b,6,source_graph_or_pi_replayable,evidence_advancement_v1
0aae0acaaed617e6,generated_adder_4,variants/generated_adder_4_original.blif,virtual_binary_cut,"or(a0,not(a1))","[""a0"", ""a1""]","[""a0"", ""a1""]",2,8fb1b0797d789e58,d64d041fdae85794,2c24932e8e4ebc2f,inverted,npn_94de9e90e231b35b,6,source_graph_or_pi_replayable,evidence_advancement_v1
99b38d49f6935740,generated_adder_4,variants/generated_adder_4_original.blif,virtual_binary_cut,"and(a0,a2)","[""a0"", ""a2""]","[""a0"", ""a2""]",2,7190436aa479a6c3,17866516506e16aa,94de9e90e231b35b,same,npn_94de9e90e231b35b,6,source_graph_or_pi_replayable,evidence_advancement_v1
27dac2ab536f0972,generated_adder_4,variants/generated_adder_4_original.blif,virtual_binary_cut,"or(a0,a2)","[""a0"", ""a2""]","[""a0"", ""a2""]",2,aa78e8a7db0a47d6,9098442a4c212452,c580333a48d30dad,same,npn_94de9e90e231b35b,6,source_graph_or_pi_replayable,evidence_advancement_v1
58765cb8b3d43d0a,generated_adder_4,variants/generated_adder_4_original.blif,virtual_binary_cut,"xor(a0,a2)","[""a0"", ""a2""]","[""a0"", ""a2""]",2,c183738d280ed67b,d625ad8ed59550f0,b5d1f15c17250b42,same,npn_b5d1f15c17250b42,6,source_graph_or_pi_replayable,evidence_advancement_v1
6cdbf30241e9e882,generated_adder_4,variants/generated_adder_4_original.blif,virtual_binary_cut,"and(a0,not(a2))","[""a0"", ""a2""]","[""a0"", ""a2""]",2,f71c6e06463815e3,9ad4533ab89607c0,90f21496b5c851e8,same,npn_94de9e90e231b35b,6,source_graph_or_pi_replayable,evidence_advancement_v1
6f525d74203fb815,generated_adder_4,variants/generated_adder_4_original.blif,virtual_binary_cut,"or(a0,not(a2))","[""a0"", ""a2""]","[""a0"", ""a2""]",2,25bc6b543172eb94,31f070a377b47da1,2c24932e8e4ebc2f,inverted,npn_94de9e90e231b35b,6,source_graph_or_pi_replayable,evidence_advancement_v1
fd66381ecf4e9a10,generated_adder_4,variants/generated_adder_4_original.blif,virtual_binary_cut,"and(a0,a3)","[""a0"", ""a3""]","[""a0"", ""a3""]",2,749e7cdf0b4b940c,469b69f13cd26af7,94de9e90e231b35b,same,npn_94de9e90e231b35b,6,source_graph_or_pi_replayable,evidence_advancement_v1
17daa78aee65d733,generated_adder_4,variants/generated_adder_4_original.blif,virtual_binary_cut,"or(a0,a3)","[""a0"", ""a3""]","[""a0"", ""a3""]",2,e49cd32a3e6cba52,0111d064d99cd878,c580333a48d30dad,same,npn_94de9e90e231b35b,6,source_graph_or_pi_replayable,evidence_advancement_v1
2fb005c817f865dd,generated_adder_4,variants/generated_adder_4_original.blif,virtual_binary_cut,"xor(a0,a3)","[""a0"", ""a3""]","[""a0"", ""a3""]",2,00efd9e16cc669b6,2789d8d01fb8001c,b5d1f15c17250b42,same,npn_b5d1f15c17250b42,6,source_graph_or_pi_replayable,evidence_advancement_v1
0952c41a0ce5c769,generated_adder_4,variants/generated_adder_4_original.blif,virtual_binary_cut,"and(a0,not(a3))","[""a0"", ""a3""]","[""a0"", ""a3""]",2,6b586e1dfbd1f7bf,3a6eebe035f1aca1,90f21496b5c851e8,same,npn_94de9e90e231b35b,6,source_graph_or_pi_replayable,evidence_advancement_v1
0dbea1a93e18b007,generated_adder_4,variants/generated_adder_4_original.blif,virtual_binary_cut,"or(a0,not(a3))","[""a0"", ""a3""]","[""a0"", ""a3""]",2,bc060612d7bc93c3,011e5e637331abd9,2c24932e8e4ebc2f,inverted,npn_94de9e90e231b35b,6,source_graph_or_pi_replayable,evidence_advancement_v1
dd216f07668b7f2b,generated_adder_4,variants/generated_adder_4_original.blif,virtual_binary_cut,"and(a0,b0)","[""a0"", ""b0""]","[""a0"", ""b0""]",2,a90d0c430a7a64ee,cc0f21e92cea891a,94de9e90e231b35b,same,npn_94de9e90e231b35b,6,source_graph_or_pi_replayable,evidence_advancement_v1
26b873dca017eec8,generated_adder_4,variants/generated_adder_4_original.blif,virtual_binary_cut,"or(a0,b0)","[""a0"", ""b0""]","[""a0"", ""b0""]",2,53b776ff0ba13371,f866b4a531fd38bd,c580333a48d30dad,same,npn_94de9e90e231b35b,6,source_graph_or_pi_replayable,evidence_advancement_v1
7a593f25a0cb003f,generated_adder_4,variants/generated_adder_4_original.blif,virtual_binary_cut,"xor(a0,b0)","[""a0"", ""b0""]","[""a0"", ""b0""]",2,1831277e368b3f87,8148a642d6eee6bd,b5d1f15c17250b42,same,npn_b5d1f15c17250b42,6,source_graph_or_pi_replayable,evidence_advancement_v1
163e775a28c75c65,generated_adder_4,variants/generated_adder_4_original.blif,virtual_binary_cut,"and(a0,not(b0))","[""a0"", ""b0""]","[""a0"", ""b0""]",2,189bdd4a6e5bac6e,c08d3c15e8238f54,90f21496b5c851e8,same,npn_94de9e90e231b35b,6,source_graph_or_pi_replayable,evidence_advancement_v1
08688ce496bc4aca,generated_adder_4,variants/generated_adder_4_original.blif,virtual_binary_cut,"or(a0,not(b0))","[""a0"", ""b0""]","[""a0"", ""b0""]",2,dcca3ccf1c1d3729,2b6754bfaa85bb6f,2c24932e8e4ebc2f,inverted,npn_94de9e90e231b35b,6,source_graph_or_pi_replayable,evidence_advancement_v1
ebe98181daf9610c,generated_adder_4,variants/generated_adder_4_original.blif,virtual_binary_cut,"and(a0,b1)","[""a0"", ""b1""]","[""a0"", ""b1""]",2,ea3446619a8b9de0,4bef02eb1629665e,94de9e90e231b35b,same,npn_94de9e90e231b35b,6,source_graph_or_pi_replayable,evidence_advancement_v1
04048d6817f28e14,generated_adder_4,variants/generated_adder_4_original.blif,virtual_binary_cut,"or(a0,b1)","[""a0"", ""b1""]","[""a0"", ""b1""]",2,fbf574edfc9ad49f,9cb6145742ed2d5a,c580333a48d30dad,same,npn_94de9e90e231b35b,6,source_graph_or_pi_replayable,evidence_advancement_v1
4ad64e40b8061fda,generated_adder_4,variants/generated_adder_4_original.blif,virtual_binary_cut,"xor(a0,b1)","[""a0"", ""b1""]","[""a0"", ""b1""]",2,5bbbba8567ec9d83,12957da12dec9134,b5d1f15c17250b42,same,npn_b5d1f15c17250b42,6,source_graph_or_pi_replayable,evidence_advancement_v1
8f39d649b5dc0de9,generated_adder_4,variants/generated_adder_4_original.blif,virtual_binary_cut,"and(a0,not(b1))","[""a0"", ""b1""]","[""a0"", ""b1""]",2,d1e6b142aa9fc299,c75a32884b8f585a,90f21496b5c851e8,same,npn_94de9e90e231b35b,6,source_graph_or_pi_replayable,evidence_advancement_v1
12d3860ddf6e3623,generated_adder_4,variants/generated_adder_4_original.blif,virtual_binary_cut,"or(a0,not(b1))","[""a0"", ""b1""]","[""a0"", ""b1""]",2,c029dbda26e0d81b,4aa12dccd28b1877,2c24932e8e4ebc2f,inverted,npn_94de9e90e231b35b,6,source_graph_or_pi_replayable,evidence_advancement_v1
5d17aaa77ff94af2,generated_adder_4,variants/generated_adder_4_original.blif,virtual_binary_cut,"and(a0,b2)","[""a0"", ""b2""]","[""a0"", ""b2""]",2,e9d1f3a548675c5a,fc47f26f72d72138,94de9e90e231b35b,same,npn_94de9e90e231b35b,6,source_graph_or_pi_replayable,evidence_advancement_v1
67f614fde5e1d330,generated_adder_4,variants/generated_adder_4_original.blif,virtual_binary_cut,"or(a0,b2)","[""a0"", ""b2""]","[""a0"", ""b2""]",2,275e95b19871ba96,be606149f060caf1,c580333a48d30dad,same,npn_94de9e90e231b35b,6,source_graph_or_pi_replayable,evidence_advancement_v1
d16ba40c3bb7cfbb,generated_adder_4,variants/generated_adder_4_original.blif,virtual_binary_cut,"xor(a0,b2)","[""a0"", ""b2""]","[""a0"", ""b2""]",2,6ae29cdabc04e18b,0b5144f6118136b3,b5d1f15c17250b42,same,npn_b5d1f15c17250b42,6,source_graph_or_pi_replayable,evidence_advancement_v1
5f8ef7205ca1df41,generated_adder_4,variants/generated_adder_4_original.blif,virtual_binary_cut,"and(a0,not(b2))","[""a0"", ""b2""]","[""a0"", ""b2""]",2,93bc3e3870e27ccd,cb3b9906780d36c3,90f21496b5c851e8,same,npn_94de9e90e231b35b,6,source_graph_or_pi_replayable,evidence_advancement_v1
ded7f6cde0e0660e,generated_adder_4,variants/generated_adder_4_original.blif,virtual_binary_cut,"or(a0,not(b2))","[""a0"", ""b2""]","[""a0"", ""b2""]",2,d3e75879da6109d8,4dc0467bc1e29703,2c24932e8e4ebc2f,inverted,npn_94de9e90e231b35b,6,source_graph_or_pi_replayable,evidence_advancement_v1
d1af9ed22f76ef46,generated_adder_4,variants/generated_adder_4_original.blif,virtual_binary_cut,"and(a0,b3)","[""a0"", ""b3""]","[""a0"", ""b3""]",2,12760fb9ecac3f88,0aeb8861d374ce18,94de9e90e231b35b,same,npn_94de9e90e231b35b,6,source_graph_or_pi_replayable,evidence_advancement_v1
757a7aeaa2176023,generated_adder_4,variants/generated_adder_4_original.blif,virtual_binary_cut,"or(a0,b3)","[""a0"", ""b3""]","[""a0"", ""b3""]",2,93ad0d972acc3efb,e8c03cdee9fd7ab4,c580333a48d30dad,same,npn_94de9e90e231b35b,6,source_graph_or_pi_replayable,evidence_advancement_v1
6e5470ba14cabfa8,generated_adder_4,variants/generated_adder_4_original.blif,virtual_binary_cut,"xor(a0,b3)","[""a0"", ""b3""]","[""a0"", ""b3""]",2,3492e24a935a555c,885ce9a0857e557c,b5d1f15c17250b42,same,npn_b5d1f15c17250b42,6,source_graph_or_pi_replayable,evidence_advancement_v1
dd34e50406628cca,generated_adder_4,variants/generated_adder_4_original.blif,virtual_binary_cut,"and(a0,not(b3))","[""a0"", ""b3""]","[""a0"", ""b3""]",2,1fd2c61fbada7409,c606e9ed6cd7ab54,90f21496b5c851e8,same,npn_94de9e90e231b35b,6,source_graph_or_pi_replayable,evidence_advancement_v1
55666ce3cdc3cad5,generated_adder_4,variants/generated_adder_4_original.blif,virtual_binary_cut,"or(a0,not(b3))","[""a0"", ""b3""]","[""a0"", ""b3""]",2,59c50a807ca71ee7,cdbb5f698e51d3d5,2c24932e8e4ebc2f,inverted,npn_94de9e90e231b35b,6,source_graph_or_pi_replayable,evidence_advancement_v1
0bedee8ac68ce80c,generated_adder_4,variants/generated_adder_4_original.blif,virtual_binary_cut,"and(a0,cin)","[""a0"", ""cin""]","[""a0"", ""cin""]",2,edd7dee9af767072,4486cd35bb2a9319,94de9e90e231b35b,same,npn_94de9e90e231b35b,6,source_graph_or_pi_replayable,evidence_advancement_v1
a7af515687b41fb4,generated_adder_4,variants/generated_adder_4_original.blif,virtual_binary_cut,"or(a0,cin)","[""a0"", ""cin""]","[""a0"", ""cin""]",2,78022f30e1da03e8,13e86c07edf33d82,c580333a48d30dad,same,npn_94de9e90e231b35b,6,source_graph_or_pi_replayable,evidence_advancement_v1
3759e6461282a466,generated_adder_4,variants/generated_adder_4_original.blif,virtual_binary_cut,"xor(a0,cin)","[""a0"", ""cin""]","[""a0"", ""cin""]",2,70228f0a58e9ed83,866c3b5ca5f69790,b5d1f15c17250b42,same,npn_b5d1f15c17250b42,6,source_graph_or_pi_replayable,evidence_advancement_v1
c1ed8340ccb734dd,generated_adder_4,variants/generated_adder_4_original.blif,virtual_binary_cut,"and(a0,not(cin))","[""a0"", ""cin""]","[""a0"", ""cin""]",2,09c7204ea5dde344,de93740d080e69dc,90f21496b5c851e8,same,npn_94de9e90e231b35b,6,source_graph_or_pi_replayable,evidence_advancement_v1
cfa6142ca5a2be41,generated_adder_4,variants/generated_adder_4_original.blif,virtual_binary_cut,"or(a0,not(cin))","[""a0"", ""cin""]","[""a0"", ""cin""]",2,2f0105f85b339f60,38e8c8486672470a,2c24932e8e4ebc2f,inverted,npn_94de9e90e231b35b,6,source_graph_or_pi_replayable,evidence_advancement_v1
b1d1d16e4d174adb,generated_adder_4,variants/generated_adder_4_original.blif,virtual_binary_cut,"or(a0,new_n15)","[""a0"", ""new_n15""]","[""a0"", ""b0""]",2,f4c301a691a06445,7fd4e7fdf3df71e9,f14e1817ec32b1b5,same,npn_6471b342ae3c3106,6,source_graph_or_pi_replayable,evidence_advancement_v1
95c24985996eb1c1,generated_adder_4,variants/generated_adder_4_original.blif,virtual_binary_cut,"or(a0,not(new_n15))","[""a0"", ""new_n15""]","[""a0"", ""b0""]",2,1913ee0cd120e492,3a27bb7a4a45f536,a90d007c2fc57df6,inverted,npn_a90d007c2fc57df6,6,source_graph_or_pi_replayable,evidence_advancement_v1
7b81e21a2743d226,generated_adder_4,variants/generated_adder_4_original.blif,virtual_binary_cut,"xor(a0,new_n17)","[""a0"", ""new_n17""]","[""a0"", ""b0""]",2,67148ddb81a2e9ae,2276d889547a2f34,6471b342ae3c3106,inverted,npn_6471b342ae3c3106,6,source_graph_or_pi_replayable,evidence_advancement_v1
cc1babb9b8695f5a,generated_adder_4,variants/generated_adder_4_original.blif,virtual_binary_cut,"and(a0,new_n18)","[""a0"", ""new_n18""]","[""a0"", ""b0"", ""cin""]",3,7b077bf8f8b1be2b,cba92db17a4d28f1,0929086ae3553ffd,same,npn_24165068bb0dbfca,6,source_graph_or_pi_replayable,evidence_advancement_v1
e029102f678d78d3,generated_adder_4,variants/generated_adder_4_original.blif,virtual_binary_cut,"or(a0,new_n18)","[""a0"", ""new_n18""]","[""a0"", ""b0"", ""cin""]",3,c45c85e04373838f,140429468188a90a,ae302d946b055aeb,same,npn_358a268fde92333a,6,source_graph_or_pi_replayable,evidence_advancement_v1
ced0a6cde256dd54,generated_adder_4,variants/generated_adder_4_original.blif,virtual_binary_cut,"xor(a0,new_n18)","[""a0"", ""new_n18""]","[""a0"", ""b0"", ""cin""]",3,5f17f162b196fd3e,5499f60beb8becef,e14505a36b309770,same,npn_afbbb57e79223729,6,source_graph_or_pi_replayable,evidence_advancement_v1
03a04f2920bcdb91,generated_adder_4,variants/generated_adder_4_original.blif,virtual_binary_cut,"and(a0,not(new_n18))","[""a0"", ""new_n18""]","[""a0"", ""b0"", ""cin""]",3,c4a26e7414ee0e0e,9a317f3757e199d3,bea908062cfa2db7,same,npn_358a268fde92333a,6,source_graph_or_pi_replayable,evidence_advancement_v1
983cc8a7913b5152,generated_adder_4,variants/generated_adder_4_original.blif,virtual_binary_cut,"or(a0,not(new_n18))","[""a0"", ""new_n18""]","[""a0"", ""b0"", ""cin""]",3,c175edc73dc8b558,ebf7fae9ed8d60d6,00e3755f7c92db5f,inverted,npn_24165068bb0dbfca,6,source_graph_or_pi_replayable,evidence_advancement_v1
bce03c2dc8566c99,generated_adder_4,variants/generated_adder_4_original.blif,virtual_binary_cut,"and(a0,new_n19)","[""a0"", ""new_n19""]","[""a0"", ""b0"", ""cin""]",3,fdd49b22bb394cbb,65dbb39510289e20,24165068bb0dbfca,same,npn_24165068bb0dbfca,6,source_graph_or_pi_replayable,evidence_advancement_v1
2157a29f85ff8f0a,generated_adder_4,variants/generated_adder_4_original.blif,virtual_binary_cut,"or(a0,new_n19)","[""a0"", ""new_n19""]","[""a0"", ""b0"", ""cin""]",3,b37e6c1f0838be85,d8c8f144a5db112a,6f1117d662454490,same,npn_358a268fde92333a,6,source_graph_or_pi_replayable,evidence_advancement_v1
9dda0f8fa9a197e8,generated_adder_4,variants/generated_adder_4_original.blif,virtual_binary_cut,"xor(a0,new_n19)","[""a0"", ""new_n19""]","[""a0"", ""b0"", ""cin""]",3,9a2401898a13cbbe,96a3e7403a547562,70e889139f504399,same,npn_afbbb57e79223729,6,source_graph_or_pi_replayable,evidence_advancement_v1
a692df085637ba99,generated_adder_4,variants/generated_adder_4_original.blif,virtual_binary_cut,"and(a0,not(new_n19))","[""a0"", ""new_n19""]","[""a0"", ""b0"", ""cin""]",3,c10b81cfae5076a8,0d0987a370126a09,86541bc0ebd49ad1,same,npn_358a268fde92333a,6,source_graph_or_pi_replayable,evidence_advancement_v1
1734d70402e8b1ec,generated_adder_4,variants/generated_adder_4_original.blif,virtual_binary_cut,"or(a0,not(new_n19))","[""a0"", ""new_n19""]","[""a0"", ""b0"", ""cin""]",3,052d4dfeeba2881a,3a439b3a40da4dac,7b4604b3e7ef53d3,inverted,npn_24165068bb0dbfca,6,source_graph_or_pi_replayable,evidence_advancement_v1
f5114fc741263eeb,generated_adder_4,variants/generated_adder_4_original.blif,virtual_binary_cut,"and(a0,sum0)","[""a0"", ""sum0""]","[""a0"", ""b0"", ""cin""]",3,e639bd73518173ee,0ed8c13ce11689c5,cafeff6df6d83c72,same,npn_c367d71c2eac76ee,6,source_graph_or_pi_replayable,evidence_advancement_v1
202d85993bfbe76b,generated_adder_4,variants/generated_adder_4_original.blif,virtual_binary_cut,"or(a0,sum0)","[""a0"", ""sum0""]","[""a0"", ""b0"", ""cin""]",3,778bdbdae06004ec,9460da9649feb4ec,45ee4c05f4aac508,same,npn_c367d71c2eac76ee,6,source_graph_or_pi_replayable,evidence_advancement_v1
2a656c55549f7d92,generated_adder_4,variants/generated_adder_4_original.blif,virtual_binary_cut,"xor(a0,sum0)","[""a0"", ""sum0""]","[""a0"", ""b0"", ""cin""]",3,3c053511835eaa68,1e09ae90c58742ea,9fd48a0d0d9d8a1b,same,npn_9fd48a0d0d9d8a1b,6,source_graph_or_pi_replayable,evidence_advancement_v1
068d9c34b2cebe11,generated_adder_4,variants/generated_adder_4_original.blif,virtual_binary_cut,"and(a0,not(sum0))","[""a0"", ""sum0""]","[""a0"", ""b0"", ""cin""]",3,5ff5ebee6f2d05c8,d79b47583d5ef6ca,9875d06f074d4934,same,npn_c367d71c2eac76ee,6,source_graph_or_pi_replayable,evidence_advancement_v1
a8f1472065ba8332,generated_adder_4,variants/generated_adder_4_original.blif,virtual_binary_cut,"or(a0,not(sum0))","[""a0"", ""sum0""]","[""a0"", ""b0"", ""cin""]",3,25937010936bf945,dc2ddde6662be3b4,fec5a0854918cc1b,inverted,npn_c367d71c2eac76ee,6,source_graph_or_pi_replayable,evidence_advancement_v1
dbbf94ca2c5439ba,generated_adder_4,variants/generated_adder_4_original.blif,virtual_binary_cut,"and(a0,new_n21)","[""a0"", ""new_n21""]","[""a0"", ""a1"", ""b1""]",3,28a9da71edc55999,2e433b3135f64d32,18025d3f5a1dde11,same,npn_24165068bb0dbfca,6,source_graph_or_pi_replayable,evidence_advancement_v1
d6c343c8e05cf7ec,generated_adder_4,variants/generated_adder_4_original.blif,virtual_binary_cut,"or(a0,new_n21)","[""a0"", ""new_n21""]","[""a0"", ""a1"", ""b1""]",3,312e3344b3e1ce87,60a315cd59e17600,ae302d946b055aeb,same,npn_358a268fde92333a,6,source_graph_or_pi_replayable,evidence_advancement_v1
e29a330b528fde75,generated_adder_4,variants/generated_adder_4_original.blif,virtual_binary_cut,"xor(a0,new_n21)","[""a0"", ""new_n21""]","[""a0"", ""a1"", ""b1""]",3,ae983a6d106c0129,20c0fa3862691750,62ad13d001efd14a,same,npn_2e96a02abe3f2e05,6,source_graph_or_pi_replayable,evidence_advancement_v1
7d5af14b671991a8,generated_adder_4,variants/generated_adder_4_original.blif,virtual_binary_cut,"and(a0,not(new_n21))","[""a0"", ""new_n21""]","[""a0"", ""a1"", ""b1""]",3,57926421becb4f9b,9471064e0822fcbc,d91fd2902f08ff9c,same,npn_358a268fde92333a,6,source_graph_or_pi_replayable,evidence_advancement_v1
61598898a21fe637,generated_adder_4,variants/generated_adder_4_original.blif,virtual_binary_cut,"or(a0,not(new_n21))","[""a0"", ""new_n21""]","[""a0"", ""a1"", ""b1""]",3,db76e45776f278aa,a23eb5833d5488bd,00e3755f7c92db5f,inverted,npn_24165068bb0dbfca,6,source_graph_or_pi_replayable,evidence_advancement_v1
84ecafbd0ba0a41e,generated_adder_4,variants/generated_adder_4_original.blif,virtual_binary_cut,"and(a0,new_n22)","[""a0"", ""new_n22""]","[""a0"", ""a1"", ""b1""]",3,5dbf85cfec21f4d9,2390f75b66f428db,afe6407a40ccdeab,same,npn_24165068bb0dbfca,6,source_graph_or_pi_replayable,evidence_advancement_v1
3b9cf725e47e628a,generated_adder_4,variants/generated_adder_4_original.blif,virtual_binary_cut,"or(a0,new_n22)","[""a0"", ""new_n22""]","[""a0"", ""a1"", ""b1""]",3,6e184bab161fa31c,2a8f426bad55b979,6f1117d662454490,same,npn_358a268fde92333a,6,source_graph_or_pi_replayable,evidence_advancement_v1
173a29b4a788f7d3,generated_adder_4,variants/generated_adder_4_original.blif,virtual_binary_cut,"xor(a0,new_n22)","[""a0"", ""new_n22""]","[""a0"", ""a1"", ""b1""]",3,bdc16f048e854ffb,7f0f34e2d3bb5088,6a87a8ec53e5d016,same,npn_2e96a02abe3f2e05,6,source_graph_or_pi_replayable,evidence_advancement_v1
f07b43f621ae2c3d,generated_adder_4,variants/generated_adder_4_original.blif,virtual_binary_cut,"and(a0,not(new_n22))","[""a0"", ""new_n22""]","[""a0"", ""a1"", ""b1""]",3,3414bcd5678ca0f0,ac388f88102ddc21,532ea7da4c9b5dcf,same,npn_358a268fde92333a,6,source_graph_or_pi_replayable,evidence_advancement_v1
585536c8c663deb1,generated_adder_4,variants/generated_adder_4_original.blif,virtual_binary_cut,"or(a0,not(new_n22))","[""a0"", ""new_n22""]","[""a0"", ""a1"", ""b1""]",3,e7cae0fe0d4c680c,303bb13fd139f966,7b4604b3e7ef53d3,inverted,npn_24165068bb0dbfca,6,source_graph_or_pi_replayable,evidence_advancement_v1
9e0746929634eea0,generated_adder_4,variants/generated_adder_4_original.blif,virtual_binary_cut,"and(a0,new_n23)","[""a0"", ""new_n23""]","[""a0"", ""a1"", ""b1""]",3,9f57381717fa8431,bc02c1d7854c01b7,cafeff6df6d83c72,same,npn_c367d71c2eac76ee,6,source_graph_or_pi_replayable,evidence_advancement_v1
454606f05e5ad579,generated_adder_4,variants/generated_adder_4_original.blif,virtual_binary_cut,"or(a0,new_n23)","[""a0"", ""new_n23""]","[""a0"", ""a1"", ""b1""]",3,246f5392ea7bb083,b7b56af4b3dd8a47,fec5a0854918cc1b,inverted,npn_c367d71c2eac76ee,6,source_graph_or_pi_replayable,evidence_advancement_v1
636852f46476743d,generated_adder_4,variants/generated_adder_4_original.blif,virtual_binary_cut,"xor(a0,new_n23)","[""a0"", ""new_n23""]","[""a0"", ""a1"", ""b1""]",3,bb0dd488721c1564,47c08f5992392810,c2a6fb6a86cca609,inverted,npn_c2a6fb6a86cca609,6,source_graph_or_pi_replayable,evidence_advancement_v1
258920a978412178,generated_adder_4,variants/generated_adder_4_original.blif,virtual_binary_cut,"and(a0,not(new_n23))","[""a0"", ""new_n23""]","[""a0"", ""a1"", ""b1""]",3,c852825c9d137ee6,8c2a9acd4072fcbd,9875d06f074d4934,same,npn_c367d71c2eac76ee,6,source_graph_or_pi_replayable,evidence_advancement_v1
6d366804280c793c,generated_adder_4,variants/generated_adder_4_original.blif,virtual_binary_cut,"or(a0,not(new_n23))","[""a0"", ""new_n23""]","[""a0"", ""a1"", ""b1""]",3,5767cd089feea141,2a1bdb2528255af0,45ee4c05f4aac508,same,npn_c367d71c2eac76ee,6,source_graph_or_pi_replayable,evidence_advancement_v1
273a3e5abafafb09,generated_adder_4,variants/generated_adder_4_original.blif,virtual_binary_cut,"and(a0,new_n25)","[""a0"", ""new_n25""]","[""a0"", ""b0"", ""cin""]",3,837d47ce917931f8,63a496d2b5272543,afe6407a40ccdeab,same,npn_24165068bb0dbfca,6,source_graph_or_pi_replayable,evidence_advancement_v1
8831bdffd867090f,generated_adder_4,variants/generated_adder_4_original.blif,virtual_binary_cut,"or(a0,new_n25)","[""a0"", ""new_n25""]","[""a0"", ""b0"", ""cin""]",3,5815ce9fb348b52b,b4bb6888d2093032,2d3d88fc9460d408,same,npn_358a268fde92333a,6,source_graph_or_pi_replayable,evidence_advancement_v1
0fa908afce4c5877,generated_adder_4,variants/generated_adder_4_original.blif,virtual_binary_cut,"xor(a0,new_n25)","[""a0"", ""new_n25""]","[""a0"", ""b0"", ""cin""]",3,d9c88563314f00b1,473a14a82a52cec2,a741fe7677f235fb,same,npn_afbbb57e79223729,6,source_graph_or_pi_replayable,evidence_advancement_v1
815e2a926381c44b,generated_adder_4,variants/generated_adder_4_original.blif,virtual_binary_cut,"and(a0,not(new_n25))","[""a0"", ""new_n25""]","[""a0"", ""b0"", ""cin""]",3,4f73435f7445b9bc,66f38d5ca0b1db99,532ea7da4c9b5dcf,same,npn_358a268fde92333a,6,source_graph_or_pi_replayable,evidence_advancement_v1
d7a68b011dc03d15,generated_adder_4,variants/generated_adder_4_original.blif,virtual_binary_cut,"or(a0,not(new_n25))","[""a0"", ""new_n25""]","[""a0"", ""b0"", ""cin""]",3,b3d57b0bb9dfc66e,563a6d86e0acb53c,9ebc1ab9a061b3d1,inverted,npn_24165068bb0dbfca,6,source_graph_or_pi_replayable,evidence_advancement_v1
54df0cf27e4c0375,generated_adder_4,variants/generated_adder_4_original.blif,virtual_binary_cut,"xor(a0,new_n26)","[""a0"", ""new_n26""]","[""a0"", ""b0"", ""cin""]",3,4e5090e58d4d947f,59188fbeb9481ea8,0cd59fa994925bb3,inverted,npn_a32eb2538c37ee34,6,source_graph_or_pi_replayable,evidence_advancement_v1
c200b24d89c164ad,generated_adder_4,variants/generated_adder_4_original.blif,virtual_binary_cut,"and(a0,new_n27)","[""a0"", ""new_n27""]","[""a0"", ""a1"", ""b0"", ""b1"", ""cin""]",5,53529688d9a4812e,3399b3f433dae763,2943274148b72306,same,support_gt4,6,source_graph_or_pi_replayable,evidence_advancement_v1
d0c76fe8016fd928,generated_adder_4,variants/generated_adder_4_original.blif,virtual_binary_cut,"or(a0,new_n27)","[""a0"", ""new_n27""]","[""a0"", ""a1"", ""b0"", ""b1"", ""cin""]",5,dfe55a5e00c54be8,0c2b18a47cd96dea,2e27e6a54db4e078,same,support_gt4,6,source_graph_or_pi_replayable,evidence_advancement_v1
a390259e42c6e4c3,generated_adder_4,variants/generated_adder_4_original.blif,virtual_binary_cut,"xor(a0,new_n27)","[""a0"", ""new_n27""]","[""a0"", ""a1"", ""b0"", ""b1"", ""cin""]",5,0ff2dcd5186c3f57,a61289c5e39aa351,345510a582f91daa,same,support_gt4,6,source_graph_or_pi_replayable,evidence_advancement_v1
10bda407972bcd4d,generated_adder_4,variants/generated_adder_4_original.blif,virtual_binary_cut,"and(a0,not(new_n27))","[""a0"", ""new_n27""]","[""a0"", ""a1"", ""b0"", ""b1"", ""cin""]",5,7ae475346d0812ae,3e5c2550458f9dd9,32cd0b41fa163d22,same,support_gt4,6,source_graph_or_pi_replayable,evidence_advancement_v1
f4dbe3e96c832051,generated_adder_4,variants/generated_adder_4_original.blif,virtual_binary_cut,"or(a0,not(new_n27))","[""a0"", ""new_n27""]","[""a0"", ""a1"", ""b0"", ""b1"", ""cin""]",5,19b1eceb6b2df306,322b2ce52d1b9eff,de90b685461f4bf8,inverted,support_gt4,6,source_graph_or_pi_replayable,evidence_advancement_v1
250d4f644f595b41,generated_adder_4,variants/generated_adder_4_original.blif,virtual_binary_cut,"and(a0,new_n28)","[""a0"", ""new_n28""]","[""a0"", ""a1"", ""b0"", ""b1"", ""cin""]",5,98a34f00eb6e95f0,c70fa5fea38c2223,27f311271c6912dd,same,support_gt4,6,source_graph_or_pi_replayable,evidence_advancement_v1
14b614d9310e3b77,generated_adder_4,variants/generated_adder_4_original.blif,virtual_binary_cut,"or(a0,new_n28)","[""a0"", ""new_n28""]","[""a0"", ""a1"", ""b0"", ""b1"", ""cin""]",5,ef3f3210de043761,ce42fa5b4fb460c1,3ccb9f5a1e5c393e,same,support_gt4,6,source_graph_or_pi_replayable,evidence_advancement_v1
1673322f85976899,generated_adder_4,variants/generated_adder_4_original.blif,virtual_binary_cut,"xor(a0,new_n28)","[""a0"", ""new_n28""]","[""a0"", ""a1"", ""b0"", ""b1"", ""cin""]",5,62a6c6b732564fc7,28099516d695ddd6,2a793e570edc2d84,same,support_gt4,6,source_graph_or_pi_replayable,evidence_advancement_v1
c0066633fe930faa,generated_adder_4,variants/generated_adder_4_original.blif,virtual_binary_cut,"and(a0,not(new_n28))","[""a0"", ""new_n28""]","[""a0"", ""a1"", ""b0"", ""b1"", ""cin""]",5,628faefe0c60a1f2,7747c171e70ff223,0ba7df199fa4e35a,same,support_gt4,6,source_graph_or_pi_replayable,evidence_advancement_v1
1744ae5290afe25b,generated_adder_4,variants/generated_adder_4_original.blif,virtual_binary_cut,"or(a0,not(new_n28))","[""a0"", ""new_n28""]","[""a0"", ""a1"", ""b0"", ""b1"", ""cin""]",5,cdc6ba5b9cfc34aa,dfc32b82297a7613,9a62fad1dd8ebfeb,inverted,support_gt4,6,source_graph_or_pi_replayable,evidence_advancement_v1
0686fa3e73c2ba39,generated_adder_4,variants/generated_adder_4_original.blif,virtual_binary_cut,"and(a0,sum1)","[""a0"", ""sum1""]","[""a0"", ""a1"", ""b0"", ""b1"", ""cin""]",5,db951fec94452e77,e31e884b06320592,ce70ed54b1055ceb,same,support_gt4,6,source_graph_or_pi_replayable,evidence_advancement_v1
49963bac0f33d597,generated_adder_4,variants/generated_adder_4_original.blif,virtual_binary_cut,"or(a0,sum1)","[""a0"", ""sum1""]","[""a0"", ""a1"", ""b0"", ""b1"", ""cin""]",5,115a88874612db1f,d9998412fd4586a6,12fa2b6e94664545,same,support_gt4,6,source_graph_or_pi_replayable,evidence_advancement_v1
7eb70804c600d689,generated_adder_4,variants/generated_adder_4_original.blif,virtual_binary_cut,"xor(a0,sum1)","[""a0"", ""sum1""]","[""a0"", ""a1"", ""b0"", ""b1"", ""cin""]",5,38b07d602edc9b85,e1cebd90ffc40b86,1ebeaf22a80e7f29,same,support_gt4,6,source_graph_or_pi_replayable,evidence_advancement_v1
4c5de19e610b928b,generated_adder_4,variants/generated_adder_4_original.blif,virtual_binary_cut,"and(a0,not(sum1))","[""a0"", ""sum1""]","[""a0"", ""a1"", ""b0"", ""b1"", ""cin""]",5,411212c2234b240a,d429d4254f373227,f1d764bc26069ca1,same,support_gt4,6,source_graph_or_pi_replayable,evidence_advancement_v1
0a7b409c83373218,generated_adder_4,variants/generated_adder_4_original.blif,virtual_binary_cut,"or(a0,not(sum1))","[""a0"", ""sum1""]","[""a0"", ""a1"", ""b0"", ""b1"", ""cin""]",5,b58200f4398c27db,df4a10843a40ea04,262a8b7acf4df59b,inverted,support_gt4,6,source_graph_or_pi_replayable,evidence_advancement_v1
d28e51cff99110a1,generated_adder_4,variants/generated_adder_4_original.blif,virtual_binary_cut,"and(a0,new_n30)","[""a0"", ""new_n30""]","[""a0"", ""a2"", ""b2""]",3,504b2c05a784842d,7948ad0ef8f301e5,18025d3f5a1dde11,same,npn_24165068bb0dbfca,6,source_graph_or_pi_replayable,evidence_advancement_v1
33b4bd48ad19a213,generated_adder_4,variants/generated_adder_4_original.blif,virtual_binary_cut,"or(a0,new_n30)","[""a0"", ""new_n30""]","[""a0"", ""a2"", ""b2""]",3,a4529b71e663526f,9ac483647a7f26b2,ae302d946b055aeb,same,npn_358a268fde92333a,6,source_graph_or_pi_replayable,evidence_advancement_v1
c6a733e571aba4da,generated_adder_4,variants/generated_adder_4_original.blif,virtual_binary_cut,"xor(a0,new_n30)","[""a0"", ""new_n30""]","[""a0"", ""a2"", ""b2""]",3,0ae4d045b56f0bc8,f45637503b79fafb,62ad13d001efd14a,same,npn_2e96a02abe3f2e05,6,source_graph_or_pi_replayable,evidence_advancement_v1
0711375dcaf66123,generated_adder_4,variants/generated_adder_4_original.blif,virtual_binary_cut,"and(a0,not(new_n30))","[""a0"", ""new_n30""]","[""a0"", ""a2"", ""b2""]",3,3953ab5bb25c748c,bace5e720869ac44,d91fd2902f08ff9c,same,npn_358a268fde92333a,6,source_graph_or_pi_replayable,evidence_advancement_v1
502bc5de7b787e4b,generated_adder_4,variants/generated_adder_4_original.blif,virtual_binary_cut,"or(a0,not(new_n30))","[""a0"", ""new_n30""]","[""a0"", ""a2"", ""b2""]",3,d016e16e86102f55,7833f55c4dc661ab,00e3755f7c92db5f,inverted,npn_24165068bb0dbfca,6,source_graph_or_pi_replayable,evidence_advancement_v1
54a2c53efa2bce8d,generated_adder_4,variants/generated_adder_4_original.blif,virtual_binary_cut,"and(a0,new_n31)","[""a0"", ""new_n31""]","[""a0"", ""a2"", ""b2""]",3,044b28c5e3888546,d8123bcb17f4eaa9,afe6407a40ccdeab,same,npn_24165068bb0dbfca,6,source_graph_or_pi_replayable,evidence_advancement_v1
1eb94ba963545b60,generated_adder_4,variants/generated_adder_4_original.blif,virtual_binary_cut,"or(a0,new_n31)","[""a0"", ""new_n31""]","[""a0"", ""a2"", ""b2""]",3,390d028bff06ba82,b54fdc29d8e44e0b,6f1117d662454490,same,npn_358a268fde92333a,6,source_graph_or_pi_replayable,evidence_advancement_v1
738520e470a9e8ed,generated_adder_4,variants/generated_adder_4_original.blif,virtual_binary_cut,"xor(a0,new_n31)","[""a0"", ""new_n31""]","[""a0"", ""a2"", ""b2""]",3,d72560f7fd614c60,eea8dde92a971816,6a87a8ec53e5d016,same,npn_2e96a02abe3f2e05,6,source_graph_or_pi_replayable,evidence_advancement_v1
29621db54f213b7c,generated_adder_4,variants/generated_adder_4_original.blif,virtual_binary_cut,"and(a0,not(new_n31))","[""a0"", ""new_n31""]","[""a0"", ""a2"", ""b2""]",3,e2599965e2c06683,04cde787d81b6f5b,532ea7da4c9b5dcf,same,npn_358a268fde92333a,6,source_graph_or_pi_replayable,evidence_advancement_v1
02c5aeca99a024eb,generated_adder_4,variants/generated_adder_4_original.blif,virtual_binary_cut,"or(a0,not(new_n31))","[""a0"", ""new_n31""]","[""a0"", ""a2"", ""b2""]",3,cd1286002a93ef6f,c5be75f86ee0545f,7b4604b3e7ef53d3,inverted,npn_24165068bb0dbfca,6,source_graph_or_pi_replayable,evidence_advancement_v1
632328030d4ba2ee,generated_adder_4,variants/generated_adder_4_original.blif,virtual_binary_cut,"and(a0,new_n32)","[""a0"", ""new_n32""]","[""a0"", ""a2"", ""b2""]",3,520190afcf2ff0f7,b12c4798e922302d,cafeff6df6d83c72,same,npn_c367d71c2eac76ee,6,source_graph_or_pi_replayable,evidence_advancement_v1
5623ba4299ffbbcc,generated_adder_4,variants/generated_adder_4_original.blif,virtual_binary_cut,"or(a0,new_n32)","[""a0"", ""new_n32""]","[""a0"", ""a2"", ""b2""]",3,e47b302340ce0eca,04dee98d20318e1e,fec5a0854918cc1b,inverted,npn_c367d71c2eac76ee,6,source_graph_or_pi_replayable,evidence_advancement_v1
7341818e705101d3,generated_adder_4,variants/generated_adder_4_original.blif,virtual_binary_cut,"xor(a0,new_n32)","[""a0"", ""new_n32""]","[""a0"", ""a2"", ""b2""]",3,36d2974c54fd2810,66540ecf8aa39fdf,c2a6fb6a86cca609,inverted,npn_c2a6fb6a86cca609,6,source_graph_or_pi_replayable,evidence_advancement_v1
6105ed37f4ea4cb4,generated_adder_4,variants/generated_adder_4_original.blif,virtual_binary_cut,"and(a0,not(new_n32))","[""a0"", ""new_n32""]","[""a0"", ""a2"", ""b2""]",3,6549a03139b93379,046e39bcfc6eb517,9875d06f074d4934,same,npn_c367d71c2eac76ee,6,source_graph_or_pi_replayable,evidence_advancement_v1
71b24bbe582a5c3c,generated_adder_4,variants/generated_adder_4_original.blif,virtual_binary_cut,"or(a0,not(new_n32))","[""a0"", ""new_n32""]","[""a0"", ""a2"", ""b2""]",3,15a8e0ea9c789dd2,16b6e0334e1f53f3,45ee4c05f4aac508,same,npn_c367d71c2eac76ee,6,source_graph_or_pi_replayable,evidence_advancement_v1
63c73e7e60d8d85c,generated_adder_4,variants/generated_adder_4_original.blif,virtual_binary_cut,"and(a0,new_n33)","[""a0"", ""new_n33""]","[""a0"", ""a1"", ""b1""]",3,dac337c4194397a1,8350f2e7709ee0ec,24165068bb0dbfca,same,npn_24165068bb0dbfca,6,source_graph_or_pi_replayable,evidence_advancement_v1
eede3fabe8f119ad,generated_adder_4,variants/generated_adder_4_original.blif,virtual_binary_cut,"or(a0,new_n33)","[""a0"", ""new_n33""]","[""a0"", ""a1"", ""b1""]",3,58c768c216759d3b,943c55b7d457ea66,2d3d88fc9460d408,same,npn_358a268fde92333a,6,source_graph_or_pi_replayable,evidence_advancement_v1
fed36d7248f9f8c2,generated_adder_4,variants/generated_adder_4_original.blif,virtual_binary_cut,"xor(a0,new_n33)","[""a0"", ""new_n33""]","[""a0"", ""a1"", ""b1""]",3,2906b1f8a567a701,d58104d0471ec63d,60196d9c90521e9d,same,npn_2e96a02abe3f2e05,6,source_graph_or_pi_replayable,evidence_advancement_v1
86ae198414db4c88,generated_adder_4,variants/generated_adder_4_original.blif,virtual_binary_cut,"and(a0,not(new_n33))","[""a0"", ""new_n33""]","[""a0"", ""a1"", ""b1""]",3,1ec3b3bd7220b87c,9228adf770699d91,86541bc0ebd49ad1,same,npn_358a268fde92333a,6,source_graph_or_pi_replayable,evidence_advancement_v1
5c80da14d1be1582,generated_adder_4,variants/generated_adder_4_original.blif,virtual_binary_cut,"or(a0,not(new_n33))","[""a0"", ""new_n33""]","[""a0"", ""a1"", ""b1""]",3,c17b3a22629da75d,7e51d1bed217f389,9ebc1ab9a061b3d1,inverted,npn_24165068bb0dbfca,6,source_graph_or_pi_replayable,evidence_advancement_v1
2a47e96613dc6a81,generated_adder_4,variants/generated_adder_4_original.blif,virtual_binary_cut,"and(a0,new_n34)","[""a0"", ""new_n34""]","[""a0"", ""a1"", ""b0"", ""b1"", ""cin""]",5,0fb6296f0d2e67a9,52235792ca2ac07d,b26f886c38b8fea9,same,support_gt4,6,source_graph_or_pi_replayable,evidence_advancement_v1
71e4836f80e2e47e,generated_adder_4,variants/generated_adder_4_original.blif,virtual_binary_cut,"or(a0,new_n34)","[""a0"", ""new_n34""]","[""a0"", ""a1"", ""b0"", ""b1"", ""cin""]",5,c7bd97f340f26229,77cf3c9cfc0f22ac,83275f286de8ba10,same,support_gt4,6,source_graph_or_pi_replayable,evidence_advancement_v1
7e5f1011ab4777b9,generated_adder_4,variants/generated_adder_4_original.blif,virtual_binary_cut,"xor(a0,new_n34)","[""a0"", ""new_n34""]","[""a0"", ""a1"", ""b0"", ""b1"", ""cin""]",5,0e7bfe4c66ef450a,84fa012da1cb056c,330a9051d1c51500,same,support_gt4,6,source_graph_or_pi_replayable,evidence_advancement_v1
2cd0338194aefd3d,generated_adder_4,variants/generated_adder_4_original.blif,virtual_binary_cut,"and(a0,not(new_n34))","[""a0"", ""new_n34""]","[""a0"", ""a1"", ""b0"", ""b1"", ""cin""]",5,9f87e8a427941541,70ff45b65ca4dfe6,69ee976883d3f929,same,support_gt4,6,source_graph_or_pi_replayable,evidence_advancement_v1
b9a44ee5b36e6060,generated_adder_4,variants/generated_adder_4_original.blif,virtual_binary_cut,"or(a0,not(new_n34))","[""a0"", ""new_n34""]","[""a0"", ""a1"", ""b0"", ""b1"", ""cin""]",5,48d400689a0335b5,3b73900aac7e303a,38a9779103b1116e,inverted,support_gt4,6,source_graph_or_pi_replayable,evidence_advancement_v1
01d77c4702de171c,generated_adder_4,variants/generated_adder_4_original.blif,virtual_binary_cut,"and(a0,new_n35)","[""a0"", ""new_n35""]","[""a0"", ""a1"", ""b0"", ""b1"", ""cin""]",5,0539f227fff8d89d,d469352bcb4b53a2,a852912445d197d2,same,support_gt4,6,source_graph_or_pi_replayable,evidence_advancement_v1
700595196bc69731,generated_adder_4,variants/generated_adder_4_original.blif,virtual_binary_cut,"or(a0,new_n35)","[""a0"", ""new_n35""]","[""a0"", ""a1"", ""b0"", ""b1"", ""cin""]",5,5dae800bd3ca8d88,9f4bfef954c10ee7,ddf65c3fd58fb79e,inverted,support_gt4,6,source_graph_or_pi_replayable,evidence_advancement_v1
1cfa4140897ae072,generated_adder_4,variants/generated_adder_4_original.blif,virtual_binary_cut,"xor(a0,new_n35)","[""a0"", ""new_n35""]","[""a0"", ""a1"", ""b0"", ""b1"", ""cin""]",5,1b54f72883e7ca57,3ad9c594da891fed,c05fff6f0f8d6c64,inverted,support_gt4,6,source_graph_or_pi_replayable,evidence_advancement_v1
3342dca9e39f2915,generated_adder_4,variants/generated_adder_4_original.blif,virtual_binary_cut,"and(a0,not(new_n35))","[""a0"", ""new_n35""]","[""a0"", ""a1"", ""b0"", ""b1"", ""cin""]",5,c13466a322f20922,50044107afd1b405,a54abaf9345e8285,same,support_gt4,6,source_graph_or_pi_replayable,evidence_advancement_v1
373f291aca06659b,generated_adder_4,variants/generated_adder_4_original.blif,virtual_binary_cut,"or(a0,not(new_n35))","[""a0"", ""new_n35""]","[""a0"", ""a1"", ""b0"", ""b1"", ""cin""]",5,98c72a1133415d37,542a708da5b7e6fb,bce10f63fc790847,same,support_gt4,6,source_graph_or_pi_replayable,evidence_advancement_v1
1d2093e52f10fb02,generated_adder_4,variants/generated_adder_4_original.blif,virtual_binary_cut,"and(a0,new_n39)","[""a0"", ""new_n39""]","[""a0"", ""a3"", ""b3""]",3,6f19c3be64bb9f38,50739effd4055d8a,18025d3f5a1dde11,same,npn_24165068bb0dbfca,6,source_graph_or_pi_replayable,evidence_advancement_v1
b8cceba62f6068a2,generated_adder_4,variants/generated_adder_4_original.blif,virtual_binary_cut,"or(a0,new_n39)","[""a0"", ""new_n39""]","[""a0"", ""a3"", ""b3""]",3,9148be0d09a5c08e,cee6a098cff12962,ae302d946b055aeb,same,npn_358a268fde92333a,6,source_graph_or_pi_replayable,evidence_advancement_v1
8402da552459d7fc,generated_adder_4,variants/generated_adder_4_original.blif,virtual_binary_cut,"xor(a0,new_n39)","[""a0"", ""new_n39""]","[""a0"", ""a3"", ""b3""]",3,f41e710b13c67300,40c95a9292ba7ada,62ad13d001efd14a,same,npn_2e96a02abe3f2e05,6,source_graph_or_pi_replayable,evidence_advancement_v1
c410ed4d421aa74d,generated_adder_4,variants/generated_adder_4_original.blif,virtual_binary_cut,"and(a0,not(new_n39))","[""a0"", ""new_n39""]","[""a0"", ""a3"", ""b3""]",3,8c70900b1d311aef,8b7dbe5464ca147f,d91fd2902f08ff9c,same,npn_358a268fde92333a,6,source_graph_or_pi_replayable,evidence_advancement_v1
8cc43ce436059c0e,generated_adder_4,variants/generated_adder_4_original.blif,virtual_binary_cut,"or(a0,not(new_n39))","[""a0"", ""new_n39""]","[""a0"", ""a3"", ""b3""]",3,55676bc59d88b247,8c5021fe4410f44a,00e3755f7c92db5f,inverted,npn_24165068bb0dbfca,6,source_graph_or_pi_replayable,evidence_advancement_v1
e2f4f3f368b0b49c,generated_adder_4,variants/generated_adder_4_original.blif,virtual_binary_cut,"and(a0,new_n40)","[""a0"", ""new_n40""]","[""a0"", ""a3"", ""b3""]",3,7fe2c2548b4ff357,6a96807b3afd4eb8,afe6407a40ccdeab,same,npn_24165068bb0dbfca,6,source_graph_or_pi_replayable,evidence_advancement_v1
a206c969fd686133,generated_adder_4,variants/generated_adder_4_original.blif,virtual_binary_cut,"or(a0,new_n40)","[""a0"", ""new_n40""]","[""a0"", ""a3"", ""b3""]",3,392b0a3447ca9013,26393f503fa8cd27,6f1117d662454490,same,npn_358a268fde92333a,6,source_graph_or_pi_replayable,evidence_advancement_v1
4b67ea23106bc6cb,generated_adder_4,variants/generated_adder_4_original.blif,virtual_binary_cut,"xor(a0,new_n40)","[""a0"", ""new_n40""]","[""a0"", ""a3"", ""b3""]",3,831cb32ab2df9700,82c4b53ff17fae13,6a87a8ec53e5d016,same,npn_2e96a02abe3f2e05,6,source_graph_or_pi_replayable,evidence_advancement_v1
302b3aa955d7a693,generated_adder_4,variants/generated_adder_4_original.blif,virtual_binary_cut,"and(a0,not(new_n40))","[""a0"", ""new_n40""]","[""a0"", ""a3"", ""b3""]",3,85a43274305f8bde,d94fbd7e2e15cfde,532ea7da4c9b5dcf,same,npn_358a268fde92333a,6,source_graph_or_pi_replayable,evidence_advancement_v1
5ce95e46b1fba5a7,generated_adder_4,variants/generated_adder_4_original.blif,virtual_binary_cut,"or(a0,not(new_n40))","[""a0"", ""new_n40""]","[""a0"", ""a3"", ""b3""]",3,a776b8bc3f359f12,02b38799f174973b,7b4604b3e7ef53d3,inverted,npn_24165068bb0dbfca,6,source_graph_or_pi_replayable,evidence_advancement_v1
310bfab274f6151e,generated_adder_4,variants/generated_adder_4_original.blif,virtual_binary_cut,"and(a0,new_n41)","[""a0"", ""new_n41""]","[""a0"", ""a3"", ""b3""]",3,07ebe3740da9b100,f7a0b9df0b17599c,cafeff6df6d83c72,same,npn_c367d71c2eac76ee,6,source_graph_or_pi_replayable,evidence_advancement_v1
f5c22e42886bc9cb,generated_adder_4,variants/generated_adder_4_original.blif,virtual_binary_cut,"or(a0,new_n41)","[""a0"", ""new_n41""]","[""a0"", ""a3"", ""b3""]",3,c75f8917f4725973,ac199379ee23128f,fec5a0854918cc1b,inverted,npn_c367d71c2eac76ee,6,source_graph_or_pi_replayable,evidence_advancement_v1
092fd5711f46ebed,generated_adder_4,variants/generated_adder_4_original.blif,virtual_binary_cut,"xor(a0,new_n41)","[""a0"", ""new_n41""]","[""a0"", ""a3"", ""b3""]",3,05470784d75a9781,383f9c236b3235e8,c2a6fb6a86cca609,inverted,npn_c2a6fb6a86cca609,6,source_graph_or_pi_replayable,evidence_advancement_v1
78078ce97422bd9b,generated_adder_4,variants/generated_adder_4_original.blif,virtual_binary_cut,"and(a0,not(new_n41))","[""a0"", ""new_n41""]","[""a0"", ""a3"", ""b3""]",3,e6cdebdcddfc87fb,e03dd472085ccc11,9875d06f074d4934,same,npn_c367d71c2eac76ee,6,source_graph_or_pi_replayable,evidence_advancement_v1
b5495f206a56e7f3,generated_adder_4,variants/generated_adder_4_original.blif,virtual_binary_cut,"or(a0,not(new_n41))","[""a0"", ""new_n41""]","[""a0"", ""a3"", ""b3""]",3,de2b9b48d76d63ed,38607f85729f849d,45ee4c05f4aac508,same,npn_c367d71c2eac76ee,6,source_graph_or_pi_replayable,evidence_advancement_v1
2b7e151c485c7234,generated_adder_4,variants/generated_adder_4_original.blif,virtual_binary_cut,"and(a0,new_n42)","[""a0"", ""new_n42""]","[""a0"", ""a2"", ""b2""]",3,ad07be8c7ee0d804,0ad35f86ad870ee4,24165068bb0dbfca,same,npn_24165068bb0dbfca,6,source_graph_or_pi_replayable,evidence_advancement_v1
c5cbc4ff4842d516,generated_adder_4,variants/generated_adder_4_original.blif,virtual_binary_cut,"or(a0,new_n42)","[""a0"", ""new_n42""]","[""a0"", ""a2"", ""b2""]",3,ecf498152f6075f8,d1329326ab9e80e2,2d3d88fc9460d408,same,npn_358a268fde92333a,6,source_graph_or_pi_replayable,evidence_advancement_v1
515946bc2d2d69b7,generated_adder_4,variants/generated_adder_4_original.blif,virtual_binary_cut,"xor(a0,new_n42)","[""a0"", ""new_n42""]","[""a0"", ""a2"", ""b2""]",3,fe77570500eb69f1,52b72696310a32d1,60196d9c90521e9d,same,npn_2e96a02abe3f2e05,6,source_graph_or_pi_replayable,evidence_advancement_v1
5c71dab562073fa5,generated_adder_4,variants/generated_adder_4_original.blif,virtual_binary_cut,"and(a0,not(new_n42))","[""a0"", ""new_n42""]","[""a0"", ""a2"", ""b2""]",3,5e32eb61a475c340,82205725ded91594,86541bc0ebd49ad1,same,npn_358a268fde92333a,6,source_graph_or_pi_replayable,evidence_advancement_v1
415f00017fb1afeb,generated_adder_4,variants/generated_adder_4_original.blif,virtual_binary_cut,"or(a0,not(new_n42))","[""a0"", ""new_n42""]","[""a0"", ""a2"", ""b2""]",3,e068a3826b283d5d,01263e2874a989ec,9ebc1ab9a061b3d1,inverted,npn_24165068bb0dbfca,6,source_graph_or_pi_replayable,evidence_advancement_v1
558e3c4c6119d691,generated_adder_4,variants/generated_adder_4_original.blif,virtual_binary_cut,"and(a0,new_n48)","[""a0"", ""new_n48""]","[""a0"", ""a3"", ""b3""]",3,117a263a9e1ba59f,eaf9497d773a8ba9,24165068bb0dbfca,same,npn_24165068bb0dbfca,6,source_graph_or_pi_replayable,evidence_advancement_v1
2167cc61661d61ab,generated_adder_4,variants/generated_adder_4_original.blif,virtual_binary_cut,"or(a0,new_n48)","[""a0"", ""new_n48""]","[""a0"", ""a3"", ""b3""]",3,c7a94fd7ce79715e,f15f62bc033f0763,2d3d88fc9460d408,same,npn_358a268fde92333a,6,source_graph_or_pi_replayable,evidence_advancement_v1
6f662c881465b0f0,generated_adder_4,variants/generated_adder_4_original.blif,virtual_binary_cut,"xor(a0,new_n48)","[""a0"", ""new_n48""]","[""a0"", ""a3"", ""b3""]",3,e951f52007e54a8c,61f49d88560a38a5,60196d9c90521e9d,same,npn_2e96a02abe3f2e05,6,source_graph_or_pi_replayable,evidence_advancement_v1
1b31a7fe08ba21cf,generated_adder_4,variants/generated_adder_4_original.blif,virtual_binary_cut,"and(a0,not(new_n48))","[""a0"", ""new_n48""]","[""a0"", ""a3"", ""b3""]",3,f88616ad54c9e0fa,e32c939311aba6eb,86541bc0ebd49ad1,same,npn_358a268fde92333a,6,source_graph_or_pi_replayable,evidence_advancement_v1
7d1163b6626a9d65,generated_adder_4,variants/generated_adder_4_original.blif,virtual_binary_cut,"or(a0,not(new_n48))","[""a0"", ""new_n48""]","[""a0"", ""a3"", ""b3""]",3,7c3b96695fb441b9,c3739257ce94143f,9ebc1ab9a061b3d1,inverted,npn_24165068bb0dbfca,6,source_graph_or_pi_replayable,evidence_advancement_v1
c58924cb89d180f8,generated_adder_4,variants/generated_adder_4_original.blif,virtual_binary_cut,"and(a1,a2)","[""a1"", ""a2""]","[""a1"", ""a2""]",2,b965f7d37bc21e50,dd5df34d57cb0728,94de9e90e231b35b,same,npn_94de9e90e231b35b,6,source_graph_or_pi_replayable,evidence_advancement_v1
11a0d8e16094859b,generated_adder_4,variants/generated_adder_4_original.blif,virtual_binary_cut,"or(a1,a2)","[""a1"", ""a2""]","[""a1"", ""a2""]",2,9a41f0cc55632fb2,d3b395c74a2e35b8,c580333a48d30dad,same,npn_94de9e90e231b35b,6,source_graph_or_pi_replayable,evidence_advancement_v1
f51d68a7a13991d7,generated_adder_4,variants/generated_adder_4_original.blif,virtual_binary_cut,"xor(a1,a2)","[""a1"", ""a2""]","[""a1"", ""a2""]",2,af92c5f54f4abe0f,bbb9ebb9f07a86c5,b5d1f15c17250b42,same,npn_b5d1f15c17250b42,6,source_graph_or_pi_replayable,evidence_advancement_v1
674a1f7d0f8cafe4,generated_adder_4,variants/generated_adder_4_original.blif,virtual_binary_cut,"and(a1,not(a2))","[""a1"", ""a2""]","[""a1"", ""a2""]",2,b571ce24757b9086,b6c33aba48082fc0,90f21496b5c851e8,same,npn_94de9e90e231b35b,6,source_graph_or_pi_replayable,evidence_advancement_v1
e57278a997a2a37a,generated_adder_4,variants/generated_adder_4_original.blif,virtual_binary_cut,"or(a1,not(a2))","[""a1"", ""a2""]","[""a1"", ""a2""]",2,5289e334ad439ee4,c9b34420c723f6fc,2c24932e8e4ebc2f,inverted,npn_94de9e90e231b35b,6,source_graph_or_pi_replayable,evidence_advancement_v1
f484cd1545feb69c,generated_adder_4,variants/generated_adder_4_original.blif,virtual_binary_cut,"and(a1,a3)","[""a1"", ""a3""]","[""a1"", ""a3""]",2,5fb68aa63460ac14,4367ff94f9b53da9,94de9e90e231b35b,same,npn_94de9e90e231b35b,6,source_graph_or_pi_replayable,evidence_advancement_v1
0a0253ac2e0a5b3e,generated_adder_4,variants/generated_adder_4_original.blif,virtual_binary_cut,"or(a1,a3)","[""a1"", ""a3""]","[""a1"", ""a3""]",2,cfc4e28bb9850f0a,27e6229bf90db577,c580333a48d30dad,same,npn_94de9e90e231b35b,6,source_graph_or_pi_replayable,evidence_advancement_v1
c877faeb4ac26583,generated_adder_4,variants/generated_adder_4_original.blif,virtual_binary_cut,"xor(a1,a3)","[""a1"", ""a3""]","[""a1"", ""a3""]",2,fbdf63f20bddbb54,b2c819a36d370ab4,b5d1f15c17250b42,same,npn_b5d1f15c17250b42,6,source_graph_or_pi_replayable,evidence_advancement_v1
2709c734253e9ce4,generated_adder_4,variants/generated_adder_4_original.blif,virtual_binary_cut,"and(a1,not(a3))","[""a1"", ""a3""]","[""a1"", ""a3""]",2,abd96ed24a42e42e,d9fc86b9a1c630e7,90f21496b5c851e8,same,npn_94de9e90e231b35b,6,source_graph_or_pi_replayable,evidence_advancement_v1
0c0c4788548612b8,generated_adder_4,variants/generated_adder_4_original.blif,virtual_binary_cut,"or(a1,not(a3))","[""a1"", ""a3""]","[""a1"", ""a3""]",2,8e336ec2320cfabe,ddc13ee90b16efec,2c24932e8e4ebc2f,inverted,npn_94de9e90e231b35b,6,source_graph_or_pi_replayable,evidence_advancement_v1
a2956193c51f70a0,generated_adder_4,variants/generated_adder_4_original.blif,virtual_binary_cut,"and(a1,b0)","[""a1"", ""b0""]","[""a1"", ""b0""]",2,eef750342bce85dc,fe4f579e21299d31,94de9e90e231b35b,same,npn_94de9e90e231b35b,6,source_graph_or_pi_replayable,evidence_advancement_v1
0ca1e0e97befeae6,generated_adder_4,variants/generated_adder_4_original.blif,virtual_binary_cut,"or(a1,b0)","[""a1"", ""b0""]","[""a1"", ""b0""]",2,045c02dda9d6b343,68c7d2d8d81ddc6c,c580333a48d30dad,same,npn_94de9e90e231b35b,6,source_graph_or_pi_replayable,evidence_advancement_v1
ecc27e3d15acc9ec,generated_adder_4,variants/generated_adder_4_original.blif,virtual_binary_cut,"xor(a1,b0)","[""a1"", ""b0""]","[""a1"", ""b0""]",2,ef677300885ed666,ef6e1cf484beff0c,b5d1f15c17250b42,same,npn_b5d1f15c17250b42,6,source_graph_or_pi_replayable,evidence_advancement_v1
7bf66677163045a3,generated_adder_4,variants/generated_adder_4_original.blif,virtual_binary_cut,"and(a1,not(b0))","[""a1"", ""b0""]","[""a1"", ""b0""]",2,7750809efe29389d,a8735eec478048ac,90f21496b5c851e8,same,npn_94de9e90e231b35b,6,source_graph_or_pi_replayable,evidence_advancement_v1
b8fa0cd9cbff1c10,generated_adder_4,variants/generated_adder_4_original.blif,virtual_binary_cut,"or(a1,not(b0))","[""a1"", ""b0""]","[""a1"", ""b0""]",2,44fe53590b2cb858,2ce26d499b13f318,2c24932e8e4ebc2f,inverted,npn_94de9e90e231b35b,6,source_graph_or_pi_replayable,evidence_advancement_v1
ac177e1b6f1bb863,generated_adder_4,variants/generated_adder_4_original.blif,virtual_binary_cut,"and(a1,b1)","[""a1"", ""b1""]","[""a1"", ""b1""]",2,d86482ee75f22261,d7b5b3d828935e1c,94de9e90e231b35b,same,npn_94de9e90e231b35b,6,source_graph_or_pi_replayable,evidence_advancement_v1
e59f39c746ba78e3,generated_adder_4,variants/generated_adder_4_original.blif,virtual_binary_cut,"or(a1,b1)","[""a1"", ""b1""]","[""a1"", ""b1""]",2,b35a68c4f7f0f175,9ee505d35975173c,c580333a48d30dad,same,npn_94de9e90e231b35b,6,source_graph_or_pi_replayable,evidence_advancement_v1
0643f3d6b0d585ab,generated_adder_4,variants/generated_adder_4_original.blif,virtual_binary_cut,"xor(a1,b1)","[""a1"", ""b1""]","[""a1"", ""b1""]",2,68ab424f84d1f333,25384a241c02923b,b5d1f15c17250b42,same,npn_b5d1f15c17250b42,6,source_graph_or_pi_replayable,evidence_advancement_v1
802984204115575e,generated_adder_4,variants/generated_adder_4_original.blif,virtual_binary_cut,"and(a1,not(b1))","[""a1"", ""b1""]","[""a1"", ""b1""]",2,01098a718a749b45,076f92c1c9dd9e0c,90f21496b5c851e8,same,npn_94de9e90e231b35b,6,source_graph_or_pi_replayable,evidence_advancement_v1
785fd960aaf87aa9,generated_adder_4,variants/generated_adder_4_original.blif,virtual_binary_cut,"or(a1,not(b1))","[""a1"", ""b1""]","[""a1"", ""b1""]",2,717ce49baa8f7fb3,eedb30adfeeb396d,2c24932e8e4ebc2f,inverted,npn_94de9e90e231b35b,6,source_graph_or_pi_replayable,evidence_advancement_v1
9f362e2a9a1376e7,generated_adder_4,variants/generated_adder_4_original.blif,virtual_binary_cut,"and(a1,b2)","[""a1"", ""b2""]","[""a1"", ""b2""]",2,30ab340810b70d8e,3c4abfd0670e3cd9,94de9e90e231b35b,same,npn_94de9e90e231b35b,6,source_graph_or_pi_replayable,evidence_advancement_v1
9724fc01cf6c6e2a,generated_adder_4,variants/generated_adder_4_original.blif,virtual_binary_cut,"or(a1,b2)","[""a1"", ""b2""]","[""a1"", ""b2""]",2,2a12b68bd612ef43,cafbe241bc742cfb,c580333a48d30dad,same,npn_94de9e90e231b35b,6,source_graph_or_pi_replayable,evidence_advancement_v1
7be8badc5d47adf9,generated_adder_4,variants/generated_adder_4_original.blif,virtual_binary_cut,"xor(a1,b2)","[""a1"", ""b2""]","[""a1"", ""b2""]",2,d6eb42a953af1726,65ca8d06fa37ea3d,b5d1f15c17250b42,same,npn_b5d1f15c17250b42,6,source_graph_or_pi_replayable,evidence_advancement_v1
1accb8a77ddc5e1c,generated_adder_4,variants/generated_adder_4_original.blif,virtual_binary_cut,"and(a1,not(b2))","[""a1"", ""b2""]","[""a1"", ""b2""]",2,ff09d894301915ed,18a17e3c5b330b29,90f21496b5c851e8,same,npn_94de9e90e231b35b,6,source_graph_or_pi_replayable,evidence_advancement_v1
58406b9356ac0da2,generated_adder_4,variants/generated_adder_4_original.blif,virtual_binary_cut,"or(a1,not(b2))","[""a1"", ""b2""]","[""a1"", ""b2""]",2,e19984aaf2d4e2b1,335c19da0803d03f,2c24932e8e4ebc2f,inverted,npn_94de9e90e231b35b,6,source_graph_or_pi_replayable,evidence_advancement_v1
ae646dc5eb8877bc,generated_adder_4,variants/generated_adder_4_original.blif,virtual_binary_cut,"and(a1,b3)","[""a1"", ""b3""]","[""a1"", ""b3""]",2,805d9251141858dd,f49dc5c62733512e,94de9e90e231b35b,same,npn_94de9e90e231b35b,6,source_graph_or_pi_replayable,evidence_advancement_v1
2efcad80c0e5e14b,generated_adder_4,variants/generated_adder_4_original.blif,virtual_binary_cut,"or(a1,b3)","[""a1"", ""b3""]","[""a1"", ""b3""]",2,04e511cead215ef4,d5055912f2c9caff,c580333a48d30dad,same,npn_94de9e90e231b35b,6,source_graph_or_pi_replayable,evidence_advancement_v1
b128165eb03426d5,generated_adder_4,variants/generated_adder_4_original.blif,virtual_binary_cut,"xor(a1,b3)","[""a1"", ""b3""]","[""a1"", ""b3""]",2,75a7698c51f6c0c7,0ea04526e3ababdd,b5d1f15c17250b42,same,npn_b5d1f15c17250b42,6,source_graph_or_pi_replayable,evidence_advancement_v1
12c6a38a1393d5a8,generated_adder_4,variants/generated_adder_4_original.blif,virtual_binary_cut,"and(a1,not(b3))","[""a1"", ""b3""]","[""a1"", ""b3""]",2,a5007a17bbfc82b0,ea6d1e088c7873b6,90f21496b5c851e8,same,npn_94de9e90e231b35b,6,source_graph_or_pi_replayable,evidence_advancement_v1
4075bee893466cd8,generated_adder_4,variants/generated_adder_4_original.blif,virtual_binary_cut,"or(a1,not(b3))","[""a1"", ""b3""]","[""a1"", ""b3""]",2,65541b39d6e3e9e2,18862ca0244c7ee8,2c24932e8e4ebc2f,inverted,npn_94de9e90e231b35b,6,source_graph_or_pi_replayable,evidence_advancement_v1
aaf13e24832cef43,generated_adder_4,variants/generated_adder_4_original.blif,virtual_binary_cut,"and(a1,cin)","[""a1"", ""cin""]","[""a1"", ""cin""]",2,e4a10a184b6c79ae,4d941a520fb140a0,94de9e90e231b35b,same,npn_94de9e90e231b35b,6,source_graph_or_pi_replayable,evidence_advancement_v1
6a10b4977a4b9eee,generated_adder_4,variants/generated_adder_4_original.blif,virtual_binary_cut,"or(a1,cin)","[""a1"", ""cin""]","[""a1"", ""cin""]",2,f0f9aa724d6e5154,40f83daa10979f64,c580333a48d30dad,same,npn_94de9e90e231b35b,6,source_graph_or_pi_replayable,evidence_advancement_v1
1d99c770eadf45fa,generated_adder_4,variants/generated_adder_4_original.blif,virtual_binary_cut,"xor(a1,cin)","[""a1"", ""cin""]","[""a1"", ""cin""]",2,b87ec4dec2fb16df,ee3dc61cf18f7d37,b5d1f15c17250b42,same,npn_b5d1f15c17250b42,6,source_graph_or_pi_replayable,evidence_advancement_v1
219621b334951bc9,generated_adder_4,variants/generated_adder_4_original.blif,virtual_binary_cut,"and(a1,not(cin))","[""a1"", ""cin""]","[""a1"", ""cin""]",2,cdf09704c319b21c,bb659f8a605e487d,90f21496b5c851e8,same,npn_94de9e90e231b35b,6,source_graph_or_pi_replayable,evidence_advancement_v1
7f87b16a7f01c0df,generated_adder_4,variants/generated_adder_4_original.blif,virtual_binary_cut,"or(a1,not(cin))","[""a1"", ""cin""]","[""a1"", ""cin""]",2,d8168918ed35ca16,98ccb16d58c2865a,2c24932e8e4ebc2f,inverted,npn_94de9e90e231b35b,6,source_graph_or_pi_replayable,evidence_advancement_v1
b28c58392fc68c5b,generated_adder_4,variants/generated_adder_4_original.blif,virtual_binary_cut,"and(a1,new_n15)","[""a1"", ""new_n15""]","[""a0"", ""a1"", ""b0""]",3,e0589129066c00bc,1dc12681c51d1025,18025d3f5a1dde11,same,npn_24165068bb0dbfca,6,source_graph_or_pi_replayable,evidence_advancement_v1
425a0e1bb88b605a,generated_adder_4,variants/generated_adder_4_original.blif,virtual_binary_cut,"or(a1,new_n15)","[""a1"", ""new_n15""]","[""a0"", ""a1"", ""b0""]",3,996d9fba78f7e0c9,4b421134dec2e11c,44898ce7c9af7e76,same,npn_358a268fde92333a,6,source_graph_or_pi_replayable,evidence_advancement_v1
f3eb37fba7d387f6,generated_adder_4,variants/generated_adder_4_original.blif,virtual_binary_cut,"xor(a1,new_n15)","[""a1"", ""new_n15""]","[""a0"", ""a1"", ""b0""]",3,cfabc120b179a425,a3170f1d9c036f09,b17d45493ba3a535,same,npn_2e96a02abe3f2e05,6,source_graph_or_pi_replayable,evidence_advancement_v1
934e017eb0ca2e53,generated_adder_4,variants/generated_adder_4_original.blif,virtual_binary_cut,"and(a1,not(new_n15))","[""a1"", ""new_n15""]","[""a0"", ""a1"", ""b0""]",3,ca4d440c4b3fe418,624c4002b3bd08e4,69e480689c9b65d4,same,npn_358a268fde92333a,6,source_graph_or_pi_replayable,evidence_advancement_v1
83211ce29db12fdc,generated_adder_4,variants/generated_adder_4_original.blif,virtual_binary_cut,"or(a1,not(new_n15))","[""a1"", ""new_n15""]","[""a0"", ""a1"", ""b0""]",3,4a87ef979f4c9142,a0bd8622539c5595,0929086ae3553ffd,inverted,npn_24165068bb0dbfca,6,source_graph_or_pi_replayable,evidence_advancement_v1
324d387d011cacbc,generated_adder_4,variants/generated_adder_4_original.blif,virtual_binary_cut,"and(a1,new_n16)","[""a1"", ""new_n16""]","[""a0"", ""a1"", ""b0""]",3,4b814f1c267bb7f1,e88c7fa89392f095,9ebc1ab9a061b3d1,same,npn_24165068bb0dbfca,6,source_graph_or_pi_replayable,evidence_advancement_v1
628a91acf1032f54,generated_adder_4,variants/generated_adder_4_original.blif,virtual_binary_cut,"or(a1,new_n16)","[""a1"", ""new_n16""]","[""a0"", ""a1"", ""b0""]",3,94472ed0f4032173,094b96841d6cdb9d,1aebaf795db71de0,same,npn_358a268fde92333a,6,source_graph_or_pi_replayable,evidence_advancement_v1
3be3500bcbc8dcd9,generated_adder_4,variants/generated_adder_4_original.blif,virtual_binary_cut,"xor(a1,new_n16)","[""a1"", ""new_n16""]","[""a0"", ""a1"", ""b0""]",3,587dd195edbf608a,42060ca3872246ac,9ee371f053043597,same,npn_2e96a02abe3f2e05,6,source_graph_or_pi_replayable,evidence_advancement_v1
740479bbc7fa6b82,generated_adder_4,variants/generated_adder_4_original.blif,virtual_binary_cut,"and(a1,not(new_n16))","[""a1"", ""new_n16""]","[""a0"", ""a1"", ""b0""]",3,376570863997aef0,a523d81109a5d0b4,238d21d81a74d722,same,npn_358a268fde92333a,6,source_graph_or_pi_replayable,evidence_advancement_v1
aee543e07e04c34e,generated_adder_4,variants/generated_adder_4_original.blif,virtual_binary_cut,"or(a1,not(new_n16))","[""a1"", ""new_n16""]","[""a0"", ""a1"", ""b0""]",3,04f1ebc4c3b9b6dd,40dc5c39b7cb5845,7b4604b3e7ef53d3,inverted,npn_24165068bb0dbfca,6,source_graph_or_pi_replayable,evidence_advancement_v1
bd0fa435e35898e3,generated_adder_4,variants/generated_adder_4_original.blif,virtual_binary_cut,"and(a1,new_n17)","[""a1"", ""new_n17""]","[""a0"", ""a1"", ""b0""]",3,61114d9a220725bd,53fcd11ef66baaed,f349b8103440f38f,same,npn_c367d71c2eac76ee,6,source_graph_or_pi_replayable,evidence_advancement_v1
7aa23dc5fc2a3a91,generated_adder_4,variants/generated_adder_4_original.blif,virtual_binary_cut,"or(a1,new_n17)","[""a1"", ""new_n17""]","[""a0"", ""a1"", ""b0""]",3,b93cb587245db976,0bfc56468aa9102d,13b2d0b1cc3afd67,inverted,npn_c367d71c2eac76ee,6,source_graph_or_pi_replayable,evidence_advancement_v1
0f8f69b3b6fe23ab,generated_adder_4,variants/generated_adder_4_original.blif,virtual_binary_cut,"xor(a1,new_n17)","[""a1"", ""new_n17""]","[""a0"", ""a1"", ""b0""]",3,b62389394d6b5bcf,67723891964533ce,c2a6fb6a86cca609,inverted,npn_c2a6fb6a86cca609,6,source_graph_or_pi_replayable,evidence_advancement_v1
4f5fdcddd74486f8,generated_adder_4,variants/generated_adder_4_original.blif,virtual_binary_cut,"and(a1,not(new_n17))","[""a1"", ""new_n17""]","[""a0"", ""a1"", ""b0""]",3,b45fcd34e5210c13,73367c4d63945795,e502e9191e6ed303,same,npn_c367d71c2eac76ee,6,source_graph_or_pi_replayable,evidence_advancement_v1
1f296d84fca1f08c,generated_adder_4,variants/generated_adder_4_original.blif,virtual_binary_cut,"or(a1,not(new_n17))","[""a1"", ""new_n17""]","[""a0"", ""a1"", ""b0""]",3,fe55397a4ab214d2,7f56053b52d23edc,786379bfa9523fe4,same,npn_c367d71c2eac76ee,6,source_graph_or_pi_replayable,evidence_advancement_v1
1699582488c32dfd,generated_adder_4,variants/generated_adder_4_original.blif,virtual_binary_cut,"and(a1,new_n18)","[""a1"", ""new_n18""]","[""a0"", ""a1"", ""b0"", ""cin""]",4,9f912d30e186cc08,7827543ddfbed2a6,ae66fde2c66f2c8e,same,npn_f28639e5128f038a,6,source_graph_or_pi_replayable,evidence_advancement_v1
f3b6e60a7c72d9f7,generated_adder_4,variants/generated_adder_4_original.blif,virtual_binary_cut,"or(a1,new_n18)","[""a1"", ""new_n18""]","[""a0"", ""a1"", ""b0"", ""cin""]",4,afe613f902bf7d2d,0c74b63455f728bd,10589b5c1ca7840e,same,npn_7aebf1980f98e9c1,6,source_graph_or_pi_replayable,evidence_advancement_v1
4d192bf4e849df6a,generated_adder_4,variants/generated_adder_4_original.blif,virtual_binary_cut,"xor(a1,new_n18)","[""a1"", ""new_n18""]","[""a0"", ""a1"", ""b0"", ""cin""]",4,78f9c3d51f86f8f1,2db67c761675a6dc,70aea9fdf1fb55e2,same,npn_4a8b709ee8d01ac1,6,source_graph_or_pi_replayable,evidence_advancement_v1
a534b99f03a9fd12,generated_adder_4,variants/generated_adder_4_original.blif,virtual_binary_cut,"and(a1,not(new_n18))","[""a1"", ""new_n18""]","[""a0"", ""a1"", ""b0"", ""cin""]",4,a60ffb1cc86d322e,d09efb62b82475e1,6ea9c49408f79d32,same,npn_7aebf1980f98e9c1,6,source_graph_or_pi_replayable,evidence_advancement_v1
33c618ed07550bb5,generated_adder_4,variants/generated_adder_4_original.blif,virtual_binary_cut,"or(a1,not(new_n18))","[""a1"", ""new_n18""]","[""a0"", ""a1"", ""b0"", ""cin""]",4,9daf3ada27c39831,cd683689a7fd6e0a,9804703b0b98e9a4,inverted,npn_f28639e5128f038a,6,source_graph_or_pi_replayable,evidence_advancement_v1
acab0d244cadbdf0,generated_adder_4,variants/generated_adder_4_original.blif,virtual_binary_cut,"and(a1,new_n19)","[""a1"", ""new_n19""]","[""a0"", ""a1"", ""b0"", ""cin""]",4,ce6ce14cc17b847b,8c80a0222a8c68b6,2f3471faaae838d3,same,npn_f28639e5128f038a,6,source_graph_or_pi_replayable,evidence_advancement_v1
976822b59510f17d,generated_adder_4,variants/generated_adder_4_original.blif,virtual_binary_cut,"or(a1,new_n19)","[""a1"", ""new_n19""]","[""a0"", ""a1"", ""b0"", ""cin""]",4,3e70f76bc67e4fdc,cfa99771da1da834,d22eb1e5de0b3b16,same,npn_7aebf1980f98e9c1,6,source_graph_or_pi_replayable,evidence_advancement_v1
2cd56aa21f0f476b,generated_adder_4,variants/generated_adder_4_original.blif,virtual_binary_cut,"xor(a1,new_n19)","[""a1"", ""new_n19""]","[""a0"", ""a1"", ""b0"", ""cin""]",4,c7f3d635cd85865d,d7bcb1044f16024c,75cb73ccecb0db04,same,npn_4a8b709ee8d01ac1,6,source_graph_or_pi_replayable,evidence_advancement_v1
6e04dfee8c7c85a5,generated_adder_4,variants/generated_adder_4_original.blif,virtual_binary_cut,"and(a1,not(new_n19))","[""a1"", ""new_n19""]","[""a0"", ""a1"", ""b0"", ""cin""]",4,60a55ac9dcb7b564,779179b74551d466,76f4ab107c54375c,same,npn_7aebf1980f98e9c1,6,source_graph_or_pi_replayable,evidence_advancement_v1
3856889dde69cfa6,generated_adder_4,variants/generated_adder_4_original.blif,virtual_binary_cut,"or(a1,not(new_n19))","[""a1"", ""new_n19""]","[""a0"", ""a1"", ""b0"", ""cin""]",4,8434bcaba6d86366,3aa546e535050d17,10692068f3e43701,inverted,npn_f28639e5128f038a,6,source_graph_or_pi_replayable,evidence_advancement_v1
b0306b908f57b89d,generated_adder_4,variants/generated_adder_4_original.blif,virtual_binary_cut,"and(a1,sum0)","[""a1"", ""sum0""]","[""a0"", ""a1"", ""b0"", ""cin""]",4,d358bd63340e3846,c9425251cea3452f,66df15ee777b3293,same,npn_be72056a09c48c08,6,source_graph_or_pi_replayable,evidence_advancement_v1
1d557f2cd0790276,generated_adder_4,variants/generated_adder_4_original.blif,virtual_binary_cut,"or(a1,sum0)","[""a1"", ""sum0""]","[""a0"", ""a1"", ""b0"", ""cin""]",4,e6682da090669d58,4b8cec8521f5830e,40044ec469d86d05,same,npn_be72056a09c48c08,6,source_graph_or_pi_replayable,evidence_advancement_v1
bd3e883e732b5317,generated_adder_4,variants/generated_adder_4_original.blif,virtual_binary_cut,"xor(a1,sum0)","[""a1"", ""sum0""]","[""a0"", ""a1"", ""b0"", ""cin""]",4,f518f6b9e8d8ab11,7f798caea2d0a6af,026e83be1f6311ea,same,npn_026e83be1f6311ea,6,source_graph_or_pi_replayable,evidence_advancement_v1
d2d809295cbda992,generated_adder_4,variants/generated_adder_4_original.blif,virtual_binary_cut,"and(a1,not(sum0))","[""a1"", ""sum0""]","[""a0"", ""a1"", ""b0"", ""cin""]",4,c4e7f39bdb9a862f,7fc7ddbb2026fe49,387f2a0198a7d0d9,same,npn_be72056a09c48c08,6,source_graph_or_pi_replayable,evidence_advancement_v1
8d2828ff67195e82,generated_adder_4,variants/generated_adder_4_original.blif,virtual_binary_cut,"or(a1,not(sum0))","[""a1"", ""sum0""]","[""a0"", ""a1"", ""b0"", ""cin""]",4,e0bcfed8ab1b8e8a,72fc6b4e1fbd1344,0b5c8f7f8ad72475,inverted,npn_be72056a09c48c08,6,source_graph_or_pi_replayable,evidence_advancement_v1
1a6b50548e096e7b,generated_adder_4,variants/generated_adder_4_original.blif,virtual_binary_cut,"or(a1,new_n21)","[""a1"", ""new_n21""]","[""a1"", ""b1""]",2,995a550b79ac88fc,fe2890cae7d32999,f14e1817ec32b1b5,same,npn_6471b342ae3c3106,6,source_graph_or_pi_replayable,evidence_advancement_v1
02cf43e49676e94c,generated_adder_4,variants/generated_adder_4_original.blif,virtual_binary_cut,"or(a1,not(new_n21))","[""a1"", ""new_n21""]","[""a1"", ""b1""]",2,1913ee0cd120e492,3a27bb7a4a45f536,a90d007c2fc57df6,inverted,npn_a90d007c2fc57df6,6,source_graph_or_pi_replayable,evidence_advancement_v1
7fce2504358dfdd9,generated_adder_4,variants/generated_adder_4_original.blif,virtual_binary_cut,"xor(a1,new_n23)","[""a1"", ""new_n23""]","[""a1"", ""b1""]",2,d9abd5248af43296,bff1eac7f0c11aeb,6471b342ae3c3106,inverted,npn_6471b342ae3c3106,6,source_graph_or_pi_replayable,evidence_advancement_v1
d3df9b92a3bf87a9,generated_adder_4,variants/generated_adder_4_original.blif,virtual_binary_cut,"and(a1,new_n24)","[""a1"", ""new_n24""]","[""a0"", ""a1"", ""b0""]",3,27891a5ea763e857,f56d73a1d3d63a16,24165068bb0dbfca,same,npn_24165068bb0dbfca,6,source_graph_or_pi_replayable,evidence_advancement_v1
16b496a4172ca144,generated_adder_4,variants/generated_adder_4_original.blif,virtual_binary_cut,"or(a1,new_n24)","[""a1"", ""new_n24""]","[""a0"", ""a1"", ""b0""]",3,77d08b6556813769,f03b9f57d34d4b34,3b07b0bc23372d78,same,npn_358a268fde92333a,6,source_graph_or_pi_replayable,evidence_advancement_v1
0c6bae64ddb4c0eb,generated_adder_4,variants/generated_adder_4_original.blif,virtual_binary_cut,"xor(a1,new_n24)","[""a1"", ""new_n24""]","[""a0"", ""a1"", ""b0""]",3,88a76154f81bcc85,41c1e8f6e16ec862,b557e1bc282e341d,same,npn_2e96a02abe3f2e05,6,source_graph_or_pi_replayable,evidence_advancement_v1
156c7c0aab7a5f00,generated_adder_4,variants/generated_adder_4_original.blif,virtual_binary_cut,"and(a1,not(new_n24))","[""a1"", ""new_n24""]","[""a0"", ""a1"", ""b0""]",3,a52591bb1a143074,c016bfc4ea5a5ee8,4f60c46211bb6d37,same,npn_358a268fde92333a,6,source_graph_or_pi_replayable,evidence_advancement_v1
bfb22537348c4a51,generated_mux_tree_4,variants/generated_mux_tree_4_original.blif,pi_literal,d0,"[""d0""]","[""d0""]",1,726dd8f98b12efae,6524103438b4d8b7,923682bea6d517dc,same,npn_923682bea6d517dc,6,source_graph_or_pi_replayable,evidence_advancement_v1
d905e15bf97c60f4,generated_mux_tree_4,variants/generated_mux_tree_4_original.blif,pi_literal,d1,"[""d1""]","[""d1""]",1,8398858759fc9df2,48cdf83a2246e0fe,923682bea6d517dc,same,npn_923682bea6d517dc,6,source_graph_or_pi_replayable,evidence_advancement_v1
4eeba7f32ef0bac4,generated_mux_tree_4,variants/generated_mux_tree_4_original.blif,pi_literal,d2,"[""d2""]","[""d2""]",1,85c3187275602ffa,8c9b68c60d592e0b,923682bea6d517dc,same,npn_923682bea6d517dc,6,source_graph_or_pi_replayable,evidence_advancement_v1
b5b2af980c5a1cc5,generated_mux_tree_4,variants/generated_mux_tree_4_original.blif,pi_literal,d3,"[""d3""]","[""d3""]",1,4d53c73538284ff8,2d3d3636f414ad92,923682bea6d517dc,same,npn_923682bea6d517dc,6,source_graph_or_pi_replayable,evidence_advancement_v1
6e5b7e5de375bfe1,generated_mux_tree_4,variants/generated_mux_tree_4_original.blif,pi_literal,s0,"[""s0""]","[""s0""]",1,e8a68159f1fd8f98,04d5148edf57741e,923682bea6d517dc,same,npn_923682bea6d517dc,6,source_graph_or_pi_replayable,evidence_advancement_v1
9644b0fee3db1a77,generated_mux_tree_4,variants/generated_mux_tree_4_original.blif,pi_literal,s1,"[""s1""]","[""s1""]",1,4f096064c01a0302,a0bcfa1365d3ab07,923682bea6d517dc,same,npn_923682bea6d517dc,6,source_graph_or_pi_replayable,evidence_advancement_v1
f6dc0fcf7b18f244,generated_mux_tree_4,variants/generated_mux_tree_4_original.blif,source_node,new_n8,"[""new_n8""]","[""d2"", ""s1""]",2,d3996bfc63f41ed9,92a32f81fda7c6df,90f21496b5c851e8,same,npn_94de9e90e231b35b,6,source_graph_or_pi_replayable,evidence_advancement_v1
fff39dc0d2d81958,generated_mux_tree_4,variants/generated_mux_tree_4_original.blif,source_node,new_n9,"[""new_n9""]","[""d3"", ""s1""]",2,2a476990e493332a,dea0530aece31472,94de9e90e231b35b,same,npn_94de9e90e231b35b,6,source_graph_or_pi_replayable,evidence_advancement_v1
b1e72d11c90d81fd,generated_mux_tree_4,variants/generated_mux_tree_4_original.blif,source_node,new_n10,"[""new_n10""]","[""d2"", ""d3"", ""s1""]",3,1d0bf15a26fcad82,3834e74c50b20f9b,a741fe7677f235fb,inverted,npn_afbbb57e79223729,6,source_graph_or_pi_replayable,evidence_advancement_v1
23b54844fc32967d,generated_mux_tree_4,variants/generated_mux_tree_4_original.blif,source_node,new_n11,"[""new_n11""]","[""d0"", ""s1""]",2,fe971a02665cd405,73c6e05fd413ebb5,90f21496b5c851e8,same,npn_94de9e90e231b35b,6,source_graph_or_pi_replayable,evidence_advancement_v1
5073ec31d081c199,generated_mux_tree_4,variants/generated_mux_tree_4_original.blif,source_node,new_n12,"[""new_n12""]","[""d1"", ""s1""]",2,0a9ea4a42e340006,b1925e2c99d60556,94de9e90e231b35b,same,npn_94de9e90e231b35b,6,source_graph_or_pi_replayable,evidence_advancement_v1
2c199b192f8ff93d,generated_mux_tree_4,variants/generated_mux_tree_4_original.blif,source_node,new_n13,"[""new_n13""]","[""d0"", ""d1"", ""s1""]",3,9781b7772a6852aa,b03ae3ac330f2f19,a741fe7677f235fb,inverted,npn_afbbb57e79223729,6,source_graph_or_pi_replayable,evidence_advancement_v1
b417203f8a9813ec,generated_mux_tree_4,variants/generated_mux_tree_4_original.blif,source_node,new_n14,"[""new_n14""]","[""d0"", ""d1"", ""s0"", ""s1""]",4,3ddfe1b0d95b43cb,7b9fdfa8d688b4de,257b197960fb8ac1,same,npn_30bd548f77574dc9,6,source_graph_or_pi_replayable,evidence_advancement_v1
3552102d98aaaffe,generated_mux_tree_4,variants/generated_mux_tree_4_original.blif,source_node,new_n15,"[""new_n15""]","[""d2"", ""d3"", ""s0"", ""s1""]",4,72ad68e7cba684fa,44ae1914c6e713c3,3cfacb8c0da7a568,same,npn_30bd548f77574dc9,6,source_graph_or_pi_replayable,evidence_advancement_v1
2a0a4c5b6bdabf6f,generated_mux_tree_4,variants/generated_mux_tree_4_original.blif,source_node,out,"[""out""]","[""d0"", ""d1"", ""d2"", ""d3"", ""s0"", ""s1""]",6,a468c3cbaa891ad8,819a84e6a22e4bd4,a468c3cbaa891ad8,same,support_gt4,6,source_graph_or_pi_replayable,evidence_advancement_v1
512f24a14be08ec6,generated_mux_tree_4,variants/generated_mux_tree_4_original.blif,virtual_binary_cut,"and(d0,d1)","[""d0"", ""d1""]","[""d0"", ""d1""]",2,6fc803560280d695,8b8f5ba3b16bd2aa,94de9e90e231b35b,same,npn_94de9e90e231b35b,6,source_graph_or_pi_replayable,evidence_advancement_v1
f076a4544efeb880,generated_mux_tree_4,variants/generated_mux_tree_4_original.blif,virtual_binary_cut,"or(d0,d1)","[""d0"", ""d1""]","[""d0"", ""d1""]",2,7f2a224b86c3d0a3,af904b85987f33ca,c580333a48d30dad,same,npn_94de9e90e231b35b,6,source_graph_or_pi_replayable,evidence_advancement_v1
61ade718b0edbf0a,generated_mux_tree_4,variants/generated_mux_tree_4_original.blif,virtual_binary_cut,"xor(d0,d1)","[""d0"", ""d1""]","[""d0"", ""d1""]",2,085aa356f74f92e3,be96c603b2edadc3,b5d1f15c17250b42,same,npn_b5d1f15c17250b42,6,source_graph_or_pi_replayable,evidence_advancement_v1
508f383de5dd736d,generated_mux_tree_4,variants/generated_mux_tree_4_original.blif,virtual_binary_cut,"and(d0,not(d1))","[""d0"", ""d1""]","[""d0"", ""d1""]",2,c4d900b3a09392c2,b5dd918b55598c3c,90f21496b5c851e8,same,npn_94de9e90e231b35b,6,source_graph_or_pi_replayable,evidence_advancement_v1
c5eb1b5b3e0ae630,generated_mux_tree_4,variants/generated_mux_tree_4_original.blif,virtual_binary_cut,"or(d0,not(d1))","[""d0"", ""d1""]","[""d0"", ""d1""]",2,799cc6706f4df67a,8714e8cd3e4901ad,2c24932e8e4ebc2f,inverted,npn_94de9e90e231b35b,6,source_graph_or_pi_replayable,evidence_advancement_v1
92dd8e734da4df9d,generated_mux_tree_4,variants/generated_mux_tree_4_original.blif,virtual_binary_cut,"and(d0,d2)","[""d0"", ""d2""]","[""d0"", ""d2""]",2,6ee27ceb2b01f707,1580979cfc9a0449,94de9e90e231b35b,same,npn_94de9e90e231b35b,6,source_graph_or_pi_replayable,evidence_advancement_v1
3fe4ade5bb25aa75,generated_mux_tree_4,variants/generated_mux_tree_4_original.blif,virtual_binary_cut,"or(d0,d2)","[""d0"", ""d2""]","[""d0"", ""d2""]",2,cdff954a6c513554,1fa2faeba607d486,c580333a48d30dad,same,npn_94de9e90e231b35b,6,source_graph_or_pi_replayable,evidence_advancement_v1
c280515aa8b4bf8c,generated_mux_tree_4,variants/generated_mux_tree_4_original.blif,virtual_binary_cut,"xor(d0,d2)","[""d0"", ""d2""]","[""d0"", ""d2""]",2,0f8530fcf475aeb4,793fc0cde1935ce9,b5d1f15c17250b42,same,npn_b5d1f15c17250b42,6,source_graph_or_pi_replayable,evidence_advancement_v1
a2dbff5f9070f133,generated_mux_tree_4,variants/generated_mux_tree_4_original.blif,virtual_binary_cut,"and(d0,not(d2))","[""d0"", ""d2""]","[""d0"", ""d2""]",2,ac71c42670edc05f,c988aefa1b5a14dd,90f21496b5c851e8,same,npn_94de9e90e231b35b,6,source_graph_or_pi_replayable,evidence_advancement_v1
d5c5488552ab5afc,generated_mux_tree_4,variants/generated_mux_tree_4_original.blif,virtual_binary_cut,"or(d0,not(d2))","[""d0"", ""d2""]","[""d0"", ""d2""]",2,45285c6d52966f2e,a94c8523aaf15442,2c24932e8e4ebc2f,inverted,npn_94de9e90e231b35b,6,source_graph_or_pi_replayable,evidence_advancement_v1
dc888d82818337ca,generated_mux_tree_4,variants/generated_mux_tree_4_original.blif,virtual_binary_cut,"and(d0,d3)","[""d0"", ""d3""]","[""d0"", ""d3""]",2,dec8ee1686dddfc6,4c76a5529dfd5dff,94de9e90e231b35b,same,npn_94de9e90e231b35b,6,source_graph_or_pi_replayable,evidence_advancement_v1
1d87a0c63d7f1866,generated_mux_tree_4,variants/generated_mux_tree_4_original.blif,virtual_binary_cut,"or(d0,d3)","[""d0"", ""d3""]","[""d0"", ""d3""]",2,bc4c4958aa53bd3e,5ddd3bf3cb351fe0,c580333a48d30dad,same,npn_94de9e90e231b35b,6,source_graph_or_pi_replayable,evidence_advancement_v1
5787ec55db80ecbc,generated_mux_tree_4,variants/generated_mux_tree_4_original.blif,virtual_binary_cut,"xor(d0,d3)","[""d0"", ""d3""]","[""d0"", ""d3""]",2,87bb33d567b40057,1303e84105593487,b5d1f15c17250b42,same,npn_b5d1f15c17250b42,6,source_graph_or_pi_replayable,evidence_advancement_v1
5fdc5a980de57006,generated_mux_tree_4,variants/generated_mux_tree_4_original.blif,virtual_binary_cut,"and(d0,not(d3))","[""d0"", ""d3""]","[""d0"", ""d3""]",2,71531080e3f0bbd2,43f202a81a5f2754,90f21496b5c851e8,same,npn_94de9e90e231b35b,6,source_graph_or_pi_replayable,evidence_advancement_v1
5514dd76aa95b7fd,generated_mux_tree_4,variants/generated_mux_tree_4_original.blif,virtual_binary_cut,"or(d0,not(d3))","[""d0"", ""d3""]","[""d0"", ""d3""]",2,a275e8cb817e0eb8,5e8f5addec7c5d85,2c24932e8e4ebc2f,inverted,npn_94de9e90e231b35b,6,source_graph_or_pi_replayable,evidence_advancement_v1
b52159aca1748b90,generated_mux_tree_4,variants/generated_mux_tree_4_original.blif,virtual_binary_cut,"and(d0,s0)","[""d0"", ""s0""]","[""d0"", ""s0""]",2,baa258dbe4b73848,e931e5c40aeafbd5,94de9e90e231b35b,same,npn_94de9e90e231b35b,6,source_graph_or_pi_replayable,evidence_advancement_v1
27a262782b9cc1b5,generated_mux_tree_4,variants/generated_mux_tree_4_original.blif,virtual_binary_cut,"or(d0,s0)","[""d0"", ""s0""]","[""d0"", ""s0""]",2,84503c36c4a18a0d,f98fcc4a843055d0,c580333a48d30dad,same,npn_94de9e90e231b35b,6,source_graph_or_pi_replayable,evidence_advancement_v1
e952fbe7721c11e8,generated_mux_tree_4,variants/generated_mux_tree_4_original.blif,virtual_binary_cut,"xor(d0,s0)","[""d0"", ""s0""]","[""d0"", ""s0""]",2,ca0d68ca107595af,011823a9de587ca1,b5d1f15c17250b42,same,npn_b5d1f15c17250b42,6,source_graph_or_pi_replayable,evidence_advancement_v1
0b07ab178c38629b,generated_mux_tree_4,variants/generated_mux_tree_4_original.blif,virtual_binary_cut,"and(d0,not(s0))","[""d0"", ""s0""]","[""d0"", ""s0""]",2,ba554c4cc4280859,5b0c8adef842d968,90f21496b5c851e8,same,npn_94de9e90e231b35b,6,source_graph_or_pi_replayable,evidence_advancement_v1
d062d14333d6155e,generated_mux_tree_4,variants/generated_mux_tree_4_original.blif,virtual_binary_cut,"or(d0,not(s0))","[""d0"", ""s0""]","[""d0"", ""s0""]",2,20b8650b43a3702c,bcb390a7295e118a,2c24932e8e4ebc2f,inverted,npn_94de9e90e231b35b,6,source_graph_or_pi_replayable,evidence_advancement_v1
66a904dfed98a08b,generated_mux_tree_4,variants/generated_mux_tree_4_original.blif,virtual_binary_cut,"and(d0,s1)","[""d0"", ""s1""]","[""d0"", ""s1""]",2,62eb7cb458fe179c,410357c1eb153851,94de9e90e231b35b,same,npn_94de9e90e231b35b,6,source_graph_or_pi_replayable,evidence_advancement_v1
334673c7ef6d15b3,generated_mux_tree_4,variants/generated_mux_tree_4_original.blif,virtual_binary_cut,"or(d0,s1)","[""d0"", ""s1""]","[""d0"", ""s1""]",2,6b5b7647deb0f366,3764e64754da52c0,c580333a48d30dad,same,npn_94de9e90e231b35b,6,source_graph_or_pi_replayable,evidence_advancement_v1
747be4801c325c82,generated_mux_tree_4,variants/generated_mux_tree_4_original.blif,virtual_binary_cut,"xor(d0,s1)","[""d0"", ""s1""]","[""d0"", ""s1""]",2,d43285c985818204,16dcbd61419cd0e8,b5d1f15c17250b42,same,npn_b5d1f15c17250b42,6,source_graph_or_pi_replayable,evidence_advancement_v1
383d867b24586392,generated_mux_tree_4,variants/generated_mux_tree_4_original.blif,virtual_binary_cut,"and(d0,not(s1))","[""d0"", ""s1""]","[""d0"", ""s1""]",2,fe971a02665cd405,73c6e05fd413ebb5,90f21496b5c851e8,same,npn_94de9e90e231b35b,6,source_graph_or_pi_replayable,evidence_advancement_v1
228b0376a1291507,generated_mux_tree_4,variants/generated_mux_tree_4_original.blif,virtual_binary_cut,"or(d0,not(s1))","[""d0"", ""s1""]","[""d0"", ""s1""]",2,90a59ef741026b78,db27e821bde492b9,2c24932e8e4ebc2f,inverted,npn_94de9e90e231b35b,6,source_graph_or_pi_replayable,evidence_advancement_v1
31f1175bdce9bbc0,generated_mux_tree_4,variants/generated_mux_tree_4_original.blif,virtual_binary_cut,"and(d0,new_n8)","[""d0"", ""new_n8""]","[""d0"", ""d2"", ""s1""]",3,af615083159087a0,8712b1b02b643fba,18025d3f5a1dde11,same,npn_24165068bb0dbfca,6,source_graph_or_pi_replayable,evidence_advancement_v1
ff8dbc2e2e269773,generated_mux_tree_4,variants/generated_mux_tree_4_original.blif,virtual_binary_cut,"or(d0,new_n8)","[""d0"", ""new_n8""]","[""d0"", ""d2"", ""s1""]",3,7395e55d40c47e04,06cbebbf5a9ffdb9,ae302d946b055aeb,same,npn_358a268fde92333a,6,source_graph_or_pi_replayable,evidence_advancement_v1
eed54e9217561bb0,generated_mux_tree_4,variants/generated_mux_tree_4_original.blif,virtual_binary_cut,"xor(d0,new_n8)","[""d0"", ""new_n8""]","[""d0"", ""d2"", ""s1""]",3,fa78823982f3bb8e,547426c17e1bbe1b,62ad13d001efd14a,same,npn_2e96a02abe3f2e05,6,source_graph_or_pi_replayable,evidence_advancement_v1
0efdb951ca55f5a3,generated_mux_tree_4,variants/generated_mux_tree_4_original.blif,virtual_binary_cut,"and(d0,not(new_n8))","[""d0"", ""new_n8""]","[""d0"", ""d2"", ""s1""]",3,2fdc269c978e126c,e316fd194bf5baa0,d91fd2902f08ff9c,same,npn_358a268fde92333a,6,source_graph_or_pi_replayable,evidence_advancement_v1
360e3712bc2ba823,generated_mux_tree_4,variants/generated_mux_tree_4_original.blif,virtual_binary_cut,"or(d0,not(new_n8))","[""d0"", ""new_n8""]","[""d0"", ""d2"", ""s1""]",3,1b2791c9eb5fd761,7292ecb267676a2a,00e3755f7c92db5f,inverted,npn_24165068bb0dbfca,6,source_graph_or_pi_replayable,evidence_advancement_v1
4e6471d557fdc00c,generated_mux_tree_4,variants/generated_mux_tree_4_original.blif,virtual_binary_cut,"and(d0,new_n9)","[""d0"", ""new_n9""]","[""d0"", ""d3"", ""s1""]",3,354ca13f69c4009a,0c11dbcd7d2aabe5,24165068bb0dbfca,same,npn_24165068bb0dbfca,6,source_graph_or_pi_replayable,evidence_advancement_v1
f2497998e103dea4,generated_mux_tree_4,variants/generated_mux_tree_4_original.blif,virtual_binary_cut,"or(d0,new_n9)","[""d0"", ""new_n9""]","[""d0"", ""d3"", ""s1""]",3,1f68e94bde382ee8,fce0bf5527c85f92,2d3d88fc9460d408,same,npn_358a268fde92333a,6,source_graph_or_pi_replayable,evidence_advancement_v1
eea98057c3f96ddd,generated_mux_tree_4,variants/generated_mux_tree_4_original.blif,virtual_binary_cut,"xor(d0,new_n9)","[""d0"", ""new_n9""]","[""d0"", ""d3"", ""s1""]",3,d4ef1e2279ec6d33,7740bac5e674371a,60196d9c90521e9d,same,npn_2e96a02abe3f2e05,6,source_graph_or_pi_replayable,evidence_advancement_v1
b6e8c7d9187119d0,generated_mux_tree_4,variants/generated_mux_tree_4_original.blif,virtual_binary_cut,"and(d0,not(new_n9))","[""d0"", ""new_n9""]","[""d0"", ""d3"", ""s1""]",3,0db22a9a59bf8daf,81e76ba3f91be64f,86541bc0ebd49ad1,same,npn_358a268fde92333a,6,source_graph_or_pi_replayable,evidence_advancement_v1
1740b0fda0e3891c,generated_mux_tree_4,variants/generated_mux_tree_4_original.blif,virtual_binary_cut,"or(d0,not(new_n9))","[""d0"", ""new_n9""]","[""d0"", ""d3"", ""s1""]",3,67290e10aaf010a9,6c5405b57650a0a0,9ebc1ab9a061b3d1,inverted,npn_24165068bb0dbfca,6,source_graph_or_pi_replayable,evidence_advancement_v1
a0527b99180547d1,generated_mux_tree_4,variants/generated_mux_tree_4_original.blif,virtual_binary_cut,"and(d0,new_n10)","[""d0"", ""new_n10""]","[""d0"", ""d2"", ""d3"", ""s1""]",4,7561d90b4ab2b5a9,0f7a84ac37ce07dc,de77117a23989d55,same,npn_30bd548f77574dc9,6,source_graph_or_pi_replayable,evidence_advancement_v1
da31d212c243ced1,generated_mux_tree_4,variants/generated_mux_tree_4_original.blif,virtual_binary_cut,"or(d0,new_n10)","[""d0"", ""new_n10""]","[""d0"", ""d2"", ""d3"", ""s1""]",4,d4d0a2c4c50223f7,29ec7085722d5634,d9f23e4a29601433,inverted,npn_30bd548f77574dc9,6,source_graph_or_pi_replayable,evidence_advancement_v1
3200176ab8f6f31e,generated_mux_tree_4,variants/generated_mux_tree_4_original.blif,virtual_binary_cut,"xor(d0,new_n10)","[""d0"", ""new_n10""]","[""d0"", ""d2"", ""d3"", ""s1""]",4,4007d3227da4e16e,d8751995fc1f4ef5,4aa1699fb12f3540,inverted,npn_3e802cd916fdb092,6,source_graph_or_pi_replayable,evidence_advancement_v1
41f9df1c1f11b02c,generated_mux_tree_4,variants/generated_mux_tree_4_original.blif,virtual_binary_cut,"and(d0,not(new_n10))","[""d0"", ""new_n10""]","[""d0"", ""d2"", ""d3"", ""s1""]",4,f09a86760b20115f,97972a50789be03d,a8286fb241928ee2,same,npn_30bd548f77574dc9,6,source_graph_or_pi_replayable,evidence_advancement_v1
ff9e985a63be5770,generated_mux_tree_4,variants/generated_mux_tree_4_original.blif,virtual_binary_cut,"or(d0,not(new_n10))","[""d0"", ""new_n10""]","[""d0"", ""d2"", ""d3"", ""s1""]",4,4a41dab17fe2b84f,5bba472b9eec9997,79e8680c5a9a1a49,same,npn_30bd548f77574dc9,6,source_graph_or_pi_replayable,evidence_advancement_v1
70dca35171b7b140,generated_mux_tree_4,variants/generated_mux_tree_4_original.blif,virtual_binary_cut,"or(d0,new_n11)","[""d0"", ""new_n11""]","[""d0"", ""s1""]",2,726dd8f98b12efae,6524103438b4d8b7,f14e1817ec32b1b5,same,npn_6471b342ae3c3106,6,source_graph_or_pi_replayable,evidence_advancement_v1
8e157ad2333db273,generated_mux_tree_4,variants/generated_mux_tree_4_original.blif,virtual_binary_cut,"or(d0,not(new_n11))","[""d0"", ""new_n11""]","[""d0"", ""s1""]",2,8a229fc420eeaba6,76b25cdd1535b0bb,a90d007c2fc57df6,inverted,npn_a90d007c2fc57df6,6,source_graph_or_pi_replayable,evidence_advancement_v1
614b2ee7a88189bb,generated_mux_tree_4,variants/generated_mux_tree_4_original.blif,virtual_binary_cut,"and(d0,new_n12)","[""d0"", ""new_n12""]","[""d0"", ""d1"", ""s1""]",3,f0f992dbccee6514,3d6e5353830fe7d7,24165068bb0dbfca,same,npn_24165068bb0dbfca,6,source_graph_or_pi_replayable,evidence_advancement_v1
98fb825627039452,generated_mux_tree_4,variants/generated_mux_tree_4_original.blif,virtual_binary_cut,"or(d0,new_n12)","[""d0"", ""new_n12""]","[""d0"", ""d1"", ""s1""]",3,e8ba98b1b8774701,e28b08952c3b90f3,2d3d88fc9460d408,same,npn_358a268fde92333a,6,source_graph_or_pi_replayable,evidence_advancement_v1
a2230633c2260eed,generated_mux_tree_4,variants/generated_mux_tree_4_original.blif,virtual_binary_cut,"xor(d0,new_n12)","[""d0"", ""new_n12""]","[""d0"", ""d1"", ""s1""]",3,151a3b41d59e65ab,a7dcc2e950a6620c,60196d9c90521e9d,same,npn_2e96a02abe3f2e05,6,source_graph_or_pi_replayable,evidence_advancement_v1
b81cb7c52b9836fc,generated_mux_tree_4,variants/generated_mux_tree_4_original.blif,virtual_binary_cut,"and(d0,not(new_n12))","[""d0"", ""new_n12""]","[""d0"", ""d1"", ""s1""]",3,0277cb7db5349e15,5e44e084d3acb24d,86541bc0ebd49ad1,same,npn_358a268fde92333a,6,source_graph_or_pi_replayable,evidence_advancement_v1
a082297e5e4943d6,generated_mux_tree_4,variants/generated_mux_tree_4_original.blif,virtual_binary_cut,"or(d0,not(new_n12))","[""d0"", ""new_n12""]","[""d0"", ""d1"", ""s1""]",3,81b79970f449f9fd,895f714dbee55f0d,9ebc1ab9a061b3d1,inverted,npn_24165068bb0dbfca,6,source_graph_or_pi_replayable,evidence_advancement_v1
7eeec8d992d8bf83,generated_mux_tree_4,variants/generated_mux_tree_4_original.blif,virtual_binary_cut,"and(d0,new_n13)","[""d0"", ""new_n13""]","[""d0"", ""d1"", ""s1""]",3,3b72f975f252b1c0,c5d397ba16c9b0a9,afe6407a40ccdeab,same,npn_24165068bb0dbfca,6,source_graph_or_pi_replayable,evidence_advancement_v1
b393d9da79384d8e,generated_mux_tree_4,variants/generated_mux_tree_4_original.blif,virtual_binary_cut,"xor(d0,new_n13)","[""d0"", ""new_n13""]","[""d0"", ""d1"", ""s1""]",3,29714a46f373cbc3,1b0c78147847c8f0,c367d71c2eac76ee,inverted,npn_c367d71c2eac76ee,6,source_graph_or_pi_replayable,evidence_advancement_v1
16106e08c7d8ef69,generated_mux_tree_4,variants/generated_mux_tree_4_original.blif,virtual_binary_cut,"and(d0,not(new_n13))","[""d0"", ""new_n13""]","[""d0"", ""d1"", ""s1""]",3,f02a19d26b621e3e,e2917635cec69070,532ea7da4c9b5dcf,same,npn_358a268fde92333a,6,source_graph_or_pi_replayable,evidence_advancement_v1
4c6b53eb29b8e92e,generated_mux_tree_4,variants/generated_mux_tree_4_original.blif,virtual_binary_cut,"and(d0,new_n14)","[""d0"", ""new_n14""]","[""d0"", ""d1"", ""s0"", ""s1""]",4,4f8ae89a049e1f3b,7fef600f435f8901,e8d4b745855ab23f,same,npn_4cb7b108633f5b15,6,source_graph_or_pi_replayable,evidence_advancement_v1
ea5052eace0c9a19,generated_mux_tree_4,variants/generated_mux_tree_4_original.blif,virtual_binary_cut,"or(d0,new_n14)","[""d0"", ""new_n14""]","[""d0"", ""d1"", ""s0"", ""s1""]",4,8147729ab2aa68b0,a2b28a21e32838fe,1449b13af86188f6,same,npn_f1cbb1cabe729e74,6,source_graph_or_pi_replayable,evidence_advancement_v1
8e4c80040407162d,generated_mux_tree_4,variants/generated_mux_tree_4_original.blif,virtual_binary_cut,"xor(d0,new_n14)","[""d0"", ""new_n14""]","[""d0"", ""d1"", ""s0"", ""s1""]",4,e68389ccd7c871e5,209ea2e138605b69,44b3839d3a5d7eb5,same,npn_f869abedc012cfa4,6,source_graph_or_pi_replayable,evidence_advancement_v1
9d84beb179d094d1,generated_mux_tree_4,variants/generated_mux_tree_4_original.blif,virtual_binary_cut,"and(d0,not(new_n14))","[""d0"", ""new_n14""]","[""d0"", ""d1"", ""s0"", ""s1""]",4,4f921f718d9ec180,8527e15d2f1178ef,81c908ef8f41a406,same,npn_6fab987dd9725aac,6,source_graph_or_pi_replayable,evidence_advancement_v1
ddeba08d58bdb528,generated_mux_tree_4,variants/generated_mux_tree_4_original.blif,virtual_binary_cut,"or(d0,not(new_n14))","[""d0"", ""new_n14""]","[""d0"", ""d1"", ""s0"", ""s1""]",4,3f1506be538173c0,c710c641e2bc19d1,d70688b68979f120,inverted,npn_027d5cd13197e7fe,6,source_graph_or_pi_replayable,evidence_advancement_v1
371557dc69706cf6,generated_mux_tree_4,variants/generated_mux_tree_4_original.blif,virtual_binary_cut,"and(d0,new_n15)","[""d0"", ""new_n15""]","[""d0"", ""d2"", ""d3"", ""s0"", ""s1""]",5,6515bdc65d2b4ac4,1961a1f3d7197ae1,1e748c29a8a9ba94,same,support_gt4,6,source_graph_or_pi_replayable,evidence_advancement_v1
7e69f961986cdd7f,generated_mux_tree_4,variants/generated_mux_tree_4_original.blif,virtual_binary_cut,"or(d0,new_n15)","[""d0"", ""new_n15""]","[""d0"", ""d2"", ""d3"", ""s0"", ""s1""]",5,a8f5343da7f6661d,177b304111d3e22a,a0560211cb1ba0b0,same,support_gt4,6,source_graph_or_pi_replayable,evidence_advancement_v1
6e01a0e72993f200,generated_mux_tree_4,variants/generated_mux_tree_4_original.blif,virtual_binary_cut,"xor(d0,new_n15)","[""d0"", ""new_n15""]","[""d0"", ""d2"", ""d3"", ""s0"", ""s1""]",5,bcbb7bc420bc6ac3,8ddb1ba69516fa37,893b32d2f4711a58,same,support_gt4,6,source_graph_or_pi_replayable,evidence_advancement_v1
6ded11786a335aed,generated_mux_tree_4,variants/generated_mux_tree_4_original.blif,virtual_binary_cut,"and(d0,not(new_n15))","[""d0"", ""new_n15""]","[""d0"", ""d2"", ""d3"", ""s0"", ""s1""]",5,d4bf407332f35082,a897a84510457731,5fc826568874324f,same,support_gt4,6,source_graph_or_pi_replayable,evidence_advancement_v1
438a5dc703a65df5,generated_mux_tree_4,variants/generated_mux_tree_4_original.blif,virtual_binary_cut,"or(d0,not(new_n15))","[""d0"", ""new_n15""]","[""d0"", ""d2"", ""d3"", ""s0"", ""s1""]",5,13b71290ea521703,347e7e352645b6e4,8708c65e734e6b4b,inverted,support_gt4,6,source_graph_or_pi_replayable,evidence_advancement_v1
cd174af348f53ea2,generated_mux_tree_4,variants/generated_mux_tree_4_original.blif,virtual_binary_cut,"and(d0,out)","[""d0"", ""out""]","[""d0"", ""d1"", ""d2"", ""d3"", ""s0"", ""s1""]",6,1188675d1ebe4e4b,fe86796599b7d930,1188675d1ebe4e4b,same,support_gt4,6,source_graph_or_pi_replayable,evidence_advancement_v1
015862f4d7301943,generated_mux_tree_4,variants/generated_mux_tree_4_original.blif,virtual_binary_cut,"or(d0,out)","[""d0"", ""out""]","[""d0"", ""d1"", ""d2"", ""d3"", ""s0"", ""s1""]",6,61fd0036c0eba71c,0b4314d189a44f27,61fd0036c0eba71c,same,support_gt4,6,source_graph_or_pi_replayable,evidence_advancement_v1
6e6c8b5289aa4138,generated_mux_tree_4,variants/generated_mux_tree_4_original.blif,virtual_binary_cut,"xor(d0,out)","[""d0"", ""out""]","[""d0"", ""d1"", ""d2"", ""d3"", ""s0"", ""s1""]",6,80dc0114bc5108d3,b09b5ade49ac4174,80dc0114bc5108d3,same,support_gt4,6,source_graph_or_pi_replayable,evidence_advancement_v1
9c69fc73eab905a0,generated_mux_tree_4,variants/generated_mux_tree_4_original.blif,virtual_binary_cut,"and(d0,not(out))","[""d0"", ""out""]","[""d0"", ""d1"", ""d2"", ""d3"", ""s0"", ""s1""]",6,6a8bf231b814a513,830b66579858cad6,6a8bf231b814a513,same,support_gt4,6,source_graph_or_pi_replayable,evidence_advancement_v1
7df08c3510b568cf,generated_mux_tree_4,variants/generated_mux_tree_4_original.blif,virtual_binary_cut,"or(d0,not(out))","[""d0"", ""out""]","[""d0"", ""d1"", ""d2"", ""d3"", ""s0"", ""s1""]",6,62b0ba13e8fb47f9,7814f85fa87a7eca,7814f85fa87a7eca,inverted,support_gt4,6,source_graph_or_pi_replayable,evidence_advancement_v1
a0af0192a5692ba3,generated_mux_tree_4,variants/generated_mux_tree_4_original.blif,virtual_binary_cut,"and(d1,d2)","[""d1"", ""d2""]","[""d1"", ""d2""]",2,c53810a5f40feda2,c96441a1a8f6b9f5,94de9e90e231b35b,same,npn_94de9e90e231b35b,6,source_graph_or_pi_replayable,evidence_advancement_v1
b1822636ce96fdac,generated_mux_tree_4,variants/generated_mux_tree_4_original.blif,virtual_binary_cut,"or(d1,d2)","[""d1"", ""d2""]","[""d1"", ""d2""]",2,e36072d0b2ac5268,20a7614be868c84a,c580333a48d30dad,same,npn_94de9e90e231b35b,6,source_graph_or_pi_replayable,evidence_advancement_v1
61314cd8b9e62a4a,generated_mux_tree_4,variants/generated_mux_tree_4_original.blif,virtual_binary_cut,"xor(d1,d2)","[""d1"", ""d2""]","[""d1"", ""d2""]",2,9a182e5d22b7865e,7a84d43963912176,b5d1f15c17250b42,same,npn_b5d1f15c17250b42,6,source_graph_or_pi_replayable,evidence_advancement_v1
67a616990b097291,generated_mux_tree_4,variants/generated_mux_tree_4_original.blif,virtual_binary_cut,"and(d1,not(d2))","[""d1"", ""d2""]","[""d1"", ""d2""]",2,4274a408c520ff16,ab013f0b221492e3,90f21496b5c851e8,same,npn_94de9e90e231b35b,6,source_graph_or_pi_replayable,evidence_advancement_v1
3ad1e68a40c30927,generated_mux_tree_4,variants/generated_mux_tree_4_original.blif,virtual_binary_cut,"or(d1,not(d2))","[""d1"", ""d2""]","[""d1"", ""d2""]",2,7df80e1cfffdca19,e86772c5f45b0aba,2c24932e8e4ebc2f,inverted,npn_94de9e90e231b35b,6,source_graph_or_pi_replayable,evidence_advancement_v1
8018ab25b16ecfbd,generated_mux_tree_4,variants/generated_mux_tree_4_original.blif,virtual_binary_cut,"and(d1,d3)","[""d1"", ""d3""]","[""d1"", ""d3""]",2,2cec5589aefef1ce,439d260721bdb300,94de9e90e231b35b,same,npn_94de9e90e231b35b,6,source_graph_or_pi_replayable,evidence_advancement_v1
d3f92c49a3c6bf2c,generated_mux_tree_4,variants/generated_mux_tree_4_original.blif,virtual_binary_cut,"or(d1,d3)","[""d1"", ""d3""]","[""d1"", ""d3""]",2,59aaab405788e396,ea1a0bac1aa80b12,c580333a48d30dad,same,npn_94de9e90e231b35b,6,source_graph_or_pi_replayable,evidence_advancement_v1
f1cbe46ff883ea7b,generated_mux_tree_4,variants/generated_mux_tree_4_original.blif,virtual_binary_cut,"xor(d1,d3)","[""d1"", ""d3""]","[""d1"", ""d3""]",2,e7a2514ea98a272b,be50dd8f5e4b030f,b5d1f15c17250b42,same,npn_b5d1f15c17250b42,6,source_graph_or_pi_replayable,evidence_advancement_v1
3482634f1e80b73f,generated_mux_tree_4,variants/generated_mux_tree_4_original.blif,virtual_binary_cut,"and(d1,not(d3))","[""d1"", ""d3""]","[""d1"", ""d3""]",2,b26d342d8fb3f65f,5a6c4a34fa84524f,90f21496b5c851e8,same,npn_94de9e90e231b35b,6,source_graph_or_pi_replayable,evidence_advancement_v1
f69e5cc246dbf444,generated_mux_tree_4,variants/generated_mux_tree_4_original.blif,virtual_binary_cut,"or(d1,not(d3))","[""d1"", ""d3""]","[""d1"", ""d3""]",2,b8f1b2c0c2e1f4a1,1f9d05dcb7f7ac6b,2c24932e8e4ebc2f,inverted,npn_94de9e90e231b35b,6,source_graph_or_pi_replayable,evidence_advancement_v1
a3f0bb1640380c5a,generated_mux_tree_4,variants/generated_mux_tree_4_original.blif,virtual_binary_cut,"and(d1,s0)","[""d1"", ""s0""]","[""d1"", ""s0""]",2,d5fe59caaaf3b432,cb6651e70950fcf2,94de9e90e231b35b,same,npn_94de9e90e231b35b,6,source_graph_or_pi_replayable,evidence_advancement_v1
465aea833a0bad85,generated_mux_tree_4,variants/generated_mux_tree_4_original.blif,virtual_binary_cut,"or(d1,s0)","[""d1"", ""s0""]","[""d1"", ""s0""]",2,ac43cdfdae7bbd6d,1b52440017581c24,c580333a48d30dad,same,npn_94de9e90e231b35b,6,source_graph_or_pi_replayable,evidence_advancement_v1
aaf9bbc4a82fc806,generated_mux_tree_4,variants/generated_mux_tree_4_original.blif,virtual_binary_cut,"xor(d1,s0)","[""d1"", ""s0""]","[""d1"", ""s0""]",2,1f645351ae000114,8187a1c0f90446e1,b5d1f15c17250b42,same,npn_b5d1f15c17250b42,6,source_graph_or_pi_replayable,evidence_advancement_v1
a6f79464c49fac80,generated_mux_tree_4,variants/generated_mux_tree_4_original.blif,virtual_binary_cut,"and(d1,not(s0))","[""d1"", ""s0""]","[""d1"", ""s0""]",2,f3d4c1a45244c3f0,4bf5f3d2b22c8a7d,90f21496b5c851e8,same,npn_94de9e90e231b35b,6,source_graph_or_pi_replayable,evidence_advancement_v1
d00086d099cdcba5,generated_mux_tree_4,variants/generated_mux_tree_4_original.blif,virtual_binary_cut,"or(d1,not(s0))","[""d1"", ""s0""]","[""d1"", ""s0""]",2,c379ba615944f35e,684a2f2be42d654c,2c24932e8e4ebc2f,inverted,npn_94de9e90e231b35b,6,source_graph_or_pi_replayable,evidence_advancement_v1
f747a4864744c9d1,generated_mux_tree_4,variants/generated_mux_tree_4_original.blif,virtual_binary_cut,"and(d1,s1)","[""d1"", ""s1""]","[""d1"", ""s1""]",2,0a9ea4a42e340006,b1925e2c99d60556,94de9e90e231b35b,same,npn_94de9e90e231b35b,6,source_graph_or_pi_replayable,evidence_advancement_v1
185782d56c32be11,generated_mux_tree_4,variants/generated_mux_tree_4_original.blif,virtual_binary_cut,"or(d1,s1)","[""d1"", ""s1""]","[""d1"", ""s1""]",2,d1b33c89ce26f69e,f84357025b55ac5e,c580333a48d30dad,same,npn_94de9e90e231b35b,6,source_graph_or_pi_replayable,evidence_advancement_v1
5e8b11672132c209,generated_mux_tree_4,variants/generated_mux_tree_4_original.blif,virtual_binary_cut,"xor(d1,s1)","[""d1"", ""s1""]","[""d1"", ""s1""]",2,57cf7c0b153bf211,70df9b2c432fd390,b5d1f15c17250b42,same,npn_b5d1f15c17250b42,6,source_graph_or_pi_replayable,evidence_advancement_v1
add863458db8660b,generated_mux_tree_4,variants/generated_mux_tree_4_original.blif,virtual_binary_cut,"and(d1,not(s1))","[""d1"", ""s1""]","[""d1"", ""s1""]",2,093d15f1ad6668bf,62420715f331d768,90f21496b5c851e8,same,npn_94de9e90e231b35b,6,source_graph_or_pi_replayable,evidence_advancement_v1
4655be3fe3303949,generated_mux_tree_4,variants/generated_mux_tree_4_original.blif,virtual_binary_cut,"or(d1,not(s1))","[""d1"", ""s1""]","[""d1"", ""s1""]",2,5b5e41c040ad4691,645cbc78d7169af2,2c24932e8e4ebc2f,inverted,npn_94de9e90e231b35b,6,source_graph_or_pi_replayable,evidence_advancement_v1
34340f8e18a2b450,generated_mux_tree_4,variants/generated_mux_tree_4_original.blif,virtual_binary_cut,"and(d1,new_n8)","[""d1"", ""new_n8""]","[""d1"", ""d2"", ""s1""]",3,1a3672605c884948,5de677f58a76c192,18025d3f5a1dde11,same,npn_24165068bb0dbfca,6,source_graph_or_pi_replayable,evidence_advancement_v1
136eece5bf51d500,generated_mux_tree_4,variants/generated_mux_tree_4_original.blif,virtual_binary_cut,"or(d1,new_n8)","[""d1"", ""new_n8""]","[""d1"", ""d2"", ""s1""]",3,abdfff1cd3e75fb6,2f690843bf9b6fd9,ae302d946b055aeb,same,npn_358a268fde92333a,6,source_graph_or_pi_replayable,evidence_advancement_v1
be7bc6985b5ffea5,generated_mux_tree_4,variants/generated_mux_tree_4_original.blif,virtual_binary_cut,"xor(d1,new_n8)","[""d1"", ""new_n8""]","[""d1"", ""d2"", ""s1""]",3,f3fb4ee72584ffb6,dd8820db12cd0317,62ad13d001efd14a,same,npn_2e96a02abe3f2e05,6,source_graph_or_pi_replayable,evidence_advancement_v1
0e3c5b4888987ad9,generated_mux_tree_4,variants/generated_mux_tree_4_original.blif,virtual_binary_cut,"and(d1,not(new_n8))","[""d1"", ""new_n8""]","[""d1"", ""d2"", ""s1""]",3,a309eedf30cf25d5,32e8b4e933642d80,d91fd2902f08ff9c,same,npn_358a268fde92333a,6,source_graph_or_pi_replayable,evidence_advancement_v1
210bc2afe2f749d9,generated_mux_tree_4,variants/generated_mux_tree_4_original.blif,virtual_binary_cut,"or(d1,not(new_n8))","[""d1"", ""new_n8""]","[""d1"", ""d2"", ""s1""]",3,b3c5407f5adc7fbe,e7fb002ba30cf46d,00e3755f7c92db5f,inverted,npn_24165068bb0dbfca,6,source_graph_or_pi_replayable,evidence_advancement_v1
d5e25696e8d8caec,generated_mux_tree_4,variants/generated_mux_tree_4_original.blif,virtual_binary_cut,"and(d1,new_n9)","[""d1"", ""new_n9""]","[""d1"", ""d3"", ""s1""]",3,1a1a32adffe4bfbc,0e9c588fe6c4f5a1,24165068bb0dbfca,same,npn_24165068bb0dbfca,6,source_graph_or_pi_replayable,evidence_advancement_v1
1b5bc960feef3bff,generated_mux_tree_4,variants/generated_mux_tree_4_original.blif,virtual_binary_cut,"or(d1,new_n9)","[""d1"", ""new_n9""]","[""d1"", ""d3"", ""s1""]",3,a48e50ebda4b8e7c,d05f32b6378deccf,2d3d88fc9460d408,same,npn_358a268fde92333a,6,source_graph_or_pi_replayable,evidence_advancement_v1
c390278791193426,generated_mux_tree_4,variants/generated_mux_tree_4_original.blif,virtual_binary_cut,"xor(d1,new_n9)","[""d1"", ""new_n9""]","[""d1"", ""d3"", ""s1""]",3,d2a24457a7ab8d2d,12c804070a7fc9be,60196d9c90521e9d,same,npn_2e96a02abe3f2e05,6,source_graph_or_pi_replayable,evidence_advancement_v1
49f843bf81850c4f,generated_mux_tree_4,variants/generated_mux_tree_4_original.blif,virtual_binary_cut,"and(d1,not(new_n9))","[""d1"", ""new_n9""]","[""d1"", ""d3"", ""s1""]",3,279aad37879cd04e,438eb21296fdd086,86541bc0ebd49ad1,same,npn_358a268fde92333a,6,source_graph_or_pi_replayable,evidence_advancement_v1
5d80d0158ac18788,generated_mux_tree_4,variants/generated_mux_tree_4_original.blif,virtual_binary_cut,"or(d1,not(new_n9))","[""d1"", ""new_n9""]","[""d1"", ""d3"", ""s1""]",3,6adc84bc73d29721,7baf48777baa9ab2,9ebc1ab9a061b3d1,inverted,npn_24165068bb0dbfca,6,source_graph_or_pi_replayable,evidence_advancement_v1
46fc88c912c6a84c,generated_mux_tree_4,variants/generated_mux_tree_4_original.blif,virtual_binary_cut,"and(d1,new_n10)","[""d1"", ""new_n10""]","[""d1"", ""d2"", ""d3"", ""s1""]",4,2d312b21a31b7d8d,05a98a5ae7f6bf0b,de77117a23989d55,same,npn_30bd548f77574dc9,6,source_graph_or_pi_replayable,evidence_advancement_v1
5ef9010ffba2fcaa,generated_mux_tree_4,variants/generated_mux_tree_4_original.blif,virtual_binary_cut,"or(d1,new_n10)","[""d1"", ""new_n10""]","[""d1"", ""d2"", ""d3"", ""s1""]",4,53f6039e81e00227,37ba6e1019d419f0,d9f23e4a29601433,inverted,npn_30bd548f77574dc9,6,source_graph_or_pi_replayable,evidence_advancement_v1
3a3e1858cd61feb6,generated_mux_tree_4,variants/generated_mux_tree_4_original.blif,virtual_binary_cut,"xor(d1,new_n10)","[""d1"", ""new_n10""]","[""d1"", ""d2"", ""d3"", ""s1""]",4,6e5c186d930cf10c,15e003c21f34b4ba,4aa1699fb12f3540,inverted,npn_3e802cd916fdb092,6,source_graph_or_pi_replayable,evidence_advancement_v1
cb6e92af461ae6ee,generated_mux_tree_4,variants/generated_mux_tree_4_original.blif,virtual_binary_cut,"and(d1,not(new_n10))","[""d1"", ""new_n10""]","[""d1"", ""d2"", ""d3"", ""s1""]",4,149a081e818abcbf,e266df7da30bbffe,a8286fb241928ee2,same,npn_30bd548f77574dc9,6,source_graph_or_pi_replayable,evidence_advancement_v1
e936df9d5d4c0f59,generated_mux_tree_4,variants/generated_mux_tree_4_original.blif,virtual_binary_cut,"or(d1,not(new_n10))","[""d1"", ""new_n10""]","[""d1"", ""d2"", ""d3"", ""s1""]",4,2c5540e1426b94a6,54267c54ca95207f,79e8680c5a9a1a49,same,npn_30bd548f77574dc9,6,source_graph_or_pi_replayable,evidence_advancement_v1
892f6aa1eea19ad8,generated_mux_tree_4,variants/generated_mux_tree_4_original.blif,virtual_binary_cut,"and(d1,new_n11)","[""d1"", ""new_n11""]","[""d0"", ""d1"", ""s1""]",3,1ef607c5803fea34,4e136e117e9bd4dc,18025d3f5a1dde11,same,npn_24165068bb0dbfca,6,source_graph_or_pi_replayable,evidence_advancement_v1
fa08fc579b4c795d,generated_mux_tree_4,variants/generated_mux_tree_4_original.blif,virtual_binary_cut,"or(d1,new_n11)","[""d1"", ""new_n11""]","[""d0"", ""d1"", ""s1""]",3,04e9fa95f06c5e08,6b5bcd7f75d11395,44898ce7c9af7e76,same,npn_358a268fde92333a,6,source_graph_or_pi_replayable,evidence_advancement_v1
8ed48a1072944996,generated_mux_tree_4,variants/generated_mux_tree_4_original.blif,virtual_binary_cut,"xor(d1,new_n11)","[""d1"", ""new_n11""]","[""d0"", ""d1"", ""s1""]",3,d55caaef636f2abe,0135a83acdddab71,b17d45493ba3a535,same,npn_2e96a02abe3f2e05,6,source_graph_or_pi_replayable,evidence_advancement_v1
75d0844268c3d830,generated_mux_tree_4,variants/generated_mux_tree_4_original.blif,virtual_binary_cut,"and(d1,not(new_n11))","[""d1"", ""new_n11""]","[""d0"", ""d1"", ""s1""]",3,47b9a1768fcaa24b,f94ace4046350557,69e480689c9b65d4,same,npn_358a268fde92333a,6,source_graph_or_pi_replayable,evidence_advancement_v1
e2597849c3505f66,generated_mux_tree_4,variants/generated_mux_tree_4_original.blif,virtual_binary_cut,"or(d1,not(new_n11))","[""d1"", ""new_n11""]","[""d0"", ""d1"", ""s1""]",3,0df9c5d7c4dfa874,490ea19f947a68c8,0929086ae3553ffd,inverted,npn_24165068bb0dbfca,6,source_graph_or_pi_replayable,evidence_advancement_v1
fccd17764e5b4512,generated_mux_tree_4,variants/generated_mux_tree_4_original.blif,virtual_binary_cut,"or(d1,new_n12)","[""d1"", ""new_n12""]","[""d1"", ""s1""]",2,8398858759fc9df2,48cdf83a2246e0fe,f14e1817ec32b1b5,same,npn_6471b342ae3c3106,6,source_graph_or_pi_replayable,evidence_advancement_v1
e582e58492cd8580,generated_mux_tree_4,variants/generated_mux_tree_4_original.blif,virtual_binary_cut,"or(d1,not(new_n12))","[""d1"", ""new_n12""]","[""d1"", ""s1""]",2,8a229fc420eeaba6,76b25cdd1535b0bb,a90d007c2fc57df6,inverted,npn_a90d007c2fc57df6,6,source_graph_or_pi_replayable,evidence_advancement_v1
9554b1528e9e60aa,generated_mux_tree_4,variants/generated_mux_tree_4_original.blif,virtual_binary_cut,"and(d1,new_n13)","[""d1"", ""new_n13""]","[""d0"", ""d1"", ""s1""]",3,c2976df8ca8cfa74,7d155e2766d6d96d,00e3755f7c92db5f,same,npn_24165068bb0dbfca,6,source_graph_or_pi_replayable,evidence_advancement_v1
80626fd04318c439,generated_mux_tree_4,variants/generated_mux_tree_4_original.blif,virtual_binary_cut,"xor(d1,new_n13)","[""d1"", ""new_n13""]","[""d0"", ""d1"", ""s1""]",3,b5f0bf24ad0b7792,a09ba5ba66bfeb2c,7f94ec8202b0598d,inverted,npn_c367d71c2eac76ee,6,source_graph_or_pi_replayable,evidence_advancement_v1
65619ea4b926216b,generated_mux_tree_4,variants/generated_mux_tree_4_original.blif,virtual_binary_cut,"and(d1,not(new_n13))","[""d1"", ""new_n13""]","[""d0"", ""d1"", ""s1""]",3,816fcf8987504769,017b6d6d3d7b7cac,dc3cd88779d423cd,same,npn_358a268fde92333a,6,source_graph_or_pi_replayable,evidence_advancement_v1
569182fa01cd39c6,generated_mux_tree_4,variants/generated_mux_tree_4_original.blif,virtual_binary_cut,"and(d1,new_n14)","[""d1"", ""new_n14""]","[""d0"", ""d1"", ""s0"", ""s1""]",4,044454b2e0f9e989,98e422bb71a02fdc,e99495b27d0da7dc,same,npn_4cb7b108633f5b15,6,source_graph_or_pi_replayable,evidence_advancement_v1
090a588635fdbff3,generated_mux_tree_4,variants/generated_mux_tree_4_original.blif,virtual_binary_cut,"or(d1,new_n14)","[""d1"", ""new_n14""]","[""d0"", ""d1"", ""s0"", ""s1""]",4,0aa7567fe5a4f041,f6db7620000cfd29,cfd13a3d8da99e86,same,npn_f1cbb1cabe729e74,6,source_graph_or_pi_replayable,evidence_advancement_v1
994c5bb14b5236ca,generated_mux_tree_4,variants/generated_mux_tree_4_original.blif,virtual_binary_cut,"xor(d1,new_n14)","[""d1"", ""new_n14""]","[""d0"", ""d1"", ""s0"", ""s1""]",4,0743b9e1adbd2245,b9c2d35c0e137615,730104e8c96d2fd3,same,npn_f869abedc012cfa4,6,source_graph_or_pi_replayable,evidence_advancement_v1
eccda8201f94cd64,generated_mux_tree_4,variants/generated_mux_tree_4_original.blif,virtual_binary_cut,"and(d1,not(new_n14))","[""d1"", ""new_n14""]","[""d0"", ""d1"", ""s0"", ""s1""]",4,bd6e7e8c454393c0,570735c3c295f81f,7ded1445d6e1b962,same,npn_6fab987dd9725aac,6,source_graph_or_pi_replayable,evidence_advancement_v1
30d3b7e1dfdadcdd,generated_mux_tree_4,variants/generated_mux_tree_4_original.blif,virtual_binary_cut,"or(d1,not(new_n14))","[""d1"", ""new_n14""]","[""d0"", ""d1"", ""s0"", ""s1""]",4,15771ac36ea8f108,bd2fd59d35445a3a,64856d4dfcb289f6,inverted,npn_027d5cd13197e7fe,6,source_graph_or_pi_replayable,evidence_advancement_v1
7fd49794cb823cc4,generated_mux_tree_4,variants/generated_mux_tree_4_original.blif,virtual_binary_cut,"and(d1,new_n15)","[""d1"", ""new_n15""]","[""d1"", ""d2"", ""d3"", ""s0"", ""s1""]",5,f5709ed81691edc9,82778c6ce425b006,1e748c29a8a9ba94,same,support_gt4,6,source_graph_or_pi_replayable,evidence_advancement_v1
dbe3de09642eddf0,generated_mux_tree_4,variants/generated_mux_tree_4_original.blif,virtual_binary_cut,"or(d1,new_n15)","[""d1"", ""new_n15""]","[""d1"", ""d2"", ""d3"", ""s0"", ""s1""]",5,f310865a4099a912,34b5ef22401a069a,a0560211cb1ba0b0,same,support_gt4,6,source_graph_or_pi_replayable,evidence_advancement_v1
2734311ba246d81a,generated_mux_tree_4,variants/generated_mux_tree_4_original.blif,virtual_binary_cut,"xor(d1,new_n15)","[""d1"", ""new_n15""]","[""d1"", ""d2"", ""d3"", ""s0"", ""s1""]",5,19a1a520f979eed2,a4f58b8a2e4b647c,893b32d2f4711a58,same,support_gt4,6,source_graph_or_pi_replayable,evidence_advancement_v1
a1ea8d929ea9e4eb,generated_mux_tree_4,variants/generated_mux_tree_4_original.blif,virtual_binary_cut,"and(d1,not(new_n15))","[""d1"", ""new_n15""]","[""d1"", ""d2"", ""d3"", ""s0"", ""s1""]",5,88636631ccd92460,54aba658960dfcc9,5fc826568874324f,same,support_gt4,6,source_graph_or_pi_replayable,evidence_advancement_v1
9d68778347db81c2,generated_mux_tree_4,variants/generated_mux_tree_4_original.blif,virtual_binary_cut,"or(d1,not(new_n15))","[""d1"", ""new_n15""]","[""d1"", ""d2"", ""d3"", ""s0"", ""s1""]",5,66247da81c2eb9a6,e173b434eb653318,8708c65e734e6b4b,inverted,support_gt4,6,source_graph_or_pi_replayable,evidence_advancement_v1
d26f66952d000600,generated_mux_tree_4,variants/generated_mux_tree_4_original.blif,virtual_binary_cut,"and(d1,out)","[""d1"", ""out""]","[""d0"", ""d1"", ""d2"", ""d3"", ""s0"", ""s1""]",6,05452372a642aadd,dbedc3c55fa639aa,05452372a642aadd,same,support_gt4,6,source_graph_or_pi_replayable,evidence_advancement_v1
0e6c50d42b7e30c9,generated_mux_tree_4,variants/generated_mux_tree_4_original.blif,virtual_binary_cut,"or(d1,out)","[""d1"", ""out""]","[""d0"", ""d1"", ""d2"", ""d3"", ""s0"", ""s1""]",6,664b570055acca38,0917b9cc7ca72afe,664b570055acca38,same,support_gt4,6,source_graph_or_pi_replayable,evidence_advancement_v1
e40593d2204a4d2c,generated_mux_tree_4,variants/generated_mux_tree_4_original.blif,virtual_binary_cut,"xor(d1,out)","[""d1"", ""out""]","[""d0"", ""d1"", ""d2"", ""d3"", ""s0"", ""s1""]",6,7a95ef964777a8b6,5b276243c48f4cfe,7a95ef964777a8b6,same,support_gt4,6,source_graph_or_pi_replayable,evidence_advancement_v1
4fbae70226bc5546,generated_mux_tree_4,variants/generated_mux_tree_4_original.blif,virtual_binary_cut,"and(d1,not(out))","[""d1"", ""out""]","[""d0"", ""d1"", ""d2"", ""d3"", ""s0"", ""s1""]",6,31e76cf78e1f2948,fc0685c66a9a85e6,31e76cf78e1f2948,same,support_gt4,6,source_graph_or_pi_replayable,evidence_advancement_v1
349903970573372f,generated_mux_tree_4,variants/generated_mux_tree_4_original.blif,virtual_binary_cut,"or(d1,not(out))","[""d1"", ""out""]","[""d0"", ""d1"", ""d2"", ""d3"", ""s0"", ""s1""]",6,0665fd3125fb7484,7bea5a795b4477a5,7bea5a795b4477a5,inverted,support_gt4,6,source_graph_or_pi_replayable,evidence_advancement_v1
4a5946c5c6aeb93e,generated_mux_tree_4,variants/generated_mux_tree_4_original.blif,virtual_binary_cut,"and(d2,d3)","[""d2"", ""d3""]","[""d2"", ""d3""]",2,fb0867b9939a2368,03e942da9a20f924,94de9e90e231b35b,same,npn_94de9e90e231b35b,6,source_graph_or_pi_replayable,evidence_advancement_v1
042859525fe6e79c,generated_mux_tree_4,variants/generated_mux_tree_4_original.blif,virtual_binary_cut,"or(d2,d3)","[""d2"", ""d3""]","[""d2"", ""d3""]",2,4eaf43761984990f,a8e2a7757449dc29,c580333a48d30dad,same,npn_94de9e90e231b35b,6,source_graph_or_pi_replayable,evidence_advancement_v1
e6592ce07acfaa5e,generated_mux_tree_4,variants/generated_mux_tree_4_original.blif,virtual_binary_cut,"xor(d2,d3)","[""d2"", ""d3""]","[""d2"", ""d3""]",2,06500c24af7b1a52,154f701fcdbff7d3,b5d1f15c17250b42,same,npn_b5d1f15c17250b42,6,source_graph_or_pi_replayable,evidence_advancement_v1
968ed0ab0ba58f34,generated_mux_tree_4,variants/generated_mux_tree_4_original.blif,virtual_binary_cut,"and(d2,not(d3))","[""d2"", ""d3""]","[""d2"", ""d3""]",2,1d2e2845b02fb996,f44455437e4cb9cb,90f21496b5c851e8,same,npn_94de9e90e231b35b,6,source_graph_or_pi_replayable,evidence_advancement_v1
1a27cced4ed0c46a,generated_mux_tree_4,variants/generated_mux_tree_4_original.blif,virtual_binary_cut,"or(d2,not(d3))","[""d2"", ""d3""]","[""d2"", ""d3""]",2,3eedfe8db053c22b,8e435cc1b57b75e9,2c24932e8e4ebc2f,inverted,npn_94de9e90e231b35b,6,source_graph_or_pi_replayable,evidence_advancement_v1
5181d14323863169,generated_mux_tree_4,variants/generated_mux_tree_4_original.blif,virtual_binary_cut,"and(d2,s0)","[""d2"", ""s0""]","[""d2"", ""s0""]",2,3fe31e5a152fc090,e1610a07467e2f7e,94de9e90e231b35b,same,npn_94de9e90e231b35b,6,source_graph_or_pi_replayable,evidence_advancement_v1
3ae4187757f630a7,generated_mux_tree_4,variants/generated_mux_tree_4_original.blif,virtual_binary_cut,"or(d2,s0)","[""d2"", ""s0""]","[""d2"", ""s0""]",2,e4d04f864553a5cb,1e4f0592b7b7cd90,c580333a48d30dad,same,npn_94de9e90e231b35b,6,source_graph_or_pi_replayable,evidence_advancement_v1
17420a06662e5e63,generated_mux_tree_4,variants/generated_mux_tree_4_original.blif,virtual_binary_cut,"xor(d2,s0)","[""d2"", ""s0""]","[""d2"", ""s0""]",2,d9fc22b8d82f8ba8,4fcc7ba7e9b80105,b5d1f15c17250b42,same,npn_b5d1f15c17250b42,6,source_graph_or_pi_replayable,evidence_advancement_v1
b2027482473acc9b,generated_mux_tree_4,variants/generated_mux_tree_4_original.blif,virtual_binary_cut,"and(d2,not(s0))","[""d2"", ""s0""]","[""d2"", ""s0""]",2,e2d621d9735dbe26,a57da1a32000befe,90f21496b5c851e8,same,npn_94de9e90e231b35b,6,source_graph_or_pi_replayable,evidence_advancement_v1
38888704736ecb8a,generated_mux_tree_4,variants/generated_mux_tree_4_original.blif,virtual_binary_cut,"or(d2,not(s0))","[""d2"", ""s0""]","[""d2"", ""s0""]",2,3cbe476f06c27e54,a337dc5459290991,2c24932e8e4ebc2f,inverted,npn_94de9e90e231b35b,6,source_graph_or_pi_replayable,evidence_advancement_v1
b37a8cef6d293265,generated_mux_tree_4,variants/generated_mux_tree_4_original.blif,virtual_binary_cut,"and(d2,s1)","[""d2"", ""s1""]","[""d2"", ""s1""]",2,d679b9841ae9e715,4a92a71eec2304f5,94de9e90e231b35b,same,npn_94de9e90e231b35b,6,source_graph_or_pi_replayable,evidence_advancement_v1
dbc52605892a27e3,generated_mux_tree_4,variants/generated_mux_tree_4_original.blif,virtual_binary_cut,"or(d2,s1)","[""d2"", ""s1""]","[""d2"", ""s1""]",2,cc7c61cfebbdba84,1bc1c395d61603c2,c580333a48d30dad,same,npn_94de9e90e231b35b,6,source_graph_or_pi_replayable,evidence_advancement_v1
c112edc44a9b9222,generated_mux_tree_4,variants/generated_mux_tree_4_original.blif,virtual_binary_cut,"xor(d2,s1)","[""d2"", ""s1""]","[""d2"", ""s1""]",2,b544f9b5b072ed12,f7b0f039d3bcdc28,b5d1f15c17250b42,same,npn_b5d1f15c17250b42,6,source_graph_or_pi_replayable,evidence_advancement_v1
823b0710998f9524,generated_mux_tree_4,variants/generated_mux_tree_4_original.blif,virtual_binary_cut,"and(d2,not(s1))","[""d2"", ""s1""]","[""d2"", ""s1""]",2,d3996bfc63f41ed9,92a32f81fda7c6df,90f21496b5c851e8,same,npn_94de9e90e231b35b,6,source_graph_or_pi_replayable,evidence_advancement_v1
5b8fc2f9356aa4b9,generated_mux_tree_4,variants/generated_mux_tree_4_original.blif,virtual_binary_cut,"or(d2,not(s1))","[""d2"", ""s1""]","[""d2"", ""s1""]",2,2b5c2990357a7bf2,586340d9471360c1,2c24932e8e4ebc2f,inverted,npn_94de9e90e231b35b,6,source_graph_or_pi_replayable,evidence_advancement_v1
48d4b2d177dd0bbf,generated_mux_tree_4,variants/generated_mux_tree_4_original.blif,virtual_binary_cut,"or(d2,new_n8)","[""d2"", ""new_n8""]","[""d2"", ""s1""]",2,85c3187275602ffa,8c9b68c60d592e0b,f14e1817ec32b1b5,same,npn_6471b342ae3c3106,6,source_graph_or_pi_replayable,evidence_advancement_v1
c396d1a9eab90045,generated_mux_tree_4,variants/generated_mux_tree_4_original.blif,virtual_binary_cut,"or(d2,not(new_n8))","[""d2"", ""new_n8""]","[""d2"", ""s1""]",2,8a229fc420eeaba6,76b25cdd1535b0bb,a90d007c2fc57df6,inverted,npn_a90d007c2fc57df6,6,source_graph_or_pi_replayable,evidence_advancement_v1
76406aa0fb2ea092,generated_mux_tree_4,variants/generated_mux_tree_4_original.blif,virtual_binary_cut,"and(d2,new_n9)","[""d2"", ""new_n9""]","[""d2"", ""d3"", ""s1""]",3,e36126d21329c400,fa23146d52b7a477,24165068bb0dbfca,same,npn_24165068bb0dbfca,6,source_graph_or_pi_replayable,evidence_advancement_v1
60dea97590df101e,generated_mux_tree_4,variants/generated_mux_tree_4_original.blif,virtual_binary_cut,"or(d2,new_n9)","[""d2"", ""new_n9""]","[""d2"", ""d3"", ""s1""]",3,13f544866c0d6ea0,248d6991c9859bfa,2d3d88fc9460d408,same,npn_358a268fde92333a,6,source_graph_or_pi_replayable,evidence_advancement_v1
47f3ed8aada96d91,generated_mux_tree_4,variants/generated_mux_tree_4_original.blif,virtual_binary_cut,"xor(d2,new_n9)","[""d2"", ""new_n9""]","[""d2"", ""d3"", ""s1""]",3,0febed45052c74a8,290165737990d8fd,60196d9c90521e9d,same,npn_2e96a02abe3f2e05,6,source_graph_or_pi_replayable,evidence_advancement_v1
caf9863c274df33e,generated_mux_tree_4,variants/generated_mux_tree_4_original.blif,virtual_binary_cut,"and(d2,not(new_n9))","[""d2"", ""new_n9""]","[""d2"", ""d3"", ""s1""]",3,0c60753c219a6062,aadbdbe977691256,86541bc0ebd49ad1,same,npn_358a268fde92333a,6,source_graph_or_pi_replayable,evidence_advancement_v1
8eeed8e1e9dfc3f2,generated_mux_tree_4,variants/generated_mux_tree_4_original.blif,virtual_binary_cut,"or(d2,not(new_n9))","[""d2"", ""new_n9""]","[""d2"", ""d3"", ""s1""]",3,082bdd7d9274bc3c,3ab085a3087f4a23,9ebc1ab9a061b3d1,inverted,npn_24165068bb0dbfca,6,source_graph_or_pi_replayable,evidence_advancement_v1
e2dc0071df023ba2,generated_mux_tree_4,variants/generated_mux_tree_4_original.blif,virtual_binary_cut,"and(d2,new_n10)","[""d2"", ""new_n10""]","[""d2"", ""d3"", ""s1""]",3,81f27b202b64442a,807aac33862abe88,afe6407a40ccdeab,same,npn_24165068bb0dbfca,6,source_graph_or_pi_replayable,evidence_advancement_v1
12022d3250fa5f92,generated_mux_tree_4,variants/generated_mux_tree_4_original.blif,virtual_binary_cut,"xor(d2,new_n10)","[""d2"", ""new_n10""]","[""d2"", ""d3"", ""s1""]",3,680b2875dd3d9352,eb053354c9bc22da,c367d71c2eac76ee,inverted,npn_c367d71c2eac76ee,6,source_graph_or_pi_replayable,evidence_advancement_v1
4b47cc5053dc3270,generated_mux_tree_4,variants/generated_mux_tree_4_original.blif,virtual_binary_cut,"and(d2,not(new_n10))","[""d2"", ""new_n10""]","[""d2"", ""d3"", ""s1""]",3,8c17e0b6a475cc0f,f88cf36afaec3a64,532ea7da4c9b5dcf,same,npn_358a268fde92333a,6,source_graph_or_pi_replayable,evidence_advancement_v1
53dde1778861bf57,generated_mux_tree_4,variants/generated_mux_tree_4_original.blif,virtual_binary_cut,"or(d2,new_n11)","[""d2"", ""new_n11""]","[""d0"", ""d2"", ""s1""]",3,7fe47d3a8b8d73ff,424ae47a078ad3f9,44898ce7c9af7e76,same,npn_358a268fde92333a,6,source_graph_or_pi_replayable,evidence_advancement_v1
e80df4bc88a41790,generated_mux_tree_4,variants/generated_mux_tree_4_original.blif,virtual_binary_cut,"xor(d2,new_n11)","[""d2"", ""new_n11""]","[""d0"", ""d2"", ""s1""]",3,b40a83d26c35c99b,4074048820679fd4,b17d45493ba3a535,same,npn_2e96a02abe3f2e05,6,source_graph_or_pi_replayable,evidence_advancement_v1
463a5843686c157e,generated_mux_tree_4,variants/generated_mux_tree_4_original.blif,virtual_binary_cut,"and(d2,not(new_n11))","[""d2"", ""new_n11""]","[""d0"", ""d2"", ""s1""]",3,3bf847ab4fdff8da,427edf50f0869766,69e480689c9b65d4,same,npn_358a268fde92333a,6,source_graph_or_pi_replayable,evidence_advancement_v1
f8016f0718a0e6fd,generated_mux_tree_4,variants/generated_mux_tree_4_original.blif,virtual_binary_cut,"or(d2,not(new_n11))","[""d2"", ""new_n11""]","[""d0"", ""d2"", ""s1""]",3,3ea0061e17793acd,5777d9e512b95bc6,0929086ae3553ffd,inverted,npn_24165068bb0dbfca,6,source_graph_or_pi_replayable,evidence_advancement_v1
fd792e8c86307388,generated_mux_tree_4,variants/generated_mux_tree_4_original.blif,virtual_binary_cut,"and(d2,new_n12)","[""d2"", ""new_n12""]","[""d1"", ""d2"", ""s1""]",3,9b2fd6b475049cbd,186deef0838e7d04,24165068bb0dbfca,same,npn_24165068bb0dbfca,6,source_graph_or_pi_replayable,evidence_advancement_v1
3cfb9f9cd65d7dd7,generated_mux_tree_4,variants/generated_mux_tree_4_original.blif,virtual_binary_cut,"or(d2,new_n12)","[""d2"", ""new_n12""]","[""d1"", ""d2"", ""s1""]",3,eccc2b4433cba760,9ed01a0d5e9f3918,3b07b0bc23372d78,same,npn_358a268fde92333a,6,source_graph_or_pi_replayable,evidence_advancement_v1
73ae3b330f75c99c,generated_mux_tree_4,variants/generated_mux_tree_4_original.blif,virtual_binary_cut,"xor(d2,new_n12)","[""d2"", ""new_n12""]","[""d1"", ""d2"", ""s1""]",3,277449c36839c324,97579dee9a31a557,b557e1bc282e341d,same,npn_2e96a02abe3f2e05,6,source_graph_or_pi_replayable,evidence_advancement_v1
2c9d4b6dda18ed76,generated_mux_tree_4,variants/generated_mux_tree_4_original.blif,virtual_binary_cut,"and(d2,not(new_n12))","[""d2"", ""new_n12""]","[""d1"", ""d2"", ""s1""]",3,c8ba2185f5f312f3,c53d86b739d326ad,4f60c46211bb6d37,same,npn_358a268fde92333a,6,source_graph_or_pi_replayable,evidence_advancement_v1
435f128aa4e600bc,generated_mux_tree_4,variants/generated_mux_tree_4_original.blif,virtual_binary_cut,"or(d2,not(new_n12))","[""d2"", ""new_n12""]","[""d1"", ""d2"", ""s1""]",3,bdb3452095038068,a2428e6a93478cef,afe6407a40ccdeab,inverted,npn_24165068bb0dbfca,6,source_graph_or_pi_replayable,evidence_advancement_v1
0a3478cb3281931f,generated_mux_tree_4,variants/generated_mux_tree_4_original.blif,virtual_binary_cut,"and(d2,new_n13)","[""d2"", ""new_n13""]","[""d0"", ""d1"", ""d2"", ""s1""]",4,36579265163d9ec2,f11763a3abfea7c4,9fd74df112806313,same,npn_30bd548f77574dc9,6,source_graph_or_pi_replayable,evidence_advancement_v1
ca595cc39c1ada4e,generated_mux_tree_4,variants/generated_mux_tree_4_original.blif,virtual_binary_cut,"or(d2,new_n13)","[""d2"", ""new_n13""]","[""d0"", ""d1"", ""d2"", ""s1""]",4,2c164a02a43d6058,37f94e290523abd9,257b197960fb8ac1,inverted,npn_30bd548f77574dc9,6,source_graph_or_pi_replayable,evidence_advancement_v1
b067369dc3b959ad,generated_mux_tree_4,variants/generated_mux_tree_4_original.blif,virtual_binary_cut,"xor(d2,new_n13)","[""d2"", ""new_n13""]","[""d0"", ""d1"", ""d2"", ""s1""]",4,6cb9a16daa07f959,7e1a058622ae819a,2ffa0107c017e76e,inverted,npn_3e802cd916fdb092,6,source_graph_or_pi_replayable,evidence_advancement_v1
af30c40ec45fcb6a,generated_mux_tree_4,variants/generated_mux_tree_4_original.blif,virtual_binary_cut,"and(d2,not(new_n13))","[""d2"", ""new_n13""]","[""d0"", ""d1"", ""d2"", ""s1""]",4,ec78ac326c4b784f,a2c2fb2eb247bc21,3cfacb8c0da7a568,same,npn_30bd548f77574dc9,6,source_graph_or_pi_replayable,evidence_advancement_v1
ca8672d25c4615e7,generated_mux_tree_4,variants/generated_mux_tree_4_original.blif,virtual_binary_cut,"or(d2,not(new_n13))","[""d2"", ""new_n13""]","[""d0"", ""d1"", ""d2"", ""s1""]",4,4feb3080d3d717f6,61bbe626b4ee337c,a0e146bdaf241fe0,same,npn_30bd548f77574dc9,6,source_graph_or_pi_replayable,evidence_advancement_v1
2cbd242c75207d27,generated_mux_tree_4,variants/generated_mux_tree_4_original.blif,virtual_binary_cut,"and(d2,new_n14)","[""d2"", ""new_n14""]","[""d0"", ""d1"", ""d2"", ""s0"", ""s1""]",5,1d3770364f1e001f,4d4cf0a14e3348bf,c4e64b1a860efde6,same,support_gt4,6,source_graph_or_pi_replayable,evidence_advancement_v1
2646e22afdee6577,generated_mux_tree_4,variants/generated_mux_tree_4_original.blif,virtual_binary_cut,"or(d2,new_n14)","[""d2"", ""new_n14""]","[""d0"", ""d1"", ""d2"", ""s0"", ""s1""]",5,6fe72563e3aa0a8a,e3d7d0458693d6b5,c262f499648cf040,same,support_gt4,6,source_graph_or_pi_replayable,evidence_advancement_v1
a18e0c33cb6eb44b,generated_mux_tree_4,variants/generated_mux_tree_4_original.blif,virtual_binary_cut,"xor(d2,new_n14)","[""d2"", ""new_n14""]","[""d0"", ""d1"", ""d2"", ""s0"", ""s1""]",5,b426dee54944b4d1,7066177cae0b3d44,d75f04ca213cb50f,same,support_gt4,6,source_graph_or_pi_replayable,evidence_advancement_v1
30618714c1db77aa,generated_mux_tree_4,variants/generated_mux_tree_4_original.blif,virtual_binary_cut,"and(d2,not(new_n14))","[""d2"", ""new_n14""]","[""d0"", ""d1"", ""d2"", ""s0"", ""s1""]",5,5647fcf5254e2ea7,8af49576de9d0aae,8e20405621008a2d,same,support_gt4,6,source_graph_or_pi_replayable,evidence_advancement_v1
f65c07338a3aab7d,generated_mux_tree_4,variants/generated_mux_tree_4_original.blif,virtual_binary_cut,"or(d2,not(new_n14))","[""d2"", ""new_n14""]","[""d0"", ""d1"", ""d2"", ""s0"", ""s1""]",5,4aa7622bcc57bb7d,ff597a2b1cc74020,9a5546670bd15022,inverted,support_gt4,6,source_graph_or_pi_replayable,evidence_advancement_v1
dd7ae4402273c64b,generated_mux_tree_4,variants/generated_mux_tree_4_original.blif,virtual_binary_cut,"and(d2,new_n15)","[""d2"", ""new_n15""]","[""d2"", ""d3"", ""s0"", ""s1""]",4,ecfc45928791e7ad,e3f6172ebdf07eb9,d7dddaa0d9f7253c,same,npn_4cb7b108633f5b15,6,source_graph_or_pi_replayable,evidence_advancement_v1
ba84210616c78dbd,generated_mux_tree_4,variants/generated_mux_tree_4_original.blif,virtual_binary_cut,"or(d2,new_n15)","[""d2"", ""new_n15""]","[""d2"", ""d3"", ""s0"", ""s1""]",4,192f0dc4fa73c192,3ba9b4a9e901a968,eb2c44c310f275af,same,npn_f1cbb1cabe729e74,6,source_graph_or_pi_replayable,evidence_advancement_v1
70dd637d88e15a77,generated_mux_tree_4,variants/generated_mux_tree_4_original.blif,virtual_binary_cut,"xor(d2,new_n15)","[""d2"", ""new_n15""]","[""d2"", ""d3"", ""s0"", ""s1""]",4,f2888f8fd7b390e7,49110d634c21a73b,caee687c53724483,same,npn_f869abedc012cfa4,6,source_graph_or_pi_replayable,evidence_advancement_v1
fd28a3f5f936e94a,generated_mux_tree_4,variants/generated_mux_tree_4_original.blif,virtual_binary_cut,"and(d2,not(new_n15))","[""d2"", ""new_n15""]","[""d2"", ""d3"", ""s0"", ""s1""]",4,bf87c8e7d157ff8f,0d283b1f0c3bb227,0d97512e92723f84,same,npn_6fab987dd9725aac,6,source_graph_or_pi_replayable,evidence_advancement_v1
7fe3e518d9932016,generated_mux_tree_4,variants/generated_mux_tree_4_original.blif,virtual_binary_cut,"or(d2,not(new_n15))","[""d2"", ""new_n15""]","[""d2"", ""d3"", ""s0"", ""s1""]",4,be38a3f30f582e6b,5337e7b1c0455033,1e84ebc58b8d107b,inverted,npn_027d5cd13197e7fe,6,source_graph_or_pi_replayable,evidence_advancement_v1
757f89b04470835a,generated_mux_tree_4,variants/generated_mux_tree_4_original.blif,virtual_binary_cut,"and(d2,out)","[""d2"", ""out""]","[""d0"", ""d1"", ""d2"", ""d3"", ""s0"", ""s1""]",6,1def99b5bb6195cc,30ce707406c4b8f7,1def99b5bb6195cc,same,support_gt4,6,source_graph_or_pi_replayable,evidence_advancement_v1
6bb56aba1f40b7f0,generated_mux_tree_4,variants/generated_mux_tree_4_original.blif,virtual_binary_cut,"or(d2,out)","[""d2"", ""out""]","[""d0"", ""d1"", ""d2"", ""d3"", ""s0"", ""s1""]",6,3a22d0a2f2fd0fd1,73ecbb97984c4eeb,3a22d0a2f2fd0fd1,same,support_gt4,6,source_graph_or_pi_replayable,evidence_advancement_v1
e8c41ad8aec6ff14,generated_mux_tree_4,variants/generated_mux_tree_4_original.blif,virtual_binary_cut,"xor(d2,out)","[""d2"", ""out""]","[""d0"", ""d1"", ""d2"", ""d3"", ""s0"", ""s1""]",6,3c1e604e1a47b994,fe35e0a3aae954f2,3c1e604e1a47b994,same,support_gt4,6,source_graph_or_pi_replayable,evidence_advancement_v1
bb7f5b4b29cb6ffa,generated_mux_tree_4,variants/generated_mux_tree_4_original.blif,virtual_binary_cut,"and(d2,not(out))","[""d2"", ""out""]","[""d0"", ""d1"", ""d2"", ""d3"", ""s0"", ""s1""]",6,0bdce954039d30ab,53a70efbe350d96e,0bdce954039d30ab,same,support_gt4,6,source_graph_or_pi_replayable,evidence_advancement_v1
c2c764ecc25a5544,generated_mux_tree_4,variants/generated_mux_tree_4_original.blif,virtual_binary_cut,"or(d2,not(out))","[""d2"", ""out""]","[""d0"", ""d1"", ""d2"", ""d3"", ""s0"", ""s1""]",6,7f3cc4c46d056a46,da6961d458203267,da6961d458203267,inverted,support_gt4,6,source_graph_or_pi_replayable,evidence_advancement_v1
f03499e682db4836,generated_mux_tree_4,variants/generated_mux_tree_4_original.blif,virtual_binary_cut,"and(d3,s0)","[""d3"", ""s0""]","[""d3"", ""s0""]",2,e14a800b4ca1f65f,beda00c24653b9ae,94de9e90e231b35b,same,npn_94de9e90e231b35b,6,source_graph_or_pi_replayable,evidence_advancement_v1
8b3cee0395cca604,generated_mux_tree_4,variants/generated_mux_tree_4_original.blif,virtual_binary_cut,"or(d3,s0)","[""d3"", ""s0""]","[""d3"", ""s0""]",2,2d1a604a990ee794,014cf5fea6630f58,c580333a48d30dad,same,npn_94de9e90e231b35b,6,source_graph_or_pi_replayable,evidence_advancement_v1
f08009e3297d35b3,generated_mux_tree_4,variants/generated_mux_tree_4_original.blif,virtual_binary_cut,"xor(d3,s0)","[""d3"", ""s0""]","[""d3"", ""s0""]",2,01bcd8988015e3a8,dcccce2b104b2cad,b5d1f15c17250b42,same,npn_b5d1f15c17250b42,6,source_graph_or_pi_replayable,evidence_advancement_v1
778c5aed1d9ff361,generated_mux_tree_4,variants/generated_mux_tree_4_original.blif,virtual_binary_cut,"and(d3,not(s0))","[""d3"", ""s0""]","[""d3"", ""s0""]",2,fb9f7d1278818447,189f99068d831656,90f21496b5c851e8,same,npn_94de9e90e231b35b,6,source_graph_or_pi_replayable,evidence_advancement_v1
23558d7d057bd27b,generated_mux_tree_4,variants/generated_mux_tree_4_original.blif,virtual_binary_cut,"or(d3,not(s0))","[""d3"", ""s0""]","[""d3"", ""s0""]",2,987c0d75a0115f21,0089dab007154704,2c24932e8e4ebc2f,inverted,npn_94de9e90e231b35b,6,source_graph_or_pi_replayable,evidence_advancement_v1
1feaf1e291550ac0,generated_mux_tree_4,variants/generated_mux_tree_4_original.blif,virtual_binary_cut,"and(d3,s1)","[""d3"", ""s1""]","[""d3"", ""s1""]",2,2a476990e493332a,dea0530aece31472,94de9e90e231b35b,same,npn_94de9e90e231b35b,6,source_graph_or_pi_replayable,evidence_advancement_v1
f9dde2cb572529f4,generated_mux_tree_4,variants/generated_mux_tree_4_original.blif,virtual_binary_cut,"or(d3,s1)","[""d3"", ""s1""]","[""d3"", ""s1""]",2,43947f9e66917fc7,518de167a1c673ab,c580333a48d30dad,same,npn_94de9e90e231b35b,6,source_graph_or_pi_replayable,evidence_advancement_v1
e64a65db6ab7be9d,generated_mux_tree_4,variants/generated_mux_tree_4_original.blif,virtual_binary_cut,"xor(d3,s1)","[""d3"", ""s1""]","[""d3"", ""s1""]",2,8905ec5c6b3d3007,a45f3d743dd5bca7,b5d1f15c17250b42,same,npn_b5d1f15c17250b42,6,source_graph_or_pi_replayable,evidence_advancement_v1
35b07bf59c807df7,generated_mux_tree_4,variants/generated_mux_tree_4_original.blif,virtual_binary_cut,"and(d3,not(s1))","[""d3"", ""s1""]","[""d3"", ""s1""]",2,2329e9983c87cc13,edb51bfdce1a89f7,90f21496b5c851e8,same,npn_94de9e90e231b35b,6,source_graph_or_pi_replayable,evidence_advancement_v1
9f77d405f1fa072e,generated_mux_tree_4,variants/generated_mux_tree_4_original.blif,virtual_binary_cut,"or(d3,not(s1))","[""d3"", ""s1""]","[""d3"", ""s1""]",2,4dbb73906484e950,b35c5876dfa1d495,2c24932e8e4ebc2f,inverted,npn_94de9e90e231b35b,6,source_graph_or_pi_replayable,evidence_advancement_v1
91ec00a679cc57b2,generated_mux_tree_4,variants/generated_mux_tree_4_original.blif,virtual_binary_cut,"and(d3,new_n8)","[""d3"", ""new_n8""]","[""d2"", ""d3"", ""s1""]",3,e6d6cfaa65687287,48d19caf09fe3a92,18025d3f5a1dde11,same,npn_24165068bb0dbfca,6,source_graph_or_pi_replayable,evidence_advancement_v1
2850bd460021b6dd,generated_mux_tree_4,variants/generated_mux_tree_4_original.blif,virtual_binary_cut,"or(d3,new_n8)","[""d3"", ""new_n8""]","[""d2"", ""d3"", ""s1""]",3,cf891de471a09798,26595ffcbd66309e,44898ce7c9af7e76,same,npn_358a268fde92333a,6,source_graph_or_pi_replayable,evidence_advancement_v1
007a56319a8045ef,generated_mux_tree_4,variants/generated_mux_tree_4_original.blif,virtual_binary_cut,"xor(d3,new_n8)","[""d3"", ""new_n8""]","[""d2"", ""d3"", ""s1""]",3,bd36461a5b965ae9,e43d0a342a42127f,b17d45493ba3a535,same,npn_2e96a02abe3f2e05,6,source_graph_or_pi_replayable,evidence_advancement_v1
3299d8b5b1b4bf19,generated_mux_tree_4,variants/generated_mux_tree_4_original.blif,virtual_binary_cut,"and(d3,not(new_n8))","[""d3"", ""new_n8""]","[""d2"", ""d3"", ""s1""]",3,8e0c019a939161d7,85ac644fe90fd0eb,69e480689c9b65d4,same,npn_358a268fde92333a,6,source_graph_or_pi_replayable,evidence_advancement_v1
a240f28dc6321383,generated_mux_tree_4,variants/generated_mux_tree_4_original.blif,virtual_binary_cut,"or(d3,not(new_n8))","[""d3"", ""new_n8""]","[""d2"", ""d3"", ""s1""]",3,b6bbb46bff94688a,d42e7c4053560103,0929086ae3553ffd,inverted,npn_24165068bb0dbfca,6,source_graph_or_pi_replayable,evidence_advancement_v1
a69f4efdd3602420,generated_mux_tree_4,variants/generated_mux_tree_4_original.blif,virtual_binary_cut,"or(d3,new_n9)","[""d3"", ""new_n9""]","[""d3"", ""s1""]",2,4d53c73538284ff8,2d3d3636f414ad92,f14e1817ec32b1b5,same,npn_6471b342ae3c3106,6,source_graph_or_pi_replayable,evidence_advancement_v1
50851d4499a342e0,generated_mux_tree_4,variants/generated_mux_tree_4_original.blif,virtual_binary_cut,"or(d3,not(new_n9))","[""d3"", ""new_n9""]","[""d3"", ""s1""]",2,8a229fc420eeaba6,76b25cdd1535b0bb,a90d007c2fc57df6,inverted,npn_a90d007c2fc57df6,6,source_graph_or_pi_replayable,evidence_advancement_v1
bdd611623a147c83,generated_mux_tree_4,variants/generated_mux_tree_4_original.blif,virtual_binary_cut,"and(d3,new_n10)","[""d3"", ""new_n10""]","[""d2"", ""d3"", ""s1""]",3,695e449068753c8d,dc879d56a8a5b875,00e3755f7c92db5f,same,npn_24165068bb0dbfca,6,source_graph_or_pi_replayable,evidence_advancement_v1
0ac2dc70fa2658b0,generated_mux_tree_4,variants/generated_mux_tree_4_original.blif,virtual_binary_cut,"xor(d3,new_n10)","[""d3"", ""new_n10""]","[""d2"", ""d3"", ""s1""]",3,68493da42c2aa06e,07db8de40707b103,7f94ec8202b0598d,inverted,npn_c367d71c2eac76ee,6,source_graph_or_pi_replayable,evidence_advancement_v1
32e845be948c36c1,generated_mux_tree_4,variants/generated_mux_tree_4_original.blif,virtual_binary_cut,"and(d3,not(new_n10))","[""d3"", ""new_n10""]","[""d2"", ""d3"", ""s1""]",3,f663530949583928,4c21933e12729199,dc3cd88779d423cd,same,npn_358a268fde92333a,6,source_graph_or_pi_replayable,evidence_advancement_v1
b542acbb5ebd4bdb,generated_mux_tree_4,variants/generated_mux_tree_4_original.blif,virtual_binary_cut,"and(d3,new_n11)","[""d3"", ""new_n11""]","[""d0"", ""d3"", ""s1""]",3,1c7b2527042e97e1,b18adeeb12918e57,18025d3f5a1dde11,same,npn_24165068bb0dbfca,6,source_graph_or_pi_replayable,evidence_advancement_v1
6ab74dac1fe94ccb,generated_mux_tree_4,variants/generated_mux_tree_4_original.blif,virtual_binary_cut,"or(d3,new_n11)","[""d3"", ""new_n11""]","[""d0"", ""d3"", ""s1""]",3,c2113a3cc7dfc53d,6bf16922da2f2ca7,44898ce7c9af7e76,same,npn_358a268fde92333a,6,source_graph_or_pi_replayable,evidence_advancement_v1
fe98b5985a7f2a5f,generated_mux_tree_4,variants/generated_mux_tree_4_original.blif,virtual_binary_cut,"xor(d3,new_n11)","[""d3"", ""new_n11""]","[""d0"", ""d3"", ""s1""]",3,f4b5b5171303c65f,e4acd39fcd3973aa,b17d45493ba3a535,same,npn_2e96a02abe3f2e05,6,source_graph_or_pi_replayable,evidence_advancement_v1
1476a9ded117842f,generated_mux_tree_4,variants/generated_mux_tree_4_original.blif,virtual_binary_cut,"and(d3,not(new_n11))","[""d3"", ""new_n11""]","[""d0"", ""d3"", ""s1""]",3,927db0605a77daff,85d8d0e3f748dc89,69e480689c9b65d4,same,npn_358a268fde92333a,6,source_graph_or_pi_replayable,evidence_advancement_v1
ded9524ad5052333,generated_mux_tree_4,variants/generated_mux_tree_4_original.blif,virtual_binary_cut,"or(d3,not(new_n11))","[""d3"", ""new_n11""]","[""d0"", ""d3"", ""s1""]",3,79a68c64d9707b1c,14e8228bddb0a46d,0929086ae3553ffd,inverted,npn_24165068bb0dbfca,6,source_graph_or_pi_replayable,evidence_advancement_v1
09feef0ff73c2d8c,generated_mux_tree_4,variants/generated_mux_tree_4_original.blif,virtual_binary_cut,"or(d3,new_n12)","[""d3"", ""new_n12""]","[""d1"", ""d3"", ""s1""]",3,c7472d521e954224,ef5f2ff57d40a6e4,3b07b0bc23372d78,same,npn_358a268fde92333a,6,source_graph_or_pi_replayable,evidence_advancement_v1
0c00f607130e1a85,generated_mux_tree_4,variants/generated_mux_tree_4_original.blif,virtual_binary_cut,"xor(d3,new_n12)","[""d3"", ""new_n12""]","[""d1"", ""d3"", ""s1""]",3,55ba404a7cc81c16,aa9928c5b7496c4c,b557e1bc282e341d,same,npn_2e96a02abe3f2e05,6,source_graph_or_pi_replayable,evidence_advancement_v1
69584fab3b05ca4c,generated_mux_tree_4,variants/generated_mux_tree_4_original.blif,virtual_binary_cut,"and(d3,not(new_n12))","[""d3"", ""new_n12""]","[""d1"", ""d3"", ""s1""]",3,d700ad2b3722fd74,834161046391b8a7,4f60c46211bb6d37,same,npn_358a268fde92333a,6,source_graph_or_pi_replayable,evidence_advancement_v1
8edbbe9f07a994e7,generated_mux_tree_4,variants/generated_mux_tree_4_original.blif,virtual_binary_cut,"or(d3,not(new_n12))","[""d3"", ""new_n12""]","[""d1"", ""d3"", ""s1""]",3,768e3db29d74a68b,932de6ff759b0c86,afe6407a40ccdeab,inverted,npn_24165068bb0dbfca,6,source_graph_or_pi_replayable,evidence_advancement_v1
d24d73c91da66bd2,generated_mux_tree_4,variants/generated_mux_tree_4_original.blif,virtual_binary_cut,"and(d3,new_n13)","[""d3"", ""new_n13""]","[""d0"", ""d1"", ""d3"", ""s1""]",4,ba2efd5a88546e17,76e9d723079d335b,9fd74df112806313,same,npn_30bd548f77574dc9,6,source_graph_or_pi_replayable,evidence_advancement_v1
58887886a91c40ef,generated_mux_tree_4,variants/generated_mux_tree_4_original.blif,virtual_binary_cut,"or(d3,new_n13)","[""d3"", ""new_n13""]","[""d0"", ""d1"", ""d3"", ""s1""]",4,92480d19879d7053,1087d0e884abfdbc,257b197960fb8ac1,inverted,npn_30bd548f77574dc9,6,source_graph_or_pi_replayable,evidence_advancement_v1
fe6fbd3404ac6200,generated_mux_tree_4,variants/generated_mux_tree_4_original.blif,virtual_binary_cut,"xor(d3,new_n13)","[""d3"", ""new_n13""]","[""d0"", ""d1"", ""d3"", ""s1""]",4,878ad28d0a2e225d,603b406aed5c9c36,2ffa0107c017e76e,inverted,npn_3e802cd916fdb092,6,source_graph_or_pi_replayable,evidence_advancement_v1
482d42a4df431186,generated_mux_tree_4,variants/generated_mux_tree_4_original.blif,virtual_binary_cut,"and(d3,not(new_n13))","[""d3"", ""new_n13""]","[""d0"", ""d1"", ""d3"", ""s1""]",4,d8288cc1b3b302b5,e16025e4fe48277a,3cfacb8c0da7a568,same,npn_30bd548f77574dc9,6,source_graph_or_pi_replayable,evidence_advancement_v1
4763b9c999055db6,generated_mux_tree_4,variants/generated_mux_tree_4_original.blif,virtual_binary_cut,"or(d3,not(new_n13))","[""d3"", ""new_n13""]","[""d0"", ""d1"", ""d3"", ""s1""]",4,60f0f392fd7133f1,a0a4ddd70cc6a5a2,a0e146bdaf241fe0,same,npn_30bd548f77574dc9,6,source_graph_or_pi_replayable,evidence_advancement_v1
03aa3eee1c9b688e,generated_mux_tree_4,variants/generated_mux_tree_4_original.blif,virtual_binary_cut,"and(d3,new_n14)","[""d3"", ""new_n14""]","[""d0"", ""d1"", ""d3"", ""s0"", ""s1""]",5,93f8d6f394eed385,81a465ecbf89c08e,c4e64b1a860efde6,same,support_gt4,6,source_graph_or_pi_replayable,evidence_advancement_v1
7125a390d591b042,generated_mux_tree_4,variants/generated_mux_tree_4_original.blif,virtual_binary_cut,"or(d3,new_n14)","[""d3"", ""new_n14""]","[""d0"", ""d1"", ""d3"", ""s0"", ""s1""]",5,37545530adf28c35,40a987656f7c2c47,c262f499648cf040,same,support_gt4,6,source_graph_or_pi_replayable,evidence_advancement_v1
86f717428fe9f22d,generated_mux_tree_4,variants/generated_mux_tree_4_original.blif,virtual_binary_cut,"xor(d3,new_n14)","[""d3"", ""new_n14""]","[""d0"", ""d1"", ""d3"", ""s0"", ""s1""]",5,0d30e1b3cbcaa71c,8dced3024625134c,d75f04ca213cb50f,same,support_gt4,6,source_graph_or_pi_replayable,evidence_advancement_v1
dc387a89dbd21aef,generated_mux_tree_4,variants/generated_mux_tree_4_original.blif,virtual_binary_cut,"and(d3,not(new_n14))","[""d3"", ""new_n14""]","[""d0"", ""d1"", ""d3"", ""s0"", ""s1""]",5,fe86006606ff1ca3,0ede02aab4e322c3,8e20405621008a2d,same,support_gt4,6,source_graph_or_pi_replayable,evidence_advancement_v1
fd90ed73be19ef50,generated_mux_tree_4,variants/generated_mux_tree_4_original.blif,virtual_binary_cut,"or(d3,not(new_n14))","[""d3"", ""new_n14""]","[""d0"", ""d1"", ""d3"", ""s0"", ""s1""]",5,998dd3bef7b4fc25,e364efb1b1a34dcb,9a5546670bd15022,inverted,support_gt4,6,source_graph_or_pi_replayable,evidence_advancement_v1
1964c2e5dd5c3b7f,generated_mux_tree_4,variants/generated_mux_tree_4_original.blif,virtual_binary_cut,"and(d3,new_n15)","[""d3"", ""new_n15""]","[""d2"", ""d3"", ""s0"", ""s1""]",4,87109e56106de8dd,8ca5da3b38059e95,d21e71dd79e73c30,same,npn_4cb7b108633f5b15,6,source_graph_or_pi_replayable,evidence_advancement_v1
d4ef97c95f74a8fe,generated_mux_tree_4,variants/generated_mux_tree_4_original.blif,virtual_binary_cut,"or(d3,new_n15)","[""d3"", ""new_n15""]","[""d2"", ""d3"", ""s0"", ""s1""]",4,0730f2deac80c8c5,2a800b18be1a4ae9,061cd8b2aa715ae7,same,npn_f1cbb1cabe729e74,6,source_graph_or_pi_replayable,evidence_advancement_v1
fef108e87f8e52ff,generated_mux_tree_4,variants/generated_mux_tree_4_original.blif,virtual_binary_cut,"xor(d3,new_n15)","[""d3"", ""new_n15""]","[""d2"", ""d3"", ""s0"", ""s1""]",4,30ba15aeedaf68c2,46023c9eeccb02a0,9900f5c4a3a2678d,same,npn_f869abedc012cfa4,6,source_graph_or_pi_replayable,evidence_advancement_v1
815af1a73cb810a5,generated_mux_tree_4,variants/generated_mux_tree_4_original.blif,virtual_binary_cut,"and(d3,not(new_n15))","[""d3"", ""new_n15""]","[""d2"", ""d3"", ""s0"", ""s1""]",4,6eccfc6dd10513f6,99e216c66d347aec,a2d4c952d82d6640,same,npn_6fab987dd9725aac,6,source_graph_or_pi_replayable,evidence_advancement_v1
f1bd8f7f3feab570,generated_mux_tree_4,variants/generated_mux_tree_4_original.blif,virtual_binary_cut,"or(d3,not(new_n15))","[""d3"", ""new_n15""]","[""d2"", ""d3"", ""s0"", ""s1""]",4,e1b58a36c22deb69,127bb75c6917cf6a,c987e0b6ef14565f,inverted,npn_027d5cd13197e7fe,6,source_graph_or_pi_replayable,evidence_advancement_v1
f84e24595cc8604d,generated_mux_tree_4,variants/generated_mux_tree_4_original.blif,virtual_binary_cut,"and(d3,out)","[""d3"", ""out""]","[""d0"", ""d1"", ""d2"", ""d3"", ""s0"", ""s1""]",6,9b53914960ac805e,b9d39d668fd08f3a,9b53914960ac805e,same,support_gt4,6,source_graph_or_pi_replayable,evidence_advancement_v1
19bfa2dce71f5f65,generated_mux_tree_4,variants/generated_mux_tree_4_original.blif,virtual_binary_cut,"or(d3,out)","[""d3"", ""out""]","[""d0"", ""d1"", ""d2"", ""d3"", ""s0"", ""s1""]",6,8c7ac07fbc16f1b4,68504eb6c3d39cb7,8c7ac07fbc16f1b4,same,support_gt4,6,source_graph_or_pi_replayable,evidence_advancement_v1
03801f854edf6b46,generated_mux_tree_4,variants/generated_mux_tree_4_original.blif,virtual_binary_cut,"xor(d3,out)","[""d3"", ""out""]","[""d0"", ""d1"", ""d2"", ""d3"", ""s0"", ""s1""]",6,19514e305e7ec941,e71b18f1e4697a12,19514e305e7ec941,same,support_gt4,6,source_graph_or_pi_replayable,evidence_advancement_v1
01f27f56da02efbd,generated_mux_tree_4,variants/generated_mux_tree_4_original.blif,virtual_binary_cut,"and(d3,not(out))","[""d3"", ""out""]","[""d0"", ""d1"", ""d2"", ""d3"", ""s0"", ""s1""]",6,1e90c1c7eb0cbd4c,6f04c3715bde0132,1e90c1c7eb0cbd4c,same,support_gt4,6,source_graph_or_pi_replayable,evidence_advancement_v1
7b78edf6c0ee293a,generated_mux_tree_4,variants/generated_mux_tree_4_original.blif,virtual_binary_cut,"or(d3,not(out))","[""d3"", ""out""]","[""d0"", ""d1"", ""d2"", ""d3"", ""s0"", ""s1""]",6,8b106bc5663eca7e,a20a35b3f7ea9f36,a20a35b3f7ea9f36,inverted,support_gt4,6,source_graph_or_pi_replayable,evidence_advancement_v1
7aec4fed11be9d40,generated_mux_tree_4,variants/generated_mux_tree_4_original.blif,virtual_binary_cut,"and(s0,s1)","[""s0"", ""s1""]","[""s0"", ""s1""]",2,e2eedece88df4034,f8d8af2c8c043d1e,94de9e90e231b35b,same,npn_94de9e90e231b35b,6,source_graph_or_pi_replayable,evidence_advancement_v1
4039afac9005048d,generated_mux_tree_4,variants/generated_mux_tree_4_original.blif,virtual_binary_cut,"or(s0,s1)","[""s0"", ""s1""]","[""s0"", ""s1""]",2,ac833d0fbd50d77d,24ba0c98e08e5026,c580333a48d30dad,same,npn_94de9e90e231b35b,6,source_graph_or_pi_replayable,evidence_advancement_v1
3e6e57b1bb29616e,generated_mux_tree_4,variants/generated_mux_tree_4_original.blif,virtual_binary_cut,"xor(s0,s1)","[""s0"", ""s1""]","[""s0"", ""s1""]",2,d04c2b54fe259a59,73a2980b8bd6084d,b5d1f15c17250b42,same,npn_b5d1f15c17250b42,6,source_graph_or_pi_replayable,evidence_advancement_v1
b1b7c03e2ab1ceac,generated_mux_tree_4,variants/generated_mux_tree_4_original.blif,virtual_binary_cut,"and(s0,not(s1))","[""s0"", ""s1""]","[""s0"", ""s1""]",2,f697a863ab228fed,aa8b0088f20ff540,90f21496b5c851e8,same,npn_94de9e90e231b35b,6,source_graph_or_pi_replayable,evidence_advancement_v1
e817fe47f702b046,generated_mux_tree_4,variants/generated_mux_tree_4_original.blif,virtual_binary_cut,"or(s0,not(s1))","[""s0"", ""s1""]","[""s0"", ""s1""]",2,2c816ae95e7c20c2,e135d5ef3f831774,2c24932e8e4ebc2f,inverted,npn_94de9e90e231b35b,6,source_graph_or_pi_replayable,evidence_advancement_v1
b05ddc8cdf6046af,generated_mux_tree_4,variants/generated_mux_tree_4_original.blif,virtual_binary_cut,"and(s0,new_n8)","[""s0"", ""new_n8""]","[""d2"", ""s0"", ""s1""]",3,d02b8185f595b130,af5344861ec283d1,18025d3f5a1dde11,same,npn_24165068bb0dbfca,6,source_graph_or_pi_replayable,evidence_advancement_v1
9d7dadfe8757003c,generated_mux_tree_4,variants/generated_mux_tree_4_original.blif,virtual_binary_cut,"or(s0,new_n8)","[""s0"", ""new_n8""]","[""d2"", ""s0"", ""s1""]",3,4cb607fb60f64ec2,70bc65deb84ca85c,44898ce7c9af7e76,same,npn_358a268fde92333a,6,source_graph_or_pi_replayable,evidence_advancement_v1
b8a62e8572154af4,generated_mux_tree_4,variants/generated_mux_tree_4_original.blif,virtual_binary_cut,"xor(s0,new_n8)","[""s0"", ""new_n8""]","[""d2"", ""s0"", ""s1""]",3,23b96add4cc9b069,0d56765125b32e35,b17d45493ba3a535,same,npn_2e96a02abe3f2e05,6,source_graph_or_pi_replayable,evidence_advancement_v1
494c2623d154993a,generated_mux_tree_4,variants/generated_mux_tree_4_original.blif,virtual_binary_cut,"and(s0,not(new_n8))","[""s0"", ""new_n8""]","[""d2"", ""s0"", ""s1""]",3,90736923a321caff,0139b3b81e11b566,69e480689c9b65d4,same,npn_358a268fde92333a,6,source_graph_or_pi_replayable,evidence_advancement_v1
c96a47c34941c91e,generated_mux_tree_4,variants/generated_mux_tree_4_original.blif,virtual_binary_cut,"or(s0,not(new_n8))","[""s0"", ""new_n8""]","[""d2"", ""s0"", ""s1""]",3,a71a843992b4b985,23ad0d97b35443a1,0929086ae3553ffd,inverted,npn_24165068bb0dbfca,6,source_graph_or_pi_replayable,evidence_advancement_v1
48bf6a751b9d3e58,generated_mux_tree_4,variants/generated_mux_tree_4_original.blif,virtual_binary_cut,"and(s0,new_n9)","[""s0"", ""new_n9""]","[""d3"", ""s0"", ""s1""]",3,21797a8f801d72d4,19320ee234d61a8b,24165068bb0dbfca,same,npn_24165068bb0dbfca,6,source_graph_or_pi_replayable,evidence_advancement_v1
1d4348d4be1ce6e1,generated_mux_tree_4,variants/generated_mux_tree_4_original.blif,virtual_binary_cut,"or(s0,new_n9)","[""s0"", ""new_n9""]","[""d3"", ""s0"", ""s1""]",3,4ef29d903ac91265,33ceeaa16743df2c,3b07b0bc23372d78,same,npn_358a268fde92333a,6,source_graph_or_pi_replayable,evidence_advancement_v1
2eb263864bdd2571,generated_mux_tree_4,variants/generated_mux_tree_4_original.blif,virtual_binary_cut,"xor(s0,new_n9)","[""s0"", ""new_n9""]","[""d3"", ""s0"", ""s1""]",3,2d92a911be2b57b6,3f2a737d6b7da663,b557e1bc282e341d,same,npn_2e96a02abe3f2e05,6,source_graph_or_pi_replayable,evidence_advancement_v1
40b28090c5a76830,generated_mux_tree_8,variants/generated_mux_tree_8_original.blif,pi_literal,d0,"[""d0""]","[""d0""]",1,42c1d30ee92bc9c9,0e8906d15baddf65,923682bea6d517dc,same,npn_923682bea6d517dc,6,source_graph_or_pi_replayable,evidence_advancement_v1
bfa5bc4326997a61,generated_mux_tree_8,variants/generated_mux_tree_8_original.blif,pi_literal,d1,"[""d1""]","[""d1""]",1,7b6771b916ad6985,a8781f769b3a363e,923682bea6d517dc,same,npn_923682bea6d517dc,6,source_graph_or_pi_replayable,evidence_advancement_v1
b0b82f457fe0edf5,generated_mux_tree_8,variants/generated_mux_tree_8_original.blif,pi_literal,d2,"[""d2""]","[""d2""]",1,1a9b9c24fec53b6f,ffd2ef15d8333c77,923682bea6d517dc,same,npn_923682bea6d517dc,6,source_graph_or_pi_replayable,evidence_advancement_v1
7e9335a1f81dde56,generated_mux_tree_8,variants/generated_mux_tree_8_original.blif,pi_literal,d3,"[""d3""]","[""d3""]",1,21f70a7ad5a15f0d,3c687ce6a227c994,923682bea6d517dc,same,npn_923682bea6d517dc,6,source_graph_or_pi_replayable,evidence_advancement_v1
c951fc5780d7c88c,generated_mux_tree_8,variants/generated_mux_tree_8_original.blif,pi_literal,d4,"[""d4""]","[""d4""]",1,4761e963a41d7cab,b02b19e1de7ad143,923682bea6d517dc,same,npn_923682bea6d517dc,6,source_graph_or_pi_replayable,evidence_advancement_v1
22c1788803c61db4,generated_mux_tree_8,variants/generated_mux_tree_8_original.blif,pi_literal,d5,"[""d5""]","[""d5""]",1,831d577c40adb1db,a58aec79d3bfefa4,923682bea6d517dc,same,npn_923682bea6d517dc,6,source_graph_or_pi_replayable,evidence_advancement_v1
e474c81f72f0deda,generated_mux_tree_8,variants/generated_mux_tree_8_original.blif,pi_literal,d6,"[""d6""]","[""d6""]",1,096d7d1f1cc3e85a,3098c8364920f5f7,923682bea6d517dc,same,npn_923682bea6d517dc,6,source_graph_or_pi_replayable,evidence_advancement_v1
4b59d833dd1efacf,generated_mux_tree_8,variants/generated_mux_tree_8_original.blif,pi_literal,d7,"[""d7""]","[""d7""]",1,6337beedefe74d13,b1955202c34c3d33,923682bea6d517dc,same,npn_923682bea6d517dc,6,source_graph_or_pi_replayable,evidence_advancement_v1
d88261c569a14983,generated_mux_tree_8,variants/generated_mux_tree_8_original.blif,pi_literal,s0,"[""s0""]","[""s0""]",1,88c3d4b2d46adb3d,2b125e3e85c58661,923682bea6d517dc,same,npn_923682bea6d517dc,6,source_graph_or_pi_replayable,evidence_advancement_v1
531c831cc5799d9f,generated_mux_tree_8,variants/generated_mux_tree_8_original.blif,pi_literal,s1,"[""s1""]","[""s1""]",1,12bbea24ca4eddc9,539a8ad641b9994b,923682bea6d517dc,same,npn_923682bea6d517dc,6,source_graph_or_pi_replayable,evidence_advancement_v1
a431e10f68cc3fcb,generated_mux_tree_8,variants/generated_mux_tree_8_original.blif,pi_literal,s2,"[""s2""]","[""s2""]",1,7ddf96f79008bc83,a49b37b1972c410f,923682bea6d517dc,same,npn_923682bea6d517dc,6,source_graph_or_pi_replayable,evidence_advancement_v1
00f549c6f91c5baf,generated_mux_tree_8,variants/generated_mux_tree_8_original.blif,source_node,new_n13,"[""new_n13""]","[""d6"", ""s2""]",2,36f72a9d68ef1a38,7fbd3a35c2361e5b,90f21496b5c851e8,same,npn_94de9e90e231b35b,6,source_graph_or_pi_replayable,evidence_advancement_v1
3ef1617cad1a1abe,generated_mux_tree_8,variants/generated_mux_tree_8_original.blif,source_node,new_n14,"[""new_n14""]","[""d7"", ""s2""]",2,9b11bc6b3ff81c3b,90680da864711841,94de9e90e231b35b,same,npn_94de9e90e231b35b,6,source_graph_or_pi_replayable,evidence_advancement_v1
1a2b73051c096a05,generated_mux_tree_8,variants/generated_mux_tree_8_original.blif,source_node,new_n15,"[""new_n15""]","[""d6"", ""d7"", ""s2""]",3,61db325b9b5e2c59,72af73621979e339,a741fe7677f235fb,inverted,npn_afbbb57e79223729,6,source_graph_or_pi_replayable,evidence_advancement_v1
62ee7d1f55bb284c,generated_mux_tree_8,variants/generated_mux_tree_8_original.blif,source_node,new_n16,"[""new_n16""]","[""d4"", ""s2""]",2,ed6b48b477435c58,cb54aa1825fd1703,90f21496b5c851e8,same,npn_94de9e90e231b35b,6,source_graph_or_pi_replayable,evidence_advancement_v1
85031b09a61bdecb,generated_mux_tree_8,variants/generated_mux_tree_8_original.blif,source_node,new_n17,"[""new_n17""]","[""d5"", ""s2""]",2,d3459228022f2363,82277180e71c9e04,94de9e90e231b35b,same,npn_94de9e90e231b35b,6,source_graph_or_pi_replayable,evidence_advancement_v1
62e55f3476939b1d,generated_mux_tree_8,variants/generated_mux_tree_8_original.blif,source_node,new_n18,"[""new_n18""]","[""d4"", ""d5"", ""s2""]",3,74312a5cc487a5d9,6743334f349fb067,a741fe7677f235fb,inverted,npn_afbbb57e79223729,6,source_graph_or_pi_replayable,evidence_advancement_v1
c630fedf178d1e1c,generated_mux_tree_8,variants/generated_mux_tree_8_original.blif,source_node,new_n19,"[""new_n19""]","[""d4"", ""d5"", ""s1"", ""s2""]",4,a97660d42a101e24,569990fcd048c395,257b197960fb8ac1,same,npn_30bd548f77574dc9,6,source_graph_or_pi_replayable,evidence_advancement_v1
6270565c07ab7675,generated_mux_tree_8,variants/generated_mux_tree_8_original.blif,source_node,new_n20,"[""new_n20""]","[""d6"", ""d7"", ""s1"", ""s2""]",4,5d135a5302dcbbf2,b036c6bf6a08b638,3cfacb8c0da7a568,same,npn_30bd548f77574dc9,6,source_graph_or_pi_replayable,evidence_advancement_v1
03f01d9c17117baf,generated_mux_tree_8,variants/generated_mux_tree_8_original.blif,source_node,new_n21,"[""new_n21""]","[""d4"", ""d5"", ""d6"", ""d7"", ""s1"", ""s2""]",6,166c54ebc23c8479,a6c7fabd218ee2a4,a468c3cbaa891ad8,inverted,support_gt4,6,source_graph_or_pi_replayable,evidence_advancement_v1
8c81b215ca5e6ffc,generated_mux_tree_8,variants/generated_mux_tree_8_original.blif,source_node,new_n22,"[""new_n22""]","[""d2"", ""s2""]",2,d1b6704afc5acdf2,40604a9906ae5ed2,90f21496b5c851e8,same,npn_94de9e90e231b35b,6,source_graph_or_pi_replayable,evidence_advancement_v1
5d1be22b689a4f1f,generated_mux_tree_8,variants/generated_mux_tree_8_original.blif,source_node,new_n23,"[""new_n23""]","[""d3"", ""s2""]",2,5ae4789d97b52eee,6461049d18e9e7fe,94de9e90e231b35b,same,npn_94de9e90e231b35b,6,source_graph_or_pi_replayable,evidence_advancement_v1
23659f86297bcdee,generated_mux_tree_8,variants/generated_mux_tree_8_original.blif,source_node,new_n24,"[""new_n24""]","[""d2"", ""d3"", ""s2""]",3,ee3faa8ec96ad154,ff3cc886b98c3c7b,a741fe7677f235fb,inverted,npn_afbbb57e79223729,6,source_graph_or_pi_replayable,evidence_advancement_v1
36d242a91cfe4bce,generated_mux_tree_8,variants/generated_mux_tree_8_original.blif,source_node,new_n25,"[""new_n25""]","[""d0"", ""s2""]",2,5f7eb89fb026af98,b5eb3eb1cf13a759,90f21496b5c851e8,same,npn_94de9e90e231b35b,6,source_graph_or_pi_replayable,evidence_advancement_v1
e75ccf15cc36d821,generated_mux_tree_8,variants/generated_mux_tree_8_original.blif,source_node,new_n26,"[""new_n26""]","[""d1"", ""s2""]",2,96ee85efa6f08883,4690ac895dc1b47b,94de9e90e231b35b,same,npn_94de9e90e231b35b,6,source_graph_or_pi_replayable,evidence_advancement_v1
8a07005d9444befa,generated_mux_tree_8,variants/generated_mux_tree_8_original.blif,source_node,new_n27,"[""new_n27""]","[""d0"", ""d1"", ""s2""]",3,edcf1f8af6b3c325,a6c1689aa7c5911d,a741fe7677f235fb,inverted,npn_afbbb57e79223729,6,source_graph_or_pi_replayable,evidence_advancement_v1
5ea811897c5badd1,generated_mux_tree_8,variants/generated_mux_tree_8_original.blif,source_node,new_n28,"[""new_n28""]","[""d0"", ""d1"", ""s1"", ""s2""]",4,2add279a6b288e86,9cbe227e477529d6,257b197960fb8ac1,same,npn_30bd548f77574dc9,6,source_graph_or_pi_replayable,evidence_advancement_v1
371110138f845a4a,generated_mux_tree_8,variants/generated_mux_tree_8_original.blif,source_node,new_n29,"[""new_n29""]","[""d2"", ""d3"", ""s1"", ""s2""]",4,f07506e6bb3b69ae,12f8df9158afedd3,3cfacb8c0da7a568,same,npn_30bd548f77574dc9,6,source_graph_or_pi_replayable,evidence_advancement_v1
6d1241026da04b97,generated_mux_tree_8,variants/generated_mux_tree_8_original.blif,source_node,new_n30,"[""new_n30""]","[""d0"", ""d1"", ""d2"", ""d3"", ""s1"", ""s2""]",6,e00e054b7a383fcc,689d10b0efbd3efd,a468c3cbaa891ad8,inverted,support_gt4,6,source_graph_or_pi_replayable,evidence_advancement_v1
147895bc9ef51582,generated_mux_tree_8,variants/generated_mux_tree_8_original.blif,virtual_binary_cut,"and(d0,d1)","[""d0"", ""d1""]","[""d0"", ""d1""]",2,d370e59d038e2adb,f87e836d7d424090,94de9e90e231b35b,same,npn_94de9e90e231b35b,6,source_graph_or_pi_replayable,evidence_advancement_v1
f856b02b6db18859,generated_mux_tree_8,variants/generated_mux_tree_8_original.blif,virtual_binary_cut,"or(d0,d1)","[""d0"", ""d1""]","[""d0"", ""d1""]",2,c0a96b7e4d75efc1,090b52398ebf7006,c580333a48d30dad,same,npn_94de9e90e231b35b,6,source_graph_or_pi_replayable,evidence_advancement_v1
35353a479465f2c8,generated_mux_tree_8,variants/generated_mux_tree_8_original.blif,virtual_binary_cut,"xor(d0,d1)","[""d0"", ""d1""]","[""d0"", ""d1""]",2,4c2a467e8e228daa,b8ca0db26f7c713a,b5d1f15c17250b42,same,npn_b5d1f15c17250b42,6,source_graph_or_pi_replayable,evidence_advancement_v1
16cb1cfc3efc5580,generated_mux_tree_8,variants/generated_mux_tree_8_original.blif,virtual_binary_cut,"and(d0,not(d1))","[""d0"", ""d1""]","[""d0"", ""d1""]",2,340e779e0168ed0f,9bbf3cc5f012a24a,90f21496b5c851e8,same,npn_94de9e90e231b35b,6,source_graph_or_pi_replayable,evidence_advancement_v1
a1e4fbca7be614a6,generated_mux_tree_8,variants/generated_mux_tree_8_original.blif,virtual_binary_cut,"or(d0,not(d1))","[""d0"", ""d1""]","[""d0"", ""d1""]",2,60d4de103ff5ffb7,017112ddfb32f2f5,2c24932e8e4ebc2f,inverted,npn_94de9e90e231b35b,6,source_graph_or_pi_replayable,evidence_advancement_v1
356c792d7c9c94e7,generated_mux_tree_8,variants/generated_mux_tree_8_original.blif,virtual_binary_cut,"and(d0,d2)","[""d0"", ""d2""]","[""d0"", ""d2""]",2,20a6eee1c50211eb,ec721b84a6e93f59,94de9e90e231b35b,same,npn_94de9e90e231b35b,6,source_graph_or_pi_replayable,evidence_advancement_v1
fe843b9e8c187924,generated_mux_tree_8,variants/generated_mux_tree_8_original.blif,virtual_binary_cut,"or(d0,d2)","[""d0"", ""d2""]","[""d0"", ""d2""]",2,1ede30661253911d,10716e461637fc1b,c580333a48d30dad,same,npn_94de9e90e231b35b,6,source_graph_or_pi_replayable,evidence_advancement_v1
2c16ecb43dda6b37,generated_mux_tree_8,variants/generated_mux_tree_8_original.blif,virtual_binary_cut,"xor(d0,d2)","[""d0"", ""d2""]","[""d0"", ""d2""]",2,86f40b1efecf121f,9a4bb56a667ba296,b5d1f15c17250b42,same,npn_b5d1f15c17250b42,6,source_graph_or_pi_replayable,evidence_advancement_v1
a0470276f0c61412,generated_mux_tree_8,variants/generated_mux_tree_8_original.blif,virtual_binary_cut,"and(d0,not(d2))","[""d0"", ""d2""]","[""d0"", ""d2""]",2,f8412ee5e29c8e1d,5f7a98117f6b9841,90f21496b5c851e8,same,npn_94de9e90e231b35b,6,source_graph_or_pi_replayable,evidence_advancement_v1
7a1138af032c837e,generated_mux_tree_8,variants/generated_mux_tree_8_original.blif,virtual_binary_cut,"or(d0,not(d2))","[""d0"", ""d2""]","[""d0"", ""d2""]",2,e976e5794d1b5f68,58b2608cb6420f72,2c24932e8e4ebc2f,inverted,npn_94de9e90e231b35b,6,source_graph_or_pi_replayable,evidence_advancement_v1
70c322e261a87c27,generated_mux_tree_8,variants/generated_mux_tree_8_original.blif,virtual_binary_cut,"and(d0,d3)","[""d0"", ""d3""]","[""d0"", ""d3""]",2,c5a34b1e4edc39c2,44e0b2eaa724f316,94de9e90e231b35b,same,npn_94de9e90e231b35b,6,source_graph_or_pi_replayable,evidence_advancement_v1
78a23bece041c79f,generated_mux_tree_8,variants/generated_mux_tree_8_original.blif,virtual_binary_cut,"or(d0,d3)","[""d0"", ""d3""]","[""d0"", ""d3""]",2,b39ba13cd67dcaa9,71bd40775e6d0699,c580333a48d30dad,same,npn_94de9e90e231b35b,6,source_graph_or_pi_replayable,evidence_advancement_v1
9df205b2671a0200,generated_mux_tree_8,variants/generated_mux_tree_8_original.blif,virtual_binary_cut,"xor(d0,d3)","[""d0"", ""d3""]","[""d0"", ""d3""]",2,7136be22fdc60653,b5da23e31aa71b21,b5d1f15c17250b42,same,npn_b5d1f15c17250b42,6,source_graph_or_pi_replayable,evidence_advancement_v1
fa344c08bad3e2b4,generated_mux_tree_8,variants/generated_mux_tree_8_original.blif,virtual_binary_cut,"and(d0,not(d3))","[""d0"", ""d3""]","[""d0"", ""d3""]",2,462442f58516658a,35900a0a91bda46f,90f21496b5c851e8,same,npn_94de9e90e231b35b,6,source_graph_or_pi_replayable,evidence_advancement_v1
726ceaea86e51d0b,generated_mux_tree_8,variants/generated_mux_tree_8_original.blif,virtual_binary_cut,"or(d0,not(d3))","[""d0"", ""d3""]","[""d0"", ""d3""]",2,4a73e284dd6bf2ec,a60497ca2f111736,2c24932e8e4ebc2f,inverted,npn_94de9e90e231b35b,6,source_graph_or_pi_replayable,evidence_advancement_v1
7bfd98c0a954720f,generated_mux_tree_8,variants/generated_mux_tree_8_original.blif,virtual_binary_cut,"and(d0,d4)","[""d0"", ""d4""]","[""d0"", ""d4""]",2,5be4195594645ff2,cfe5d10e7e6a0c9b,94de9e90e231b35b,same,npn_94de9e90e231b35b,6,source_graph_or_pi_replayable,evidence_advancement_v1
62d08ecd1b93b784,generated_mux_tree_8,variants/generated_mux_tree_8_original.blif,virtual_binary_cut,"or(d0,d4)","[""d0"", ""d4""]","[""d0"", ""d4""]",2,e70d3e229bfe8eef,50cd79cc6d6fcafb,c580333a48d30dad,same,npn_94de9e90e231b35b,6,source_graph_or_pi_replayable,evidence_advancement_v1
a63ea6d35a9ace11,generated_mux_tree_8,variants/generated_mux_tree_8_original.blif,virtual_binary_cut,"xor(d0,d4)","[""d0"", ""d4""]","[""d0"", ""d4""]",2,4794ad4ea2dfde72,112aca0ed83f939f,b5d1f15c17250b42,same,npn_b5d1f15c17250b42,6,source_graph_or_pi_replayable,evidence_advancement_v1
7e5c73fdf36d10af,generated_mux_tree_8,variants/generated_mux_tree_8_original.blif,virtual_binary_cut,"and(d0,not(d4))","[""d0"", ""d4""]","[""d0"", ""d4""]",2,2936b0e483d50554,76176629712055bf,90f21496b5c851e8,same,npn_94de9e90e231b35b,6,source_graph_or_pi_replayable,evidence_advancement_v1
bdb7dc58a1311a51,generated_mux_tree_8,variants/generated_mux_tree_8_original.blif,virtual_binary_cut,"or(d0,not(d4))","[""d0"", ""d4""]","[""d0"", ""d4""]",2,b543ae0ed999e4ee,bd799b96756912d6,2c24932e8e4ebc2f,inverted,npn_94de9e90e231b35b,6,source_graph_or_pi_replayable,evidence_advancement_v1
44cfa2228794f42f,generated_mux_tree_8,variants/generated_mux_tree_8_original.blif,virtual_binary_cut,"and(d0,d5)","[""d0"", ""d5""]","[""d0"", ""d5""]",2,19313a2cfad5d9ff,ea75ecf7c3ba0494,94de9e90e231b35b,same,npn_94de9e90e231b35b,6,source_graph_or_pi_replayable,evidence_advancement_v1
be44c8c006b27714,generated_mux_tree_8,variants/generated_mux_tree_8_original.blif,virtual_binary_cut,"or(d0,d5)","[""d0"", ""d5""]","[""d0"", ""d5""]",2,b4e4cc690d1250b5,11a701eeb2b83347,c580333a48d30dad,same,npn_94de9e90e231b35b,6,source_graph_or_pi_replayable,evidence_advancement_v1
c5f15464c9848a06,generated_mux_tree_8,variants/generated_mux_tree_8_original.blif,virtual_binary_cut,"xor(d0,d5)","[""d0"", ""d5""]","[""d0"", ""d5""]",2,b3def542a3db17cc,1a5be00932feb4b1,b5d1f15c17250b42,same,npn_b5d1f15c17250b42,6,source_graph_or_pi_replayable,evidence_advancement_v1
f74c6e557f5e4647,generated_mux_tree_8,variants/generated_mux_tree_8_original.blif,virtual_binary_cut,"and(d0,not(d5))","[""d0"", ""d5""]","[""d0"", ""d5""]",2,343523a3c241af96,8cff2c5c1553ef26,90f21496b5c851e8,same,npn_94de9e90e231b35b,6,source_graph_or_pi_replayable,evidence_advancement_v1
03b897d45af9ef02,generated_mux_tree_8,variants/generated_mux_tree_8_original.blif,virtual_binary_cut,"or(d0,not(d5))","[""d0"", ""d5""]","[""d0"", ""d5""]",2,e8e720959a9b844a,68fa448d140cb135,2c24932e8e4ebc2f,inverted,npn_94de9e90e231b35b,6,source_graph_or_pi_replayable,evidence_advancement_v1
840404837e541cdd,generated_mux_tree_8,variants/generated_mux_tree_8_original.blif,virtual_binary_cut,"and(d0,d6)","[""d0"", ""d6""]","[""d0"", ""d6""]",2,8438e91f2a3ab1d7,f6c8bf3d085c85ae,94de9e90e231b35b,same,npn_94de9e90e231b35b,6,source_graph_or_pi_replayable,evidence_advancement_v1
3abf0e064e0025e8,generated_mux_tree_8,variants/generated_mux_tree_8_original.blif,virtual_binary_cut,"or(d0,d6)","[""d0"", ""d6""]","[""d0"", ""d6""]",2,c7e0217df4e95db8,56f9b2543a8bb44b,c580333a48d30dad,same,npn_94de9e90e231b35b,6,source_graph_or_pi_replayable,evidence_advancement_v1
ce45d359a2e03a9e,generated_mux_tree_8,variants/generated_mux_tree_8_original.blif,virtual_binary_cut,"xor(d0,d6)","[""d0"", ""d6""]","[""d0"", ""d6""]",2,a64c262744db166e,163afd6c32c34e67,b5d1f15c17250b42,same,npn_b5d1f15c17250b42,6,source_graph_or_pi_replayable,evidence_advancement_v1
65ae445d9bd5a0e5,generated_mux_tree_8,variants/generated_mux_tree_8_original.blif,virtual_binary_cut,"and(d0,not(d6))","[""d0"", ""d6""]","[""d0"", ""d6""]",2,9c4758b5a0ca9103,1781880894fb5f1b,90f21496b5c851e8,same,npn_94de9e90e231b35b,6,source_graph_or_pi_replayable,evidence_advancement_v1
c17dfede0d3bfb05,generated_mux_tree_8,variants/generated_mux_tree_8_original.blif,virtual_binary_cut,"or(d0,not(d6))","[""d0"", ""d6""]","[""d0"", ""d6""]",2,7bac66fbd3346876,9be09e7a3e1fbcf9,2c24932e8e4ebc2f,inverted,npn_94de9e90e231b35b,6,source_graph_or_pi_replayable,evidence_advancement_v1
c89046485aa64ac0,generated_mux_tree_8,variants/generated_mux_tree_8_original.blif,virtual_binary_cut,"and(d0,d7)","[""d0"", ""d7""]","[""d0"", ""d7""]",2,51ef2f0a7f6ee1b2,e87f71842813d6a5,94de9e90e231b35b,same,npn_94de9e90e231b35b,6,source_graph_or_pi_replayable,evidence_advancement_v1
bca5ff6d7eae8887,generated_mux_tree_8,variants/generated_mux_tree_8_original.blif,virtual_binary_cut,"or(d0,d7)","[""d0"", ""d7""]","[""d0"", ""d7""]",2,4d600cf40d941cc8,b5a9043da72af316,c580333a48d30dad,same,npn_94de9e90e231b35b,6,source_graph_or_pi_replayable,evidence_advancement_v1
328d4962658afe76,generated_mux_tree_8,variants/generated_mux_tree_8_original.blif,virtual_binary_cut,"xor(d0,d7)","[""d0"", ""d7""]","[""d0"", ""d7""]",2,16f5a73018fdf288,a563066f61a4011f,b5d1f15c17250b42,same,npn_b5d1f15c17250b42,6,source_graph_or_pi_replayable,evidence_advancement_v1
8ff19ab87f80ee33,generated_mux_tree_8,variants/generated_mux_tree_8_original.blif,virtual_binary_cut,"and(d0,not(d7))","[""d0"", ""d7""]","[""d0"", ""d7""]",2,170d006b2f8d8aef,efc6fefbdda6fd97,90f21496b5c851e8,same,npn_94de9e90e231b35b,6,source_graph_or_pi_replayable,evidence_advancement_v1
7bfbec76fb479a54,generated_mux_tree_8,variants/generated_mux_tree_8_original.blif,virtual_binary_cut,"or(d0,not(d7))","[""d0"", ""d7""]","[""d0"", ""d7""]",2,12b7fcca7f76a38c,2504381ac41106f8,2c24932e8e4ebc2f,inverted,npn_94de9e90e231b35b,6,source_graph_or_pi_replayable,evidence_advancement_v1
fe9fe673a9e0c26b,generated_mux_tree_8,variants/generated_mux_tree_8_original.blif,virtual_binary_cut,"and(d0,s0)","[""d0"", ""s0""]","[""d0"", ""s0""]",2,0f2fdf44db9943d7,621189f21d93d658,94de9e90e231b35b,same,npn_94de9e90e231b35b,6,source_graph_or_pi_replayable,evidence_advancement_v1
9e55d18a171e1004,generated_mux_tree_8,variants/generated_mux_tree_8_original.blif,virtual_binary_cut,"or(d0,s0)","[""d0"", ""s0""]","[""d0"", ""s0""]",2,6a511ae6495ac4b1,a337d1be4e85b447,c580333a48d30dad,same,npn_94de9e90e231b35b,6,source_graph_or_pi_replayable,evidence_advancement_v1
a4337f76f3d76ea6,generated_mux_tree_8,variants/generated_mux_tree_8_original.blif,virtual_binary_cut,"xor(d0,s0)","[""d0"", ""s0""]","[""d0"", ""s0""]",2,15b2cd115f4c058d,8439b315b1df58a2,b5d1f15c17250b42,same,npn_b5d1f15c17250b42,6,source_graph_or_pi_replayable,evidence_advancement_v1
c06343bfead42ff5,generated_mux_tree_8,variants/generated_mux_tree_8_original.blif,virtual_binary_cut,"and(d0,not(s0))","[""d0"", ""s0""]","[""d0"", ""s0""]",2,eadae17b0500a86f,c6a905d7b61aa0bf,90f21496b5c851e8,same,npn_94de9e90e231b35b,6,source_graph_or_pi_replayable,evidence_advancement_v1
a7b703ea30fbc958,generated_mux_tree_8,variants/generated_mux_tree_8_original.blif,virtual_binary_cut,"or(d0,not(s0))","[""d0"", ""s0""]","[""d0"", ""s0""]",2,469714cae7ab9494,610fbe49badbabcf,2c24932e8e4ebc2f,inverted,npn_94de9e90e231b35b,6,source_graph_or_pi_replayable,evidence_advancement_v1
a0bc86e2d5af968a,generated_mux_tree_8,variants/generated_mux_tree_8_original.blif,virtual_binary_cut,"and(d0,s1)","[""d0"", ""s1""]","[""d0"", ""s1""]",2,1c522b9750bc486b,d3aaa7d4ef49d342,94de9e90e231b35b,same,npn_94de9e90e231b35b,6,source_graph_or_pi_replayable,evidence_advancement_v1
ce37b9bbec1711b1,generated_mux_tree_8,variants/generated_mux_tree_8_original.blif,virtual_binary_cut,"or(d0,s1)","[""d0"", ""s1""]","[""d0"", ""s1""]",2,7635b440de34de6a,ad6ad0f2d700a5a9,c580333a48d30dad,same,npn_94de9e90e231b35b,6,source_graph_or_pi_replayable,evidence_advancement_v1
0e422a9201b27722,generated_mux_tree_8,variants/generated_mux_tree_8_original.blif,virtual_binary_cut,"xor(d0,s1)","[""d0"", ""s1""]","[""d0"", ""s1""]",2,39cc4382a1bc2479,77273ce63fed0ba9,b5d1f15c17250b42,same,npn_b5d1f15c17250b42,6,source_graph_or_pi_replayable,evidence_advancement_v1
b1187b3c1b475d5a,generated_mux_tree_8,variants/generated_mux_tree_8_original.blif,virtual_binary_cut,"and(d0,not(s1))","[""d0"", ""s1""]","[""d0"", ""s1""]",2,8883db6a6643df46,4a49b7c4742fa5aa,90f21496b5c851e8,same,npn_94de9e90e231b35b,6,source_graph_or_pi_replayable,evidence_advancement_v1
29c3aa434155b9e6,generated_mux_tree_8,variants/generated_mux_tree_8_original.blif,virtual_binary_cut,"or(d0,not(s1))","[""d0"", ""s1""]","[""d0"", ""s1""]",2,e884f6dabca77a5b,c677f045a282f279,2c24932e8e4ebc2f,inverted,npn_94de9e90e231b35b,6,source_graph_or_pi_replayable,evidence_advancement_v1
d5d58ecc5c18dd5e,generated_mux_tree_8,variants/generated_mux_tree_8_original.blif,virtual_binary_cut,"and(d0,s2)","[""d0"", ""s2""]","[""d0"", ""s2""]",2,e576f0029fe0dc81,4003ea069ea15c26,94de9e90e231b35b,same,npn_94de9e90e231b35b,6,source_graph_or_pi_replayable,evidence_advancement_v1
f5361f22ccfb4d93,generated_mux_tree_8,variants/generated_mux_tree_8_original.blif,virtual_binary_cut,"or(d0,s2)","[""d0"", ""s2""]","[""d0"", ""s2""]",2,f5fb6cfaee787629,8ed6472de59e811a,c580333a48d30dad,same,npn_94de9e90e231b35b,6,source_graph_or_pi_replayable,evidence_advancement_v1
d152c609ee907e20,generated_mux_tree_8,variants/generated_mux_tree_8_original.blif,virtual_binary_cut,"xor(d0,s2)","[""d0"", ""s2""]","[""d0"", ""s2""]",2,e8bb20245e5c4d42,b24dc178f753f4d4,b5d1f15c17250b42,same,npn_b5d1f15c17250b42,6,source_graph_or_pi_replayable,evidence_advancement_v1
719b5817b7690af4,generated_mux_tree_8,variants/generated_mux_tree_8_original.blif,virtual_binary_cut,"and(d0,not(s2))","[""d0"", ""s2""]","[""d0"", ""s2""]",2,5f7eb89fb026af98,b5eb3eb1cf13a759,90f21496b5c851e8,same,npn_94de9e90e231b35b,6,source_graph_or_pi_replayable,evidence_advancement_v1
65ed72985ee51bf0,generated_mux_tree_8,variants/generated_mux_tree_8_original.blif,virtual_binary_cut,"or(d0,not(s2))","[""d0"", ""s2""]","[""d0"", ""s2""]",2,afe9da5dda90bf85,85404a9807e38ce9,2c24932e8e4ebc2f,inverted,npn_94de9e90e231b35b,6,source_graph_or_pi_replayable,evidence_advancement_v1
23db1d71ea633a54,generated_mux_tree_8,variants/generated_mux_tree_8_original.blif,virtual_binary_cut,"and(d0,new_n13)","[""d0"", ""new_n13""]","[""d0"", ""d6"", ""s2""]",3,ef20f46e39138e62,20a9e0b1b5919b02,18025d3f5a1dde11,same,npn_24165068bb0dbfca,6,source_graph_or_pi_replayable,evidence_advancement_v1
86a7f373a395f7de,generated_mux_tree_8,variants/generated_mux_tree_8_original.blif,virtual_binary_cut,"or(d0,new_n13)","[""d0"", ""new_n13""]","[""d0"", ""d6"", ""s2""]",3,e6bafc20f53f1a2f,19e4badf98f2b19a,ae302d946b055aeb,same,npn_358a268fde92333a,6,source_graph_or_pi_replayable,evidence_advancement_v1
1202ed856e7f2006,generated_mux_tree_8,variants/generated_mux_tree_8_original.blif,virtual_binary_cut,"xor(d0,new_n13)","[""d0"", ""new_n13""]","[""d0"", ""d6"", ""s2""]",3,b01d5070bd9f6a29,cafb9e6117f5aae3,62ad13d001efd14a,same,npn_2e96a02abe3f2e05,6,source_graph_or_pi_replayable,evidence_advancement_v1
59648ee103c9670f,generated_mux_tree_8,variants/generated_mux_tree_8_original.blif,virtual_binary_cut,"and(d0,not(new_n13))","[""d0"", ""new_n13""]","[""d0"", ""d6"", ""s2""]",3,203f25b7fea280e2,c411452f02048973,d91fd2902f08ff9c,same,npn_358a268fde92333a,6,source_graph_or_pi_replayable,evidence_advancement_v1
81e7730bd57733d0,generated_mux_tree_8,variants/generated_mux_tree_8_original.blif,virtual_binary_cut,"or(d0,not(new_n13))","[""d0"", ""new_n13""]","[""d0"", ""d6"", ""s2""]",3,43601333548ec168,8e30230fe5c37ad6,00e3755f7c92db5f,inverted,npn_24165068bb0dbfca,6,source_graph_or_pi_replayable,evidence_advancement_v1
363ff3cf5ca0ed95,generated_mux_tree_8,variants/generated_mux_tree_8_original.blif,virtual_binary_cut,"and(d0,new_n14)","[""d0"", ""new_n14""]","[""d0"", ""d7"", ""s2""]",3,29a1f6a1c74936d3,7c9988bd3e74a5ef,24165068bb0dbfca,same,npn_24165068bb0dbfca,6,source_graph_or_pi_replayable,evidence_advancement_v1
47e95533762d6ece,generated_mux_tree_8,variants/generated_mux_tree_8_original.blif,virtual_binary_cut,"or(d0,new_n14)","[""d0"", ""new_n14""]","[""d0"", ""d7"", ""s2""]",3,032e4d88ba255742,f0f598e1e003f522,2d3d88fc9460d408,same,npn_358a268fde92333a,6,source_graph_or_pi_replayable,evidence_advancement_v1
b938e1d81d132bc8,generated_mux_tree_8,variants/generated_mux_tree_8_original.blif,virtual_binary_cut,"xor(d0,new_n14)","[""d0"", ""new_n14""]","[""d0"", ""d7"", ""s2""]",3,77a6b4aab3dd783f,f14da88e4fcc2af9,60196d9c90521e9d,same,npn_2e96a02abe3f2e05,6,source_graph_or_pi_replayable,evidence_advancement_v1
69f42b49db8393f0,generated_mux_tree_8,variants/generated_mux_tree_8_original.blif,virtual_binary_cut,"and(d0,not(new_n14))","[""d0"", ""new_n14""]","[""d0"", ""d7"", ""s2""]",3,4630b670e85316ca,a46158a13505da6f,86541bc0ebd49ad1,same,npn_358a268fde92333a,6,source_graph_or_pi_replayable,evidence_advancement_v1
b7cdab4f20b68c5e,generated_mux_tree_8,variants/generated_mux_tree_8_original.blif,virtual_binary_cut,"or(d0,not(new_n14))","[""d0"", ""new_n14""]","[""d0"", ""d7"", ""s2""]",3,4bf3371838629d50,7a4ccc1ea367200d,9ebc1ab9a061b3d1,inverted,npn_24165068bb0dbfca,6,source_graph_or_pi_replayable,evidence_advancement_v1
20a00e8fc8703900,generated_mux_tree_8,variants/generated_mux_tree_8_original.blif,virtual_binary_cut,"and(d0,new_n15)","[""d0"", ""new_n15""]","[""d0"", ""d6"", ""d7"", ""s2""]",4,ef16ebb97d0f604f,f35d2fd223b2a074,de77117a23989d55,same,npn_30bd548f77574dc9,6,source_graph_or_pi_replayable,evidence_advancement_v1
27788f5247e76527,generated_mux_tree_8,variants/generated_mux_tree_8_original.blif,virtual_binary_cut,"or(d0,new_n15)","[""d0"", ""new_n15""]","[""d0"", ""d6"", ""d7"", ""s2""]",4,e79e5617560e4e43,957f76238bcb3e20,d9f23e4a29601433,inverted,npn_30bd548f77574dc9,6,source_graph_or_pi_replayable,evidence_advancement_v1
bb65479e013a7d7a,generated_mux_tree_8,variants/generated_mux_tree_8_original.blif,virtual_binary_cut,"xor(d0,new_n15)","[""d0"", ""new_n15""]","[""d0"", ""d6"", ""d7"", ""s2""]",4,2c817d6aeb5364b0,7503da209482bcd8,4aa1699fb12f3540,inverted,npn_3e802cd916fdb092,6,source_graph_or_pi_replayable,evidence_advancement_v1
3ec38f6caace4650,generated_mux_tree_8,variants/generated_mux_tree_8_original.blif,virtual_binary_cut,"and(d0,not(new_n15))","[""d0"", ""new_n15""]","[""d0"", ""d6"", ""d7"", ""s2""]",4,a70ae65c6b27a865,3c52449d09b2f8d2,a8286fb241928ee2,same,npn_30bd548f77574dc9,6,source_graph_or_pi_replayable,evidence_advancement_v1
7642b069e1bf2e07,generated_mux_tree_8,variants/generated_mux_tree_8_original.blif,virtual_binary_cut,"or(d0,not(new_n15))","[""d0"", ""new_n15""]","[""d0"", ""d6"", ""d7"", ""s2""]",4,a9a965bfe94b83cf,d90c50f4311e9e7b,79e8680c5a9a1a49,same,npn_30bd548f77574dc9,6,source_graph_or_pi_replayable,evidence_advancement_v1
517bcb2918131911,generated_mux_tree_8,variants/generated_mux_tree_8_original.blif,virtual_binary_cut,"and(d0,new_n16)","[""d0"", ""new_n16""]","[""d0"", ""d4"", ""s2""]",3,399fd9b68ed51303,a13ece4fd658d26d,18025d3f5a1dde11,same,npn_24165068bb0dbfca,6,source_graph_or_pi_replayable,evidence_advancement_v1
cf0d70f6de23943b,generated_mux_tree_8,variants/generated_mux_tree_8_original.blif,virtual_binary_cut,"or(d0,new_n16)","[""d0"", ""new_n16""]","[""d0"", ""d4"", ""s2""]",3,0e95de066c974abd,c79d1915950f757f,ae302d946b055aeb,same,npn_358a268fde92333a,6,source_graph_or_pi_replayable,evidence_advancement_v1
a4d9770cbe01a482,generated_mux_tree_8,variants/generated_mux_tree_8_original.blif,virtual_binary_cut,"xor(d0,new_n16)","[""d0"", ""new_n16""]","[""d0"", ""d4"", ""s2""]",3,89ddc2ff57048856,0a8dfae100dcad90,62ad13d001efd14a,same,npn_2e96a02abe3f2e05,6,source_graph_or_pi_replayable,evidence_advancement_v1
e43368128d985e78,generated_mux_tree_8,variants/generated_mux_tree_8_original.blif,virtual_binary_cut,"and(d0,not(new_n16))","[""d0"", ""new_n16""]","[""d0"", ""d4"", ""s2""]",3,5e1b71e1590df70c,209f7d3132e0958c,d91fd2902f08ff9c,same,npn_358a268fde92333a,6,source_graph_or_pi_replayable,evidence_advancement_v1
3ca4c9f049b9ab28,generated_mux_tree_8,variants/generated_mux_tree_8_original.blif,virtual_binary_cut,"or(d0,not(new_n16))","[""d0"", ""new_n16""]","[""d0"", ""d4"", ""s2""]",3,5e6aec797c4b4582,0f27bd927c81e0d2,00e3755f7c92db5f,inverted,npn_24165068bb0dbfca,6,source_graph_or_pi_replayable,evidence_advancement_v1
59e8bd0804517969,generated_mux_tree_8,variants/generated_mux_tree_8_original.blif,virtual_binary_cut,"and(d0,new_n17)","[""d0"", ""new_n17""]","[""d0"", ""d5"", ""s2""]",3,bb86a419852e294a,cbd963bb7a18d041,24165068bb0dbfca,same,npn_24165068bb0dbfca,6,source_graph_or_pi_replayable,evidence_advancement_v1
52e6527d3570a0ee,generated_mux_tree_8,variants/generated_mux_tree_8_original.blif,virtual_binary_cut,"or(d0,new_n17)","[""d0"", ""new_n17""]","[""d0"", ""d5"", ""s2""]",3,e987fc58174fb3fb,24fd18fe9f9a77d7,2d3d88fc9460d408,same,npn_358a268fde92333a,6,source_graph_or_pi_replayable,evidence_advancement_v1
261970a6c37db89c,generated_mux_tree_8,variants/generated_mux_tree_8_original.blif,virtual_binary_cut,"xor(d0,new_n17)","[""d0"", ""new_n17""]","[""d0"", ""d5"", ""s2""]",3,1d8c3019f4039a0d,e7feee850893ad55,60196d9c90521e9d,same,npn_2e96a02abe3f2e05,6,source_graph_or_pi_replayable,evidence_advancement_v1
9c5048583bcf8b98,generated_mux_tree_8,variants/generated_mux_tree_8_original.blif,virtual_binary_cut,"and(d0,not(new_n17))","[""d0"", ""new_n17""]","[""d0"", ""d5"", ""s2""]",3,204858235d0aab6d,347d960f53f79ff2,86541bc0ebd49ad1,same,npn_358a268fde92333a,6,source_graph_or_pi_replayable,evidence_advancement_v1
653c4d20f829d0b3,generated_mux_tree_8,variants/generated_mux_tree_8_original.blif,virtual_binary_cut,"or(d0,not(new_n17))","[""d0"", ""new_n17""]","[""d0"", ""d5"", ""s2""]",3,a86625c1c8b35a4c,2bf08e230a72eed1,9ebc1ab9a061b3d1,inverted,npn_24165068bb0dbfca,6,source_graph_or_pi_replayable,evidence_advancement_v1
c545362a93e1d781,generated_mux_tree_8,variants/generated_mux_tree_8_original.blif,virtual_binary_cut,"and(d0,new_n18)","[""d0"", ""new_n18""]","[""d0"", ""d4"", ""d5"", ""s2""]",4,f2fd5f870134e5c6,b09bdc7a1a259adb,de77117a23989d55,same,npn_30bd548f77574dc9,6,source_graph_or_pi_replayable,evidence_advancement_v1
c56a952d2b252fb0,generated_mux_tree_8,variants/generated_mux_tree_8_original.blif,virtual_binary_cut,"or(d0,new_n18)","[""d0"", ""new_n18""]","[""d0"", ""d4"", ""d5"", ""s2""]",4,26c2eb717b3ebd28,b9faebe3121cafd9,d9f23e4a29601433,inverted,npn_30bd548f77574dc9,6,source_graph_or_pi_replayable,evidence_advancement_v1
74332ed4dc387537,generated_mux_tree_8,variants/generated_mux_tree_8_original.blif,virtual_binary_cut,"xor(d0,new_n18)","[""d0"", ""new_n18""]","[""d0"", ""d4"", ""d5"", ""s2""]",4,f4c24daab27cf905,b8482451f2b399b3,4aa1699fb12f3540,inverted,npn_3e802cd916fdb092,6,source_graph_or_pi_replayable,evidence_advancement_v1
76cc40cff0768989,generated_mux_tree_8,variants/generated_mux_tree_8_original.blif,virtual_binary_cut,"and(d0,not(new_n18))","[""d0"", ""new_n18""]","[""d0"", ""d4"", ""d5"", ""s2""]",4,1b8fc9cca6c2ea0f,e5ca09654769977b,a8286fb241928ee2,same,npn_30bd548f77574dc9,6,source_graph_or_pi_replayable,evidence_advancement_v1
dc6dbc3f9b127479,generated_mux_tree_8,variants/generated_mux_tree_8_original.blif,virtual_binary_cut,"or(d0,not(new_n18))","[""d0"", ""new_n18""]","[""d0"", ""d4"", ""d5"", ""s2""]",4,61e0cf91240f65bb,b8f006035a6b5c02,79e8680c5a9a1a49,same,npn_30bd548f77574dc9,6,source_graph_or_pi_replayable,evidence_advancement_v1
b0d3c252fc1e43e9,generated_mux_tree_8,variants/generated_mux_tree_8_original.blif,virtual_binary_cut,"and(d0,new_n19)","[""d0"", ""new_n19""]","[""d0"", ""d4"", ""d5"", ""s1"", ""s2""]",5,1eb41f29e3ac9b6e,0b7e36fab233068b,c880eb84187952a7,same,support_gt4,6,source_graph_or_pi_replayable,evidence_advancement_v1
724f675f27aa197e,generated_mux_tree_8,variants/generated_mux_tree_8_original.blif,virtual_binary_cut,"or(d0,new_n19)","[""d0"", ""new_n19""]","[""d0"", ""d4"", ""d5"", ""s1"", ""s2""]",5,af59e1bd8ac59965,b5c3df3bc4b3b6f4,20e29a835764f28f,same,support_gt4,6,source_graph_or_pi_replayable,evidence_advancement_v1
56731eb14f98265a,generated_mux_tree_8,variants/generated_mux_tree_8_original.blif,virtual_binary_cut,"xor(d0,new_n19)","[""d0"", ""new_n19""]","[""d0"", ""d4"", ""d5"", ""s1"", ""s2""]",5,e69707250da1442a,c1feb330d1d69c08,470fcb8864e68513,same,support_gt4,6,source_graph_or_pi_replayable,evidence_advancement_v1
a2b9aee1e6536e23,generated_mux_tree_8,variants/generated_mux_tree_8_original.blif,virtual_binary_cut,"and(d0,not(new_n19))","[""d0"", ""new_n19""]","[""d0"", ""d4"", ""d5"", ""s1"", ""s2""]",5,b9825a535a973877,17a4ef83080f48cf,a17c75cea4e8a222,same,support_gt4,6,source_graph_or_pi_replayable,evidence_advancement_v1
55b14b81df246d7f,generated_mux_tree_8,variants/generated_mux_tree_8_original.blif,virtual_binary_cut,"or(d0,not(new_n19))","[""d0"", ""new_n19""]","[""d0"", ""d4"", ""d5"", ""s1"", ""s2""]",5,659ec153a80c5180,6c94602bcb0a2a5b,7d263d1cb449f65b,inverted,support_gt4,6,source_graph_or_pi_replayable,evidence_advancement_v1
b744b3159e6a44dc,generated_mux_tree_8,variants/generated_mux_tree_8_original.blif,virtual_binary_cut,"and(d0,new_n20)","[""d0"", ""new_n20""]","[""d0"", ""d6"", ""d7"", ""s1"", ""s2""]",5,d7efe3f5a046d21c,3858f0bc5bf21e6a,1e748c29a8a9ba94,same,support_gt4,6,source_graph_or_pi_replayable,evidence_advancement_v1
85952320f0221978,generated_mux_tree_8,variants/generated_mux_tree_8_original.blif,virtual_binary_cut,"or(d0,new_n20)","[""d0"", ""new_n20""]","[""d0"", ""d6"", ""d7"", ""s1"", ""s2""]",5,be440397a6dd1219,c9f7943722f9d592,a0560211cb1ba0b0,same,support_gt4,6,source_graph_or_pi_replayable,evidence_advancement_v1
c4a7f2075fc78198,generated_mux_tree_8,variants/generated_mux_tree_8_original.blif,virtual_binary_cut,"xor(d0,new_n20)","[""d0"", ""new_n20""]","[""d0"", ""d6"", ""d7"", ""s1"", ""s2""]",5,38bc5acd8a8be974,b6db571ee2dd4647,893b32d2f4711a58,same,support_gt4,6,source_graph_or_pi_replayable,evidence_advancement_v1
66edaa5d31d78921,generated_mux_tree_8,variants/generated_mux_tree_8_original.blif,virtual_binary_cut,"and(d0,not(new_n20))","[""d0"", ""new_n20""]","[""d0"", ""d6"", ""d7"", ""s1"", ""s2""]",5,90fc2718f015045f,a6993fa4242dbf47,5fc826568874324f,same,support_gt4,6,source_graph_or_pi_replayable,evidence_advancement_v1
6463de7e06f4118e,generated_mux_tree_8,variants/generated_mux_tree_8_original.blif,virtual_binary_cut,"or(d0,not(new_n20))","[""d0"", ""new_n20""]","[""d0"", ""d6"", ""d7"", ""s1"", ""s2""]",5,e0c7c686bcb703c5,f9762bd03defb2a9,8708c65e734e6b4b,inverted,support_gt4,6,source_graph_or_pi_replayable,evidence_advancement_v1
71a56dff7b1675a2,generated_mux_tree_8,variants/generated_mux_tree_8_original.blif,virtual_binary_cut,"and(d0,new_n22)","[""d0"", ""new_n22""]","[""d0"", ""d2"", ""s2""]",3,74084c2ac91bd120,76ddc9a7fa67f38e,18025d3f5a1dde11,same,npn_24165068bb0dbfca,6,source_graph_or_pi_replayable,evidence_advancement_v1
cda3f7dca502f3dd,generated_mux_tree_8,variants/generated_mux_tree_8_original.blif,virtual_binary_cut,"or(d0,new_n22)","[""d0"", ""new_n22""]","[""d0"", ""d2"", ""s2""]",3,b6511f4da6e8658f,3c3e45e833e7654c,ae302d946b055aeb,same,npn_358a268fde92333a,6,source_graph_or_pi_replayable,evidence_advancement_v1
0c9de82802cd7d30,generated_mux_tree_8,variants/generated_mux_tree_8_original.blif,virtual_binary_cut,"xor(d0,new_n22)","[""d0"", ""new_n22""]","[""d0"", ""d2"", ""s2""]",3,d4c21a81231c9e81,7de59cba58c8dc8e,62ad13d001efd14a,same,npn_2e96a02abe3f2e05,6,source_graph_or_pi_replayable,evidence_advancement_v1
8ed145771c518dc2,generated_mux_tree_8,variants/generated_mux_tree_8_original.blif,virtual_binary_cut,"and(d0,not(new_n22))","[""d0"", ""new_n22""]","[""d0"", ""d2"", ""s2""]",3,a7ee84ee9419524c,fb1425d5b73d7ea0,d91fd2902f08ff9c,same,npn_358a268fde92333a,6,source_graph_or_pi_replayable,evidence_advancement_v1
88172688c39771b7,generated_mux_tree_8,variants/generated_mux_tree_8_original.blif,virtual_binary_cut,"or(d0,not(new_n22))","[""d0"", ""new_n22""]","[""d0"", ""d2"", ""s2""]",3,fffca7b54814f9c9,8097378de7334bb1,00e3755f7c92db5f,inverted,npn_24165068bb0dbfca,6,source_graph_or_pi_replayable,evidence_advancement_v1
1f903544d26a20b9,generated_mux_tree_8,variants/generated_mux_tree_8_original.blif,virtual_binary_cut,"and(d0,new_n23)","[""d0"", ""new_n23""]","[""d0"", ""d3"", ""s2""]",3,26bdc3863562d629,8e15a24e2a471f67,24165068bb0dbfca,same,npn_24165068bb0dbfca,6,source_graph_or_pi_replayable,evidence_advancement_v1
ee953e041399fc7d,generated_mux_tree_8,variants/generated_mux_tree_8_original.blif,virtual_binary_cut,"or(d0,new_n23)","[""d0"", ""new_n23""]","[""d0"", ""d3"", ""s2""]",3,66341ca99db3559b,60e119cd758b9f76,2d3d88fc9460d408,same,npn_358a268fde92333a,6,source_graph_or_pi_replayable,evidence_advancement_v1
b960f722b2b53eed,generated_mux_tree_8,variants/generated_mux_tree_8_original.blif,virtual_binary_cut,"xor(d0,new_n23)","[""d0"", ""new_n23""]","[""d0"", ""d3"", ""s2""]",3,b87438f6c97eefc2,2cc99420e9106ef5,60196d9c90521e9d,same,npn_2e96a02abe3f2e05,6,source_graph_or_pi_replayable,evidence_advancement_v1
a53da51099ca867d,generated_mux_tree_8,variants/generated_mux_tree_8_original.blif,virtual_binary_cut,"and(d0,not(new_n23))","[""d0"", ""new_n23""]","[""d0"", ""d3"", ""s2""]",3,d949b7eb1081a273,0c6ae11cf9a1a9c0,86541bc0ebd49ad1,same,npn_358a268fde92333a,6,source_graph_or_pi_replayable,evidence_advancement_v1
3f8c83d09ff37741,generated_mux_tree_8,variants/generated_mux_tree_8_original.blif,virtual_binary_cut,"or(d0,not(new_n23))","[""d0"", ""new_n23""]","[""d0"", ""d3"", ""s2""]",3,16550c01feb8556d,4484c728e8951559,9ebc1ab9a061b3d1,inverted,npn_24165068bb0dbfca,6,source_graph_or_pi_replayable,evidence_advancement_v1
a36426ae6fbb58c9,generated_mux_tree_8,variants/generated_mux_tree_8_original.blif,virtual_binary_cut,"and(d0,new_n24)","[""d0"", ""new_n24""]","[""d0"", ""d2"", ""d3"", ""s2""]",4,2dadd19f1e9b354b,2673ece1752c263a,de77117a23989d55,same,npn_30bd548f77574dc9,6,source_graph_or_pi_replayable,evidence_advancement_v1
65f50ce3df3a2c7a,generated_mux_tree_8,variants/generated_mux_tree_8_original.blif,virtual_binary_cut,"or(d0,new_n24)","[""d0"", ""new_n24""]","[""d0"", ""d2"", ""d3"", ""s2""]",4,bd0d1fdb24a9f0bb,da3dbc100fc5ba1c,d9f23e4a29601433,inverted,npn_30bd548f77574dc9,6,source_graph_or_pi_replayable,evidence_advancement_v1
b604b8b6d034c3a1,generated_mux_tree_8,variants/generated_mux_tree_8_original.blif,virtual_binary_cut,"xor(d0,new_n24)","[""d0"", ""new_n24""]","[""d0"", ""d2"", ""d3"", ""s2""]",4,f4f4af2b9f5edf0e,a5caa0b85d0e6dbf,4aa1699fb12f3540,inverted,npn_3e802cd916fdb092,6,source_graph_or_pi_replayable,evidence_advancement_v1
d0543b242ebbf044,generated_mux_tree_8,variants/generated_mux_tree_8_original.blif,virtual_binary_cut,"and(d0,not(new_n24))","[""d0"", ""new_n24""]","[""d0"", ""d2"", ""d3"", ""s2""]",4,75488ea42115a768,ff13c2ebe2a01627,a8286fb241928ee2,same,npn_30bd548f77574dc9,6,source_graph_or_pi_replayable,evidence_advancement_v1
5bb43b7516780bdf,generated_mux_tree_8,variants/generated_mux_tree_8_original.blif,virtual_binary_cut,"or(d0,not(new_n24))","[""d0"", ""new_n24""]","[""d0"", ""d2"", ""d3"", ""s2""]",4,43da403702b61531,45fbb4bbdb1588c1,79e8680c5a9a1a49,same,npn_30bd548f77574dc9,6,source_graph_or_pi_replayable,evidence_advancement_v1
d396db73906a15c8,generated_mux_tree_8,variants/generated_mux_tree_8_original.blif,virtual_binary_cut,"or(d0,new_n25)","[""d0"", ""new_n25""]","[""d0"", ""s2""]",2,42c1d30ee92bc9c9,0e8906d15baddf65,f14e1817ec32b1b5,same,npn_6471b342ae3c3106,6,source_graph_or_pi_replayable,evidence_advancement_v1
661f1f8e98a4be1e,generated_mux_tree_8,variants/generated_mux_tree_8_original.blif,virtual_binary_cut,"or(d0,not(new_n25))","[""d0"", ""new_n25""]","[""d0"", ""s2""]",2,f4e1551536455a77,dd202c247abb3975,a90d007c2fc57df6,inverted,npn_a90d007c2fc57df6,6,source_graph_or_pi_replayable,evidence_advancement_v1
acc4cf4b9c46056a,generated_mux_tree_8,variants/generated_mux_tree_8_original.blif,virtual_binary_cut,"and(d0,new_n26)","[""d0"", ""new_n26""]","[""d0"", ""d1"", ""s2""]",3,1201df0fe6eb1d36,81a2b301d53f4646,24165068bb0dbfca,same,npn_24165068bb0dbfca,6,source_graph_or_pi_replayable,evidence_advancement_v1
6697fdb85d68ac53,generated_mux_tree_8,variants/generated_mux_tree_8_original.blif,virtual_binary_cut,"or(d0,new_n26)","[""d0"", ""new_n26""]","[""d0"", ""d1"", ""s2""]",3,68f4a2937660c10a,453f4a804a832c9e,2d3d88fc9460d408,same,npn_358a268fde92333a,6,source_graph_or_pi_replayable,evidence_advancement_v1
7bcc3d06fa3a8cd2,generated_mux_tree_8,variants/generated_mux_tree_8_original.blif,virtual_binary_cut,"xor(d0,new_n26)","[""d0"", ""new_n26""]","[""d0"", ""d1"", ""s2""]",3,d288c9622ed5c06d,3458edf4ffc50d7c,60196d9c90521e9d,same,npn_2e96a02abe3f2e05,6,source_graph_or_pi_replayable,evidence_advancement_v1
dd887df080be1a5d,generated_mux_tree_8,variants/generated_mux_tree_8_original.blif,virtual_binary_cut,"and(d0,not(new_n26))","[""d0"", ""new_n26""]","[""d0"", ""d1"", ""s2""]",3,7c55d27ccd46e910,0ea9f50d0348b3ce,86541bc0ebd49ad1,same,npn_358a268fde92333a,6,source_graph_or_pi_replayable,evidence_advancement_v1
652b0c1cd633d772,generated_mux_tree_8,variants/generated_mux_tree_8_original.blif,virtual_binary_cut,"or(d0,not(new_n26))","[""d0"", ""new_n26""]","[""d0"", ""d1"", ""s2""]",3,5188cb63d2f13c50,dc1cfbfb63452abd,9ebc1ab9a061b3d1,inverted,npn_24165068bb0dbfca,6,source_graph_or_pi_replayable,evidence_advancement_v1
276da4f8ac325aa2,generated_mux_tree_8,variants/generated_mux_tree_8_original.blif,virtual_binary_cut,"and(d0,new_n27)","[""d0"", ""new_n27""]","[""d0"", ""d1"", ""s2""]",3,f04d5a75a034c77a,d8bd24c96832de9f,afe6407a40ccdeab,same,npn_24165068bb0dbfca,6,source_graph_or_pi_replayable,evidence_advancement_v1
8abc30b0a7e5c088,generated_mux_tree_8,variants/generated_mux_tree_8_original.blif,virtual_binary_cut,"xor(d0,new_n27)","[""d0"", ""new_n27""]","[""d0"", ""d1"", ""s2""]",3,c5927c9117919ce0,79fbfbbb3c954059,c367d71c2eac76ee,inverted,npn_c367d71c2eac76ee,6,source_graph_or_pi_replayable,evidence_advancement_v1
16305c4acff33f36,generated_mux_tree_8,variants/generated_mux_tree_8_original.blif,virtual_binary_cut,"and(d0,not(new_n27))","[""d0"", ""new_n27""]","[""d0"", ""d1"", ""s2""]",3,a1d8a9d72851fde1,a0e64713fdfee20c,532ea7da4c9b5dcf,same,npn_358a268fde92333a,6,source_graph_or_pi_replayable,evidence_advancement_v1
c0230fdfbe523542,generated_mux_tree_8,variants/generated_mux_tree_8_original.blif,virtual_binary_cut,"and(d0,new_n28)","[""d0"", ""new_n28""]","[""d0"", ""d1"", ""s1"", ""s2""]",4,2890bb5a569521e7,aa2db60355e24d2b,e8d4b745855ab23f,same,npn_4cb7b108633f5b15,6,source_graph_or_pi_replayable,evidence_advancement_v1
0a6704123785fcd5,generated_mux_tree_8,variants/generated_mux_tree_8_original.blif,virtual_binary_cut,"or(d0,new_n28)","[""d0"", ""new_n28""]","[""d0"", ""d1"", ""s1"", ""s2""]",4,7f6b321a201dfea0,6d57de2952df8579,1449b13af86188f6,same,npn_f1cbb1cabe729e74,6,source_graph_or_pi_replayable,evidence_advancement_v1
090d6abdc9348d00,generated_mux_tree_8,variants/generated_mux_tree_8_original.blif,virtual_binary_cut,"xor(d0,new_n28)","[""d0"", ""new_n28""]","[""d0"", ""d1"", ""s1"", ""s2""]",4,ff626b41e6dee5e7,30e66b1cb76c1404,44b3839d3a5d7eb5,same,npn_f869abedc012cfa4,6,source_graph_or_pi_replayable,evidence_advancement_v1
ff8f66bb04c9316c,generated_mux_tree_8,variants/generated_mux_tree_8_original.blif,virtual_binary_cut,"and(d0,not(new_n28))","[""d0"", ""new_n28""]","[""d0"", ""d1"", ""s1"", ""s2""]",4,f57491b7d86f2048,0e0d51ffa7a35931,81c908ef8f41a406,same,npn_6fab987dd9725aac,6,source_graph_or_pi_replayable,evidence_advancement_v1
c7f31def89070e1d,generated_mux_tree_8,variants/generated_mux_tree_8_original.blif,virtual_binary_cut,"or(d0,not(new_n28))","[""d0"", ""new_n28""]","[""d0"", ""d1"", ""s1"", ""s2""]",4,462817b340224e5b,6cdc748bf8dd3544,d70688b68979f120,inverted,npn_027d5cd13197e7fe,6,source_graph_or_pi_replayable,evidence_advancement_v1
9f1c01c0c12781ed,generated_mux_tree_8,variants/generated_mux_tree_8_original.blif,virtual_binary_cut,"and(d0,new_n29)","[""d0"", ""new_n29""]","[""d0"", ""d2"", ""d3"", ""s1"", ""s2""]",5,0f042e4acacbe5a3,8dff98f53c468c3a,1e748c29a8a9ba94,same,support_gt4,6,source_graph_or_pi_replayable,evidence_advancement_v1
0a2eb038bafe5e0b,generated_mux_tree_8,variants/generated_mux_tree_8_original.blif,virtual_binary_cut,"or(d0,new_n29)","[""d0"", ""new_n29""]","[""d0"", ""d2"", ""d3"", ""s1"", ""s2""]",5,b578e6c060e5b90c,42d7c7f125e0953b,a0560211cb1ba0b0,same,support_gt4,6,source_graph_or_pi_replayable,evidence_advancement_v1
65d98d0d7d1991e8,generated_mux_tree_8,variants/generated_mux_tree_8_original.blif,virtual_binary_cut,"xor(d0,new_n29)","[""d0"", ""new_n29""]","[""d0"", ""d2"", ""d3"", ""s1"", ""s2""]",5,add7253f7dff2f8d,a7cf196094611f34,893b32d2f4711a58,same,support_gt4,6,source_graph_or_pi_replayable,evidence_advancement_v1
9af2dc703ec3e5ca,generated_mux_tree_8,variants/generated_mux_tree_8_original.blif,virtual_binary_cut,"and(d0,not(new_n29))","[""d0"", ""new_n29""]","[""d0"", ""d2"", ""d3"", ""s1"", ""s2""]",5,a1ea79857eccc26d,c22d6ebb44a492fe,5fc826568874324f,same,support_gt4,6,source_graph_or_pi_replayable,evidence_advancement_v1
e858899766aaa79b,generated_mux_tree_8,variants/generated_mux_tree_8_original.blif,virtual_binary_cut,"or(d0,not(new_n29))","[""d0"", ""new_n29""]","[""d0"", ""d2"", ""d3"", ""s1"", ""s2""]",5,cd5525b7a8a4cbc9,1ee7993033afb210,8708c65e734e6b4b,inverted,support_gt4,6,source_graph_or_pi_replayable,evidence_advancement_v1
110f8fc57066f033,generated_mux_tree_8,variants/generated_mux_tree_8_original.blif,virtual_binary_cut,"and(d0,new_n30)","[""d0"", ""new_n30""]","[""d0"", ""d1"", ""d2"", ""d3"", ""s1"", ""s2""]",6,de5339f30aeb0884,442adec3ed453557,6a8bf231b814a513,same,support_gt4,6,source_graph_or_pi_replayable,evidence_advancement_v1
579292d552ec1d60,generated_mux_tree_8,variants/generated_mux_tree_8_original.blif,virtual_binary_cut,"or(d0,new_n30)","[""d0"", ""new_n30""]","[""d0"", ""d1"", ""d2"", ""d3"", ""s1"", ""s2""]",6,491de6e2092d2d3e,ee2cb8de42ccc2bc,7814f85fa87a7eca,inverted,support_gt4,6,source_graph_or_pi_replayable,evidence_advancement_v1
9c5a85f3b8fbb52b,generated_mux_tree_8,variants/generated_mux_tree_8_original.blif,virtual_binary_cut,"xor(d0,new_n30)","[""d0"", ""new_n30""]","[""d0"", ""d1"", ""d2"", ""d3"", ""s1"", ""s2""]",6,014b09eaf651682c,67d9ec79de1a1798,80dc0114bc5108d3,inverted,support_gt4,6,source_graph_or_pi_replayable,evidence_advancement_v1
a3499bc4b9c1c687,generated_mux_tree_8,variants/generated_mux_tree_8_original.blif,virtual_binary_cut,"and(d0,not(new_n30))","[""d0"", ""new_n30""]","[""d0"", ""d1"", ""d2"", ""d3"", ""s1"", ""s2""]",6,8bc7135133209f43,ae7a5ff9a5146f59,1188675d1ebe4e4b,same,support_gt4,6,source_graph_or_pi_replayable,evidence_advancement_v1
f90d3a7c1f4bf663,generated_mux_tree_8,variants/generated_mux_tree_8_original.blif,virtual_binary_cut,"or(d0,not(new_n30))","[""d0"", ""new_n30""]","[""d0"", ""d1"", ""d2"", ""d3"", ""s1"", ""s2""]",6,a0aa45e2bd05f798,9a72d615c15fefa2,61fd0036c0eba71c,same,support_gt4,6,source_graph_or_pi_replayable,evidence_advancement_v1
5c7bef68fc7b75bd,generated_mux_tree_8,variants/generated_mux_tree_8_original.blif,virtual_binary_cut,"and(d1,d2)","[""d1"", ""d2""]","[""d1"", ""d2""]",2,0a58343dcad7b3d9,d06d0dd621caaf25,94de9e90e231b35b,same,npn_94de9e90e231b35b,6,source_graph_or_pi_replayable,evidence_advancement_v1
de09fbc829d8ac6e,generated_mux_tree_8,variants/generated_mux_tree_8_original.blif,virtual_binary_cut,"or(d1,d2)","[""d1"", ""d2""]","[""d1"", ""d2""]",2,71e3dfccc1720fb8,5d5c682c7b808472,c580333a48d30dad,same,npn_94de9e90e231b35b,6,source_graph_or_pi_replayable,evidence_advancement_v1
bb58a89506ae8ad8,generated_mux_tree_8,variants/generated_mux_tree_8_original.blif,virtual_binary_cut,"xor(d1,d2)","[""d1"", ""d2""]","[""d1"", ""d2""]",2,260cd80bbbe74e1b,93f5c5391ef7a06f,b5d1f15c17250b42,same,npn_b5d1f15c17250b42,6,source_graph_or_pi_replayable,evidence_advancement_v1
03d7e13021cac1d1,generated_mux_tree_8,variants/generated_mux_tree_8_original.blif,virtual_binary_cut,"and(d1,not(d2))","[""d1"", ""d2""]","[""d1"", ""d2""]",2,8db94354ad039e8c,235a50087a2a15c7,90f21496b5c851e8,same,npn_94de9e90e231b35b,6,source_graph_or_pi_replayable,evidence_advancement_v1
62cff91f6e880b44,generated_mux_tree_8,variants/generated_mux_tree_8_original.blif,virtual_binary_cut,"or(d1,not(d2))","[""d1"", ""d2""]","[""d1"", ""d2""]",2,31aa142b61482055,e4cf9d676ada8846,2c24932e8e4ebc2f,inverted,npn_94de9e90e231b35b,6,source_graph_or_pi_replayable,evidence_advancement_v1
4d6e53cb8ddfbe85,generated_mux_tree_8,variants/generated_mux_tree_8_original.blif,virtual_binary_cut,"and(d1,d3)","[""d1"", ""d3""]","[""d1"", ""d3""]",2,85c9272e5c5aec74,41608c26594bfed0,94de9e90e231b35b,same,npn_94de9e90e231b35b,6,source_graph_or_pi_replayable,evidence_advancement_v1
98b2ae422be37497,generated_mux_tree_8,variants/generated_mux_tree_8_original.blif,virtual_binary_cut,"or(d1,d3)","[""d1"", ""d3""]","[""d1"", ""d3""]",2,d25e44dd11698a55,d7e89fc4aeb09cbc,c580333a48d30dad,same,npn_94de9e90e231b35b,6,source_graph_or_pi_replayable,evidence_advancement_v1
6422bfef96e6269b,generated_mux_tree_8,variants/generated_mux_tree_8_original.blif,virtual_binary_cut,"xor(d1,d3)","[""d1"", ""d3""]","[""d1"", ""d3""]",2,31806c4807408bf0,aff921d57f486b5e,b5d1f15c17250b42,same,npn_b5d1f15c17250b42,6,source_graph_or_pi_replayable,evidence_advancement_v1
9b820b6f9f6b802a,generated_mux_tree_8,variants/generated_mux_tree_8_original.blif,virtual_binary_cut,"and(d1,not(d3))","[""d1"", ""d3""]","[""d1"", ""d3""]",2,ca61b93c83d9e2ad,41ff76d918a4e293,90f21496b5c851e8,same,npn_94de9e90e231b35b,6,source_graph_or_pi_replayable,evidence_advancement_v1
f784be5a58abbe6a,generated_mux_tree_8,variants/generated_mux_tree_8_original.blif,virtual_binary_cut,"or(d1,not(d3))","[""d1"", ""d3""]","[""d1"", ""d3""]",2,e2ac7d1153760608,ed42e9a6cf8a6ccc,2c24932e8e4ebc2f,inverted,npn_94de9e90e231b35b,6,source_graph_or_pi_replayable,evidence_advancement_v1
fba857c1a55d6f6e,generated_mux_tree_8,variants/generated_mux_tree_8_original.blif,virtual_binary_cut,"and(d1,d4)","[""d1"", ""d4""]","[""d1"", ""d4""]",2,352e76eeab7561aa,a7998cd0f2f79fe0,94de9e90e231b35b,same,npn_94de9e90e231b35b,6,source_graph_or_pi_replayable,evidence_advancement_v1
4232294b008e8fe3,generated_mux_tree_8,variants/generated_mux_tree_8_original.blif,virtual_binary_cut,"or(d1,d4)","[""d1"", ""d4""]","[""d1"", ""d4""]",2,c4d3f0e90d1efd1f,846f21a0e41496f2,c580333a48d30dad,same,npn_94de9e90e231b35b,6,source_graph_or_pi_replayable,evidence_advancement_v1
8c22aa4b10ba6e76,generated_mux_tree_8,variants/generated_mux_tree_8_original.blif,virtual_binary_cut,"xor(d1,d4)","[""d1"", ""d4""]","[""d1"", ""d4""]",2,9c045045cff87e06,d464cf9ead15d263,b5d1f15c17250b42,same,npn_b5d1f15c17250b42,6,source_graph_or_pi_replayable,evidence_advancement_v1
40040f8f6869b6d6,generated_mux_tree_8,variants/generated_mux_tree_8_original.blif,virtual_binary_cut,"and(d1,not(d4))","[""d1"", ""d4""]","[""d1"", ""d4""]",2,d4e53efeff5749c0,96dd29f9b69404d6,90f21496b5c851e8,same,npn_94de9e90e231b35b,6,source_graph_or_pi_replayable,evidence_advancement_v1
d9bc7c698b27115c,generated_mux_tree_8,variants/generated_mux_tree_8_original.blif,virtual_binary_cut,"or(d1,not(d4))","[""d1"", ""d4""]","[""d1"", ""d4""]",2,7e94ded323843806,e03f3ab96857759d,2c24932e8e4ebc2f,inverted,npn_94de9e90e231b35b,6,source_graph_or_pi_replayable,evidence_advancement_v1
d3d27123f5be9fa8,generated_mux_tree_8,variants/generated_mux_tree_8_original.blif,virtual_binary_cut,"and(d1,d5)","[""d1"", ""d5""]","[""d1"", ""d5""]",2,d8378307d2526ec7,3c73d3d040f2368d,94de9e90e231b35b,same,npn_94de9e90e231b35b,6,source_graph_or_pi_replayable,evidence_advancement_v1
79760297f27c7ee0,generated_mux_tree_8,variants/generated_mux_tree_8_original.blif,virtual_binary_cut,"or(d1,d5)","[""d1"", ""d5""]","[""d1"", ""d5""]",2,00433010202c2525,dc0c458dedd03648,c580333a48d30dad,same,npn_94de9e90e231b35b,6,source_graph_or_pi_replayable,evidence_advancement_v1
a9118fa40c2d75c0,generated_mux_tree_8,variants/generated_mux_tree_8_original.blif,virtual_binary_cut,"xor(d1,d5)","[""d1"", ""d5""]","[""d1"", ""d5""]",2,381da1bd92dfd24c,eab1a30d0375ff2d,b5d1f15c17250b42,same,npn_b5d1f15c17250b42,6,source_graph_or_pi_replayable,evidence_advancement_v1
c1f2b1e684493152,generated_mux_tree_8,variants/generated_mux_tree_8_original.blif,virtual_binary_cut,"and(d1,not(d5))","[""d1"", ""d5""]","[""d1"", ""d5""]",2,45e2b126ce97e6cc,58b5637c2928bb6a,90f21496b5c851e8,same,npn_94de9e90e231b35b,6,source_graph_or_pi_replayable,evidence_advancement_v1
79902860c42e5dfc,generated_mux_tree_8,variants/generated_mux_tree_8_original.blif,virtual_binary_cut,"or(d1,not(d5))","[""d1"", ""d5""]","[""d1"", ""d5""]",2,884f031606ca6490,25620a7243dcf8e3,2c24932e8e4ebc2f,inverted,npn_94de9e90e231b35b,6,source_graph_or_pi_replayable,evidence_advancement_v1
2a7c63dc4b360923,generated_mux_tree_8,variants/generated_mux_tree_8_original.blif,virtual_binary_cut,"and(d1,d6)","[""d1"", ""d6""]","[""d1"", ""d6""]",2,793be5f86e2e3b92,cb691528a0dca7f8,94de9e90e231b35b,same,npn_94de9e90e231b35b,6,source_graph_or_pi_replayable,evidence_advancement_v1
59d15ab7fb614525,generated_mux_tree_8,variants/generated_mux_tree_8_original.blif,virtual_binary_cut,"or(d1,d6)","[""d1"", ""d6""]","[""d1"", ""d6""]",2,d650a853502ce27f,b1265e74b6260be4,c580333a48d30dad,same,npn_94de9e90e231b35b,6,source_graph_or_pi_replayable,evidence_advancement_v1
15d2525b3090aae0,generated_mux_tree_8,variants/generated_mux_tree_8_original.blif,virtual_binary_cut,"xor(d1,d6)","[""d1"", ""d6""]","[""d1"", ""d6""]",2,151c5b650455ced2,aa27baa3c181e71f,b5d1f15c17250b42,same,npn_b5d1f15c17250b42,6,source_graph_or_pi_replayable,evidence_advancement_v1
720dbc4302454fa7,generated_mux_tree_8,variants/generated_mux_tree_8_original.blif,virtual_binary_cut,"and(d1,not(d6))","[""d1"", ""d6""]","[""d1"", ""d6""]",2,ce1866ef753dc17e,e7d2c9a9a5c81d91,90f21496b5c851e8,same,npn_94de9e90e231b35b,6,source_graph_or_pi_replayable,evidence_advancement_v1
13a89ff0940fa47f,generated_mux_tree_8,variants/generated_mux_tree_8_original.blif,virtual_binary_cut,"or(d1,not(d6))","[""d1"", ""d6""]","[""d1"", ""d6""]",2,273c3184d87a7ced,23e36c494f69e7fc,2c24932e8e4ebc2f,inverted,npn_94de9e90e231b35b,6,source_graph_or_pi_replayable,evidence_advancement_v1
8dd12caefbdf6215,generated_mux_tree_8,variants/generated_mux_tree_8_original.blif,virtual_binary_cut,"and(d1,d7)","[""d1"", ""d7""]","[""d1"", ""d7""]",2,e294d0a072145558,58d42e0ed464f93b,94de9e90e231b35b,same,npn_94de9e90e231b35b,6,source_graph_or_pi_replayable,evidence_advancement_v1
b68d96cf2c9d9ca9,generated_mux_tree_8,variants/generated_mux_tree_8_original.blif,virtual_binary_cut,"or(d1,d7)","[""d1"", ""d7""]","[""d1"", ""d7""]",2,9ccae71a558526d7,5f98e36fedb213f5,c580333a48d30dad,same,npn_94de9e90e231b35b,6,source_graph_or_pi_replayable,evidence_advancement_v1
47445441a762c32f,generated_mux_tree_8,variants/generated_mux_tree_8_original.blif,virtual_binary_cut,"xor(d1,d7)","[""d1"", ""d7""]","[""d1"", ""d7""]",2,9019442d24df72d2,b235b601be81855a,b5d1f15c17250b42,same,npn_b5d1f15c17250b42,6,source_graph_or_pi_replayable,evidence_advancement_v1
9506271ffb9a72d2,generated_mux_tree_8,variants/generated_mux_tree_8_original.blif,virtual_binary_cut,"and(d1,not(d7))","[""d1"", ""d7""]","[""d1"", ""d7""]",2,afc52ef0b8749284,d66cfddd8449e1d7,90f21496b5c851e8,same,npn_94de9e90e231b35b,6,source_graph_or_pi_replayable,evidence_advancement_v1
98e0fb7264c6751f,generated_mux_tree_8,variants/generated_mux_tree_8_original.blif,virtual_binary_cut,"or(d1,not(d7))","[""d1"", ""d7""]","[""d1"", ""d7""]",2,fa6a212739ba8e9e,90f7467d89a515f4,2c24932e8e4ebc2f,inverted,npn_94de9e90e231b35b,6,source_graph_or_pi_replayable,evidence_advancement_v1
93e2b775fef3d03f,generated_mux_tree_8,variants/generated_mux_tree_8_original.blif,virtual_binary_cut,"and(d1,s0)","[""d1"", ""s0""]","[""d1"", ""s0""]",2,0e829ecea619223e,54b88d25b3b6022e,94de9e90e231b35b,same,npn_94de9e90e231b35b,6,source_graph_or_pi_replayable,evidence_advancement_v1
4a4b2a24ec3bc746,generated_mux_tree_8,variants/generated_mux_tree_8_original.blif,virtual_binary_cut,"or(d1,s0)","[""d1"", ""s0""]","[""d1"", ""s0""]",2,ba8cebf604afb3d6,1247f91de9e1ca50,c580333a48d30dad,same,npn_94de9e90e231b35b,6,source_graph_or_pi_replayable,evidence_advancement_v1
259513bcbdfc2bc6,generated_mux_tree_8,variants/generated_mux_tree_8_original.blif,virtual_binary_cut,"xor(d1,s0)","[""d1"", ""s0""]","[""d1"", ""s0""]",2,956e3ce6b4155f61,5a318bc94f0c2b53,b5d1f15c17250b42,same,npn_b5d1f15c17250b42,6,source_graph_or_pi_replayable,evidence_advancement_v1
21bb14e440ad1580,generated_mux_tree_8,variants/generated_mux_tree_8_original.blif,virtual_binary_cut,"and(d1,not(s0))","[""d1"", ""s0""]","[""d1"", ""s0""]",2,daa650c82d8026ce,3b9bd81fb89ca471,90f21496b5c851e8,same,npn_94de9e90e231b35b,6,source_graph_or_pi_replayable,evidence_advancement_v1
e7b4974abf6514d0,generated_mux_tree_8,variants/generated_mux_tree_8_original.blif,virtual_binary_cut,"or(d1,not(s0))","[""d1"", ""s0""]","[""d1"", ""s0""]",2,afe841c118f8ef64,374bda8d4234d3fb,2c24932e8e4ebc2f,inverted,npn_94de9e90e231b35b,6,source_graph_or_pi_replayable,evidence_advancement_v1
8ae050f544762ed8,generated_mux_tree_8,variants/generated_mux_tree_8_original.blif,virtual_binary_cut,"and(d1,s1)","[""d1"", ""s1""]","[""d1"", ""s1""]",2,41f64f98d70e44ce,bcf8f2315647f4f7,94de9e90e231b35b,same,npn_94de9e90e231b35b,6,source_graph_or_pi_replayable,evidence_advancement_v1
5e83e292283504b4,generated_mux_tree_8,variants/generated_mux_tree_8_original.blif,virtual_binary_cut,"or(d1,s1)","[""d1"", ""s1""]","[""d1"", ""s1""]",2,cbc980edc23cee4d,23c6a52cbba645d2,c580333a48d30dad,same,npn_94de9e90e231b35b,6,source_graph_or_pi_replayable,evidence_advancement_v1
1a31cdcae6305599,generated_mux_tree_8,variants/generated_mux_tree_8_original.blif,virtual_binary_cut,"xor(d1,s1)","[""d1"", ""s1""]","[""d1"", ""s1""]",2,47aa9fa8ca12da23,487b5e149c64767c,b5d1f15c17250b42,same,npn_b5d1f15c17250b42,6,source_graph_or_pi_replayable,evidence_advancement_v1
b0a15b00ee89660c,generated_mux_tree_8,variants/generated_mux_tree_8_original.blif,virtual_binary_cut,"and(d1,not(s1))","[""d1"", ""s1""]","[""d1"", ""s1""]",2,99f3245aee121a60,0d1e579693fac72f,90f21496b5c851e8,same,npn_94de9e90e231b35b,6,source_graph_or_pi_replayable,evidence_advancement_v1
ed116ef5ec3b80c9,generated_mux_tree_8,variants/generated_mux_tree_8_original.blif,virtual_binary_cut,"or(d1,not(s1))","[""d1"", ""s1""]","[""d1"", ""s1""]",2,ab0da9d06bd23a04,d5ae043564311afc,2c24932e8e4ebc2f,inverted,npn_94de9e90e231b35b,6,source_graph_or_pi_replayable,evidence_advancement_v1
edf8ad9d76e5ac24,generated_mux_tree_8,variants/generated_mux_tree_8_original.blif,virtual_binary_cut,"and(d1,s2)","[""d1"", ""s2""]","[""d1"", ""s2""]",2,96ee85efa6f08883,4690ac895dc1b47b,94de9e90e231b35b,same,npn_94de9e90e231b35b,6,source_graph_or_pi_replayable,evidence_advancement_v1
9e10b0f95771f272,generated_mux_tree_8,variants/generated_mux_tree_8_original.blif,virtual_binary_cut,"or(d1,s2)","[""d1"", ""s2""]","[""d1"", ""s2""]",2,f28d9b8f9255e4fc,f2a91e9053c6fee7,c580333a48d30dad,same,npn_94de9e90e231b35b,6,source_graph_or_pi_replayable,evidence_advancement_v1
fbcda11cd4d1667a,generated_mux_tree_8,variants/generated_mux_tree_8_original.blif,virtual_binary_cut,"xor(d1,s2)","[""d1"", ""s2""]","[""d1"", ""s2""]",2,8d904c1ff292b1cd,465486356a2eae97,b5d1f15c17250b42,same,npn_b5d1f15c17250b42,6,source_graph_or_pi_replayable,evidence_advancement_v1
1ea95469eec48753,generated_mux_tree_8,variants/generated_mux_tree_8_original.blif,virtual_binary_cut,"and(d1,not(s2))","[""d1"", ""s2""]","[""d1"", ""s2""]",2,7adb9ec4ac8001aa,3db299de2141ac35,90f21496b5c851e8,same,npn_94de9e90e231b35b,6,source_graph_or_pi_replayable,evidence_advancement_v1
8dd79cdf67563ada,generated_mux_tree_8,variants/generated_mux_tree_8_original.blif,virtual_binary_cut,"or(d1,not(s2))","[""d1"", ""s2""]","[""d1"", ""s2""]",2,8c965559e2bf64cd,4a5d5edb80f9dce8,2c24932e8e4ebc2f,inverted,npn_94de9e90e231b35b,6,source_graph_or_pi_replayable,evidence_advancement_v1
9c63f9615a815d9e,generated_mux_tree_8,variants/generated_mux_tree_8_original.blif,virtual_binary_cut,"and(d1,new_n13)","[""d1"", ""new_n13""]","[""d1"", ""d6"", ""s2""]",3,43836d1f6d09ac72,eb581c970850a042,18025d3f5a1dde11,same,npn_24165068bb0dbfca,6,source_graph_or_pi_replayable,evidence_advancement_v1
356ba0c88cfb929d,generated_mux_tree_8,variants/generated_mux_tree_8_original.blif,virtual_binary_cut,"or(d1,new_n13)","[""d1"", ""new_n13""]","[""d1"", ""d6"", ""s2""]",3,d9ad6f84c177603d,fe3e569d1619845a,ae302d946b055aeb,same,npn_358a268fde92333a,6,source_graph_or_pi_replayable,evidence_advancement_v1
47205972edbda69f,generated_mux_tree_8,variants/generated_mux_tree_8_original.blif,virtual_binary_cut,"xor(d1,new_n13)","[""d1"", ""new_n13""]","[""d1"", ""d6"", ""s2""]",3,18be444942540bd3,87217eff11cf3969,62ad13d001efd14a,same,npn_2e96a02abe3f2e05,6,source_graph_or_pi_replayable,evidence_advancement_v1
5822f43a035165c7,generated_mux_tree_8,variants/generated_mux_tree_8_original.blif,virtual_binary_cut,"and(d1,not(new_n13))","[""d1"", ""new_n13""]","[""d1"", ""d6"", ""s2""]",3,29d38fde4dcd296a,08a757ba36052737,d91fd2902f08ff9c,same,npn_358a268fde92333a,6,source_graph_or_pi_replayable,evidence_advancement_v1
10bea7e5d5f7182f,generated_mux_tree_8,variants/generated_mux_tree_8_original.blif,virtual_binary_cut,"or(d1,not(new_n13))","[""d1"", ""new_n13""]","[""d1"", ""d6"", ""s2""]",3,eb68c5f022415495,da484bd9b2c723e5,00e3755f7c92db5f,inverted,npn_24165068bb0dbfca,6,source_graph_or_pi_replayable,evidence_advancement_v1
af01b84438feef47,generated_mux_tree_8,variants/generated_mux_tree_8_original.blif,virtual_binary_cut,"and(d1,new_n14)","[""d1"", ""new_n14""]","[""d1"", ""d7"", ""s2""]",3,4c1450c238711c26,168058eae6d0f7cf,24165068bb0dbfca,same,npn_24165068bb0dbfca,6,source_graph_or_pi_replayable,evidence_advancement_v1
e993c5e4898ad714,generated_mux_tree_8,variants/generated_mux_tree_8_original.blif,virtual_binary_cut,"or(d1,new_n14)","[""d1"", ""new_n14""]","[""d1"", ""d7"", ""s2""]",3,9fb40a69e261d658,8d5f40a096a3244d,2d3d88fc9460d408,same,npn_358a268fde92333a,6,source_graph_or_pi_replayable,evidence_advancement_v1
eb4de86481ebbeea,generated_mux_tree_8,variants/generated_mux_tree_8_original.blif,virtual_binary_cut,"xor(d1,new_n14)","[""d1"", ""new_n14""]","[""d1"", ""d7"", ""s2""]",3,1619375e825de01d,0285ec0613eeea49,60196d9c90521e9d,same,npn_2e96a02abe3f2e05,6,source_graph_or_pi_replayable,evidence_advancement_v1
c58a627379e6fe5a,generated_mux_tree_8,variants/generated_mux_tree_8_original.blif,virtual_binary_cut,"and(d1,not(new_n14))","[""d1"", ""new_n14""]","[""d1"", ""d7"", ""s2""]",3,b5e02d693a18bb48,1ea0dca89946dd56,86541bc0ebd49ad1,same,npn_358a268fde92333a,6,source_graph_or_pi_replayable,evidence_advancement_v1
467b3e4347ebcf3a,generated_mux_tree_8,variants/generated_mux_tree_8_original.blif,virtual_binary_cut,"or(d1,not(new_n14))","[""d1"", ""new_n14""]","[""d1"", ""d7"", ""s2""]",3,6aaaa4f227fb3cde,1609e1c7290a1897,9ebc1ab9a061b3d1,inverted,npn_24165068bb0dbfca,6,source_graph_or_pi_replayable,evidence_advancement_v1
b7757ec15577d931,generated_mux_tree_8,variants/generated_mux_tree_8_original.blif,virtual_binary_cut,"and(d1,new_n15)","[""d1"", ""new_n15""]","[""d1"", ""d6"", ""d7"", ""s2""]",4,3688609078ece381,bce9f87e8e58563a,de77117a23989d55,same,npn_30bd548f77574dc9,6,source_graph_or_pi_replayable,evidence_advancement_v1
70d55cc314487280,generated_mux_tree_8,variants/generated_mux_tree_8_original.blif,virtual_binary_cut,"or(d1,new_n15)","[""d1"", ""new_n15""]","[""d1"", ""d6"", ""d7"", ""s2""]",4,c79676542f0c09e6,52d57bcd99f987e9,d9f23e4a29601433,inverted,npn_30bd548f77574dc9,6,source_graph_or_pi_replayable,evidence_advancement_v1
212112acd9efce41,generated_mux_tree_8,variants/generated_mux_tree_8_original.blif,virtual_binary_cut,"xor(d1,new_n15)","[""d1"", ""new_n15""]","[""d1"", ""d6"", ""d7"", ""s2""]",4,eae284f8eaefed4f,d415677ec24a7e4f,4aa1699fb12f3540,inverted,npn_3e802cd916fdb092,6,source_graph_or_pi_replayable,evidence_advancement_v1
ae3a99bd6d3f65a8,generated_mux_tree_8,variants/generated_mux_tree_8_original.blif,virtual_binary_cut,"and(d1,not(new_n15))","[""d1"", ""new_n15""]","[""d1"", ""d6"", ""d7"", ""s2""]",4,cfcece80bd45c1b8,2af3411c8c1c425b,a8286fb241928ee2,same,npn_30bd548f77574dc9,6,source_graph_or_pi_replayable,evidence_advancement_v1
e7ad4870af652101,generated_mux_tree_8,variants/generated_mux_tree_8_original.blif,virtual_binary_cut,"or(d1,not(new_n15))","[""d1"", ""new_n15""]","[""d1"", ""d6"", ""d7"", ""s2""]",4,368348d7cc641da3,0fa8d04aaf499eb2,79e8680c5a9a1a49,same,npn_30bd548f77574dc9,6,source_graph_or_pi_replayable,evidence_advancement_v1
1dc15ecc85c1dd34,generated_mux_tree_8,variants/generated_mux_tree_8_original.blif,virtual_binary_cut,"and(d1,new_n16)","[""d1"", ""new_n16""]","[""d1"", ""d4"", ""s2""]",3,e120bcedda9800d1,a01b0e2515edbcbc,18025d3f5a1dde11,same,npn_24165068bb0dbfca,6,source_graph_or_pi_replayable,evidence_advancement_v1
cfe94eb95223dab5,generated_mux_tree_8,variants/generated_mux_tree_8_original.blif,virtual_binary_cut,"or(d1,new_n16)","[""d1"", ""new_n16""]","[""d1"", ""d4"", ""s2""]",3,0f922b5ba2ab54a0,fa71373e94217a70,ae302d946b055aeb,same,npn_358a268fde92333a,6,source_graph_or_pi_replayable,evidence_advancement_v1
438b9c8ee81abda2,generated_mux_tree_8,variants/generated_mux_tree_8_original.blif,virtual_binary_cut,"xor(d1,new_n16)","[""d1"", ""new_n16""]","[""d1"", ""d4"", ""s2""]",3,3e7b67f3e36898b7,2d1bad51e4d10957,62ad13d001efd14a,same,npn_2e96a02abe3f2e05,6,source_graph_or_pi_replayable,evidence_advancement_v1
e8d060df660d6375,generated_mux_tree_8,variants/generated_mux_tree_8_original.blif,virtual_binary_cut,"and(d1,not(new_n16))","[""d1"", ""new_n16""]","[""d1"", ""d4"", ""s2""]",3,2e8cbbfee32d6ba8,9dda7feeb778a183,d91fd2902f08ff9c,same,npn_358a268fde92333a,6,source_graph_or_pi_replayable,evidence_advancement_v1
74348f4a484e6975,generated_mux_tree_8,variants/generated_mux_tree_8_original.blif,virtual_binary_cut,"or(d1,not(new_n16))","[""d1"", ""new_n16""]","[""d1"", ""d4"", ""s2""]",3,0febb9d8327b0e87,b384d96d7b5e6a4a,00e3755f7c92db5f,inverted,npn_24165068bb0dbfca,6,source_graph_or_pi_replayable,evidence_advancement_v1
3b04a5551471d5ff,generated_mux_tree_8,variants/generated_mux_tree_8_original.blif,virtual_binary_cut,"and(d1,new_n17)","[""d1"", ""new_n17""]","[""d1"", ""d5"", ""s2""]",3,929aaa4fc3f04127,4c53cc0b17c0d79a,24165068bb0dbfca,same,npn_24165068bb0dbfca,6,source_graph_or_pi_replayable,evidence_advancement_v1
b14fd3c30820a432,generated_mux_tree_8,variants/generated_mux_tree_8_original.blif,virtual_binary_cut,"or(d1,new_n17)","[""d1"", ""new_n17""]","[""d1"", ""d5"", ""s2""]",3,a9b597b6b5074d41,dcffca0b5b0d1455,2d3d88fc9460d408,same,npn_358a268fde92333a,6,source_graph_or_pi_replayable,evidence_advancement_v1
cd49941820f57a53,generated_mux_tree_8,variants/generated_mux_tree_8_original.blif,virtual_binary_cut,"xor(d1,new_n17)","[""d1"", ""new_n17""]","[""d1"", ""d5"", ""s2""]",3,80bcd7d63cf2b122,c56ce1cebac0eef8,60196d9c90521e9d,same,npn_2e96a02abe3f2e05,6,source_graph_or_pi_replayable,evidence_advancement_v1
847ca82e9aa58a0c,generated_mux_tree_8,variants/generated_mux_tree_8_original.blif,virtual_binary_cut,"and(d1,not(new_n17))","[""d1"", ""new_n17""]","[""d1"", ""d5"", ""s2""]",3,23ad83afee2fae50,3f3a1b3b18c34117,86541bc0ebd49ad1,same,npn_358a268fde92333a,6,source_graph_or_pi_replayable,evidence_advancement_v1
c305447201f7145a,generated_mux_tree_8,variants/generated_mux_tree_8_original.blif,virtual_binary_cut,"or(d1,not(new_n17))","[""d1"", ""new_n17""]","[""d1"", ""d5"", ""s2""]",3,88098abd65623633,1f2103a69f7e4ef5,9ebc1ab9a061b3d1,inverted,npn_24165068bb0dbfca,6,source_graph_or_pi_replayable,evidence_advancement_v1
c7e08f7fe576fcf9,generated_mux_tree_8,variants/generated_mux_tree_8_original.blif,virtual_binary_cut,"and(d1,new_n18)","[""d1"", ""new_n18""]","[""d1"", ""d4"", ""d5"", ""s2""]",4,829574cf9fb7053a,bcf4b4bf09c2144a,de77117a23989d55,same,npn_30bd548f77574dc9,6,source_graph_or_pi_replayable,evidence_advancement_v1
255d64a8e41fc7e6,generated_mux_tree_8,variants/generated_mux_tree_8_original.blif,virtual_binary_cut,"or(d1,new_n18)","[""d1"", ""new_n18""]","[""d1"", ""d4"", ""d5"", ""s2""]",4,f5a4a7adea8aaee3,57bf5b38705b892d,d9f23e4a29601433,inverted,npn_30bd548f77574dc9,6,source_graph_or_pi_replayable,evidence_advancement_v1
ad094d60f18b5e7e,generated_mux_tree_8,variants/generated_mux_tree_8_original.blif,virtual_binary_cut,"xor(d1,new_n18)","[""d1"", ""new_n18""]","[""d1"", ""d4"", ""d5"", ""s2""]",4,d3146cd79a9ad173,909a3666ebc1647c,4aa1699fb12f3540,inverted,npn_3e802cd916fdb092,6,source_graph_or_pi_replayable,evidence_advancement_v1
87240358f880369c,generated_mux_tree_8,variants/generated_mux_tree_8_original.blif,virtual_binary_cut,"and(d1,not(new_n18))","[""d1"", ""new_n18""]","[""d1"", ""d4"", ""d5"", ""s2""]",4,313b994fb80282a2,a9a4371da03aae3f,a8286fb241928ee2,same,npn_30bd548f77574dc9,6,source_graph_or_pi_replayable,evidence_advancement_v1
34af46f617786114,generated_mux_tree_8,variants/generated_mux_tree_8_original.blif,virtual_binary_cut,"or(d1,not(new_n18))","[""d1"", ""new_n18""]","[""d1"", ""d4"", ""d5"", ""s2""]",4,0953da687683029c,d8297376438ba739,79e8680c5a9a1a49,same,npn_30bd548f77574dc9,6,source_graph_or_pi_replayable,evidence_advancement_v1
0803923dfcdbc61c,generated_mux_tree_8,variants/generated_mux_tree_8_original.blif,virtual_binary_cut,"and(d1,new_n19)","[""d1"", ""new_n19""]","[""d1"", ""d4"", ""d5"", ""s1"", ""s2""]",5,648d3ebde45760ad,766bf0ce6f75c629,c880eb84187952a7,same,support_gt4,6,source_graph_or_pi_replayable,evidence_advancement_v1
333b42854fc5d40c,generated_mux_tree_8,variants/generated_mux_tree_8_original.blif,virtual_binary_cut,"or(d1,new_n19)","[""d1"", ""new_n19""]","[""d1"", ""d4"", ""d5"", ""s1"", ""s2""]",5,abfb791f9cf7714c,d3d25ba1dcca9ee9,20e29a835764f28f,same,support_gt4,6,source_graph_or_pi_replayable,evidence_advancement_v1
8af9f7ae46739138,generated_mux_tree_8,variants/generated_mux_tree_8_original.blif,virtual_binary_cut,"xor(d1,new_n19)","[""d1"", ""new_n19""]","[""d1"", ""d4"", ""d5"", ""s1"", ""s2""]",5,f4021dab8e427bf1,e516f5ee1f0fdef2,470fcb8864e68513,same,support_gt4,6,source_graph_or_pi_replayable,evidence_advancement_v1
16f29b6759899b59,generated_mux_tree_8,variants/generated_mux_tree_8_original.blif,virtual_binary_cut,"and(d1,not(new_n19))","[""d1"", ""new_n19""]","[""d1"", ""d4"", ""d5"", ""s1"", ""s2""]",5,8253a2de9961a7ab,802f5e50336dcbac,a17c75cea4e8a222,same,support_gt4,6,source_graph_or_pi_replayable,evidence_advancement_v1
4d72aafa767c083c,generated_mux_tree_8,variants/generated_mux_tree_8_original.blif,virtual_binary_cut,"or(d1,not(new_n19))","[""d1"", ""new_n19""]","[""d1"", ""d4"", ""d5"", ""s1"", ""s2""]",5,0206dd9a75c7ea74,ea5cf85b651f676b,7d263d1cb449f65b,inverted,support_gt4,6,source_graph_or_pi_replayable,evidence_advancement_v1
ad1a2c461d884b54,generated_mux_tree_8,variants/generated_mux_tree_8_original.blif,virtual_binary_cut,"and(d1,new_n20)","[""d1"", ""new_n20""]","[""d1"", ""d6"", ""d7"", ""s1"", ""s2""]",5,6670b9f3a6abc09e,8d815795059734f1,1e748c29a8a9ba94,same,support_gt4,6,source_graph_or_pi_replayable,evidence_advancement_v1
59615c2201e81c32,generated_mux_tree_8,variants/generated_mux_tree_8_original.blif,virtual_binary_cut,"or(d1,new_n20)","[""d1"", ""new_n20""]","[""d1"", ""d6"", ""d7"", ""s1"", ""s2""]",5,068f7d118ae17107,f84b3c661064a91b,a0560211cb1ba0b0,same,support_gt4,6,source_graph_or_pi_replayable,evidence_advancement_v1
f3f9507c0c0191d9,generated_mux_tree_8,variants/generated_mux_tree_8_original.blif,virtual_binary_cut,"xor(d1,new_n20)","[""d1"", ""new_n20""]","[""d1"", ""d6"", ""d7"", ""s1"", ""s2""]",5,47498dbebf1cc81a,5467b31c9268b829,893b32d2f4711a58,same,support_gt4,6,source_graph_or_pi_replayable,evidence_advancement_v1
d82915ba1e16b2aa,generated_mux_tree_8,variants/generated_mux_tree_8_original.blif,virtual_binary_cut,"and(d1,not(new_n20))","[""d1"", ""new_n20""]","[""d1"", ""d6"", ""d7"", ""s1"", ""s2""]",5,92b5931eff980107,45b4b124c96932bd,5fc826568874324f,same,support_gt4,6,source_graph_or_pi_replayable,evidence_advancement_v1
b2d3202330768ecf,generated_mux_tree_8,variants/generated_mux_tree_8_original.blif,virtual_binary_cut,"or(d1,not(new_n20))","[""d1"", ""new_n20""]","[""d1"", ""d6"", ""d7"", ""s1"", ""s2""]",5,b00f637e6e881390,6ce3cff219531803,8708c65e734e6b4b,inverted,support_gt4,6,source_graph_or_pi_replayable,evidence_advancement_v1
ccd9561e040f5c0c,generated_mux_tree_8,variants/generated_mux_tree_8_original.blif,virtual_binary_cut,"and(d1,new_n22)","[""d1"", ""new_n22""]","[""d1"", ""d2"", ""s2""]",3,326cff707c29d011,fffb7bf8ec021450,18025d3f5a1dde11,same,npn_24165068bb0dbfca,6,source_graph_or_pi_replayable,evidence_advancement_v1
6af527268626df9a,generated_mux_tree_8,variants/generated_mux_tree_8_original.blif,virtual_binary_cut,"or(d1,new_n22)","[""d1"", ""new_n22""]","[""d1"", ""d2"", ""s2""]",3,aa8de697751aced5,afcfdfce6c582ca2,ae302d946b055aeb,same,npn_358a268fde92333a,6,source_graph_or_pi_replayable,evidence_advancement_v1
e2e181503cc2f803,generated_mux_tree_8,variants/generated_mux_tree_8_original.blif,virtual_binary_cut,"xor(d1,new_n22)","[""d1"", ""new_n22""]","[""d1"", ""d2"", ""s2""]",3,a7589aada7f99ed4,b9f637563ef7f998,62ad13d001efd14a,same,npn_2e96a02abe3f2e05,6,source_graph_or_pi_replayable,evidence_advancement_v1
0197f704af17b663,generated_mux_tree_8,variants/generated_mux_tree_8_original.blif,virtual_binary_cut,"and(d1,not(new_n22))","[""d1"", ""new_n22""]","[""d1"", ""d2"", ""s2""]",3,1a0c887380514453,b2592e820d2f3fa2,d91fd2902f08ff9c,same,npn_358a268fde92333a,6,source_graph_or_pi_replayable,evidence_advancement_v1
ebff1b32ee668162,generated_mux_tree_8,variants/generated_mux_tree_8_original.blif,virtual_binary_cut,"or(d1,not(new_n22))","[""d1"", ""new_n22""]","[""d1"", ""d2"", ""s2""]",3,62e3b73948e1a56c,a124de2d3e575337,00e3755f7c92db5f,inverted,npn_24165068bb0dbfca,6,source_graph_or_pi_replayable,evidence_advancement_v1
db4cb119e8264991,generated_mux_tree_8,variants/generated_mux_tree_8_original.blif,virtual_binary_cut,"and(d1,new_n23)","[""d1"", ""new_n23""]","[""d1"", ""d3"", ""s2""]",3,9b7a73d75655d256,64d8741f42e7562b,24165068bb0dbfca,same,npn_24165068bb0dbfca,6,source_graph_or_pi_replayable,evidence_advancement_v1
55f161aa29b70830,generated_mux_tree_8,variants/generated_mux_tree_8_original.blif,virtual_binary_cut,"or(d1,new_n23)","[""d1"", ""new_n23""]","[""d1"", ""d3"", ""s2""]",3,5bad6f99705c0c1c,dbcafdee5c720301,2d3d88fc9460d408,same,npn_358a268fde92333a,6,source_graph_or_pi_replayable,evidence_advancement_v1
c7a4560027a5f2c4,generated_mux_tree_8,variants/generated_mux_tree_8_original.blif,virtual_binary_cut,"xor(d1,new_n23)","[""d1"", ""new_n23""]","[""d1"", ""d3"", ""s2""]",3,0d9080d762f65725,750792c16efd4aca,60196d9c90521e9d,same,npn_2e96a02abe3f2e05,6,source_graph_or_pi_replayable,evidence_advancement_v1
ea5050e26b122ecd,generated_mux_tree_8,variants/generated_mux_tree_8_original.blif,virtual_binary_cut,"and(d1,not(new_n23))","[""d1"", ""new_n23""]","[""d1"", ""d3"", ""s2""]",3,e5daeb51c7051c9b,552f8796b68136be,86541bc0ebd49ad1,same,npn_358a268fde92333a,6,source_graph_or_pi_replayable,evidence_advancement_v1
4caaf143e988a901,generated_mux_tree_8,variants/generated_mux_tree_8_original.blif,virtual_binary_cut,"or(d1,not(new_n23))","[""d1"", ""new_n23""]","[""d1"", ""d3"", ""s2""]",3,d60ce95c053124d8,d3efe435a3a3fb23,9ebc1ab9a061b3d1,inverted,npn_24165068bb0dbfca,6,source_graph_or_pi_replayable,evidence_advancement_v1
dccd0ae1eace3c9b,generated_mux_tree_8,variants/generated_mux_tree_8_original.blif,virtual_binary_cut,"and(d1,new_n24)","[""d1"", ""new_n24""]","[""d1"", ""d2"", ""d3"", ""s2""]",4,ee76d506980e1732,2eadde1c816434ef,de77117a23989d55,same,npn_30bd548f77574dc9,6,source_graph_or_pi_replayable,evidence_advancement_v1
59c89dd1f923f67c,generated_mux_tree_8,variants/generated_mux_tree_8_original.blif,virtual_binary_cut,"or(d1,new_n24)","[""d1"", ""new_n24""]","[""d1"", ""d2"", ""d3"", ""s2""]",4,4270d28ef8079780,05c7ddc04601152e,d9f23e4a29601433,inverted,npn_30bd548f77574dc9,6,source_graph_or_pi_replayable,evidence_advancement_v1
