benchmark,circuit,optimization,optimized_node,original_candidate,rank,sat_status,combined_score,support_overlap,simulation_similarity,distance_mode,skip_reason,union_support_size,pattern_count,distance,similarity,is_formal_distance
external_iscas85_c2670,c2670,compress2rs,new_n694,new_n910,1,verified,0.9149373372395834,1.0,0.966552734375,sampled,ok,13,4096,0.029296875,0.970703125,False
external_iscas85_c2670,c2670,compress2rs,new_n695,new_n911,1,verified,0.9154744466145832,1.0,0.967529296875,sampled,ok,13,4096,0.029541015625,0.970458984375,False
external_iscas85_c2670,c2670,compress2rs,new_n696,new_n912,1,verified,0.9148030598958332,1.0,0.96630859375,sampled,ok,14,4096,0.029541015625,0.970458984375,False
external_iscas85_c2670,c2670,compress2rs,new_n697,new_n919,1,verified,0.9227254231770834,1.0,0.980712890625,sampled,ok,20,4096,0.014404296875,0.985595703125,False
external_iscas85_c2670,c2670,compress2rs,new_n698,new_n900,1,verified,0.9137288411458332,1.0,0.96435546875,sampled,ok,13,4096,0.029296875,0.970703125,False
external_iscas85_c2670,c2670,compress2rs,new_n699,new_n901,1,verified,0.9146687825520834,1.0,0.966064453125,sampled,ok,13,4096,0.03466796875,0.96533203125,False
external_iscas85_c2670,c2670,compress2rs,new_n700,new_n902,1,verified,0.9149373372395834,1.0,0.966552734375,sampled,ok,14,4096,0.0244140625,0.9755859375,False
external_iscas85_c2670,c2670,compress2rs,new_n701,new_n904,1,verified,0.9131917317708332,1.0,0.96337890625,sampled,ok,13,4096,0.03125,0.96875,False
external_iscas85_c2670,c2670,compress2rs,new_n702,new_n905,1,verified,0.9134602864583332,1.0,0.9638671875,sampled,ok,13,4096,0.036865234375,0.963134765625,False
external_iscas85_c2670,c2670,compress2rs,new_n703,new_n906,1,verified,0.9145345052083332,1.0,0.9658203125,sampled,ok,14,4096,0.02880859375,0.97119140625,False
external_iscas85_c2670,c2670,compress2rs,new_n707,new_n903,1,verified,0.9227254231770834,1.0,0.980712890625,sampled,ok,20,4096,0.017333984375,0.982666015625,False
external_iscas85_c2670,c2670,compress2rs,new_n711,new_n917,1,verified,0.8974812825520834,1.0,0.934814453125,sampled,ok,32,4096,0.07568359375,0.92431640625,False
external_iscas85_c2670,c2670,compress2rs,new_n715,new_n865,1,verified,0.9153401692708334,1.0,0.96728515625,sampled,ok,13,4096,0.031005859375,0.968994140625,False
external_iscas85_c2670,c2670,compress2rs,new_n716,new_n864,1,verified,0.9126546223958334,1.0,0.96240234375,sampled,ok,13,4096,0.031982421875,0.968017578125,False
external_iscas85_c2670,c2670,compress2rs,new_n717,new_n866,1,verified,0.9131917317708332,1.0,0.96337890625,sampled,ok,14,4096,0.033203125,0.966796875,False
external_iscas85_c2670,c2670,compress2rs,new_n718,new_n867,1,verified,0.9237996419270832,1.0,0.982666015625,sampled,ok,15,4096,0.016845703125,0.983154296875,False
external_iscas85_c2670,c2670,compress2rs,new_n719,new_n879,1,verified,0.9293050130208332,1.0,0.99267578125,sampled,ok,21,4096,0.008544921875,0.991455078125,False
external_iscas85_c2670,c2670,compress2rs,new_n723,new_n854,1,verified,0.9142659505208334,1.0,0.96533203125,sampled,ok,13,4096,0.029052734375,0.970947265625,False
external_iscas85_c2670,c2670,compress2rs,new_n724,new_n853,1,verified,0.9153401692708334,1.0,0.96728515625,sampled,ok,13,4096,0.027587890625,0.972412109375,False
external_iscas85_c2670,c2670,compress2rs,new_n725,new_n855,1,verified,0.9139973958333334,1.0,0.96484375,sampled,ok,14,4096,0.034912109375,0.965087890625,False
external_iscas85_c2670,c2670,compress2rs,new_n726,new_n856,1,verified,0.9236653645833334,1.0,0.982421875,sampled,ok,15,4096,0.01416015625,0.98583984375,False
external_iscas85_c2670,c2670,compress2rs,new_n729,new_n883,1,verified,0.9297078450520834,1.0,0.993408203125,sampled,ok,21,4096,0.007568359375,0.992431640625,False
external_iscas85_c2670,c2670,compress2rs,new_n731,new_n842,1,verified,0.9162801106770834,1.0,0.968994140625,sampled,ok,13,4096,0.029541015625,0.970458984375,False
external_iscas85_c2670,c2670,compress2rs,new_n732,new_n843,1,verified,0.9131917317708332,1.0,0.96337890625,sampled,ok,13,4096,0.030517578125,0.969482421875,False
external_iscas85_c2670,c2670,compress2rs,new_n733,new_n844,1,verified,0.9117146809895832,1.0,0.960693359375,sampled,ok,14,4096,0.0302734375,0.9697265625,False
external_iscas85_c2670,c2670,compress2rs,new_n735,new_n845,1,verified,0.9208455403645832,1.0,0.977294921875,sampled,ok,20,4096,0.012939453125,0.987060546875,False
external_iscas85_c2670,c2670,compress2rs,new_n745,new_n899,1,verified,0.912646484375,1.0,0.9775390625,sampled,ok,42,4096,0.01318359375,0.98681640625,False
external_iscas85_c2670,c2670,compress2rs,new_n746,new_n923,1,verified,0.88135986328125,1.0,0.920654296875,sampled,ok,60,4096,0.0771484375,0.9228515625,False
external_iscas85_c2670,c2670,compress2rs,new_n749,new_n878,1,verified,0.91288330078125,1.0,0.987060546875,sampled,ok,42,4096,0.008056640625,0.991943359375,False
external_iscas85_c2670,c2670,compress2rs,new_n751,new_n882,1,verified,0.91932861328125,1.0,0.998779296875,sampled,ok,36,4096,0.001220703125,0.998779296875,False
external_iscas85_c2670,c2670,compress2rs,new_n752,new_n885,1,verified,0.9236572265625,1.0,0.99755859375,sampled,ok,30,4096,0.00146484375,0.99853515625,False
external_iscas85_c2670,c2670,compress2rs,new_n755,new_n890,1,verified,0.9113037109375,1.0,0.97509765625,sampled,ok,30,4096,0.027099609375,0.972900390625,False
external_iscas85_c2670,c2670,compress2rs,new_n756,new_n891,1,verified,0.90563232421875,1.0,0.973876953125,sampled,ok,36,4096,0.026611328125,0.973388671875,False
external_iscas85_c2670,c2670,compress2rs,new_n757,new_n892,1,verified,0.898515625,1.0,0.9609375,sampled,ok,42,4096,0.038330078125,0.961669921875,False
external_iscas85_c2670,c2670,compress2rs,new_n758,new_n924,1,verified,0.85890380859375,1.0,0.888916015625,sampled,ok,60,4096,0.10107421875,0.89892578125,False
external_iscas85_c2670,c2670,compress2rs,new_n767,new_n829,1,verified,0.8922045898437501,1.0,0.949462890625,sampled,ok,17,4096,0.045166015625,0.954833984375,False
external_iscas85_c2670,c2670,compress2rs,new_n789,new_n834,1,verified,0.8781372070312501,1.0,0.914794921875,sampled,ok,34,4096,0.077880859375,0.922119140625,False
external_iscas85_c2670,c2670,dc2,new_n751,new_n924,1,verified,0.8895589192708333,1.0,0.92041015625,sampled,ok,60,4096,0.07080078125,0.92919921875,False
external_iscas85_c2670,c2670,dc2,new_n757,new_n930,1,verified,0.91331787109375,1.0,0.978759765625,sampled,ok,29,4096,0.023681640625,0.976318359375,False
external_iscas85_c2670,c2670,dc2,new_n758,new_n931,1,verified,0.9188232421875,1.0,0.98876953125,sampled,ok,34,4096,0.01025390625,0.98974609375,False
external_iscas85_c2670,c2670,refactor,new_n503,new_n556,1,verified,0.8839355468750001,1.0,0.8798828125,sampled,ok,18,4096,0.1171875,0.8828125,False
external_iscas85_c2670,c2670,refactor,new_n504,new_n557,1,verified,0.9019287109375,1.0,0.91259765625,sampled,ok,24,4096,0.092041015625,0.907958984375,False
external_iscas85_c2670,c2670,refactor,new_n505,new_n558,1,verified,0.92166748046875,1.0,0.948486328125,sampled,ok,29,4096,0.060546875,0.939453125,False
external_iscas85_c2670,c2670,refactor,new_n506,new_n559,1,verified,0.93590087890625,1.0,0.974365234375,sampled,ok,35,4096,0.030029296875,0.969970703125,False
external_iscas85_c2670,c2670,refactor,new_n538,new_n591,1,verified,0.9121337890625,1.0,0.93115234375,sampled,ok,21,4096,0.06005859375,0.93994140625,False
external_iscas85_c2670,c2670,refactor,new_n539,new_n592,1,verified,0.92918701171875,1.0,0.962158203125,sampled,ok,27,4096,0.029541015625,0.970458984375,False
external_iscas85_c2670,c2670,refactor,new_n540,new_n593,1,verified,0.9392578125,1.0,0.98046875,sampled,ok,33,4096,0.014404296875,0.985595703125,False
external_iscas85_c2670,c2670,refactor,new_n551,new_n604,1,verified,0.8809814453125,1.0,0.87451171875,sampled,ok,14,4096,0.11865234375,0.88134765625,False
external_iscas85_c2670,c2670,refactor,new_n610,new_n669,1,verified,0.8962890625000001,1.0,0.90234375,sampled,ok,21,4096,0.09619140625,0.90380859375,False
external_iscas85_c2670,c2670,refactor,new_n611,new_n670,1,verified,0.9228759765625,1.0,0.95068359375,sampled,ok,27,4096,0.044677734375,0.955322265625,False
external_iscas85_c2670,c2670,refactor,new_n612,new_n671,1,verified,0.93603515625,1.0,0.974609375,sampled,ok,33,4096,0.02197265625,0.97802734375,False
external_iscas85_c2670,c2670,refactor,new_n613,new_n672,1,verified,0.94637451171875,1.0,0.993408203125,sampled,ok,44,4096,0.00732421875,0.99267578125,False
external_iscas85_c2670,c2670,refactor,new_n724,new_n806,1,verified,0.9141316731770832,1.0,0.965087890625,sampled,ok,13,4096,0.030029296875,0.969970703125,False
external_iscas85_c2670,c2670,refactor,new_n727,new_n809,1,verified,0.9149373372395834,1.0,0.966552734375,sampled,ok,13,4096,0.032958984375,0.967041015625,False
external_iscas85_c2670,c2670,refactor,new_n729,new_n811,1,verified,0.9139973958333334,1.0,0.96484375,sampled,ok,16,4096,0.029296875,0.970703125,False
external_iscas85_c2670,c2670,refactor,new_n730,new_n812,1,verified,0.8815022786458334,1.0,0.90576171875,sampled,ok,16,4096,0.090576171875,0.909423828125,False
external_iscas85_c2670,c2670,refactor,new_n731,new_n829,1,verified,0.9055379231770834,1.0,0.949462890625,sampled,ok,17,4096,0.044921875,0.955078125,False
external_iscas85_c2670,c2670,refactor,new_n734,new_n816,1,verified,0.9141316731770832,1.0,0.965087890625,sampled,ok,13,4096,0.027587890625,0.972412109375,False
external_iscas85_c2670,c2670,refactor,new_n736,new_n818,1,verified,0.9144002278645832,1.0,0.965576171875,sampled,ok,16,4096,0.031982421875,0.968017578125,False
external_iscas85_c2670,c2670,refactor,new_n737,new_n819,1,verified,0.8804280598958333,1.0,0.90380859375,sampled,ok,16,4096,0.091796875,0.908203125,False
external_iscas85_c2670,c2670,refactor,new_n741,new_n823,1,verified,0.8550496419270833,1.0,0.857666015625,sampled,ok,22,4096,0.142333984375,0.857666015625,False
external_iscas85_c2670,c2670,refactor,new_n743,new_n797,1,verified,0.9137288411458332,1.0,0.96435546875,sampled,ok,13,4096,0.030517578125,0.969482421875,False
external_iscas85_c2670,c2670,refactor,new_n745,new_n799,1,verified,0.9138631184895832,1.0,0.964599609375,sampled,ok,16,4096,0.029541015625,0.970458984375,False
external_iscas85_c2670,c2670,refactor,new_n746,new_n800,1,verified,0.8798909505208333,1.0,0.90283203125,sampled,ok,16,4096,0.0966796875,0.9033203125,False
external_iscas85_c2670,c2670,refactor,new_n752,new_n828,1,verified,0.9267537434895834,1.0,0.988037109375,sampled,ok,27,4096,0.01318359375,0.98681640625,False
external_iscas85_c2670,c2670,refactor,new_n753,new_n831,1,verified,0.9208455403645832,1.0,0.977294921875,sampled,ok,22,4096,0.02490234375,0.97509765625,False
external_iscas85_c2670,c2670,refactor,new_n754,new_n832,1,verified,0.8930501302083333,1.0,0.9267578125,sampled,ok,22,4096,0.065673828125,0.934326171875,False
external_iscas85_c2670,c2670,refactor,new_n755,new_n833,1,verified,0.8864705403645834,1.0,0.914794921875,sampled,ok,27,4096,0.083251953125,0.916748046875,False
external_iscas85_c2670,c2670,refactor,new_n756,new_n834,1,verified,0.8864705403645834,1.0,0.914794921875,sampled,ok,34,4096,0.083984375,0.916015625,False
external_iscas85_c2670,c2670,refactor,new_n757,new_n846,1,verified,0.9137288411458332,1.0,0.96435546875,sampled,ok,13,4096,0.030517578125,0.969482421875,False
external_iscas85_c2670,c2670,refactor,new_n758,new_n847,1,verified,0.9244710286458332,1.0,0.98388671875,sampled,ok,14,4096,0.01611328125,0.98388671875,False
external_iscas85_c2670,c2670,refactor,new_n759,new_n848,1,verified,0.8949300130208333,1.0,0.93017578125,sampled,ok,18,4096,0.06201171875,0.93798828125,False
external_iscas85_c2670,c2670,refactor,new_n760,new_n849,1,verified,0.9145345052083332,1.0,0.9658203125,sampled,ok,19,4096,0.03564453125,0.96435546875,False
external_iscas85_c2670,c2670,refactor,new_n761,new_n835,1,verified,0.9148030598958332,1.0,0.96630859375,sampled,ok,13,4096,0.030517578125,0.969482421875,False
external_iscas85_c2670,c2670,refactor,new_n762,new_n836,1,verified,0.9258138020833332,1.0,0.986328125,sampled,ok,14,4096,0.0166015625,0.9833984375,False
external_iscas85_c2670,c2670,refactor,new_n763,new_n837,1,verified,0.8949300130208333,1.0,0.93017578125,sampled,ok,17,4096,0.062744140625,0.937255859375,False
external_iscas85_c2670,c2670,refactor,new_n764,new_n838,1,verified,0.9145345052083332,1.0,0.9658203125,sampled,ok,18,4096,0.033447265625,0.966552734375,False
external_iscas85_c2670,c2670,refactor,new_n765,new_n853,1,verified,0.9153401692708334,1.0,0.96728515625,sampled,ok,13,4096,0.03662109375,0.96337890625,False
external_iscas85_c2670,c2670,refactor,new_n766,new_n854,1,verified,0.9142659505208334,1.0,0.96533203125,sampled,ok,13,4096,0.03271484375,0.96728515625,False
external_iscas85_c2670,c2670,refactor,new_n767,new_n855,1,verified,0.9139973958333334,1.0,0.96484375,sampled,ok,14,4096,0.028564453125,0.971435546875,False
external_iscas85_c2670,c2670,refactor,new_n768,new_n856,1,verified,0.9236653645833334,1.0,0.982421875,sampled,ok,15,4096,0.014892578125,0.985107421875,False
external_iscas85_c2670,c2670,refactor,new_n770,new_n883,1,verified,0.9297078450520834,1.0,0.993408203125,sampled,ok,21,4096,0.009765625,0.990234375,False
external_iscas85_c2670,c2670,refactor,new_n772,new_n864,1,verified,0.9126546223958334,1.0,0.96240234375,sampled,ok,13,4096,0.03466796875,0.96533203125,False
external_iscas85_c2670,c2670,refactor,new_n773,new_n865,1,verified,0.9153401692708334,1.0,0.96728515625,sampled,ok,13,4096,0.0283203125,0.9716796875,False
external_iscas85_c2670,c2670,refactor,new_n774,new_n866,1,verified,0.9131917317708332,1.0,0.96337890625,sampled,ok,14,4096,0.03173828125,0.96826171875,False
external_iscas85_c2670,c2670,refactor,new_n775,new_n867,1,verified,0.9237996419270832,1.0,0.982666015625,sampled,ok,15,4096,0.01611328125,0.98388671875,False
external_iscas85_c2670,c2670,refactor,new_n776,new_n842,1,verified,0.9162801106770834,1.0,0.968994140625,sampled,ok,13,4096,0.034912109375,0.965087890625,False
external_iscas85_c2670,c2670,refactor,new_n777,new_n843,1,verified,0.9131917317708332,1.0,0.96337890625,sampled,ok,13,4096,0.03076171875,0.96923828125,False
external_iscas85_c2670,c2670,refactor,new_n778,new_n844,1,verified,0.9117146809895832,1.0,0.960693359375,sampled,ok,14,4096,0.02880859375,0.97119140625,False
external_iscas85_c2670,c2670,refactor,new_n779,new_n845,1,verified,0.9208455403645832,1.0,0.977294921875,sampled,ok,20,4096,0.013671875,0.986328125,False
external_iscas85_c2670,c2670,refactor,new_n790,new_n892,1,verified,0.978515625,1.0,0.9609375,sampled,ok,42,4096,0.02978515625,0.97021484375,False
external_iscas85_c2670,c2670,refactor,new_n792,new_n851,1,verified,0.9400634765625,1.0,0.98193359375,sampled,ok,20,4096,0.0166015625,0.9833984375,False
external_iscas85_c2670,c2670,refactor,new_n794,new_n840,1,verified,0.938720703125,1.0,0.9794921875,sampled,ok,19,4096,0.015869140625,0.984130859375,False
external_iscas85_c2670,c2670,refactor,new_n797,new_n896,1,verified,0.9162801106770834,1.0,0.968994140625,sampled,ok,25,4096,0.02392578125,0.97607421875,False
external_iscas85_c2670,c2670,refactor,new_n799,new_n879,1,verified,0.9293050130208332,1.0,0.99267578125,sampled,ok,21,4096,0.009521484375,0.990478515625,False
external_iscas85_c2670,c2670,refactor,new_n801,new_n904,1,verified,0.9131917317708332,1.0,0.96337890625,sampled,ok,13,4096,0.032470703125,0.967529296875,False
external_iscas85_c2670,c2670,refactor,new_n802,new_n905,1,verified,0.9134602864583332,1.0,0.9638671875,sampled,ok,13,4096,0.02685546875,0.97314453125,False
external_iscas85_c2670,c2670,refactor,new_n803,new_n906,1,verified,0.9145345052083332,1.0,0.9658203125,sampled,ok,14,4096,0.0302734375,0.9697265625,False
external_iscas85_c2670,c2670,refactor,new_n806,new_n910,1,verified,0.9149373372395834,1.0,0.966552734375,sampled,ok,13,4096,0.029541015625,0.970458984375,False
external_iscas85_c2670,c2670,refactor,new_n807,new_n911,1,verified,0.9154744466145832,1.0,0.967529296875,sampled,ok,13,4096,0.029296875,0.970703125,False
external_iscas85_c2670,c2670,refactor,new_n808,new_n912,1,verified,0.9148030598958332,1.0,0.96630859375,sampled,ok,14,4096,0.03271484375,0.96728515625,False
external_iscas85_c2670,c2670,refactor,new_n809,new_n919,1,verified,0.9227254231770834,1.0,0.980712890625,sampled,ok,20,4096,0.013427734375,0.986572265625,False
external_iscas85_c2670,c2670,refactor,new_n810,new_n900,1,verified,0.9137288411458332,1.0,0.96435546875,sampled,ok,13,4096,0.034423828125,0.965576171875,False
external_iscas85_c2670,c2670,refactor,new_n811,new_n901,1,verified,0.9146687825520834,1.0,0.966064453125,sampled,ok,13,4096,0.03076171875,0.96923828125,False
external_iscas85_c2670,c2670,refactor,new_n812,new_n902,1,verified,0.9149373372395834,1.0,0.966552734375,sampled,ok,14,4096,0.0341796875,0.9658203125,False
external_iscas85_c2670,c2670,refactor,new_n813,new_n903,1,verified,0.9227254231770834,1.0,0.980712890625,sampled,ok,20,4096,0.015869140625,0.984130859375,False
external_iscas85_c2670,c2670,refactor,new_n823,new_n923,1,verified,0.90635986328125,1.0,0.920654296875,sampled,ok,60,4096,0.064453125,0.935546875,False
external_iscas85_c2670,c2670,refactor,new_n824,new_n924,1,verified,0.93890380859375,1.0,0.888916015625,sampled,ok,60,4096,0.094482421875,0.905517578125,False
external_iscas85_c2670,c2670,refactor,new_n825,new_n925,1,verified,0.9828125,1.0,0.96875,sampled,ok,78,4096,0.033447265625,0.966552734375,False
external_iscas85_c2670,c2670,refactor,new_n828,new_n929,1,verified,0.8547810872395833,1.0,0.857177734375,sampled,ok,24,4096,0.134521484375,0.865478515625,False
external_iscas85_c2670,c2670,refactor,new_n832,new_n933,1,verified,0.90869140625,1.0,0.833984375,sampled,ok,78,4096,0.162841796875,0.837158203125,False
external_iscas85_c2670,c2670,refactor_z,new_n472,new_n604,1,verified,0.8809814453125,1.0,0.87451171875,sampled,ok,14,4096,0.12353515625,0.87646484375,False
external_iscas85_c2670,c2670,refactor_z,new_n724,new_n806,1,verified,0.9141316731770832,1.0,0.965087890625,sampled,ok,13,4096,0.031005859375,0.968994140625,False
external_iscas85_c2670,c2670,refactor_z,new_n727,new_n809,1,verified,0.9149373372395834,1.0,0.966552734375,sampled,ok,13,4096,0.029052734375,0.970947265625,False
external_iscas85_c2670,c2670,refactor_z,new_n729,new_n811,1,verified,0.9139973958333334,1.0,0.96484375,sampled,ok,16,4096,0.031982421875,0.968017578125,False
external_iscas85_c2670,c2670,refactor_z,new_n730,new_n812,1,verified,0.8815022786458334,1.0,0.90576171875,sampled,ok,16,4096,0.094482421875,0.905517578125,False
external_iscas85_c2670,c2670,refactor_z,new_n731,new_n829,1,verified,0.9055379231770834,1.0,0.949462890625,sampled,ok,17,4096,0.05078125,0.94921875,False
external_iscas85_c2670,c2670,refactor_z,new_n734,new_n816,1,verified,0.9141316731770832,1.0,0.965087890625,sampled,ok,13,4096,0.02783203125,0.97216796875,False
external_iscas85_c2670,c2670,refactor_z,new_n736,new_n818,1,verified,0.9144002278645832,1.0,0.965576171875,sampled,ok,16,4096,0.03515625,0.96484375,False
external_iscas85_c2670,c2670,refactor_z,new_n737,new_n819,1,verified,0.8804280598958333,1.0,0.90380859375,sampled,ok,16,4096,0.095947265625,0.904052734375,False
external_iscas85_c2670,c2670,refactor_z,new_n741,new_n823,1,verified,0.8550496419270833,1.0,0.857666015625,sampled,ok,22,4096,0.146240234375,0.853759765625,False
external_iscas85_c2670,c2670,refactor_z,new_n743,new_n797,1,verified,0.9137288411458332,1.0,0.96435546875,sampled,ok,13,4096,0.033935546875,0.966064453125,False
external_iscas85_c2670,c2670,refactor_z,new_n745,new_n799,1,verified,0.9138631184895832,1.0,0.964599609375,sampled,ok,16,4096,0.033935546875,0.966064453125,False
external_iscas85_c2670,c2670,refactor_z,new_n746,new_n800,1,verified,0.8798909505208333,1.0,0.90283203125,sampled,ok,16,4096,0.09033203125,0.90966796875,False
external_iscas85_c2670,c2670,refactor_z,new_n752,new_n828,1,verified,0.9267537434895834,1.0,0.988037109375,sampled,ok,27,4096,0.010986328125,0.989013671875,False
external_iscas85_c2670,c2670,refactor_z,new_n753,new_n831,1,verified,0.9208455403645832,1.0,0.977294921875,sampled,ok,22,4096,0.0263671875,0.9736328125,False
external_iscas85_c2670,c2670,refactor_z,new_n754,new_n832,1,verified,0.8930501302083333,1.0,0.9267578125,sampled,ok,22,4096,0.072998046875,0.927001953125,False
external_iscas85_c2670,c2670,refactor_z,new_n755,new_n833,1,verified,0.8864705403645834,1.0,0.914794921875,sampled,ok,27,4096,0.0771484375,0.9228515625,False
external_iscas85_c2670,c2670,refactor_z,new_n756,new_n834,1,verified,0.8864705403645834,1.0,0.914794921875,sampled,ok,34,4096,0.08349609375,0.91650390625,False
external_iscas85_c2670,c2670,refactor_z,new_n757,new_n846,1,verified,0.9137288411458332,1.0,0.96435546875,sampled,ok,13,4096,0.034912109375,0.965087890625,False
external_iscas85_c2670,c2670,refactor_z,new_n758,new_n847,1,verified,0.9244710286458332,1.0,0.98388671875,sampled,ok,14,4096,0.014892578125,0.985107421875,False
external_iscas85_c2670,c2670,refactor_z,new_n759,new_n848,1,verified,0.8949300130208333,1.0,0.93017578125,sampled,ok,18,4096,0.068359375,0.931640625,False
external_iscas85_c2670,c2670,refactor_z,new_n760,new_n849,1,verified,0.9145345052083332,1.0,0.9658203125,sampled,ok,19,4096,0.035888671875,0.964111328125,False
external_iscas85_c2670,c2670,refactor_z,new_n761,new_n837,1,verified,0.8949300130208333,1.0,0.93017578125,sampled,ok,17,4096,0.0625,0.9375,False
external_iscas85_c2670,c2670,refactor_z,new_n762,new_n838,1,verified,0.9145345052083332,1.0,0.9658203125,sampled,ok,18,4096,0.034423828125,0.965576171875,False
external_iscas85_c2670,c2670,refactor_z,new_n764,new_n853,1,verified,0.9153401692708334,1.0,0.96728515625,sampled,ok,13,4096,0.03125,0.96875,False
external_iscas85_c2670,c2670,refactor_z,new_n765,new_n854,1,verified,0.9142659505208334,1.0,0.96533203125,sampled,ok,13,4096,0.03125,0.96875,False
external_iscas85_c2670,c2670,refactor_z,new_n766,new_n855,1,verified,0.9139973958333334,1.0,0.96484375,sampled,ok,14,4096,0.029296875,0.970703125,False
external_iscas85_c2670,c2670,refactor_z,new_n767,new_n856,1,verified,0.9236653645833334,1.0,0.982421875,sampled,ok,15,4096,0.013427734375,0.986572265625,False
external_iscas85_c2670,c2670,refactor_z,new_n768,new_n883,1,verified,0.9297078450520834,1.0,0.993408203125,sampled,ok,21,4096,0.007080078125,0.992919921875,False
external_iscas85_c2670,c2670,refactor_z,new_n774,new_n845,1,verified,0.9208455403645832,1.0,0.977294921875,sampled,ok,20,4096,0.015869140625,0.984130859375,False
external_iscas85_c2670,c2670,refactor_z,new_n775,new_n864,1,verified,0.9126546223958334,1.0,0.96240234375,sampled,ok,13,4096,0.027099609375,0.972900390625,False
external_iscas85_c2670,c2670,refactor_z,new_n776,new_n865,1,verified,0.9153401692708334,1.0,0.96728515625,sampled,ok,13,4096,0.030029296875,0.969970703125,False
external_iscas85_c2670,c2670,refactor_z,new_n777,new_n866,1,verified,0.9131917317708332,1.0,0.96337890625,sampled,ok,14,4096,0.0302734375,0.9697265625,False
external_iscas85_c2670,c2670,refactor_z,new_n778,new_n867,1,verified,0.9237996419270832,1.0,0.982666015625,sampled,ok,15,4096,0.016845703125,0.983154296875,False
external_iscas85_c2670,c2670,refactor_z,new_n786,new_n835,1,verified,0.9148030598958332,1.0,0.96630859375,sampled,ok,13,4096,0.0302734375,0.9697265625,False
external_iscas85_c2670,c2670,refactor_z,new_n787,new_n836,1,verified,0.9258138020833332,1.0,0.986328125,sampled,ok,14,4096,0.015869140625,0.984130859375,False
external_iscas85_c2670,c2670,refactor_z,new_n810,new_n840,1,verified,0.938720703125,1.0,0.9794921875,sampled,ok,19,4096,0.020751953125,0.979248046875,False
external_iscas85_c2670,c2670,refactor_z,new_n813,new_n896,1,verified,0.9162801106770834,1.0,0.968994140625,sampled,ok,25,4096,0.022705078125,0.977294921875,False
external_iscas85_c2670,c2670,refactor_z,new_n815,new_n897,1,verified,0.9192342122395832,1.0,0.974365234375,sampled,ok,31,4096,0.0185546875,0.9814453125,False
external_iscas85_c2670,c2670,refactor_z,new_n816,new_n879,1,verified,0.9293050130208332,1.0,0.99267578125,sampled,ok,21,4096,0.00732421875,0.99267578125,False
external_iscas85_c2670,c2670,refactor_z,new_n824,new_n924,1,verified,0.8889038085937501,1.0,0.888916015625,sampled,ok,60,4096,0.10205078125,0.89794921875,False
external_iscas85_c2670,c2670,refactor_z,new_n825,new_n925,1,verified,0.9328125,1.0,0.96875,sampled,ok,78,4096,0.035400390625,0.964599609375,False
external_iscas85_c2670,c2670,refactor_z,new_n828,new_n929,1,verified,0.8547810872395833,1.0,0.857177734375,sampled,ok,24,4096,0.14892578125,0.85107421875,False
external_iscas85_c2670,c2670,refactor_z,new_n832,new_n933,1,verified,0.8586914062500001,1.0,0.833984375,sampled,ok,78,4096,0.1611328125,0.8388671875,False
external_iscas85_c2670,c2670,resyn2,new_n695,new_n910,1,verified,0.9149373372395834,1.0,0.966552734375,sampled,ok,13,4096,0.031494140625,0.968505859375,False
external_iscas85_c2670,c2670,resyn2,new_n696,new_n911,1,verified,0.9154744466145832,1.0,0.967529296875,sampled,ok,13,4096,0.026123046875,0.973876953125,False
external_iscas85_c2670,c2670,resyn2,new_n697,new_n912,1,verified,0.9148030598958332,1.0,0.96630859375,sampled,ok,14,4096,0.02978515625,0.97021484375,False
external_iscas85_c2670,c2670,resyn2,new_n698,new_n919,1,verified,0.9227254231770834,1.0,0.980712890625,sampled,ok,20,4096,0.017822265625,0.982177734375,False
external_iscas85_c2670,c2670,resyn2,new_n699,new_n900,1,verified,0.9137288411458332,1.0,0.96435546875,sampled,ok,13,4096,0.032958984375,0.967041015625,False
external_iscas85_c2670,c2670,resyn2,new_n700,new_n901,1,verified,0.9146687825520834,1.0,0.966064453125,sampled,ok,13,4096,0.029541015625,0.970458984375,False
external_iscas85_c2670,c2670,resyn2,new_n701,new_n902,1,verified,0.9149373372395834,1.0,0.966552734375,sampled,ok,14,4096,0.032958984375,0.967041015625,False
external_iscas85_c2670,c2670,resyn2,new_n702,new_n904,1,verified,0.9131917317708332,1.0,0.96337890625,sampled,ok,13,4096,0.0302734375,0.9697265625,False
external_iscas85_c2670,c2670,resyn2,new_n703,new_n905,1,verified,0.9134602864583332,1.0,0.9638671875,sampled,ok,13,4096,0.034423828125,0.965576171875,False
external_iscas85_c2670,c2670,resyn2,new_n704,new_n906,1,verified,0.9145345052083332,1.0,0.9658203125,sampled,ok,14,4096,0.032470703125,0.967529296875,False
external_iscas85_c2670,c2670,resyn2,new_n708,new_n903,1,verified,0.9227254231770834,1.0,0.980712890625,sampled,ok,20,4096,0.015869140625,0.984130859375,False
external_iscas85_c2670,c2670,resyn2,new_n712,new_n917,1,verified,0.8974812825520834,1.0,0.934814453125,sampled,ok,32,4096,0.06591796875,0.93408203125,False
external_iscas85_c2670,c2670,resyn2,new_n716,new_n865,1,verified,0.9153401692708334,1.0,0.96728515625,sampled,ok,13,4096,0.03173828125,0.96826171875,False
external_iscas85_c2670,c2670,resyn2,new_n717,new_n864,1,verified,0.9126546223958334,1.0,0.96240234375,sampled,ok,13,4096,0.031982421875,0.968017578125,False
external_iscas85_c2670,c2670,resyn2,new_n718,new_n866,1,verified,0.9131917317708332,1.0,0.96337890625,sampled,ok,14,4096,0.03466796875,0.96533203125,False
external_iscas85_c2670,c2670,resyn2,new_n719,new_n867,1,verified,0.9237996419270832,1.0,0.982666015625,sampled,ok,15,4096,0.013671875,0.986328125,False
external_iscas85_c2670,c2670,resyn2,new_n720,new_n879,1,verified,0.9293050130208332,1.0,0.99267578125,sampled,ok,21,4096,0.00732421875,0.99267578125,False
external_iscas85_c2670,c2670,resyn2,new_n724,new_n854,1,verified,0.9142659505208334,1.0,0.96533203125,sampled,ok,13,4096,0.035888671875,0.964111328125,False
external_iscas85_c2670,c2670,resyn2,new_n725,new_n853,1,verified,0.9153401692708334,1.0,0.96728515625,sampled,ok,13,4096,0.0283203125,0.9716796875,False
external_iscas85_c2670,c2670,resyn2,new_n726,new_n855,1,verified,0.9139973958333334,1.0,0.96484375,sampled,ok,14,4096,0.028564453125,0.971435546875,False
external_iscas85_c2670,c2670,resyn2,new_n727,new_n856,1,verified,0.9236653645833334,1.0,0.982421875,sampled,ok,15,4096,0.0146484375,0.9853515625,False
external_iscas85_c2670,c2670,resyn2,new_n730,new_n883,1,verified,0.9297078450520834,1.0,0.993408203125,sampled,ok,21,4096,0.0068359375,0.9931640625,False
external_iscas85_c2670,c2670,resyn2,new_n732,new_n842,1,verified,0.9162801106770834,1.0,0.968994140625,sampled,ok,13,4096,0.026611328125,0.973388671875,False
external_iscas85_c2670,c2670,resyn2,new_n733,new_n843,1,verified,0.9131917317708332,1.0,0.96337890625,sampled,ok,13,4096,0.03662109375,0.96337890625,False
external_iscas85_c2670,c2670,resyn2,new_n734,new_n844,1,verified,0.9117146809895832,1.0,0.960693359375,sampled,ok,14,4096,0.035888671875,0.964111328125,False
external_iscas85_c2670,c2670,resyn2,new_n736,new_n845,1,verified,0.9208455403645832,1.0,0.977294921875,sampled,ok,20,4096,0.014892578125,0.985107421875,False
external_iscas85_c2670,c2670,resyn2,new_n746,new_n899,1,verified,0.912646484375,1.0,0.9775390625,sampled,ok,42,4096,0.017822265625,0.982177734375,False
external_iscas85_c2670,c2670,resyn2,new_n747,new_n923,1,verified,0.88135986328125,1.0,0.920654296875,sampled,ok,60,4096,0.06591796875,0.93408203125,False
external_iscas85_c2670,c2670,resyn2,new_n750,new_n878,1,verified,0.91288330078125,1.0,0.987060546875,sampled,ok,42,4096,0.01025390625,0.98974609375,False
external_iscas85_c2670,c2670,resyn2,new_n752,new_n882,1,verified,0.91932861328125,1.0,0.998779296875,sampled,ok,36,4096,0.00048828125,0.99951171875,False
external_iscas85_c2670,c2670,resyn2,new_n753,new_n885,1,verified,0.9236572265625,1.0,0.99755859375,sampled,ok,30,4096,0.001953125,0.998046875,False
external_iscas85_c2670,c2670,resyn2,new_n756,new_n890,1,verified,0.9113037109375,1.0,0.97509765625,sampled,ok,30,4096,0.02099609375,0.97900390625,False
external_iscas85_c2670,c2670,resyn2,new_n757,new_n891,1,verified,0.90563232421875,1.0,0.973876953125,sampled,ok,36,4096,0.028076171875,0.971923828125,False
external_iscas85_c2670,c2670,resyn2,new_n758,new_n892,1,verified,0.898515625,1.0,0.9609375,sampled,ok,42,4096,0.032470703125,0.967529296875,False
external_iscas85_c2670,c2670,resyn2,new_n759,new_n924,1,verified,0.85890380859375,1.0,0.888916015625,sampled,ok,60,4096,0.101806640625,0.898193359375,False
external_iscas85_c2670,c2670,resyn2,new_n768,new_n829,1,verified,0.8922045898437501,1.0,0.949462890625,sampled,ok,17,4096,0.04833984375,0.95166015625,False
external_iscas85_c2670,c2670,resyn2,new_n790,new_n834,1,verified,0.8781372070312501,1.0,0.914794921875,sampled,ok,34,4096,0.083251953125,0.916748046875,False
external_iscas85_c2670,c2670,resyn2_like,new_n695,new_n910,1,verified,0.9149373372395834,1.0,0.966552734375,sampled,ok,13,4096,0.028564453125,0.971435546875,False
external_iscas85_c2670,c2670,resyn2_like,new_n696,new_n911,1,verified,0.9154744466145832,1.0,0.967529296875,sampled,ok,13,4096,0.03076171875,0.96923828125,False
external_iscas85_c2670,c2670,resyn2_like,new_n697,new_n912,1,verified,0.9148030598958332,1.0,0.96630859375,sampled,ok,14,4096,0.03173828125,0.96826171875,False
external_iscas85_c2670,c2670,resyn2_like,new_n698,new_n919,1,verified,0.9227254231770834,1.0,0.980712890625,sampled,ok,20,4096,0.015380859375,0.984619140625,False
external_iscas85_c2670,c2670,resyn2_like,new_n699,new_n900,1,verified,0.9137288411458332,1.0,0.96435546875,sampled,ok,13,4096,0.0361328125,0.9638671875,False
external_iscas85_c2670,c2670,resyn2_like,new_n700,new_n901,1,verified,0.9146687825520834,1.0,0.966064453125,sampled,ok,13,4096,0.03466796875,0.96533203125,False
external_iscas85_c2670,c2670,resyn2_like,new_n701,new_n902,1,verified,0.9149373372395834,1.0,0.966552734375,sampled,ok,14,4096,0.02783203125,0.97216796875,False
external_iscas85_c2670,c2670,resyn2_like,new_n702,new_n904,1,verified,0.9131917317708332,1.0,0.96337890625,sampled,ok,13,4096,0.03173828125,0.96826171875,False
external_iscas85_c2670,c2670,resyn2_like,new_n703,new_n905,1,verified,0.9134602864583332,1.0,0.9638671875,sampled,ok,13,4096,0.0283203125,0.9716796875,False
external_iscas85_c2670,c2670,resyn2_like,new_n704,new_n906,1,verified,0.9145345052083332,1.0,0.9658203125,sampled,ok,14,4096,0.0341796875,0.9658203125,False
external_iscas85_c2670,c2670,resyn2_like,new_n708,new_n903,1,verified,0.9227254231770834,1.0,0.980712890625,sampled,ok,20,4096,0.016845703125,0.983154296875,False
external_iscas85_c2670,c2670,resyn2_like,new_n712,new_n917,1,verified,0.8974812825520834,1.0,0.934814453125,sampled,ok,32,4096,0.0712890625,0.9287109375,False
external_iscas85_c2670,c2670,resyn2_like,new_n716,new_n865,1,verified,0.9153401692708334,1.0,0.96728515625,sampled,ok,13,4096,0.029541015625,0.970458984375,False
external_iscas85_c2670,c2670,resyn2_like,new_n717,new_n864,1,verified,0.9126546223958334,1.0,0.96240234375,sampled,ok,13,4096,0.03662109375,0.96337890625,False
external_iscas85_c2670,c2670,resyn2_like,new_n718,new_n866,1,verified,0.9131917317708332,1.0,0.96337890625,sampled,ok,14,4096,0.03125,0.96875,False
external_iscas85_c2670,c2670,resyn2_like,new_n719,new_n867,1,verified,0.9237996419270832,1.0,0.982666015625,sampled,ok,15,4096,0.016357421875,0.983642578125,False
external_iscas85_c2670,c2670,resyn2_like,new_n720,new_n879,1,verified,0.9293050130208332,1.0,0.99267578125,sampled,ok,21,4096,0.00634765625,0.99365234375,False
external_iscas85_c2670,c2670,resyn2_like,new_n724,new_n854,1,verified,0.9142659505208334,1.0,0.96533203125,sampled,ok,13,4096,0.03173828125,0.96826171875,False
external_iscas85_c2670,c2670,resyn2_like,new_n725,new_n853,1,verified,0.9153401692708334,1.0,0.96728515625,sampled,ok,13,4096,0.034423828125,0.965576171875,False
external_iscas85_c2670,c2670,resyn2_like,new_n726,new_n855,1,verified,0.9139973958333334,1.0,0.96484375,sampled,ok,14,4096,0.03125,0.96875,False
external_iscas85_c2670,c2670,resyn2_like,new_n727,new_n856,1,verified,0.9236653645833334,1.0,0.982421875,sampled,ok,15,4096,0.01513671875,0.98486328125,False
external_iscas85_c2670,c2670,resyn2_like,new_n730,new_n883,1,verified,0.9297078450520834,1.0,0.993408203125,sampled,ok,21,4096,0.00927734375,0.99072265625,False
external_iscas85_c2670,c2670,resyn2_like,new_n732,new_n842,1,verified,0.9162801106770834,1.0,0.968994140625,sampled,ok,13,4096,0.035400390625,0.964599609375,False
external_iscas85_c2670,c2670,resyn2_like,new_n733,new_n843,1,verified,0.9131917317708332,1.0,0.96337890625,sampled,ok,13,4096,0.03271484375,0.96728515625,False
external_iscas85_c2670,c2670,resyn2_like,new_n734,new_n844,1,verified,0.9117146809895832,1.0,0.960693359375,sampled,ok,14,4096,0.031005859375,0.968994140625,False
external_iscas85_c2670,c2670,resyn2_like,new_n736,new_n845,1,verified,0.9208455403645832,1.0,0.977294921875,sampled,ok,20,4096,0.01318359375,0.98681640625,False
external_iscas85_c2670,c2670,resyn2_like,new_n746,new_n899,1,verified,0.912646484375,1.0,0.9775390625,sampled,ok,42,4096,0.014892578125,0.985107421875,False
external_iscas85_c2670,c2670,resyn2_like,new_n747,new_n923,1,verified,0.88135986328125,1.0,0.920654296875,sampled,ok,60,4096,0.07470703125,0.92529296875,False
external_iscas85_c2670,c2670,resyn2_like,new_n750,new_n878,1,verified,0.91288330078125,1.0,0.987060546875,sampled,ok,42,4096,0.008544921875,0.991455078125,False
external_iscas85_c2670,c2670,resyn2_like,new_n752,new_n882,1,verified,0.91932861328125,1.0,0.998779296875,sampled,ok,36,4096,0.00146484375,0.99853515625,False
external_iscas85_c2670,c2670,resyn2_like,new_n753,new_n885,1,verified,0.9236572265625,1.0,0.99755859375,sampled,ok,30,4096,0.002197265625,0.997802734375,False
external_iscas85_c2670,c2670,resyn2_like,new_n756,new_n890,1,verified,0.9113037109375,1.0,0.97509765625,sampled,ok,30,4096,0.026123046875,0.973876953125,False
external_iscas85_c2670,c2670,resyn2_like,new_n757,new_n891,1,verified,0.90563232421875,1.0,0.973876953125,sampled,ok,36,4096,0.025146484375,0.974853515625,False
external_iscas85_c2670,c2670,resyn2_like,new_n758,new_n892,1,verified,0.898515625,1.0,0.9609375,sampled,ok,42,4096,0.0390625,0.9609375,False
external_iscas85_c2670,c2670,resyn2_like,new_n759,new_n924,1,verified,0.85890380859375,1.0,0.888916015625,sampled,ok,60,4096,0.0966796875,0.9033203125,False
external_iscas85_c2670,c2670,resyn2_like,new_n768,new_n829,1,verified,0.8922045898437501,1.0,0.949462890625,sampled,ok,17,4096,0.04443359375,0.95556640625,False
external_iscas85_c2670,c2670,resyn2_like,new_n790,new_n834,1,verified,0.8781372070312501,1.0,0.914794921875,sampled,ok,34,4096,0.075439453125,0.924560546875,False
external_iscas85_c432,c432,compress2rs,new_n66,new_n95,1,verified,0.85084716796875,1.0,0.874267578125,sampled,ok,19,4096,0.132080078125,0.867919921875,False
external_iscas85_c432,c432,compress2rs,new_n69,new_n65,1,verified,0.85380126953125,1.0,0.879638671875,sampled,ok,19,4096,0.1337890625,0.8662109375,False
external_iscas85_c432,c432,compress2rs,new_n81,new_n85,1,verified,0.8500651041666668,1.0,0.87890625,sampled,ok,19,4096,0.125732421875,0.874267578125,False
external_iscas85_c432,c432,compress2rs,new_n100,new_n124,1,verified,0.8520556640625001,1.0,0.87646484375,sampled,ok,19,4096,0.12646484375,0.87353515625,False
external_iscas85_c432,c432,compress2rs,new_n104,new_n130,1,verified,0.8527270507812501,1.0,0.877685546875,sampled,ok,19,4096,0.128173828125,0.871826171875,False
external_iscas85_c432,c432,compress2rs,new_n108,new_n136,1,verified,0.852861328125,1.0,0.8779296875,sampled,ok,19,4096,0.115234375,0.884765625,False
external_iscas85_c432,c432,dc2,new_n68,new_n65,1,verified,0.85380126953125,1.0,0.879638671875,sampled,ok,19,4096,0.122314453125,0.877685546875,False
external_iscas85_c432,c432,dc2,new_n79,new_n95,1,verified,0.85084716796875,1.0,0.874267578125,sampled,ok,19,4096,0.121826171875,0.878173828125,False
external_iscas85_c432,c432,dc2,new_n93,new_n85,1,verified,0.8533984375000001,1.0,0.87890625,sampled,ok,19,4096,0.12353515625,0.87646484375,False
external_iscas85_c432,c432,dc2,new_n105,new_n161,1,verified,0.8790188259548611,1.0,0.941650390625,sampled,ok,28,4096,0.060546875,0.939453125,False
external_iscas85_c432,c432,dc2,new_n120,new_n149,1,verified,0.87710205078125,1.0,0.940185546875,sampled,ok,28,4096,0.06298828125,0.93701171875,False
external_iscas85_c432,c432,dc2,new_n134,new_n167,1,verified,0.88255615234375,1.0,0.945556640625,sampled,ok,28,4096,0.056640625,0.943359375,False
external_iscas85_c432,c432,refactor,new_n64,new_n65,1,verified,0.93380126953125,1.0,0.879638671875,sampled,ok,19,4096,0.13330078125,0.86669921875,False
external_iscas85_c432,c432,refactor,new_n113,new_n115,1,verified,0.93380126953125,1.0,0.879638671875,sampled,ok,27,4096,0.124755859375,0.875244140625,False
external_iscas85_c432,c432,refactor,new_n116,new_n118,1,verified,0.93111572265625,1.0,0.874755859375,sampled,ok,19,4096,0.13427734375,0.86572265625,False
external_iscas85_c432,c432,refactor,new_n117,new_n119,1,verified,0.901171875,1.0,0.8203125,sampled,ok,28,4096,0.182861328125,0.817138671875,False
external_iscas85_c432,c432,resub,new_n63,new_n65,1,verified,0.88380126953125,1.0,0.879638671875,sampled,ok,19,4096,0.126220703125,0.873779296875,False
external_iscas85_c432,c432,resub,new_n66,new_n70,1,verified,0.8799072265625001,1.0,0.87255859375,sampled,ok,19,4096,0.125732421875,0.874267578125,False
external_iscas85_c432,c432,resub,new_n69,new_n75,1,verified,0.8793701171875001,1.0,0.87158203125,sampled,ok,19,4096,0.12744140625,0.87255859375,False
external_iscas85_c432,c432,resub,new_n72,new_n80,1,verified,0.87708740234375,1.0,0.867431640625,sampled,ok,19,4096,0.12353515625,0.87646484375,False
external_iscas85_c432,c432,resub,new_n75,new_n85,1,verified,0.8833984375000001,1.0,0.87890625,sampled,ok,19,4096,0.1328125,0.8671875,False
external_iscas85_c432,c432,resub,new_n78,new_n90,1,verified,0.88232421875,1.0,0.876953125,sampled,ok,19,4096,0.1328125,0.8671875,False
external_iscas85_c432,c432,resub,new_n81,new_n95,1,verified,0.8808471679687501,1.0,0.874267578125,sampled,ok,19,4096,0.126220703125,0.873779296875,False
external_iscas85_c432,c432,resub,new_n93,new_n107,1,verified,0.94749755859375,1.0,0.904541015625,sampled,ok,21,4096,0.097900390625,0.902099609375,False
external_iscas85_c432,c432,resub,new_n94,new_n108,1,verified,0.913525390625,1.0,0.8427734375,sampled,ok,22,4096,0.1572265625,0.8427734375,False
external_iscas85_c432,c432,resub,new_n95,new_n109,1,verified,0.8955322265625,1.0,0.81005859375,sampled,ok,23,4096,0.19580078125,0.80419921875,False
external_iscas85_c432,c432,resub,new_n96,new_n110,1,verified,0.8858642578125,1.0,0.79248046875,sampled,ok,24,4096,0.20654296875,0.79345703125,False
external_iscas85_c432,c432,resub,new_n97,new_n111,1,verified,0.880224609375,1.0,0.7822265625,sampled,ok,25,4096,0.217041015625,0.782958984375,False
external_iscas85_c432,c432,resub,new_n98,new_n112,1,verified,0.880224609375,1.0,0.7822265625,sampled,ok,26,4096,0.213134765625,0.786865234375,False
external_iscas85_c432,c432,resub,new_n102,new_n118,1,verified,0.88111572265625,1.0,0.874755859375,sampled,ok,19,4096,0.12744140625,0.87255859375,False
external_iscas85_c432,c432,resub,new_n103,new_n119,1,verified,0.8511718750000001,1.0,0.8203125,sampled,ok,28,4096,0.18896484375,0.81103515625,False
external_iscas85_c432,c432,resub,new_n106,new_n124,1,verified,0.8820556640625001,1.0,0.87646484375,sampled,ok,19,4096,0.127197265625,0.872802734375,False
external_iscas85_c432,c432,resub,new_n110,new_n130,1,verified,0.8827270507812501,1.0,0.877685546875,sampled,ok,19,4096,0.1298828125,0.8701171875,False
external_iscas85_c432,c432,resub,new_n114,new_n136,1,verified,0.8828613281250001,1.0,0.8779296875,sampled,ok,19,4096,0.12646484375,0.87353515625,False
external_iscas85_c432,c432,resub,new_n118,new_n142,1,verified,0.8793701171875001,1.0,0.87158203125,sampled,ok,19,4096,0.12109375,0.87890625,False
external_iscas85_c432,c432,resub,new_n122,new_n148,1,verified,0.879638671875,1.0,0.8720703125,sampled,ok,19,4096,0.123291015625,0.876708984375,False
external_iscas85_c432,c432,resub,new_n126,new_n154,1,verified,0.8872924804687501,1.0,0.885986328125,sampled,ok,19,4096,0.133544921875,0.866455078125,False
external_iscas85_c432,c432,resub,new_n141,new_n169,1,verified,0.9094970703125,1.0,0.83544921875,sampled,ok,30,4096,0.1611328125,0.8388671875,False
external_iscas85_c432,c432,resub,new_n142,new_n170,1,verified,0.8504150390624999,1.0,0.72802734375,sampled,ok,31,4096,0.267822265625,0.732177734375,False
external_iscas85_c432,c432,resyn,new_n69,new_n90,1,verified,0.85232421875,1.0,0.876953125,sampled,ok,19,4096,0.126220703125,0.873779296875,False
external_iscas85_c432,c432,resyn,new_n75,new_n95,1,verified,0.85084716796875,1.0,0.874267578125,sampled,ok,19,4096,0.130126953125,0.869873046875,False
external_iscas85_c432,c432,resyn,new_n81,new_n65,1,verified,0.85380126953125,1.0,0.879638671875,sampled,ok,19,4096,0.127685546875,0.872314453125,False
external_iscas85_c432,c432,resyn,new_n111,new_n137,1,verified,0.8782131618923611,1.0,0.940185546875,sampled,ok,28,4096,0.06396484375,0.93603515625,False
external_iscas85_c432,c432,resyn,new_n125,new_n149,1,verified,0.8770046657986111,1.0,0.93798828125,sampled,ok,28,4096,0.064208984375,0.935791015625,False
external_iscas85_c432,c432,resyn,new_n132,new_n124,1,verified,0.8520556640625001,1.0,0.87646484375,sampled,ok,19,4096,0.123779296875,0.876220703125,False
external_iscas85_c432,c432,resyn,new_n133,new_n125,1,verified,0.8776760525173611,1.0,0.939208984375,sampled,ok,28,4096,0.06982421875,0.93017578125,False
external_iscas85_c432,c432,resyn2,new_n63,new_n90,1,verified,0.85232421875,1.0,0.876953125,sampled,ok,19,4096,0.12890625,0.87109375,False
external_iscas85_c432,c432,resyn2,new_n69,new_n85,1,verified,0.8533984375000001,1.0,0.87890625,sampled,ok,19,4096,0.135986328125,0.864013671875,False
external_iscas85_c432,c432,resyn2,new_n72,new_n65,1,verified,0.85380126953125,1.0,0.879638671875,sampled,ok,19,4096,0.126953125,0.873046875,False
external_iscas85_c432,c432,resyn2,new_n81,new_n95,1,verified,0.85084716796875,1.0,0.874267578125,sampled,ok,19,4096,0.11279296875,0.88720703125,False
external_iscas85_c432,c432,resyn2,new_n110,new_n124,1,verified,0.8520556640625001,1.0,0.87646484375,sampled,ok,19,4096,0.130859375,0.869140625,False
external_iscas85_c432,c432,resyn2,new_n111,new_n125,1,verified,0.8776760525173611,1.0,0.939208984375,sampled,ok,28,4096,0.058349609375,0.941650390625,False
external_iscas85_c432,c432,resyn2_like,new_n63,new_n90,1,verified,0.85232421875,1.0,0.876953125,sampled,ok,19,4096,0.1201171875,0.8798828125,False
external_iscas85_c432,c432,resyn2_like,new_n69,new_n85,1,verified,0.8533984375000001,1.0,0.87890625,sampled,ok,19,4096,0.12353515625,0.87646484375,False
external_iscas85_c432,c432,resyn2_like,new_n72,new_n65,1,verified,0.85380126953125,1.0,0.879638671875,sampled,ok,19,4096,0.11865234375,0.88134765625,False
external_iscas85_c432,c432,resyn2_like,new_n81,new_n95,1,verified,0.85084716796875,1.0,0.874267578125,sampled,ok,19,4096,0.130615234375,0.869384765625,False
external_iscas85_c432,c432,resyn2_like,new_n110,new_n124,1,verified,0.8520556640625001,1.0,0.87646484375,sampled,ok,19,4096,0.130126953125,0.869873046875,False
external_iscas85_c432,c432,resyn2_like,new_n111,new_n125,1,verified,0.8776760525173611,1.0,0.939208984375,sampled,ok,28,4096,0.0595703125,0.9404296875,False
external_iscas85_c432,c432,rewrite,new_n63,new_n65,1,verified,0.88380126953125,1.0,0.879638671875,sampled,ok,19,4096,0.122314453125,0.877685546875,False
external_iscas85_c432,c432,rewrite,new_n66,new_n70,1,verified,0.8799072265625001,1.0,0.87255859375,sampled,ok,19,4096,0.126953125,0.873046875,False
external_iscas85_c432,c432,rewrite,new_n69,new_n75,1,verified,0.8793701171875001,1.0,0.87158203125,sampled,ok,19,4096,0.119140625,0.880859375,False
external_iscas85_c432,c432,rewrite,new_n105,new_n111,1,verified,0.9658935546875,1.0,0.93798828125,sampled,ok,25,4096,0.053955078125,0.946044921875,False
external_iscas85_c432,c432,rewrite,new_n106,new_n112,1,verified,0.9465576171875,1.0,0.90283203125,sampled,ok,26,4096,0.091064453125,0.908935546875,False
external_iscas85_c432,c432,rewrite,new_n110,new_n118,1,verified,0.88111572265625,1.0,0.874755859375,sampled,ok,19,4096,0.135009765625,0.864990234375,False
external_iscas85_c432,c432,rewrite,new_n111,new_n119,1,verified,0.8511718750000001,1.0,0.8203125,sampled,ok,28,4096,0.1826171875,0.8173828125,False
external_iscas85_c432,c432,rewrite,new_n114,new_n124,1,verified,0.8820556640625001,1.0,0.87646484375,sampled,ok,19,4096,0.125,0.875,False
external_iscas85_c432,c432,rewrite,new_n118,new_n130,1,verified,0.8827270507812501,1.0,0.877685546875,sampled,ok,19,4096,0.1201171875,0.8798828125,False
external_iscas85_c432,c432,rewrite,new_n161,new_n173,1,verified,0.92789306640625,1.0,0.868896484375,sampled,ok,34,4096,0.131103515625,0.868896484375,False
external_iscas85_c432,c432,rewrite,new_n162,new_n174,1,verified,0.88009033203125,1.0,0.781982421875,sampled,ok,35,4096,0.213623046875,0.786376953125,False
external_iscas85_c432,c432,rewrite_z,new_n63,new_n75,1,verified,0.8793701171875001,1.0,0.87158203125,sampled,ok,19,4096,0.1279296875,0.8720703125,False
external_iscas85_c432,c432,rewrite_z,new_n66,new_n80,1,verified,0.87708740234375,1.0,0.867431640625,sampled,ok,19,4096,0.135009765625,0.864990234375,False
external_iscas85_c432,c432,rewrite_z,new_n96,new_n110,1,verified,0.96361083984375,1.0,0.933837890625,sampled,ok,24,4096,0.065185546875,0.934814453125,False
external_iscas85_c432,c432,rewrite_z,new_n97,new_n111,1,verified,0.93890380859375,1.0,0.888916015625,sampled,ok,25,4096,0.104736328125,0.895263671875,False
external_iscas85_c432,c432,rewrite_z,new_n100,new_n65,1,verified,0.88380126953125,1.0,0.879638671875,sampled,ok,19,4096,0.1240234375,0.8759765625,False
external_iscas85_c432,c432,rewrite_z,new_n103,new_n70,1,verified,0.8799072265625001,1.0,0.87255859375,sampled,ok,19,4096,0.12109375,0.87890625,False
external_iscas85_c432,c432,rewrite_z,new_n136,new_n133,1,verified,0.87708740234375,1.0,0.867431640625,sampled,ok,27,4096,0.12451171875,0.87548828125,False
external_iscas85_c432,c432,rewrite_z,new_n137,new_n134,1,verified,0.87708740234375,1.0,0.867431640625,sampled,ok,27,4096,0.123291015625,0.876708984375,False
external_iscas85_c432,c432,rewrite_z,new_n138,new_n136,1,verified,0.8828613281250001,1.0,0.8779296875,sampled,ok,19,4096,0.127197265625,0.872802734375,False
external_iscas85_c432,c432,rewrite_z,new_n139,new_n137,1,verified,0.91710205078125,1.0,0.940185546875,sampled,ok,28,4096,0.054931640625,0.945068359375,False
external_iscas85_c432,c432,rewrite_z,new_n140,new_n172,1,verified,0.97569580078125,1.0,0.955810546875,sampled,ok,33,4096,0.045166015625,0.954833984375,False
external_iscas85_c432,c432,rewrite_z,new_n144,new_n173,1,verified,0.91070556640625,1.0,0.837646484375,sampled,ok,34,4096,0.156494140625,0.843505859375,False
external_iscas85_c432,c432,rewrite_z,new_n148,new_n174,1,verified,0.8678710937499999,1.0,0.759765625,sampled,ok,35,4096,0.233154296875,0.766845703125,False
external_iscas85_c432,c432,rewrite_z,new_n151,new_n119,1,verified,0.8511718750000001,1.0,0.8203125,sampled,ok,28,4096,0.197998046875,0.802001953125,False
external_iscas85_c432,c432,rewrite_z,new_n181,new_n187,1,verified,0.8620483398437501,1.0,0.840087890625,sampled,ok,36,4096,0.160888671875,0.839111328125,False
external_iscas85_c5315,c5315,compress2rs,new_n1389,new_n1784,1,verified,0.8776760525173611,1.0,0.939208984375,sampled,ok,27,4096,0.0634765625,0.9365234375,False
external_iscas85_c5315,c5315,compress2rs,new_n1578,new_n2023,1,verified,0.8776760525173611,1.0,0.939208984375,sampled,ok,31,4096,0.05615234375,0.94384765625,False
external_iscas85_c5315,c5315,compress2rs,new_n1579,new_n2025,1,verified,0.8776760525173611,1.0,0.939208984375,sampled,ok,32,4096,0.0546875,0.9453125,False
external_iscas85_c5315,c5315,compress2rs,new_n1580,new_n2027,1,verified,0.9016748046875,1.0,0.98486328125,sampled,ok,34,4096,0.010498046875,0.989501953125,False
external_iscas85_c5315,c5315,compress2rs,new_n1593,new_n2044,1,verified,0.90046630859375,1.0,0.982666015625,sampled,ok,34,4096,0.0107421875,0.9892578125,False
external_iscas85_c5315,c5315,compress2rs,new_n1602,new_n2055,1,verified,0.903017578125,1.0,0.9873046875,sampled,ok,34,4096,0.013427734375,0.986572265625,False
external_iscas85_c5315,c5315,compress2rs,new_n1608,new_n2060,1,verified,0.913017578125,1.0,0.9873046875,sampled,ok,66,4096,0.015380859375,0.984619140625,False
external_iscas85_c5315,c5315,compress2rs,new_n1611,new_n2067,1,verified,0.90140625,1.0,0.984375,sampled,ok,34,4096,0.01513671875,0.98486328125,False
external_iscas85_c5315,c5315,compress2rs,new_n1617,new_n2072,1,verified,0.91140625,1.0,0.984375,sampled,ok,66,4096,0.0146484375,0.9853515625,False
external_iscas85_c5315,c5315,dc2,new_n839,new_n1005,1,verified,0.86800537109375,1.0,0.760009765625,sampled,ok,20,4096,0.2587890625,0.7412109375,False
external_iscas85_c5315,c5315,dc2,new_n840,new_n1006,1,verified,0.858740234375,1.0,0.7431640625,sampled,ok,20,4096,0.2548828125,0.7451171875,False
external_iscas85_c5315,c5315,dc2,new_n1087,new_n1318,1,verified,0.8503680604876894,0.9696969696969696,0.838134765625,sampled,ok,33,4096,0.14697265625,0.85302734375,False
external_iscas85_c5315,c5315,refactor,new_n898,new_n1005,1,verified,0.86800537109375,1.0,0.760009765625,sampled,ok,20,4096,0.2490234375,0.7509765625,False
external_iscas85_c5315,c5315,refactor,new_n899,new_n1006,1,verified,0.858740234375,1.0,0.7431640625,sampled,ok,20,4096,0.249267578125,0.750732421875,False
external_iscas85_c5315,c5315,refactor,new_n1239,new_n1388,1,verified,0.8635742187500001,1.0,0.751953125,sampled,ok,21,4096,0.25341796875,0.74658203125,False
external_iscas85_c5315,c5315,refactor,new_n1240,new_n1389,1,verified,0.9315185546875,1.0,0.87548828125,sampled,ok,42,4096,0.12548828125,0.87451171875,False
external_iscas85_c5315,c5315,refactor,new_n1241,new_n1390,1,verified,0.96522216796875,1.0,0.936767578125,sampled,ok,42,4096,0.060791015625,0.939208984375,False
external_iscas85_c5315,c5315,refactor,new_n1242,new_n1391,1,verified,0.9723388671875,1.0,0.94970703125,sampled,ok,42,4096,0.05029296875,0.94970703125,False
external_iscas85_c5315,c5315,refactor,new_n1243,new_n1392,1,verified,0.9981201171875,1.0,0.99658203125,sampled,ok,46,4096,0.00244140625,0.99755859375,False
external_iscas85_c5315,c5315,resub,new_n916,new_n1005,1,verified,0.86800537109375,1.0,0.760009765625,sampled,ok,20,4096,0.243408203125,0.756591796875,False
external_iscas85_c5315,c5315,resub,new_n917,new_n1006,1,verified,0.858740234375,1.0,0.7431640625,sampled,ok,20,4096,0.241455078125,0.758544921875,False
external_iscas85_c5315,c5315,resub,new_n1306,new_n1388,1,verified,0.8635742187500001,1.0,0.751953125,sampled,ok,21,4096,0.25048828125,0.74951171875,False
external_iscas85_c5315,c5315,resub,new_n1307,new_n1389,1,verified,0.9315185546875,1.0,0.87548828125,sampled,ok,42,4096,0.127197265625,0.872802734375,False
external_iscas85_c5315,c5315,resub,new_n1308,new_n1390,1,verified,0.96522216796875,1.0,0.936767578125,sampled,ok,42,4096,0.06103515625,0.93896484375,False
external_iscas85_c5315,c5315,resub,new_n1309,new_n1391,1,verified,0.9723388671875,1.0,0.94970703125,sampled,ok,42,4096,0.041748046875,0.958251953125,False
external_iscas85_c5315,c5315,resub,new_n1310,new_n1392,1,verified,0.99248046875,1.0,0.986328125,sampled,ok,46,4096,0.01416015625,0.98583984375,False
external_iscas85_c5315,c5315,resub,new_n1352,new_n1434,1,verified,0.871826171875,0.6875,0.9658203125,sampled,ok,64,4096,0.03076171875,0.96923828125,False
external_iscas85_c5315,c5315,resub,new_n1353,new_n1435,1,verified,0.8735088641826924,0.6923076923076923,0.9658203125,sampled,ok,65,4096,0.0244140625,0.9755859375,False
external_iscas85_c5315,c5315,resub,new_n1363,new_n1445,1,verified,0.87384033203125,0.6875,0.969482421875,sampled,ok,64,4096,0.03466796875,0.96533203125,False
external_iscas85_c5315,c5315,resub,new_n1364,new_n1446,1,verified,0.8755230243389424,0.6923076923076923,0.969482421875,sampled,ok,65,4096,0.0361328125,0.9638671875,False
external_iscas85_c5315,c5315,resub,new_n1476,new_n1558,1,verified,0.87464599609375,0.6875,0.970947265625,sampled,ok,64,4096,0.02978515625,0.97021484375,False
external_iscas85_c5315,c5315,resub,new_n1477,new_n1559,1,verified,0.8763286884014424,0.6923076923076923,0.970947265625,sampled,ok,65,4096,0.03271484375,0.96728515625,False
external_iscas85_c5315,c5315,resub,new_n1478,new_n1560,1,verified,0.877960390033144,0.696969696969697,0.970947265625,sampled,ok,66,4096,0.029541015625,0.970458984375,False
external_iscas85_c5315,c5315,resub,new_n1524,new_n1606,1,verified,0.87464599609375,0.6875,0.970947265625,sampled,ok,64,4096,0.031005859375,0.968994140625,False
external_iscas85_c5315,c5315,resub,new_n1525,new_n1607,1,verified,0.8763286884014424,0.6923076923076923,0.970947265625,sampled,ok,65,4096,0.0322265625,0.9677734375,False
external_iscas85_c5315,c5315,resub,new_n1526,new_n1608,1,verified,0.877960390033144,0.696969696969697,0.970947265625,sampled,ok,66,4096,0.025146484375,0.974853515625,False
external_iscas85_c5315,c5315,resyn2,new_n1396,new_n1780,1,verified,0.8557047526041667,1.0,0.88916015625,sampled,ok,25,4096,0.107421875,0.892578125,False
external_iscas85_c5315,c5315,resyn2,new_n1399,new_n1784,1,verified,0.8808506556919643,1.0,0.939208984375,sampled,ok,27,4096,0.05126953125,0.94873046875,False
external_iscas85_c5315,c5315,resyn2,new_n1590,new_n1783,1,verified,0.8555704752604167,1.0,0.888916015625,sampled,ok,26,4096,0.1123046875,0.8876953125,False
external_iscas85_c5315,c5315,resyn2,new_n1593,new_n2023,1,verified,0.8808506556919643,1.0,0.939208984375,sampled,ok,31,4096,0.053466796875,0.946533203125,False
external_iscas85_c5315,c5315,resyn2,new_n1594,new_n2025,1,verified,0.8808506556919643,1.0,0.939208984375,sampled,ok,32,4096,0.055908203125,0.944091796875,False
external_iscas85_c5315,c5315,resyn2,new_n1595,new_n2027,1,verified,0.9041748046875,1.0,0.98486328125,sampled,ok,34,4096,0.013671875,0.986328125,False
external_iscas85_c5315,c5315,resyn2,new_n1609,new_n2044,1,verified,0.90296630859375,1.0,0.982666015625,sampled,ok,34,4096,0.0166015625,0.9833984375,False
external_iscas85_c5315,c5315,resyn2,new_n1617,new_n2055,1,verified,0.905517578125,1.0,0.9873046875,sampled,ok,34,4096,0.017333984375,0.982666015625,False
external_iscas85_c5315,c5315,resyn2,new_n1624,new_n2060,1,verified,0.9073032924107144,1.0,0.9873046875,sampled,ok,66,4096,0.011474609375,0.988525390625,False
external_iscas85_c5315,c5315,resyn2,new_n1626,new_n2067,1,verified,0.90390625,1.0,0.984375,sampled,ok,34,4096,0.013671875,0.986328125,False
external_iscas85_c5315,c5315,resyn2,new_n1633,new_n2072,1,verified,0.9056919642857144,1.0,0.984375,sampled,ok,66,4096,0.01171875,0.98828125,False
external_iscas85_c5315,c5315,resyn2_like,new_n1396,new_n1780,1,verified,0.8557047526041667,1.0,0.88916015625,sampled,ok,25,4096,0.1171875,0.8828125,False
external_iscas85_c5315,c5315,resyn2_like,new_n1399,new_n1784,1,verified,0.8808506556919643,1.0,0.939208984375,sampled,ok,27,4096,0.05029296875,0.94970703125,False
external_iscas85_c5315,c5315,resyn2_like,new_n1590,new_n1783,1,verified,0.8555704752604167,1.0,0.888916015625,sampled,ok,26,4096,0.120849609375,0.879150390625,False
external_iscas85_c5315,c5315,resyn2_like,new_n1593,new_n2023,1,verified,0.8808506556919643,1.0,0.939208984375,sampled,ok,31,4096,0.05126953125,0.94873046875,False
external_iscas85_c5315,c5315,resyn2_like,new_n1594,new_n2025,1,verified,0.8808506556919643,1.0,0.939208984375,sampled,ok,32,4096,0.053466796875,0.946533203125,False
external_iscas85_c5315,c5315,resyn2_like,new_n1595,new_n2027,1,verified,0.9041748046875,1.0,0.98486328125,sampled,ok,34,4096,0.017578125,0.982421875,False
external_iscas85_c5315,c5315,resyn2_like,new_n1609,new_n2044,1,verified,0.90296630859375,1.0,0.982666015625,sampled,ok,34,4096,0.014892578125,0.985107421875,False
external_iscas85_c5315,c5315,resyn2_like,new_n1617,new_n2055,1,verified,0.905517578125,1.0,0.9873046875,sampled,ok,34,4096,0.013427734375,0.986572265625,False
external_iscas85_c5315,c5315,resyn2_like,new_n1624,new_n2060,1,verified,0.9073032924107144,1.0,0.9873046875,sampled,ok,66,4096,0.011962890625,0.988037109375,False
external_iscas85_c5315,c5315,resyn2_like,new_n1626,new_n2067,1,verified,0.90390625,1.0,0.984375,sampled,ok,34,4096,0.011474609375,0.988525390625,False
external_iscas85_c5315,c5315,resyn2_like,new_n1633,new_n2072,1,verified,0.9056919642857144,1.0,0.984375,sampled,ok,66,4096,0.015380859375,0.984619140625,False
external_iscas85_c5315,c5315,rewrite,new_n863,new_n1005,1,verified,0.86800537109375,1.0,0.760009765625,sampled,ok,20,4096,0.26171875,0.73828125,False
external_iscas85_c5315,c5315,rewrite,new_n864,new_n1006,1,verified,0.858740234375,1.0,0.7431640625,sampled,ok,20,4096,0.242431640625,0.757568359375,False
external_iscas85_c5315,c5315,rewrite,new_n1203,new_n1388,1,verified,0.8635742187500001,1.0,0.751953125,sampled,ok,21,4096,0.257568359375,0.742431640625,False
external_iscas85_c5315,c5315,rewrite,new_n1204,new_n1389,1,verified,0.9315185546875,1.0,0.87548828125,sampled,ok,42,4096,0.140869140625,0.859130859375,False
external_iscas85_c5315,c5315,rewrite,new_n1205,new_n1390,1,verified,0.96522216796875,1.0,0.936767578125,sampled,ok,42,4096,0.06298828125,0.93701171875,False
external_iscas85_c5315,c5315,rewrite,new_n1206,new_n1391,1,verified,0.9723388671875,1.0,0.94970703125,sampled,ok,42,4096,0.04296875,0.95703125,False
external_iscas85_c5315,c5315,rewrite,new_n1209,new_n1392,1,verified,0.99248046875,1.0,0.986328125,sampled,ok,46,4096,0.008544921875,0.991455078125,False
external_iscas85_c5315,c5315,rewrite,new_n1516,new_n1780,1,verified,0.8723714192708333,1.0,0.88916015625,sampled,ok,25,4096,0.105224609375,0.894775390625,False
external_iscas85_c5315,c5315,rewrite,new_n1517,new_n1781,1,verified,0.8700887044270834,1.0,0.885009765625,sampled,ok,25,4096,0.112060546875,0.887939453125,False
external_iscas85_c5315,c5315,rewrite,new_n1519,new_n2021,1,verified,0.8722371419270833,1.0,0.888916015625,sampled,ok,26,4096,0.103271484375,0.896728515625,False
external_iscas85_c5315,c5315,rewrite,new_n1520,new_n2022,1,verified,0.8722371419270833,1.0,0.888916015625,sampled,ok,30,4096,0.10302734375,0.89697265625,False
external_iscas85_c5315,c5315,rewrite,new_n1521,new_n2023,1,verified,0.8998982747395834,1.0,0.939208984375,sampled,ok,31,4096,0.0537109375,0.9462890625,False
external_iscas85_c5315,c5315,rewrite,new_n1732,new_n2025,1,verified,0.8998982747395834,1.0,0.939208984375,sampled,ok,32,4096,0.052978515625,0.947021484375,False
external_iscas85_c5315,c5315,rewrite,new_n1733,new_n2026,1,verified,0.9164143880208332,1.0,0.96923828125,sampled,ok,33,4096,0.0283203125,0.9716796875,False
external_iscas85_c5315,c5315,rewrite,new_n1739,new_n2037,1,verified,0.9916748046875,1.0,0.98486328125,sampled,ok,65,4096,0.013916015625,0.986083984375,False
external_iscas85_c5315,c5315,rewrite,new_n1745,new_n2043,1,verified,0.9164143880208332,1.0,0.96923828125,sampled,ok,33,4096,0.02392578125,0.97607421875,False
external_iscas85_c5315,c5315,rewrite,new_n1749,new_n2048,1,verified,0.99046630859375,1.0,0.982666015625,sampled,ok,65,4096,0.01318359375,0.98681640625,False
external_iscas85_c5315,c5315,rewrite,new_n1755,new_n2054,1,verified,0.9182942708333334,1.0,0.97265625,sampled,ok,33,4096,0.02685546875,0.97314453125,False
external_iscas85_c5315,c5315,rewrite,new_n1759,new_n2059,1,verified,0.993017578125,1.0,0.9873046875,sampled,ok,65,4096,0.013671875,0.986328125,False
external_iscas85_c5315,c5315,rewrite,new_n1760,new_n2060,1,verified,0.993017578125,1.0,0.9873046875,sampled,ok,66,4096,0.011962890625,0.988037109375,False
external_iscas85_c5315,c5315,rewrite,new_n1766,new_n2066,1,verified,0.9144002278645832,1.0,0.965576171875,sampled,ok,33,4096,0.025390625,0.974609375,False
external_iscas85_c5315,c5315,rewrite,new_n1770,new_n2071,1,verified,0.99140625,1.0,0.984375,sampled,ok,65,4096,0.01171875,0.98828125,False
external_iscas85_c5315,c5315,rewrite,new_n1771,new_n2072,1,verified,0.99140625,1.0,0.984375,sampled,ok,66,4096,0.012451171875,0.987548828125,False
external_iscas85_c6288,c6288,compress2rs,new_n1392,new_n1726,1,verified,0.8669709236391129,1.0,0.93408203125,sampled,ok,32,4096,0.054931640625,0.945068359375,False
external_iscas85_c6288,c6288,compress2rs,new_n1395,new_n1836,1,verified,0.8669709236391129,1.0,0.93408203125,sampled,ok,32,4096,0.064208984375,0.935791015625,False
external_iscas85_c6288,c6288,compress2rs,new_n1481,new_n1837,1,verified,0.8859040291078629,1.0,0.968505859375,sampled,ok,32,4096,0.033447265625,0.966552734375,False
external_iscas85_c6288,c6288,compress2rs,new_n1484,new_n1937,1,verified,0.8859040291078629,1.0,0.968505859375,sampled,ok,32,4096,0.0302734375,0.9697265625,False
external_iscas85_c6288,c6288,compress2rs,new_n1562,new_n1938,1,verified,0.8958405525453629,1.0,0.986572265625,sampled,ok,32,4096,0.015869140625,0.984130859375,False
external_iscas85_c6288,c6288,compress2rs,new_n1565,new_n2028,1,verified,0.8958405525453629,1.0,0.986572265625,sampled,ok,32,4096,0.015869140625,0.984130859375,False
external_iscas85_c6288,c6288,compress2rs,new_n1635,new_n2029,1,verified,0.8994660408266129,1.0,0.9931640625,sampled,ok,32,4096,0.007080078125,0.992919921875,False
external_iscas85_c6288,c6288,compress2rs,new_n1638,new_n2109,1,verified,0.8994660408266129,1.0,0.9931640625,sampled,ok,32,4096,0.0078125,0.9921875,False
external_iscas85_c6288,c6288,compress2rs,new_n1700,new_n2110,1,verified,0.9012116462953628,1.0,0.996337890625,sampled,ok,32,4096,0.004638671875,0.995361328125,False
external_iscas85_c6288,c6288,compress2rs,new_n1703,new_n2180,1,verified,0.9012116462953628,1.0,0.996337890625,sampled,ok,32,4096,0.0029296875,0.9970703125,False
external_iscas85_c6288,c6288,compress2rs,new_n1757,new_n2181,1,verified,0.9021515877016127,1.0,0.998046875,sampled,ok,32,4096,0.001953125,0.998046875,False
external_iscas85_c6288,c6288,compress2rs,new_n1760,new_n2241,1,verified,0.9021515877016127,1.0,0.998046875,sampled,ok,32,4096,0.001708984375,0.998291015625,False
external_iscas85_c6288,c6288,compress2rs,new_n1806,new_n2242,1,verified,0.9029572517641128,1.0,0.99951171875,sampled,ok,32,4096,0.001220703125,0.998779296875,False
external_iscas85_c6288,c6288,compress2rs,new_n1809,new_n2292,1,verified,0.9029572517641128,1.0,0.99951171875,sampled,ok,32,4096,0.000732421875,0.999267578125,False
external_iscas85_c6288,c6288,compress2rs,new_n1847,new_n2293,1,verified,0.9030915291078628,1.0,0.999755859375,sampled,ok,32,4096,0.000732421875,0.999267578125,False
external_iscas85_c6288,c6288,compress2rs,new_n1850,new_n2333,1,verified,0.9030915291078628,1.0,0.999755859375,sampled,ok,32,4096,0.000732421875,0.999267578125,False
external_iscas85_c6288,c6288,dc2,new_n1392,new_n1726,1,verified,0.8669709236391129,1.0,0.93408203125,sampled,ok,32,4096,0.06396484375,0.93603515625,False
external_iscas85_c6288,c6288,dc2,new_n1395,new_n1836,1,verified,0.8669709236391129,1.0,0.93408203125,sampled,ok,32,4096,0.06689453125,0.93310546875,False
external_iscas85_c6288,c6288,dc2,new_n1481,new_n1837,1,verified,0.8859040291078629,1.0,0.968505859375,sampled,ok,32,4096,0.028076171875,0.971923828125,False
external_iscas85_c6288,c6288,dc2,new_n1484,new_n1937,1,verified,0.8859040291078629,1.0,0.968505859375,sampled,ok,32,4096,0.02880859375,0.97119140625,False
external_iscas85_c6288,c6288,dc2,new_n1562,new_n1938,1,verified,0.8958405525453629,1.0,0.986572265625,sampled,ok,32,4096,0.015625,0.984375,False
external_iscas85_c6288,c6288,dc2,new_n1565,new_n2028,1,verified,0.8958405525453629,1.0,0.986572265625,sampled,ok,32,4096,0.01123046875,0.98876953125,False
external_iscas85_c6288,c6288,dc2,new_n1635,new_n2029,1,verified,0.8994660408266129,1.0,0.9931640625,sampled,ok,32,4096,0.008056640625,0.991943359375,False
external_iscas85_c6288,c6288,dc2,new_n1638,new_n2109,1,verified,0.8994660408266129,1.0,0.9931640625,sampled,ok,32,4096,0.006103515625,0.993896484375,False
external_iscas85_c6288,c6288,dc2,new_n1700,new_n2110,1,verified,0.9012116462953628,1.0,0.996337890625,sampled,ok,32,4096,0.004150390625,0.995849609375,False
external_iscas85_c6288,c6288,dc2,new_n1703,new_n2180,1,verified,0.9012116462953628,1.0,0.996337890625,sampled,ok,32,4096,0.00341796875,0.99658203125,False
external_iscas85_c6288,c6288,dc2,new_n1757,new_n2181,1,verified,0.9021515877016127,1.0,0.998046875,sampled,ok,32,4096,0.003173828125,0.996826171875,False
external_iscas85_c6288,c6288,dc2,new_n1760,new_n2241,1,verified,0.9021515877016127,1.0,0.998046875,sampled,ok,32,4096,0.0009765625,0.9990234375,False
external_iscas85_c6288,c6288,dc2,new_n1806,new_n2242,1,verified,0.9029572517641128,1.0,0.99951171875,sampled,ok,32,4096,0.00048828125,0.99951171875,False
external_iscas85_c6288,c6288,dc2,new_n1809,new_n2292,1,verified,0.9029572517641128,1.0,0.99951171875,sampled,ok,32,4096,0.001220703125,0.998779296875,False
external_iscas85_c6288,c6288,dc2,new_n1847,new_n2293,1,verified,0.9030915291078628,1.0,0.999755859375,sampled,ok,32,4096,0.000732421875,0.999267578125,False
external_iscas85_c6288,c6288,dc2,new_n1850,new_n2333,1,verified,0.9030915291078628,1.0,0.999755859375,sampled,ok,32,4096,0.000244140625,0.999755859375,False
external_iscas85_c6288,c6288,resyn,new_n1408,new_n1726,1,verified,0.8669709236391129,1.0,0.93408203125,sampled,ok,32,4096,0.063720703125,0.936279296875,False
external_iscas85_c6288,c6288,resyn,new_n1411,new_n1836,1,verified,0.8669709236391129,1.0,0.93408203125,sampled,ok,32,4096,0.0576171875,0.9423828125,False
external_iscas85_c6288,c6288,resyn,new_n1498,new_n1837,1,verified,0.8859040291078629,1.0,0.968505859375,sampled,ok,32,4096,0.029541015625,0.970458984375,False
external_iscas85_c6288,c6288,resyn,new_n1501,new_n1937,1,verified,0.8859040291078629,1.0,0.968505859375,sampled,ok,32,4096,0.031494140625,0.968505859375,False
external_iscas85_c6288,c6288,resyn,new_n1580,new_n1938,1,verified,0.8958405525453629,1.0,0.986572265625,sampled,ok,32,4096,0.013916015625,0.986083984375,False
external_iscas85_c6288,c6288,resyn,new_n1583,new_n2028,1,verified,0.8958405525453629,1.0,0.986572265625,sampled,ok,32,4096,0.016357421875,0.983642578125,False
external_iscas85_c6288,c6288,resyn,new_n1654,new_n2029,1,verified,0.8994660408266129,1.0,0.9931640625,sampled,ok,32,4096,0.006103515625,0.993896484375,False
external_iscas85_c6288,c6288,resyn,new_n1657,new_n2109,1,verified,0.8994660408266129,1.0,0.9931640625,sampled,ok,32,4096,0.01123046875,0.98876953125,False
external_iscas85_c6288,c6288,resyn,new_n1720,new_n2110,1,verified,0.9012116462953628,1.0,0.996337890625,sampled,ok,32,4096,0.004150390625,0.995849609375,False
external_iscas85_c6288,c6288,resyn,new_n1723,new_n2180,1,verified,0.9012116462953628,1.0,0.996337890625,sampled,ok,32,4096,0.002685546875,0.997314453125,False
external_iscas85_c6288,c6288,resyn,new_n1778,new_n2181,1,verified,0.9021515877016127,1.0,0.998046875,sampled,ok,32,4096,0.001953125,0.998046875,False
external_iscas85_c6288,c6288,resyn,new_n1781,new_n2241,1,verified,0.9021515877016127,1.0,0.998046875,sampled,ok,32,4096,0.001708984375,0.998291015625,False
external_iscas85_c6288,c6288,resyn,new_n1828,new_n2242,1,verified,0.9029572517641128,1.0,0.99951171875,sampled,ok,32,4096,0.0009765625,0.9990234375,False
external_iscas85_c6288,c6288,resyn,new_n1831,new_n2292,1,verified,0.9029572517641128,1.0,0.99951171875,sampled,ok,32,4096,0.000732421875,0.999267578125,False
external_iscas85_c6288,c6288,resyn,new_n1870,new_n2293,1,verified,0.9030915291078628,1.0,0.999755859375,sampled,ok,32,4096,0.0,1.0,False
external_iscas85_c6288,c6288,resyn,new_n1873,new_n2333,1,verified,0.9030915291078628,1.0,0.999755859375,sampled,ok,32,4096,0.00048828125,0.99951171875,False
external_iscas85_c6288,c6288,resyn2,new_n1392,new_n1726,1,verified,0.8669709236391129,1.0,0.93408203125,sampled,ok,32,4096,0.061279296875,0.938720703125,False
external_iscas85_c6288,c6288,resyn2,new_n1395,new_n1836,1,verified,0.8669709236391129,1.0,0.93408203125,sampled,ok,32,4096,0.053955078125,0.946044921875,False
external_iscas85_c6288,c6288,resyn2,new_n1481,new_n1837,1,verified,0.8859040291078629,1.0,0.968505859375,sampled,ok,32,4096,0.0283203125,0.9716796875,False
external_iscas85_c6288,c6288,resyn2,new_n1484,new_n1937,1,verified,0.8859040291078629,1.0,0.968505859375,sampled,ok,32,4096,0.0283203125,0.9716796875,False
external_iscas85_c6288,c6288,resyn2,new_n1562,new_n1938,1,verified,0.8958405525453629,1.0,0.986572265625,sampled,ok,32,4096,0.01416015625,0.98583984375,False
external_iscas85_c6288,c6288,resyn2,new_n1565,new_n2028,1,verified,0.8958405525453629,1.0,0.986572265625,sampled,ok,32,4096,0.01416015625,0.98583984375,False
external_iscas85_c6288,c6288,resyn2,new_n1635,new_n2029,1,verified,0.8994660408266129,1.0,0.9931640625,sampled,ok,32,4096,0.009033203125,0.990966796875,False
external_iscas85_c6288,c6288,resyn2,new_n1638,new_n2109,1,verified,0.8994660408266129,1.0,0.9931640625,sampled,ok,32,4096,0.007080078125,0.992919921875,False
external_iscas85_c6288,c6288,resyn2,new_n1700,new_n2110,1,verified,0.9012116462953628,1.0,0.996337890625,sampled,ok,32,4096,0.00341796875,0.99658203125,False
external_iscas85_c6288,c6288,resyn2,new_n1703,new_n2180,1,verified,0.9012116462953628,1.0,0.996337890625,sampled,ok,32,4096,0.0048828125,0.9951171875,False
external_iscas85_c6288,c6288,resyn2,new_n1757,new_n2181,1,verified,0.9021515877016127,1.0,0.998046875,sampled,ok,32,4096,0.002197265625,0.997802734375,False
external_iscas85_c6288,c6288,resyn2,new_n1760,new_n2241,1,verified,0.9021515877016127,1.0,0.998046875,sampled,ok,32,4096,0.001708984375,0.998291015625,False
external_iscas85_c6288,c6288,resyn2,new_n1806,new_n2242,1,verified,0.9029572517641128,1.0,0.99951171875,sampled,ok,32,4096,0.0,1.0,False
external_iscas85_c6288,c6288,resyn2,new_n1809,new_n2292,1,verified,0.9029572517641128,1.0,0.99951171875,sampled,ok,32,4096,0.001220703125,0.998779296875,False
external_iscas85_c6288,c6288,resyn2,new_n1847,new_n2293,1,verified,0.9030915291078628,1.0,0.999755859375,sampled,ok,32,4096,0.0,1.0,False
external_iscas85_c6288,c6288,resyn2,new_n1850,new_n2333,1,verified,0.9030915291078628,1.0,0.999755859375,sampled,ok,32,4096,0.00048828125,0.99951171875,False
external_iscas85_c6288,c6288,resyn2_like,new_n1392,new_n1726,1,verified,0.8669709236391129,1.0,0.93408203125,sampled,ok,32,4096,0.058837890625,0.941162109375,False
external_iscas85_c6288,c6288,resyn2_like,new_n1395,new_n1836,1,verified,0.8669709236391129,1.0,0.93408203125,sampled,ok,32,4096,0.06494140625,0.93505859375,False
external_iscas85_c6288,c6288,resyn2_like,new_n1481,new_n1837,1,verified,0.8859040291078629,1.0,0.968505859375,sampled,ok,32,4096,0.03271484375,0.96728515625,False
external_iscas85_c6288,c6288,resyn2_like,new_n1484,new_n1937,1,verified,0.8859040291078629,1.0,0.968505859375,sampled,ok,32,4096,0.0322265625,0.9677734375,False
external_iscas85_c6288,c6288,resyn2_like,new_n1562,new_n1938,1,verified,0.8958405525453629,1.0,0.986572265625,sampled,ok,32,4096,0.016357421875,0.983642578125,False
external_iscas85_c6288,c6288,resyn2_like,new_n1565,new_n2028,1,verified,0.8958405525453629,1.0,0.986572265625,sampled,ok,32,4096,0.015625,0.984375,False
external_iscas85_c6288,c6288,resyn2_like,new_n1635,new_n2029,1,verified,0.8994660408266129,1.0,0.9931640625,sampled,ok,32,4096,0.006103515625,0.993896484375,False
external_iscas85_c6288,c6288,resyn2_like,new_n1638,new_n2109,1,verified,0.8994660408266129,1.0,0.9931640625,sampled,ok,32,4096,0.010009765625,0.989990234375,False
external_iscas85_c6288,c6288,resyn2_like,new_n1700,new_n2110,1,verified,0.9012116462953628,1.0,0.996337890625,sampled,ok,32,4096,0.00341796875,0.99658203125,False
external_iscas85_c6288,c6288,resyn2_like,new_n1703,new_n2180,1,verified,0.9012116462953628,1.0,0.996337890625,sampled,ok,32,4096,0.00244140625,0.99755859375,False
external_iscas85_c6288,c6288,resyn2_like,new_n1757,new_n2181,1,verified,0.9021515877016127,1.0,0.998046875,sampled,ok,32,4096,0.001953125,0.998046875,False
external_iscas85_c6288,c6288,resyn2_like,new_n1760,new_n2241,1,verified,0.9021515877016127,1.0,0.998046875,sampled,ok,32,4096,0.002685546875,0.997314453125,False
external_iscas85_c6288,c6288,resyn2_like,new_n1806,new_n2242,1,verified,0.9029572517641128,1.0,0.99951171875,sampled,ok,32,4096,0.001708984375,0.998291015625,False
external_iscas85_c6288,c6288,resyn2_like,new_n1809,new_n2292,1,verified,0.9029572517641128,1.0,0.99951171875,sampled,ok,32,4096,0.0009765625,0.9990234375,False
external_iscas85_c6288,c6288,resyn2_like,new_n1847,new_n2293,1,verified,0.9030915291078628,1.0,0.999755859375,sampled,ok,32,4096,0.00048828125,0.99951171875,False
external_iscas85_c6288,c6288,resyn2_like,new_n1850,new_n2333,1,verified,0.9030915291078628,1.0,0.999755859375,sampled,ok,32,4096,0.001220703125,0.998779296875,False
external_iscas85_c6288,c6288,rewrite,new_n1573,new_n1605,1,verified,0.85450439453125,1.0,0.871826171875,sampled,ok,32,4096,0.12353515625,0.87646484375,False
external_iscas85_c6288,c6288,rewrite,new_n1574,new_n1606,1,verified,0.85450439453125,1.0,0.871826171875,sampled,ok,32,4096,0.1240234375,0.8759765625,False
external_iscas85_c6288,c6288,rewrite,new_n1575,new_n1607,1,verified,0.8557128906250001,1.0,0.8740234375,sampled,ok,32,4096,0.1318359375,0.8681640625,False
external_iscas85_c6288,c6288,rewrite,new_n1693,new_n1725,1,verified,0.85450439453125,1.0,0.871826171875,sampled,ok,32,4096,0.12060546875,0.87939453125,False
external_iscas85_c6288,c6288,rewrite,new_n1694,new_n1726,1,verified,0.8887451171875,1.0,0.93408203125,sampled,ok,32,4096,0.06640625,0.93359375,False
external_iscas85_c6288,c6288,rewrite,new_n1695,new_n1727,1,verified,0.8887451171875,1.0,0.93408203125,sampled,ok,32,4096,0.071044921875,0.928955078125,False
external_iscas85_c6288,c6288,rewrite,new_n1696,new_n1728,1,verified,0.89075927734375,1.0,0.937744140625,sampled,ok,32,4096,0.061767578125,0.938232421875,False
external_iscas85_c6288,c6288,rewrite,new_n1804,new_n1836,1,verified,0.8887451171875,1.0,0.93408203125,sampled,ok,32,4096,0.057373046875,0.942626953125,False
external_iscas85_c6288,c6288,rewrite,new_n1805,new_n1837,1,verified,0.90767822265625,1.0,0.968505859375,sampled,ok,32,4096,0.0361328125,0.9638671875,False
external_iscas85_c6288,c6288,rewrite,new_n1806,new_n1838,1,verified,0.90767822265625,1.0,0.968505859375,sampled,ok,32,4096,0.032958984375,0.967041015625,False
external_iscas85_c6288,c6288,rewrite,new_n1807,new_n1839,1,verified,0.90606689453125,1.0,0.965576171875,sampled,ok,32,4096,0.030029296875,0.969970703125,False
external_iscas85_c6288,c6288,rewrite,new_n1905,new_n1937,1,verified,0.90767822265625,1.0,0.968505859375,sampled,ok,32,4096,0.02978515625,0.97021484375,False
external_iscas85_c6288,c6288,rewrite,new_n1906,new_n1938,1,verified,0.91761474609375,1.0,0.986572265625,sampled,ok,32,4096,0.016357421875,0.983642578125,False
external_iscas85_c6288,c6288,rewrite,new_n1907,new_n1939,1,verified,0.91761474609375,1.0,0.986572265625,sampled,ok,32,4096,0.011962890625,0.988037109375,False
external_iscas85_c6288,c6288,rewrite,new_n1908,new_n1940,1,verified,0.9150634765625,1.0,0.98193359375,sampled,ok,32,4096,0.013671875,0.986328125,False
external_iscas85_c6288,c6288,rewrite,new_n1996,new_n2028,1,verified,0.91761474609375,1.0,0.986572265625,sampled,ok,32,4096,0.015869140625,0.984130859375,False
external_iscas85_c6288,c6288,rewrite,new_n1997,new_n2029,1,verified,0.921240234375,1.0,0.9931640625,sampled,ok,32,4096,0.007080078125,0.992919921875,False
external_iscas85_c6288,c6288,rewrite,new_n1998,new_n2030,1,verified,0.921240234375,1.0,0.9931640625,sampled,ok,32,4096,0.006591796875,0.993408203125,False
external_iscas85_c6288,c6288,rewrite,new_n1999,new_n2031,1,verified,0.92137451171875,1.0,0.993408203125,sampled,ok,32,4096,0.007568359375,0.992431640625,False
external_iscas85_c6288,c6288,rewrite,new_n2077,new_n2109,1,verified,0.921240234375,1.0,0.9931640625,sampled,ok,32,4096,0.006591796875,0.993408203125,False
external_iscas85_c6288,c6288,rewrite,new_n2078,new_n2110,1,verified,0.92298583984375,1.0,0.996337890625,sampled,ok,32,4096,0.00390625,0.99609375,False
external_iscas85_c6288,c6288,rewrite,new_n2079,new_n2111,1,verified,0.92298583984375,1.0,0.996337890625,sampled,ok,32,4096,0.00341796875,0.99658203125,False
external_iscas85_c6288,c6288,rewrite,new_n2080,new_n2112,1,verified,0.92325439453125,1.0,0.996826171875,sampled,ok,32,4096,0.002197265625,0.997802734375,False
external_iscas85_c6288,c6288,rewrite,new_n2148,new_n2180,1,verified,0.92298583984375,1.0,0.996337890625,sampled,ok,32,4096,0.00390625,0.99609375,False
external_iscas85_c6288,c6288,rewrite,new_n2149,new_n2181,1,verified,0.92392578125,1.0,0.998046875,sampled,ok,32,4096,0.0009765625,0.9990234375,False
external_iscas85_c6288,c6288,rewrite,new_n2150,new_n2182,1,verified,0.92392578125,1.0,0.998046875,sampled,ok,32,4096,0.001220703125,0.998779296875,False
external_iscas85_c6288,c6288,rewrite,new_n2151,new_n2183,1,verified,0.92406005859375,1.0,0.998291015625,sampled,ok,32,4096,0.002685546875,0.997314453125,False
external_iscas85_c6288,c6288,rewrite,new_n2209,new_n2241,1,verified,0.92392578125,1.0,0.998046875,sampled,ok,32,4096,0.001708984375,0.998291015625,False
external_iscas85_c6288,c6288,rewrite,new_n2210,new_n2242,1,verified,0.9247314453125,1.0,0.99951171875,sampled,ok,32,4096,0.001708984375,0.998291015625,False
external_iscas85_c6288,c6288,rewrite,new_n2211,new_n2243,1,verified,0.9247314453125,1.0,0.99951171875,sampled,ok,32,4096,0.0009765625,0.9990234375,False
external_iscas85_c6288,c6288,rewrite,new_n2212,new_n2244,1,verified,0.9241943359375,1.0,0.99853515625,sampled,ok,32,4096,0.000732421875,0.999267578125,False
external_iscas85_c6288,c6288,rewrite,new_n2260,new_n2292,1,verified,0.9247314453125,1.0,0.99951171875,sampled,ok,32,4096,0.000732421875,0.999267578125,False
external_iscas85_c6288,c6288,rewrite,new_n2261,new_n2293,1,verified,0.92486572265625,1.0,0.999755859375,sampled,ok,32,4096,0.000732421875,0.999267578125,False
external_iscas85_c6288,c6288,rewrite,new_n2262,new_n2294,1,verified,0.92486572265625,1.0,0.999755859375,sampled,ok,32,4096,0.000732421875,0.999267578125,False
external_iscas85_c6288,c6288,rewrite,new_n2263,new_n2295,1,verified,0.92486572265625,1.0,0.999755859375,sampled,ok,32,4096,0.00048828125,0.99951171875,False
external_iscas85_c6288,c6288,rewrite,new_n2301,new_n2333,1,verified,0.92486572265625,1.0,0.999755859375,sampled,ok,32,4096,0.00048828125,0.99951171875,False
external_iscas85_c6288,c6288,rewrite,new_n2304,new_n2336,1,verified,0.92486572265625,1.0,0.999755859375,sampled,ok,32,4096,0.0,1.0,False
external_iscas85_c6288,c6288,rewrite_z,new_n1408,new_n1726,1,verified,0.8669709236391129,1.0,0.93408203125,sampled,ok,32,4096,0.064453125,0.935546875,False
external_iscas85_c6288,c6288,rewrite_z,new_n1411,new_n1836,1,verified,0.8669709236391129,1.0,0.93408203125,sampled,ok,32,4096,0.062744140625,0.937255859375,False
external_iscas85_c6288,c6288,rewrite_z,new_n1498,new_n1837,1,verified,0.8859040291078629,1.0,0.968505859375,sampled,ok,32,4096,0.0302734375,0.9697265625,False
external_iscas85_c6288,c6288,rewrite_z,new_n1501,new_n1937,1,verified,0.8859040291078629,1.0,0.968505859375,sampled,ok,32,4096,0.0302734375,0.9697265625,False
external_iscas85_c6288,c6288,rewrite_z,new_n1580,new_n1938,1,verified,0.8958405525453629,1.0,0.986572265625,sampled,ok,32,4096,0.013427734375,0.986572265625,False
external_iscas85_c6288,c6288,rewrite_z,new_n1583,new_n2028,1,verified,0.8958405525453629,1.0,0.986572265625,sampled,ok,32,4096,0.017333984375,0.982666015625,False
external_iscas85_c6288,c6288,rewrite_z,new_n1654,new_n2029,1,verified,0.8994660408266129,1.0,0.9931640625,sampled,ok,32,4096,0.010986328125,0.989013671875,False
external_iscas85_c6288,c6288,rewrite_z,new_n1657,new_n2109,1,verified,0.8994660408266129,1.0,0.9931640625,sampled,ok,32,4096,0.006591796875,0.993408203125,False
external_iscas85_c6288,c6288,rewrite_z,new_n1720,new_n2110,1,verified,0.9012116462953628,1.0,0.996337890625,sampled,ok,32,4096,0.00341796875,0.99658203125,False
external_iscas85_c6288,c6288,rewrite_z,new_n1723,new_n2180,1,verified,0.9012116462953628,1.0,0.996337890625,sampled,ok,32,4096,0.004150390625,0.995849609375,False
external_iscas85_c6288,c6288,rewrite_z,new_n1778,new_n2181,1,verified,0.9021515877016127,1.0,0.998046875,sampled,ok,32,4096,0.001708984375,0.998291015625,False
external_iscas85_c6288,c6288,rewrite_z,new_n1781,new_n2241,1,verified,0.9021515877016127,1.0,0.998046875,sampled,ok,32,4096,0.002197265625,0.997802734375,False
external_iscas85_c6288,c6288,rewrite_z,new_n1828,new_n2242,1,verified,0.9029572517641128,1.0,0.99951171875,sampled,ok,32,4096,0.000732421875,0.999267578125,False
external_iscas85_c6288,c6288,rewrite_z,new_n1831,new_n2292,1,verified,0.9029572517641128,1.0,0.99951171875,sampled,ok,32,4096,0.002685546875,0.997314453125,False
external_iscas85_c6288,c6288,rewrite_z,new_n1870,new_n2293,1,verified,0.9030915291078628,1.0,0.999755859375,sampled,ok,32,4096,0.0,1.0,False
external_iscas85_c6288,c6288,rewrite_z,new_n1873,new_n2333,1,verified,0.9030915291078628,1.0,0.999755859375,sampled,ok,32,4096,0.00048828125,0.99951171875,False
external_iscas85_c1908,c1908,refactor_z,new_n273,new_n277,1,rejected,0.99986572265625,1.0,0.999755859375,sampled,ok,32,4096,0.00146484375,0.99853515625,False
external_iscas85_c1908,c1908,refactor_z,new_n276,new_n274,1,rejected,0.99986572265625,1.0,0.999755859375,sampled,ok,32,4096,0.001708984375,0.998291015625,False
external_iscas85_c1908,c1908,balance,new_n283,new_n283,1,rejected,0.9997314453125,1.0,0.99951171875,sampled,ok,32,4096,0.000732421875,0.999267578125,False
external_iscas85_c1908,c1908,balance,new_n296,new_n291,1,rejected,0.9997314453125,1.0,0.99951171875,sampled,ok,32,4096,0.001220703125,0.998779296875,False
external_iscas85_c1908,c1908,dc2,new_n284,new_n301,1,rejected,0.9997314453125,1.0,0.99951171875,sampled,ok,32,4096,0.000244140625,0.999755859375,False
external_iscas85_c1908,c1908,dc2,new_n293,new_n292,1,rejected,0.9997314453125,1.0,0.99951171875,sampled,ok,32,4096,0.0009765625,0.9990234375,False
external_iscas85_c1908,c1908,refactor_z,new_n291,new_n301,1,rejected,0.9997314453125,1.0,0.99951171875,sampled,ok,32,4096,0.0009765625,0.9990234375,False
external_iscas85_c1908,c1908,refactor_z,new_n300,new_n292,1,rejected,0.9997314453125,1.0,0.99951171875,sampled,ok,32,4096,0.0009765625,0.9990234375,False
external_iscas85_c1908,c1908,resyn,new_n278,new_n283,1,rejected,0.9997314453125,1.0,0.99951171875,sampled,ok,32,4096,0.000244140625,0.999755859375,False
external_iscas85_c1908,c1908,resyn,new_n300,new_n317,1,rejected,0.9997314453125,1.0,0.99951171875,sampled,ok,31,4096,0.00048828125,0.99951171875,False
external_iscas85_c1908,c1908,rewrite_z,new_n280,new_n283,1,rejected,0.9997314453125,1.0,0.99951171875,sampled,ok,32,4096,0.001953125,0.998046875,False
external_iscas85_c1908,c1908,rewrite_z,new_n293,new_n291,1,rejected,0.9997314453125,1.0,0.99951171875,sampled,ok,32,4096,0.00048828125,0.99951171875,False
external_iscas85_c1908,c1908,rewrite_z,new_n308,new_n317,1,rejected,0.9997314453125,1.0,0.99951171875,sampled,ok,31,4096,0.000244140625,0.999755859375,False
external_iscas85_c1355,c1355,refactor,new_n483,new_n523,1,rejected,0.99959716796875,1.0,0.999267578125,sampled,ok,41,4096,0.001708984375,0.998291015625,False
external_iscas85_c1355,c1355,refactor_z,new_n457,new_n523,1,rejected,0.99959716796875,1.0,0.999267578125,sampled,ok,41,4096,0.001708984375,0.998291015625,False
external_iscas85_c1908,c1908,balance,new_n270,new_n270,1,rejected,0.99959716796875,1.0,0.999267578125,sampled,ok,32,4096,0.000732421875,0.999267578125,False
external_iscas85_c1908,c1908,balance,new_n276,new_n270,1,rejected,0.99959716796875,1.0,0.999267578125,sampled,ok,32,4096,0.001708984375,0.998291015625,False
external_iscas85_c1908,c1908,balance,new_n290,new_n291,1,rejected,0.99959716796875,1.0,0.999267578125,sampled,ok,32,4096,0.00146484375,0.99853515625,False
external_iscas85_c1908,c1908,balance,new_n299,new_n291,1,rejected,0.99959716796875,1.0,0.999267578125,sampled,ok,32,4096,0.000732421875,0.999267578125,False
external_iscas85_c1908,c1908,compress2rs,new_n284,new_n291,1,rejected,0.99959716796875,1.0,0.999267578125,sampled,ok,32,4096,0.00146484375,0.99853515625,False
external_iscas85_c1908,c1908,compress2rs,new_n293,new_n291,1,rejected,0.99959716796875,1.0,0.999267578125,sampled,ok,32,4096,0.000244140625,0.999755859375,False
external_iscas85_c1908,c1908,dc2,new_n273,new_n270,1,rejected,0.99959716796875,1.0,0.999267578125,sampled,ok,32,4096,0.00048828125,0.99951171875,False
external_iscas85_c1908,c1908,dc2,new_n287,new_n292,1,rejected,0.99959716796875,1.0,0.999267578125,sampled,ok,32,4096,0.001708984375,0.998291015625,False
external_iscas85_c1908,c1908,dc2,new_n290,new_n292,1,rejected,0.99959716796875,1.0,0.999267578125,sampled,ok,32,4096,0.00048828125,0.99951171875,False
external_iscas85_c1908,c1908,refactor_z,new_n283,new_n301,1,rejected,0.99959716796875,1.0,0.999267578125,sampled,ok,32,4096,0.002197265625,0.997802734375,False
external_iscas85_c1908,c1908,refactor_z,new_n294,new_n292,1,rejected,0.99959716796875,1.0,0.999267578125,sampled,ok,32,4096,0.000244140625,0.999755859375,False
external_iscas85_c1908,c1908,refactor_z,new_n297,new_n292,1,rejected,0.99959716796875,1.0,0.999267578125,sampled,ok,32,4096,0.000732421875,0.999267578125,False
external_iscas85_c1908,c1908,resyn,new_n265,new_n270,1,rejected,0.99959716796875,1.0,0.999267578125,sampled,ok,32,4096,0.001220703125,0.998779296875,False
external_iscas85_c1908,c1908,resyn,new_n271,new_n270,1,rejected,0.99959716796875,1.0,0.999267578125,sampled,ok,32,4096,0.00048828125,0.99951171875,False
external_iscas85_c1908,c1908,rewrite_z,new_n267,new_n270,1,rejected,0.99959716796875,1.0,0.999267578125,sampled,ok,32,4096,0.001220703125,0.998779296875,False
external_iscas85_c1908,c1908,rewrite_z,new_n273,new_n270,1,rejected,0.99959716796875,1.0,0.999267578125,sampled,ok,32,4096,0.00048828125,0.99951171875,False
external_iscas85_c1908,c1908,rewrite_z,new_n287,new_n291,1,rejected,0.99959716796875,1.0,0.999267578125,sampled,ok,32,4096,0.00048828125,0.99951171875,False
external_iscas85_c1908,c1908,rewrite_z,new_n296,new_n291,1,rejected,0.99959716796875,1.0,0.999267578125,sampled,ok,32,4096,0.000244140625,0.999755859375,False
external_iscas85_c499,c499,balance,new_n428,new_n429,1,rejected,0.99959716796875,1.0,0.999267578125,sampled,ok,41,4096,0.00244140625,0.99755859375,False
external_iscas85_c499,c499,rewrite,new_n426,new_n429,1,rejected,0.99959716796875,1.0,0.999267578125,sampled,ok,41,4096,0.001708984375,0.998291015625,False
external_iscas85_c1355,c1355,balance,new_n543,new_n546,1,rejected,0.999462890625,1.0,0.9990234375,sampled,ok,41,4096,0.0009765625,0.9990234375,False
external_iscas85_c1355,c1355,refactor,new_n373,new_n411,1,rejected,0.999462890625,1.0,0.9990234375,sampled,ok,41,4096,0.00146484375,0.99853515625,False
external_iscas85_c1355,c1355,refactor_z,new_n368,new_n411,1,rejected,0.999462890625,1.0,0.9990234375,sampled,ok,41,4096,0.002197265625,0.997802734375,False
external_iscas85_c1908,c1908,compress2rs,new_n290,new_n291,1,rejected,0.999462890625,1.0,0.9990234375,sampled,ok,32,4096,0.0009765625,0.9990234375,False
external_iscas85_c1908,c1908,dc2,new_n267,new_n270,1,rejected,0.999462890625,1.0,0.9990234375,sampled,ok,32,4096,0.00048828125,0.99951171875,False
external_iscas85_c1908,c1908,refactor_z,new_n270,new_n280,1,rejected,0.999462890625,1.0,0.9990234375,sampled,ok,32,4096,0.00146484375,0.99853515625,False
external_iscas85_c1908,c1908,refactor_z,new_n279,new_n271,1,rejected,0.999462890625,1.0,0.9990234375,sampled,ok,32,4096,0.0009765625,0.9990234375,False
external_iscas85_c499,c499,balance,new_n337,new_n335,1,rejected,0.999462890625,1.0,0.9990234375,sampled,ok,41,4096,0.001220703125,0.998779296875,False
external_iscas85_c499,c499,rewrite,new_n335,new_n335,1,rejected,0.999462890625,1.0,0.9990234375,sampled,ok,41,4096,0.002197265625,0.997802734375,False
external_iscas85_c1355,c1355,balance,new_n394,new_n393,1,rejected,0.99932861328125,1.0,0.998779296875,sampled,ok,41,4096,0.00146484375,0.99853515625,False
external_iscas85_c1355,c1355,balance,new_n412,new_n411,1,rejected,0.99932861328125,1.0,0.998779296875,sampled,ok,41,4096,0.001953125,0.998046875,False
external_iscas85_c1355,c1355,balance,new_n435,new_n435,1,rejected,0.99932861328125,1.0,0.998779296875,sampled,ok,41,4096,0.00146484375,0.99853515625,False
external_iscas85_c1355,c1355,refactor,new_n383,new_n421,1,rejected,0.99932861328125,1.0,0.998779296875,sampled,ok,41,4096,0.00244140625,0.99755859375,False
external_iscas85_c1355,c1355,refactor,new_n420,new_n458,1,rejected,0.99932861328125,1.0,0.998779296875,sampled,ok,41,4096,0.001708984375,0.998291015625,False
external_iscas85_c1355,c1355,refactor,new_n435,new_n473,1,rejected,0.99932861328125,1.0,0.998779296875,sampled,ok,41,4096,0.003173828125,0.996826171875,False
external_iscas85_c1355,c1355,refactor,new_n461,new_n501,1,rejected,0.99932861328125,1.0,0.998779296875,sampled,ok,41,4096,0.001953125,0.998046875,False
external_iscas85_c1355,c1355,refactor_z,new_n376,new_n421,1,rejected,0.99932861328125,1.0,0.998779296875,sampled,ok,41,4096,0.00146484375,0.99853515625,False
external_iscas85_c1355,c1355,refactor_z,new_n405,new_n458,1,rejected,0.99932861328125,1.0,0.998779296875,sampled,ok,41,4096,0.0029296875,0.9970703125,False
external_iscas85_c1355,c1355,refactor_z,new_n417,new_n473,1,rejected,0.99932861328125,1.0,0.998779296875,sampled,ok,41,4096,0.001708984375,0.998291015625,False
external_iscas85_c499,c499,balance,new_n345,new_n343,1,rejected,0.99932861328125,1.0,0.998779296875,sampled,ok,41,4096,0.001220703125,0.998779296875,False
external_iscas85_c499,c499,balance,new_n375,new_n374,1,rejected,0.99932861328125,1.0,0.998779296875,sampled,ok,41,4096,0.00244140625,0.99755859375,False
external_iscas85_c499,c499,balance,new_n387,new_n386,1,rejected,0.99932861328125,1.0,0.998779296875,sampled,ok,41,4096,0.001953125,0.998046875,False
external_iscas85_c499,c499,balance,new_n410,new_n411,1,rejected,0.99932861328125,1.0,0.998779296875,sampled,ok,41,4096,0.0009765625,0.9990234375,False
external_iscas85_c499,c499,rewrite,new_n343,new_n343,1,rejected,0.99932861328125,1.0,0.998779296875,sampled,ok,41,4096,0.001708984375,0.998291015625,False
external_iscas85_c499,c499,rewrite,new_n374,new_n374,1,rejected,0.99932861328125,1.0,0.998779296875,sampled,ok,41,4096,0.00244140625,0.99755859375,False
external_iscas85_c499,c499,rewrite,new_n386,new_n386,1,rejected,0.99932861328125,1.0,0.998779296875,sampled,ok,41,4096,0.0009765625,0.9990234375,False
external_iscas85_c499,c499,rewrite,new_n408,new_n411,1,rejected,0.99932861328125,1.0,0.998779296875,sampled,ok,41,4096,0.00146484375,0.99853515625,False
external_iscas85_c1355,c1355,balance,new_n489,new_n491,1,rejected,0.9991943359375,1.0,0.99853515625,sampled,ok,41,4096,0.002197265625,0.997802734375,False
external_iscas85_c1355,c1355,balance,new_n521,new_n523,1,rejected,0.9991943359375,1.0,0.99853515625,sampled,ok,41,4096,0.00146484375,0.99853515625,False
external_iscas85_c1355,c1355,balance,new_n560,new_n563,1,rejected,0.9991943359375,1.0,0.99853515625,sampled,ok,41,4096,0.002197265625,0.997802734375,False
external_iscas85_c1355,c1355,refactor,new_n388,new_n426,1,rejected,0.9991943359375,1.0,0.99853515625,sampled,ok,41,4096,0.000732421875,0.999267578125,False
external_iscas85_c1355,c1355,refactor,new_n402,new_n440,1,rejected,0.9991943359375,1.0,0.99853515625,sampled,ok,41,4096,0.00146484375,0.99853515625,False
external_iscas85_c1355,c1355,refactor,new_n425,new_n463,1,rejected,0.9991943359375,1.0,0.99853515625,sampled,ok,41,4096,0.0009765625,0.9990234375,False
external_iscas85_c1355,c1355,refactor,new_n495,new_n536,1,rejected,0.9991943359375,1.0,0.99853515625,sampled,ok,41,4096,0.001708984375,0.998291015625,False
external_iscas85_c1355,c1355,refactor_z,new_n380,new_n426,1,rejected,0.9991943359375,1.0,0.99853515625,sampled,ok,41,4096,0.00244140625,0.99755859375,False
external_iscas85_c1355,c1355,refactor_z,new_n409,new_n463,1,rejected,0.9991943359375,1.0,0.99853515625,sampled,ok,41,4096,0.001220703125,0.998779296875,False
external_iscas85_c1355,c1355,refactor_z,new_n467,new_n536,1,rejected,0.9991943359375,1.0,0.99853515625,sampled,ok,41,4096,0.001708984375,0.998291015625,False
external_iscas85_c1908,c1908,balance,new_n273,new_n270,1,rejected,0.9991943359375,1.0,0.99853515625,sampled,ok,32,4096,0.000732421875,0.999267578125,False
external_iscas85_c1908,c1908,compress2rs,new_n287,new_n291,1,rejected,0.9991943359375,1.0,0.99853515625,sampled,ok,32,4096,0.000732421875,0.999267578125,False
external_iscas85_c1908,c1908,dc2,new_n277,new_n291,1,rejected,0.9991943359375,1.0,0.99853515625,sampled,ok,32,4096,0.002685546875,0.997314453125,False
external_iscas85_c1908,c1908,resyn,new_n268,new_n270,1,rejected,0.9991943359375,1.0,0.99853515625,sampled,ok,32,4096,0.000732421875,0.999267578125,False
external_iscas85_c1908,c1908,rewrite_z,new_n270,new_n270,1,rejected,0.9991943359375,1.0,0.99853515625,sampled,ok,32,4096,0.001708984375,0.998291015625,False
external_iscas85_c499,c499,balance,new_n349,new_n347,1,rejected,0.9991943359375,1.0,0.99853515625,sampled,ok,41,4096,0.00048828125,0.99951171875,False
external_iscas85_c499,c499,balance,new_n360,new_n359,1,rejected,0.9991943359375,1.0,0.99853515625,sampled,ok,41,4096,0.001220703125,0.998779296875,False
external_iscas85_c499,c499,balance,new_n379,new_n378,1,rejected,0.9991943359375,1.0,0.99853515625,sampled,ok,41,4096,0.001953125,0.998046875,False
external_iscas85_c499,c499,balance,new_n438,new_n440,1,rejected,0.9991943359375,1.0,0.99853515625,sampled,ok,41,4096,0.00146484375,0.99853515625,False
external_iscas85_c499,c499,rewrite,new_n347,new_n347,1,rejected,0.9991943359375,1.0,0.99853515625,sampled,ok,41,4096,0.00390625,0.99609375,False
external_iscas85_c499,c499,rewrite,new_n359,new_n359,1,rejected,0.9991943359375,1.0,0.99853515625,sampled,ok,41,4096,0.001953125,0.998046875,False
external_iscas85_c499,c499,rewrite,new_n378,new_n378,1,rejected,0.9991943359375,1.0,0.99853515625,sampled,ok,41,4096,0.001708984375,0.998291015625,False
external_iscas85_c499,c499,rewrite,new_n436,new_n440,1,rejected,0.9991943359375,1.0,0.99853515625,sampled,ok,41,4096,0.00146484375,0.99853515625,False
external_iscas85_c1355,c1355,balance,new_n511,new_n513,1,rejected,0.99906005859375,1.0,0.998291015625,sampled,ok,41,4096,0.00244140625,0.99755859375,False
external_iscas85_c1355,c1355,balance,new_n526,new_n528,1,rejected,0.99906005859375,1.0,0.998291015625,sampled,ok,41,4096,0.0009765625,0.9990234375,False
external_iscas85_c1355,c1355,balance,new_n545,new_n524,1,rejected,0.99906005859375,1.0,0.998291015625,sampled,ok,41,4096,0.0029296875,0.9970703125,False
external_iscas85_c1355,c1355,balance,new_n548,new_n551,1,rejected,0.99906005859375,1.0,0.998291015625,sampled,ok,41,4096,0.002197265625,0.997802734375,False
external_iscas85_c1355,c1355,refactor,new_n473,new_n513,1,rejected,0.99906005859375,1.0,0.998291015625,sampled,ok,41,4096,0.001953125,0.998046875,False
external_iscas85_c1355,c1355,refactor,new_n500,new_n541,1,rejected,0.99906005859375,1.0,0.998291015625,sampled,ok,41,4096,0.00244140625,0.99755859375,False
external_iscas85_c1355,c1355,refactor_z,new_n449,new_n513,1,rejected,0.99906005859375,1.0,0.998291015625,sampled,ok,41,4096,0.00146484375,0.99853515625,False
external_iscas85_c1355,c1355,refactor_z,new_n471,new_n541,1,rejected,0.99906005859375,1.0,0.998291015625,sampled,ok,41,4096,0.002197265625,0.997802734375,False
external_iscas85_c1908,c1908,balance,new_n279,new_n270,1,rejected,0.99906005859375,1.0,0.998291015625,sampled,ok,32,4096,0.002197265625,0.997802734375,False
external_iscas85_c1908,c1908,dc2,new_n264,new_n270,1,rejected,0.99906005859375,1.0,0.998291015625,sampled,ok,32,4096,0.000732421875,0.999267578125,False
external_iscas85_c1908,c1908,dc2,new_n270,new_n270,1,rejected,0.99906005859375,1.0,0.998291015625,sampled,ok,32,4096,0.001220703125,0.998779296875,False
external_iscas85_c1908,c1908,resyn,new_n274,new_n270,1,rejected,0.99906005859375,1.0,0.998291015625,sampled,ok,32,4096,0.001220703125,0.998779296875,False
external_iscas85_c1908,c1908,rewrite_z,new_n276,new_n270,1,rejected,0.99906005859375,1.0,0.998291015625,sampled,ok,32,4096,0.000732421875,0.999267578125,False
external_iscas85_c499,c499,balance,new_n420,new_n421,1,rejected,0.99906005859375,1.0,0.998291015625,sampled,ok,41,4096,0.003662109375,0.996337890625,False
external_iscas85_c499,c499,balance,new_n442,new_n444,1,rejected,0.99906005859375,1.0,0.998291015625,sampled,ok,41,4096,0.000732421875,0.999267578125,False
external_iscas85_c499,c499,rewrite,new_n418,new_n421,1,rejected,0.99906005859375,1.0,0.998291015625,sampled,ok,41,4096,0.001953125,0.998046875,False
external_iscas85_c499,c499,rewrite,new_n440,new_n444,1,rejected,0.99906005859375,1.0,0.998291015625,sampled,ok,41,4096,0.00341796875,0.99658203125,False
external_iscas85_c1355,c1355,balance,new_n396,new_n524,1,rejected,0.99892578125,1.0,0.998046875,sampled,ok,41,4096,0.003662109375,0.996337890625,False
external_iscas85_c1355,c1355,balance,new_n399,new_n398,1,rejected,0.99892578125,1.0,0.998046875,sampled,ok,41,4096,0.002685546875,0.997314453125,False
external_iscas85_c1355,c1355,balance,new_n414,new_n524,1,rejected,0.99892578125,1.0,0.998046875,sampled,ok,41,4096,0.0029296875,0.9970703125,False
external_iscas85_c1355,c1355,balance,new_n422,new_n421,1,rejected,0.99892578125,1.0,0.998046875,sampled,ok,41,4096,0.001953125,0.998046875,False
external_iscas85_c1355,c1355,balance,new_n437,new_n524,1,rejected,0.99892578125,1.0,0.998046875,sampled,ok,41,4096,0.00390625,0.99609375,False
external_iscas85_c1355,c1355,balance,new_n440,new_n440,1,rejected,0.99892578125,1.0,0.998046875,sampled,ok,41,4096,0.001953125,0.998046875,False
external_iscas85_c1355,c1355,balance,new_n450,new_n450,1,rejected,0.99892578125,1.0,0.998046875,sampled,ok,41,4096,0.001953125,0.998046875,False
external_iscas85_c1355,c1355,balance,new_n473,new_n473,1,rejected,0.99892578125,1.0,0.998046875,sampled,ok,41,4096,0.001953125,0.998046875,False
external_iscas85_c1355,c1355,balance,new_n494,new_n496,1,rejected,0.99892578125,1.0,0.998046875,sampled,ok,41,4096,0.002197265625,0.997802734375,False
external_iscas85_c1355,c1355,balance,new_n499,new_n501,1,rejected,0.99892578125,1.0,0.998046875,sampled,ok,41,4096,0.00244140625,0.99755859375,False
external_iscas85_c1355,c1355,balance,new_n504,new_n506,1,rejected,0.99892578125,1.0,0.998046875,sampled,ok,41,4096,0.0009765625,0.9990234375,False
external_iscas85_c1355,c1355,balance,new_n538,new_n541,1,rejected,0.99892578125,1.0,0.998046875,sampled,ok,41,4096,0.001953125,0.998046875,False
external_iscas85_c1355,c1355,balance,new_n565,new_n568,1,rejected,0.99892578125,1.0,0.998046875,sampled,ok,41,4096,0.001953125,0.998046875,False
external_iscas85_c1355,c1355,balance,new_n570,new_n573,1,rejected,0.99892578125,1.0,0.998046875,sampled,ok,41,4096,0.003662109375,0.996337890625,False
external_iscas85_c1355,c1355,refactor,new_n355,new_n393,1,rejected,0.99892578125,1.0,0.998046875,sampled,ok,41,4096,0.001220703125,0.998779296875,False
external_iscas85_c1355,c1355,refactor,new_n397,new_n435,1,rejected,0.99892578125,1.0,0.998046875,sampled,ok,41,4096,0.00244140625,0.99755859375,False
external_iscas85_c1355,c1355,refactor,new_n517,new_n558,1,rejected,0.99892578125,1.0,0.998046875,sampled,ok,41,4096,0.00244140625,0.99755859375,False
external_iscas85_c1355,c1355,refactor,new_n522,new_n563,1,rejected,0.99892578125,1.0,0.998046875,sampled,ok,41,4096,0.000732421875,0.999267578125,False
external_iscas85_c499,c499,balance,new_n322,new_n320,1,rejected,0.99892578125,1.0,0.998046875,sampled,ok,41,4096,0.0009765625,0.9990234375,False
external_iscas85_c499,c499,balance,new_n356,new_n355,1,rejected,0.99892578125,1.0,0.998046875,sampled,ok,41,4096,0.00146484375,0.99853515625,False
external_iscas85_c499,c499,balance,new_n456,new_n458,1,rejected,0.99892578125,1.0,0.998046875,sampled,ok,41,4096,0.002197265625,0.997802734375,False
external_iscas85_c499,c499,balance,new_n460,new_n462,1,rejected,0.99892578125,1.0,0.998046875,sampled,ok,41,4096,0.001220703125,0.998779296875,False
external_iscas85_c499,c499,rewrite,new_n320,new_n320,1,rejected,0.99892578125,1.0,0.998046875,sampled,ok,41,4096,0.002197265625,0.997802734375,False
external_iscas85_c499,c499,rewrite,new_n355,new_n355,1,rejected,0.99892578125,1.0,0.998046875,sampled,ok,41,4096,0.001708984375,0.998291015625,False
external_iscas85_c499,c499,rewrite,new_n454,new_n458,1,rejected,0.99892578125,1.0,0.998046875,sampled,ok,41,4096,0.001953125,0.998046875,False
external_iscas85_c499,c499,rewrite,new_n458,new_n462,1,rejected,0.99892578125,1.0,0.998046875,sampled,ok,41,4096,0.001220703125,0.998779296875,False
external_iscas85_c1355,c1355,balance,new_n389,new_n388,1,rejected,0.99879150390625,1.0,0.997802734375,sampled,ok,41,4096,0.0009765625,0.9990234375,False
external_iscas85_c1355,c1355,balance,new_n445,new_n445,1,rejected,0.99879150390625,1.0,0.997802734375,sampled,ok,41,4096,0.00146484375,0.99853515625,False
external_iscas85_c1355,c1355,balance,new_n468,new_n468,1,rejected,0.99879150390625,1.0,0.997802734375,sampled,ok,41,4096,0.002197265625,0.997802734375,False
external_iscas85_c1355,c1355,balance,new_n491,new_n524,1,rejected,0.99879150390625,1.0,0.997802734375,sampled,ok,41,4096,0.004638671875,0.995361328125,False
external_iscas85_c1355,c1355,balance,new_n516,new_n518,1,rejected,0.99879150390625,1.0,0.997802734375,sampled,ok,41,4096,0.00146484375,0.99853515625,False
external_iscas85_c1355,c1355,balance,new_n523,new_n524,1,rejected,0.99879150390625,1.0,0.997802734375,sampled,ok,41,4096,0.003662109375,0.996337890625,False
external_iscas85_c1355,c1355,balance,new_n555,new_n558,1,rejected,0.99879150390625,1.0,0.997802734375,sampled,ok,41,4096,0.00146484375,0.99853515625,False
external_iscas85_c1355,c1355,balance,new_n562,new_n524,1,rejected,0.99879150390625,1.0,0.997802734375,sampled,ok,41,4096,0.00244140625,0.99755859375,False
external_iscas85_c1355,c1355,refactor,new_n365,new_n403,1,rejected,0.99879150390625,1.0,0.997802734375,sampled,ok,41,4096,0.001220703125,0.998779296875,False
external_iscas85_c1355,c1355,refactor,new_n378,new_n416,1,rejected,0.99879150390625,1.0,0.997802734375,sampled,ok,41,4096,0.003173828125,0.996826171875,False
external_iscas85_c1355,c1355,refactor,new_n412,new_n450,1,rejected,0.99879150390625,1.0,0.997802734375,sampled,ok,41,4096,0.001708984375,0.998291015625,False
external_iscas85_c1355,c1355,refactor,new_n430,new_n468,1,rejected,0.99879150390625,1.0,0.997802734375,sampled,ok,41,4096,0.0029296875,0.9970703125,False
external_iscas85_c1355,c1355,refactor,new_n478,new_n518,1,rejected,0.99879150390625,1.0,0.997802734375,sampled,ok,41,4096,0.00146484375,0.99853515625,False
external_iscas85_c1355,c1355,refactor,new_n488,new_n528,1,rejected,0.99879150390625,1.0,0.997802734375,sampled,ok,41,4096,0.00244140625,0.99755859375,False
external_iscas85_c1355,c1355,refactor,new_n527,new_n568,1,rejected,0.99879150390625,1.0,0.997802734375,sampled,ok,41,4096,0.001708984375,0.998291015625,False
external_iscas85_c1355,c1355,refactor_z,new_n372,new_n416,1,rejected,0.99879150390625,1.0,0.997802734375,sampled,ok,41,4096,0.001708984375,0.998291015625,False
external_iscas85_c1355,c1355,refactor_z,new_n413,new_n468,1,rejected,0.99879150390625,1.0,0.997802734375,sampled,ok,41,4096,0.001708984375,0.998291015625,False
external_iscas85_c1355,c1355,refactor_z,new_n453,new_n518,1,rejected,0.99879150390625,1.0,0.997802734375,sampled,ok,41,4096,0.00146484375,0.99853515625,False
external_iscas85_c1355,c1355,refactor_z,new_n461,new_n528,1,rejected,0.99879150390625,1.0,0.997802734375,sampled,ok,41,4096,0.002197265625,0.997802734375,False
external_iscas85_c1908,c1908,resyn,new_n337,new_n239,1,rejected,0.99879150390625,1.0,0.997802734375,sampled,ok,32,4096,0.00146484375,0.99853515625,False
external_iscas85_c499,c499,balance,new_n330,new_n328,1,rejected,0.99879150390625,1.0,0.997802734375,sampled,ok,41,4096,0.00146484375,0.99853515625,False
external_iscas85_c499,c499,balance,new_n341,new_n339,1,rejected,0.99879150390625,1.0,0.997802734375,sampled,ok,41,4096,0.001708984375,0.998291015625,False
external_iscas85_c499,c499,balance,new_n368,new_n367,1,rejected,0.99879150390625,1.0,0.997802734375,sampled,ok,41,4096,0.0029296875,0.9970703125,False
external_iscas85_c499,c499,balance,new_n383,new_n382,1,rejected,0.99879150390625,1.0,0.997802734375,sampled,ok,41,4096,0.00244140625,0.99755859375,False
external_iscas85_c499,c499,balance,new_n424,new_n425,1,rejected,0.99879150390625,1.0,0.997802734375,sampled,ok,41,4096,0.00146484375,0.99853515625,False
external_iscas85_c499,c499,balance,new_n432,new_n433,1,rejected,0.99879150390625,1.0,0.997802734375,sampled,ok,41,4096,0.00146484375,0.99853515625,False
external_iscas85_c499,c499,balance,new_n464,new_n466,1,rejected,0.99879150390625,1.0,0.997802734375,sampled,ok,41,4096,0.001953125,0.998046875,False
external_iscas85_c499,c499,rewrite,new_n328,new_n328,1,rejected,0.99879150390625,1.0,0.997802734375,sampled,ok,41,4096,0.001708984375,0.998291015625,False
external_iscas85_c499,c499,rewrite,new_n339,new_n339,1,rejected,0.99879150390625,1.0,0.997802734375,sampled,ok,41,4096,0.001953125,0.998046875,False
external_iscas85_c499,c499,rewrite,new_n367,new_n367,1,rejected,0.99879150390625,1.0,0.997802734375,sampled,ok,41,4096,0.001953125,0.998046875,False
external_iscas85_c499,c499,rewrite,new_n382,new_n382,1,rejected,0.99879150390625,1.0,0.997802734375,sampled,ok,41,4096,0.00146484375,0.99853515625,False
external_iscas85_c499,c499,rewrite,new_n422,new_n425,1,rejected,0.99879150390625,1.0,0.997802734375,sampled,ok,41,4096,0.00146484375,0.99853515625,False
external_iscas85_c499,c499,rewrite,new_n430,new_n433,1,rejected,0.99879150390625,1.0,0.997802734375,sampled,ok,41,4096,0.001220703125,0.998779296875,False
external_iscas85_c499,c499,rewrite,new_n462,new_n466,1,rejected,0.99879150390625,1.0,0.997802734375,sampled,ok,41,4096,0.001708984375,0.998291015625,False
external_iscas85_c1355,c1355,balance,new_n417,new_n416,1,rejected,0.9986572265625,1.0,0.99755859375,sampled,ok,41,4096,0.001953125,0.998046875,False
external_iscas85_c1355,c1355,balance,new_n513,new_n524,1,rejected,0.9986572265625,1.0,0.99755859375,sampled,ok,41,4096,0.00390625,0.99609375,False
external_iscas85_c1355,c1355,balance,new_n528,new_n524,1,rejected,0.9986572265625,1.0,0.99755859375,sampled,ok,41,4096,0.004638671875,0.995361328125,False
external_iscas85_c1355,c1355,balance,new_n533,new_n536,1,rejected,0.9986572265625,1.0,0.99755859375,sampled,ok,41,4096,0.00341796875,0.99658203125,False
external_iscas85_c1355,c1355,balance,new_n550,new_n524,1,rejected,0.9986572265625,1.0,0.99755859375,sampled,ok,41,4096,0.00341796875,0.99658203125,False
external_iscas85_c1355,c1355,refactor,new_n407,new_n445,1,rejected,0.9986572265625,1.0,0.99755859375,sampled,ok,41,4096,0.002685546875,0.997314453125,False
external_iscas85_c1355,c1355,refactor,new_n456,new_n496,1,rejected,0.9986572265625,1.0,0.99755859375,sampled,ok,41,4096,0.00244140625,0.99755859375,False
external_iscas85_c1355,c1355,refactor,new_n510,new_n551,1,rejected,0.9986572265625,1.0,0.99755859375,sampled,ok,41,4096,0.00146484375,0.99853515625,False
external_iscas85_c1355,c1355,refactor_z,new_n479,new_n551,1,rejected,0.9986572265625,1.0,0.99755859375,sampled,ok,41,4096,0.00244140625,0.99755859375,False
external_iscas85_c499,c499,balance,new_n364,new_n363,1,rejected,0.9986572265625,1.0,0.99755859375,sampled,ok,41,4096,0.00244140625,0.99755859375,False
external_iscas85_c499,c499,balance,new_n406,new_n407,1,rejected,0.9986572265625,1.0,0.99755859375,sampled,ok,41,4096,0.00146484375,0.99853515625,False
external_iscas85_c499,c499,balance,new_n450,new_n452,1,rejected,0.9986572265625,1.0,0.99755859375,sampled,ok,41,4096,0.002197265625,0.997802734375,False
external_iscas85_c499,c499,rewrite,new_n363,new_n363,1,rejected,0.9986572265625,1.0,0.99755859375,sampled,ok,41,4096,0.001220703125,0.998779296875,False
external_iscas85_c499,c499,rewrite,new_n404,new_n407,1,rejected,0.9986572265625,1.0,0.99755859375,sampled,ok,41,4096,0.000732421875,0.999267578125,False
external_iscas85_c499,c499,rewrite,new_n448,new_n452,1,rejected,0.9986572265625,1.0,0.99755859375,sampled,ok,41,4096,0.001953125,0.998046875,False
external_iscas85_c1355,c1355,balance,new_n401,new_n524,1,rejected,0.99852294921875,1.0,0.997314453125,sampled,ok,41,4096,0.004150390625,0.995849609375,False
external_iscas85_c1355,c1355,balance,new_n404,new_n403,1,rejected,0.99852294921875,1.0,0.997314453125,sampled,ok,41,4096,0.003173828125,0.996826171875,False
external_iscas85_c1355,c1355,balance,new_n424,new_n524,1,rejected,0.99852294921875,1.0,0.997314453125,sampled,ok,41,4096,0.004150390625,0.995849609375,False
external_iscas85_c1355,c1355,balance,new_n427,new_n426,1,rejected,0.99852294921875,1.0,0.997314453125,sampled,ok,41,4096,0.00146484375,0.99853515625,False
external_iscas85_c1355,c1355,balance,new_n442,new_n524,1,rejected,0.99852294921875,1.0,0.997314453125,sampled,ok,41,4096,0.00439453125,0.99560546875,False
external_iscas85_c1355,c1355,balance,new_n452,new_n524,1,rejected,0.99852294921875,1.0,0.997314453125,sampled,ok,41,4096,0.004150390625,0.995849609375,False
external_iscas85_c1355,c1355,balance,new_n458,new_n458,1,rejected,0.99852294921875,1.0,0.997314453125,sampled,ok,41,4096,0.00244140625,0.99755859375,False
external_iscas85_c1355,c1355,balance,new_n475,new_n524,1,rejected,0.99852294921875,1.0,0.997314453125,sampled,ok,41,4096,0.0029296875,0.9970703125,False
external_iscas85_c1355,c1355,balance,new_n496,new_n524,1,rejected,0.99852294921875,1.0,0.997314453125,sampled,ok,41,4096,0.0029296875,0.9970703125,False
external_iscas85_c1355,c1355,balance,new_n501,new_n524,1,rejected,0.99852294921875,1.0,0.997314453125,sampled,ok,41,4096,0.00390625,0.99609375,False
external_iscas85_c1355,c1355,balance,new_n506,new_n524,1,rejected,0.99852294921875,1.0,0.997314453125,sampled,ok,41,4096,0.005615234375,0.994384765625,False
external_iscas85_c1355,c1355,balance,new_n540,new_n524,1,rejected,0.99852294921875,1.0,0.997314453125,sampled,ok,41,4096,0.00341796875,0.99658203125,False
external_iscas85_c1355,c1355,balance,new_n567,new_n524,1,rejected,0.99852294921875,1.0,0.997314453125,sampled,ok,41,4096,0.002685546875,0.997314453125,False
external_iscas85_c1355,c1355,balance,new_n572,new_n524,1,rejected,0.99852294921875,1.0,0.997314453125,sampled,ok,41,4096,0.002197265625,0.997802734375,False
external_iscas85_c1355,c1355,refactor,new_n360,new_n398,1,rejected,0.99852294921875,1.0,0.997314453125,sampled,ok,41,4096,0.001220703125,0.998779296875,False
external_iscas85_c1908,c1908,compress2rs,new_n339,new_n274,1,rejected,0.99852294921875,1.0,0.997314453125,sampled,ok,32,4096,0.00341796875,0.99658203125,False
external_iscas85_c1908,c1908,resyn2,new_n346,new_n274,1,rejected,0.99852294921875,1.0,0.997314453125,sampled,ok,32,4096,0.0029296875,0.9970703125,False
external_iscas85_c1908,c1908,resyn2_like,new_n346,new_n274,1,rejected,0.99852294921875,1.0,0.997314453125,sampled,ok,32,4096,0.00146484375,0.99853515625,False
external_iscas85_c499,c499,balance,new_n326,new_n324,1,rejected,0.99852294921875,1.0,0.997314453125,sampled,ok,41,4096,0.001708984375,0.998291015625,False
external_iscas85_c499,c499,rewrite,new_n324,new_n324,1,rejected,0.99852294921875,1.0,0.997314453125,sampled,ok,41,4096,0.001708984375,0.998291015625,False
external_iscas85_c1355,c1355,balance,new_n391,new_n524,1,rejected,0.998388671875,1.0,0.9970703125,sampled,ok,41,4096,0.004638671875,0.995361328125,False
external_iscas85_c1355,c1355,balance,new_n447,new_n524,1,rejected,0.998388671875,1.0,0.9970703125,sampled,ok,41,4096,0.003662109375,0.996337890625,False
external_iscas85_c1355,c1355,balance,new_n470,new_n524,1,rejected,0.998388671875,1.0,0.9970703125,sampled,ok,41,4096,0.005126953125,0.994873046875,False
external_iscas85_c1355,c1355,balance,new_n518,new_n524,1,rejected,0.998388671875,1.0,0.9970703125,sampled,ok,41,4096,0.00341796875,0.99658203125,False
external_iscas85_c1355,c1355,balance,new_n557,new_n524,1,rejected,0.998388671875,1.0,0.9970703125,sampled,ok,41,4096,0.00341796875,0.99658203125,False
external_iscas85_c1355,c1355,refactor,new_n350,new_n388,1,rejected,0.998388671875,1.0,0.9970703125,sampled,ok,41,4096,0.001708984375,0.998291015625,False
external_iscas85_c1355,c1355,refactor,new_n451,new_n491,1,rejected,0.998388671875,1.0,0.9970703125,sampled,ok,41,4096,0.0029296875,0.9970703125,False
external_iscas85_c432,c432,refactor_z,new_n236,new_n176,1,rejected,0.998388671875,1.0,0.9970703125,sampled,ok,36,4096,0.00341796875,0.99658203125,False
external_iscas85_c499,c499,balance,new_n318,new_n316,1,rejected,0.998388671875,1.0,0.9970703125,sampled,ok,41,4096,0.001708984375,0.998291015625,False
external_iscas85_c499,c499,balance,new_n402,new_n403,1,rejected,0.998388671875,1.0,0.9970703125,sampled,ok,41,4096,0.00146484375,0.99853515625,False
external_iscas85_c499,c499,rewrite,new_n316,new_n316,1,rejected,0.998388671875,1.0,0.9970703125,sampled,ok,41,4096,0.002685546875,0.997314453125,False
external_iscas85_c499,c499,rewrite,new_n400,new_n403,1,rejected,0.998388671875,1.0,0.9970703125,sampled,ok,41,4096,0.002197265625,0.997802734375,False
external_iscas85_c1355,c1355,balance,new_n419,new_n524,1,rejected,0.99825439453125,1.0,0.996826171875,sampled,ok,41,4096,0.005859375,0.994140625,False
external_iscas85_c1355,c1355,balance,new_n463,new_n463,1,rejected,0.99825439453125,1.0,0.996826171875,sampled,ok,41,4096,0.001953125,0.998046875,False
external_iscas85_c1355,c1355,balance,new_n535,new_n524,1,rejected,0.99825439453125,1.0,0.996826171875,sampled,ok,41,4096,0.003662109375,0.996337890625,False
external_iscas85_c1355,c1355,refactor,new_n505,new_n411,1,rejected,0.99825439453125,1.0,0.996826171875,sampled,ok,41,4096,0.00537109375,0.99462890625,False
external_iscas85_c1355,c1355,refactor_z,new_n475,new_n411,1,rejected,0.99825439453125,1.0,0.996826171875,sampled,ok,41,4096,0.005859375,0.994140625,False
external_iscas85_c1908,c1908,compress2rs,new_n348,new_n301,1,rejected,0.99825439453125,1.0,0.996826171875,sampled,ok,32,4096,0.00341796875,0.99658203125,False
external_iscas85_c499,c499,balance,new_n446,new_n335,1,rejected,0.99825439453125,1.0,0.996826171875,sampled,ok,41,4096,0.007080078125,0.992919921875,False
external_iscas85_c499,c499,rewrite,new_n444,new_n335,1,rejected,0.99825439453125,1.0,0.996826171875,sampled,ok,41,4096,0.00439453125,0.99560546875,False
external_iscas85_c1355,c1355,balance,new_n406,new_n524,1,rejected,0.9981201171875,1.0,0.99658203125,sampled,ok,41,4096,0.0048828125,0.9951171875,False
external_iscas85_c1355,c1355,balance,new_n429,new_n524,1,rejected,0.9981201171875,1.0,0.99658203125,sampled,ok,41,4096,0.003662109375,0.996337890625,False
external_iscas85_c1355,c1355,balance,new_n460,new_n524,1,rejected,0.9981201171875,1.0,0.99658203125,sampled,ok,41,4096,0.003173828125,0.996826171875,False
external_iscas85_c1355,c1355,refactor,new_n466,new_n506,1,rejected,0.9981201171875,1.0,0.99658203125,sampled,ok,41,4096,0.00244140625,0.99755859375,False
external_iscas85_c1908,c1908,balance,new_n243,new_n270,1,rejected,0.9981201171875,1.0,0.99658203125,sampled,ok,32,4096,0.005859375,0.994140625,False
external_iscas85_c1908,c1908,resyn,new_n240,new_n270,1,rejected,0.9981201171875,1.0,0.99658203125,sampled,ok,32,4096,0.006591796875,0.993408203125,False
external_iscas85_c1908,c1908,rewrite_z,new_n240,new_n270,1,rejected,0.9981201171875,1.0,0.99658203125,sampled,ok,32,4096,0.005615234375,0.994384765625,False
external_iscas85_c499,c499,balance,new_n414,new_n415,1,rejected,0.9981201171875,1.0,0.99658203125,sampled,ok,41,4096,0.00341796875,0.99658203125,False
external_iscas85_c499,c499,rewrite,new_n412,new_n415,1,rejected,0.9981201171875,1.0,0.99658203125,sampled,ok,41,4096,0.001708984375,0.998291015625,False
external_iscas85_c1355,c1355,refactor,new_n532,new_n573,1,rejected,0.99798583984375,1.0,0.996337890625,sampled,ok,41,4096,0.00390625,0.99609375,False
external_iscas85_c1908,c1908,refactor_z,new_n308,new_n309,1,rejected,0.99798583984375,1.0,0.996337890625,sampled,ok,30,4096,0.004150390625,0.995849609375,False
external_iscas85_c499,c499,balance,new_n468,new_n470,1,rejected,0.99798583984375,1.0,0.996337890625,sampled,ok,41,4096,0.001953125,0.998046875,False
external_iscas85_c499,c499,rewrite,new_n466,new_n470,1,rejected,0.99798583984375,1.0,0.996337890625,sampled,ok,41,4096,0.001708984375,0.998291015625,False
external_iscas85_c1355,c1355,balance,new_n465,new_n524,1,rejected,0.9978515625,1.0,0.99609375,sampled,ok,41,4096,0.001953125,0.998046875,False
external_iscas85_c1908,c1908,dc2,new_n238,new_n239,1,rejected,0.9978515625,1.0,0.99609375,sampled,ok,32,4096,0.00537109375,0.99462890625,False
external_iscas85_c1908,c1908,refactor_z,new_n242,new_n239,1,rejected,0.9978515625,1.0,0.99609375,sampled,ok,32,4096,0.00634765625,0.99365234375,False
external_iscas85_c432,c432,rewrite_z,new_n210,new_n235,1,rejected,0.9978515625,1.0,0.99609375,sampled,ok,36,4096,0.004150390625,0.995849609375,False
external_iscas85_c1908,c1908,dc2,new_n235,new_n239,1,rejected,0.99771728515625,1.0,0.995849609375,sampled,ok,32,4096,0.0068359375,0.9931640625,False
external_iscas85_c1908,c1908,refactor_z,new_n239,new_n239,1,rejected,0.99771728515625,1.0,0.995849609375,sampled,ok,32,4096,0.006103515625,0.993896484375,False
external_iscas85_c1908,c1908,balance,new_n246,new_n239,1,rejected,0.9975830078125,1.0,0.99560546875,sampled,ok,32,4096,0.00537109375,0.99462890625,False
external_iscas85_c1908,c1908,balance,new_n249,new_n239,1,rejected,0.9975830078125,1.0,0.99560546875,sampled,ok,32,4096,0.00439453125,0.99560546875,False
external_iscas85_c1908,c1908,balance,new_n263,new_n291,1,rejected,0.9975830078125,1.0,0.99560546875,sampled,ok,32,4096,0.006103515625,0.993896484375,False
external_iscas85_c1908,c1908,balance,new_n360,new_n246,1,rejected,0.9975830078125,1.0,0.99560546875,sampled,ok,32,4096,0.00439453125,0.99560546875,False
external_iscas85_c1908,c1908,dc2,new_n244,new_n270,1,rejected,0.9975830078125,1.0,0.99560546875,sampled,ok,32,4096,0.00537109375,0.99462890625,False
external_iscas85_c1908,c1908,refactor_z,new_n248,new_n270,1,rejected,0.9975830078125,1.0,0.99560546875,sampled,ok,32,4096,0.005859375,0.994140625,False
external_iscas85_c1908,c1908,resyn,new_n243,new_n239,1,rejected,0.9975830078125,1.0,0.99560546875,sampled,ok,32,4096,0.005126953125,0.994873046875,False
external_iscas85_c1908,c1908,resyn,new_n246,new_n239,1,rejected,0.9975830078125,1.0,0.99560546875,sampled,ok,32,4096,0.00390625,0.99609375,False
external_iscas85_c1908,c1908,resyn,new_n259,new_n291,1,rejected,0.9975830078125,1.0,0.99560546875,sampled,ok,32,4096,0.005615234375,0.994384765625,False
external_iscas85_c1908,c1908,rewrite_z,new_n243,new_n239,1,rejected,0.9975830078125,1.0,0.99560546875,sampled,ok,32,4096,0.0048828125,0.9951171875,False
external_iscas85_c1908,c1908,rewrite_z,new_n246,new_n239,1,rejected,0.9975830078125,1.0,0.99560546875,sampled,ok,32,4096,0.004150390625,0.995849609375,False
external_iscas85_c1908,c1908,rewrite_z,new_n260,new_n291,1,rejected,0.9975830078125,1.0,0.99560546875,sampled,ok,32,4096,0.00341796875,0.99658203125,False
external_iscas85_c1908,c1908,rewrite_z,new_n344,new_n246,1,rejected,0.9975830078125,1.0,0.99560546875,sampled,ok,32,4096,0.00634765625,0.99365234375,False
external_iscas85_c1908,c1908,balance,new_n240,new_n270,1,rejected,0.99744873046875,1.0,0.995361328125,sampled,ok,32,4096,0.005126953125,0.994873046875,False
external_iscas85_c1908,c1908,dc2,new_n250,new_n291,1,rejected,0.99744873046875,1.0,0.995361328125,sampled,ok,32,4096,0.004638671875,0.995361328125,False
external_iscas85_c1908,c1908,dc2,new_n341,new_n243,1,rejected,0.99744873046875,1.0,0.995361328125,sampled,ok,32,4096,0.003662109375,0.996337890625,False
external_iscas85_c1908,c1908,refactor_z,new_n256,new_n291,1,rejected,0.99744873046875,1.0,0.995361328125,sampled,ok,32,4096,0.0048828125,0.9951171875,False
external_iscas85_c1908,c1908,resyn,new_n237,new_n270,1,rejected,0.99744873046875,1.0,0.995361328125,sampled,ok,32,4096,0.00390625,0.99609375,False
external_iscas85_c1908,c1908,rewrite_z,new_n237,new_n270,1,rejected,0.99744873046875,1.0,0.995361328125,sampled,ok,32,4096,0.003173828125,0.996826171875,False
external_iscas85_c1908,c1908,balance,new_n260,new_n256,1,rejected,0.997314453125,1.0,0.9951171875,sampled,ok,32,4096,0.0048828125,0.9951171875,False
external_iscas85_c1908,c1908,dc2,new_n241,new_n239,1,rejected,0.997314453125,1.0,0.9951171875,sampled,ok,32,4096,0.005615234375,0.994384765625,False
external_iscas85_c1908,c1908,dc2,new_n253,new_n283,1,rejected,0.997314453125,1.0,0.9951171875,sampled,ok,32,4096,0.004638671875,0.995361328125,False
external_iscas85_c1908,c1908,dc2,new_n256,new_n256,1,rejected,0.997314453125,1.0,0.9951171875,sampled,ok,32,4096,0.00390625,0.99609375,False
external_iscas85_c1908,c1908,refactor_z,new_n245,new_n239,1,rejected,0.997314453125,1.0,0.9951171875,sampled,ok,32,4096,0.003662109375,0.996337890625,False
external_iscas85_c1908,c1908,refactor_z,new_n259,new_n283,1,rejected,0.997314453125,1.0,0.9951171875,sampled,ok,32,4096,0.004638671875,0.995361328125,False
external_iscas85_c1908,c1908,refactor_z,new_n262,new_n256,1,rejected,0.997314453125,1.0,0.9951171875,sampled,ok,32,4096,0.004638671875,0.995361328125,False
external_iscas85_c1908,c1908,resyn,new_n256,new_n256,1,rejected,0.997314453125,1.0,0.9951171875,sampled,ok,32,4096,0.00390625,0.99609375,False
external_iscas85_c1908,c1908,resyn,new_n349,new_n260,1,rejected,0.997314453125,1.0,0.9951171875,sampled,ok,32,4096,0.005859375,0.994140625,False
external_iscas85_c1908,c1908,resyn2,new_n352,new_n260,1,rejected,0.997314453125,1.0,0.9951171875,sampled,ok,32,4096,0.00439453125,0.99560546875,False
external_iscas85_c1908,c1908,resyn2_like,new_n352,new_n260,1,rejected,0.997314453125,1.0,0.9951171875,sampled,ok,32,4096,0.004150390625,0.995849609375,False
external_iscas85_c1908,c1908,rewrite_z,new_n257,new_n256,1,rejected,0.997314453125,1.0,0.9951171875,sampled,ok,32,4096,0.0048828125,0.9951171875,False
external_iscas85_c1908,c1908,balance,new_n257,new_n256,1,rejected,0.99718017578125,1.0,0.994873046875,sampled,ok,32,4096,0.004150390625,0.995849609375,False
external_iscas85_c1908,c1908,resyn,new_n253,new_n256,1,rejected,0.99718017578125,1.0,0.994873046875,sampled,ok,32,4096,0.00634765625,0.99365234375,False
external_iscas85_c1908,c1908,rewrite_z,new_n254,new_n256,1,rejected,0.99718017578125,1.0,0.994873046875,sampled,ok,32,4096,0.006591796875,0.993408203125,False
external_iscas85_c3540,c3540,rewrite_z,new_n411,new_n470,1,rejected,0.99637451171875,1.0,0.993408203125,sampled,ok,21,4096,0.006591796875,0.993408203125,False
external_iscas85_c3540,c3540,rewrite_z,new_n417,new_n477,1,rejected,0.99637451171875,1.0,0.993408203125,sampled,ok,21,4096,0.007080078125,0.992919921875,False
external_iscas85_c1908,c1908,refactor,new_n313,new_n330,1,rejected,0.99583740234375,1.0,0.992431640625,sampled,ok,32,4096,0.00634765625,0.99365234375,False
external_iscas85_c1908,c1908,refactor_z,new_n310,new_n330,1,rejected,0.99583740234375,1.0,0.992431640625,sampled,ok,32,4096,0.005126953125,0.994873046875,False
external_iscas85_c1355,c1355,balance,new_n416,new_n410,1,rejected,0.99476318359375,1.0,0.990478515625,sampled,ok,41,4096,0.012451171875,0.987548828125,False
external_iscas85_c1355,c1355,balance,new_n515,new_n512,1,rejected,0.99476318359375,1.0,0.990478515625,sampled,ok,41,4096,0.01123046875,0.98876953125,False
external_iscas85_c1355,c1355,refactor_z,new_n370,new_n410,1,rejected,0.99476318359375,1.0,0.990478515625,sampled,ok,41,4096,0.015380859375,0.984619140625,False
external_iscas85_c1355,c1355,refactor_z,new_n451,new_n512,1,rejected,0.99476318359375,1.0,0.990478515625,sampled,ok,41,4096,0.013671875,0.986328125,False
external_iscas85_c499,c499,balance,new_n339,new_n334,1,rejected,0.99476318359375,1.0,0.990478515625,sampled,ok,41,4096,0.0107421875,0.9892578125,False
external_iscas85_c499,c499,balance,new_n422,new_n420,1,rejected,0.99476318359375,1.0,0.990478515625,sampled,ok,41,4096,0.014892578125,0.985107421875,False
external_iscas85_c499,c499,rewrite,new_n337,new_n334,1,rejected,0.99476318359375,1.0,0.990478515625,sampled,ok,41,4096,0.01220703125,0.98779296875,False
external_iscas85_c499,c499,rewrite,new_n420,new_n420,1,rejected,0.99476318359375,1.0,0.990478515625,sampled,ok,41,4096,0.0107421875,0.9892578125,False
external_iscas85_c1355,c1355,balance,new_n426,new_n410,1,rejected,0.99449462890625,1.0,0.989990234375,sampled,ok,41,4096,0.010986328125,0.989013671875,False
external_iscas85_c1355,c1355,balance,new_n525,new_n512,1,rejected,0.99449462890625,1.0,0.989990234375,sampled,ok,41,4096,0.011474609375,0.988525390625,False
external_iscas85_c1355,c1355,refactor_z,new_n378,new_n410,1,rejected,0.99449462890625,1.0,0.989990234375,sampled,ok,41,4096,0.00927734375,0.99072265625,False
external_iscas85_c1355,c1355,refactor_z,new_n459,new_n512,1,rejected,0.99449462890625,1.0,0.989990234375,sampled,ok,41,4096,0.0107421875,0.9892578125,False
external_iscas85_c499,c499,balance,new_n347,new_n334,1,rejected,0.99449462890625,1.0,0.989990234375,sampled,ok,41,4096,0.008544921875,0.991455078125,False
external_iscas85_c499,c499,balance,new_n430,new_n420,1,rejected,0.99449462890625,1.0,0.989990234375,sampled,ok,41,4096,0.01220703125,0.98779296875,False
external_iscas85_c499,c499,rewrite,new_n345,new_n334,1,rejected,0.99449462890625,1.0,0.989990234375,sampled,ok,41,4096,0.010498046875,0.989501953125,False
external_iscas85_c499,c499,rewrite,new_n428,new_n420,1,rejected,0.99449462890625,1.0,0.989990234375,sampled,ok,41,4096,0.012451171875,0.987548828125,False
external_iscas85_c7552,c7552,balance,new_n2153,new_n2169,1,rejected,0.9943603515625,1.0,0.98974609375,sampled,ok,94,4096,0.016845703125,0.983154296875,False
external_iscas85_c7552,c7552,rewrite_z,new_n1795,new_n2169,1,rejected,0.9943603515625,1.0,0.98974609375,sampled,ok,94,4096,0.016357421875,0.983642578125,False
external_iscas85_c1355,c1355,balance,new_n510,new_n512,1,rejected,0.99422607421875,1.0,0.989501953125,sampled,ok,41,4096,0.01171875,0.98828125,False
external_iscas85_c1355,c1355,refactor_z,new_n447,new_n512,1,rejected,0.99422607421875,1.0,0.989501953125,sampled,ok,41,4096,0.0146484375,0.9853515625,False
external_iscas85_c499,c499,balance,new_n418,new_n420,1,rejected,0.99422607421875,1.0,0.989501953125,sampled,ok,41,4096,0.011962890625,0.988037109375,False
external_iscas85_c499,c499,rewrite,new_n416,new_n420,1,rejected,0.99422607421875,1.0,0.989501953125,sampled,ok,41,4096,0.01025390625,0.98974609375,False
external_iscas85_c7552,c7552,rewrite_z,new_n688,new_n705,1,rejected,0.99422607421875,1.0,0.989501953125,sampled,ok,25,4096,0.010986328125,0.989013671875,False
external_iscas85_c1355,c1355,balance,new_n444,new_n434,1,rejected,0.994091796875,1.0,0.9892578125,sampled,ok,41,4096,0.010986328125,0.989013671875,False
external_iscas85_c499,c499,balance,new_n362,new_n354,1,rejected,0.994091796875,1.0,0.9892578125,sampled,ok,41,4096,0.009033203125,0.990966796875,False
external_iscas85_c499,c499,rewrite,new_n361,new_n354,1,rejected,0.994091796875,1.0,0.9892578125,sampled,ok,41,4096,0.012451171875,0.987548828125,False
external_iscas85_c1355,c1355,balance,new_n421,new_n410,1,rejected,0.99395751953125,1.0,0.989013671875,sampled,ok,41,4096,0.017822265625,0.982177734375,False
external_iscas85_c1355,c1355,refactor_z,new_n374,new_n410,1,rejected,0.99395751953125,1.0,0.989013671875,sampled,ok,41,4096,0.00927734375,0.99072265625,False
external_iscas85_c499,c499,balance,new_n343,new_n334,1,rejected,0.99395751953125,1.0,0.989013671875,sampled,ok,41,4096,0.009521484375,0.990478515625,False
external_iscas85_c499,c499,rewrite,new_n341,new_n334,1,rejected,0.99395751953125,1.0,0.989013671875,sampled,ok,41,4096,0.009765625,0.990234375,False
external_iscas85_c1355,c1355,balance,new_n449,new_n434,1,rejected,0.9938232421875,1.0,0.98876953125,sampled,ok,41,4096,0.011962890625,0.988037109375,False
external_iscas85_c499,c499,balance,new_n366,new_n354,1,rejected,0.9938232421875,1.0,0.98876953125,sampled,ok,41,4096,0.010986328125,0.989013671875,False
external_iscas85_c499,c499,rewrite,new_n365,new_n354,1,rejected,0.9938232421875,1.0,0.98876953125,sampled,ok,41,4096,0.0126953125,0.9873046875,False
external_iscas85_c1355,c1355,balance,new_n462,new_n457,1,rejected,0.99368896484375,1.0,0.988525390625,sampled,ok,41,4096,0.012451171875,0.987548828125,False
external_iscas85_c1355,c1355,refactor_z,new_n407,new_n457,1,rejected,0.99368896484375,1.0,0.988525390625,sampled,ok,41,4096,0.010498046875,0.989501953125,False
external_iscas85_c499,c499,balance,new_n377,new_n373,1,rejected,0.99368896484375,1.0,0.988525390625,sampled,ok,41,4096,0.012939453125,0.987060546875,False
external_iscas85_c499,c499,rewrite,new_n376,new_n373,1,rejected,0.99368896484375,1.0,0.988525390625,sampled,ok,41,4096,0.013671875,0.986328125,False
external_iscas85_c499,c499,rewrite_z,new_n347,new_n334,1,rejected,0.99368896484375,1.0,0.988525390625,sampled,ok,41,4096,0.01513671875,0.98486328125,False
external_iscas85_c1355,c1355,balance,new_n467,new_n457,1,rejected,0.9935546875,1.0,0.98828125,sampled,ok,41,4096,0.012939453125,0.987060546875,False
external_iscas85_c1355,c1355,balance,new_n520,new_n512,1,rejected,0.9935546875,1.0,0.98828125,sampled,ok,41,4096,0.0107421875,0.9892578125,False
external_iscas85_c1355,c1355,balance,new_n542,new_n535,1,rejected,0.9935546875,1.0,0.98828125,sampled,ok,41,4096,0.0107421875,0.9892578125,False
external_iscas85_c1355,c1355,balance,new_n547,new_n535,1,rejected,0.9935546875,1.0,0.98828125,sampled,ok,41,4096,0.012451171875,0.987548828125,False
external_iscas85_c1355,c1355,balance,new_n569,new_n557,1,rejected,0.9935546875,1.0,0.98828125,sampled,ok,41,4096,0.01123046875,0.98876953125,False
external_iscas85_c1355,c1355,refactor,new_n476,new_n512,1,rejected,0.9935546875,1.0,0.98828125,sampled,ok,41,4096,0.01171875,0.98828125,False
external_iscas85_c1355,c1355,refactor,new_n486,new_n512,1,rejected,0.9935546875,1.0,0.98828125,sampled,ok,41,4096,0.013916015625,0.986083984375,False
external_iscas85_c1355,c1355,refactor_z,new_n411,new_n457,1,rejected,0.9935546875,1.0,0.98828125,sampled,ok,41,4096,0.01416015625,0.98583984375,False
external_iscas85_c1355,c1355,refactor_z,new_n455,new_n512,1,rejected,0.9935546875,1.0,0.98828125,sampled,ok,41,4096,0.014892578125,0.985107421875,False
external_iscas85_c1355,c1355,refactor_z,new_n473,new_n535,1,rejected,0.9935546875,1.0,0.98828125,sampled,ok,41,4096,0.00927734375,0.99072265625,False
external_iscas85_c1355,c1355,refactor_z,new_n477,new_n535,1,rejected,0.9935546875,1.0,0.98828125,sampled,ok,41,4096,0.010009765625,0.989990234375,False
external_iscas85_c499,c499,balance,new_n381,new_n373,1,rejected,0.9935546875,1.0,0.98828125,sampled,ok,41,4096,0.012451171875,0.987548828125,False
external_iscas85_c499,c499,balance,new_n426,new_n420,1,rejected,0.9935546875,1.0,0.98828125,sampled,ok,41,4096,0.01220703125,0.98779296875,False
external_iscas85_c499,c499,balance,new_n444,new_n439,1,rejected,0.9935546875,1.0,0.98828125,sampled,ok,41,4096,0.01318359375,0.98681640625,False
external_iscas85_c499,c499,balance,new_n448,new_n439,1,rejected,0.9935546875,1.0,0.98828125,sampled,ok,41,4096,0.01318359375,0.98681640625,False
external_iscas85_c499,c499,balance,new_n466,new_n457,1,rejected,0.9935546875,1.0,0.98828125,sampled,ok,41,4096,0.016845703125,0.983154296875,False
external_iscas85_c499,c499,dc2,new_n415,new_n420,1,rejected,0.9935546875,1.0,0.98828125,sampled,ok,41,4096,0.01513671875,0.98486328125,False
external_iscas85_c499,c499,rewrite,new_n380,new_n373,1,rejected,0.9935546875,1.0,0.98828125,sampled,ok,41,4096,0.00927734375,0.99072265625,False
external_iscas85_c499,c499,rewrite,new_n424,new_n420,1,rejected,0.9935546875,1.0,0.98828125,sampled,ok,41,4096,0.011474609375,0.988525390625,False
external_iscas85_c499,c499,rewrite,new_n442,new_n439,1,rejected,0.9935546875,1.0,0.98828125,sampled,ok,41,4096,0.011474609375,0.988525390625,False
external_iscas85_c499,c499,rewrite,new_n446,new_n439,1,rejected,0.9935546875,1.0,0.98828125,sampled,ok,41,4096,0.012939453125,0.987060546875,False
external_iscas85_c499,c499,rewrite,new_n464,new_n457,1,rejected,0.9935546875,1.0,0.98828125,sampled,ok,41,4096,0.01171875,0.98828125,False
external_iscas85_c499,c499,rewrite_z,new_n339,new_n334,1,rejected,0.9935546875,1.0,0.98828125,sampled,ok,41,4096,0.013427734375,0.986572265625,False
external_iscas85_c499,c499,rewrite_z,new_n422,new_n420,1,rejected,0.9935546875,1.0,0.98828125,sampled,ok,41,4096,0.014404296875,0.985595703125,False
external_iscas85_c1355,c1355,balance,new_n411,new_n410,1,rejected,0.99342041015625,1.0,0.988037109375,sampled,ok,41,4096,0.01318359375,0.98681640625,False
external_iscas85_c1355,c1355,balance,new_n439,new_n434,1,rejected,0.99342041015625,1.0,0.988037109375,sampled,ok,41,4096,0.01416015625,0.98583984375,False
external_iscas85_c1355,c1355,balance,new_n503,new_n490,1,rejected,0.99342041015625,1.0,0.988037109375,sampled,ok,41,4096,0.01123046875,0.98876953125,False
external_iscas85_c1355,c1355,balance,new_n532,new_n535,1,rejected,0.99342041015625,1.0,0.988037109375,sampled,ok,41,4096,0.01025390625,0.98974609375,False
external_iscas85_c1355,c1355,refactor,new_n376,new_n410,1,rejected,0.99342041015625,1.0,0.988037109375,sampled,ok,41,4096,0.0146484375,0.9853515625,False
external_iscas85_c1355,c1355,refactor_z,new_n366,new_n410,1,rejected,0.99342041015625,1.0,0.988037109375,sampled,ok,41,4096,0.01123046875,0.98876953125,False
external_iscas85_c1355,c1355,refactor_z,new_n465,new_n535,1,rejected,0.99342041015625,1.0,0.988037109375,sampled,ok,41,4096,0.00830078125,0.99169921875,False
external_iscas85_c499,c499,balance,new_n335,new_n334,1,rejected,0.99342041015625,1.0,0.988037109375,sampled,ok,41,4096,0.01220703125,0.98779296875,False
external_iscas85_c499,c499,balance,new_n358,new_n354,1,rejected,0.99342041015625,1.0,0.988037109375,sampled,ok,41,4096,0.01123046875,0.98876953125,False
external_iscas85_c499,c499,balance,new_n412,new_n402,1,rejected,0.99342041015625,1.0,0.988037109375,sampled,ok,41,4096,0.01318359375,0.98681640625,False
external_iscas85_c499,c499,balance,new_n436,new_n439,1,rejected,0.99342041015625,1.0,0.988037109375,sampled,ok,41,4096,0.008544921875,0.991455078125,False
external_iscas85_c499,c499,rewrite,new_n333,new_n334,1,rejected,0.99342041015625,1.0,0.988037109375,sampled,ok,41,4096,0.008544921875,0.991455078125,False
external_iscas85_c499,c499,rewrite,new_n357,new_n354,1,rejected,0.99342041015625,1.0,0.988037109375,sampled,ok,41,4096,0.01123046875,0.98876953125,False
external_iscas85_c499,c499,rewrite,new_n410,new_n402,1,rejected,0.99342041015625,1.0,0.988037109375,sampled,ok,41,4096,0.0087890625,0.9912109375,False
external_iscas85_c499,c499,rewrite,new_n434,new_n439,1,rejected,0.99342041015625,1.0,0.988037109375,sampled,ok,41,4096,0.012451171875,0.987548828125,False
external_iscas85_c1355,c1355,balance,new_n434,new_n434,1,rejected,0.9932861328125,1.0,0.98779296875,sampled,ok,41,4096,0.0126953125,0.9873046875,False
external_iscas85_c1355,c1355,balance,new_n457,new_n457,1,rejected,0.9932861328125,1.0,0.98779296875,sampled,ok,41,4096,0.00927734375,0.99072265625,False
external_iscas85_c1355,c1355,balance,new_n537,new_n535,1,rejected,0.9932861328125,1.0,0.98779296875,sampled,ok,41,4096,0.01171875,0.98828125,False
external_iscas85_c1355,c1355,refactor,new_n471,new_n512,1,rejected,0.9932861328125,1.0,0.98779296875,sampled,ok,41,4096,0.011474609375,0.988525390625,False
external_iscas85_c1355,c1355,refactor_z,new_n403,new_n457,1,rejected,0.9932861328125,1.0,0.98779296875,sampled,ok,41,4096,0.01318359375,0.98681640625,False
external_iscas85_c1355,c1355,refactor_z,new_n469,new_n535,1,rejected,0.9932861328125,1.0,0.98779296875,sampled,ok,41,4096,0.01220703125,0.98779296875,False
external_iscas85_c499,c499,balance,new_n354,new_n354,1,rejected,0.9932861328125,1.0,0.98779296875,sampled,ok,41,4096,0.01220703125,0.98779296875,False
external_iscas85_c499,c499,balance,new_n373,new_n373,1,rejected,0.9932861328125,1.0,0.98779296875,sampled,ok,41,4096,0.010498046875,0.989501953125,False
external_iscas85_c499,c499,balance,new_n440,new_n439,1,rejected,0.9932861328125,1.0,0.98779296875,sampled,ok,41,4096,0.01416015625,0.98583984375,False
external_iscas85_c499,c499,dc2,new_n411,new_n420,1,rejected,0.9932861328125,1.0,0.98779296875,sampled,ok,41,4096,0.01220703125,0.98779296875,False
external_iscas85_c499,c499,dc2,new_n423,new_n420,1,rejected,0.9932861328125,1.0,0.98779296875,sampled,ok,41,4096,0.0185546875,0.9814453125,False
external_iscas85_c499,c499,rewrite,new_n353,new_n354,1,rejected,0.9932861328125,1.0,0.98779296875,sampled,ok,41,4096,0.014892578125,0.985107421875,False
external_iscas85_c499,c499,rewrite,new_n372,new_n373,1,rejected,0.9932861328125,1.0,0.98779296875,sampled,ok,41,4096,0.011474609375,0.988525390625,False
external_iscas85_c499,c499,rewrite,new_n438,new_n439,1,rejected,0.9932861328125,1.0,0.98779296875,sampled,ok,41,4096,0.01318359375,0.98681640625,False
external_iscas85_c499,c499,rewrite_z,new_n343,new_n334,1,rejected,0.9932861328125,1.0,0.98779296875,sampled,ok,41,4096,0.01416015625,0.98583984375,False
external_iscas85_c499,c499,rewrite_z,new_n418,new_n420,1,rejected,0.9932861328125,1.0,0.98779296875,sampled,ok,41,4096,0.011962890625,0.988037109375,False
external_iscas85_c499,c499,rewrite_z,new_n430,new_n420,1,rejected,0.9932861328125,1.0,0.98779296875,sampled,ok,41,4096,0.014404296875,0.985595703125,False
external_iscas85_c499,c499,dc2,new_n419,new_n420,1,rejected,0.99315185546875,1.0,0.987548828125,sampled,ok,41,4096,0.0107421875,0.9892578125,False
external_iscas85_c499,c499,rewrite_z,new_n426,new_n420,1,rejected,0.99315185546875,1.0,0.987548828125,sampled,ok,41,4096,0.012451171875,0.987548828125,False
external_iscas85_c1355,c1355,balance,new_n388,new_n387,1,rejected,0.993017578125,1.0,0.9873046875,sampled,ok,41,4096,0.0107421875,0.9892578125,False
external_iscas85_c1355,c1355,refactor,new_n386,new_n410,1,rejected,0.993017578125,1.0,0.9873046875,sampled,ok,41,4096,0.013427734375,0.986572265625,False
external_iscas85_c1355,c1355,refactor,new_n503,new_n535,1,rejected,0.993017578125,1.0,0.9873046875,sampled,ok,41,4096,0.01513671875,0.98486328125,False
external_iscas85_c499,c499,balance,new_n316,new_n315,1,rejected,0.993017578125,1.0,0.9873046875,sampled,ok,41,4096,0.010498046875,0.989501953125,False
external_iscas85_c499,c499,rewrite,new_n314,new_n315,1,rejected,0.993017578125,1.0,0.9873046875,sampled,ok,41,4096,0.012451171875,0.987548828125,False
external_iscas85_c7552,c7552,rewrite_z,new_n1519,new_n1720,1,rejected,0.9929443359375,0.9821428571428572,0.99853515625,sampled,ok,56,4096,0.00048828125,0.99951171875,False
external_iscas85_c1355,c1355,balance,new_n403,new_n387,1,rejected,0.99288330078125,1.0,0.987060546875,sampled,ok,41,4096,0.009033203125,0.990966796875,False
external_iscas85_c1355,c1355,balance,new_n472,new_n457,1,rejected,0.99288330078125,1.0,0.987060546875,sampled,ok,41,4096,0.013671875,0.986328125,False
external_iscas85_c1355,c1355,balance,new_n488,new_n490,1,rejected,0.99288330078125,1.0,0.987060546875,sampled,ok,41,4096,0.010986328125,0.989013671875,False
external_iscas85_c1355,c1355,balance,new_n493,new_n490,1,rejected,0.99288330078125,1.0,0.987060546875,sampled,ok,41,4096,0.009033203125,0.990966796875,False
external_iscas85_c1355,c1355,refactor,new_n381,new_n410,1,rejected,0.99288330078125,1.0,0.987060546875,sampled,ok,41,4096,0.01806640625,0.98193359375,False
external_iscas85_c1355,c1355,refactor,new_n405,new_n434,1,rejected,0.99288330078125,1.0,0.987060546875,sampled,ok,41,4096,0.017333984375,0.982666015625,False
external_iscas85_c1355,c1355,refactor_z,new_n415,new_n457,1,rejected,0.99288330078125,1.0,0.987060546875,sampled,ok,41,4096,0.011962890625,0.988037109375,False
external_iscas85_c499,c499,balance,new_n328,new_n315,1,rejected,0.99288330078125,1.0,0.987060546875,sampled,ok,41,4096,0.012451171875,0.987548828125,False
external_iscas85_c499,c499,balance,new_n385,new_n373,1,rejected,0.99288330078125,1.0,0.987060546875,sampled,ok,41,4096,0.010986328125,0.989013671875,False
external_iscas85_c499,c499,balance,new_n400,new_n402,1,rejected,0.99288330078125,1.0,0.987060546875,sampled,ok,41,4096,0.0107421875,0.9892578125,False
external_iscas85_c499,c499,balance,new_n404,new_n402,1,rejected,0.99288330078125,1.0,0.987060546875,sampled,ok,41,4096,0.011474609375,0.988525390625,False
external_iscas85_c499,c499,rewrite,new_n326,new_n315,1,rejected,0.99288330078125,1.0,0.987060546875,sampled,ok,41,4096,0.009033203125,0.990966796875,False
external_iscas85_c499,c499,rewrite,new_n384,new_n373,1,rejected,0.99288330078125,1.0,0.987060546875,sampled,ok,41,4096,0.012939453125,0.987060546875,False
external_iscas85_c499,c499,rewrite,new_n398,new_n402,1,rejected,0.99288330078125,1.0,0.987060546875,sampled,ok,41,4096,0.009521484375,0.990478515625,False
external_iscas85_c499,c499,rewrite,new_n402,new_n402,1,rejected,0.99288330078125,1.0,0.987060546875,sampled,ok,41,4096,0.01171875,0.98828125,False
external_iscas85_c499,c499,rewrite_z,new_n335,new_n334,1,rejected,0.99288330078125,1.0,0.987060546875,sampled,ok,41,4096,0.01806640625,0.98193359375,False
external_iscas85_c499,c499,rewrite_z,new_n377,new_n373,1,rejected,0.99288330078125,1.0,0.987060546875,sampled,ok,41,4096,0.0126953125,0.9873046875,False
external_iscas85_c1355,c1355,balance,new_n398,new_n387,1,rejected,0.9927490234375,1.0,0.98681640625,sampled,ok,41,4096,0.013671875,0.986328125,False
external_iscas85_c1355,c1355,balance,new_n554,new_n557,1,rejected,0.9927490234375,1.0,0.98681640625,sampled,ok,41,4096,0.009765625,0.990234375,False
external_iscas85_c1355,c1355,balance,new_n564,new_n557,1,rejected,0.9927490234375,1.0,0.98681640625,sampled,ok,41,4096,0.010498046875,0.989501953125,False
external_iscas85_c1355,c1355,refactor,new_n371,new_n410,1,rejected,0.9927490234375,1.0,0.98681640625,sampled,ok,41,4096,0.011962890625,0.988037109375,False
external_iscas85_c1355,c1355,refactor,new_n410,new_n434,1,rejected,0.9927490234375,1.0,0.98681640625,sampled,ok,41,4096,0.0166015625,0.9833984375,False
external_iscas85_c1355,c1355,refactor,new_n481,new_n512,1,rejected,0.9927490234375,1.0,0.98681640625,sampled,ok,41,4096,0.010498046875,0.989501953125,False
external_iscas85_c1355,c1355,refactor_z,new_n395,new_n434,1,rejected,0.9927490234375,1.0,0.98681640625,sampled,ok,41,4096,0.013427734375,0.986572265625,False
external_iscas85_c499,c499,balance,new_n324,new_n315,1,rejected,0.9927490234375,1.0,0.98681640625,sampled,ok,41,4096,0.011962890625,0.988037109375,False
external_iscas85_c499,c499,balance,new_n454,new_n457,1,rejected,0.9927490234375,1.0,0.98681640625,sampled,ok,41,4096,0.010009765625,0.989990234375,False
external_iscas85_c499,c499,balance,new_n462,new_n457,1,rejected,0.9927490234375,1.0,0.98681640625,sampled,ok,41,4096,0.011962890625,0.988037109375,False
external_iscas85_c499,c499,rewrite,new_n322,new_n315,1,rejected,0.9927490234375,1.0,0.98681640625,sampled,ok,41,4096,0.0087890625,0.9912109375,False
external_iscas85_c499,c499,rewrite,new_n452,new_n457,1,rejected,0.9927490234375,1.0,0.98681640625,sampled,ok,41,4096,0.011474609375,0.988525390625,False
external_iscas85_c499,c499,rewrite,new_n460,new_n457,1,rejected,0.9927490234375,1.0,0.98681640625,sampled,ok,41,4096,0.01318359375,0.98681640625,False
external_iscas85_c499,c499,rewrite_z,new_n362,new_n354,1,rejected,0.9927490234375,1.0,0.98681640625,sampled,ok,41,4096,0.0146484375,0.9853515625,False
external_iscas85_c1355,c1355,refactor,new_n395,new_n434,1,rejected,0.99261474609375,1.0,0.986572265625,sampled,ok,41,4096,0.015625,0.984375,False
external_iscas85_c1355,c1355,refactor,new_n508,new_n535,1,rejected,0.99261474609375,1.0,0.986572265625,sampled,ok,41,4096,0.013427734375,0.986572265625,False
external_iscas85_c1355,c1355,refactor_z,new_n391,new_n434,1,rejected,0.99261474609375,1.0,0.986572265625,sampled,ok,41,4096,0.013671875,0.986328125,False
external_iscas85_c1355,c1355,refactor_z,new_n399,new_n434,1,rejected,0.99261474609375,1.0,0.986572265625,sampled,ok,41,4096,0.012451171875,0.987548828125,False
external_iscas85_c499,c499,dc2,new_n429,new_n439,1,rejected,0.99261474609375,1.0,0.986572265625,sampled,ok,41,4096,0.011474609375,0.988525390625,False
external_iscas85_c499,c499,rewrite_z,new_n358,new_n354,1,rejected,0.99261474609375,1.0,0.986572265625,sampled,ok,41,4096,0.01416015625,0.98583984375,False
external_iscas85_c499,c499,rewrite_z,new_n366,new_n354,1,rejected,0.99261474609375,1.0,0.986572265625,sampled,ok,41,4096,0.009765625,0.990234375,False
external_iscas85_c499,c499,rewrite_z,new_n373,new_n373,1,rejected,0.99261474609375,1.0,0.986572265625,sampled,ok,41,4096,0.015625,0.984375,False
external_iscas85_c499,c499,rewrite_z,new_n436,new_n439,1,rejected,0.99261474609375,1.0,0.986572265625,sampled,ok,41,4096,0.0146484375,0.9853515625,False
external_iscas85_c1355,c1355,refactor,new_n530,new_n557,1,rejected,0.99248046875,1.0,0.986328125,sampled,ok,41,4096,0.013427734375,0.986572265625,False
external_iscas85_c1355,c1355,balance,new_n559,new_n557,1,rejected,0.99234619140625,1.0,0.986083984375,sampled,ok,41,4096,0.01318359375,0.98681640625,False
external_iscas85_c1355,c1355,refactor,new_n400,new_n434,1,rejected,0.99234619140625,1.0,0.986083984375,sampled,ok,41,4096,0.017578125,0.982421875,False
external_iscas85_c1355,c1355,refactor,new_n428,new_n457,1,rejected,0.99234619140625,1.0,0.986083984375,sampled,ok,41,4096,0.015869140625,0.984130859375,False
external_iscas85_c1355,c1355,refactor,new_n464,new_n490,1,rejected,0.99234619140625,1.0,0.986083984375,sampled,ok,41,4096,0.011962890625,0.988037109375,False
external_iscas85_c499,c499,balance,new_n458,new_n457,1,rejected,0.99234619140625,1.0,0.986083984375,sampled,ok,41,4096,0.012451171875,0.987548828125,False
external_iscas85_c499,c499,dc2,new_n433,new_n439,1,rejected,0.99234619140625,1.0,0.986083984375,sampled,ok,41,4096,0.015625,0.984375,False
external_iscas85_c499,c499,rewrite,new_n456,new_n457,1,rejected,0.99234619140625,1.0,0.986083984375,sampled,ok,41,4096,0.010986328125,0.989013671875,False
external_iscas85_c499,c499,rewrite_z,new_n381,new_n373,1,rejected,0.99234619140625,1.0,0.986083984375,sampled,ok,41,4096,0.01953125,0.98046875,False
external_iscas85_c499,c499,rewrite_z,new_n440,new_n439,1,rejected,0.99234619140625,1.0,0.986083984375,sampled,ok,41,4096,0.0146484375,0.9853515625,False
external_iscas85_c1355,c1355,balance,new_n498,new_n490,1,rejected,0.9922119140625,1.0,0.98583984375,sampled,ok,41,4096,0.011962890625,0.988037109375,False
external_iscas85_c1355,c1355,refactor,new_n498,new_n535,1,rejected,0.9922119140625,1.0,0.98583984375,sampled,ok,41,4096,0.012939453125,0.987060546875,False
external_iscas85_c1355,c1355,refactor_z,new_n387,new_n434,1,rejected,0.9922119140625,1.0,0.98583984375,sampled,ok,41,4096,0.009765625,0.990234375,False
external_iscas85_c3540,c3540,refactor,new_n577,new_n634,1,rejected,0.9922119140625,1.0,0.98583984375,sampled,ok,32,4096,0.011962890625,0.988037109375,False
external_iscas85_c3540,c3540,refactor_z,new_n528,new_n634,1,rejected,0.9922119140625,1.0,0.98583984375,sampled,ok,32,4096,0.0126953125,0.9873046875,False
external_iscas85_c499,c499,balance,new_n408,new_n402,1,rejected,0.9922119140625,1.0,0.98583984375,sampled,ok,41,4096,0.011962890625,0.988037109375,False
external_iscas85_c499,c499,dc2,new_n441,new_n439,1,rejected,0.9922119140625,1.0,0.98583984375,sampled,ok,41,4096,0.015625,0.984375,False
external_iscas85_c499,c499,rewrite,new_n406,new_n402,1,rejected,0.9922119140625,1.0,0.98583984375,sampled,ok,41,4096,0.0107421875,0.9892578125,False
external_iscas85_c499,c499,rewrite_z,new_n354,new_n354,1,rejected,0.9922119140625,1.0,0.98583984375,sampled,ok,41,4096,0.014404296875,0.985595703125,False
external_iscas85_c499,c499,rewrite_z,new_n385,new_n373,1,rejected,0.9922119140625,1.0,0.98583984375,sampled,ok,41,4096,0.013916015625,0.986083984375,False
external_iscas85_c499,c499,rewrite_z,new_n448,new_n439,1,rejected,0.9922119140625,1.0,0.98583984375,sampled,ok,41,4096,0.010498046875,0.989501953125,False
external_iscas85_c1355,c1355,refactor,new_n449,new_n490,1,rejected,0.99207763671875,1.0,0.985595703125,sampled,ok,41,4096,0.011962890625,0.988037109375,False
external_iscas85_c1355,c1355,refactor,new_n493,new_n535,1,rejected,0.99207763671875,1.0,0.985595703125,sampled,ok,41,4096,0.013671875,0.986328125,False
external_iscas85_c1355,c1355,balance,new_n393,new_n387,1,rejected,0.991943359375,1.0,0.9853515625,sampled,ok,41,4096,0.009765625,0.990234375,False
external_iscas85_c1355,c1355,refactor,new_n423,new_n457,1,rejected,0.991943359375,1.0,0.9853515625,sampled,ok,41,4096,0.012451171875,0.987548828125,False
external_iscas85_c499,c499,balance,new_n320,new_n315,1,rejected,0.991943359375,1.0,0.9853515625,sampled,ok,41,4096,0.01025390625,0.98974609375,False
external_iscas85_c499,c499,rewrite,new_n318,new_n315,1,rejected,0.991943359375,1.0,0.9853515625,sampled,ok,41,4096,0.011474609375,0.988525390625,False
external_iscas85_c1355,c1355,refactor,new_n348,new_n387,1,rejected,0.99180908203125,1.0,0.985107421875,sampled,ok,41,4096,0.018310546875,0.981689453125,False
external_iscas85_c1355,c1355,refactor,new_n418,new_n457,1,rejected,0.99180908203125,1.0,0.985107421875,sampled,ok,41,4096,0.0146484375,0.9853515625,False
external_iscas85_c1355,c1355,refactor,new_n433,new_n457,1,rejected,0.99180908203125,1.0,0.985107421875,sampled,ok,41,4096,0.01318359375,0.98681640625,False
external_iscas85_c1355,c1355,refactor,new_n454,new_n490,1,rejected,0.99180908203125,1.0,0.985107421875,sampled,ok,41,4096,0.0087890625,0.9912109375,False
external_iscas85_c499,c499,dc2,new_n437,new_n420,1,rejected,0.99180908203125,1.0,0.985107421875,sampled,ok,41,4096,0.0166015625,0.9833984375,False
external_iscas85_c499,c499,rewrite_z,new_n444,new_n420,1,rejected,0.99180908203125,1.0,0.985107421875,sampled,ok,41,4096,0.017822265625,0.982177734375,False
external_iscas85_c1355,c1355,refactor,new_n358,new_n387,1,rejected,0.9916748046875,1.0,0.98486328125,sampled,ok,41,4096,0.014892578125,0.985107421875,False
external_iscas85_c1355,c1355,refactor,new_n459,new_n512,1,rejected,0.9916748046875,1.0,0.98486328125,sampled,ok,41,4096,0.013671875,0.986328125,False
external_iscas85_c1355,c1355,refactor,new_n525,new_n557,1,rejected,0.9916748046875,1.0,0.98486328125,sampled,ok,41,4096,0.015869140625,0.984130859375,False
external_iscas85_c1355,c1355,refactor_z,new_n353,new_n512,1,rejected,0.9916748046875,1.0,0.98486328125,sampled,ok,41,4096,0.015869140625,0.984130859375,False
external_iscas85_c1355,c1355,refactor_z,new_n361,new_n387,1,rejected,0.9916748046875,1.0,0.98486328125,sampled,ok,41,4096,0.011962890625,0.988037109375,False
external_iscas85_c1355,c1355,refactor_z,new_n485,new_n557,1,rejected,0.9916748046875,1.0,0.98486328125,sampled,ok,41,4096,0.014404296875,0.985595703125,False
external_iscas85_c499,c499,dc2,new_n446,new_n457,1,rejected,0.9916748046875,1.0,0.98486328125,sampled,ok,41,4096,0.013671875,0.986328125,False
external_iscas85_c499,c499,rewrite_z,new_n320,new_n420,1,rejected,0.9916748046875,1.0,0.98486328125,sampled,ok,41,4096,0.01708984375,0.98291015625,False
external_iscas85_c499,c499,rewrite_z,new_n328,new_n315,1,rejected,0.9916748046875,1.0,0.98486328125,sampled,ok,41,4096,0.0146484375,0.9853515625,False
external_iscas85_c499,c499,rewrite_z,new_n454,new_n457,1,rejected,0.9916748046875,1.0,0.98486328125,sampled,ok,41,4096,0.013916015625,0.986083984375,False
external_iscas85_c1355,c1355,refactor,new_n515,new_n557,1,rejected,0.99154052734375,1.0,0.984619140625,sampled,ok,41,4096,0.013427734375,0.986572265625,False
external_iscas85_c1355,c1355,refactor,new_n520,new_n557,1,rejected,0.99154052734375,1.0,0.984619140625,sampled,ok,41,4096,0.012451171875,0.987548828125,False
external_iscas85_c1355,c1355,refactor_z,new_n431,new_n512,1,rejected,0.99154052734375,1.0,0.984619140625,sampled,ok,41,4096,0.02099609375,0.97900390625,False
external_iscas85_c1355,c1355,refactor_z,new_n435,new_n490,1,rejected,0.99154052734375,1.0,0.984619140625,sampled,ok,41,4096,0.013671875,0.986328125,False
external_iscas85_c1355,c1355,refactor_z,new_n439,new_n490,1,rejected,0.99154052734375,1.0,0.984619140625,sampled,ok,41,4096,0.011474609375,0.988525390625,False
external_iscas85_c1355,c1355,refactor_z,new_n443,new_n490,1,rejected,0.99154052734375,1.0,0.984619140625,sampled,ok,41,4096,0.0146484375,0.9853515625,False
external_iscas85_c1355,c1355,refactor_z,new_n489,new_n512,1,rejected,0.99154052734375,1.0,0.984619140625,sampled,ok,41,4096,0.01806640625,0.98193359375,False
external_iscas85_c1355,c1355,refactor_z,new_n493,new_n557,1,rejected,0.99154052734375,1.0,0.984619140625,sampled,ok,41,4096,0.014404296875,0.985595703125,False
external_iscas85_c1355,c1355,refactor_z,new_n497,new_n557,1,rejected,0.99154052734375,1.0,0.984619140625,sampled,ok,41,4096,0.01025390625,0.98974609375,False
external_iscas85_c499,c499,dc2,new_n394,new_n420,1,rejected,0.99154052734375,1.0,0.984619140625,sampled,ok,41,4096,0.017578125,0.982421875,False
external_iscas85_c499,c499,dc2,new_n398,new_n402,1,rejected,0.99154052734375,1.0,0.984619140625,sampled,ok,41,4096,0.012939453125,0.987060546875,False
external_iscas85_c499,c499,dc2,new_n402,new_n402,1,rejected,0.99154052734375,1.0,0.984619140625,sampled,ok,41,4096,0.015869140625,0.984130859375,False
external_iscas85_c499,c499,dc2,new_n406,new_n402,1,rejected,0.99154052734375,1.0,0.984619140625,sampled,ok,41,4096,0.016845703125,0.983154296875,False
external_iscas85_c499,c499,dc2,new_n450,new_n420,1,rejected,0.99154052734375,1.0,0.984619140625,sampled,ok,41,4096,0.02197265625,0.97802734375,False
external_iscas85_c499,c499,dc2,new_n454,new_n457,1,rejected,0.99154052734375,1.0,0.984619140625,sampled,ok,41,4096,0.01220703125,0.98779296875,False
external_iscas85_c499,c499,dc2,new_n458,new_n457,1,rejected,0.99154052734375,1.0,0.984619140625,sampled,ok,41,4096,0.0166015625,0.9833984375,False
external_iscas85_c499,c499,rewrite_z,new_n400,new_n420,1,rejected,0.99154052734375,1.0,0.984619140625,sampled,ok,41,4096,0.016357421875,0.983642578125,False
external_iscas85_c499,c499,rewrite_z,new_n404,new_n402,1,rejected,0.99154052734375,1.0,0.984619140625,sampled,ok,41,4096,0.013916015625,0.986083984375,False
external_iscas85_c499,c499,rewrite_z,new_n408,new_n402,1,rejected,0.99154052734375,1.0,0.984619140625,sampled,ok,41,4096,0.01611328125,0.98388671875,False
external_iscas85_c499,c499,rewrite_z,new_n412,new_n402,1,rejected,0.99154052734375,1.0,0.984619140625,sampled,ok,41,4096,0.014404296875,0.985595703125,False
external_iscas85_c499,c499,rewrite_z,new_n458,new_n420,1,rejected,0.99154052734375,1.0,0.984619140625,sampled,ok,41,4096,0.017333984375,0.982666015625,False
external_iscas85_c499,c499,rewrite_z,new_n462,new_n457,1,rejected,0.99154052734375,1.0,0.984619140625,sampled,ok,41,4096,0.01220703125,0.98779296875,False
external_iscas85_c499,c499,rewrite_z,new_n466,new_n457,1,rejected,0.99154052734375,1.0,0.984619140625,sampled,ok,41,4096,0.01318359375,0.98681640625,False
external_iscas85_c1355,c1355,refactor,new_n363,new_n387,1,rejected,0.99140625,1.0,0.984375,sampled,ok,41,4096,0.014404296875,0.985595703125,False
external_iscas85_c1355,c1355,refactor_z,new_n349,new_n387,1,rejected,0.99140625,1.0,0.984375,sampled,ok,41,4096,0.012939453125,0.987060546875,False
external_iscas85_c499,c499,rewrite_z,new_n316,new_n315,1,rejected,0.99140625,1.0,0.984375,sampled,ok,41,4096,0.0146484375,0.9853515625,False
external_iscas85_c1355,c1355,refactor,new_n353,new_n387,1,rejected,0.99127197265625,1.0,0.984130859375,sampled,ok,41,4096,0.01416015625,0.98583984375,False
external_iscas85_c1355,c1355,refactor_z,new_n357,new_n387,1,rejected,0.99127197265625,1.0,0.984130859375,sampled,ok,41,4096,0.01513671875,0.98486328125,False
external_iscas85_c499,c499,rewrite_z,new_n324,new_n315,1,rejected,0.99127197265625,1.0,0.984130859375,sampled,ok,41,4096,0.013916015625,0.986083984375,False
external_iscas85_c3540,c3540,rewrite_z,new_n507,new_n622,1,rejected,0.99100341796875,1.0,0.983642578125,sampled,ok,21,4096,0.01416015625,0.98583984375,False
external_iscas85_c3540,c3540,rewrite_z,new_n576,new_n640,1,rejected,0.99073486328125,1.0,0.983154296875,sampled,ok,21,4096,0.013427734375,0.986572265625,False
external_iscas85_c3540,c3540,rewrite_z,new_n886,new_n995,1,rejected,0.989794921875,1.0,0.9814453125,sampled,ok,38,4096,0.0185546875,0.9814453125,False
external_iscas85_c1908,c1908,compress2rs,new_n306,new_n280,1,rejected,0.9887225526751894,0.9696969696969696,0.998779296875,sampled,ok,33,4096,0.002197265625,0.997802734375,False
external_iscas85_c7552,c7552,rewrite_z,new_n1628,new_n1888,1,rejected,0.988720703125,1.0,0.9794921875,sampled,ok,93,4096,0.019775390625,0.980224609375,False
external_iscas85_c1908,c1908,dc2,new_n300,new_n271,1,rejected,0.988525390625,0.96875,0.9990234375,sampled,ok,32,4096,0.00146484375,0.99853515625,False
external_iscas85_c1908,c1908,refactor,new_n321,new_n271,1,rejected,0.988525390625,0.96875,0.9990234375,sampled,ok,32,4096,0.00244140625,0.99755859375,False
external_iscas85_c1908,c1908,resub,new_n287,new_n309,1,rejected,0.98818359375,1.0,0.978515625,sampled,ok,30,4096,0.019287109375,0.980712890625,False
external_iscas85_c1908,c1908,compress2rs,new_n298,new_n280,1,rejected,0.9880511659564394,0.9696969696969696,0.99755859375,sampled,ok,33,4096,0.003173828125,0.996826171875,False
external_iscas85_c1908,c1908,compress2rs,new_n330,new_n274,1,rejected,0.9880511659564394,0.9696969696969696,0.99755859375,sampled,ok,33,4096,0.001953125,0.998046875,False
external_iscas85_c1908,c1908,compress2rs,new_n359,new_n274,1,rejected,0.9877826112689394,0.9696969696969696,0.9970703125,sampled,ok,33,4096,0.003662109375,0.996337890625,False
external_iscas85_c1908,c1908,compress2rs,new_n312,new_n280,1,rejected,0.9876483339251894,0.9696969696969696,0.996826171875,sampled,ok,33,4096,0.0029296875,0.9970703125,False
external_iscas85_c7552,c7552,resyn,new_n656,new_n655,1,rejected,0.987646484375,1.0,0.9775390625,sampled,ok,13,4096,0.023193359375,0.976806640625,False
external_iscas85_c7552,c7552,rewrite,new_n1079,new_n1126,1,rejected,0.987646484375,1.0,0.9775390625,sampled,ok,15,4096,0.027587890625,0.972412109375,False
external_iscas85_c1908,c1908,compress2rs,new_n324,new_n280,1,rejected,0.9875140565814394,0.9696969696969696,0.99658203125,sampled,ok,33,4096,0.004150390625,0.995849609375,False
external_iscas85_c2670,c2670,rewrite_z,new_n700,new_n833,1,rejected,0.98751220703125,1.0,0.977294921875,sampled,ok,27,4096,0.029541015625,0.970458984375,False
external_iscas85_c1908,c1908,balance,new_n314,new_n315,1,rejected,0.9873669039818548,0.967741935483871,0.99755859375,sampled,ok,31,4096,0.00146484375,0.99853515625,False
external_iscas85_c1908,c1908,compress2rs,new_n318,new_n260,1,rejected,0.9872455018939392,0.9696969696969696,0.99609375,sampled,ok,33,4096,0.005615234375,0.994384765625,False
external_iscas85_c7552,c7552,refactor,new_n1572,new_n1885,1,rejected,0.987109375,1.0,0.9765625,sampled,ok,94,4096,0.022705078125,0.977294921875,False
external_iscas85_c7552,c7552,refactor,new_n1642,new_n1885,1,rejected,0.987109375,1.0,0.9765625,sampled,ok,94,4096,0.020263671875,0.979736328125,False
external_iscas85_c7552,c7552,refactor_z,new_n1557,new_n1885,1,rejected,0.987109375,1.0,0.9765625,sampled,ok,94,4096,0.024658203125,0.975341796875,False
external_iscas85_c7552,c7552,refactor_z,new_n1629,new_n1885,1,rejected,0.987109375,1.0,0.9765625,sampled,ok,94,4096,0.023681640625,0.976318359375,False
external_iscas85_c7552,c7552,rewrite_z,new_n1539,new_n1885,1,rejected,0.987109375,1.0,0.9765625,sampled,ok,94,4096,0.019775390625,0.980224609375,False
external_iscas85_c1908,c1908,balance,new_n316,new_n315,1,rejected,0.9870983492943548,0.967741935483871,0.9970703125,sampled,ok,31,4096,0.002685546875,0.997314453125,False
external_iscas85_c7552,c7552,rewrite,new_n734,new_n1110,1,rejected,0.98670654296875,1.0,0.975830078125,sampled,ok,15,4096,0.02197265625,0.97802734375,False
external_iscas85_c1908,c1908,balance,new_n315,new_n315,1,rejected,0.9866955172631048,0.967741935483871,0.996337890625,sampled,ok,31,4096,0.00146484375,0.99853515625,False
external_iscas85_c7552,c7552,refactor_z,new_n1598,new_n1787,1,rejected,0.9866743607954546,0.9772727272727272,0.990234375,sampled,ok,88,4096,0.008544921875,0.991455078125,False
external_iscas85_c7552,c7552,refactor_z,new_n1057,new_n569,1,rejected,0.9865882610452588,0.9655172413793104,0.99755859375,sampled,ok,29,4096,0.001708984375,0.998291015625,False
external_iscas85_c7552,c7552,rewrite,new_n619,new_n569,1,rejected,0.9865882610452588,0.9655172413793104,0.99755859375,sampled,ok,29,4096,0.001953125,0.998046875,False
external_iscas85_c1908,c1908,refactor,new_n340,new_n375,1,rejected,0.9865741151751892,0.9696969696969696,0.994873046875,sampled,ok,33,4096,0.007080078125,0.992919921875,False
external_iscas85_c1908,c1908,refactor_z,new_n332,new_n375,1,rejected,0.9865741151751892,0.9696969696969696,0.994873046875,sampled,ok,33,4096,0.00634765625,0.99365234375,False
external_iscas85_c1908,c1908,rewrite,new_n333,new_n375,1,rejected,0.9865741151751892,0.9696969696969696,0.994873046875,sampled,ok,33,4096,0.006591796875,0.993408203125,False
external_iscas85_c7552,c7552,rewrite,new_n1085,new_n1715,1,rejected,0.9865612399193548,0.967741935483871,0.99609375,sampled,ok,124,4096,0.00341796875,0.99658203125,False
external_iscas85_c1908,c1908,resyn2,new_n307,new_n315,1,rejected,0.9864269625756048,0.967741935483871,0.995849609375,sampled,ok,31,4096,0.005126953125,0.994873046875,False
external_iscas85_c1908,c1908,resyn2_like,new_n307,new_n315,1,rejected,0.9864269625756048,0.967741935483871,0.995849609375,sampled,ok,31,4096,0.004638671875,0.995361328125,False
external_iscas85_c3540,c3540,rewrite_z,new_n668,new_n747,1,rejected,0.98603515625,1.0,0.974609375,sampled,ok,30,4096,0.028564453125,0.971435546875,False
external_iscas85_c5315,c5315,rewrite_z,new_n1192,new_n1391,1,rejected,0.98603515625,1.0,0.974609375,sampled,ok,42,4096,0.025634765625,0.974365234375,False
external_iscas85_c1908,c1908,dc2,new_n334,new_n375,1,rejected,0.9856341737689394,0.9696969696969696,0.9931640625,sampled,ok,33,4096,0.00732421875,0.99267578125,False
external_iscas85_c1908,c1908,refactor,new_n352,new_n375,1,rejected,0.9856341737689394,0.9696969696969696,0.9931640625,sampled,ok,33,4096,0.00634765625,0.99365234375,False
external_iscas85_c1908,c1908,refactor_z,new_n344,new_n375,1,rejected,0.9856341737689394,0.9696969696969696,0.9931640625,sampled,ok,33,4096,0.010498046875,0.989501953125,False
external_iscas85_c1908,c1908,rewrite,new_n345,new_n375,1,rejected,0.9856341737689394,0.9696969696969696,0.9931640625,sampled,ok,33,4096,0.005126953125,0.994873046875,False
external_iscas85_c1908,c1908,dc2,new_n328,new_n375,1,rejected,0.9854998964251894,0.9696969696969696,0.992919921875,sampled,ok,33,4096,0.006591796875,0.993408203125,False
external_iscas85_c1908,c1908,refactor,new_n346,new_n375,1,rejected,0.9854998964251894,0.9696969696969696,0.992919921875,sampled,ok,33,4096,0.007568359375,0.992431640625,False
external_iscas85_c1908,c1908,refactor_z,new_n338,new_n375,1,rejected,0.9854998964251894,0.9696969696969696,0.992919921875,sampled,ok,33,4096,0.007080078125,0.992919921875,False
external_iscas85_c1908,c1908,rewrite,new_n339,new_n375,1,rejected,0.9854998964251894,0.9696969696969696,0.992919921875,sampled,ok,33,4096,0.006591796875,0.993408203125,False
external_iscas85_c1908,c1908,dc2,new_n330,new_n378,1,rejected,0.9853656190814394,0.9696969696969696,0.99267578125,sampled,ok,33,4096,0.010009765625,0.989990234375,False
external_iscas85_c1908,c1908,dc2,new_n335,new_n378,1,rejected,0.9853656190814394,0.9696969696969696,0.99267578125,sampled,ok,33,4096,0.006103515625,0.993896484375,False
external_iscas85_c1908,c1908,dc2,new_n301,new_n311,1,rejected,0.9853527438256048,0.967741935483871,0.993896484375,sampled,ok,31,4096,0.006591796875,0.993408203125,False
external_iscas85_c432,c432,rewrite_z,new_n209,new_n234,1,rejected,0.9852294921875,1.0,0.97314453125,sampled,ok,36,4096,0.026611328125,0.973388671875,False
external_iscas85_c7552,c7552,refactor,new_n1679,new_n570,1,rejected,0.9852294921875,1.0,0.97314453125,sampled,ok,29,4096,0.030517578125,0.969482421875,False
external_iscas85_c7552,c7552,refactor_z,new_n1659,new_n570,1,rejected,0.9852294921875,1.0,0.97314453125,sampled,ok,29,4096,0.030517578125,0.969482421875,False
external_iscas85_c7552,c7552,refactor_z,new_n1945,new_n570,1,rejected,0.9852294921875,1.0,0.97314453125,sampled,ok,29,4096,0.029052734375,0.970947265625,False
external_iscas85_c7552,c7552,rewrite,new_n1577,new_n570,1,rejected,0.9852294921875,1.0,0.97314453125,sampled,ok,29,4096,0.02734375,0.97265625,False
external_iscas85_c7552,c7552,rewrite_z,new_n1623,new_n570,1,rejected,0.9852294921875,1.0,0.97314453125,sampled,ok,29,4096,0.030029296875,0.969970703125,False
external_iscas85_c1908,c1908,dc2,new_n362,new_n375,1,rejected,0.9850970643939394,0.9696969696969696,0.9921875,sampled,ok,33,4096,0.00830078125,0.99169921875,False
external_iscas85_c1908,c1908,rewrite_z,new_n370,new_n375,1,rejected,0.9850970643939394,0.9696969696969696,0.9921875,sampled,ok,33,4096,0.00634765625,0.99365234375,False
external_iscas85_c1908,c1908,dc2,new_n318,new_n375,1,rejected,0.9849627870501894,0.9696969696969696,0.991943359375,sampled,ok,33,4096,0.007080078125,0.992919921875,False
external_iscas85_c1908,c1908,refactor,new_n334,new_n375,1,rejected,0.9849627870501894,0.9696969696969696,0.991943359375,sampled,ok,33,4096,0.0078125,0.9921875,False
external_iscas85_c1908,c1908,refactor,new_n383,new_n375,1,rejected,0.9849627870501894,0.9696969696969696,0.991943359375,sampled,ok,33,4096,0.00830078125,0.99169921875,False
external_iscas85_c1908,c1908,refactor_z,new_n326,new_n375,1,rejected,0.9849627870501894,0.9696969696969696,0.991943359375,sampled,ok,33,4096,0.00732421875,0.99267578125,False
external_iscas85_c1908,c1908,refactor_z,new_n375,new_n375,1,rejected,0.9849627870501894,0.9696969696969696,0.991943359375,sampled,ok,33,4096,0.00927734375,0.99072265625,False
external_iscas85_c1908,c1908,rewrite,new_n327,new_n375,1,rejected,0.9849627870501894,0.9696969696969696,0.991943359375,sampled,ok,33,4096,0.012939453125,0.987060546875,False
external_iscas85_c1908,c1908,rewrite_z,new_n325,new_n375,1,rejected,0.9849627870501894,0.9696969696969696,0.991943359375,sampled,ok,33,4096,0.009521484375,0.990478515625,False
external_iscas85_c1908,c1908,rewrite_z,new_n300,new_n306,1,rejected,0.9849609375,1.0,0.97265625,sampled,ok,27,4096,0.024169921875,0.975830078125,False
external_iscas85_c7552,c7552,rewrite,new_n1496,new_n1021,1,rejected,0.9849609375,1.0,0.97265625,sampled,ok,37,4096,0.03271484375,0.96728515625,False
external_iscas85_c1908,c1908,dc2,new_n311,new_n375,1,rejected,0.9842914003314394,0.9696969696969696,0.99072265625,sampled,ok,33,4096,0.009765625,0.990234375,False
external_iscas85_c1908,c1908,dc2,new_n323,new_n375,1,rejected,0.9842914003314394,0.9696969696969696,0.99072265625,sampled,ok,33,4096,0.010009765625,0.989990234375,False
external_iscas85_c1908,c1908,refactor,new_n328,new_n375,1,rejected,0.9842914003314394,0.9696969696969696,0.99072265625,sampled,ok,33,4096,0.0087890625,0.9912109375,False
external_iscas85_c1908,c1908,refactor_z,new_n320,new_n375,1,rejected,0.9842914003314394,0.9696969696969696,0.99072265625,sampled,ok,33,4096,0.007568359375,0.992431640625,False
external_iscas85_c1908,c1908,rewrite,new_n321,new_n375,1,rejected,0.9842914003314394,0.9696969696969696,0.99072265625,sampled,ok,33,4096,0.007568359375,0.992431640625,False
external_iscas85_c1908,c1908,rewrite,new_n376,new_n375,1,rejected,0.9842914003314394,0.9696969696969696,0.99072265625,sampled,ok,33,4096,0.01025390625,0.98974609375,False
external_iscas85_c1908,c1908,rewrite_z,new_n320,new_n375,1,rejected,0.9842914003314394,0.9696969696969696,0.99072265625,sampled,ok,33,4096,0.010009765625,0.989990234375,False
external_iscas85_c1908,c1908,rewrite_z,new_n330,new_n375,1,rejected,0.9842914003314394,0.9696969696969696,0.99072265625,sampled,ok,33,4096,0.01171875,0.98828125,False
external_iscas85_c1908,c1908,rewrite_z,new_n335,new_n375,1,rejected,0.9842914003314394,0.9696969696969696,0.99072265625,sampled,ok,33,4096,0.0107421875,0.9892578125,False
external_iscas85_c1908,c1908,rewrite_z,new_n340,new_n375,1,rejected,0.9842914003314394,0.9696969696969696,0.99072265625,sampled,ok,33,4096,0.009765625,0.990234375,False
external_iscas85_c1908,c1908,refactor,new_n323,new_n375,1,rejected,0.9841571229876894,0.9696969696969696,0.990478515625,sampled,ok,33,4096,0.006591796875,0.993408203125,False
external_iscas85_c1908,c1908,rewrite,new_n316,new_n375,1,rejected,0.9841571229876894,0.9696969696969696,0.990478515625,sampled,ok,33,4096,0.009765625,0.990234375,False
external_iscas85_c5315,c5315,rewrite_z,new_n952,new_n1119,1,rejected,0.98402099609375,1.0,0.970947265625,sampled,ok,15,4096,0.029052734375,0.970947265625,False
external_iscas85_c7552,c7552,balance,new_n2026,new_n703,1,rejected,0.98348388671875,1.0,0.969970703125,sampled,ok,17,4096,0.029052734375,0.970947265625,False
external_iscas85_c7552,c7552,refactor,new_n1839,new_n703,1,rejected,0.98348388671875,1.0,0.969970703125,sampled,ok,17,4096,0.0380859375,0.9619140625,False
external_iscas85_c7552,c7552,refactor_z,new_n1814,new_n703,1,rejected,0.98348388671875,1.0,0.969970703125,sampled,ok,17,4096,0.03173828125,0.96826171875,False
external_iscas85_c7552,c7552,resub,new_n1898,new_n703,1,rejected,0.98348388671875,1.0,0.969970703125,sampled,ok,17,4096,0.031005859375,0.968994140625,False
external_iscas85_c7552,c7552,rewrite,new_n1649,new_n703,1,rejected,0.98348388671875,1.0,0.969970703125,sampled,ok,17,4096,0.02783203125,0.97216796875,False
external_iscas85_c7552,c7552,rewrite_z,new_n655,new_n644,1,rejected,0.983349609375,1.0,0.9697265625,sampled,ok,28,4096,0.028076171875,0.971923828125,False
external_iscas85_c3540,c3540,refactor,new_n918,new_n997,1,rejected,0.9828125,1.0,0.96875,sampled,ok,38,4096,0.0283203125,0.9716796875,False
external_iscas85_c3540,c3540,refactor_z,new_n873,new_n997,1,rejected,0.9828125,1.0,0.96875,sampled,ok,38,4096,0.033447265625,0.966552734375,False
external_iscas85_c7552,c7552,resub,new_n1670,new_n1787,1,rejected,0.982697088068182,0.9659090909090908,0.990234375,sampled,ok,88,4096,0.01171875,0.98828125,False
external_iscas85_c7552,c7552,resyn2,new_n615,new_n655,1,rejected,0.982275390625,1.0,0.9677734375,sampled,ok,13,4096,0.036376953125,0.963623046875,False
external_iscas85_c7552,c7552,resyn2_like,new_n615,new_n655,1,rejected,0.982275390625,1.0,0.9677734375,sampled,ok,13,4096,0.033447265625,0.966552734375,False
external_iscas85_c7552,c7552,dc2,new_n390,new_n2147,1,rejected,0.9820068359375,1.0,0.96728515625,sampled,ok,13,4096,0.02978515625,0.97021484375,False
external_iscas85_c7552,c7552,refactor,new_n1931,new_n1747,1,rejected,0.9820068359375,1.0,0.96728515625,sampled,ok,90,4096,0.03271484375,0.96728515625,False
external_iscas85_c7552,c7552,refactor,new_n1932,new_n1748,1,rejected,0.9820068359375,1.0,0.96728515625,sampled,ok,90,4096,0.0302734375,0.9697265625,False
external_iscas85_c7552,c7552,refactor_z,new_n1906,new_n1747,1,rejected,0.9820068359375,1.0,0.96728515625,sampled,ok,90,4096,0.033203125,0.966796875,False
external_iscas85_c7552,c7552,refactor_z,new_n1907,new_n1748,1,rejected,0.9820068359375,1.0,0.96728515625,sampled,ok,90,4096,0.029296875,0.970703125,False
external_iscas85_c7552,c7552,resub,new_n1985,new_n669,1,rejected,0.9820068359375,1.0,0.96728515625,sampled,ok,13,4096,0.02978515625,0.97021484375,False
external_iscas85_c3540,c3540,dc2,new_n714,new_n734,1,rejected,0.98133544921875,1.0,0.966064453125,sampled,ok,21,4096,0.032470703125,0.967529296875,False
external_iscas85_c432,c432,rewrite_z,new_n217,new_n246,1,rejected,0.98133544921875,1.0,0.966064453125,sampled,ok,36,4096,0.02783203125,0.97216796875,False
external_iscas85_c1908,c1908,rewrite,new_n313,new_n319,1,rejected,0.9805187594506048,0.967741935483871,0.985107421875,sampled,ok,31,4096,0.012451171875,0.987548828125,False
external_iscas85_c7552,c7552,compress2rs,new_n1394,new_n1058,1,rejected,0.9804096943623312,0.945945945945946,0.998779296875,sampled,ok,37,4096,0.00146484375,0.99853515625,False
external_iscas85_c7552,c7552,resyn2,new_n1395,new_n1057,1,rejected,0.9804096943623312,0.945945945945946,0.998779296875,sampled,ok,37,4096,0.00146484375,0.99853515625,False
external_iscas85_c7552,c7552,resyn2,new_n1396,new_n1058,1,rejected,0.9804096943623312,0.945945945945946,0.998779296875,sampled,ok,37,4096,0.001220703125,0.998779296875,False
external_iscas85_c7552,c7552,resyn2_like,new_n1395,new_n1057,1,rejected,0.9804096943623312,0.945945945945946,0.998779296875,sampled,ok,37,4096,0.001953125,0.998046875,False
external_iscas85_c7552,c7552,resyn2_like,new_n1396,new_n1058,1,rejected,0.9804096943623312,0.945945945945946,0.998779296875,sampled,ok,37,4096,0.000732421875,0.999267578125,False
external_iscas85_c7552,c7552,rewrite_z,new_n1047,new_n1737,1,rejected,0.9804096943623312,0.945945945945946,0.998779296875,sampled,ok,37,4096,0.00146484375,0.99853515625,False
external_iscas85_c1908,c1908,dc2,new_n260,new_n306,1,rejected,0.9802490234375,0.9642857142857144,0.98681640625,sampled,ok,28,4096,0.0126953125,0.9873046875,False
external_iscas85_c1908,c1908,resyn,new_n234,new_n306,1,rejected,0.9802490234375,0.9642857142857144,0.98681640625,sampled,ok,28,4096,0.0107421875,0.9892578125,False
external_iscas85_c7552,c7552,resub,new_n985,new_n1020,1,rejected,0.9798725849873312,0.945945945945946,0.997802734375,sampled,ok,37,4096,0.001953125,0.998046875,False
external_iscas85_c3540,c3540,balance,new_n762,new_n748,1,rejected,0.97972412109375,1.0,0.963134765625,sampled,ok,30,4096,0.04150390625,0.95849609375,False
external_iscas85_c3540,c3540,refactor,new_n913,new_n652,1,rejected,0.9783016807154604,0.9736842105263158,0.977294921875,sampled,ok,38,4096,0.023681640625,0.976318359375,False
external_iscas85_c3540,c3540,refactor_z,new_n868,new_n652,1,rejected,0.9783016807154604,0.9736842105263158,0.977294921875,sampled,ok,38,4096,0.01904296875,0.98095703125,False
external_iscas85_c3540,c3540,refactor,new_n591,new_n650,1,rejected,0.9782470703125,1.0,0.96044921875,sampled,ok,37,4096,0.03857421875,0.96142578125,False
external_iscas85_c3540,c3540,rewrite,new_n579,new_n650,1,rejected,0.9782470703125,1.0,0.96044921875,sampled,ok,37,4096,0.036865234375,0.963134765625,False
external_iscas85_c1908,c1908,dc2,new_n279,new_n306,1,rejected,0.97811279296875,1.0,0.960205078125,sampled,ok,27,4096,0.03564453125,0.96435546875,False
external_iscas85_c3540,c3540,dc2,new_n406,new_n499,1,rejected,0.977978515625,1.0,0.9599609375,sampled,ok,29,4096,0.039306640625,0.960693359375,False
external_iscas85_c3540,c3540,refactor,new_n434,new_n499,1,rejected,0.977978515625,1.0,0.9599609375,sampled,ok,29,4096,0.04248046875,0.95751953125,False
external_iscas85_c3540,c3540,refactor_z,new_n422,new_n499,1,rejected,0.977978515625,1.0,0.9599609375,sampled,ok,29,4096,0.0390625,0.9609375,False
external_iscas85_c3540,c3540,rewrite,new_n431,new_n499,1,rejected,0.977978515625,1.0,0.9599609375,sampled,ok,29,4096,0.0419921875,0.9580078125,False
external_iscas85_c1908,c1908,balance,new_n325,new_n339,1,rejected,0.9778479373816288,0.9393939393939394,0.998291015625,sampled,ok,33,4096,0.0029296875,0.9970703125,False
external_iscas85_c3540,c3540,refactor_z,new_n635,new_n502,1,rejected,0.97784423828125,1.0,0.959716796875,sampled,ok,30,4096,0.05078125,0.94921875,False
external_iscas85_c3540,c3540,rewrite_z,new_n666,new_n502,1,rejected,0.9771728515625,1.0,0.95849609375,sampled,ok,30,4096,0.04541015625,0.95458984375,False
external_iscas85_c7552,c7552,resub,new_n1669,new_n1786,1,rejected,0.9770485101744186,0.9651162790697676,0.98046875,sampled,ok,86,4096,0.022216796875,0.977783203125,False
external_iscas85_c3540,c3540,balance,new_n499,new_n499,1,rejected,0.9767854817708334,0.9666666666666668,0.97900390625,sampled,ok,30,4096,0.024169921875,0.975830078125,False
external_iscas85_c1908,c1908,resyn2,new_n287,new_n315,1,rejected,0.97664794921875,0.9375,0.997314453125,sampled,ok,32,4096,0.001708984375,0.998291015625,False
external_iscas85_c1908,c1908,resyn2_like,new_n287,new_n315,1,rejected,0.97664794921875,0.9375,0.997314453125,sampled,ok,32,4096,0.0029296875,0.9970703125,False
external_iscas85_c1908,c1908,balance,new_n289,new_n315,1,rejected,0.976513671875,0.9375,0.9970703125,sampled,ok,32,4096,0.0029296875,0.9970703125,False
external_iscas85_c1908,c1908,compress2rs,new_n282,new_n315,1,rejected,0.976513671875,0.9375,0.9970703125,sampled,ok,32,4096,0.003173828125,0.996826171875,False
external_iscas85_c1908,c1908,resyn,new_n288,new_n315,1,rejected,0.976513671875,0.9375,0.9970703125,sampled,ok,32,4096,0.002197265625,0.997802734375,False
external_iscas85_c1908,c1908,resyn2,new_n293,new_n315,1,rejected,0.976513671875,0.9375,0.9970703125,sampled,ok,32,4096,0.00341796875,0.99658203125,False
external_iscas85_c1908,c1908,resyn2_like,new_n293,new_n315,1,rejected,0.976513671875,0.9375,0.9970703125,sampled,ok,32,4096,0.00244140625,0.99755859375,False
external_iscas85_c1908,c1908,rewrite_z,new_n286,new_n315,1,rejected,0.976513671875,0.9375,0.9970703125,sampled,ok,32,4096,0.001953125,0.998046875,False
external_iscas85_c880,c880,rewrite_z,new_n330,new_n385,1,rejected,0.97650146484375,1.0,0.957275390625,sampled,ok,21,4096,0.043212890625,0.956787109375,False
external_iscas85_c1908,c1908,resyn,new_n294,new_n315,1,rejected,0.97637939453125,0.9375,0.996826171875,sampled,ok,32,4096,0.00048828125,0.99951171875,False
external_iscas85_c1908,c1908,resyn2,new_n296,new_n315,1,rejected,0.97637939453125,0.9375,0.996826171875,sampled,ok,32,4096,0.002685546875,0.997314453125,False
external_iscas85_c1908,c1908,resyn2_like,new_n296,new_n315,1,rejected,0.97637939453125,0.9375,0.996826171875,sampled,ok,32,4096,0.002685546875,0.997314453125,False
external_iscas85_c1908,c1908,compress2rs,new_n280,new_n315,1,rejected,0.9762451171875,0.9375,0.99658203125,sampled,ok,32,4096,0.00341796875,0.99658203125,False
external_iscas85_c1908,c1908,resyn,new_n291,new_n315,1,rejected,0.9762451171875,0.9375,0.99658203125,sampled,ok,32,4096,0.003662109375,0.996337890625,False
external_iscas85_c1908,c1908,resyn2,new_n280,new_n315,1,rejected,0.9762451171875,0.9375,0.99658203125,sampled,ok,32,4096,0.005615234375,0.994384765625,False
external_iscas85_c1908,c1908,resyn2,new_n290,new_n315,1,rejected,0.9762451171875,0.9375,0.99658203125,sampled,ok,32,4096,0.00244140625,0.99755859375,False
external_iscas85_c1908,c1908,resyn2_like,new_n280,new_n315,1,rejected,0.9762451171875,0.9375,0.99658203125,sampled,ok,32,4096,0.003662109375,0.996337890625,False
external_iscas85_c1908,c1908,resyn2_like,new_n290,new_n315,1,rejected,0.9762451171875,0.9375,0.99658203125,sampled,ok,32,4096,0.004150390625,0.995849609375,False
external_iscas85_c1908,c1908,compress2rs,new_n267,new_n315,1,rejected,0.97611083984375,0.9375,0.996337890625,sampled,ok,32,4096,0.002197265625,0.997802734375,False
external_iscas85_c1908,c1908,compress2rs,new_n273,new_n315,1,rejected,0.97611083984375,0.9375,0.996337890625,sampled,ok,32,4096,0.001708984375,0.998291015625,False
external_iscas85_c1908,c1908,compress2rs,new_n276,new_n315,1,rejected,0.97611083984375,0.9375,0.996337890625,sampled,ok,32,4096,0.004150390625,0.995849609375,False
external_iscas85_c1908,c1908,resyn,new_n285,new_n315,1,rejected,0.97611083984375,0.9375,0.996337890625,sampled,ok,32,4096,0.0029296875,0.9970703125,False
external_iscas85_c1908,c1908,resyn2,new_n267,new_n315,1,rejected,0.97611083984375,0.9375,0.996337890625,sampled,ok,32,4096,0.0029296875,0.9970703125,False
external_iscas85_c1908,c1908,resyn2,new_n273,new_n315,1,rejected,0.97611083984375,0.9375,0.996337890625,sampled,ok,32,4096,0.003173828125,0.996826171875,False
external_iscas85_c1908,c1908,resyn2,new_n276,new_n315,1,rejected,0.97611083984375,0.9375,0.996337890625,sampled,ok,32,4096,0.004150390625,0.995849609375,False
external_iscas85_c1908,c1908,resyn2_like,new_n267,new_n315,1,rejected,0.97611083984375,0.9375,0.996337890625,sampled,ok,32,4096,0.0048828125,0.9951171875,False
external_iscas85_c1908,c1908,resyn2_like,new_n273,new_n315,1,rejected,0.97611083984375,0.9375,0.996337890625,sampled,ok,32,4096,0.00341796875,0.99658203125,False
external_iscas85_c1908,c1908,resyn2_like,new_n276,new_n315,1,rejected,0.97611083984375,0.9375,0.996337890625,sampled,ok,32,4096,0.004150390625,0.995849609375,False
external_iscas85_c3540,c3540,refactor_z,new_n585,new_n935,1,rejected,0.9760986328125,1.0,0.95654296875,sampled,ok,38,4096,0.043701171875,0.956298828125,False
external_iscas85_c3540,c3540,rewrite_z,new_n793,new_n924,1,rejected,0.9760986328125,1.0,0.95654296875,sampled,ok,36,4096,0.04443359375,0.95556640625,False
external_iscas85_c7552,c7552,refactor_z,new_n1599,new_n1803,1,rejected,0.9760664506392046,0.9772727272727272,0.970947265625,sampled,ok,88,4096,0.0361328125,0.9638671875,False
external_iscas85_c7552,c7552,balance,new_n1771,new_n1747,1,rejected,0.9759849717881944,0.9555555555555556,0.984619140625,sampled,ok,90,4096,0.021728515625,0.978271484375,False
external_iscas85_c1908,c1908,balance,new_n269,new_n315,1,rejected,0.9759765625,0.9375,0.99609375,sampled,ok,32,4096,0.002685546875,0.997314453125,False
external_iscas85_c1908,c1908,balance,new_n282,new_n315,1,rejected,0.9759765625,0.9375,0.99609375,sampled,ok,32,4096,0.0048828125,0.9951171875,False
external_iscas85_c1908,c1908,compress2rs,new_n270,new_n315,1,rejected,0.9759765625,0.9375,0.99609375,sampled,ok,32,4096,0.00341796875,0.99658203125,False
external_iscas85_c1908,c1908,dc2,new_n262,new_n315,1,rejected,0.9759765625,0.9375,0.99609375,sampled,ok,32,4096,0.00390625,0.99609375,False
external_iscas85_c1908,c1908,dc2,new_n275,new_n315,1,rejected,0.9759765625,0.9375,0.99609375,sampled,ok,32,4096,0.005859375,0.994140625,False
external_iscas85_c1908,c1908,resyn,new_n264,new_n315,1,rejected,0.9759765625,0.9375,0.99609375,sampled,ok,32,4096,0.003173828125,0.996826171875,False
external_iscas85_c1908,c1908,resyn,new_n277,new_n315,1,rejected,0.9759765625,0.9375,0.99609375,sampled,ok,32,4096,0.004150390625,0.995849609375,False
external_iscas85_c1908,c1908,resyn2,new_n270,new_n315,1,rejected,0.9759765625,0.9375,0.99609375,sampled,ok,32,4096,0.00244140625,0.99755859375,False
external_iscas85_c1908,c1908,resyn2_like,new_n270,new_n315,1,rejected,0.9759765625,0.9375,0.99609375,sampled,ok,32,4096,0.0048828125,0.9951171875,False
external_iscas85_c1908,c1908,rewrite_z,new_n266,new_n315,1,rejected,0.9759765625,0.9375,0.99609375,sampled,ok,32,4096,0.00439453125,0.99560546875,False
external_iscas85_c1908,c1908,rewrite_z,new_n279,new_n315,1,rejected,0.9759765625,0.9375,0.99609375,sampled,ok,32,4096,0.00146484375,0.99853515625,False
external_iscas85_c7552,c7552,rewrite_z,new_n757,new_n1119,1,rejected,0.97596435546875,1.0,0.956298828125,sampled,ok,15,4096,0.044677734375,0.955322265625,False
external_iscas85_c7552,c7552,rewrite_z,new_n758,new_n1120,1,rejected,0.97596435546875,1.0,0.956298828125,sampled,ok,17,4096,0.04833984375,0.95166015625,False
external_iscas85_c7552,c7552,resyn,new_n1471,new_n1021,1,rejected,0.9755014780405404,0.972972972972973,0.97265625,sampled,ok,37,4096,0.03369140625,0.96630859375,False
external_iscas85_c3540,c3540,rewrite,new_n681,new_n504,1,rejected,0.97542724609375,1.0,0.955322265625,sampled,ok,30,4096,0.04150390625,0.95849609375,False
external_iscas85_c3540,c3540,dc2,new_n610,new_n499,1,rejected,0.9746370442708332,0.9666666666666668,0.97509765625,sampled,ok,30,4096,0.025390625,0.974609375,False
external_iscas85_c1908,c1908,compress2rs,new_n244,new_n315,1,rejected,0.9746337890625,0.9375,0.99365234375,sampled,ok,32,4096,0.006591796875,0.993408203125,False
external_iscas85_c1908,c1908,resyn2,new_n244,new_n315,1,rejected,0.9746337890625,0.9375,0.99365234375,sampled,ok,32,4096,0.005859375,0.994140625,False
external_iscas85_c1908,c1908,resyn2_like,new_n244,new_n315,1,rejected,0.9746337890625,0.9375,0.99365234375,sampled,ok,32,4096,0.00732421875,0.99267578125,False
external_iscas85_c7552,c7552,resub,new_n557,new_n569,1,rejected,0.9745192955280172,0.9310344827586208,0.99755859375,sampled,ok,29,4096,0.0009765625,0.9990234375,False
external_iscas85_c7552,c7552,dc2,new_n1609,new_n2162,1,rejected,0.9744873046875,1.0,0.95361328125,sampled,ok,17,4096,0.062744140625,0.937255859375,False
external_iscas85_c3540,c3540,rewrite_z,new_n667,new_n746,1,rejected,0.9743684895833334,0.9666666666666668,0.974609375,sampled,ok,30,4096,0.029052734375,0.970947265625,False
external_iscas85_c1908,c1908,compress2rs,new_n238,new_n315,1,rejected,0.97423095703125,0.9375,0.992919921875,sampled,ok,32,4096,0.01123046875,0.98876953125,False
external_iscas85_c1908,c1908,resyn2,new_n238,new_n315,1,rejected,0.97423095703125,0.9375,0.992919921875,sampled,ok,32,4096,0.006591796875,0.993408203125,False
external_iscas85_c1908,c1908,resyn2_like,new_n238,new_n315,1,rejected,0.97423095703125,0.9375,0.992919921875,sampled,ok,32,4096,0.0068359375,0.9931640625,False
external_iscas85_c1908,c1908,compress2rs,new_n247,new_n315,1,rejected,0.9740966796875,0.9375,0.99267578125,sampled,ok,32,4096,0.00390625,0.99609375,False
external_iscas85_c1908,c1908,resyn2,new_n247,new_n315,1,rejected,0.9740966796875,0.9375,0.99267578125,sampled,ok,32,4096,0.006591796875,0.993408203125,False
external_iscas85_c1908,c1908,resyn2_like,new_n247,new_n315,1,rejected,0.9740966796875,0.9375,0.99267578125,sampled,ok,32,4096,0.006103515625,0.993896484375,False
external_iscas85_c3540,c3540,compress2rs,new_n703,new_n471,1,rejected,0.97408447265625,1.0,0.952880859375,sampled,ok,21,4096,0.050537109375,0.949462890625,False
external_iscas85_c3540,c3540,compress2rs,new_n825,new_n993,1,rejected,0.97408447265625,1.0,0.952880859375,sampled,ok,38,4096,0.043701171875,0.956298828125,False
external_iscas85_c3540,c3540,dc2,new_n660,new_n471,1,rejected,0.97408447265625,1.0,0.952880859375,sampled,ok,21,4096,0.054931640625,0.945068359375,False
external_iscas85_c3540,c3540,refactor,new_n743,new_n471,1,rejected,0.97408447265625,1.0,0.952880859375,sampled,ok,21,4096,0.04736328125,0.95263671875,False
external_iscas85_c3540,c3540,refactor_z,new_n705,new_n471,1,rejected,0.97408447265625,1.0,0.952880859375,sampled,ok,21,4096,0.0498046875,0.9501953125,False
external_iscas85_c3540,c3540,resyn2,new_n716,new_n471,1,rejected,0.97408447265625,1.0,0.952880859375,sampled,ok,21,4096,0.046630859375,0.953369140625,False
external_iscas85_c3540,c3540,resyn2,new_n841,new_n993,1,rejected,0.97408447265625,1.0,0.952880859375,sampled,ok,38,4096,0.04052734375,0.95947265625,False
external_iscas85_c3540,c3540,resyn2_like,new_n716,new_n471,1,rejected,0.97408447265625,1.0,0.952880859375,sampled,ok,21,4096,0.048583984375,0.951416015625,False
external_iscas85_c3540,c3540,resyn2_like,new_n841,new_n993,1,rejected,0.97408447265625,1.0,0.952880859375,sampled,ok,38,4096,0.040771484375,0.959228515625,False
external_iscas85_c3540,c3540,rewrite,new_n729,new_n471,1,rejected,0.97408447265625,1.0,0.952880859375,sampled,ok,21,4096,0.0478515625,0.9521484375,False
external_iscas85_c1908,c1908,rewrite,new_n311,new_n314,1,rejected,0.9739811197916668,0.9333333333333332,0.9951171875,sampled,ok,30,4096,0.0048828125,0.9951171875,False
external_iscas85_c1908,c1908,compress2rs,new_n254,new_n315,1,rejected,0.97396240234375,0.9375,0.992431640625,sampled,ok,32,4096,0.008544921875,0.991455078125,False
external_iscas85_c1908,c1908,resyn,new_n351,new_n311,1,rejected,0.97396240234375,0.9375,0.992431640625,sampled,ok,32,4096,0.009033203125,0.990966796875,False
external_iscas85_c1908,c1908,resyn2,new_n254,new_n315,1,rejected,0.97396240234375,0.9375,0.992431640625,sampled,ok,32,4096,0.00927734375,0.99072265625,False
external_iscas85_c1908,c1908,resyn2_like,new_n254,new_n315,1,rejected,0.97396240234375,0.9375,0.992431640625,sampled,ok,32,4096,0.00927734375,0.99072265625,False
external_iscas85_c7552,c7552,balance,new_n1800,new_n1807,1,rejected,0.9739501953125,1.0,0.95263671875,sampled,ok,84,4096,0.0537109375,0.9462890625,False
external_iscas85_c1908,c1908,compress2rs,new_n257,new_n315,1,rejected,0.973828125,0.9375,0.9921875,sampled,ok,32,4096,0.00634765625,0.99365234375,False
external_iscas85_c1908,c1908,resyn2,new_n257,new_n315,1,rejected,0.973828125,0.9375,0.9921875,sampled,ok,32,4096,0.008056640625,0.991943359375,False
external_iscas85_c1908,c1908,resyn2_like,new_n257,new_n315,1,rejected,0.973828125,0.9375,0.9921875,sampled,ok,32,4096,0.006591796875,0.993408203125,False
external_iscas85_c1908,c1908,compress2rs,new_n260,new_n315,1,rejected,0.97369384765625,0.9375,0.991943359375,sampled,ok,32,4096,0.0068359375,0.9931640625,False
external_iscas85_c1908,c1908,resyn2,new_n260,new_n315,1,rejected,0.97369384765625,0.9375,0.991943359375,sampled,ok,32,4096,0.00634765625,0.99365234375,False
external_iscas85_c1908,c1908,resyn2_like,new_n260,new_n315,1,rejected,0.97369384765625,0.9375,0.991943359375,sampled,ok,32,4096,0.0068359375,0.9931640625,False
external_iscas85_c1908,c1908,compress2rs,new_n241,new_n315,1,rejected,0.9735595703125,0.9375,0.99169921875,sampled,ok,32,4096,0.009521484375,0.990478515625,False
external_iscas85_c1908,c1908,resyn2,new_n241,new_n315,1,rejected,0.9735595703125,0.9375,0.99169921875,sampled,ok,32,4096,0.007080078125,0.992919921875,False
external_iscas85_c1908,c1908,resyn2_like,new_n241,new_n315,1,rejected,0.9735595703125,0.9375,0.99169921875,sampled,ok,32,4096,0.007080078125,0.992919921875,False
external_iscas85_c7552,c7552,resub,new_n1681,new_n1810,1,rejected,0.9735572992369186,0.9651162790697676,0.97412109375,sampled,ok,86,4096,0.033935546875,0.966064453125,False
external_iscas85_c3540,c3540,balance,new_n861,new_n734,1,rejected,0.97354736328125,1.0,0.951904296875,sampled,ok,21,4096,0.04931640625,0.95068359375,False
external_iscas85_c3540,c3540,refactor,new_n788,new_n734,1,rejected,0.97354736328125,1.0,0.951904296875,sampled,ok,21,4096,0.0478515625,0.9521484375,False
external_iscas85_c3540,c3540,refactor_z,new_n757,new_n734,1,rejected,0.97354736328125,1.0,0.951904296875,sampled,ok,21,4096,0.047119140625,0.952880859375,False
external_iscas85_c3540,c3540,rewrite,new_n774,new_n734,1,rejected,0.97354736328125,1.0,0.951904296875,sampled,ok,21,4096,0.052001953125,0.947998046875,False
external_iscas85_c3540,c3540,rewrite_z,new_n741,new_n734,1,rejected,0.97354736328125,1.0,0.951904296875,sampled,ok,21,4096,0.04541015625,0.95458984375,False
external_iscas85_c7552,c7552,balance,new_n1794,new_n1814,1,rejected,0.9735392252604166,0.9761904761904762,0.967041015625,sampled,ok,84,4096,0.03271484375,0.96728515625,False
external_iscas85_c7552,c7552,rewrite,new_n1537,new_n1810,1,rejected,0.9735392252604166,0.9761904761904762,0.967041015625,sampled,ok,84,4096,0.032958984375,0.967041015625,False
external_iscas85_c2670,c2670,rewrite_z,new_n706,new_n826,1,rejected,0.97327880859375,1.0,0.951416015625,sampled,ok,17,4096,0.0537109375,0.9462890625,False
external_iscas85_c3540,c3540,rewrite_z,new_n678,new_n762,1,rejected,0.97327880859375,1.0,0.951416015625,sampled,ok,28,4096,0.0458984375,0.9541015625,False
external_iscas85_c7552,c7552,refactor_z,new_n1671,new_n1888,1,rejected,0.9729123379321808,0.9893617021276596,0.95751953125,sampled,ok,94,4096,0.047607421875,0.952392578125,False
external_iscas85_c7552,c7552,refactor_z,new_n1674,new_n1885,1,rejected,0.9729123379321808,0.9893617021276596,0.95751953125,sampled,ok,94,4096,0.04541015625,0.95458984375,False
external_iscas85_c3540,c3540,resyn2,new_n669,new_n747,1,rejected,0.972607421875,1.0,0.9501953125,sampled,ok,30,4096,0.04638671875,0.95361328125,False
external_iscas85_c3540,c3540,resyn2_like,new_n669,new_n747,1,rejected,0.972607421875,1.0,0.9501953125,sampled,ok,30,4096,0.054931640625,0.945068359375,False
external_iscas85_c1908,c1908,balance,new_n239,new_n315,1,rejected,0.972216796875,0.9375,0.9892578125,sampled,ok,32,4096,0.01220703125,0.98779296875,False
external_iscas85_c1908,c1908,dc2,new_n233,new_n315,1,rejected,0.972216796875,0.9375,0.9892578125,sampled,ok,32,4096,0.01171875,0.98828125,False
external_iscas85_c1908,c1908,refactor_z,new_n237,new_n315,1,rejected,0.972216796875,0.9375,0.9892578125,sampled,ok,32,4096,0.01220703125,0.98779296875,False
external_iscas85_c1908,c1908,resyn,new_n236,new_n315,1,rejected,0.972216796875,0.9375,0.9892578125,sampled,ok,32,4096,0.009765625,0.990234375,False
external_iscas85_c1908,c1908,rewrite_z,new_n236,new_n315,1,rejected,0.972216796875,0.9375,0.9892578125,sampled,ok,32,4096,0.010009765625,0.989990234375,False
external_iscas85_c7552,c7552,resub,new_n1675,new_n1803,1,rejected,0.972089177911932,0.9659090909090908,0.970947265625,sampled,ok,88,4096,0.034912109375,0.965087890625,False
external_iscas85_c3540,c3540,compress2rs,new_n435,new_n478,1,rejected,0.9720703125,1.0,0.94921875,sampled,ok,21,4096,0.04931640625,0.95068359375,False
external_iscas85_c3540,c3540,refactor,new_n500,new_n478,1,rejected,0.9720703125,1.0,0.94921875,sampled,ok,21,4096,0.052001953125,0.947998046875,False
external_iscas85_c3540,c3540,refactor_z,new_n442,new_n478,1,rejected,0.9720703125,1.0,0.94921875,sampled,ok,21,4096,0.04541015625,0.95458984375,False
external_iscas85_c3540,c3540,resyn2,new_n483,new_n478,1,rejected,0.9720703125,1.0,0.94921875,sampled,ok,21,4096,0.047119140625,0.952880859375,False
external_iscas85_c3540,c3540,resyn2_like,new_n483,new_n478,1,rejected,0.9720703125,1.0,0.94921875,sampled,ok,21,4096,0.04638671875,0.95361328125,False
external_iscas85_c3540,c3540,rewrite,new_n495,new_n478,1,rejected,0.9720703125,1.0,0.94921875,sampled,ok,21,4096,0.045166015625,0.954833984375,False
external_iscas85_c2670,c2670,rewrite_z,new_n688,new_n814,1,rejected,0.97166748046875,1.0,0.948486328125,sampled,ok,17,4096,0.05078125,0.94921875,False
external_iscas85_c1908,c1908,balance,new_n256,new_n315,1,rejected,0.97154541015625,0.9375,0.988037109375,sampled,ok,32,4096,0.009521484375,0.990478515625,False
external_iscas85_c1908,c1908,dc2,new_n249,new_n315,1,rejected,0.97154541015625,0.9375,0.988037109375,sampled,ok,32,4096,0.0087890625,0.9912109375,False
external_iscas85_c1908,c1908,refactor_z,new_n254,new_n315,1,rejected,0.97154541015625,0.9375,0.988037109375,sampled,ok,32,4096,0.0126953125,0.9873046875,False
external_iscas85_c1908,c1908,resyn,new_n252,new_n315,1,rejected,0.97154541015625,0.9375,0.988037109375,sampled,ok,32,4096,0.010986328125,0.989013671875,False
external_iscas85_c1908,c1908,rewrite_z,new_n253,new_n315,1,rejected,0.97154541015625,0.9375,0.988037109375,sampled,ok,32,4096,0.01171875,0.98828125,False
external_iscas85_c2670,c2670,rewrite_z,new_n696,new_n830,1,rejected,0.971533203125,1.0,0.9482421875,sampled,ok,17,4096,0.0478515625,0.9521484375,False
external_iscas85_c3540,c3540,balance,new_n725,new_n726,1,rejected,0.971533203125,1.0,0.9482421875,sampled,ok,22,4096,0.04443359375,0.95556640625,False
external_iscas85_c3540,c3540,dc2,new_n617,new_n726,1,rejected,0.971533203125,1.0,0.9482421875,sampled,ok,22,4096,0.05029296875,0.94970703125,False
external_iscas85_c3540,c3540,refactor,new_n664,new_n726,1,rejected,0.971533203125,1.0,0.9482421875,sampled,ok,22,4096,0.050537109375,0.949462890625,False
external_iscas85_c3540,c3540,refactor_z,new_n688,new_n726,1,rejected,0.971533203125,1.0,0.9482421875,sampled,ok,22,4096,0.0517578125,0.9482421875,False
external_iscas85_c3540,c3540,rewrite,new_n650,new_n726,1,rejected,0.971533203125,1.0,0.9482421875,sampled,ok,22,4096,0.045166015625,0.954833984375,False
external_iscas85_c3540,c3540,rewrite_z,new_n612,new_n726,1,rejected,0.971533203125,1.0,0.9482421875,sampled,ok,22,4096,0.046630859375,0.953369140625,False
external_iscas85_c3540,c3540,balance,new_n764,new_n751,1,rejected,0.97139892578125,1.0,0.947998046875,sampled,ok,30,4096,0.055419921875,0.944580078125,False
external_iscas85_c3540,c3540,refactor_z,new_n652,new_n751,1,rejected,0.97139892578125,1.0,0.947998046875,sampled,ok,30,4096,0.04931640625,0.95068359375,False
external_iscas85_c5315,c5315,resyn,new_n673,new_n926,1,rejected,0.9713551240808824,0.9411764705882352,0.9853515625,sampled,ok,17,4096,0.017333984375,0.982666015625,False
external_iscas85_c3540,c3540,dc2,new_n758,new_n929,1,rejected,0.9710413315716911,0.9705882352941176,0.966064453125,sampled,ok,34,4096,0.035400390625,0.964599609375,False
external_iscas85_c7552,c7552,resub,new_n1992,new_n389,1,rejected,0.97059326171875,1.0,0.946533203125,sampled,ok,17,4096,0.053955078125,0.946044921875,False
external_iscas85_c1908,c1908,balance,new_n268,new_n314,1,rejected,0.9703556315104168,0.9333333333333332,0.988525390625,sampled,ok,30,4096,0.012939453125,0.987060546875,False
external_iscas85_c1908,c1908,dc2,new_n261,new_n314,1,rejected,0.9703556315104168,0.9333333333333332,0.988525390625,sampled,ok,30,4096,0.01318359375,0.98681640625,False
external_iscas85_c1908,c1908,resyn,new_n263,new_n314,1,rejected,0.9703556315104168,0.9333333333333332,0.988525390625,sampled,ok,30,4096,0.0126953125,0.9873046875,False
external_iscas85_c1908,c1908,rewrite_z,new_n265,new_n314,1,rejected,0.9703556315104168,0.9333333333333332,0.988525390625,sampled,ok,30,4096,0.015380859375,0.984619140625,False
external_iscas85_c2670,c2670,rewrite,new_n799,new_n933,1,rejected,0.97032470703125,1.0,0.946044921875,sampled,ok,78,4096,0.048095703125,0.951904296875,False
external_iscas85_c2670,c2670,rewrite_z,new_n786,new_n933,1,rejected,0.97032470703125,1.0,0.946044921875,sampled,ok,78,4096,0.047119140625,0.952880859375,False
external_iscas85_c7552,c7552,resyn,new_n558,new_n628,1,rejected,0.97032470703125,1.0,0.946044921875,sampled,ok,16,4096,0.06005859375,0.93994140625,False
external_iscas85_c7552,c7552,resyn,new_n565,new_n641,1,rejected,0.97032470703125,1.0,0.946044921875,sampled,ok,13,4096,0.06396484375,0.93603515625,False
external_iscas85_c7552,c7552,resyn2,new_n518,new_n628,1,rejected,0.97032470703125,1.0,0.946044921875,sampled,ok,16,4096,0.06396484375,0.93603515625,False
external_iscas85_c7552,c7552,resyn2_like,new_n518,new_n628,1,rejected,0.97032470703125,1.0,0.946044921875,sampled,ok,16,4096,0.05712890625,0.94287109375,False
external_iscas85_c7552,c7552,rewrite,new_n664,new_n632,1,rejected,0.97032470703125,1.0,0.946044921875,sampled,ok,13,4096,0.06982421875,0.93017578125,False
external_iscas85_c5315,c5315,balance,new_n810,new_n636,1,rejected,0.9702213541666668,0.9333333333333332,0.98828125,sampled,ok,15,4096,0.017578125,0.982421875,False
external_iscas85_c5315,c5315,compress2rs,new_n896,new_n636,1,rejected,0.9702213541666668,0.9333333333333332,0.98828125,sampled,ok,15,4096,0.012939453125,0.987060546875,False
external_iscas85_c5315,c5315,dc2,new_n903,new_n636,1,rejected,0.9702213541666668,0.9333333333333332,0.98828125,sampled,ok,15,4096,0.02001953125,0.97998046875,False
external_iscas85_c5315,c5315,refactor,new_n986,new_n636,1,rejected,0.9702213541666668,0.9333333333333332,0.98828125,sampled,ok,15,4096,0.014892578125,0.985107421875,False
external_iscas85_c5315,c5315,refactor_z,new_n975,new_n636,1,rejected,0.9702213541666668,0.9333333333333332,0.98828125,sampled,ok,15,4096,0.01708984375,0.98291015625,False
external_iscas85_c5315,c5315,resyn2,new_n897,new_n636,1,rejected,0.9702213541666668,0.9333333333333332,0.98828125,sampled,ok,15,4096,0.017822265625,0.982177734375,False
external_iscas85_c5315,c5315,resyn2_like,new_n897,new_n636,1,rejected,0.9702213541666668,0.9333333333333332,0.98828125,sampled,ok,15,4096,0.015380859375,0.984619140625,False
external_iscas85_c5315,c5315,rewrite,new_n936,new_n636,1,rejected,0.9702213541666668,0.9333333333333332,0.98828125,sampled,ok,15,4096,0.015625,0.984375,False
external_iscas85_c5315,c5315,rewrite_z,new_n933,new_n636,1,rejected,0.9702213541666668,0.9333333333333332,0.98828125,sampled,ok,15,4096,0.0166015625,0.9833984375,False
external_iscas85_c5315,c5315,compress2rs,new_n1368,new_n636,1,rejected,0.9700870768229168,0.9333333333333332,0.988037109375,sampled,ok,15,4096,0.015625,0.984375,False
external_iscas85_c5315,c5315,resyn,new_n1315,new_n636,1,rejected,0.9700870768229168,0.9333333333333332,0.988037109375,sampled,ok,15,4096,0.017578125,0.982421875,False
external_iscas85_c5315,c5315,resyn2,new_n1372,new_n636,1,rejected,0.9700870768229168,0.9333333333333332,0.988037109375,sampled,ok,15,4096,0.015869140625,0.984130859375,False
external_iscas85_c5315,c5315,resyn2_like,new_n1372,new_n636,1,rejected,0.9700870768229168,0.9333333333333332,0.988037109375,sampled,ok,15,4096,0.01513671875,0.98486328125,False
external_iscas85_c3540,c3540,balance,new_n925,new_n916,1,rejected,0.969921875,1.0,0.9453125,sampled,ok,33,4096,0.056884765625,0.943115234375,False
external_iscas85_c3540,c3540,refactor,new_n850,new_n916,1,rejected,0.969921875,1.0,0.9453125,sampled,ok,33,4096,0.0498046875,0.9501953125,False
external_iscas85_c3540,c3540,refactor_z,new_n808,new_n916,1,rejected,0.969921875,1.0,0.9453125,sampled,ok,33,4096,0.0498046875,0.9501953125,False
external_iscas85_c3540,c3540,rewrite,new_n830,new_n916,1,rejected,0.969921875,1.0,0.9453125,sampled,ok,33,4096,0.052490234375,0.947509765625,False
external_iscas85_c3540,c3540,rewrite_z,new_n921,new_n1034,1,rejected,0.9698542668269232,0.9230769230769232,0.994140625,sampled,ok,13,4096,0.007568359375,0.992431640625,False
external_iscas85_c1908,c1908,balance,new_n288,new_n314,1,rejected,0.9698185221354166,0.9333333333333332,0.987548828125,sampled,ok,30,4096,0.01416015625,0.98583984375,False
external_iscas85_c1908,c1908,rewrite_z,new_n285,new_n314,1,rejected,0.9698185221354166,0.9333333333333332,0.987548828125,sampled,ok,30,4096,0.013671875,0.986328125,False
external_iscas85_c7552,c7552,rewrite,new_n677,new_n614,1,rejected,0.9696533203125,1.0,0.94482421875,sampled,ok,13,4096,0.05859375,0.94140625,False
external_iscas85_c432,c432,rewrite_z,new_n208,new_n233,1,rejected,0.969384765625,1.0,0.9443359375,sampled,ok,36,4096,0.048583984375,0.951416015625,False
external_iscas85_c7552,c7552,refactor_z,new_n1009,new_n1731,1,rejected,0.969384765625,1.0,0.9443359375,sampled,ok,17,4096,0.058837890625,0.941162109375,False
external_iscas85_c7552,c7552,rewrite_z,new_n1076,new_n1731,1,rejected,0.969384765625,1.0,0.9443359375,sampled,ok,17,4096,0.06494140625,0.93505859375,False
external_iscas85_c3540,c3540,rewrite_z,new_n772,new_n847,1,rejected,0.9693171574519232,0.9230769230769232,0.9931640625,sampled,ok,13,4096,0.005859375,0.994140625,False
external_iscas85_c7552,c7552,resyn,new_n629,new_n1757,1,rejected,0.9691162109375,1.0,0.94384765625,sampled,ok,13,4096,0.06103515625,0.93896484375,False
external_iscas85_c7552,c7552,resyn2,new_n571,new_n1757,1,rejected,0.9691162109375,1.0,0.94384765625,sampled,ok,13,4096,0.0615234375,0.9384765625,False
external_iscas85_c7552,c7552,resyn2_like,new_n571,new_n1757,1,rejected,0.9691162109375,1.0,0.94384765625,sampled,ok,13,4096,0.06103515625,0.93896484375,False
external_iscas85_c3540,c3540,rewrite_z,new_n394,new_n454,1,rejected,0.969105812355324,0.925925925925926,0.990966796875,sampled,ok,27,4096,0.0087890625,0.9912109375,False
external_iscas85_c5315,c5315,balance,new_n1012,new_n584,1,rejected,0.9689381318933824,0.9411764705882352,0.98095703125,sampled,ok,17,4096,0.014892578125,0.985107421875,False
external_iscas85_c5315,c5315,dc2,new_n872,new_n584,1,rejected,0.9689381318933824,0.9411764705882352,0.98095703125,sampled,ok,17,4096,0.0185546875,0.9814453125,False
external_iscas85_c5315,c5315,refactor,new_n934,new_n584,1,rejected,0.9689381318933824,0.9411764705882352,0.98095703125,sampled,ok,17,4096,0.019775390625,0.980224609375,False
external_iscas85_c5315,c5315,refactor_z,new_n932,new_n584,1,rejected,0.9689381318933824,0.9411764705882352,0.98095703125,sampled,ok,17,4096,0.01513671875,0.98486328125,False
external_iscas85_c5315,c5315,rewrite_z,new_n891,new_n584,1,rejected,0.9689381318933824,0.9411764705882352,0.98095703125,sampled,ok,17,4096,0.017578125,0.982421875,False
external_iscas85_c5315,c5315,rewrite_z,new_n1193,new_n1392,1,rejected,0.9688938306725544,0.9130434782608696,0.998779296875,sampled,ok,46,4096,0.0009765625,0.9990234375,False
external_iscas85_c3540,c3540,refactor,new_n409,new_n463,1,rejected,0.968702980324074,0.925925925925926,0.990234375,sampled,ok,27,4096,0.00927734375,0.99072265625,False
external_iscas85_c3540,c3540,refactor_z,new_n400,new_n463,1,rejected,0.968702980324074,0.925925925925926,0.990234375,sampled,ok,27,4096,0.00927734375,0.99072265625,False
external_iscas85_c3540,c3540,rewrite_z,new_n402,new_n463,1,rejected,0.968702980324074,0.925925925925926,0.990234375,sampled,ok,27,4096,0.012939453125,0.987060546875,False
external_iscas85_c1908,c1908,balance,new_n308,new_n314,1,rejected,0.9683414713541668,0.9333333333333332,0.98486328125,sampled,ok,30,4096,0.017333984375,0.982666015625,False
external_iscas85_c1908,c1908,dc2,new_n307,new_n314,1,rejected,0.9683414713541668,0.9333333333333332,0.98486328125,sampled,ok,30,4096,0.01416015625,0.98583984375,False
external_iscas85_c1908,c1908,rewrite_z,new_n303,new_n314,1,rejected,0.9683414713541668,0.9333333333333332,0.98486328125,sampled,ok,30,4096,0.01416015625,0.98583984375,False
external_iscas85_c5315,c5315,resyn2,new_n887,new_n1086,1,rejected,0.968310546875,1.0,0.9423828125,sampled,ok,14,4096,0.0654296875,0.9345703125,False
external_iscas85_c5315,c5315,resyn2_like,new_n887,new_n1086,1,rejected,0.968310546875,1.0,0.9423828125,sampled,ok,14,4096,0.063720703125,0.936279296875,False
external_iscas85_c7552,c7552,balance,new_n1772,new_n1786,1,rejected,0.9679776278409092,0.9545454545454546,0.970703125,sampled,ok,88,4096,0.0361328125,0.9638671875,False
external_iscas85_c7552,c7552,refactor_z,new_n1055,new_n591,1,rejected,0.96763916015625,1.0,0.941162109375,sampled,ok,16,4096,0.0517578125,0.9482421875,False
external_iscas85_c7552,c7552,resyn,new_n571,new_n591,1,rejected,0.96763916015625,1.0,0.941162109375,sampled,ok,16,4096,0.064453125,0.935546875,False
external_iscas85_c7552,c7552,resyn,new_n582,new_n1936,1,rejected,0.96763916015625,1.0,0.941162109375,sampled,ok,13,4096,0.0595703125,0.9404296875,False
external_iscas85_c7552,c7552,rewrite,new_n617,new_n591,1,rejected,0.96763916015625,1.0,0.941162109375,sampled,ok,16,4096,0.04931640625,0.95068359375,False
external_iscas85_c7552,c7552,rewrite_z,new_n497,new_n591,1,rejected,0.96763916015625,1.0,0.941162109375,sampled,ok,16,4096,0.057373046875,0.942626953125,False
external_iscas85_c1908,c1908,dc2,new_n231,new_n306,1,rejected,0.9675368736530172,0.9310344827586208,0.98486328125,sampled,ok,29,4096,0.0087890625,0.9912109375,False
external_iscas85_c3540,c3540,balance,new_n761,new_n502,1,rejected,0.96737060546875,1.0,0.940673828125,sampled,ok,30,4096,0.06005859375,0.93994140625,False
external_iscas85_c7552,c7552,balance,new_n1791,new_n1785,1,rejected,0.9673624674479164,0.9761904761904762,0.955810546875,sampled,ok,84,4096,0.044677734375,0.955322265625,False
external_iscas85_c7552,c7552,rewrite,new_n1527,new_n1807,1,rejected,0.9673624674479164,0.9761904761904762,0.955810546875,sampled,ok,84,4096,0.04638671875,0.95361328125,False
external_iscas85_c2670,c2670,rewrite_z,new_n530,new_n594,1,rejected,0.9672894756610576,0.9076923076923076,0.999267578125,sampled,ok,65,4096,0.001708984375,0.998291015625,False
external_iscas85_c7552,c7552,dc2,new_n902,new_n848,1,rejected,0.967236328125,1.0,0.9404296875,sampled,ok,13,4096,0.062255859375,0.937744140625,False
external_iscas85_c7552,c7552,rewrite_z,new_n911,new_n848,1,rejected,0.967236328125,1.0,0.9404296875,sampled,ok,13,4096,0.05712890625,0.94287109375,False
external_iscas85_c7552,c7552,dc2,new_n582,new_n595,1,rejected,0.96710205078125,1.0,0.940185546875,sampled,ok,13,4096,0.068359375,0.931640625,False
external_iscas85_c7552,c7552,rewrite,new_n634,new_n595,1,rejected,0.96710205078125,1.0,0.940185546875,sampled,ok,13,4096,0.062744140625,0.937255859375,False
external_iscas85_c5315,c5315,resub,new_n1041,new_n1121,1,rejected,0.9670139478600543,0.9130434782608696,0.995361328125,sampled,ok,23,4096,0.004638671875,0.995361328125,False
external_iscas85_c5315,c5315,rewrite,new_n954,new_n1122,1,rejected,0.9670139478600543,0.9130434782608696,0.995361328125,sampled,ok,23,4096,0.004638671875,0.995361328125,False
external_iscas85_c5315,c5315,dc2,new_n664,new_n1929,1,rejected,0.9669677734375,1.0,0.93994140625,sampled,ok,13,4096,0.065185546875,0.934814453125,False
external_iscas85_c5315,c5315,resyn,new_n672,new_n1929,1,rejected,0.9669677734375,1.0,0.93994140625,sampled,ok,13,4096,0.058837890625,0.941162109375,False
external_iscas85_c5315,c5315,rewrite,new_n677,new_n736,1,rejected,0.9669677734375,1.0,0.93994140625,sampled,ok,13,4096,0.0654296875,0.9345703125,False
external_iscas85_c5315,c5315,rewrite,new_n1663,new_n1929,1,rejected,0.9669677734375,1.0,0.93994140625,sampled,ok,13,4096,0.06787109375,0.93212890625,False
external_iscas85_c5315,c5315,rewrite_z,new_n1664,new_n1929,1,rejected,0.9669677734375,1.0,0.93994140625,sampled,ok,13,4096,0.061279296875,0.938720703125,False
external_iscas85_c7552,c7552,balance,new_n1722,new_n1042,1,rejected,0.9669514973958334,0.9523809523809524,0.97021484375,sampled,ok,21,4096,0.031982421875,0.968017578125,False
external_iscas85_c7552,c7552,rewrite,new_n973,new_n1042,1,rejected,0.9669514973958334,0.9523809523809524,0.97021484375,sampled,ok,21,4096,0.032470703125,0.967529296875,False
external_iscas85_c7552,c7552,resyn,new_n1881,new_n568,1,rejected,0.9669239717371324,0.9411764705882352,0.977294921875,sampled,ok,17,4096,0.022216796875,0.977783203125,False
external_iscas85_c3540,c3540,balance,new_n990,new_n992,1,rejected,0.9668881064967104,0.9736842105263158,0.95654296875,sampled,ok,38,4096,0.0390625,0.9609375,False
external_iscas85_c3540,c3540,dc2,new_n822,new_n992,1,rejected,0.9668881064967104,0.9736842105263158,0.95654296875,sampled,ok,38,4096,0.038818359375,0.961181640625,False
external_iscas85_c3540,c3540,balance,new_n918,new_n649,1,rejected,0.9665106879340278,0.9722222222222222,0.956787109375,sampled,ok,36,4096,0.046875,0.953125,False
external_iscas85_c3540,c3540,refactor,new_n843,new_n649,1,rejected,0.9665106879340278,0.9722222222222222,0.956787109375,sampled,ok,36,4096,0.040771484375,0.959228515625,False
external_iscas85_c3540,c3540,refactor_z,new_n802,new_n649,1,rejected,0.9665106879340278,0.9722222222222222,0.956787109375,sampled,ok,36,4096,0.050048828125,0.949951171875,False
external_iscas85_c3540,c3540,rewrite_z,new_n791,new_n922,1,rejected,0.9663764105902778,0.9722222222222222,0.95654296875,sampled,ok,36,4096,0.046142578125,0.953857421875,False
external_iscas85_c2670,c2670,rewrite_z,new_n739,new_n890,1,rejected,0.96629638671875,1.0,0.938720703125,sampled,ok,30,4096,0.056640625,0.943359375,False
external_iscas85_c5315,c5315,rewrite,new_n690,new_n718,1,rejected,0.96629638671875,1.0,0.938720703125,sampled,ok,13,4096,0.056640625,0.943359375,False
external_iscas85_c3540,c3540,rewrite_z,new_n560,new_n633,1,rejected,0.966162109375,1.0,0.9384765625,sampled,ok,32,4096,0.064697265625,0.935302734375,False
external_iscas85_c7552,c7552,refactor_z,new_n989,new_n1732,1,rejected,0.966162109375,1.0,0.9384765625,sampled,ok,17,4096,0.064453125,0.935546875,False
external_iscas85_c7552,c7552,rewrite,new_n1865,new_n2208,1,rejected,0.966162109375,1.0,0.9384765625,sampled,ok,13,4096,0.06787109375,0.93212890625,False
external_iscas85_c7552,c7552,rewrite_z,new_n1046,new_n1732,1,rejected,0.966162109375,1.0,0.9384765625,sampled,ok,17,4096,0.06494140625,0.93505859375,False
external_iscas85_c5315,c5315,resyn,new_n683,new_n1056,1,rejected,0.9658935546875,1.0,0.93798828125,sampled,ok,13,4096,0.063720703125,0.936279296875,False
external_iscas85_c7552,c7552,rewrite_z,new_n847,new_n933,1,rejected,0.96575927734375,1.0,0.937744140625,sampled,ok,13,4096,0.062255859375,0.937744140625,False
external_iscas85_c1355,c1355,balance,new_n484,new_n485,1,rejected,0.96549072265625,1.0,0.937255859375,sampled,ok,37,4096,0.06201171875,0.93798828125,False
external_iscas85_c1355,c1355,balance,new_n485,new_n486,1,rejected,0.96549072265625,1.0,0.937255859375,sampled,ok,37,4096,0.06640625,0.93359375,False
external_iscas85_c499,c499,balance,new_n396,new_n397,1,rejected,0.96549072265625,1.0,0.937255859375,sampled,ok,37,4096,0.056396484375,0.943603515625,False
external_iscas85_c499,c499,balance,new_n397,new_n398,1,rejected,0.96549072265625,1.0,0.937255859375,sampled,ok,37,4096,0.066162109375,0.933837890625,False
external_iscas85_c499,c499,rewrite,new_n395,new_n398,1,rejected,0.96549072265625,1.0,0.937255859375,sampled,ok,37,4096,0.05712890625,0.94287109375,False
external_iscas85_c7552,c7552,rewrite,new_n647,new_n577,1,rejected,0.96549072265625,1.0,0.937255859375,sampled,ok,13,4096,0.05859375,0.94140625,False
external_iscas85_c2670,c2670,dc2,new_n705,new_n853,1,rejected,0.96546630859375,0.9285714285714286,0.982666015625,sampled,ok,14,4096,0.015869140625,0.984130859375,False
external_iscas85_c7552,c7552,refactor_z,new_n1567,new_n1754,1,rejected,0.9653571633731618,0.9558823529411764,0.965087890625,sampled,ok,68,4096,0.02685546875,0.97314453125,False
external_iscas85_c7552,c7552,balance,new_n1241,new_n2367,1,rejected,0.9653126436121324,0.9411764705882352,0.974365234375,sampled,ok,17,4096,0.0244140625,0.9755859375,False
external_iscas85_c7552,c7552,balance,new_n2182,new_n2367,1,rejected,0.9653126436121324,0.9411764705882352,0.974365234375,sampled,ok,17,4096,0.022216796875,0.977783203125,False
external_iscas85_c7552,c7552,refactor,new_n1121,new_n2367,1,rejected,0.9653126436121324,0.9411764705882352,0.974365234375,sampled,ok,17,4096,0.022705078125,0.977294921875,False
external_iscas85_c7552,c7552,refactor_z,new_n1111,new_n2367,1,rejected,0.9653126436121324,0.9411764705882352,0.974365234375,sampled,ok,17,4096,0.021728515625,0.978271484375,False
external_iscas85_c7552,c7552,refactor_z,new_n1943,new_n568,1,rejected,0.9653126436121324,0.9411764705882352,0.974365234375,sampled,ok,17,4096,0.01953125,0.98046875,False
external_iscas85_c7552,c7552,refactor_z,new_n1944,new_n2367,1,rejected,0.9653126436121324,0.9411764705882352,0.974365234375,sampled,ok,17,4096,0.026123046875,0.973876953125,False
external_iscas85_c7552,c7552,resyn,new_n572,new_n568,1,rejected,0.9653126436121324,0.9411764705882352,0.974365234375,sampled,ok,17,4096,0.024169921875,0.975830078125,False
external_iscas85_c7552,c7552,rewrite,new_n618,new_n568,1,rejected,0.9653126436121324,0.9411764705882352,0.974365234375,sampled,ok,17,4096,0.02490234375,0.97509765625,False
external_iscas85_c7552,c7552,rewrite,new_n1111,new_n2367,1,rejected,0.9653126436121324,0.9411764705882352,0.974365234375,sampled,ok,17,4096,0.0244140625,0.9755859375,False
external_iscas85_c7552,c7552,rewrite_z,new_n498,new_n568,1,rejected,0.9653126436121324,0.9411764705882352,0.974365234375,sampled,ok,17,4096,0.02392578125,0.97607421875,False
external_iscas85_c7552,c7552,rewrite_z,new_n1135,new_n2367,1,rejected,0.9653126436121324,0.9411764705882352,0.974365234375,sampled,ok,17,4096,0.021484375,0.978515625,False
external_iscas85_c3540,c3540,balance,new_n979,new_n408,1,rejected,0.9652058919270832,0.9523809523809524,0.967041015625,sampled,ok,21,4096,0.03271484375,0.96728515625,False
external_iscas85_c3540,c3540,refactor_z,new_n863,new_n408,1,rejected,0.9652058919270832,0.9523809523809524,0.967041015625,sampled,ok,21,4096,0.02978515625,0.97021484375,False
external_iscas85_c3540,c3540,rewrite,new_n878,new_n408,1,rejected,0.9652058919270832,0.9523809523809524,0.967041015625,sampled,ok,21,4096,0.03515625,0.96484375,False
external_iscas85_c499,c499,rewrite,new_n305,new_n194,1,rejected,0.965087890625,1.0,0.9365234375,sampled,ok,37,4096,0.061767578125,0.938232421875,False
external_iscas85_c499,c499,rewrite,new_n392,new_n394,1,rejected,0.965087890625,1.0,0.9365234375,sampled,ok,37,4096,0.056396484375,0.943603515625,False
external_iscas85_c7552,c7552,rewrite_z,new_n1793,new_n1747,1,rejected,0.965087890625,1.0,0.9365234375,sampled,ok,90,4096,0.059814453125,0.940185546875,False
external_iscas85_c2670,c2670,dc2,new_n710,new_n864,1,rejected,0.9650634765625,0.9285714285714286,0.98193359375,sampled,ok,14,4096,0.01806640625,0.98193359375,False
external_iscas85_c3540,c3540,balance,new_n643,new_n443,1,rejected,0.9650439453125,0.95,0.96826171875,sampled,ok,20,4096,0.030029296875,0.969970703125,False
external_iscas85_c3540,c3540,refactor_z,new_n574,new_n443,1,rejected,0.9650439453125,0.95,0.96826171875,sampled,ok,20,4096,0.033935546875,0.966064453125,False
external_iscas85_c3540,c3540,rewrite,new_n575,new_n443,1,rejected,0.9650439453125,0.95,0.96826171875,sampled,ok,20,4096,0.031494140625,0.968505859375,False
external_iscas85_c7552,c7552,compress2rs,new_n577,new_n1994,1,rejected,0.96468505859375,1.0,0.935791015625,sampled,ok,13,4096,0.06396484375,0.93603515625,False
external_iscas85_c7552,c7552,rewrite,new_n1683,new_n1994,1,rejected,0.96468505859375,1.0,0.935791015625,sampled,ok,13,4096,0.0625,0.9375,False
external_iscas85_c432,c432,resub,new_n208,new_n235,1,rejected,0.96455078125,1.0,0.935546875,sampled,ok,36,4096,0.063720703125,0.936279296875,False
external_iscas85_c432,c432,rewrite,new_n224,new_n235,1,rejected,0.96455078125,1.0,0.935546875,sampled,ok,36,4096,0.057373046875,0.942626953125,False
external_iscas85_c7552,c7552,compress2rs,new_n483,new_n1871,1,rejected,0.9642822265625,1.0,0.93505859375,sampled,ok,13,4096,0.0634765625,0.9365234375,False
external_iscas85_c7552,c7552,resyn,new_n548,new_n1257,1,rejected,0.9642822265625,1.0,0.93505859375,sampled,ok,13,4096,0.065185546875,0.934814453125,False
external_iscas85_c7552,c7552,resyn2,new_n511,new_n1871,1,rejected,0.9642822265625,1.0,0.93505859375,sampled,ok,13,4096,0.063720703125,0.936279296875,False
external_iscas85_c7552,c7552,resyn2_like,new_n511,new_n1871,1,rejected,0.9642822265625,1.0,0.93505859375,sampled,ok,13,4096,0.06103515625,0.93896484375,False
external_iscas85_c7552,c7552,rewrite_z,new_n621,new_n1871,1,rejected,0.9642822265625,1.0,0.93505859375,sampled,ok,13,4096,0.06689453125,0.93310546875,False
external_iscas85_c3540,c3540,resub,new_n628,new_n659,1,rejected,0.964013671875,1.0,0.9345703125,sampled,ok,35,4096,0.07275390625,0.92724609375,False
external_iscas85_c3540,c3540,balance,new_n744,new_n761,1,rejected,0.9639103190104168,0.9333333333333332,0.976806640625,sampled,ok,30,4096,0.027587890625,0.972412109375,False
external_iscas85_c3540,c3540,refactor,new_n681,new_n761,1,rejected,0.9639103190104168,0.9333333333333332,0.976806640625,sampled,ok,30,4096,0.022705078125,0.977294921875,False
external_iscas85_c3540,c3540,rewrite,new_n666,new_n761,1,rejected,0.9639103190104168,0.9333333333333332,0.976806640625,sampled,ok,30,4096,0.02294921875,0.97705078125,False
external_iscas85_c7552,c7552,balance,new_n1016,new_n971,1,rejected,0.9637708875868056,0.9444444444444444,0.969482421875,sampled,ok,18,4096,0.02978515625,0.97021484375,False
external_iscas85_c7552,c7552,balance,new_n1796,new_n1787,1,rejected,0.96361083984375,1.0,0.933837890625,sampled,ok,86,4096,0.074462890625,0.925537109375,False
external_iscas85_c432,c432,rewrite_z,new_n214,new_n232,1,rejected,0.9632080078125,1.0,0.93310546875,sampled,ok,36,4096,0.064697265625,0.935302734375,False
external_iscas85_c3540,c3540,balance,new_n724,new_n267,1,rejected,0.9630792791193182,0.9090909090909092,0.99072265625,sampled,ok,22,4096,0.006591796875,0.993408203125,False
external_iscas85_c3540,c3540,dc2,new_n609,new_n267,1,rejected,0.9630792791193182,0.9090909090909092,0.99072265625,sampled,ok,22,4096,0.009033203125,0.990966796875,False
external_iscas85_c3540,c3540,refactor,new_n663,new_n267,1,rejected,0.9630792791193182,0.9090909090909092,0.99072265625,sampled,ok,22,4096,0.007568359375,0.992431640625,False
external_iscas85_c3540,c3540,refactor_z,new_n618,new_n267,1,rejected,0.9630792791193182,0.9090909090909092,0.99072265625,sampled,ok,22,4096,0.0078125,0.9921875,False
external_iscas85_c3540,c3540,rewrite,new_n649,new_n267,1,rejected,0.9630792791193182,0.9090909090909092,0.99072265625,sampled,ok,22,4096,0.00732421875,0.99267578125,False
external_iscas85_c2670,c2670,rewrite,new_n757,new_n877,1,rejected,0.9630411783854168,0.9047619047619048,0.993408203125,sampled,ok,42,4096,0.006591796875,0.993408203125,False
external_iscas85_c3540,c3540,rewrite_z,new_n409,new_n231,1,rejected,0.9630411783854168,0.9047619047619048,0.993408203125,sampled,ok,21,4096,0.008056640625,0.991943359375,False
external_iscas85_c3540,c3540,rewrite_z,new_n415,new_n198,1,rejected,0.9630411783854168,0.9047619047619048,0.993408203125,sampled,ok,21,4096,0.0068359375,0.9931640625,False
external_iscas85_c1355,c1355,balance,new_n234,new_n233,1,rejected,0.962939453125,1.0,0.9326171875,sampled,ok,37,4096,0.06201171875,0.93798828125,False
external_iscas85_c1355,c1355,balance,new_n235,new_n234,1,rejected,0.962939453125,1.0,0.9326171875,sampled,ok,37,4096,0.06591796875,0.93408203125,False
external_iscas85_c499,c499,balance,new_n198,new_n197,1,rejected,0.962939453125,1.0,0.9326171875,sampled,ok,37,4096,0.05712890625,0.94287109375,False
external_iscas85_c499,c499,balance,new_n199,new_n198,1,rejected,0.962939453125,1.0,0.9326171875,sampled,ok,37,4096,0.056396484375,0.943603515625,False
external_iscas85_c499,c499,rewrite,new_n312,new_n198,1,rejected,0.962939453125,1.0,0.9326171875,sampled,ok,37,4096,0.062744140625,0.937255859375,False
external_iscas85_c7552,c7552,resyn,new_n623,new_n1787,1,rejected,0.9628250476925873,0.9302325581395348,0.976806640625,sampled,ok,86,4096,0.026123046875,0.973876953125,False
external_iscas85_c3540,c3540,compress2rs,new_n604,new_n761,1,rejected,0.9627018229166668,0.9333333333333332,0.974609375,sampled,ok,30,4096,0.029296875,0.970703125,False
external_iscas85_c3540,c3540,resyn2,new_n614,new_n761,1,rejected,0.9627018229166668,0.9333333333333332,0.974609375,sampled,ok,30,4096,0.027587890625,0.972412109375,False
external_iscas85_c3540,c3540,resyn2_like,new_n614,new_n761,1,rejected,0.9627018229166668,0.9333333333333332,0.974609375,sampled,ok,30,4096,0.02978515625,0.97021484375,False
external_iscas85_c3540,c3540,compress2rs,new_n403,new_n231,1,rejected,0.9626383463541668,0.9047619047619048,0.99267578125,sampled,ok,21,4096,0.005615234375,0.994384765625,False
external_iscas85_c3540,c3540,dc2,new_n393,new_n231,1,rejected,0.9626383463541668,0.9047619047619048,0.99267578125,sampled,ok,21,4096,0.006591796875,0.993408203125,False
external_iscas85_c3540,c3540,refactor,new_n417,new_n231,1,rejected,0.9626383463541668,0.9047619047619048,0.99267578125,sampled,ok,21,4096,0.00732421875,0.99267578125,False
external_iscas85_c3540,c3540,refactor_z,new_n408,new_n231,1,rejected,0.9626383463541668,0.9047619047619048,0.99267578125,sampled,ok,21,4096,0.00927734375,0.99072265625,False
external_iscas85_c3540,c3540,resyn2,new_n405,new_n231,1,rejected,0.9626383463541668,0.9047619047619048,0.99267578125,sampled,ok,21,4096,0.00830078125,0.99169921875,False
external_iscas85_c3540,c3540,resyn2_like,new_n405,new_n231,1,rejected,0.9626383463541668,0.9047619047619048,0.99267578125,sampled,ok,21,4096,0.008544921875,0.991455078125,False
external_iscas85_c3540,c3540,rewrite,new_n414,new_n231,1,rejected,0.9626383463541668,0.9047619047619048,0.99267578125,sampled,ok,21,4096,0.009033203125,0.990966796875,False
external_iscas85_c7552,c7552,refactor,new_n1933,new_n1885,1,rejected,0.9625729824634308,0.9893617021276596,0.938720703125,sampled,ok,94,4096,0.06787109375,0.93212890625,False
external_iscas85_c7552,c7552,refactor_z,new_n1908,new_n1885,1,rejected,0.9625729824634308,0.9893617021276596,0.938720703125,sampled,ok,94,4096,0.05908203125,0.94091796875,False
external_iscas85_c3540,c3540,compress2rs,new_n407,new_n198,1,rejected,0.9625040690104166,0.9047619047619048,0.992431640625,sampled,ok,21,4096,0.00927734375,0.99072265625,False
external_iscas85_c3540,c3540,refactor,new_n424,new_n198,1,rejected,0.9625040690104166,0.9047619047619048,0.992431640625,sampled,ok,21,4096,0.00732421875,0.99267578125,False
external_iscas85_c3540,c3540,refactor_z,new_n415,new_n198,1,rejected,0.9625040690104166,0.9047619047619048,0.992431640625,sampled,ok,21,4096,0.0078125,0.9921875,False
external_iscas85_c3540,c3540,resyn2,new_n411,new_n198,1,rejected,0.9625040690104166,0.9047619047619048,0.992431640625,sampled,ok,21,4096,0.009033203125,0.990966796875,False
external_iscas85_c3540,c3540,resyn2_like,new_n411,new_n198,1,rejected,0.9625040690104166,0.9047619047619048,0.992431640625,sampled,ok,21,4096,0.007568359375,0.992431640625,False
external_iscas85_c3540,c3540,rewrite,new_n421,new_n198,1,rejected,0.9625040690104166,0.9047619047619048,0.992431640625,sampled,ok,21,4096,0.0068359375,0.9931640625,False
external_iscas85_c1908,c1908,rewrite_z,new_n306,new_n314,1,rejected,0.9621007119455646,0.9032258064516128,0.99267578125,sampled,ok,31,4096,0.010009765625,0.989990234375,False
external_iscas85_c2670,c2670,rewrite_z,new_n717,new_n848,1,rejected,0.961974455180921,0.9473684210526316,0.96435546875,sampled,ok,19,4096,0.034423828125,0.965576171875,False
external_iscas85_c3540,c3540,balance,new_n732,new_n302,1,rejected,0.9619669596354168,0.9047619047619048,0.991455078125,sampled,ok,21,4096,0.008544921875,0.991455078125,False
external_iscas85_c3540,c3540,refactor,new_n671,new_n302,1,rejected,0.9619669596354168,0.9047619047619048,0.991455078125,sampled,ok,21,4096,0.00830078125,0.99169921875,False
external_iscas85_c3540,c3540,refactor_z,new_n622,new_n302,1,rejected,0.9619669596354168,0.9047619047619048,0.991455078125,sampled,ok,21,4096,0.009033203125,0.990966796875,False
external_iscas85_c3540,c3540,rewrite,new_n658,new_n302,1,rejected,0.9619669596354168,0.9047619047619048,0.991455078125,sampled,ok,21,4096,0.00732421875,0.99267578125,False
external_iscas85_c432,c432,rewrite_z,new_n220,new_n249,1,rejected,0.961865234375,1.0,0.9306640625,sampled,ok,36,4096,0.064697265625,0.935302734375,False
external_iscas85_c3540,c3540,rewrite,new_n675,new_n758,1,rejected,0.96185302734375,0.9642857142857144,0.953369140625,sampled,ok,28,4096,0.044189453125,0.955810546875,False
external_iscas85_c3540,c3540,refactor,new_n607,new_n656,1,rejected,0.96173095703125,1.0,0.930419921875,sampled,ok,37,4096,0.068603515625,0.931396484375,False
external_iscas85_c3540,c3540,balance,new_n745,new_n746,1,rejected,0.9616121419270834,0.9666666666666668,0.951416015625,sampled,ok,30,4096,0.05078125,0.94921875,False
external_iscas85_c3540,c3540,dc2,new_n614,new_n745,1,rejected,0.9616121419270834,0.9666666666666668,0.951416015625,sampled,ok,30,4096,0.06005859375,0.93994140625,False
external_iscas85_c3540,c3540,dc2,new_n615,new_n746,1,rejected,0.9616121419270834,0.9666666666666668,0.951416015625,sampled,ok,30,4096,0.057861328125,0.942138671875,False
external_iscas85_c3540,c3540,refactor,new_n682,new_n746,1,rejected,0.9616121419270834,0.9666666666666668,0.951416015625,sampled,ok,30,4096,0.051513671875,0.948486328125,False
external_iscas85_c3540,c3540,rewrite,new_n667,new_n746,1,rejected,0.9616121419270834,0.9666666666666668,0.951416015625,sampled,ok,30,4096,0.05078125,0.94921875,False
external_iscas85_c2670,c2670,rewrite_z,new_n726,new_n853,1,rejected,0.9615966796875,1.0,0.93017578125,sampled,ok,13,4096,0.0693359375,0.9306640625,False
external_iscas85_c2670,c2670,rewrite_z,new_n740,new_n864,1,rejected,0.9615966796875,1.0,0.93017578125,sampled,ok,13,4096,0.05712890625,0.94287109375,False
external_iscas85_c2670,c2670,rewrite_z,new_n746,new_n842,1,rejected,0.9615966796875,1.0,0.93017578125,sampled,ok,13,4096,0.06640625,0.93359375,False
external_iscas85_c2670,c2670,rewrite_z,new_n757,new_n904,1,rejected,0.9615966796875,1.0,0.93017578125,sampled,ok,13,4096,0.059814453125,0.940185546875,False
external_iscas85_c2670,c2670,rewrite_z,new_n761,new_n910,1,rejected,0.9615966796875,1.0,0.93017578125,sampled,ok,13,4096,0.059814453125,0.940185546875,False
external_iscas85_c2670,c2670,rewrite_z,new_n764,new_n900,1,rejected,0.9615966796875,1.0,0.93017578125,sampled,ok,13,4096,0.064453125,0.935546875,False
external_iscas85_c3540,c3540,rewrite,new_n894,new_n1002,1,rejected,0.96146240234375,1.0,0.929931640625,sampled,ok,38,4096,0.052001953125,0.947998046875,False
external_iscas85_c7552,c7552,balance,new_n1781,new_n1810,1,rejected,0.9613980379971592,0.9545454545454546,0.958740234375,sampled,ok,88,4096,0.04833984375,0.95166015625,False
external_iscas85_c7552,c7552,rewrite,new_n1539,new_n1797,1,rejected,0.9613980379971592,0.9545454545454546,0.958740234375,sampled,ok,88,4096,0.0478515625,0.9521484375,False
external_iscas85_c3540,c3540,refactor,new_n357,new_n403,1,rejected,0.9613538953993056,0.9444444444444444,0.965087890625,sampled,ok,18,4096,0.039794921875,0.960205078125,False
external_iscas85_c7552,c7552,balance,new_n1240,new_n591,1,rejected,0.9611500459558824,0.9411764705882352,0.966796875,sampled,ok,17,4096,0.031005859375,0.968994140625,False
external_iscas85_c7552,c7552,balance,new_n2181,new_n591,1,rejected,0.9611500459558824,0.9411764705882352,0.966796875,sampled,ok,17,4096,0.033203125,0.966796875,False
external_iscas85_c7552,c7552,refactor,new_n1120,new_n591,1,rejected,0.9611500459558824,0.9411764705882352,0.966796875,sampled,ok,17,4096,0.032958984375,0.967041015625,False
external_iscas85_c7552,c7552,refactor_z,new_n1110,new_n591,1,rejected,0.9611500459558824,0.9411764705882352,0.966796875,sampled,ok,17,4096,0.0322265625,0.9677734375,False
external_iscas85_c7552,c7552,resyn2,new_n493,new_n591,1,rejected,0.9611500459558824,0.9411764705882352,0.966796875,sampled,ok,17,4096,0.03515625,0.96484375,False
external_iscas85_c7552,c7552,resyn2_like,new_n493,new_n591,1,rejected,0.9611500459558824,0.9411764705882352,0.966796875,sampled,ok,17,4096,0.030029296875,0.969970703125,False
external_iscas85_c2670,c2670,rewrite_z,new_n723,new_n837,1,rejected,0.9609510633680556,0.9444444444444444,0.96435546875,sampled,ok,18,4096,0.03173828125,0.96826171875,False
external_iscas85_c7552,c7552,balance,new_n1787,new_n1748,1,rejected,0.9608116319444444,0.9555555555555556,0.95703125,sampled,ok,90,4096,0.046630859375,0.953369140625,False
external_iscas85_c3540,c3540,rewrite,new_n676,new_n759,1,rejected,0.96077880859375,0.9642857142857144,0.951416015625,sampled,ok,28,4096,0.05029296875,0.94970703125,False
external_iscas85_c3540,c3540,compress2rs,new_n268,new_n190,1,rejected,0.9607472139246324,0.9411764705882352,0.966064453125,sampled,ok,17,4096,0.04541015625,0.95458984375,False
external_iscas85_c3540,c3540,refactor,new_n188,new_n190,1,rejected,0.9607472139246324,0.9411764705882352,0.966064453125,sampled,ok,17,4096,0.043701171875,0.956298828125,False
external_iscas85_c3540,c3540,refactor_z,new_n241,new_n190,1,rejected,0.9607472139246324,0.9411764705882352,0.966064453125,sampled,ok,17,4096,0.037353515625,0.962646484375,False
external_iscas85_c3540,c3540,resyn2,new_n268,new_n190,1,rejected,0.9607472139246324,0.9411764705882352,0.966064453125,sampled,ok,17,4096,0.037353515625,0.962646484375,False
external_iscas85_c3540,c3540,resyn2_like,new_n268,new_n190,1,rejected,0.9607472139246324,0.9411764705882352,0.966064453125,sampled,ok,17,4096,0.0390625,0.9609375,False
external_iscas85_c3540,c3540,rewrite,new_n189,new_n190,1,rejected,0.9607472139246324,0.9411764705882352,0.966064453125,sampled,ok,17,4096,0.042236328125,0.957763671875,False
external_iscas85_c7552,c7552,resyn2,new_n562,new_n1788,1,rejected,0.9605280095880684,0.9090909090909092,0.986083984375,sampled,ok,88,4096,0.012939453125,0.987060546875,False
external_iscas85_c7552,c7552,resyn2_like,new_n562,new_n1788,1,rejected,0.9605280095880684,0.9090909090909092,0.986083984375,sampled,ok,88,4096,0.01123046875,0.98876953125,False
external_iscas85_c7552,c7552,resub,new_n1642,new_n1754,1,rejected,0.9602101045496324,0.9411764705882352,0.965087890625,sampled,ok,68,4096,0.02685546875,0.97314453125,False
external_iscas85_c3540,c3540,dc2,new_n535,new_n633,1,rejected,0.959716796875,1.0,0.9267578125,sampled,ok,32,4096,0.073486328125,0.926513671875,False
external_iscas85_c3540,c3540,rewrite,new_n565,new_n633,1,rejected,0.959716796875,1.0,0.9267578125,sampled,ok,32,4096,0.0751953125,0.9248046875,False
external_iscas85_c880,c880,rewrite_z,new_n252,new_n256,1,rejected,0.9597057711693548,0.967741935483871,0.947265625,sampled,ok,31,4096,0.05908203125,0.94091796875,False
external_iscas85_c6288,c6288,refactor_z,new_n2360,new_n2373,1,rejected,0.9594740125868056,0.9444444444444444,0.961669921875,sampled,ok,18,4096,0.04150390625,0.95849609375,False
external_iscas85_c6288,c6288,resub,new_n2373,new_n2373,1,rejected,0.9594740125868056,0.9444444444444444,0.961669921875,sampled,ok,18,4096,0.0419921875,0.9580078125,False
external_iscas85_c6288,c6288,rewrite,new_n2344,new_n2373,1,rejected,0.9594740125868056,0.9444444444444444,0.961669921875,sampled,ok,18,4096,0.035400390625,0.964599609375,False
external_iscas85_c7552,c7552,refactor,new_n1697,new_n1892,1,rejected,0.959216904058689,0.926829268292683,0.972412109375,sampled,ok,41,4096,0.03173828125,0.96826171875,False
external_iscas85_c7552,c7552,rewrite,new_n1487,new_n1717,1,rejected,0.95904541015625,1.0,0.925537109375,sampled,ok,124,4096,0.080322265625,0.919677734375,False
external_iscas85_c3540,c3540,refactor,new_n270,new_n294,1,rejected,0.9590016084558824,0.9411764705882352,0.962890625,sampled,ok,17,4096,0.038818359375,0.961181640625,False
external_iscas85_c3540,c3540,refactor_z,new_n214,new_n294,1,rejected,0.9590016084558824,0.9411764705882352,0.962890625,sampled,ok,17,4096,0.0439453125,0.9560546875,False
external_iscas85_c3540,c3540,rewrite,new_n273,new_n294,1,rejected,0.9590016084558824,0.9411764705882352,0.962890625,sampled,ok,17,4096,0.044189453125,0.955810546875,False
external_iscas85_c3540,c3540,rewrite_z,new_n219,new_n294,1,rejected,0.9590016084558824,0.9411764705882352,0.962890625,sampled,ok,17,4096,0.037353515625,0.962646484375,False
external_iscas85_c3540,c3540,compress2rs,new_n184,new_n223,1,rejected,0.9588673311121324,0.9411764705882352,0.962646484375,sampled,ok,17,4096,0.039794921875,0.960205078125,False
external_iscas85_c3540,c3540,dc2,new_n212,new_n223,1,rejected,0.9588673311121324,0.9411764705882352,0.962646484375,sampled,ok,17,4096,0.036376953125,0.963623046875,False
external_iscas85_c3540,c3540,refactor,new_n215,new_n223,1,rejected,0.9588673311121324,0.9411764705882352,0.962646484375,sampled,ok,17,4096,0.038330078125,0.961669921875,False
external_iscas85_c3540,c3540,refactor_z,new_n267,new_n223,1,rejected,0.9588673311121324,0.9411764705882352,0.962646484375,sampled,ok,17,4096,0.040771484375,0.959228515625,False
external_iscas85_c3540,c3540,resyn2,new_n184,new_n223,1,rejected,0.9588673311121324,0.9411764705882352,0.962646484375,sampled,ok,17,4096,0.039794921875,0.960205078125,False
external_iscas85_c3540,c3540,resyn2_like,new_n184,new_n223,1,rejected,0.9588673311121324,0.9411764705882352,0.962646484375,sampled,ok,17,4096,0.039306640625,0.960693359375,False
external_iscas85_c3540,c3540,rewrite,new_n216,new_n223,1,rejected,0.9588673311121324,0.9411764705882352,0.962646484375,sampled,ok,17,4096,0.041259765625,0.958740234375,False
external_iscas85_c7552,c7552,resyn2,new_n975,new_n1055,1,rejected,0.958726742393092,0.8947368421052632,0.991943359375,sampled,ok,19,4096,0.007080078125,0.992919921875,False
external_iscas85_c7552,c7552,resyn2_like,new_n975,new_n1055,1,rejected,0.958726742393092,0.8947368421052632,0.991943359375,sampled,ok,19,4096,0.00927734375,0.99072265625,False
external_iscas85_c7552,c7552,balance,new_n569,new_n540,1,rejected,0.95848388671875,0.9285714285714286,0.969970703125,sampled,ok,14,4096,0.03173828125,0.96826171875,False
external_iscas85_c3540,c3540,refactor_z,new_n583,new_n456,1,rejected,0.9581196552998312,0.945945945945946,0.958251953125,sampled,ok,37,4096,0.039306640625,0.960693359375,False
external_iscas85_c2670,c2670,dc2,new_n732,new_n843,1,rejected,0.95794677734375,0.9285714285714286,0.968994140625,sampled,ok,14,4096,0.03173828125,0.96826171875,False
external_iscas85_c7552,c7552,rewrite,new_n682,new_n1837,1,rejected,0.95788330078125,0.9,0.987060546875,sampled,ok,80,4096,0.01513671875,0.98486328125,False
external_iscas85_c3540,c3540,refactor,new_n594,new_n936,1,rejected,0.9578369140625,1.0,0.92333984375,sampled,ok,38,4096,0.073974609375,0.926025390625,False
external_iscas85_c3540,c3540,rewrite,new_n582,new_n936,1,rejected,0.9578369140625,1.0,0.92333984375,sampled,ok,38,4096,0.07861328125,0.92138671875,False
external_iscas85_c1908,c1908,dc2,new_n280,new_n307,1,rejected,0.95782470703125,0.9642857142857144,0.946044921875,sampled,ok,28,4096,0.052978515625,0.947021484375,False
external_iscas85_c7552,c7552,resyn,new_n721,new_n764,1,rejected,0.95770263671875,1.0,0.923095703125,sampled,ok,14,4096,0.07861328125,0.92138671875,False
external_iscas85_c3540,c3540,rewrite_z,new_n505,new_n342,1,rejected,0.9576700846354168,0.9047619047619048,0.983642578125,sampled,ok,21,4096,0.01318359375,0.98681640625,False
external_iscas85_c5315,c5315,resub,new_n997,new_n1090,1,rejected,0.9576012244591346,0.8846153846153846,0.996337890625,sampled,ok,26,4096,0.003662109375,0.996337890625,False
external_iscas85_c5315,c5315,rewrite,new_n913,new_n1090,1,rejected,0.9576012244591346,0.8846153846153846,0.996337890625,sampled,ok,26,4096,0.004638671875,0.995361328125,False
external_iscas85_c5315,c5315,balance,new_n891,new_n583,1,rejected,0.9575439453125,0.9285714285714286,0.96826171875,sampled,ok,14,4096,0.026611328125,0.973388671875,False
external_iscas85_c5315,c5315,refactor_z,new_n812,new_n583,1,rejected,0.9575439453125,0.9285714285714286,0.96826171875,sampled,ok,14,4096,0.029541015625,0.970458984375,False
external_iscas85_c7552,c7552,rewrite,new_n1502,new_n1786,1,rejected,0.9574650065104168,0.9333333333333332,0.965087890625,sampled,ok,90,4096,0.043701171875,0.956298828125,False
external_iscas85_c3540,c3540,rewrite_z,new_n574,new_n375,1,rejected,0.9574015299479168,0.9047619047619048,0.983154296875,sampled,ok,21,4096,0.0146484375,0.9853515625,False
external_iscas85_c3540,c3540,dc2,new_n319,new_n367,1,rejected,0.9572560029871324,0.9411764705882352,0.959716796875,sampled,ok,17,4096,0.041015625,0.958984375,False
external_iscas85_c3540,c3540,refactor,new_n333,new_n367,1,rejected,0.9572560029871324,0.9411764705882352,0.959716796875,sampled,ok,17,4096,0.041259765625,0.958740234375,False
external_iscas85_c3540,c3540,refactor_z,new_n381,new_n367,1,rejected,0.9572560029871324,0.9411764705882352,0.959716796875,sampled,ok,17,4096,0.040771484375,0.959228515625,False
external_iscas85_c3540,c3540,rewrite,new_n332,new_n367,1,rejected,0.9572560029871324,0.9411764705882352,0.959716796875,sampled,ok,17,4096,0.04443359375,0.95556640625,False
external_iscas85_c3540,c3540,rewrite_z,new_n549,new_n496,1,rejected,0.9572170681423612,0.8888888888888888,0.992919921875,sampled,ok,18,4096,0.010009765625,0.989990234375,False
external_iscas85_c432,c432,rewrite_z,new_n221,new_n233,1,rejected,0.95716552734375,1.0,0.922119140625,sampled,ok,36,4096,0.075927734375,0.924072265625,False
external_iscas85_c3540,c3540,refactor_z,new_n625,new_n741,1,rejected,0.95703125,1.0,0.921875,sampled,ok,25,4096,0.07275390625,0.92724609375,False
external_iscas85_c3540,c3540,rewrite_z,new_n658,new_n741,1,rejected,0.95703125,1.0,0.921875,sampled,ok,25,4096,0.071533203125,0.928466796875,False
external_iscas85_c3540,c3540,dc2,new_n605,new_n736,1,rejected,0.956884765625,0.9642857142857144,0.9443359375,sampled,ok,28,4096,0.052978515625,0.947021484375,False
external_iscas85_c2670,c2670,dc2,new_n716,new_n911,1,rejected,0.95660400390625,0.9285714285714286,0.966552734375,sampled,ok,14,4096,0.02978515625,0.97021484375,False
external_iscas85_c3540,c3540,rewrite_z,new_n792,new_n989,1,rejected,0.95635986328125,1.0,0.920654296875,sampled,ok,36,4096,0.084228515625,0.915771484375,False
external_iscas85_c3540,c3540,compress2rs,new_n378,new_n334,1,rejected,0.9561817842371324,0.9411764705882352,0.957763671875,sampled,ok,17,4096,0.04443359375,0.95556640625,False
external_iscas85_c3540,c3540,dc2,new_n297,new_n334,1,rejected,0.9561817842371324,0.9411764705882352,0.957763671875,sampled,ok,17,4096,0.040283203125,0.959716796875,False
external_iscas85_c3540,c3540,refactor,new_n306,new_n334,1,rejected,0.9561817842371324,0.9411764705882352,0.957763671875,sampled,ok,17,4096,0.04443359375,0.95556640625,False
external_iscas85_c3540,c3540,refactor_z,new_n355,new_n334,1,rejected,0.9561817842371324,0.9411764705882352,0.957763671875,sampled,ok,17,4096,0.04296875,0.95703125,False
external_iscas85_c3540,c3540,resyn2,new_n378,new_n334,1,rejected,0.9561817842371324,0.9411764705882352,0.957763671875,sampled,ok,17,4096,0.039794921875,0.960205078125,False
external_iscas85_c3540,c3540,resyn2_like,new_n378,new_n334,1,rejected,0.9561817842371324,0.9411764705882352,0.957763671875,sampled,ok,17,4096,0.046630859375,0.953369140625,False
external_iscas85_c3540,c3540,rewrite,new_n306,new_n334,1,rejected,0.9561817842371324,0.9411764705882352,0.957763671875,sampled,ok,17,4096,0.0390625,0.9609375,False
external_iscas85_c7552,c7552,resyn2,new_n609,new_n1799,1,rejected,0.95609130859375,1.0,0.920166015625,sampled,ok,90,4096,0.0859375,0.9140625,False
external_iscas85_c7552,c7552,resyn2_like,new_n609,new_n1799,1,rejected,0.95609130859375,1.0,0.920166015625,sampled,ok,90,4096,0.08740234375,0.91259765625,False
external_iscas85_c3540,c3540,dc2,new_n481,new_n342,1,rejected,0.9560587565104168,0.9047619047619048,0.980712890625,sampled,ok,21,4096,0.014404296875,0.985595703125,False
external_iscas85_c3540,c3540,rewrite,new_n541,new_n342,1,rejected,0.9560587565104168,0.9047619047619048,0.980712890625,sampled,ok,21,4096,0.013916015625,0.986083984375,False
external_iscas85_c2670,c2670,dc2,new_n730,new_n796,1,rejected,0.9560237004206732,0.9230769230769232,0.968994140625,sampled,ok,13,4096,0.032470703125,0.967529296875,False
external_iscas85_c7552,c7552,resub,new_n1079,new_n766,1,rejected,0.95595703125,1.0,0.919921875,sampled,ok,21,4096,0.076171875,0.923828125,False
external_iscas85_c7552,c7552,resyn2,new_n675,new_n766,1,rejected,0.95595703125,1.0,0.919921875,sampled,ok,21,4096,0.087890625,0.912109375,False
external_iscas85_c7552,c7552,resyn2_like,new_n675,new_n766,1,rejected,0.95595703125,1.0,0.919921875,sampled,ok,21,4096,0.083740234375,0.916259765625,False
external_iscas85_c7552,c7552,refactor,new_n624,new_n389,1,rejected,0.9556884765625,1.0,0.91943359375,sampled,ok,17,4096,0.069580078125,0.930419921875,False
external_iscas85_c7552,c7552,refactor_z,new_n620,new_n389,1,rejected,0.9556884765625,1.0,0.91943359375,sampled,ok,17,4096,0.080322265625,0.919677734375,False
external_iscas85_c7552,c7552,resub,new_n647,new_n389,1,rejected,0.9556884765625,1.0,0.91943359375,sampled,ok,17,4096,0.079345703125,0.920654296875,False
external_iscas85_c3540,c3540,dc2,new_n543,new_n375,1,rejected,0.9556559244791668,0.9047619047619048,0.97998046875,sampled,ok,21,4096,0.01611328125,0.98388671875,False
external_iscas85_c3540,c3540,rewrite,new_n571,new_n375,1,rejected,0.9556559244791668,0.9047619047619048,0.97998046875,sampled,ok,21,4096,0.017578125,0.982421875,False
external_iscas85_c3540,c3540,dc2,new_n239,new_n259,1,rejected,0.9554456922743056,0.9444444444444444,0.954345703125,sampled,ok,18,4096,0.0498046875,0.9501953125,False
external_iscas85_c3540,c3540,refactor,new_n242,new_n259,1,rejected,0.9554456922743056,0.9444444444444444,0.954345703125,sampled,ok,18,4096,0.04931640625,0.95068359375,False
external_iscas85_c3540,c3540,refactor_z,new_n184,new_n259,1,rejected,0.9554456922743056,0.9444444444444444,0.954345703125,sampled,ok,18,4096,0.052978515625,0.947021484375,False
external_iscas85_c3540,c3540,rewrite,new_n245,new_n259,1,rejected,0.9554456922743056,0.9444444444444444,0.954345703125,sampled,ok,18,4096,0.04638671875,0.95361328125,False
external_iscas85_c3540,c3540,rewrite_z,new_n188,new_n259,1,rejected,0.9554456922743056,0.9444444444444444,0.954345703125,sampled,ok,18,4096,0.047119140625,0.952880859375,False
external_iscas85_c3540,c3540,refactor,new_n386,new_n440,1,rejected,0.9553761201746324,0.9411764705882352,0.956298828125,sampled,ok,17,4096,0.051513671875,0.948486328125,False
external_iscas85_c2670,c2670,rewrite,new_n730,new_n796,1,rejected,0.9553523137019232,0.9230769230769232,0.9677734375,sampled,ok,13,4096,0.033447265625,0.966552734375,False
external_iscas85_c3540,c3540,rewrite_z,new_n559,new_n631,1,rejected,0.955224609375,0.96875,0.9384765625,sampled,ok,32,4096,0.067138671875,0.932861328125,False
external_iscas85_c880,c880,rewrite_z,new_n350,new_n360,1,rejected,0.95522216796875,0.9714285714285714,0.936767578125,sampled,ok,35,4096,0.064453125,0.935546875,False
external_iscas85_c7552,c7552,resub,new_n1078,new_n1119,1,rejected,0.9551980411305148,0.8823529411764706,0.993408203125,sampled,ok,17,4096,0.007568359375,0.992431640625,False
external_iscas85_c7552,c7552,resyn2,new_n674,new_n1119,1,rejected,0.9551980411305148,0.8823529411764706,0.993408203125,sampled,ok,17,4096,0.00830078125,0.99169921875,False
external_iscas85_c7552,c7552,resyn2_like,new_n674,new_n1119,1,rejected,0.9551980411305148,0.8823529411764706,0.993408203125,sampled,ok,17,4096,0.0048828125,0.9951171875,False
external_iscas85_c3540,c3540,refactor,new_n389,new_n433,1,rejected,0.9551075654871324,0.9411764705882352,0.955810546875,sampled,ok,17,4096,0.042236328125,0.957763671875,False
external_iscas85_c3540,c3540,refactor_z,new_n326,new_n433,1,rejected,0.9551075654871324,0.9411764705882352,0.955810546875,sampled,ok,17,4096,0.0439453125,0.9560546875,False
external_iscas85_c3540,c3540,rewrite,new_n386,new_n433,1,rejected,0.9551075654871324,0.9411764705882352,0.955810546875,sampled,ok,17,4096,0.04248046875,0.95751953125,False
external_iscas85_c3540,c3540,rewrite_z,new_n330,new_n433,1,rejected,0.9551075654871324,0.9411764705882352,0.955810546875,sampled,ok,17,4096,0.048583984375,0.951416015625,False
external_iscas85_c2670,c2670,dc2,new_n725,new_n905,1,rejected,0.9548583984375,0.9285714285714286,0.96337890625,sampled,ok,14,4096,0.0302734375,0.9697265625,False
external_iscas85_c2670,c2670,rewrite,new_n774,new_n796,1,rejected,0.954815204326923,0.9230769230769232,0.966796875,sampled,ok,13,4096,0.03173828125,0.96826171875,False
external_iscas85_c7552,c7552,resyn2,new_n1394,new_n1056,1,rejected,0.9547159830729168,0.9047619047619048,0.978271484375,sampled,ok,21,4096,0.022216796875,0.977783203125,False
external_iscas85_c7552,c7552,resyn2_like,new_n1394,new_n1056,1,rejected,0.9547159830729168,0.9047619047619048,0.978271484375,sampled,ok,21,4096,0.023193359375,0.976806640625,False
external_iscas85_c7552,c7552,rewrite_z,new_n1035,new_n1734,1,rejected,0.9547159830729168,0.9047619047619048,0.978271484375,sampled,ok,21,4096,0.0234375,0.9765625,False
external_iscas85_c2670,c2670,dc2,new_n714,new_n796,1,rejected,0.9546809269831732,0.9230769230769232,0.966552734375,sampled,ok,13,4096,0.034423828125,0.965576171875,False
external_iscas85_c3540,c3540,balance,new_n763,new_n749,1,rejected,0.9546142578125,1.0,0.91748046875,sampled,ok,30,4096,0.080810546875,0.919189453125,False
external_iscas85_c6288,c6288,refactor_z,new_n2233,new_n2247,1,rejected,0.95447998046875,1.0,0.917236328125,sampled,ok,14,4096,0.081298828125,0.918701171875,False
external_iscas85_c6288,c6288,refactor_z,new_n2235,new_n2248,1,rejected,0.95447998046875,1.0,0.917236328125,sampled,ok,14,4096,0.0859375,0.9140625,False
external_iscas85_c6288,c6288,resub,new_n2246,new_n2247,1,rejected,0.95447998046875,1.0,0.917236328125,sampled,ok,14,4096,0.086181640625,0.913818359375,False
external_iscas85_c6288,c6288,resub,new_n2248,new_n2248,1,rejected,0.95447998046875,1.0,0.917236328125,sampled,ok,14,4096,0.08837890625,0.91162109375,False
external_iscas85_c6288,c6288,rewrite,new_n2217,new_n2247,1,rejected,0.95447998046875,1.0,0.917236328125,sampled,ok,14,4096,0.084228515625,0.915771484375,False
external_iscas85_c6288,c6288,rewrite,new_n2219,new_n2248,1,rejected,0.95447998046875,1.0,0.917236328125,sampled,ok,14,4096,0.080078125,0.919921875,False
external_iscas85_c7552,c7552,resub,new_n1683,new_n1788,1,rejected,0.9543967507102272,0.9886363636363636,0.92431640625,sampled,ok,88,4096,0.078125,0.921875,False
external_iscas85_c3540,c3540,balance,new_n633,new_n633,1,rejected,0.954345703125,1.0,0.9169921875,sampled,ok,32,4096,0.087890625,0.912109375,False
external_iscas85_c3540,c3540,refactor,new_n576,new_n633,1,rejected,0.954345703125,1.0,0.9169921875,sampled,ok,32,4096,0.08642578125,0.91357421875,False
external_iscas85_c3540,c3540,refactor_z,new_n527,new_n633,1,rejected,0.954345703125,1.0,0.9169921875,sampled,ok,32,4096,0.088134765625,0.911865234375,False
external_iscas85_c2670,c2670,dc2,new_n719,new_n796,1,rejected,0.9542780949519232,0.9230769230769232,0.9658203125,sampled,ok,13,4096,0.032470703125,0.967529296875,False
external_iscas85_c2670,c2670,rewrite,new_n770,new_n796,1,rejected,0.9542780949519232,0.9230769230769232,0.9658203125,sampled,ok,13,4096,0.028564453125,0.971435546875,False
external_iscas85_c6288,c6288,refactor_z,new_n2172,new_n2186,1,rejected,0.95421142578125,1.0,0.916748046875,sampled,ok,13,4096,0.08447265625,0.91552734375,False
external_iscas85_c6288,c6288,refactor_z,new_n2174,new_n2187,1,rejected,0.95421142578125,1.0,0.916748046875,sampled,ok,13,4096,0.081298828125,0.918701171875,False
external_iscas85_c6288,c6288,refactor_z,new_n2377,new_n2391,1,rejected,0.95421142578125,1.0,0.916748046875,sampled,ok,18,4096,0.079345703125,0.920654296875,False
external_iscas85_c6288,c6288,refactor_z,new_n2379,new_n2392,1,rejected,0.95421142578125,1.0,0.916748046875,sampled,ok,18,4096,0.0810546875,0.9189453125,False
external_iscas85_c6288,c6288,resub,new_n2185,new_n2186,1,rejected,0.95421142578125,1.0,0.916748046875,sampled,ok,13,4096,0.087646484375,0.912353515625,False
external_iscas85_c6288,c6288,resub,new_n2187,new_n2187,1,rejected,0.95421142578125,1.0,0.916748046875,sampled,ok,13,4096,0.09033203125,0.90966796875,False
external_iscas85_c6288,c6288,resub,new_n2390,new_n2391,1,rejected,0.95421142578125,1.0,0.916748046875,sampled,ok,18,4096,0.078857421875,0.921142578125,False
external_iscas85_c6288,c6288,resub,new_n2392,new_n2392,1,rejected,0.95421142578125,1.0,0.916748046875,sampled,ok,18,4096,0.083740234375,0.916259765625,False
external_iscas85_c6288,c6288,rewrite,new_n2156,new_n2186,1,rejected,0.95421142578125,1.0,0.916748046875,sampled,ok,13,4096,0.0888671875,0.9111328125,False
external_iscas85_c6288,c6288,rewrite,new_n2158,new_n2187,1,rejected,0.95421142578125,1.0,0.916748046875,sampled,ok,13,4096,0.0830078125,0.9169921875,False
external_iscas85_c6288,c6288,rewrite,new_n2361,new_n2391,1,rejected,0.95421142578125,1.0,0.916748046875,sampled,ok,18,4096,0.091552734375,0.908447265625,False
external_iscas85_c6288,c6288,rewrite,new_n2363,new_n2392,1,rejected,0.95421142578125,1.0,0.916748046875,sampled,ok,18,4096,0.08251953125,0.91748046875,False
external_iscas85_c2670,c2670,rewrite_z,new_n754,new_n877,1,rejected,0.9541788736979168,0.9047619047619048,0.977294921875,sampled,ok,42,4096,0.022216796875,0.977783203125,False
external_iscas85_c6288,c6288,refactor_z,new_n2284,new_n2298,1,rejected,0.9540771484375,1.0,0.91650390625,sampled,ok,15,4096,0.0849609375,0.9150390625,False
external_iscas85_c6288,c6288,refactor_z,new_n2286,new_n2299,1,rejected,0.9540771484375,1.0,0.91650390625,sampled,ok,15,4096,0.081298828125,0.918701171875,False
external_iscas85_c6288,c6288,resub,new_n2297,new_n2298,1,rejected,0.9540771484375,1.0,0.91650390625,sampled,ok,15,4096,0.086181640625,0.913818359375,False
external_iscas85_c6288,c6288,resub,new_n2299,new_n2299,1,rejected,0.9540771484375,1.0,0.91650390625,sampled,ok,15,4096,0.08203125,0.91796875,False
external_iscas85_c6288,c6288,rewrite,new_n2268,new_n2298,1,rejected,0.9540771484375,1.0,0.91650390625,sampled,ok,15,4096,0.087890625,0.912109375,False
external_iscas85_c6288,c6288,rewrite,new_n2270,new_n2299,1,rejected,0.9540771484375,1.0,0.91650390625,sampled,ok,15,4096,0.0771484375,0.9228515625,False
external_iscas85_c6288,c6288,refactor_z,new_n2288,new_n2301,1,rejected,0.953955078125,0.9375,0.9560546875,sampled,ok,16,4096,0.03759765625,0.96240234375,False
external_iscas85_c6288,c6288,resub,new_n2301,new_n2301,1,rejected,0.953955078125,0.9375,0.9560546875,sampled,ok,16,4096,0.041015625,0.958984375,False
external_iscas85_c6288,c6288,rewrite,new_n2272,new_n2301,1,rejected,0.953955078125,0.9375,0.9560546875,sampled,ok,16,4096,0.041259765625,0.958740234375,False
external_iscas85_c3540,c3540,compress2rs,new_n617,new_n748,1,rejected,0.95380859375,1.0,0.916015625,sampled,ok,30,4096,0.07421875,0.92578125,False
external_iscas85_c3540,c3540,dc2,new_n602,new_n748,1,rejected,0.95380859375,1.0,0.916015625,sampled,ok,30,4096,0.08544921875,0.91455078125,False
external_iscas85_c880,c880,dc2,new_n236,new_n265,1,rejected,0.95367431640625,1.0,0.915771484375,sampled,ok,20,4096,0.08349609375,0.91650390625,False
external_iscas85_c880,c880,resyn,new_n256,new_n265,1,rejected,0.95367431640625,1.0,0.915771484375,sampled,ok,20,4096,0.084716796875,0.915283203125,False
external_iscas85_c880,c880,resyn2,new_n257,new_n265,1,rejected,0.95367431640625,1.0,0.915771484375,sampled,ok,20,4096,0.08251953125,0.91748046875,False
external_iscas85_c880,c880,resyn2_like,new_n257,new_n265,1,rejected,0.95367431640625,1.0,0.915771484375,sampled,ok,20,4096,0.079833984375,0.920166015625,False
external_iscas85_c880,c880,rewrite,new_n261,new_n265,1,rejected,0.95367431640625,1.0,0.915771484375,sampled,ok,20,4096,0.08056640625,0.91943359375,False
external_iscas85_c1908,c1908,balance,new_n238,new_n307,1,rejected,0.95358642578125,0.9,0.979248046875,sampled,ok,30,4096,0.018310546875,0.981689453125,False
external_iscas85_c1908,c1908,dc2,new_n232,new_n307,1,rejected,0.95358642578125,0.9,0.979248046875,sampled,ok,30,4096,0.01513671875,0.98486328125,False
external_iscas85_c1908,c1908,refactor_z,new_n236,new_n307,1,rejected,0.95358642578125,0.9,0.979248046875,sampled,ok,30,4096,0.013671875,0.986328125,False
external_iscas85_c1908,c1908,resyn,new_n235,new_n307,1,rejected,0.95358642578125,0.9,0.979248046875,sampled,ok,30,4096,0.01806640625,0.98193359375,False
external_iscas85_c1908,c1908,rewrite_z,new_n235,new_n307,1,rejected,0.95358642578125,0.9,0.979248046875,sampled,ok,30,4096,0.015625,0.984375,False
external_iscas85_c2670,c2670,dc2,new_n704,new_n796,1,rejected,0.953472430889423,0.9230769230769232,0.96435546875,sampled,ok,13,4096,0.029541015625,0.970458984375,False
external_iscas85_c3540,c3540,refactor,new_n330,new_n372,1,rejected,0.9533619600183824,0.9411764705882352,0.95263671875,sampled,ok,17,4096,0.05078125,0.94921875,False
external_iscas85_c3540,c3540,refactor_z,new_n378,new_n372,1,rejected,0.9533619600183824,0.9411764705882352,0.95263671875,sampled,ok,17,4096,0.050048828125,0.949951171875,False
external_iscas85_c6288,c6288,refactor_z,new_n2329,new_n2342,1,rejected,0.9533619600183824,0.9411764705882352,0.95263671875,sampled,ok,17,4096,0.044189453125,0.955810546875,False
external_iscas85_c6288,c6288,resub,new_n2342,new_n2342,1,rejected,0.9533619600183824,0.9411764705882352,0.95263671875,sampled,ok,17,4096,0.03857421875,0.96142578125,False
external_iscas85_c6288,c6288,rewrite,new_n2313,new_n2342,1,rejected,0.9533619600183824,0.9411764705882352,0.95263671875,sampled,ok,17,4096,0.038818359375,0.961181640625,False
external_iscas85_c3540,c3540,refactor,new_n303,new_n339,1,rejected,0.9530934053308824,0.9411764705882352,0.9521484375,sampled,ok,17,4096,0.04833984375,0.95166015625,False
external_iscas85_c3540,c3540,refactor_z,new_n352,new_n339,1,rejected,0.9530934053308824,0.9411764705882352,0.9521484375,sampled,ok,17,4096,0.05078125,0.94921875,False
external_iscas85_c2670,c2670,rewrite,new_n780,new_n796,1,rejected,0.9530695988581732,0.9230769230769232,0.963623046875,sampled,ok,13,4096,0.035400390625,0.964599609375,False
external_iscas85_c2670,c2670,dc2,new_n723,new_n796,1,rejected,0.9529353215144232,0.9230769230769232,0.96337890625,sampled,ok,13,4096,0.03125,0.96875,False
external_iscas85_c6288,c6288,refactor_z,new_n2356,new_n2370,1,rejected,0.95286865234375,1.0,0.914306640625,sampled,ok,17,4096,0.0859375,0.9140625,False
external_iscas85_c6288,c6288,refactor_z,new_n2358,new_n2371,1,rejected,0.95286865234375,1.0,0.914306640625,sampled,ok,17,4096,0.08056640625,0.91943359375,False
external_iscas85_c6288,c6288,resub,new_n2369,new_n2370,1,rejected,0.95286865234375,1.0,0.914306640625,sampled,ok,17,4096,0.08544921875,0.91455078125,False
external_iscas85_c6288,c6288,resub,new_n2371,new_n2371,1,rejected,0.95286865234375,1.0,0.914306640625,sampled,ok,17,4096,0.08056640625,0.91943359375,False
external_iscas85_c6288,c6288,rewrite,new_n2340,new_n2370,1,rejected,0.95286865234375,1.0,0.914306640625,sampled,ok,17,4096,0.08544921875,0.91455078125,False
external_iscas85_c6288,c6288,rewrite,new_n2342,new_n2371,1,rejected,0.95286865234375,1.0,0.914306640625,sampled,ok,17,4096,0.087646484375,0.912353515625,False
external_iscas85_c7552,c7552,rewrite,new_n1508,new_n1753,1,rejected,0.9526938100961538,0.953846153846154,0.943359375,sampled,ok,65,4096,0.065673828125,0.934326171875,False
external_iscas85_c7552,c7552,rewrite_z,new_n1545,new_n1753,1,rejected,0.9526938100961538,0.953846153846154,0.943359375,sampled,ok,65,4096,0.063720703125,0.936279296875,False
external_iscas85_c2670,c2670,rewrite_z,new_n705,new_n819,1,rejected,0.9526905732996324,0.9411764705882352,0.951416015625,sampled,ok,17,4096,0.04443359375,0.95556640625,False
external_iscas85_c2670,c2670,rewrite,new_n738,new_n796,1,rejected,0.9526667668269232,0.9230769230769232,0.962890625,sampled,ok,13,4096,0.032470703125,0.967529296875,False
external_iscas85_c7552,c7552,refactor,new_n1660,new_n1865,1,rejected,0.95260009765625,1.0,0.913818359375,sampled,ok,76,4096,0.081787109375,0.918212890625,False
external_iscas85_c7552,c7552,refactor_z,new_n1643,new_n1865,1,rejected,0.95260009765625,1.0,0.913818359375,sampled,ok,76,4096,0.085693359375,0.914306640625,False
external_iscas85_c6288,c6288,refactor_z,new_n2176,new_n2189,1,rejected,0.95257568359375,0.9285714285714286,0.959228515625,sampled,ok,14,4096,0.033935546875,0.966064453125,False
external_iscas85_c6288,c6288,resub,new_n2189,new_n2189,1,rejected,0.95257568359375,0.9285714285714286,0.959228515625,sampled,ok,14,4096,0.04150390625,0.95849609375,False
external_iscas85_c6288,c6288,rewrite,new_n2160,new_n2189,1,rejected,0.95257568359375,0.9285714285714286,0.959228515625,sampled,ok,14,4096,0.042236328125,0.957763671875,False
external_iscas85_c7552,c7552,refactor,new_n977,new_n1715,1,rejected,0.952490234375,0.875,0.9931640625,sampled,ok,120,4096,0.005615234375,0.994384765625,False
external_iscas85_c6288,c6288,refactor_z,new_n2237,new_n2250,1,rejected,0.9523624674479166,0.9333333333333332,0.955810546875,sampled,ok,15,4096,0.043212890625,0.956787109375,False
external_iscas85_c6288,c6288,resub,new_n2250,new_n2250,1,rejected,0.9523624674479166,0.9333333333333332,0.955810546875,sampled,ok,15,4096,0.0390625,0.9609375,False
external_iscas85_c6288,c6288,rewrite,new_n2221,new_n2250,1,rejected,0.9523624674479166,0.9333333333333332,0.955810546875,sampled,ok,15,4096,0.039794921875,0.960205078125,False
external_iscas85_c7552,c7552,compress2rs,new_n1594,new_n2045,1,rejected,0.952119140625,0.9875,0.9208984375,sampled,ok,80,4096,0.08837890625,0.91162109375,False
external_iscas85_c6288,c6288,refactor_z,new_n2325,new_n2339,1,rejected,0.95206298828125,1.0,0.912841796875,sampled,ok,16,4096,0.08447265625,0.91552734375,False
external_iscas85_c6288,c6288,refactor_z,new_n2327,new_n2340,1,rejected,0.95206298828125,1.0,0.912841796875,sampled,ok,16,4096,0.073486328125,0.926513671875,False
external_iscas85_c6288,c6288,resub,new_n2338,new_n2339,1,rejected,0.95206298828125,1.0,0.912841796875,sampled,ok,16,4096,0.0859375,0.9140625,False
external_iscas85_c6288,c6288,resub,new_n2340,new_n2340,1,rejected,0.95206298828125,1.0,0.912841796875,sampled,ok,16,4096,0.08984375,0.91015625,False
external_iscas85_c6288,c6288,rewrite,new_n2309,new_n2339,1,rejected,0.95206298828125,1.0,0.912841796875,sampled,ok,16,4096,0.078369140625,0.921630859375,False
external_iscas85_c6288,c6288,rewrite,new_n2311,new_n2340,1,rejected,0.95206298828125,1.0,0.912841796875,sampled,ok,16,4096,0.08447265625,0.91552734375,False
external_iscas85_c2670,c2670,rewrite,new_n760,new_n881,1,rejected,0.951980251736111,0.8888888888888888,0.9833984375,sampled,ok,36,4096,0.013427734375,0.986572265625,False
external_iscas85_c1908,c1908,resyn,new_n284,new_n314,1,rejected,0.951953125,0.875,0.9921875,sampled,ok,32,4096,0.010009765625,0.989990234375,False
external_iscas85_c1908,c1908,resyn2,new_n285,new_n314,1,rejected,0.951953125,0.875,0.9921875,sampled,ok,32,4096,0.010498046875,0.989501953125,False
external_iscas85_c1908,c1908,resyn2_like,new_n285,new_n314,1,rejected,0.951953125,0.875,0.9921875,sampled,ok,32,4096,0.009521484375,0.990478515625,False
external_iscas85_c7552,c7552,resub,new_n984,new_n1019,1,rejected,0.9517618815104166,0.9047619047619048,0.972900390625,sampled,ok,21,4096,0.021240234375,0.978759765625,False
external_iscas85_c7552,c7552,rewrite_z,new_n1017,new_n1019,1,rejected,0.9517618815104166,0.9047619047619048,0.972900390625,sampled,ok,21,4096,0.024658203125,0.975341796875,False
external_iscas85_c2670,c2670,rewrite,new_n726,new_n796,1,rejected,0.9517268254206732,0.9230769230769232,0.961181640625,sampled,ok,13,4096,0.031005859375,0.968994140625,False
external_iscas85_c3540,c3540,refactor,new_n360,new_n400,1,rejected,0.9516859266493056,0.9444444444444444,0.947509765625,sampled,ok,18,4096,0.05322265625,0.94677734375,False
external_iscas85_c3540,c3540,refactor_z,new_n299,new_n400,1,rejected,0.9516859266493056,0.9444444444444444,0.947509765625,sampled,ok,18,4096,0.05712890625,0.94287109375,False
external_iscas85_c3540,c3540,rewrite,new_n358,new_n400,1,rejected,0.9516859266493056,0.9444444444444444,0.947509765625,sampled,ok,18,4096,0.05322265625,0.94677734375,False
external_iscas85_c3540,c3540,rewrite_z,new_n303,new_n400,1,rejected,0.9516859266493056,0.9444444444444444,0.947509765625,sampled,ok,18,4096,0.05615234375,0.94384765625,False
external_iscas85_c1908,c1908,compress2rs,new_n265,new_n314,1,rejected,0.951416015625,0.875,0.9912109375,sampled,ok,32,4096,0.011474609375,0.988525390625,False
external_iscas85_c1908,c1908,compress2rs,new_n278,new_n314,1,rejected,0.951416015625,0.875,0.9912109375,sampled,ok,32,4096,0.010498046875,0.989501953125,False
external_iscas85_c1908,c1908,resyn2,new_n265,new_n314,1,rejected,0.951416015625,0.875,0.9912109375,sampled,ok,32,4096,0.006591796875,0.993408203125,False
external_iscas85_c1908,c1908,resyn2,new_n278,new_n314,1,rejected,0.951416015625,0.875,0.9912109375,sampled,ok,32,4096,0.01025390625,0.98974609375,False
external_iscas85_c1908,c1908,resyn2_like,new_n265,new_n314,1,rejected,0.951416015625,0.875,0.9912109375,sampled,ok,32,4096,0.009765625,0.990234375,False
external_iscas85_c1908,c1908,resyn2_like,new_n278,new_n314,1,rejected,0.951416015625,0.875,0.9912109375,sampled,ok,32,4096,0.010009765625,0.989990234375,False
external_iscas85_c1908,c1908,balance,new_n305,new_n305,1,rejected,0.9513916015625,1.0,0.91162109375,sampled,ok,24,4096,0.06787109375,0.93212890625,False
external_iscas85_c7552,c7552,resub,new_n983,new_n1042,1,rejected,0.95121337890625,0.95,0.943115234375,sampled,ok,20,4096,0.048095703125,0.951904296875,False
external_iscas85_c2670,c2670,rewrite_z,new_n687,new_n812,1,rejected,0.9510792451746324,0.9411764705882352,0.948486328125,sampled,ok,17,4096,0.042236328125,0.957763671875,False
external_iscas85_c2670,c2670,rewrite_z,new_n695,new_n800,1,rejected,0.9509449678308824,0.9411764705882352,0.9482421875,sampled,ok,17,4096,0.045654296875,0.954345703125,False
external_iscas85_c7552,c7552,rewrite_z,new_n1991,new_n1223,1,rejected,0.950830078125,0.9285714285714286,0.9560546875,sampled,ok,14,4096,0.044189453125,0.955810546875,False
external_iscas85_c7552,c7552,resyn2,new_n500,new_n2318,1,rejected,0.95072021484375,1.0,0.910400390625,sampled,ok,13,4096,0.093505859375,0.906494140625,False
external_iscas85_c7552,c7552,resyn2_like,new_n500,new_n2318,1,rejected,0.95072021484375,1.0,0.910400390625,sampled,ok,13,4096,0.08642578125,0.91357421875,False
external_iscas85_c7552,c7552,rewrite,new_n1969,new_n2318,1,rejected,0.95072021484375,1.0,0.910400390625,sampled,ok,13,4096,0.083984375,0.916015625,False
external_iscas85_c1908,c1908,compress2rs,new_n235,new_n306,1,rejected,0.95063232421875,0.9,0.973876953125,sampled,ok,30,4096,0.01611328125,0.98388671875,False
external_iscas85_c1908,c1908,resyn2,new_n235,new_n306,1,rejected,0.95063232421875,0.9,0.973876953125,sampled,ok,30,4096,0.020263671875,0.979736328125,False
external_iscas85_c1908,c1908,resyn2_like,new_n235,new_n306,1,rejected,0.95063232421875,0.9,0.973876953125,sampled,ok,30,4096,0.0224609375,0.9775390625,False
external_iscas85_c3540,c3540,rewrite_z,new_n545,new_n491,1,rejected,0.9505421357996324,0.9411764705882352,0.947509765625,sampled,ok,17,4096,0.0595703125,0.9404296875,False
external_iscas85_c6288,c6288,refactor_z,new_n2105,new_n2118,1,rejected,0.9503840519831732,0.9230769230769232,0.958740234375,sampled,ok,13,4096,0.042724609375,0.957275390625,False
external_iscas85_c6288,c6288,resub,new_n2118,new_n2118,1,rejected,0.9503840519831732,0.9230769230769232,0.958740234375,sampled,ok,13,4096,0.039306640625,0.960693359375,False
external_iscas85_c6288,c6288,rewrite,new_n2089,new_n2118,1,rejected,0.9503840519831732,0.9230769230769232,0.958740234375,sampled,ok,13,4096,0.035888671875,0.964111328125,False
external_iscas85_c7552,c7552,rewrite,new_n1503,new_n1810,1,rejected,0.9503483072916666,0.9333333333333332,0.9521484375,sampled,ok,90,4096,0.0625,0.9375,False
external_iscas85_c5315,c5315,compress2rs,new_n1487,new_n1043,1,rejected,0.9502346462673612,0.8888888888888888,0.980224609375,sampled,ok,18,4096,0.013427734375,0.986572265625,False
external_iscas85_c5315,c5315,resyn,new_n1468,new_n1043,1,rejected,0.9502346462673612,0.8888888888888888,0.980224609375,sampled,ok,18,4096,0.0146484375,0.9853515625,False
external_iscas85_c5315,c5315,resyn2,new_n1497,new_n1043,1,rejected,0.9502346462673612,0.8888888888888888,0.980224609375,sampled,ok,18,4096,0.014404296875,0.985595703125,False
external_iscas85_c5315,c5315,resyn2_like,new_n1497,new_n1043,1,rejected,0.9502346462673612,0.8888888888888888,0.980224609375,sampled,ok,18,4096,0.01611328125,0.98388671875,False
external_iscas85_c7552,c7552,balance,new_n1098,new_n1110,1,rejected,0.9502297794117648,0.8823529411764706,0.984375,sampled,ok,17,4096,0.0224609375,0.9775390625,False
external_iscas85_c7552,c7552,resub,new_n1064,new_n1110,1,rejected,0.9502297794117648,0.8823529411764706,0.984375,sampled,ok,17,4096,0.0234375,0.9765625,False
external_iscas85_c7552,c7552,rewrite,new_n729,new_n1110,1,rejected,0.9502297794117648,0.8823529411764706,0.984375,sampled,ok,17,4096,0.0146484375,0.9853515625,False
external_iscas85_c7552,c7552,dc2,new_n792,new_n1079,1,rejected,0.95018310546875,1.0,0.909423828125,sampled,ok,21,4096,0.0908203125,0.9091796875,False
external_iscas85_c1908,c1908,balance,new_n322,new_n319,1,rejected,0.9497314453125,1.0,0.99951171875,sampled,ok,31,4096,0.0009765625,0.9990234375,False
external_iscas85_c2670,c2670,balance,new_n929,new_n825,1,rejected,0.94951171875,1.0,0.908203125,sampled,ok,34,4096,0.098876953125,0.901123046875,False
external_iscas85_c880,c880,resyn2,new_n325,new_n310,1,rejected,0.94937744140625,1.0,0.907958984375,sampled,ok,26,4096,0.092529296875,0.907470703125,False
external_iscas85_c880,c880,resyn2_like,new_n325,new_n310,1,rejected,0.94937744140625,1.0,0.907958984375,sampled,ok,26,4096,0.093505859375,0.906494140625,False
external_iscas85_c3540,c3540,resub,new_n844,new_n764,1,rejected,0.9487369791666668,0.9333333333333332,0.94921875,sampled,ok,30,4096,0.05419921875,0.94580078125,False
external_iscas85_c1908,c1908,rewrite_z,new_n347,new_n274,1,rejected,0.94852294921875,1.0,0.997314453125,sampled,ok,32,4096,0.00244140625,0.99755859375,False
external_iscas85_c1908,c1908,resyn2,new_n355,new_n301,1,rejected,0.94825439453125,1.0,0.996826171875,sampled,ok,32,4096,0.00048828125,0.99951171875,False
external_iscas85_c1908,c1908,resyn2_like,new_n355,new_n301,1,rejected,0.94825439453125,1.0,0.996826171875,sampled,ok,32,4096,0.001953125,0.998046875,False
external_iscas85_c1908,c1908,balance,new_n363,new_n246,1,rejected,0.9478515625,1.0,0.99609375,sampled,ok,32,4096,0.006103515625,0.993896484375,False
external_iscas85_c1908,c1908,compress2rs,new_n236,new_n314,1,rejected,0.94765625,0.875,0.984375,sampled,ok,32,4096,0.019287109375,0.980712890625,False
external_iscas85_c1908,c1908,resyn2,new_n236,new_n314,1,rejected,0.94765625,0.875,0.984375,sampled,ok,32,4096,0.020751953125,0.979248046875,False
external_iscas85_c1908,c1908,resyn2_like,new_n236,new_n314,1,rejected,0.94765625,0.875,0.984375,sampled,ok,32,4096,0.019775390625,0.980224609375,False
external_iscas85_c3540,c3540,balance,new_n665,new_n659,1,rejected,0.9476460224873312,0.945945945945946,0.939208984375,sampled,ok,37,4096,0.0556640625,0.9443359375,False
external_iscas85_c3540,c3540,rewrite,new_n591,new_n659,1,rejected,0.9476318359375,1.0,0.90478515625,sampled,ok,35,4096,0.093017578125,0.906982421875,False
external_iscas85_c1908,c1908,refactor,new_n355,new_n246,1,rejected,0.9475830078125,1.0,0.99560546875,sampled,ok,32,4096,0.004150390625,0.995849609375,False
external_iscas85_c1908,c1908,refactor_z,new_n347,new_n246,1,rejected,0.9475830078125,1.0,0.99560546875,sampled,ok,32,4096,0.004150390625,0.995849609375,False
external_iscas85_c1908,c1908,resub,new_n344,new_n246,1,rejected,0.9475830078125,1.0,0.99560546875,sampled,ok,32,4096,0.00439453125,0.99560546875,False
external_iscas85_c1908,c1908,rewrite,new_n348,new_n246,1,rejected,0.9475830078125,1.0,0.99560546875,sampled,ok,32,4096,0.005126953125,0.994873046875,False
external_iscas85_c7552,c7552,resyn,new_n650,new_n1805,1,rejected,0.9475078667534722,0.9777777777777776,0.918701171875,sampled,ok,90,4096,0.08544921875,0.91455078125,False
external_iscas85_c1908,c1908,balance,new_n371,new_n260,1,rejected,0.947314453125,1.0,0.9951171875,sampled,ok,32,4096,0.00439453125,0.99560546875,False
external_iscas85_c1908,c1908,resub,new_n354,new_n260,1,rejected,0.947314453125,1.0,0.9951171875,sampled,ok,32,4096,0.006103515625,0.993896484375,False
external_iscas85_c1908,c1908,rewrite_z,new_n357,new_n260,1,rejected,0.947314453125,1.0,0.9951171875,sampled,ok,32,4096,0.00634765625,0.99365234375,False
external_iscas85_c7552,c7552,resub,new_n1641,new_n1753,1,rejected,0.9473091947115384,0.9384615384615383,0.943359375,sampled,ok,65,4096,0.060546875,0.939453125,False
external_iscas85_c7552,c7552,dc2,new_n706,new_n1140,1,rejected,0.94722900390625,1.0,0.904052734375,sampled,ok,22,4096,0.094970703125,0.905029296875,False
external_iscas85_c1908,c1908,compress2rs,new_n252,new_n314,1,rejected,0.94698486328125,0.875,0.983154296875,sampled,ok,32,4096,0.015869140625,0.984130859375,False
external_iscas85_c1908,c1908,resyn2,new_n252,new_n314,1,rejected,0.94698486328125,0.875,0.983154296875,sampled,ok,32,4096,0.020263671875,0.979736328125,False
external_iscas85_c1908,c1908,resyn2_like,new_n252,new_n314,1,rejected,0.94698486328125,0.875,0.983154296875,sampled,ok,32,4096,0.022216796875,0.977783203125,False
external_iscas85_c3540,c3540,balance,new_n920,new_n922,1,rejected,0.9466376410590276,0.9722222222222222,0.920654296875,sampled,ok,36,4096,0.08544921875,0.91455078125,False
external_iscas85_c3540,c3540,refactor,new_n845,new_n922,1,rejected,0.9466376410590276,0.9722222222222222,0.920654296875,sampled,ok,36,4096,0.0771484375,0.9228515625,False
external_iscas85_c3540,c3540,refactor_z,new_n804,new_n922,1,rejected,0.9466376410590276,0.9722222222222222,0.920654296875,sampled,ok,36,4096,0.08056640625,0.91943359375,False
external_iscas85_c7552,c7552,resyn,new_n537,new_n1225,1,rejected,0.9463357364430146,0.8823529411764706,0.977294921875,sampled,ok,17,4096,0.025390625,0.974609375,False
external_iscas85_c880,c880,dc2,new_n345,new_n355,1,rejected,0.9460205078125,1.0,0.90185546875,sampled,ok,31,4096,0.111572265625,0.888427734375,False
external_iscas85_c3540,c3540,rewrite_z,new_n655,new_n733,1,rejected,0.94583740234375,1.0,0.992431640625,sampled,ok,21,4096,0.00634765625,0.99365234375,False
external_iscas85_c7552,c7552,resub,new_n555,new_n591,1,rejected,0.94576416015625,0.9375,0.941162109375,sampled,ok,16,4096,0.057373046875,0.942626953125,False
external_iscas85_c3540,c3540,resyn2,new_n664,new_n739,1,rejected,0.94560546875,0.9642857142857144,0.923828125,sampled,ok,28,4096,0.083740234375,0.916259765625,False
external_iscas85_c3540,c3540,resyn2_like,new_n664,new_n739,1,rejected,0.94560546875,0.9642857142857144,0.923828125,sampled,ok,28,4096,0.081787109375,0.918212890625,False
external_iscas85_c3540,c3540,rewrite_z,new_n611,new_n725,1,rejected,0.94556884765625,1.0,0.991943359375,sampled,ok,22,4096,0.00634765625,0.99365234375,False
external_iscas85_c1908,c1908,dc2,new_n306,new_n306,1,rejected,0.9452468345905172,0.9310344827586208,0.9443359375,sampled,ok,29,4096,0.056640625,0.943359375,False
external_iscas85_c7552,c7552,balance,new_n1783,new_n1788,1,rejected,0.9452251519097222,0.9777777777777776,0.91455078125,sampled,ok,90,4096,0.089111328125,0.910888671875,False
external_iscas85_c7552,c7552,balance,new_n1789,new_n1787,1,rejected,0.9450483842329546,0.9772727272727272,0.91455078125,sampled,ok,88,4096,0.093505859375,0.906494140625,False
external_iscas85_c7552,c7552,resyn,new_n1504,new_n1805,1,rejected,0.9450483842329546,0.9772727272727272,0.91455078125,sampled,ok,88,4096,0.091552734375,0.908447265625,False
external_iscas85_c7552,c7552,rewrite_z,new_n1578,new_n1787,1,rejected,0.9450483842329546,0.9772727272727272,0.91455078125,sampled,ok,88,4096,0.099853515625,0.900146484375,False
external_iscas85_c5315,c5315,dc2,new_n905,new_n1120,1,rejected,0.9449462890625,1.0,0.89990234375,sampled,ok,18,4096,0.10791015625,0.89208984375,False
external_iscas85_c7552,c7552,dc2,new_n442,new_n1763,1,rejected,0.94481201171875,1.0,0.899658203125,sampled,ok,13,4096,0.103515625,0.896484375,False
external_iscas85_c7552,c7552,dc2,new_n1528,new_n1763,1,rejected,0.94481201171875,1.0,0.899658203125,sampled,ok,13,4096,0.10546875,0.89453125,False
external_iscas85_c1355,c1355,refactor,new_n375,new_n410,1,rejected,0.94476318359375,1.0,0.990478515625,sampled,ok,41,4096,0.012451171875,0.987548828125,False
external_iscas85_c1355,c1355,refactor,new_n475,new_n512,1,rejected,0.94476318359375,1.0,0.990478515625,sampled,ok,41,4096,0.012451171875,0.987548828125,False
external_iscas85_c499,c499,dc2,new_n414,new_n420,1,rejected,0.94476318359375,1.0,0.990478515625,sampled,ok,41,4096,0.0126953125,0.9873046875,False
external_iscas85_c499,c499,rewrite_z,new_n337,new_n334,1,rejected,0.94476318359375,1.0,0.990478515625,sampled,ok,41,4096,0.01171875,0.98828125,False
external_iscas85_c499,c499,rewrite_z,new_n420,new_n420,1,rejected,0.94476318359375,1.0,0.990478515625,sampled,ok,41,4096,0.013427734375,0.986572265625,False
external_iscas85_c7552,c7552,dc2,new_n591,new_n2367,1,rejected,0.9447244083180149,0.8823529411764706,0.974365234375,sampled,ok,17,4096,0.02392578125,0.97607421875,False
external_iscas85_c7552,c7552,resub,new_n556,new_n568,1,rejected,0.9447244083180149,0.8823529411764706,0.974365234375,sampled,ok,17,4096,0.018798828125,0.981201171875,False
external_iscas85_c7552,c7552,resub,new_n1151,new_n2367,1,rejected,0.9447244083180149,0.8823529411764706,0.974365234375,sampled,ok,17,4096,0.02197265625,0.97802734375,False
external_iscas85_c3540,c3540,balance,new_n989,new_n668,1,rejected,0.9445980674342106,0.9736842105263158,0.916015625,sampled,ok,38,4096,0.083251953125,0.916748046875,False
external_iscas85_c3540,c3540,dc2,new_n820,new_n668,1,rejected,0.9445980674342106,0.9736842105263158,0.916015625,sampled,ok,38,4096,0.08447265625,0.91552734375,False
external_iscas85_c1355,c1355,refactor,new_n385,new_n410,1,rejected,0.94449462890625,1.0,0.989990234375,sampled,ok,41,4096,0.010498046875,0.989501953125,False
external_iscas85_c1355,c1355,refactor,new_n485,new_n512,1,rejected,0.94449462890625,1.0,0.989990234375,sampled,ok,41,4096,0.010986328125,0.989013671875,False
external_iscas85_c499,c499,dc2,new_n422,new_n420,1,rejected,0.94449462890625,1.0,0.989990234375,sampled,ok,41,4096,0.014404296875,0.985595703125,False
external_iscas85_c499,c499,rewrite_z,new_n345,new_n334,1,rejected,0.94449462890625,1.0,0.989990234375,sampled,ok,41,4096,0.011474609375,0.988525390625,False
external_iscas85_c499,c499,rewrite_z,new_n428,new_n420,1,rejected,0.94449462890625,1.0,0.989990234375,sampled,ok,41,4096,0.010009765625,0.989990234375,False
external_iscas85_c2670,c2670,rewrite,new_n603,new_n594,1,rejected,0.9444284150094696,0.9848484848484848,0.99951171875,sampled,ok,66,4096,0.00048828125,0.99951171875,False
external_iscas85_c1355,c1355,refactor,new_n470,new_n512,1,rejected,0.94422607421875,1.0,0.989501953125,sampled,ok,41,4096,0.013916015625,0.986083984375,False
external_iscas85_c499,c499,dc2,new_n410,new_n420,1,rejected,0.94422607421875,1.0,0.989501953125,sampled,ok,41,4096,0.011474609375,0.988525390625,False
external_iscas85_c499,c499,rewrite_z,new_n416,new_n420,1,rejected,0.94422607421875,1.0,0.989501953125,sampled,ok,41,4096,0.012451171875,0.987548828125,False
external_iscas85_c1355,c1355,refactor,new_n404,new_n434,1,rejected,0.944091796875,1.0,0.9892578125,sampled,ok,41,4096,0.0107421875,0.9892578125,False
external_iscas85_c1355,c1355,refactor_z,new_n393,new_n434,1,rejected,0.944091796875,1.0,0.9892578125,sampled,ok,41,4096,0.013427734375,0.986572265625,False
external_iscas85_c499,c499,rewrite_z,new_n360,new_n354,1,rejected,0.944091796875,1.0,0.9892578125,sampled,ok,41,4096,0.0146484375,0.9853515625,False
external_iscas85_c1355,c1355,refactor,new_n380,new_n410,1,rejected,0.94395751953125,1.0,0.989013671875,sampled,ok,41,4096,0.011474609375,0.988525390625,False
external_iscas85_c499,c499,rewrite_z,new_n341,new_n334,1,rejected,0.94395751953125,1.0,0.989013671875,sampled,ok,41,4096,0.01123046875,0.98876953125,False
external_iscas85_c7552,c7552,resyn,new_n649,new_n1803,1,rejected,0.9438919422238372,0.9302325581395348,0.9423828125,sampled,ok,86,4096,0.060791015625,0.939208984375,False
external_iscas85_c3540,c3540,rewrite_z,new_n840,new_n940,1,rejected,0.9438604310501454,0.8837209302325582,0.971923828125,sampled,ok,43,4096,0.029541015625,0.970458984375,False
external_iscas85_c1355,c1355,refactor,new_n409,new_n434,1,rejected,0.9438232421875,1.0,0.98876953125,sampled,ok,41,4096,0.015869140625,0.984130859375,False
external_iscas85_c1355,c1355,refactor_z,new_n397,new_n434,1,rejected,0.9438232421875,1.0,0.98876953125,sampled,ok,41,4096,0.009765625,0.990234375,False
external_iscas85_c499,c499,rewrite_z,new_n364,new_n354,1,rejected,0.9438232421875,1.0,0.98876953125,sampled,ok,41,4096,0.010498046875,0.989501953125,False
external_iscas85_c1355,c1355,refactor,new_n422,new_n457,1,rejected,0.94368896484375,1.0,0.988525390625,sampled,ok,41,4096,0.0107421875,0.9892578125,False
external_iscas85_c499,c499,compress2rs,new_n345,new_n334,1,rejected,0.94368896484375,1.0,0.988525390625,sampled,ok,41,4096,0.01220703125,0.98779296875,False
external_iscas85_c499,c499,dc2,new_n345,new_n334,1,rejected,0.94368896484375,1.0,0.988525390625,sampled,ok,41,4096,0.0107421875,0.9892578125,False
external_iscas85_c499,c499,resyn,new_n345,new_n334,1,rejected,0.94368896484375,1.0,0.988525390625,sampled,ok,41,4096,0.01318359375,0.98681640625,False
external_iscas85_c499,c499,rewrite_z,new_n375,new_n373,1,rejected,0.94368896484375,1.0,0.988525390625,sampled,ok,41,4096,0.01123046875,0.98876953125,False
external_iscas85_c1355,c1355,refactor,new_n427,new_n457,1,rejected,0.9435546875,1.0,0.98828125,sampled,ok,41,4096,0.010986328125,0.989013671875,False
external_iscas85_c1355,c1355,refactor,new_n480,new_n512,1,rejected,0.9435546875,1.0,0.98828125,sampled,ok,41,4096,0.01220703125,0.98779296875,False
external_iscas85_c1355,c1355,refactor,new_n502,new_n535,1,rejected,0.9435546875,1.0,0.98828125,sampled,ok,41,4096,0.01123046875,0.98876953125,False
external_iscas85_c1355,c1355,refactor,new_n507,new_n535,1,rejected,0.9435546875,1.0,0.98828125,sampled,ok,41,4096,0.0126953125,0.9873046875,False
external_iscas85_c1355,c1355,refactor,new_n529,new_n557,1,rejected,0.9435546875,1.0,0.98828125,sampled,ok,41,4096,0.010498046875,0.989501953125,False
external_iscas85_c1355,c1355,refactor_z,new_n495,new_n557,1,rejected,0.9435546875,1.0,0.98828125,sampled,ok,41,4096,0.01171875,0.98828125,False
external_iscas85_c499,c499,compress2rs,new_n337,new_n334,1,rejected,0.9435546875,1.0,0.98828125,sampled,ok,41,4096,0.01416015625,0.98583984375,False
external_iscas85_c499,c499,compress2rs,new_n416,new_n420,1,rejected,0.9435546875,1.0,0.98828125,sampled,ok,41,4096,0.011962890625,0.988037109375,False
external_iscas85_c499,c499,dc2,new_n337,new_n334,1,rejected,0.9435546875,1.0,0.98828125,sampled,ok,41,4096,0.01953125,0.98046875,False
external_iscas85_c499,c499,dc2,new_n418,new_n420,1,rejected,0.9435546875,1.0,0.98828125,sampled,ok,41,4096,0.012939453125,0.987060546875,False
external_iscas85_c499,c499,dc2,new_n436,new_n439,1,rejected,0.9435546875,1.0,0.98828125,sampled,ok,41,4096,0.012451171875,0.987548828125,False
external_iscas85_c499,c499,dc2,new_n440,new_n439,1,rejected,0.9435546875,1.0,0.98828125,sampled,ok,41,4096,0.01220703125,0.98779296875,False
external_iscas85_c499,c499,dc2,new_n457,new_n457,1,rejected,0.9435546875,1.0,0.98828125,sampled,ok,41,4096,0.0107421875,0.9892578125,False
external_iscas85_c499,c499,resyn,new_n337,new_n334,1,rejected,0.9435546875,1.0,0.98828125,sampled,ok,41,4096,0.014892578125,0.985107421875,False
external_iscas85_c499,c499,resyn,new_n417,new_n420,1,rejected,0.9435546875,1.0,0.98828125,sampled,ok,41,4096,0.013427734375,0.986572265625,False
external_iscas85_c499,c499,resyn2,new_n417,new_n420,1,rejected,0.9435546875,1.0,0.98828125,sampled,ok,41,4096,0.012939453125,0.987060546875,False
external_iscas85_c499,c499,resyn2_like,new_n417,new_n420,1,rejected,0.9435546875,1.0,0.98828125,sampled,ok,41,4096,0.0146484375,0.9853515625,False
external_iscas85_c499,c499,rewrite_z,new_n379,new_n373,1,rejected,0.9435546875,1.0,0.98828125,sampled,ok,41,4096,0.01171875,0.98828125,False
external_iscas85_c499,c499,rewrite_z,new_n424,new_n420,1,rejected,0.9435546875,1.0,0.98828125,sampled,ok,41,4096,0.0146484375,0.9853515625,False
external_iscas85_c499,c499,rewrite_z,new_n442,new_n439,1,rejected,0.9435546875,1.0,0.98828125,sampled,ok,41,4096,0.01220703125,0.98779296875,False
external_iscas85_c499,c499,rewrite_z,new_n446,new_n439,1,rejected,0.9435546875,1.0,0.98828125,sampled,ok,41,4096,0.010986328125,0.989013671875,False
external_iscas85_c499,c499,rewrite_z,new_n464,new_n457,1,rejected,0.9435546875,1.0,0.98828125,sampled,ok,41,4096,0.012451171875,0.987548828125,False
external_iscas85_c1355,c1355,refactor,new_n370,new_n410,1,rejected,0.94342041015625,1.0,0.988037109375,sampled,ok,41,4096,0.011962890625,0.988037109375,False
external_iscas85_c1355,c1355,refactor,new_n399,new_n434,1,rejected,0.94342041015625,1.0,0.988037109375,sampled,ok,41,4096,0.0126953125,0.9873046875,False
external_iscas85_c1355,c1355,refactor,new_n463,new_n490,1,rejected,0.94342041015625,1.0,0.988037109375,sampled,ok,41,4096,0.011474609375,0.988525390625,False
external_iscas85_c1355,c1355,refactor,new_n492,new_n535,1,rejected,0.94342041015625,1.0,0.988037109375,sampled,ok,41,4096,0.013671875,0.986328125,False
external_iscas85_c1355,c1355,refactor_z,new_n389,new_n434,1,rejected,0.94342041015625,1.0,0.988037109375,sampled,ok,41,4096,0.010986328125,0.989013671875,False
external_iscas85_c1355,c1355,refactor_z,new_n441,new_n490,1,rejected,0.94342041015625,1.0,0.988037109375,sampled,ok,41,4096,0.0107421875,0.9892578125,False
external_iscas85_c499,c499,dc2,new_n405,new_n402,1,rejected,0.94342041015625,1.0,0.988037109375,sampled,ok,41,4096,0.010009765625,0.989990234375,False
external_iscas85_c499,c499,dc2,new_n428,new_n439,1,rejected,0.94342041015625,1.0,0.988037109375,sampled,ok,41,4096,0.01220703125,0.98779296875,False
external_iscas85_c499,c499,rewrite_z,new_n333,new_n334,1,rejected,0.94342041015625,1.0,0.988037109375,sampled,ok,41,4096,0.009033203125,0.990966796875,False
external_iscas85_c499,c499,rewrite_z,new_n356,new_n354,1,rejected,0.94342041015625,1.0,0.988037109375,sampled,ok,41,4096,0.010498046875,0.989501953125,False
external_iscas85_c499,c499,rewrite_z,new_n410,new_n402,1,rejected,0.94342041015625,1.0,0.988037109375,sampled,ok,41,4096,0.012451171875,0.987548828125,False
external_iscas85_c499,c499,rewrite_z,new_n434,new_n439,1,rejected,0.94342041015625,1.0,0.988037109375,sampled,ok,41,4096,0.011962890625,0.988037109375,False
external_iscas85_c1355,c1355,refactor,new_n394,new_n434,1,rejected,0.9432861328125,1.0,0.98779296875,sampled,ok,41,4096,0.014404296875,0.985595703125,False
external_iscas85_c1355,c1355,refactor,new_n417,new_n457,1,rejected,0.9432861328125,1.0,0.98779296875,sampled,ok,41,4096,0.00927734375,0.99072265625,False
external_iscas85_c1355,c1355,refactor,new_n497,new_n535,1,rejected,0.9432861328125,1.0,0.98779296875,sampled,ok,41,4096,0.011962890625,0.988037109375,False
external_iscas85_c1355,c1355,refactor_z,new_n385,new_n434,1,rejected,0.9432861328125,1.0,0.98779296875,sampled,ok,41,4096,0.0107421875,0.9892578125,False
external_iscas85_c499,c499,compress2rs,new_n341,new_n334,1,rejected,0.9432861328125,1.0,0.98779296875,sampled,ok,41,4096,0.013916015625,0.986083984375,False
external_iscas85_c499,c499,compress2rs,new_n412,new_n420,1,rejected,0.9432861328125,1.0,0.98779296875,sampled,ok,41,4096,0.009521484375,0.990478515625,False
external_iscas85_c499,c499,compress2rs,new_n424,new_n420,1,rejected,0.9432861328125,1.0,0.98779296875,sampled,ok,41,4096,0.01318359375,0.98681640625,False
external_iscas85_c499,c499,dc2,new_n341,new_n334,1,rejected,0.9432861328125,1.0,0.98779296875,sampled,ok,41,4096,0.01416015625,0.98583984375,False
external_iscas85_c499,c499,dc2,new_n432,new_n439,1,rejected,0.9432861328125,1.0,0.98779296875,sampled,ok,41,4096,0.01513671875,0.98486328125,False
external_iscas85_c499,c499,resyn,new_n341,new_n334,1,rejected,0.9432861328125,1.0,0.98779296875,sampled,ok,41,4096,0.015380859375,0.984619140625,False
external_iscas85_c499,c499,resyn,new_n413,new_n420,1,rejected,0.9432861328125,1.0,0.98779296875,sampled,ok,41,4096,0.011474609375,0.988525390625,False
external_iscas85_c499,c499,resyn,new_n425,new_n420,1,rejected,0.9432861328125,1.0,0.98779296875,sampled,ok,41,4096,0.01318359375,0.98681640625,False
external_iscas85_c499,c499,resyn2,new_n413,new_n420,1,rejected,0.9432861328125,1.0,0.98779296875,sampled,ok,41,4096,0.014404296875,0.985595703125,False
external_iscas85_c499,c499,resyn2,new_n425,new_n420,1,rejected,0.9432861328125,1.0,0.98779296875,sampled,ok,41,4096,0.01416015625,0.98583984375,False
external_iscas85_c499,c499,resyn2_like,new_n413,new_n420,1,rejected,0.9432861328125,1.0,0.98779296875,sampled,ok,41,4096,0.013427734375,0.986572265625,False
external_iscas85_c499,c499,resyn2_like,new_n425,new_n420,1,rejected,0.9432861328125,1.0,0.98779296875,sampled,ok,41,4096,0.01416015625,0.98583984375,False
external_iscas85_c499,c499,rewrite_z,new_n352,new_n354,1,rejected,0.9432861328125,1.0,0.98779296875,sampled,ok,41,4096,0.01123046875,0.98876953125,False
external_iscas85_c499,c499,rewrite_z,new_n371,new_n373,1,rejected,0.9432861328125,1.0,0.98779296875,sampled,ok,41,4096,0.010986328125,0.989013671875,False
external_iscas85_c499,c499,rewrite_z,new_n438,new_n439,1,rejected,0.9432861328125,1.0,0.98779296875,sampled,ok,41,4096,0.010986328125,0.989013671875,False
external_iscas85_c432,c432,rewrite_z,new_n207,new_n232,1,rejected,0.94320068359375,1.0,0.896728515625,sampled,ok,36,4096,0.09814453125,0.90185546875,False
external_iscas85_c499,c499,resyn2,new_n331,new_n333,1,rejected,0.9431607874428356,0.902439024390244,0.958740234375,sampled,ok,41,4096,0.047119140625,0.952880859375,False
external_iscas85_c499,c499,resyn2_like,new_n331,new_n333,1,rejected,0.9431607874428356,0.902439024390244,0.958740234375,sampled,ok,41,4096,0.04345703125,0.95654296875,False
external_iscas85_c499,c499,compress2rs,new_n420,new_n420,1,rejected,0.94315185546875,1.0,0.987548828125,sampled,ok,41,4096,0.01171875,0.98828125,False
external_iscas85_c499,c499,resyn,new_n421,new_n420,1,rejected,0.94315185546875,1.0,0.987548828125,sampled,ok,41,4096,0.01220703125,0.98779296875,False
external_iscas85_c499,c499,resyn2,new_n421,new_n420,1,rejected,0.94315185546875,1.0,0.987548828125,sampled,ok,41,4096,0.012939453125,0.987060546875,False
external_iscas85_c499,c499,resyn2_like,new_n421,new_n420,1,rejected,0.94315185546875,1.0,0.987548828125,sampled,ok,41,4096,0.0126953125,0.9873046875,False
external_iscas85_c1355,c1355,refactor,new_n347,new_n387,1,rejected,0.943017578125,1.0,0.9873046875,sampled,ok,41,4096,0.015625,0.984375,False
external_iscas85_c1355,c1355,refactor_z,new_n347,new_n387,1,rejected,0.943017578125,1.0,0.9873046875,sampled,ok,41,4096,0.014892578125,0.985107421875,False
external_iscas85_c499,c499,rewrite_z,new_n314,new_n315,1,rejected,0.943017578125,1.0,0.9873046875,sampled,ok,41,4096,0.009521484375,0.990478515625,False
external_iscas85_c7552,c7552,resyn,new_n1006,new_n1046,1,rejected,0.943016293174342,0.8947368421052632,0.96337890625,sampled,ok,19,4096,0.032958984375,0.967041015625,False
external_iscas85_c7552,c7552,rewrite_z,new_n1025,new_n1046,1,rejected,0.943016293174342,0.8947368421052632,0.96337890625,sampled,ok,19,4096,0.038330078125,0.961669921875,False
external_iscas85_c7552,c7552,balance,new_n1709,new_n1720,1,rejected,0.9429443359375,0.9821428571428572,0.99853515625,sampled,ok,56,4096,0.00048828125,0.99951171875,False
external_iscas85_c7552,c7552,balance,new_n1970,new_n1720,1,rejected,0.9429443359375,0.9821428571428572,0.99853515625,sampled,ok,56,4096,0.00146484375,0.99853515625,False
external_iscas85_c7552,c7552,resyn,new_n586,new_n1720,1,rejected,0.9429443359375,0.9821428571428572,0.99853515625,sampled,ok,56,4096,0.001220703125,0.998779296875,False
external_iscas85_c1355,c1355,refactor,new_n362,new_n387,1,rejected,0.94288330078125,1.0,0.987060546875,sampled,ok,41,4096,0.0126953125,0.9873046875,False
external_iscas85_c1355,c1355,refactor,new_n432,new_n457,1,rejected,0.94288330078125,1.0,0.987060546875,sampled,ok,41,4096,0.0107421875,0.9892578125,False
external_iscas85_c1355,c1355,refactor,new_n448,new_n490,1,rejected,0.94288330078125,1.0,0.987060546875,sampled,ok,41,4096,0.01220703125,0.98779296875,False
external_iscas85_c1355,c1355,refactor,new_n453,new_n490,1,rejected,0.94288330078125,1.0,0.987060546875,sampled,ok,41,4096,0.012939453125,0.987060546875,False
external_iscas85_c1355,c1355,refactor_z,new_n359,new_n387,1,rejected,0.94288330078125,1.0,0.987060546875,sampled,ok,41,4096,0.010498046875,0.989501953125,False
external_iscas85_c1355,c1355,refactor_z,new_n429,new_n490,1,rejected,0.94288330078125,1.0,0.987060546875,sampled,ok,41,4096,0.01123046875,0.98876953125,False
external_iscas85_c1355,c1355,refactor_z,new_n433,new_n490,1,rejected,0.94288330078125,1.0,0.987060546875,sampled,ok,41,4096,0.014892578125,0.985107421875,False
external_iscas85_c499,c499,compress2rs,new_n333,new_n334,1,rejected,0.94288330078125,1.0,0.987060546875,sampled,ok,41,4096,0.01513671875,0.98486328125,False
external_iscas85_c499,c499,compress2rs,new_n373,new_n373,1,rejected,0.94288330078125,1.0,0.987060546875,sampled,ok,41,4096,0.015380859375,0.984619140625,False
external_iscas85_c499,c499,dc2,new_n333,new_n334,1,rejected,0.94288330078125,1.0,0.987060546875,sampled,ok,41,4096,0.013916015625,0.986083984375,False
external_iscas85_c499,c499,dc2,new_n373,new_n373,1,rejected,0.94288330078125,1.0,0.987060546875,sampled,ok,41,4096,0.011474609375,0.988525390625,False
external_iscas85_c499,c499,dc2,new_n393,new_n402,1,rejected,0.94288330078125,1.0,0.987060546875,sampled,ok,41,4096,0.01025390625,0.98974609375,False
external_iscas85_c499,c499,dc2,new_n397,new_n402,1,rejected,0.94288330078125,1.0,0.987060546875,sampled,ok,41,4096,0.0107421875,0.9892578125,False
external_iscas85_c499,c499,resyn,new_n333,new_n334,1,rejected,0.94288330078125,1.0,0.987060546875,sampled,ok,41,4096,0.01318359375,0.98681640625,False
external_iscas85_c499,c499,resyn2,new_n374,new_n373,1,rejected,0.94288330078125,1.0,0.987060546875,sampled,ok,41,4096,0.012939453125,0.987060546875,False
external_iscas85_c499,c499,resyn2_like,new_n374,new_n373,1,rejected,0.94288330078125,1.0,0.987060546875,sampled,ok,41,4096,0.013427734375,0.986572265625,False
external_iscas85_c499,c499,rewrite_z,new_n326,new_n315,1,rejected,0.94288330078125,1.0,0.987060546875,sampled,ok,41,4096,0.01171875,0.98828125,False
external_iscas85_c499,c499,rewrite_z,new_n383,new_n373,1,rejected,0.94288330078125,1.0,0.987060546875,sampled,ok,41,4096,0.010986328125,0.989013671875,False
external_iscas85_c499,c499,rewrite_z,new_n398,new_n402,1,rejected,0.94288330078125,1.0,0.987060546875,sampled,ok,41,4096,0.01123046875,0.98876953125,False
external_iscas85_c499,c499,rewrite_z,new_n402,new_n402,1,rejected,0.94288330078125,1.0,0.987060546875,sampled,ok,41,4096,0.011474609375,0.988525390625,False
external_iscas85_c7552,c7552,rewrite,new_n684,new_n2149,1,rejected,0.94288330078125,1.0,0.987060546875,sampled,ok,94,4096,0.01708984375,0.98291015625,False
external_iscas85_c1355,c1355,refactor,new_n357,new_n387,1,rejected,0.9427490234375,1.0,0.98681640625,sampled,ok,41,4096,0.010986328125,0.989013671875,False
external_iscas85_c1355,c1355,refactor,new_n514,new_n557,1,rejected,0.9427490234375,1.0,0.98681640625,sampled,ok,41,4096,0.01171875,0.98828125,False
external_iscas85_c1355,c1355,refactor,new_n524,new_n557,1,rejected,0.9427490234375,1.0,0.98681640625,sampled,ok,41,4096,0.01220703125,0.98779296875,False
external_iscas85_c1355,c1355,refactor_z,new_n355,new_n387,1,rejected,0.9427490234375,1.0,0.98681640625,sampled,ok,41,4096,0.009765625,0.990234375,False
external_iscas85_c1355,c1355,refactor_z,new_n483,new_n557,1,rejected,0.9427490234375,1.0,0.98681640625,sampled,ok,41,4096,0.009765625,0.990234375,False
external_iscas85_c1355,c1355,refactor_z,new_n491,new_n557,1,rejected,0.9427490234375,1.0,0.98681640625,sampled,ok,41,4096,0.011962890625,0.988037109375,False
external_iscas85_c3540,c3540,rewrite_z,new_n561,new_n636,1,rejected,0.9427490234375,1.0,0.98681640625,sampled,ok,32,4096,0.011474609375,0.988525390625,False
external_iscas85_c499,c499,compress2rs,new_n360,new_n354,1,rejected,0.9427490234375,1.0,0.98681640625,sampled,ok,41,4096,0.01416015625,0.98583984375,False
external_iscas85_c499,c499,dc2,new_n360,new_n354,1,rejected,0.9427490234375,1.0,0.98681640625,sampled,ok,41,4096,0.0107421875,0.9892578125,False
external_iscas85_c499,c499,dc2,new_n445,new_n457,1,rejected,0.9427490234375,1.0,0.98681640625,sampled,ok,41,4096,0.010498046875,0.989501953125,False
external_iscas85_c499,c499,dc2,new_n453,new_n457,1,rejected,0.9427490234375,1.0,0.98681640625,sampled,ok,41,4096,0.010498046875,0.989501953125,False
external_iscas85_c499,c499,resyn2,new_n361,new_n354,1,rejected,0.9427490234375,1.0,0.98681640625,sampled,ok,41,4096,0.015625,0.984375,False
external_iscas85_c499,c499,resyn2_like,new_n361,new_n354,1,rejected,0.9427490234375,1.0,0.98681640625,sampled,ok,41,4096,0.013427734375,0.986572265625,False
external_iscas85_c499,c499,rewrite_z,new_n322,new_n315,1,rejected,0.9427490234375,1.0,0.98681640625,sampled,ok,41,4096,0.014404296875,0.985595703125,False
external_iscas85_c499,c499,rewrite_z,new_n452,new_n457,1,rejected,0.9427490234375,1.0,0.98681640625,sampled,ok,41,4096,0.011962890625,0.988037109375,False
external_iscas85_c499,c499,rewrite_z,new_n460,new_n457,1,rejected,0.9427490234375,1.0,0.98681640625,sampled,ok,41,4096,0.01513671875,0.98486328125,False
external_iscas85_c3540,c3540,refactor,new_n707,new_n779,1,rejected,0.94261474609375,1.0,0.986572265625,sampled,ok,17,4096,0.018798828125,0.981201171875,False
external_iscas85_c3540,c3540,refactor_z,new_n702,new_n779,1,rejected,0.94261474609375,1.0,0.986572265625,sampled,ok,17,4096,0.01416015625,0.98583984375,False
external_iscas85_c3540,c3540,rewrite,new_n693,new_n779,1,rejected,0.94261474609375,1.0,0.986572265625,sampled,ok,17,4096,0.017822265625,0.982177734375,False
external_iscas85_c499,c499,compress2rs,new_n356,new_n354,1,rejected,0.94261474609375,1.0,0.986572265625,sampled,ok,41,4096,0.014404296875,0.985595703125,False
external_iscas85_c499,c499,compress2rs,new_n364,new_n354,1,rejected,0.94261474609375,1.0,0.986572265625,sampled,ok,41,4096,0.01171875,0.98828125,False
external_iscas85_c499,c499,compress2rs,new_n369,new_n373,1,rejected,0.94261474609375,1.0,0.986572265625,sampled,ok,41,4096,0.015625,0.984375,False
external_iscas85_c499,c499,compress2rs,new_n429,new_n439,1,rejected,0.94261474609375,1.0,0.986572265625,sampled,ok,41,4096,0.01416015625,0.98583984375,False
external_iscas85_c499,c499,dc2,new_n356,new_n354,1,rejected,0.94261474609375,1.0,0.986572265625,sampled,ok,41,4096,0.01220703125,0.98779296875,False
external_iscas85_c499,c499,dc2,new_n364,new_n354,1,rejected,0.94261474609375,1.0,0.986572265625,sampled,ok,41,4096,0.01220703125,0.98779296875,False
external_iscas85_c499,c499,dc2,new_n369,new_n373,1,rejected,0.94261474609375,1.0,0.986572265625,sampled,ok,41,4096,0.01611328125,0.98388671875,False
external_iscas85_c499,c499,resyn,new_n430,new_n439,1,rejected,0.94261474609375,1.0,0.986572265625,sampled,ok,41,4096,0.01171875,0.98828125,False
external_iscas85_c499,c499,resyn2,new_n357,new_n354,1,rejected,0.94261474609375,1.0,0.986572265625,sampled,ok,41,4096,0.013916015625,0.986083984375,False
external_iscas85_c499,c499,resyn2,new_n365,new_n354,1,rejected,0.94261474609375,1.0,0.986572265625,sampled,ok,41,4096,0.01318359375,0.98681640625,False
external_iscas85_c499,c499,resyn2,new_n370,new_n373,1,rejected,0.94261474609375,1.0,0.986572265625,sampled,ok,41,4096,0.01513671875,0.98486328125,False
external_iscas85_c499,c499,resyn2,new_n430,new_n439,1,rejected,0.94261474609375,1.0,0.986572265625,sampled,ok,41,4096,0.01220703125,0.98779296875,False
external_iscas85_c499,c499,resyn2_like,new_n357,new_n354,1,rejected,0.94261474609375,1.0,0.986572265625,sampled,ok,41,4096,0.01416015625,0.98583984375,False
external_iscas85_c499,c499,resyn2_like,new_n365,new_n354,1,rejected,0.94261474609375,1.0,0.986572265625,sampled,ok,41,4096,0.01318359375,0.98681640625,False
external_iscas85_c499,c499,resyn2_like,new_n370,new_n373,1,rejected,0.94261474609375,1.0,0.986572265625,sampled,ok,41,4096,0.014404296875,0.985595703125,False
external_iscas85_c499,c499,resyn2_like,new_n430,new_n439,1,rejected,0.94261474609375,1.0,0.986572265625,sampled,ok,41,4096,0.015380859375,0.984619140625,False
external_iscas85_c1355,c1355,refactor,new_n519,new_n557,1,rejected,0.94234619140625,1.0,0.986083984375,sampled,ok,41,4096,0.013427734375,0.986572265625,False
external_iscas85_c1355,c1355,refactor_z,new_n487,new_n557,1,rejected,0.94234619140625,1.0,0.986083984375,sampled,ok,41,4096,0.009521484375,0.990478515625,False
external_iscas85_c499,c499,compress2rs,new_n377,new_n373,1,rejected,0.94234619140625,1.0,0.986083984375,sampled,ok,41,4096,0.011962890625,0.988037109375,False
external_iscas85_c499,c499,compress2rs,new_n433,new_n439,1,rejected,0.94234619140625,1.0,0.986083984375,sampled,ok,41,4096,0.016357421875,0.983642578125,False
external_iscas85_c499,c499,dc2,new_n377,new_n373,1,rejected,0.94234619140625,1.0,0.986083984375,sampled,ok,41,4096,0.00927734375,0.99072265625,False
external_iscas85_c499,c499,dc2,new_n449,new_n457,1,rejected,0.94234619140625,1.0,0.986083984375,sampled,ok,41,4096,0.00927734375,0.99072265625,False
external_iscas85_c499,c499,resyn,new_n434,new_n439,1,rejected,0.94234619140625,1.0,0.986083984375,sampled,ok,41,4096,0.0107421875,0.9892578125,False
external_iscas85_c499,c499,resyn2,new_n378,new_n373,1,rejected,0.94234619140625,1.0,0.986083984375,sampled,ok,41,4096,0.01318359375,0.98681640625,False
external_iscas85_c499,c499,resyn2,new_n434,new_n439,1,rejected,0.94234619140625,1.0,0.986083984375,sampled,ok,41,4096,0.013916015625,0.986083984375,False
external_iscas85_c499,c499,resyn2_like,new_n378,new_n373,1,rejected,0.94234619140625,1.0,0.986083984375,sampled,ok,41,4096,0.014404296875,0.985595703125,False
external_iscas85_c499,c499,resyn2_like,new_n434,new_n439,1,rejected,0.94234619140625,1.0,0.986083984375,sampled,ok,41,4096,0.015869140625,0.984130859375,False
external_iscas85_c499,c499,rewrite_z,new_n456,new_n457,1,rejected,0.94234619140625,1.0,0.986083984375,sampled,ok,41,4096,0.01220703125,0.98779296875,False
external_iscas85_c7552,c7552,rewrite_z,new_n1848,new_n1788,1,rejected,0.9422710503472222,0.9777777777777776,0.9091796875,sampled,ok,90,4096,0.096923828125,0.903076171875,False
external_iscas85_c3540,c3540,rewrite,new_n682,new_n751,1,rejected,0.9422607421875,1.0,0.89501953125,sampled,ok,30,4096,0.09765625,0.90234375,False
external_iscas85_c1355,c1355,refactor,new_n458,new_n490,1,rejected,0.9422119140625,1.0,0.98583984375,sampled,ok,41,4096,0.0107421875,0.9892578125,False
external_iscas85_c1355,c1355,refactor_z,new_n437,new_n490,1,rejected,0.9422119140625,1.0,0.98583984375,sampled,ok,41,4096,0.0126953125,0.9873046875,False
external_iscas85_c499,c499,compress2rs,new_n352,new_n354,1,rejected,0.9422119140625,1.0,0.98583984375,sampled,ok,41,4096,0.013427734375,0.986572265625,False
external_iscas85_c499,c499,compress2rs,new_n381,new_n373,1,rejected,0.9422119140625,1.0,0.98583984375,sampled,ok,41,4096,0.017578125,0.982421875,False
external_iscas85_c499,c499,compress2rs,new_n441,new_n439,1,rejected,0.9422119140625,1.0,0.98583984375,sampled,ok,41,4096,0.012939453125,0.987060546875,False
external_iscas85_c499,c499,dc2,new_n352,new_n354,1,rejected,0.9422119140625,1.0,0.98583984375,sampled,ok,41,4096,0.013671875,0.986328125,False
external_iscas85_c499,c499,dc2,new_n401,new_n402,1,rejected,0.9422119140625,1.0,0.98583984375,sampled,ok,41,4096,0.010498046875,0.989501953125,False
external_iscas85_c499,c499,resyn,new_n442,new_n439,1,rejected,0.9422119140625,1.0,0.98583984375,sampled,ok,41,4096,0.0146484375,0.9853515625,False
external_iscas85_c499,c499,resyn2,new_n353,new_n354,1,rejected,0.9422119140625,1.0,0.98583984375,sampled,ok,41,4096,0.01025390625,0.98974609375,False
external_iscas85_c499,c499,resyn2,new_n382,new_n373,1,rejected,0.9422119140625,1.0,0.98583984375,sampled,ok,41,4096,0.016357421875,0.983642578125,False
external_iscas85_c499,c499,resyn2,new_n442,new_n439,1,rejected,0.9422119140625,1.0,0.98583984375,sampled,ok,41,4096,0.01416015625,0.98583984375,False
external_iscas85_c499,c499,resyn2_like,new_n353,new_n354,1,rejected,0.9422119140625,1.0,0.98583984375,sampled,ok,41,4096,0.013671875,0.986328125,False
external_iscas85_c499,c499,resyn2_like,new_n382,new_n373,1,rejected,0.9422119140625,1.0,0.98583984375,sampled,ok,41,4096,0.01220703125,0.98779296875,False
external_iscas85_c499,c499,resyn2_like,new_n442,new_n439,1,rejected,0.9422119140625,1.0,0.98583984375,sampled,ok,41,4096,0.0107421875,0.9892578125,False
external_iscas85_c499,c499,rewrite_z,new_n406,new_n402,1,rejected,0.9422119140625,1.0,0.98583984375,sampled,ok,41,4096,0.013916015625,0.986083984375,False
external_iscas85_c3540,c3540,balance,new_n1064,new_n1000,1,rejected,0.9421148255813953,0.8837209302325582,0.96875,sampled,ok,43,4096,0.03515625,0.96484375,False
external_iscas85_c3540,c3540,rewrite_z,new_n949,new_n1000,1,rejected,0.9421148255813953,0.8837209302325582,0.96875,sampled,ok,43,4096,0.0341796875,0.9658203125,False
external_iscas85_c432,c432,refactor_z,new_n235,new_n176,1,rejected,0.94207763671875,1.0,0.985595703125,sampled,ok,36,4096,0.01318359375,0.98681640625,False
external_iscas85_c1355,c1355,refactor,new_n352,new_n387,1,rejected,0.941943359375,1.0,0.9853515625,sampled,ok,41,4096,0.013427734375,0.986572265625,False
external_iscas85_c1355,c1355,refactor_z,new_n351,new_n387,1,rejected,0.941943359375,1.0,0.9853515625,sampled,ok,41,4096,0.010009765625,0.989990234375,False
external_iscas85_c499,c499,rewrite_z,new_n318,new_n315,1,rejected,0.941943359375,1.0,0.9853515625,sampled,ok,41,4096,0.01171875,0.98828125,False
external_iscas85_c7552,c7552,rewrite,new_n1748,new_n670,1,rejected,0.94185791015625,1.0,0.894287109375,sampled,ok,17,4096,0.11865234375,0.88134765625,False
external_iscas85_c7552,c7552,rewrite_z,new_n1787,new_n670,1,rejected,0.94185791015625,1.0,0.894287109375,sampled,ok,17,4096,0.1083984375,0.8916015625,False
external_iscas85_c3540,c3540,dc2,new_n476,new_n582,1,rejected,0.94180908203125,1.0,0.985107421875,sampled,ok,22,4096,0.014892578125,0.985107421875,False
external_iscas85_c3540,c3540,rewrite_z,new_n501,new_n582,1,rejected,0.94180908203125,1.0,0.985107421875,sampled,ok,22,4096,0.012939453125,0.987060546875,False
external_iscas85_c499,c499,compress2rs,new_n437,new_n420,1,rejected,0.94180908203125,1.0,0.985107421875,sampled,ok,41,4096,0.018798828125,0.981201171875,False
external_iscas85_c499,c499,dc2,new_n381,new_n373,1,rejected,0.94180908203125,1.0,0.985107421875,sampled,ok,41,4096,0.014404296875,0.985595703125,False
external_iscas85_c499,c499,resyn,new_n438,new_n420,1,rejected,0.94180908203125,1.0,0.985107421875,sampled,ok,41,4096,0.018310546875,0.981689453125,False
external_iscas85_c499,c499,resyn2,new_n438,new_n420,1,rejected,0.94180908203125,1.0,0.985107421875,sampled,ok,41,4096,0.01513671875,0.98486328125,False
external_iscas85_c499,c499,resyn2_like,new_n438,new_n420,1,rejected,0.94180908203125,1.0,0.985107421875,sampled,ok,41,4096,0.017822265625,0.982177734375,False
external_iscas85_c1908,c1908,dc2,new_n357,new_n378,1,rejected,0.9417273319128788,0.9393939393939394,0.9326171875,sampled,ok,33,4096,0.059326171875,0.940673828125,False
external_iscas85_c6288,c6288,rewrite,new_n1251,new_n1245,1,rejected,0.9417236328125,1.0,0.89404296875,sampled,ok,14,4096,0.1201171875,0.8798828125,False
external_iscas85_c499,c499,compress2rs,new_n319,new_n420,1,rejected,0.9416748046875,1.0,0.98486328125,sampled,ok,41,4096,0.014404296875,0.985595703125,False
external_iscas85_c499,c499,compress2rs,new_n327,new_n315,1,rejected,0.9416748046875,1.0,0.98486328125,sampled,ok,41,4096,0.013671875,0.986328125,False
external_iscas85_c499,c499,compress2rs,new_n446,new_n457,1,rejected,0.9416748046875,1.0,0.98486328125,sampled,ok,41,4096,0.01416015625,0.98583984375,False
external_iscas85_c499,c499,dc2,new_n318,new_n420,1,rejected,0.9416748046875,1.0,0.98486328125,sampled,ok,41,4096,0.018798828125,0.981201171875,False
external_iscas85_c499,c499,dc2,new_n326,new_n315,1,rejected,0.9416748046875,1.0,0.98486328125,sampled,ok,41,4096,0.01123046875,0.98876953125,False
external_iscas85_c499,c499,resyn,new_n319,new_n420,1,rejected,0.9416748046875,1.0,0.98486328125,sampled,ok,41,4096,0.01611328125,0.98388671875,False
external_iscas85_c499,c499,resyn,new_n327,new_n315,1,rejected,0.9416748046875,1.0,0.98486328125,sampled,ok,41,4096,0.01708984375,0.98291015625,False
external_iscas85_c499,c499,resyn,new_n447,new_n457,1,rejected,0.9416748046875,1.0,0.98486328125,sampled,ok,41,4096,0.013671875,0.986328125,False
external_iscas85_c499,c499,resyn2,new_n447,new_n457,1,rejected,0.9416748046875,1.0,0.98486328125,sampled,ok,41,4096,0.014892578125,0.985107421875,False
external_iscas85_c499,c499,resyn2_like,new_n447,new_n457,1,rejected,0.9416748046875,1.0,0.98486328125,sampled,ok,41,4096,0.013427734375,0.986572265625,False
external_iscas85_c3540,c3540,rewrite_z,new_n544,new_n490,1,rejected,0.9416202799479166,0.9333333333333332,0.936279296875,sampled,ok,15,4096,0.069580078125,0.930419921875,False
external_iscas85_c499,c499,compress2rs,new_n394,new_n420,1,rejected,0.94154052734375,1.0,0.984619140625,sampled,ok,41,4096,0.017333984375,0.982666015625,False
external_iscas85_c499,c499,compress2rs,new_n398,new_n402,1,rejected,0.94154052734375,1.0,0.984619140625,sampled,ok,41,4096,0.01318359375,0.98681640625,False
external_iscas85_c499,c499,compress2rs,new_n402,new_n402,1,rejected,0.94154052734375,1.0,0.984619140625,sampled,ok,41,4096,0.01318359375,0.98681640625,False
external_iscas85_c499,c499,compress2rs,new_n406,new_n402,1,rejected,0.94154052734375,1.0,0.984619140625,sampled,ok,41,4096,0.01171875,0.98828125,False
external_iscas85_c499,c499,compress2rs,new_n450,new_n420,1,rejected,0.94154052734375,1.0,0.984619140625,sampled,ok,41,4096,0.017578125,0.982421875,False
external_iscas85_c499,c499,compress2rs,new_n454,new_n457,1,rejected,0.94154052734375,1.0,0.984619140625,sampled,ok,41,4096,0.01513671875,0.98486328125,False
external_iscas85_c499,c499,compress2rs,new_n458,new_n457,1,rejected,0.94154052734375,1.0,0.984619140625,sampled,ok,41,4096,0.011962890625,0.988037109375,False
external_iscas85_c499,c499,resyn,new_n395,new_n420,1,rejected,0.94154052734375,1.0,0.984619140625,sampled,ok,41,4096,0.015625,0.984375,False
external_iscas85_c499,c499,resyn,new_n399,new_n402,1,rejected,0.94154052734375,1.0,0.984619140625,sampled,ok,41,4096,0.013671875,0.986328125,False
external_iscas85_c499,c499,resyn,new_n403,new_n402,1,rejected,0.94154052734375,1.0,0.984619140625,sampled,ok,41,4096,0.01416015625,0.98583984375,False
external_iscas85_c499,c499,resyn,new_n407,new_n402,1,rejected,0.94154052734375,1.0,0.984619140625,sampled,ok,41,4096,0.011962890625,0.988037109375,False
external_iscas85_c499,c499,resyn,new_n451,new_n420,1,rejected,0.94154052734375,1.0,0.984619140625,sampled,ok,41,4096,0.015380859375,0.984619140625,False
external_iscas85_c499,c499,resyn,new_n455,new_n457,1,rejected,0.94154052734375,1.0,0.984619140625,sampled,ok,41,4096,0.013671875,0.986328125,False
external_iscas85_c499,c499,resyn,new_n459,new_n457,1,rejected,0.94154052734375,1.0,0.984619140625,sampled,ok,41,4096,0.0126953125,0.9873046875,False
external_iscas85_c499,c499,resyn2,new_n395,new_n420,1,rejected,0.94154052734375,1.0,0.984619140625,sampled,ok,41,4096,0.020263671875,0.979736328125,False
external_iscas85_c499,c499,resyn2,new_n399,new_n402,1,rejected,0.94154052734375,1.0,0.984619140625,sampled,ok,41,4096,0.014404296875,0.985595703125,False
external_iscas85_c499,c499,resyn2,new_n403,new_n402,1,rejected,0.94154052734375,1.0,0.984619140625,sampled,ok,41,4096,0.013916015625,0.986083984375,False
external_iscas85_c499,c499,resyn2,new_n407,new_n402,1,rejected,0.94154052734375,1.0,0.984619140625,sampled,ok,41,4096,0.016357421875,0.983642578125,False
external_iscas85_c499,c499,resyn2,new_n451,new_n420,1,rejected,0.94154052734375,1.0,0.984619140625,sampled,ok,41,4096,0.015380859375,0.984619140625,False
external_iscas85_c499,c499,resyn2,new_n455,new_n457,1,rejected,0.94154052734375,1.0,0.984619140625,sampled,ok,41,4096,0.012939453125,0.987060546875,False
external_iscas85_c499,c499,resyn2,new_n459,new_n457,1,rejected,0.94154052734375,1.0,0.984619140625,sampled,ok,41,4096,0.0146484375,0.9853515625,False
external_iscas85_c499,c499,resyn2_like,new_n395,new_n420,1,rejected,0.94154052734375,1.0,0.984619140625,sampled,ok,41,4096,0.011962890625,0.988037109375,False
external_iscas85_c499,c499,resyn2_like,new_n399,new_n402,1,rejected,0.94154052734375,1.0,0.984619140625,sampled,ok,41,4096,0.014892578125,0.985107421875,False
external_iscas85_c499,c499,resyn2_like,new_n403,new_n402,1,rejected,0.94154052734375,1.0,0.984619140625,sampled,ok,41,4096,0.015380859375,0.984619140625,False
external_iscas85_c499,c499,resyn2_like,new_n407,new_n402,1,rejected,0.94154052734375,1.0,0.984619140625,sampled,ok,41,4096,0.0146484375,0.9853515625,False
external_iscas85_c499,c499,resyn2_like,new_n451,new_n420,1,rejected,0.94154052734375,1.0,0.984619140625,sampled,ok,41,4096,0.01513671875,0.98486328125,False
external_iscas85_c499,c499,resyn2_like,new_n455,new_n457,1,rejected,0.94154052734375,1.0,0.984619140625,sampled,ok,41,4096,0.010498046875,0.989501953125,False
external_iscas85_c499,c499,resyn2_like,new_n459,new_n457,1,rejected,0.94154052734375,1.0,0.984619140625,sampled,ok,41,4096,0.015869140625,0.984130859375,False
external_iscas85_c7552,c7552,resyn2,new_n1668,new_n1799,1,rejected,0.941455078125,1.0,0.8935546875,sampled,ok,90,4096,0.131591796875,0.868408203125,False
external_iscas85_c7552,c7552,resyn2_like,new_n1668,new_n1799,1,rejected,0.941455078125,1.0,0.8935546875,sampled,ok,90,4096,0.12353515625,0.87646484375,False
external_iscas85_c499,c499,compress2rs,new_n315,new_n315,1,rejected,0.94140625,1.0,0.984375,sampled,ok,41,4096,0.015869140625,0.984130859375,False
external_iscas85_c499,c499,dc2,new_n314,new_n315,1,rejected,0.94140625,1.0,0.984375,sampled,ok,41,4096,0.01513671875,0.98486328125,False
external_iscas85_c499,c499,resyn,new_n315,new_n315,1,rejected,0.94140625,1.0,0.984375,sampled,ok,41,4096,0.015380859375,0.984619140625,False
external_iscas85_c499,c499,compress2rs,new_n323,new_n315,1,rejected,0.94127197265625,1.0,0.984130859375,sampled,ok,41,4096,0.015869140625,0.984130859375,False
external_iscas85_c499,c499,dc2,new_n322,new_n315,1,rejected,0.94127197265625,1.0,0.984130859375,sampled,ok,41,4096,0.013916015625,0.986083984375,False
external_iscas85_c499,c499,resyn,new_n323,new_n315,1,rejected,0.94127197265625,1.0,0.984130859375,sampled,ok,41,4096,0.013427734375,0.986572265625,False
external_iscas85_c1908,c1908,refactor,new_n319,new_n309,1,rejected,0.9410831705729168,0.9333333333333332,0.935302734375,sampled,ok,30,4096,0.064453125,0.935546875,False
external_iscas85_c3540,c3540,resyn,new_n590,new_n456,1,rejected,0.9410817999588816,0.9210526315789472,0.943115234375,sampled,ok,38,4096,0.055419921875,0.944580078125,False
external_iscas85_c3540,c3540,compress2rs,new_n488,new_n622,1,rejected,0.94100341796875,1.0,0.983642578125,sampled,ok,21,4096,0.013671875,0.986328125,False
external_iscas85_c3540,c3540,resyn2,new_n510,new_n622,1,rejected,0.94100341796875,1.0,0.983642578125,sampled,ok,21,4096,0.0126953125,0.9873046875,False
external_iscas85_c3540,c3540,resyn2_like,new_n510,new_n622,1,rejected,0.94100341796875,1.0,0.983642578125,sampled,ok,21,4096,0.013671875,0.986328125,False
external_iscas85_c7552,c7552,rewrite_z,new_n1573,new_n1885,1,rejected,0.9409291368849736,0.9574468085106383,0.919677734375,sampled,ok,94,4096,0.089111328125,0.910888671875,False
external_iscas85_c3540,c3540,rewrite_z,new_n558,new_n502,1,rejected,0.94066162109375,0.9375,0.931884765625,sampled,ok,32,4096,0.068359375,0.931640625,False
external_iscas85_c3540,c3540,refactor,new_n696,new_n747,1,rejected,0.9406494140625,1.0,0.89208984375,sampled,ok,30,4096,0.099365234375,0.900634765625,False
external_iscas85_c5315,c5315,rewrite,new_n947,new_n1113,1,rejected,0.9406494140625,1.0,0.89208984375,sampled,ok,18,4096,0.112060546875,0.887939453125,False
external_iscas85_c5315,c5315,rewrite,new_n959,new_n1106,1,rejected,0.9406494140625,1.0,0.89208984375,sampled,ok,21,4096,0.11328125,0.88671875,False
external_iscas85_c5315,c5315,rewrite_z,new_n945,new_n1106,1,rejected,0.9406494140625,1.0,0.89208984375,sampled,ok,21,4096,0.111083984375,0.888916015625,False
external_iscas85_c5315,c5315,rewrite_z,new_n953,new_n1113,1,rejected,0.9406494140625,1.0,0.89208984375,sampled,ok,18,4096,0.1025390625,0.8974609375,False
external_iscas85_c7552,c7552,compress2rs,new_n439,new_n591,1,rejected,0.9405618106617648,0.8823529411764706,0.966796875,sampled,ok,17,4096,0.029296875,0.970703125,False
external_iscas85_c7552,c7552,dc2,new_n590,new_n591,1,rejected,0.9405618106617648,0.8823529411764706,0.966796875,sampled,ok,17,4096,0.03466796875,0.96533203125,False
external_iscas85_c3540,c3540,rewrite_z,new_n809,new_n891,1,rejected,0.940514197716346,0.8461538461538461,0.98974609375,sampled,ok,13,4096,0.0126953125,0.9873046875,False
external_iscas85_c499,c499,resyn,new_n349,new_n353,1,rejected,0.9404752405678356,0.902439024390244,0.953857421875,sampled,ok,41,4096,0.04931640625,0.95068359375,False
external_iscas85_c3540,c3540,refactor_z,new_n599,new_n656,1,rejected,0.940380859375,1.0,0.8916015625,sampled,ok,37,4096,0.104736328125,0.895263671875,False
external_iscas85_c3540,c3540,refactor_z,new_n600,new_n669,1,rejected,0.940380859375,1.0,0.8916015625,sampled,ok,37,4096,0.09619140625,0.90380859375,False
external_iscas85_c7552,c7552,refactor,new_n975,new_n1737,1,rejected,0.9398691538217908,0.972972972972973,0.998779296875,sampled,ok,37,4096,0.002197265625,0.997802734375,False
external_iscas85_c7552,c7552,refactor_z,new_n999,new_n1737,1,rejected,0.9398691538217908,0.972972972972973,0.998779296875,sampled,ok,37,4096,0.00146484375,0.99853515625,False
external_iscas85_c880,c880,dc2,new_n235,new_n286,1,rejected,0.93984375,1.0,0.890625,sampled,ok,17,4096,0.102294921875,0.897705078125,False
external_iscas85_c3540,c3540,compress2rs,new_n422,new_n580,1,rejected,0.9395263671875,1.0,0.98095703125,sampled,ok,22,4096,0.014404296875,0.985595703125,False
external_iscas85_c3540,c3540,dc2,new_n860,new_n641,1,rejected,0.93944091796875,1.0,0.889892578125,sampled,ok,21,4096,0.119873046875,0.880126953125,False
external_iscas85_c3540,c3540,rewrite,new_n925,new_n641,1,rejected,0.93944091796875,1.0,0.889892578125,sampled,ok,21,4096,0.1220703125,0.8779296875,False
external_iscas85_c7552,c7552,rewrite,new_n1009,new_n1020,1,rejected,0.9393320444467907,0.972972972972973,0.997802734375,sampled,ok,37,4096,0.001220703125,0.998779296875,False
external_iscas85_c3540,c3540,rewrite_z,new_n889,new_n1042,1,rejected,0.93917236328125,1.0,0.889404296875,sampled,ok,38,4096,0.108642578125,0.891357421875,False
external_iscas85_c3540,c3540,rewrite_z,new_n522,new_n602,1,rejected,0.939171424278846,0.8461538461538461,0.9873046875,sampled,ok,13,4096,0.009033203125,0.990966796875,False
external_iscas85_c1908,c1908,compress2rs,new_n320,new_n280,1,rejected,0.9389911073626894,0.9696969696969696,0.999267578125,sampled,ok,33,4096,0.000244140625,0.999755859375,False
external_iscas85_c1908,c1908,compress2rs,new_n325,new_n280,1,rejected,0.9389911073626894,0.9696969696969696,0.999267578125,sampled,ok,33,4096,0.0009765625,0.9990234375,False
external_iscas85_c1908,c1908,compress2rs,new_n331,new_n280,1,rejected,0.9389911073626894,0.9696969696969696,0.999267578125,sampled,ok,33,4096,0.000732421875,0.999267578125,False
external_iscas85_c3540,c3540,balance,new_n629,new_n501,1,rejected,0.938916015625,0.9375,0.9287109375,sampled,ok,32,4096,0.0634765625,0.9365234375,False
external_iscas85_c3540,c3540,dc2,new_n532,new_n501,1,rejected,0.938916015625,0.9375,0.9287109375,sampled,ok,32,4096,0.070556640625,0.929443359375,False
external_iscas85_c3540,c3540,refactor,new_n572,new_n501,1,rejected,0.938916015625,0.9375,0.9287109375,sampled,ok,32,4096,0.0673828125,0.9326171875,False
external_iscas85_c3540,c3540,refactor_z,new_n523,new_n501,1,rejected,0.938916015625,0.9375,0.9287109375,sampled,ok,32,4096,0.0693359375,0.9306640625,False
external_iscas85_c3540,c3540,rewrite,new_n562,new_n501,1,rejected,0.938916015625,0.9375,0.9287109375,sampled,ok,32,4096,0.067138671875,0.932861328125,False
external_iscas85_c3540,c3540,compress2rs,new_n489,new_n623,1,rejected,0.93890380859375,1.0,0.888916015625,sampled,ok,21,4096,0.110595703125,0.889404296875,False
external_iscas85_c3540,c3540,dc2,new_n482,new_n623,1,rejected,0.93890380859375,1.0,0.888916015625,sampled,ok,21,4096,0.105224609375,0.894775390625,False
external_iscas85_c3540,c3540,resyn2,new_n548,new_n623,1,rejected,0.93890380859375,1.0,0.888916015625,sampled,ok,21,4096,0.114501953125,0.885498046875,False
external_iscas85_c3540,c3540,resyn2_like,new_n548,new_n623,1,rejected,0.93890380859375,1.0,0.888916015625,sampled,ok,21,4096,0.107421875,0.892578125,False
external_iscas85_c3540,c3540,rewrite,new_n542,new_n623,1,rejected,0.93890380859375,1.0,0.888916015625,sampled,ok,21,4096,0.11181640625,0.88818359375,False
external_iscas85_c3540,c3540,rewrite_z,new_n909,new_n1019,1,rejected,0.9389028695913464,0.8461538461538461,0.98681640625,sampled,ok,13,4096,0.011962890625,0.988037109375,False
external_iscas85_c880,c880,rewrite_z,new_n271,new_n278,1,rejected,0.93885498046875,0.8571428571428571,0.979736328125,sampled,ok,35,4096,0.024169921875,0.975830078125,False
external_iscas85_c1908,c1908,compress2rs,new_n308,new_n280,1,rejected,0.9387225526751894,0.9696969696969696,0.998779296875,sampled,ok,33,4096,0.001708984375,0.998291015625,False
external_iscas85_c1908,c1908,resyn2,new_n313,new_n280,1,rejected,0.9387225526751894,0.9696969696969696,0.998779296875,sampled,ok,33,4096,0.0009765625,0.9990234375,False
external_iscas85_c1908,c1908,resyn2_like,new_n313,new_n280,1,rejected,0.9387225526751894,0.9696969696969696,0.998779296875,sampled,ok,33,4096,0.00146484375,0.99853515625,False
external_iscas85_c7552,c7552,rewrite,new_n1582,new_n1888,1,rejected,0.938720703125,1.0,0.9794921875,sampled,ok,93,4096,0.021484375,0.978515625,False
external_iscas85_c880,c880,refactor,new_n265,new_n289,1,rejected,0.93863525390625,1.0,0.888427734375,sampled,ok,20,4096,0.105712890625,0.894287109375,False
external_iscas85_c880,c880,refactor_z,new_n265,new_n289,1,rejected,0.93863525390625,1.0,0.888427734375,sampled,ok,20,4096,0.120849609375,0.879150390625,False
external_iscas85_c3540,c3540,rewrite_z,new_n758,new_n860,1,rejected,0.9386343149038462,0.8461538461538461,0.986328125,sampled,ok,13,4096,0.013916015625,0.986083984375,False
external_iscas85_c3540,c3540,refactor,new_n566,new_n449,1,rejected,0.9385649582435344,0.8620689655172413,0.97607421875,sampled,ok,29,4096,0.0283203125,0.9716796875,False
external_iscas85_c3540,c3540,rewrite,new_n556,new_n449,1,rejected,0.9385649582435344,0.8620689655172413,0.97607421875,sampled,ok,29,4096,0.02587890625,0.97412109375,False
external_iscas85_c1908,c1908,rewrite,new_n314,new_n271,1,rejected,0.9385253906250002,0.96875,0.9990234375,sampled,ok,32,4096,0.002197265625,0.997802734375,False
external_iscas85_c499,c499,resyn,new_n367,new_n372,1,rejected,0.9383268030678354,0.902439024390244,0.949951171875,sampled,ok,41,4096,0.046630859375,0.953369140625,False
external_iscas85_c1908,c1908,compress2rs,new_n313,new_n280,1,rejected,0.9383197206439394,0.9696969696969696,0.998046875,sampled,ok,33,4096,0.001708984375,0.998291015625,False
external_iscas85_c7552,c7552,balance,new_n1742,new_n1837,1,rejected,0.9383110894097222,0.9027777777777778,0.94970703125,sampled,ok,72,4096,0.04736328125,0.95263671875,False
external_iscas85_c7552,c7552,resyn,new_n622,new_n1754,1,rejected,0.9383110894097222,0.9027777777777778,0.94970703125,sampled,ok,72,4096,0.05224609375,0.94775390625,False
external_iscas85_c3540,c3540,rewrite_z,new_n98,new_n92,1,rejected,0.9382568359375,0.875,0.96728515625,sampled,ok,16,4096,0.033447265625,0.966552734375,False
external_iscas85_c6288,c6288,rewrite,new_n1257,new_n1255,1,rejected,0.938232421875,1.0,0.8876953125,sampled,ok,16,4096,0.119140625,0.880859375,False
external_iscas85_c7552,c7552,resyn2,new_n1606,new_n1799,1,rejected,0.93809814453125,1.0,0.887451171875,sampled,ok,90,4096,0.114990234375,0.885009765625,False
external_iscas85_c7552,c7552,resyn2_like,new_n1606,new_n1799,1,rejected,0.93809814453125,1.0,0.887451171875,sampled,ok,90,4096,0.128173828125,0.871826171875,False
external_iscas85_c1908,c1908,resyn2,new_n337,new_n274,1,rejected,0.9380511659564394,0.9696969696969696,0.99755859375,sampled,ok,33,4096,0.005859375,0.994140625,False
external_iscas85_c1908,c1908,resyn2_like,new_n337,new_n274,1,rejected,0.9380511659564394,0.9696969696969696,0.99755859375,sampled,ok,33,4096,0.00244140625,0.99755859375,False
external_iscas85_c3540,c3540,refactor,new_n908,new_n659,1,rejected,0.9380438910590276,0.9722222222222222,0.905029296875,sampled,ok,36,4096,0.0966796875,0.9033203125,False
external_iscas85_c3540,c3540,rewrite,new_n883,new_n659,1,rejected,0.9380438910590276,0.9722222222222222,0.905029296875,sampled,ok,36,4096,0.096923828125,0.903076171875,False
external_iscas85_c7552,c7552,resub,new_n1986,new_n670,1,rejected,0.9379638671875,1.0,0.88720703125,sampled,ok,17,4096,0.123779296875,0.876220703125,False
external_iscas85_c3540,c3540,rewrite,new_n680,new_n503,1,rejected,0.93782958984375,1.0,0.886962890625,sampled,ok,30,4096,0.10791015625,0.89208984375,False
external_iscas85_c1908,c1908,compress2rs,new_n360,new_n274,1,rejected,0.9377826112689396,0.9696969696969696,0.9970703125,sampled,ok,33,4096,0.003173828125,0.996826171875,False
external_iscas85_c1908,c1908,resyn2,new_n366,new_n274,1,rejected,0.9377826112689396,0.9696969696969696,0.9970703125,sampled,ok,33,4096,0.005859375,0.994140625,False
external_iscas85_c1908,c1908,resyn2_like,new_n366,new_n274,1,rejected,0.9377826112689396,0.9696969696969696,0.9970703125,sampled,ok,33,4096,0.003662109375,0.996337890625,False
external_iscas85_c1908,c1908,resyn2,new_n319,new_n280,1,rejected,0.9376483339251894,0.9696969696969696,0.996826171875,sampled,ok,33,4096,0.004638671875,0.995361328125,False
external_iscas85_c1908,c1908,resyn2_like,new_n319,new_n280,1,rejected,0.9376483339251894,0.9696969696969696,0.996826171875,sampled,ok,33,4096,0.004638671875,0.995361328125,False
external_iscas85_c7552,c7552,balance,new_n1144,new_n1135,1,rejected,0.937646484375,1.0,0.9775390625,sampled,ok,15,4096,0.021484375,0.978515625,False
external_iscas85_c7552,c7552,dc2,new_n944,new_n1126,1,rejected,0.937646484375,1.0,0.9775390625,sampled,ok,15,4096,0.022705078125,0.977294921875,False
external_iscas85_c7552,c7552,resyn,new_n1055,new_n1135,1,rejected,0.937646484375,1.0,0.9775390625,sampled,ok,15,4096,0.02392578125,0.97607421875,False
external_iscas85_c1908,c1908,resyn2,new_n331,new_n280,1,rejected,0.9375140565814396,0.9696969696969696,0.99658203125,sampled,ok,33,4096,0.00634765625,0.99365234375,False
external_iscas85_c1908,c1908,resyn2_like,new_n331,new_n280,1,rejected,0.9375140565814396,0.9696969696969696,0.99658203125,sampled,ok,33,4096,0.00439453125,0.99560546875,False
external_iscas85_c3540,c3540,dc2,new_n772,new_n939,1,rejected,0.9373779296875,1.0,0.97705078125,sampled,ok,38,4096,0.01953125,0.98046875,False
