benchmark,optimization,optimized_node,rank,original_candidate,combined_score,simulation_similarity,support_overlap,depth_similarity,optimized_level,original_level,is_exact_signature_match,match_category,signature_match_on_patterns,formal_truth_table_match,pattern_count,is_formal_exact_mode,optimized_fingerprint,original_fingerprint,optimized_support_size,original_support_size,optimized_fanin_count,original_fanin_count,sat_reason,needs_sat_check,orig_blif,opt_blif
generated_adder_4,balance,new_n15,1,new_n15,1.0,1.0,1.0,1.0,1,1,1,exact_anchor,1,1,512,1,7bd75205b989a663,7bd75205b989a663,2,2,2,2,exact anchor SAT sanity check (score 1.000),True,variants/generated_adder_4_original.blif,variants/generated_adder_4_balance.blif
generated_adder_4,balance,new_n16,1,new_n16,1.0,1.0,1.0,1.0,1,1,1,exact_anchor,1,1,512,1,235b1e44a2ae2a5f,235b1e44a2ae2a5f,2,2,2,2,exact anchor SAT sanity check (score 1.000),True,variants/generated_adder_4_original.blif,variants/generated_adder_4_balance.blif
generated_adder_4,balance,new_n17,1,new_n17,1.0,1.0,1.0,1.0,2,2,1,exact_anchor,1,1,512,1,5fb1824d9692e39a,5fb1824d9692e39a,2,2,2,2,exact anchor SAT sanity check (score 1.000),True,variants/generated_adder_4_original.blif,variants/generated_adder_4_balance.blif
generated_adder_4,balance,new_n18,1,new_n18,1.0,1.0,1.0,1.0,3,3,1,exact_anchor,1,1,512,1,38a1a370d3f79f4b,38a1a370d3f79f4b,3,3,2,2,exact anchor SAT sanity check (score 1.000),True,variants/generated_adder_4_original.blif,variants/generated_adder_4_balance.blif
generated_adder_4,balance,new_n19,1,new_n19,1.0,1.0,1.0,1.0,3,3,1,exact_anchor,1,1,512,1,dc06a37141f84a2b,dc06a37141f84a2b,3,3,2,2,exact anchor SAT sanity check (score 1.000),True,variants/generated_adder_4_original.blif,variants/generated_adder_4_balance.blif
generated_adder_4,balance,new_n21,1,new_n21,1.0,1.0,1.0,1.0,1,1,1,exact_anchor,1,1,512,1,e451a988382af5d9,e451a988382af5d9,2,2,2,2,exact anchor SAT sanity check (score 1.000),True,variants/generated_adder_4_original.blif,variants/generated_adder_4_balance.blif
generated_adder_4,balance,new_n22,1,new_n22,1.0,1.0,1.0,1.0,1,1,1,exact_anchor,1,1,512,1,2157b90811e3ea67,2157b90811e3ea67,2,2,2,2,exact anchor SAT sanity check (score 1.000),True,variants/generated_adder_4_original.blif,variants/generated_adder_4_balance.blif
generated_adder_4,balance,new_n23,1,new_n23,1.0,1.0,1.0,1.0,2,2,1,exact_anchor,1,1,512,1,f6ca69658a9287c9,f6ca69658a9287c9,2,2,2,2,exact anchor SAT sanity check (score 1.000),True,variants/generated_adder_4_original.blif,variants/generated_adder_4_balance.blif
generated_adder_4,balance,new_n24,1,new_n24,1.0,1.0,1.0,1.0,1,1,1,exact_anchor,1,1,512,1,47c57d9752e083e9,47c57d9752e083e9,2,2,2,2,exact anchor SAT sanity check (score 1.000),True,variants/generated_adder_4_original.blif,variants/generated_adder_4_balance.blif
generated_adder_4,balance,new_n25,1,new_n25,1.0,1.0,1.0,1.0,3,3,1,exact_anchor,1,1,512,1,6651021d80b896ca,6651021d80b896ca,3,3,2,2,exact anchor SAT sanity check (score 1.000),True,variants/generated_adder_4_original.blif,variants/generated_adder_4_balance.blif
generated_adder_4,balance,new_n26,1,new_n26,1.0,1.0,1.0,1.0,4,4,1,exact_anchor,1,1,512,1,2a8cb68d76125e6e,2a8cb68d76125e6e,3,3,2,2,exact anchor SAT sanity check (score 1.000),True,variants/generated_adder_4_original.blif,variants/generated_adder_4_balance.blif
generated_adder_4,balance,new_n27,1,new_n27,1.0,1.0,1.0,1.0,5,5,1,exact_anchor,1,1,512,1,a29f685b4a595ff0,a29f685b4a595ff0,5,5,2,2,exact anchor SAT sanity check (score 1.000),True,variants/generated_adder_4_original.blif,variants/generated_adder_4_balance.blif
generated_adder_4,balance,new_n28,1,new_n28,1.0,1.0,1.0,1.0,5,5,1,exact_anchor,1,1,512,1,4d7a9a3b447efb56,4d7a9a3b447efb56,5,5,2,2,exact anchor SAT sanity check (score 1.000),True,variants/generated_adder_4_original.blif,variants/generated_adder_4_balance.blif
generated_adder_4,balance,new_n30,1,new_n30,1.0,1.0,1.0,1.0,1,1,1,exact_anchor,1,1,512,1,c24c80cf98124e46,c24c80cf98124e46,2,2,2,2,exact anchor SAT sanity check (score 1.000),True,variants/generated_adder_4_original.blif,variants/generated_adder_4_balance.blif
generated_adder_4,balance,new_n31,1,new_n31,1.0,1.0,1.0,1.0,1,1,1,exact_anchor,1,1,512,1,3a2b9632c1bf022c,3a2b9632c1bf022c,2,2,2,2,exact anchor SAT sanity check (score 1.000),True,variants/generated_adder_4_original.blif,variants/generated_adder_4_balance.blif
generated_adder_4,balance,new_n32,1,new_n32,1.0,1.0,1.0,1.0,2,2,1,exact_anchor,1,1,512,1,921ff67e38bdf4a7,921ff67e38bdf4a7,2,2,2,2,exact anchor SAT sanity check (score 1.000),True,variants/generated_adder_4_original.blif,variants/generated_adder_4_balance.blif
generated_adder_4,balance,new_n33,1,new_n33,1.0,1.0,1.0,1.0,1,1,1,exact_anchor,1,1,512,1,1e47fdfb89658e16,1e47fdfb89658e16,2,2,2,2,exact anchor SAT sanity check (score 1.000),True,variants/generated_adder_4_original.blif,variants/generated_adder_4_balance.blif
generated_adder_4,balance,new_n34,1,new_n34,1.0,1.0,1.0,1.0,5,5,1,exact_anchor,1,1,512,1,47d1804ed8430f98,47d1804ed8430f98,5,5,2,2,exact anchor SAT sanity check (score 1.000),True,variants/generated_adder_4_original.blif,variants/generated_adder_4_balance.blif
generated_adder_4,balance,new_n35,1,new_n35,1.0,1.0,1.0,1.0,6,6,1,exact_anchor,1,1,512,1,17bcb4dd2a9e6776,17bcb4dd2a9e6776,5,5,2,2,exact anchor SAT sanity check (score 1.000),True,variants/generated_adder_4_original.blif,variants/generated_adder_4_balance.blif
generated_adder_4,balance,new_n36,1,new_n36,1.0,1.0,1.0,1.0,7,7,1,exact_anchor,1,1,512,1,9765d48dd9ca3fa0,9765d48dd9ca3fa0,7,7,2,2,exact anchor SAT sanity check (score 1.000),True,variants/generated_adder_4_original.blif,variants/generated_adder_4_balance.blif
generated_adder_4,balance,new_n37,1,new_n37,1.0,1.0,1.0,1.0,7,7,1,exact_anchor,1,1,512,1,fc3ae64897cda2dd,fc3ae64897cda2dd,7,7,2,2,exact anchor SAT sanity check (score 1.000),True,variants/generated_adder_4_original.blif,variants/generated_adder_4_balance.blif
generated_adder_4,balance,new_n39,1,new_n39,1.0,1.0,1.0,1.0,1,1,1,exact_anchor,1,1,512,1,18892720a7f04077,18892720a7f04077,2,2,2,2,exact anchor SAT sanity check (score 1.000),True,variants/generated_adder_4_original.blif,variants/generated_adder_4_balance.blif
generated_adder_4,balance,new_n40,1,new_n40,1.0,1.0,1.0,1.0,1,1,1,exact_anchor,1,1,512,1,af423559a1f1be28,af423559a1f1be28,2,2,2,2,exact anchor SAT sanity check (score 1.000),True,variants/generated_adder_4_original.blif,variants/generated_adder_4_balance.blif
generated_adder_4,balance,new_n41,1,new_n41,1.0,1.0,1.0,1.0,2,2,1,exact_anchor,1,1,512,1,0443617a72b09093,0443617a72b09093,2,2,2,2,exact anchor SAT sanity check (score 1.000),True,variants/generated_adder_4_original.blif,variants/generated_adder_4_balance.blif
generated_adder_4,balance,new_n42,1,new_n42,1.0,1.0,1.0,1.0,1,1,1,exact_anchor,1,1,512,1,907a44cc1e67d175,907a44cc1e67d175,2,2,2,2,exact anchor SAT sanity check (score 1.000),True,variants/generated_adder_4_original.blif,variants/generated_adder_4_balance.blif
generated_adder_4,balance,new_n43,1,new_n43,1.0,1.0,1.0,1.0,7,7,1,exact_anchor,1,1,512,1,393e67c0209b96d7,393e67c0209b96d7,7,7,2,2,exact anchor SAT sanity check (score 1.000),True,variants/generated_adder_4_original.blif,variants/generated_adder_4_balance.blif
generated_adder_4,balance,new_n44,1,new_n44,1.0,1.0,1.0,1.0,8,8,1,exact_anchor,1,1,512,1,2dfcd5b8c807055f,2dfcd5b8c807055f,7,7,2,2,exact anchor SAT sanity check (score 1.000),True,variants/generated_adder_4_original.blif,variants/generated_adder_4_balance.blif
generated_adder_4,balance,new_n45,1,new_n45,1.0,1.0,1.0,1.0,9,9,1,exact_anchor,1,1,512,1,66d5aace10a95352,66d5aace10a95352,9,9,2,2,exact anchor SAT sanity check (score 1.000),True,variants/generated_adder_4_original.blif,variants/generated_adder_4_balance.blif
generated_adder_4,balance,new_n46,1,new_n46,1.0,1.0,1.0,1.0,9,9,1,exact_anchor,1,1,512,1,cfd18bfa9d5f5272,cfd18bfa9d5f5272,9,9,2,2,exact anchor SAT sanity check (score 1.000),True,variants/generated_adder_4_original.blif,variants/generated_adder_4_balance.blif
generated_adder_4,balance,new_n48,1,new_n48,1.0,1.0,1.0,1.0,1,1,1,exact_anchor,1,1,512,1,c81633045c6eeaa2,c81633045c6eeaa2,2,2,2,2,exact anchor SAT sanity check (score 1.000),True,variants/generated_adder_4_original.blif,variants/generated_adder_4_balance.blif
generated_adder_4,balance,new_n49,1,new_n49,1.0,1.0,1.0,1.0,9,9,1,exact_anchor,1,1,512,1,92371b78397fd8f6,92371b78397fd8f6,9,9,2,2,exact anchor SAT sanity check (score 1.000),True,variants/generated_adder_4_original.blif,variants/generated_adder_4_balance.blif
generated_adder_4,compress2rs,new_n15,1,new_n24,1.0,1.0,1.0,1.0,1,1,1,exact_anchor,1,1,512,1,47c57d9752e083e9,47c57d9752e083e9,2,2,2,2,exact anchor SAT sanity check (score 1.000),True,variants/generated_adder_4_original.blif,variants/generated_adder_4_compress2rs.blif
generated_adder_4,compress2rs,new_n18,1,new_n25,1.0,1.0,1.0,1.0,3,3,1,exact_anchor,1,1,512,1,6651021d80b896ca,6651021d80b896ca,3,3,2,2,exact anchor SAT sanity check (score 1.000),True,variants/generated_adder_4_original.blif,variants/generated_adder_4_compress2rs.blif
generated_adder_4,compress2rs,new_n21,1,new_n26,1.0,1.0,1.0,1.0,4,4,1,exact_anchor,1,1,512,1,2a8cb68d76125e6e,2a8cb68d76125e6e,3,3,2,2,exact anchor SAT sanity check (score 1.000),True,variants/generated_adder_4_original.blif,variants/generated_adder_4_compress2rs.blif
generated_adder_4,compress2rs,new_n22,1,new_n33,1.0,1.0,1.0,1.0,1,1,1,exact_anchor,1,1,512,1,1e47fdfb89658e16,1e47fdfb89658e16,2,2,2,2,exact anchor SAT sanity check (score 1.000),True,variants/generated_adder_4_original.blif,variants/generated_adder_4_compress2rs.blif
generated_adder_4,compress2rs,new_n25,1,new_n34,1.0,1.0,1.0,1.0,5,5,1,exact_anchor,1,1,512,1,47d1804ed8430f98,47d1804ed8430f98,5,5,2,2,exact anchor SAT sanity check (score 1.000),True,variants/generated_adder_4_original.blif,variants/generated_adder_4_compress2rs.blif
generated_adder_4,compress2rs,new_n28,1,new_n35,1.0,1.0,1.0,1.0,6,6,1,exact_anchor,1,1,512,1,17bcb4dd2a9e6776,17bcb4dd2a9e6776,5,5,2,2,exact anchor SAT sanity check (score 1.000),True,variants/generated_adder_4_original.blif,variants/generated_adder_4_compress2rs.blif
generated_adder_4,compress2rs,new_n29,1,new_n42,1.0,1.0,1.0,1.0,1,1,1,exact_anchor,1,1,512,1,907a44cc1e67d175,907a44cc1e67d175,2,2,2,2,exact anchor SAT sanity check (score 1.000),True,variants/generated_adder_4_original.blif,variants/generated_adder_4_compress2rs.blif
generated_adder_4,compress2rs,new_n32,1,new_n43,1.0,1.0,1.0,1.0,7,7,1,exact_anchor,1,1,512,1,393e67c0209b96d7,393e67c0209b96d7,7,7,2,2,exact anchor SAT sanity check (score 1.000),True,variants/generated_adder_4_original.blif,variants/generated_adder_4_compress2rs.blif
generated_adder_4,compress2rs,new_n35,1,new_n44,1.0,1.0,1.0,1.0,8,8,1,exact_anchor,1,1,512,1,2dfcd5b8c807055f,2dfcd5b8c807055f,7,7,2,2,exact anchor SAT sanity check (score 1.000),True,variants/generated_adder_4_original.blif,variants/generated_adder_4_compress2rs.blif
generated_adder_4,compress2rs,new_n36,1,new_n48,1.0,1.0,1.0,1.0,1,1,1,exact_anchor,1,1,512,1,c81633045c6eeaa2,c81633045c6eeaa2,2,2,2,2,exact anchor SAT sanity check (score 1.000),True,variants/generated_adder_4_original.blif,variants/generated_adder_4_compress2rs.blif
generated_adder_4,compress2rs,new_n39,1,new_n49,1.0,1.0,1.0,1.0,9,9,1,exact_anchor,1,1,512,1,92371b78397fd8f6,92371b78397fd8f6,9,9,2,2,exact anchor SAT sanity check (score 1.000),True,variants/generated_adder_4_original.blif,variants/generated_adder_4_compress2rs.blif
generated_adder_4,dc2,new_n15,1,new_n24,1.0,1.0,1.0,1.0,1,1,1,exact_anchor,1,1,512,1,47c57d9752e083e9,47c57d9752e083e9,2,2,2,2,exact anchor SAT sanity check (score 1.000),True,variants/generated_adder_4_original.blif,variants/generated_adder_4_dc2.blif
generated_adder_4,dc2,new_n18,1,new_n25,1.0,1.0,1.0,1.0,3,3,1,exact_anchor,1,1,512,1,6651021d80b896ca,6651021d80b896ca,3,3,2,2,exact anchor SAT sanity check (score 1.000),True,variants/generated_adder_4_original.blif,variants/generated_adder_4_dc2.blif
generated_adder_4,dc2,new_n21,1,new_n26,1.0,1.0,1.0,1.0,4,4,1,exact_anchor,1,1,512,1,2a8cb68d76125e6e,2a8cb68d76125e6e,3,3,2,2,exact anchor SAT sanity check (score 1.000),True,variants/generated_adder_4_original.blif,variants/generated_adder_4_dc2.blif
generated_adder_4,dc2,new_n22,1,new_n33,1.0,1.0,1.0,1.0,1,1,1,exact_anchor,1,1,512,1,1e47fdfb89658e16,1e47fdfb89658e16,2,2,2,2,exact anchor SAT sanity check (score 1.000),True,variants/generated_adder_4_original.blif,variants/generated_adder_4_dc2.blif
generated_adder_4,dc2,new_n25,1,new_n34,1.0,1.0,1.0,1.0,5,5,1,exact_anchor,1,1,512,1,47d1804ed8430f98,47d1804ed8430f98,5,5,2,2,exact anchor SAT sanity check (score 1.000),True,variants/generated_adder_4_original.blif,variants/generated_adder_4_dc2.blif
generated_adder_4,dc2,new_n28,1,new_n35,1.0,1.0,1.0,1.0,6,6,1,exact_anchor,1,1,512,1,17bcb4dd2a9e6776,17bcb4dd2a9e6776,5,5,2,2,exact anchor SAT sanity check (score 1.000),True,variants/generated_adder_4_original.blif,variants/generated_adder_4_dc2.blif
generated_adder_4,dc2,new_n29,1,new_n42,1.0,1.0,1.0,1.0,1,1,1,exact_anchor,1,1,512,1,907a44cc1e67d175,907a44cc1e67d175,2,2,2,2,exact anchor SAT sanity check (score 1.000),True,variants/generated_adder_4_original.blif,variants/generated_adder_4_dc2.blif
generated_adder_4,dc2,new_n32,1,new_n43,1.0,1.0,1.0,1.0,7,7,1,exact_anchor,1,1,512,1,393e67c0209b96d7,393e67c0209b96d7,7,7,2,2,exact anchor SAT sanity check (score 1.000),True,variants/generated_adder_4_original.blif,variants/generated_adder_4_dc2.blif
generated_adder_4,dc2,new_n35,1,new_n44,1.0,1.0,1.0,1.0,8,8,1,exact_anchor,1,1,512,1,2dfcd5b8c807055f,2dfcd5b8c807055f,7,7,2,2,exact anchor SAT sanity check (score 1.000),True,variants/generated_adder_4_original.blif,variants/generated_adder_4_dc2.blif
generated_adder_4,dc2,new_n36,1,new_n48,1.0,1.0,1.0,1.0,1,1,1,exact_anchor,1,1,512,1,c81633045c6eeaa2,c81633045c6eeaa2,2,2,2,2,exact anchor SAT sanity check (score 1.000),True,variants/generated_adder_4_original.blif,variants/generated_adder_4_dc2.blif
generated_adder_4,dc2,new_n39,1,new_n49,1.0,1.0,1.0,1.0,9,9,1,exact_anchor,1,1,512,1,92371b78397fd8f6,92371b78397fd8f6,9,9,2,2,exact anchor SAT sanity check (score 1.000),True,variants/generated_adder_4_original.blif,variants/generated_adder_4_dc2.blif
generated_adder_4,refactor,new_n15,1,new_n24,1.0,1.0,1.0,1.0,1,1,1,exact_anchor,1,1,512,1,47c57d9752e083e9,47c57d9752e083e9,2,2,2,2,exact anchor SAT sanity check (score 1.000),True,variants/generated_adder_4_original.blif,variants/generated_adder_4_refactor.blif
generated_adder_4,refactor,new_n18,1,new_n25,1.0,1.0,1.0,1.0,3,3,1,exact_anchor,1,1,512,1,6651021d80b896ca,6651021d80b896ca,3,3,2,2,exact anchor SAT sanity check (score 1.000),True,variants/generated_adder_4_original.blif,variants/generated_adder_4_refactor.blif
generated_adder_4,refactor,new_n21,1,new_n26,1.0,1.0,1.0,1.0,4,4,1,exact_anchor,1,1,512,1,2a8cb68d76125e6e,2a8cb68d76125e6e,3,3,2,2,exact anchor SAT sanity check (score 1.000),True,variants/generated_adder_4_original.blif,variants/generated_adder_4_refactor.blif
generated_adder_4,refactor,new_n22,1,new_n33,1.0,1.0,1.0,1.0,1,1,1,exact_anchor,1,1,512,1,1e47fdfb89658e16,1e47fdfb89658e16,2,2,2,2,exact anchor SAT sanity check (score 1.000),True,variants/generated_adder_4_original.blif,variants/generated_adder_4_refactor.blif
generated_adder_4,refactor,new_n25,1,new_n34,1.0,1.0,1.0,1.0,5,5,1,exact_anchor,1,1,512,1,47d1804ed8430f98,47d1804ed8430f98,5,5,2,2,exact anchor SAT sanity check (score 1.000),True,variants/generated_adder_4_original.blif,variants/generated_adder_4_refactor.blif
generated_adder_4,refactor,new_n28,1,new_n35,1.0,1.0,1.0,1.0,6,6,1,exact_anchor,1,1,512,1,17bcb4dd2a9e6776,17bcb4dd2a9e6776,5,5,2,2,exact anchor SAT sanity check (score 1.000),True,variants/generated_adder_4_original.blif,variants/generated_adder_4_refactor.blif
generated_adder_4,refactor,new_n29,1,new_n42,1.0,1.0,1.0,1.0,1,1,1,exact_anchor,1,1,512,1,907a44cc1e67d175,907a44cc1e67d175,2,2,2,2,exact anchor SAT sanity check (score 1.000),True,variants/generated_adder_4_original.blif,variants/generated_adder_4_refactor.blif
generated_adder_4,refactor,new_n32,1,new_n43,1.0,1.0,1.0,1.0,7,7,1,exact_anchor,1,1,512,1,393e67c0209b96d7,393e67c0209b96d7,7,7,2,2,exact anchor SAT sanity check (score 1.000),True,variants/generated_adder_4_original.blif,variants/generated_adder_4_refactor.blif
generated_adder_4,refactor,new_n35,1,new_n44,1.0,1.0,1.0,1.0,8,8,1,exact_anchor,1,1,512,1,2dfcd5b8c807055f,2dfcd5b8c807055f,7,7,2,2,exact anchor SAT sanity check (score 1.000),True,variants/generated_adder_4_original.blif,variants/generated_adder_4_refactor.blif
generated_adder_4,refactor,new_n36,1,new_n48,1.0,1.0,1.0,1.0,1,1,1,exact_anchor,1,1,512,1,c81633045c6eeaa2,c81633045c6eeaa2,2,2,2,2,exact anchor SAT sanity check (score 1.000),True,variants/generated_adder_4_original.blif,variants/generated_adder_4_refactor.blif
generated_adder_4,refactor,new_n39,1,new_n49,1.0,1.0,1.0,1.0,9,9,1,exact_anchor,1,1,512,1,92371b78397fd8f6,92371b78397fd8f6,9,9,2,2,exact anchor SAT sanity check (score 1.000),True,variants/generated_adder_4_original.blif,variants/generated_adder_4_refactor.blif
generated_adder_4,refactor_z,new_n15,1,new_n24,1.0,1.0,1.0,1.0,1,1,1,exact_anchor,1,1,512,1,47c57d9752e083e9,47c57d9752e083e9,2,2,2,2,exact anchor SAT sanity check (score 1.000),True,variants/generated_adder_4_original.blif,variants/generated_adder_4_refactor_z.blif
generated_adder_4,refactor_z,new_n18,1,new_n25,1.0,1.0,1.0,1.0,3,3,1,exact_anchor,1,1,512,1,6651021d80b896ca,6651021d80b896ca,3,3,2,2,exact anchor SAT sanity check (score 1.000),True,variants/generated_adder_4_original.blif,variants/generated_adder_4_refactor_z.blif
generated_adder_4,refactor_z,new_n21,1,new_n26,1.0,1.0,1.0,1.0,4,4,1,exact_anchor,1,1,512,1,2a8cb68d76125e6e,2a8cb68d76125e6e,3,3,2,2,exact anchor SAT sanity check (score 1.000),True,variants/generated_adder_4_original.blif,variants/generated_adder_4_refactor_z.blif
generated_adder_4,refactor_z,new_n22,1,new_n33,1.0,1.0,1.0,1.0,1,1,1,exact_anchor,1,1,512,1,1e47fdfb89658e16,1e47fdfb89658e16,2,2,2,2,exact anchor SAT sanity check (score 1.000),True,variants/generated_adder_4_original.blif,variants/generated_adder_4_refactor_z.blif
generated_adder_4,refactor_z,new_n25,1,new_n34,1.0,1.0,1.0,1.0,5,5,1,exact_anchor,1,1,512,1,47d1804ed8430f98,47d1804ed8430f98,5,5,2,2,exact anchor SAT sanity check (score 1.000),True,variants/generated_adder_4_original.blif,variants/generated_adder_4_refactor_z.blif
generated_adder_4,refactor_z,new_n28,1,new_n35,1.0,1.0,1.0,1.0,6,6,1,exact_anchor,1,1,512,1,17bcb4dd2a9e6776,17bcb4dd2a9e6776,5,5,2,2,exact anchor SAT sanity check (score 1.000),True,variants/generated_adder_4_original.blif,variants/generated_adder_4_refactor_z.blif
generated_adder_4,refactor_z,new_n29,1,new_n42,1.0,1.0,1.0,1.0,1,1,1,exact_anchor,1,1,512,1,907a44cc1e67d175,907a44cc1e67d175,2,2,2,2,exact anchor SAT sanity check (score 1.000),True,variants/generated_adder_4_original.blif,variants/generated_adder_4_refactor_z.blif
generated_adder_4,refactor_z,new_n32,1,new_n43,1.0,1.0,1.0,1.0,7,7,1,exact_anchor,1,1,512,1,393e67c0209b96d7,393e67c0209b96d7,7,7,2,2,exact anchor SAT sanity check (score 1.000),True,variants/generated_adder_4_original.blif,variants/generated_adder_4_refactor_z.blif
generated_adder_4,refactor_z,new_n35,1,new_n44,1.0,1.0,1.0,1.0,8,8,1,exact_anchor,1,1,512,1,2dfcd5b8c807055f,2dfcd5b8c807055f,7,7,2,2,exact anchor SAT sanity check (score 1.000),True,variants/generated_adder_4_original.blif,variants/generated_adder_4_refactor_z.blif
generated_adder_4,refactor_z,new_n36,1,new_n48,1.0,1.0,1.0,1.0,1,1,1,exact_anchor,1,1,512,1,c81633045c6eeaa2,c81633045c6eeaa2,2,2,2,2,exact anchor SAT sanity check (score 1.000),True,variants/generated_adder_4_original.blif,variants/generated_adder_4_refactor_z.blif
generated_adder_4,refactor_z,new_n39,1,new_n49,1.0,1.0,1.0,1.0,9,9,1,exact_anchor,1,1,512,1,92371b78397fd8f6,92371b78397fd8f6,9,9,2,2,exact anchor SAT sanity check (score 1.000),True,variants/generated_adder_4_original.blif,variants/generated_adder_4_refactor_z.blif
generated_adder_4,resub,new_n15,1,new_n15,1.0,1.0,1.0,1.0,1,1,1,exact_anchor,1,1,512,1,7bd75205b989a663,7bd75205b989a663,2,2,2,2,exact anchor SAT sanity check (score 1.000),True,variants/generated_adder_4_original.blif,variants/generated_adder_4_resub.blif
generated_adder_4,resub,new_n16,1,new_n16,1.0,1.0,1.0,1.0,1,1,1,exact_anchor,1,1,512,1,235b1e44a2ae2a5f,235b1e44a2ae2a5f,2,2,2,2,exact anchor SAT sanity check (score 1.000),True,variants/generated_adder_4_original.blif,variants/generated_adder_4_resub.blif
generated_adder_4,resub,new_n17,1,new_n17,1.0,1.0,1.0,1.0,2,2,1,exact_anchor,1,1,512,1,5fb1824d9692e39a,5fb1824d9692e39a,2,2,2,2,exact anchor SAT sanity check (score 1.000),True,variants/generated_adder_4_original.blif,variants/generated_adder_4_resub.blif
generated_adder_4,resub,new_n18,1,new_n18,1.0,1.0,1.0,1.0,3,3,1,exact_anchor,1,1,512,1,38a1a370d3f79f4b,38a1a370d3f79f4b,3,3,2,2,exact anchor SAT sanity check (score 1.000),True,variants/generated_adder_4_original.blif,variants/generated_adder_4_resub.blif
generated_adder_4,resub,new_n19,1,new_n19,1.0,1.0,1.0,1.0,3,3,1,exact_anchor,1,1,512,1,dc06a37141f84a2b,dc06a37141f84a2b,3,3,2,2,exact anchor SAT sanity check (score 1.000),True,variants/generated_adder_4_original.blif,variants/generated_adder_4_resub.blif
generated_adder_4,resub,new_n21,1,new_n21,1.0,1.0,1.0,1.0,1,1,1,exact_anchor,1,1,512,1,e451a988382af5d9,e451a988382af5d9,2,2,2,2,exact anchor SAT sanity check (score 1.000),True,variants/generated_adder_4_original.blif,variants/generated_adder_4_resub.blif
generated_adder_4,resub,new_n22,1,new_n22,1.0,1.0,1.0,1.0,1,1,1,exact_anchor,1,1,512,1,2157b90811e3ea67,2157b90811e3ea67,2,2,2,2,exact anchor SAT sanity check (score 1.000),True,variants/generated_adder_4_original.blif,variants/generated_adder_4_resub.blif
generated_adder_4,resub,new_n23,1,new_n23,1.0,1.0,1.0,1.0,2,2,1,exact_anchor,1,1,512,1,f6ca69658a9287c9,f6ca69658a9287c9,2,2,2,2,exact anchor SAT sanity check (score 1.000),True,variants/generated_adder_4_original.blif,variants/generated_adder_4_resub.blif
generated_adder_4,resub,new_n24,1,new_n24,1.0,1.0,1.0,1.0,1,1,1,exact_anchor,1,1,512,1,47c57d9752e083e9,47c57d9752e083e9,2,2,2,2,exact anchor SAT sanity check (score 1.000),True,variants/generated_adder_4_original.blif,variants/generated_adder_4_resub.blif
generated_adder_4,resub,new_n25,1,new_n25,1.0,1.0,1.0,1.0,3,3,1,exact_anchor,1,1,512,1,6651021d80b896ca,6651021d80b896ca,3,3,2,2,exact anchor SAT sanity check (score 1.000),True,variants/generated_adder_4_original.blif,variants/generated_adder_4_resub.blif
generated_adder_4,resub,new_n26,1,new_n26,1.0,1.0,1.0,1.0,4,4,1,exact_anchor,1,1,512,1,2a8cb68d76125e6e,2a8cb68d76125e6e,3,3,2,2,exact anchor SAT sanity check (score 1.000),True,variants/generated_adder_4_original.blif,variants/generated_adder_4_resub.blif
generated_adder_4,resub,new_n27,1,new_n27,1.0,1.0,1.0,1.0,5,5,1,exact_anchor,1,1,512,1,a29f685b4a595ff0,a29f685b4a595ff0,5,5,2,2,exact anchor SAT sanity check (score 1.000),True,variants/generated_adder_4_original.blif,variants/generated_adder_4_resub.blif
generated_adder_4,resub,new_n28,1,new_n28,1.0,1.0,1.0,1.0,5,5,1,exact_anchor,1,1,512,1,4d7a9a3b447efb56,4d7a9a3b447efb56,5,5,2,2,exact anchor SAT sanity check (score 1.000),True,variants/generated_adder_4_original.blif,variants/generated_adder_4_resub.blif
generated_adder_4,resub,new_n30,1,new_n30,1.0,1.0,1.0,1.0,1,1,1,exact_anchor,1,1,512,1,c24c80cf98124e46,c24c80cf98124e46,2,2,2,2,exact anchor SAT sanity check (score 1.000),True,variants/generated_adder_4_original.blif,variants/generated_adder_4_resub.blif
generated_adder_4,resub,new_n31,1,new_n31,1.0,1.0,1.0,1.0,1,1,1,exact_anchor,1,1,512,1,3a2b9632c1bf022c,3a2b9632c1bf022c,2,2,2,2,exact anchor SAT sanity check (score 1.000),True,variants/generated_adder_4_original.blif,variants/generated_adder_4_resub.blif
generated_adder_4,resub,new_n32,1,new_n32,1.0,1.0,1.0,1.0,2,2,1,exact_anchor,1,1,512,1,921ff67e38bdf4a7,921ff67e38bdf4a7,2,2,2,2,exact anchor SAT sanity check (score 1.000),True,variants/generated_adder_4_original.blif,variants/generated_adder_4_resub.blif
generated_adder_4,resub,new_n33,1,new_n33,1.0,1.0,1.0,1.0,1,1,1,exact_anchor,1,1,512,1,1e47fdfb89658e16,1e47fdfb89658e16,2,2,2,2,exact anchor SAT sanity check (score 1.000),True,variants/generated_adder_4_original.blif,variants/generated_adder_4_resub.blif
generated_adder_4,resub,new_n34,1,new_n34,1.0,1.0,1.0,1.0,5,5,1,exact_anchor,1,1,512,1,47d1804ed8430f98,47d1804ed8430f98,5,5,2,2,exact anchor SAT sanity check (score 1.000),True,variants/generated_adder_4_original.blif,variants/generated_adder_4_resub.blif
generated_adder_4,resub,new_n35,1,new_n35,1.0,1.0,1.0,1.0,6,6,1,exact_anchor,1,1,512,1,17bcb4dd2a9e6776,17bcb4dd2a9e6776,5,5,2,2,exact anchor SAT sanity check (score 1.000),True,variants/generated_adder_4_original.blif,variants/generated_adder_4_resub.blif
generated_adder_4,resub,new_n36,1,new_n36,1.0,1.0,1.0,1.0,7,7,1,exact_anchor,1,1,512,1,9765d48dd9ca3fa0,9765d48dd9ca3fa0,7,7,2,2,exact anchor SAT sanity check (score 1.000),True,variants/generated_adder_4_original.blif,variants/generated_adder_4_resub.blif
generated_adder_4,resub,new_n37,1,new_n37,1.0,1.0,1.0,1.0,7,7,1,exact_anchor,1,1,512,1,fc3ae64897cda2dd,fc3ae64897cda2dd,7,7,2,2,exact anchor SAT sanity check (score 1.000),True,variants/generated_adder_4_original.blif,variants/generated_adder_4_resub.blif
generated_adder_4,resub,new_n39,1,new_n39,1.0,1.0,1.0,1.0,1,1,1,exact_anchor,1,1,512,1,18892720a7f04077,18892720a7f04077,2,2,2,2,exact anchor SAT sanity check (score 1.000),True,variants/generated_adder_4_original.blif,variants/generated_adder_4_resub.blif
generated_adder_4,resub,new_n40,1,new_n40,1.0,1.0,1.0,1.0,1,1,1,exact_anchor,1,1,512,1,af423559a1f1be28,af423559a1f1be28,2,2,2,2,exact anchor SAT sanity check (score 1.000),True,variants/generated_adder_4_original.blif,variants/generated_adder_4_resub.blif
generated_adder_4,resub,new_n41,1,new_n41,1.0,1.0,1.0,1.0,2,2,1,exact_anchor,1,1,512,1,0443617a72b09093,0443617a72b09093,2,2,2,2,exact anchor SAT sanity check (score 1.000),True,variants/generated_adder_4_original.blif,variants/generated_adder_4_resub.blif
generated_adder_4,resub,new_n42,1,new_n42,1.0,1.0,1.0,1.0,1,1,1,exact_anchor,1,1,512,1,907a44cc1e67d175,907a44cc1e67d175,2,2,2,2,exact anchor SAT sanity check (score 1.000),True,variants/generated_adder_4_original.blif,variants/generated_adder_4_resub.blif
generated_adder_4,resub,new_n43,1,new_n43,1.0,1.0,1.0,1.0,7,7,1,exact_anchor,1,1,512,1,393e67c0209b96d7,393e67c0209b96d7,7,7,2,2,exact anchor SAT sanity check (score 1.000),True,variants/generated_adder_4_original.blif,variants/generated_adder_4_resub.blif
generated_adder_4,resub,new_n44,1,new_n44,1.0,1.0,1.0,1.0,8,8,1,exact_anchor,1,1,512,1,2dfcd5b8c807055f,2dfcd5b8c807055f,7,7,2,2,exact anchor SAT sanity check (score 1.000),True,variants/generated_adder_4_original.blif,variants/generated_adder_4_resub.blif
generated_adder_4,resub,new_n45,1,new_n45,1.0,1.0,1.0,1.0,9,9,1,exact_anchor,1,1,512,1,66d5aace10a95352,66d5aace10a95352,9,9,2,2,exact anchor SAT sanity check (score 1.000),True,variants/generated_adder_4_original.blif,variants/generated_adder_4_resub.blif
generated_adder_4,resub,new_n46,1,new_n46,1.0,1.0,1.0,1.0,9,9,1,exact_anchor,1,1,512,1,cfd18bfa9d5f5272,cfd18bfa9d5f5272,9,9,2,2,exact anchor SAT sanity check (score 1.000),True,variants/generated_adder_4_original.blif,variants/generated_adder_4_resub.blif
generated_adder_4,resub,new_n48,1,new_n48,1.0,1.0,1.0,1.0,1,1,1,exact_anchor,1,1,512,1,c81633045c6eeaa2,c81633045c6eeaa2,2,2,2,2,exact anchor SAT sanity check (score 1.000),True,variants/generated_adder_4_original.blif,variants/generated_adder_4_resub.blif
generated_adder_4,resub,new_n49,1,new_n49,1.0,1.0,1.0,1.0,9,9,1,exact_anchor,1,1,512,1,92371b78397fd8f6,92371b78397fd8f6,9,9,2,2,exact anchor SAT sanity check (score 1.000),True,variants/generated_adder_4_original.blif,variants/generated_adder_4_resub.blif
generated_adder_4,resyn,new_n15,1,new_n15,1.0,1.0,1.0,1.0,1,1,1,exact_anchor,1,1,512,1,7bd75205b989a663,7bd75205b989a663,2,2,2,2,exact anchor SAT sanity check (score 1.000),True,variants/generated_adder_4_original.blif,variants/generated_adder_4_resyn.blif
generated_adder_4,resyn,new_n16,1,new_n16,1.0,1.0,1.0,1.0,1,1,1,exact_anchor,1,1,512,1,235b1e44a2ae2a5f,235b1e44a2ae2a5f,2,2,2,2,exact anchor SAT sanity check (score 1.000),True,variants/generated_adder_4_original.blif,variants/generated_adder_4_resyn.blif
generated_adder_4,resyn,new_n17,1,new_n17,1.0,1.0,1.0,1.0,2,2,1,exact_anchor,1,1,512,1,5fb1824d9692e39a,5fb1824d9692e39a,2,2,2,2,exact anchor SAT sanity check (score 1.000),True,variants/generated_adder_4_original.blif,variants/generated_adder_4_resyn.blif
generated_adder_4,resyn,new_n18,1,new_n18,1.0,1.0,1.0,1.0,3,3,1,exact_anchor,1,1,512,1,38a1a370d3f79f4b,38a1a370d3f79f4b,3,3,2,2,exact anchor SAT sanity check (score 1.000),True,variants/generated_adder_4_original.blif,variants/generated_adder_4_resyn.blif
generated_adder_4,resyn,new_n19,1,new_n19,1.0,1.0,1.0,1.0,3,3,1,exact_anchor,1,1,512,1,dc06a37141f84a2b,dc06a37141f84a2b,3,3,2,2,exact anchor SAT sanity check (score 1.000),True,variants/generated_adder_4_original.blif,variants/generated_adder_4_resyn.blif
generated_adder_4,resyn,new_n21,1,new_n21,1.0,1.0,1.0,1.0,1,1,1,exact_anchor,1,1,512,1,e451a988382af5d9,e451a988382af5d9,2,2,2,2,exact anchor SAT sanity check (score 1.000),True,variants/generated_adder_4_original.blif,variants/generated_adder_4_resyn.blif
generated_adder_4,resyn,new_n22,1,new_n22,1.0,1.0,1.0,1.0,1,1,1,exact_anchor,1,1,512,1,2157b90811e3ea67,2157b90811e3ea67,2,2,2,2,exact anchor SAT sanity check (score 1.000),True,variants/generated_adder_4_original.blif,variants/generated_adder_4_resyn.blif
generated_adder_4,resyn,new_n23,1,new_n23,1.0,1.0,1.0,1.0,2,2,1,exact_anchor,1,1,512,1,f6ca69658a9287c9,f6ca69658a9287c9,2,2,2,2,exact anchor SAT sanity check (score 1.000),True,variants/generated_adder_4_original.blif,variants/generated_adder_4_resyn.blif
generated_adder_4,resyn,new_n24,1,new_n24,1.0,1.0,1.0,1.0,1,1,1,exact_anchor,1,1,512,1,47c57d9752e083e9,47c57d9752e083e9,2,2,2,2,exact anchor SAT sanity check (score 1.000),True,variants/generated_adder_4_original.blif,variants/generated_adder_4_resyn.blif
generated_adder_4,resyn,new_n25,1,new_n25,1.0,1.0,1.0,1.0,3,3,1,exact_anchor,1,1,512,1,6651021d80b896ca,6651021d80b896ca,3,3,2,2,exact anchor SAT sanity check (score 1.000),True,variants/generated_adder_4_original.blif,variants/generated_adder_4_resyn.blif
generated_adder_4,resyn,new_n26,1,new_n26,1.0,1.0,1.0,1.0,4,4,1,exact_anchor,1,1,512,1,2a8cb68d76125e6e,2a8cb68d76125e6e,3,3,2,2,exact anchor SAT sanity check (score 1.000),True,variants/generated_adder_4_original.blif,variants/generated_adder_4_resyn.blif
generated_adder_4,resyn,new_n27,1,new_n34,1.0,1.0,1.0,1.0,5,5,1,exact_anchor,1,1,512,1,47d1804ed8430f98,47d1804ed8430f98,5,5,2,2,exact anchor SAT sanity check (score 1.000),True,variants/generated_adder_4_original.blif,variants/generated_adder_4_resyn.blif
generated_adder_4,resyn,new_n30,1,new_n30,1.0,1.0,1.0,1.0,1,1,1,exact_anchor,1,1,512,1,c24c80cf98124e46,c24c80cf98124e46,2,2,2,2,exact anchor SAT sanity check (score 1.000),True,variants/generated_adder_4_original.blif,variants/generated_adder_4_resyn.blif
generated_adder_4,resyn,new_n31,1,new_n31,1.0,1.0,1.0,1.0,1,1,1,exact_anchor,1,1,512,1,3a2b9632c1bf022c,3a2b9632c1bf022c,2,2,2,2,exact anchor SAT sanity check (score 1.000),True,variants/generated_adder_4_original.blif,variants/generated_adder_4_resyn.blif
generated_adder_4,resyn,new_n32,1,new_n32,1.0,1.0,1.0,1.0,2,2,1,exact_anchor,1,1,512,1,921ff67e38bdf4a7,921ff67e38bdf4a7,2,2,2,2,exact anchor SAT sanity check (score 1.000),True,variants/generated_adder_4_original.blif,variants/generated_adder_4_resyn.blif
generated_adder_4,resyn,new_n33,1,new_n33,1.0,1.0,1.0,1.0,1,1,1,exact_anchor,1,1,512,1,1e47fdfb89658e16,1e47fdfb89658e16,2,2,2,2,exact anchor SAT sanity check (score 1.000),True,variants/generated_adder_4_original.blif,variants/generated_adder_4_resyn.blif
generated_adder_4,resyn,new_n34,1,new_n35,1.0,1.0,1.0,1.0,6,6,1,exact_anchor,1,1,512,1,17bcb4dd2a9e6776,17bcb4dd2a9e6776,5,5,2,2,exact anchor SAT sanity check (score 1.000),True,variants/generated_adder_4_original.blif,variants/generated_adder_4_resyn.blif
generated_adder_4,resyn,new_n35,1,new_n43,1.0,1.0,1.0,1.0,7,7,1,exact_anchor,1,1,512,1,393e67c0209b96d7,393e67c0209b96d7,7,7,2,2,exact anchor SAT sanity check (score 1.000),True,variants/generated_adder_4_original.blif,variants/generated_adder_4_resyn.blif
generated_adder_4,resyn,new_n38,1,new_n39,1.0,1.0,1.0,1.0,1,1,1,exact_anchor,1,1,512,1,18892720a7f04077,18892720a7f04077,2,2,2,2,exact anchor SAT sanity check (score 1.000),True,variants/generated_adder_4_original.blif,variants/generated_adder_4_resyn.blif
generated_adder_4,resyn,new_n39,1,new_n40,1.0,1.0,1.0,1.0,1,1,1,exact_anchor,1,1,512,1,af423559a1f1be28,af423559a1f1be28,2,2,2,2,exact anchor SAT sanity check (score 1.000),True,variants/generated_adder_4_original.blif,variants/generated_adder_4_resyn.blif
generated_adder_4,resyn,new_n40,1,new_n41,1.0,1.0,1.0,1.0,2,2,1,exact_anchor,1,1,512,1,0443617a72b09093,0443617a72b09093,2,2,2,2,exact anchor SAT sanity check (score 1.000),True,variants/generated_adder_4_original.blif,variants/generated_adder_4_resyn.blif
generated_adder_4,resyn,new_n41,1,new_n42,1.0,1.0,1.0,1.0,1,1,1,exact_anchor,1,1,512,1,907a44cc1e67d175,907a44cc1e67d175,2,2,2,2,exact anchor SAT sanity check (score 1.000),True,variants/generated_adder_4_original.blif,variants/generated_adder_4_resyn.blif
generated_adder_4,resyn,new_n42,1,new_n44,1.0,1.0,1.0,1.0,8,8,1,exact_anchor,1,1,512,1,2dfcd5b8c807055f,2dfcd5b8c807055f,7,7,2,2,exact anchor SAT sanity check (score 1.000),True,variants/generated_adder_4_original.blif,variants/generated_adder_4_resyn.blif
generated_adder_4,resyn,new_n43,1,new_n49,1.0,1.0,1.0,1.0,9,9,1,exact_anchor,1,1,512,1,92371b78397fd8f6,92371b78397fd8f6,9,9,2,2,exact anchor SAT sanity check (score 1.000),True,variants/generated_adder_4_original.blif,variants/generated_adder_4_resyn.blif
generated_adder_4,resyn,new_n46,1,new_n48,1.0,1.0,1.0,1.0,1,1,1,exact_anchor,1,1,512,1,c81633045c6eeaa2,c81633045c6eeaa2,2,2,2,2,exact anchor SAT sanity check (score 1.000),True,variants/generated_adder_4_original.blif,variants/generated_adder_4_resyn.blif
generated_adder_4,resyn2,new_n15,1,new_n24,1.0,1.0,1.0,1.0,1,1,1,exact_anchor,1,1,512,1,47c57d9752e083e9,47c57d9752e083e9,2,2,2,2,exact anchor SAT sanity check (score 1.000),True,variants/generated_adder_4_original.blif,variants/generated_adder_4_resyn2.blif
generated_adder_4,resyn2,new_n18,1,new_n25,1.0,1.0,1.0,1.0,3,3,1,exact_anchor,1,1,512,1,6651021d80b896ca,6651021d80b896ca,3,3,2,2,exact anchor SAT sanity check (score 1.000),True,variants/generated_adder_4_original.blif,variants/generated_adder_4_resyn2.blif
generated_adder_4,resyn2,new_n21,1,new_n26,1.0,1.0,1.0,1.0,4,4,1,exact_anchor,1,1,512,1,2a8cb68d76125e6e,2a8cb68d76125e6e,3,3,2,2,exact anchor SAT sanity check (score 1.000),True,variants/generated_adder_4_original.blif,variants/generated_adder_4_resyn2.blif
generated_adder_4,resyn2,new_n22,1,new_n33,1.0,1.0,1.0,1.0,1,1,1,exact_anchor,1,1,512,1,1e47fdfb89658e16,1e47fdfb89658e16,2,2,2,2,exact anchor SAT sanity check (score 1.000),True,variants/generated_adder_4_original.blif,variants/generated_adder_4_resyn2.blif
generated_adder_4,resyn2,new_n25,1,new_n34,1.0,1.0,1.0,1.0,5,5,1,exact_anchor,1,1,512,1,47d1804ed8430f98,47d1804ed8430f98,5,5,2,2,exact anchor SAT sanity check (score 1.000),True,variants/generated_adder_4_original.blif,variants/generated_adder_4_resyn2.blif
generated_adder_4,resyn2,new_n28,1,new_n35,1.0,1.0,1.0,1.0,6,6,1,exact_anchor,1,1,512,1,17bcb4dd2a9e6776,17bcb4dd2a9e6776,5,5,2,2,exact anchor SAT sanity check (score 1.000),True,variants/generated_adder_4_original.blif,variants/generated_adder_4_resyn2.blif
generated_adder_4,resyn2,new_n29,1,new_n42,1.0,1.0,1.0,1.0,1,1,1,exact_anchor,1,1,512,1,907a44cc1e67d175,907a44cc1e67d175,2,2,2,2,exact anchor SAT sanity check (score 1.000),True,variants/generated_adder_4_original.blif,variants/generated_adder_4_resyn2.blif
generated_adder_4,resyn2,new_n32,1,new_n43,1.0,1.0,1.0,1.0,7,7,1,exact_anchor,1,1,512,1,393e67c0209b96d7,393e67c0209b96d7,7,7,2,2,exact anchor SAT sanity check (score 1.000),True,variants/generated_adder_4_original.blif,variants/generated_adder_4_resyn2.blif
generated_adder_4,resyn2,new_n35,1,new_n44,1.0,1.0,1.0,1.0,8,8,1,exact_anchor,1,1,512,1,2dfcd5b8c807055f,2dfcd5b8c807055f,7,7,2,2,exact anchor SAT sanity check (score 1.000),True,variants/generated_adder_4_original.blif,variants/generated_adder_4_resyn2.blif
generated_adder_4,resyn2,new_n36,1,new_n48,1.0,1.0,1.0,1.0,1,1,1,exact_anchor,1,1,512,1,c81633045c6eeaa2,c81633045c6eeaa2,2,2,2,2,exact anchor SAT sanity check (score 1.000),True,variants/generated_adder_4_original.blif,variants/generated_adder_4_resyn2.blif
generated_adder_4,resyn2,new_n39,1,new_n49,1.0,1.0,1.0,1.0,9,9,1,exact_anchor,1,1,512,1,92371b78397fd8f6,92371b78397fd8f6,9,9,2,2,exact anchor SAT sanity check (score 1.000),True,variants/generated_adder_4_original.blif,variants/generated_adder_4_resyn2.blif
generated_adder_4,resyn2_like,new_n15,1,new_n24,1.0,1.0,1.0,1.0,1,1,1,exact_anchor,1,1,512,1,47c57d9752e083e9,47c57d9752e083e9,2,2,2,2,exact anchor SAT sanity check (score 1.000),True,variants/generated_adder_4_original.blif,variants/generated_adder_4_resyn2_like.blif
generated_adder_4,resyn2_like,new_n18,1,new_n25,1.0,1.0,1.0,1.0,3,3,1,exact_anchor,1,1,512,1,6651021d80b896ca,6651021d80b896ca,3,3,2,2,exact anchor SAT sanity check (score 1.000),True,variants/generated_adder_4_original.blif,variants/generated_adder_4_resyn2_like.blif
generated_adder_4,resyn2_like,new_n21,1,new_n26,1.0,1.0,1.0,1.0,4,4,1,exact_anchor,1,1,512,1,2a8cb68d76125e6e,2a8cb68d76125e6e,3,3,2,2,exact anchor SAT sanity check (score 1.000),True,variants/generated_adder_4_original.blif,variants/generated_adder_4_resyn2_like.blif
generated_adder_4,resyn2_like,new_n22,1,new_n33,1.0,1.0,1.0,1.0,1,1,1,exact_anchor,1,1,512,1,1e47fdfb89658e16,1e47fdfb89658e16,2,2,2,2,exact anchor SAT sanity check (score 1.000),True,variants/generated_adder_4_original.blif,variants/generated_adder_4_resyn2_like.blif
generated_adder_4,resyn2_like,new_n25,1,new_n34,1.0,1.0,1.0,1.0,5,5,1,exact_anchor,1,1,512,1,47d1804ed8430f98,47d1804ed8430f98,5,5,2,2,exact anchor SAT sanity check (score 1.000),True,variants/generated_adder_4_original.blif,variants/generated_adder_4_resyn2_like.blif
generated_adder_4,resyn2_like,new_n28,1,new_n35,1.0,1.0,1.0,1.0,6,6,1,exact_anchor,1,1,512,1,17bcb4dd2a9e6776,17bcb4dd2a9e6776,5,5,2,2,exact anchor SAT sanity check (score 1.000),True,variants/generated_adder_4_original.blif,variants/generated_adder_4_resyn2_like.blif
generated_adder_4,resyn2_like,new_n29,1,new_n42,1.0,1.0,1.0,1.0,1,1,1,exact_anchor,1,1,512,1,907a44cc1e67d175,907a44cc1e67d175,2,2,2,2,exact anchor SAT sanity check (score 1.000),True,variants/generated_adder_4_original.blif,variants/generated_adder_4_resyn2_like.blif
generated_adder_4,resyn2_like,new_n32,1,new_n43,1.0,1.0,1.0,1.0,7,7,1,exact_anchor,1,1,512,1,393e67c0209b96d7,393e67c0209b96d7,7,7,2,2,exact anchor SAT sanity check (score 1.000),True,variants/generated_adder_4_original.blif,variants/generated_adder_4_resyn2_like.blif
generated_adder_4,resyn2_like,new_n35,1,new_n44,1.0,1.0,1.0,1.0,8,8,1,exact_anchor,1,1,512,1,2dfcd5b8c807055f,2dfcd5b8c807055f,7,7,2,2,exact anchor SAT sanity check (score 1.000),True,variants/generated_adder_4_original.blif,variants/generated_adder_4_resyn2_like.blif
generated_adder_4,resyn2_like,new_n36,1,new_n48,1.0,1.0,1.0,1.0,1,1,1,exact_anchor,1,1,512,1,c81633045c6eeaa2,c81633045c6eeaa2,2,2,2,2,exact anchor SAT sanity check (score 1.000),True,variants/generated_adder_4_original.blif,variants/generated_adder_4_resyn2_like.blif
generated_adder_4,resyn2_like,new_n39,1,new_n49,1.0,1.0,1.0,1.0,9,9,1,exact_anchor,1,1,512,1,92371b78397fd8f6,92371b78397fd8f6,9,9,2,2,exact anchor SAT sanity check (score 1.000),True,variants/generated_adder_4_original.blif,variants/generated_adder_4_resyn2_like.blif
generated_adder_4,rewrite,new_n15,1,new_n15,1.0,1.0,1.0,1.0,1,1,1,exact_anchor,1,1,512,1,7bd75205b989a663,7bd75205b989a663,2,2,2,2,exact anchor SAT sanity check (score 1.000),True,variants/generated_adder_4_original.blif,variants/generated_adder_4_rewrite.blif
generated_adder_4,rewrite,new_n16,1,new_n16,1.0,1.0,1.0,1.0,1,1,1,exact_anchor,1,1,512,1,235b1e44a2ae2a5f,235b1e44a2ae2a5f,2,2,2,2,exact anchor SAT sanity check (score 1.000),True,variants/generated_adder_4_original.blif,variants/generated_adder_4_rewrite.blif
generated_adder_4,rewrite,new_n17,1,new_n17,1.0,1.0,1.0,1.0,2,2,1,exact_anchor,1,1,512,1,5fb1824d9692e39a,5fb1824d9692e39a,2,2,2,2,exact anchor SAT sanity check (score 1.000),True,variants/generated_adder_4_original.blif,variants/generated_adder_4_rewrite.blif
generated_adder_4,rewrite,new_n18,1,new_n18,1.0,1.0,1.0,1.0,3,3,1,exact_anchor,1,1,512,1,38a1a370d3f79f4b,38a1a370d3f79f4b,3,3,2,2,exact anchor SAT sanity check (score 1.000),True,variants/generated_adder_4_original.blif,variants/generated_adder_4_rewrite.blif
generated_adder_4,rewrite,new_n19,1,new_n19,1.0,1.0,1.0,1.0,3,3,1,exact_anchor,1,1,512,1,dc06a37141f84a2b,dc06a37141f84a2b,3,3,2,2,exact anchor SAT sanity check (score 1.000),True,variants/generated_adder_4_original.blif,variants/generated_adder_4_rewrite.blif
generated_adder_4,rewrite,new_n21,1,new_n21,1.0,1.0,1.0,1.0,1,1,1,exact_anchor,1,1,512,1,e451a988382af5d9,e451a988382af5d9,2,2,2,2,exact anchor SAT sanity check (score 1.000),True,variants/generated_adder_4_original.blif,variants/generated_adder_4_rewrite.blif
generated_adder_4,rewrite,new_n22,1,new_n22,1.0,1.0,1.0,1.0,1,1,1,exact_anchor,1,1,512,1,2157b90811e3ea67,2157b90811e3ea67,2,2,2,2,exact anchor SAT sanity check (score 1.000),True,variants/generated_adder_4_original.blif,variants/generated_adder_4_rewrite.blif
generated_adder_4,rewrite,new_n23,1,new_n23,1.0,1.0,1.0,1.0,2,2,1,exact_anchor,1,1,512,1,f6ca69658a9287c9,f6ca69658a9287c9,2,2,2,2,exact anchor SAT sanity check (score 1.000),True,variants/generated_adder_4_original.blif,variants/generated_adder_4_rewrite.blif
generated_adder_4,rewrite,new_n24,1,new_n24,1.0,1.0,1.0,1.0,1,1,1,exact_anchor,1,1,512,1,47c57d9752e083e9,47c57d9752e083e9,2,2,2,2,exact anchor SAT sanity check (score 1.000),True,variants/generated_adder_4_original.blif,variants/generated_adder_4_rewrite.blif
generated_adder_4,rewrite,new_n25,1,new_n25,1.0,1.0,1.0,1.0,3,3,1,exact_anchor,1,1,512,1,6651021d80b896ca,6651021d80b896ca,3,3,2,2,exact anchor SAT sanity check (score 1.000),True,variants/generated_adder_4_original.blif,variants/generated_adder_4_rewrite.blif
generated_adder_4,rewrite,new_n26,1,new_n26,1.0,1.0,1.0,1.0,4,4,1,exact_anchor,1,1,512,1,2a8cb68d76125e6e,2a8cb68d76125e6e,3,3,2,2,exact anchor SAT sanity check (score 1.000),True,variants/generated_adder_4_original.blif,variants/generated_adder_4_rewrite.blif
generated_adder_4,rewrite,new_n27,1,new_n34,1.0,1.0,1.0,1.0,5,5,1,exact_anchor,1,1,512,1,47d1804ed8430f98,47d1804ed8430f98,5,5,2,2,exact anchor SAT sanity check (score 1.000),True,variants/generated_adder_4_original.blif,variants/generated_adder_4_rewrite.blif
generated_adder_4,rewrite,new_n30,1,new_n30,1.0,1.0,1.0,1.0,1,1,1,exact_anchor,1,1,512,1,c24c80cf98124e46,c24c80cf98124e46,2,2,2,2,exact anchor SAT sanity check (score 1.000),True,variants/generated_adder_4_original.blif,variants/generated_adder_4_rewrite.blif
generated_adder_4,rewrite,new_n31,1,new_n31,1.0,1.0,1.0,1.0,1,1,1,exact_anchor,1,1,512,1,3a2b9632c1bf022c,3a2b9632c1bf022c,2,2,2,2,exact anchor SAT sanity check (score 1.000),True,variants/generated_adder_4_original.blif,variants/generated_adder_4_rewrite.blif
generated_adder_4,rewrite,new_n32,1,new_n32,1.0,1.0,1.0,1.0,2,2,1,exact_anchor,1,1,512,1,921ff67e38bdf4a7,921ff67e38bdf4a7,2,2,2,2,exact anchor SAT sanity check (score 1.000),True,variants/generated_adder_4_original.blif,variants/generated_adder_4_rewrite.blif
generated_adder_4,rewrite,new_n33,1,new_n33,1.0,1.0,1.0,1.0,1,1,1,exact_anchor,1,1,512,1,1e47fdfb89658e16,1e47fdfb89658e16,2,2,2,2,exact anchor SAT sanity check (score 1.000),True,variants/generated_adder_4_original.blif,variants/generated_adder_4_rewrite.blif
generated_adder_4,rewrite,new_n34,1,new_n35,1.0,1.0,1.0,1.0,6,6,1,exact_anchor,1,1,512,1,17bcb4dd2a9e6776,17bcb4dd2a9e6776,5,5,2,2,exact anchor SAT sanity check (score 1.000),True,variants/generated_adder_4_original.blif,variants/generated_adder_4_rewrite.blif
generated_adder_4,rewrite,new_n35,1,new_n43,1.0,1.0,1.0,1.0,7,7,1,exact_anchor,1,1,512,1,393e67c0209b96d7,393e67c0209b96d7,7,7,2,2,exact anchor SAT sanity check (score 1.000),True,variants/generated_adder_4_original.blif,variants/generated_adder_4_rewrite.blif
generated_adder_4,rewrite,new_n38,1,new_n39,1.0,1.0,1.0,1.0,1,1,1,exact_anchor,1,1,512,1,18892720a7f04077,18892720a7f04077,2,2,2,2,exact anchor SAT sanity check (score 1.000),True,variants/generated_adder_4_original.blif,variants/generated_adder_4_rewrite.blif
generated_adder_4,rewrite,new_n39,1,new_n40,1.0,1.0,1.0,1.0,1,1,1,exact_anchor,1,1,512,1,af423559a1f1be28,af423559a1f1be28,2,2,2,2,exact anchor SAT sanity check (score 1.000),True,variants/generated_adder_4_original.blif,variants/generated_adder_4_rewrite.blif
generated_adder_4,rewrite,new_n40,1,new_n41,1.0,1.0,1.0,1.0,2,2,1,exact_anchor,1,1,512,1,0443617a72b09093,0443617a72b09093,2,2,2,2,exact anchor SAT sanity check (score 1.000),True,variants/generated_adder_4_original.blif,variants/generated_adder_4_rewrite.blif
generated_adder_4,rewrite,new_n41,1,new_n42,1.0,1.0,1.0,1.0,1,1,1,exact_anchor,1,1,512,1,907a44cc1e67d175,907a44cc1e67d175,2,2,2,2,exact anchor SAT sanity check (score 1.000),True,variants/generated_adder_4_original.blif,variants/generated_adder_4_rewrite.blif
generated_adder_4,rewrite,new_n42,1,new_n44,1.0,1.0,1.0,1.0,8,8,1,exact_anchor,1,1,512,1,2dfcd5b8c807055f,2dfcd5b8c807055f,7,7,2,2,exact anchor SAT sanity check (score 1.000),True,variants/generated_adder_4_original.blif,variants/generated_adder_4_rewrite.blif
generated_adder_4,rewrite,new_n43,1,new_n49,1.0,1.0,1.0,1.0,9,9,1,exact_anchor,1,1,512,1,92371b78397fd8f6,92371b78397fd8f6,9,9,2,2,exact anchor SAT sanity check (score 1.000),True,variants/generated_adder_4_original.blif,variants/generated_adder_4_rewrite.blif
generated_adder_4,rewrite,new_n46,1,new_n48,1.0,1.0,1.0,1.0,1,1,1,exact_anchor,1,1,512,1,c81633045c6eeaa2,c81633045c6eeaa2,2,2,2,2,exact anchor SAT sanity check (score 1.000),True,variants/generated_adder_4_original.blif,variants/generated_adder_4_rewrite.blif
generated_adder_4,rewrite_z,new_n15,1,new_n15,1.0,1.0,1.0,1.0,1,1,1,exact_anchor,1,1,512,1,7bd75205b989a663,7bd75205b989a663,2,2,2,2,exact anchor SAT sanity check (score 1.000),True,variants/generated_adder_4_original.blif,variants/generated_adder_4_rewrite_z.blif
generated_adder_4,rewrite_z,new_n16,1,new_n16,1.0,1.0,1.0,1.0,1,1,1,exact_anchor,1,1,512,1,235b1e44a2ae2a5f,235b1e44a2ae2a5f,2,2,2,2,exact anchor SAT sanity check (score 1.000),True,variants/generated_adder_4_original.blif,variants/generated_adder_4_rewrite_z.blif
generated_adder_4,rewrite_z,new_n17,1,new_n17,1.0,1.0,1.0,1.0,2,2,1,exact_anchor,1,1,512,1,5fb1824d9692e39a,5fb1824d9692e39a,2,2,2,2,exact anchor SAT sanity check (score 1.000),True,variants/generated_adder_4_original.blif,variants/generated_adder_4_rewrite_z.blif
generated_adder_4,rewrite_z,new_n18,1,new_n18,1.0,1.0,1.0,1.0,3,3,1,exact_anchor,1,1,512,1,38a1a370d3f79f4b,38a1a370d3f79f4b,3,3,2,2,exact anchor SAT sanity check (score 1.000),True,variants/generated_adder_4_original.blif,variants/generated_adder_4_rewrite_z.blif
generated_adder_4,rewrite_z,new_n19,1,new_n19,1.0,1.0,1.0,1.0,3,3,1,exact_anchor,1,1,512,1,dc06a37141f84a2b,dc06a37141f84a2b,3,3,2,2,exact anchor SAT sanity check (score 1.000),True,variants/generated_adder_4_original.blif,variants/generated_adder_4_rewrite_z.blif
generated_adder_4,rewrite_z,new_n21,1,new_n21,1.0,1.0,1.0,1.0,1,1,1,exact_anchor,1,1,512,1,e451a988382af5d9,e451a988382af5d9,2,2,2,2,exact anchor SAT sanity check (score 1.000),True,variants/generated_adder_4_original.blif,variants/generated_adder_4_rewrite_z.blif
generated_adder_4,rewrite_z,new_n22,1,new_n22,1.0,1.0,1.0,1.0,1,1,1,exact_anchor,1,1,512,1,2157b90811e3ea67,2157b90811e3ea67,2,2,2,2,exact anchor SAT sanity check (score 1.000),True,variants/generated_adder_4_original.blif,variants/generated_adder_4_rewrite_z.blif
generated_adder_4,rewrite_z,new_n23,1,new_n23,1.0,1.0,1.0,1.0,2,2,1,exact_anchor,1,1,512,1,f6ca69658a9287c9,f6ca69658a9287c9,2,2,2,2,exact anchor SAT sanity check (score 1.000),True,variants/generated_adder_4_original.blif,variants/generated_adder_4_rewrite_z.blif
generated_adder_4,rewrite_z,new_n24,1,new_n24,1.0,1.0,1.0,1.0,1,1,1,exact_anchor,1,1,512,1,47c57d9752e083e9,47c57d9752e083e9,2,2,2,2,exact anchor SAT sanity check (score 1.000),True,variants/generated_adder_4_original.blif,variants/generated_adder_4_rewrite_z.blif
generated_adder_4,rewrite_z,new_n25,1,new_n25,1.0,1.0,1.0,1.0,3,3,1,exact_anchor,1,1,512,1,6651021d80b896ca,6651021d80b896ca,3,3,2,2,exact anchor SAT sanity check (score 1.000),True,variants/generated_adder_4_original.blif,variants/generated_adder_4_rewrite_z.blif
generated_adder_4,rewrite_z,new_n26,1,new_n26,1.0,1.0,1.0,1.0,4,4,1,exact_anchor,1,1,512,1,2a8cb68d76125e6e,2a8cb68d76125e6e,3,3,2,2,exact anchor SAT sanity check (score 1.000),True,variants/generated_adder_4_original.blif,variants/generated_adder_4_rewrite_z.blif
generated_adder_4,rewrite_z,new_n27,1,new_n34,1.0,1.0,1.0,1.0,5,5,1,exact_anchor,1,1,512,1,47d1804ed8430f98,47d1804ed8430f98,5,5,2,2,exact anchor SAT sanity check (score 1.000),True,variants/generated_adder_4_original.blif,variants/generated_adder_4_rewrite_z.blif
generated_adder_4,rewrite_z,new_n30,1,new_n30,1.0,1.0,1.0,1.0,1,1,1,exact_anchor,1,1,512,1,c24c80cf98124e46,c24c80cf98124e46,2,2,2,2,exact anchor SAT sanity check (score 1.000),True,variants/generated_adder_4_original.blif,variants/generated_adder_4_rewrite_z.blif
generated_adder_4,rewrite_z,new_n31,1,new_n31,1.0,1.0,1.0,1.0,1,1,1,exact_anchor,1,1,512,1,3a2b9632c1bf022c,3a2b9632c1bf022c,2,2,2,2,exact anchor SAT sanity check (score 1.000),True,variants/generated_adder_4_original.blif,variants/generated_adder_4_rewrite_z.blif
generated_adder_4,rewrite_z,new_n32,1,new_n32,1.0,1.0,1.0,1.0,2,2,1,exact_anchor,1,1,512,1,921ff67e38bdf4a7,921ff67e38bdf4a7,2,2,2,2,exact anchor SAT sanity check (score 1.000),True,variants/generated_adder_4_original.blif,variants/generated_adder_4_rewrite_z.blif
generated_adder_4,rewrite_z,new_n33,1,new_n33,1.0,1.0,1.0,1.0,1,1,1,exact_anchor,1,1,512,1,1e47fdfb89658e16,1e47fdfb89658e16,2,2,2,2,exact anchor SAT sanity check (score 1.000),True,variants/generated_adder_4_original.blif,variants/generated_adder_4_rewrite_z.blif
generated_adder_4,rewrite_z,new_n34,1,new_n35,1.0,1.0,1.0,1.0,6,6,1,exact_anchor,1,1,512,1,17bcb4dd2a9e6776,17bcb4dd2a9e6776,5,5,2,2,exact anchor SAT sanity check (score 1.000),True,variants/generated_adder_4_original.blif,variants/generated_adder_4_rewrite_z.blif
generated_adder_4,rewrite_z,new_n35,1,new_n43,1.0,1.0,1.0,1.0,7,7,1,exact_anchor,1,1,512,1,393e67c0209b96d7,393e67c0209b96d7,7,7,2,2,exact anchor SAT sanity check (score 1.000),True,variants/generated_adder_4_original.blif,variants/generated_adder_4_rewrite_z.blif
generated_adder_4,rewrite_z,new_n38,1,new_n39,1.0,1.0,1.0,1.0,1,1,1,exact_anchor,1,1,512,1,18892720a7f04077,18892720a7f04077,2,2,2,2,exact anchor SAT sanity check (score 1.000),True,variants/generated_adder_4_original.blif,variants/generated_adder_4_rewrite_z.blif
generated_adder_4,rewrite_z,new_n39,1,new_n40,1.0,1.0,1.0,1.0,1,1,1,exact_anchor,1,1,512,1,af423559a1f1be28,af423559a1f1be28,2,2,2,2,exact anchor SAT sanity check (score 1.000),True,variants/generated_adder_4_original.blif,variants/generated_adder_4_rewrite_z.blif
generated_adder_4,rewrite_z,new_n40,1,new_n41,1.0,1.0,1.0,1.0,2,2,1,exact_anchor,1,1,512,1,0443617a72b09093,0443617a72b09093,2,2,2,2,exact anchor SAT sanity check (score 1.000),True,variants/generated_adder_4_original.blif,variants/generated_adder_4_rewrite_z.blif
generated_adder_4,rewrite_z,new_n41,1,new_n42,1.0,1.0,1.0,1.0,1,1,1,exact_anchor,1,1,512,1,907a44cc1e67d175,907a44cc1e67d175,2,2,2,2,exact anchor SAT sanity check (score 1.000),True,variants/generated_adder_4_original.blif,variants/generated_adder_4_rewrite_z.blif
generated_adder_4,rewrite_z,new_n42,1,new_n44,1.0,1.0,1.0,1.0,8,8,1,exact_anchor,1,1,512,1,2dfcd5b8c807055f,2dfcd5b8c807055f,7,7,2,2,exact anchor SAT sanity check (score 1.000),True,variants/generated_adder_4_original.blif,variants/generated_adder_4_rewrite_z.blif
generated_adder_4,rewrite_z,new_n43,1,new_n49,1.0,1.0,1.0,1.0,9,9,1,exact_anchor,1,1,512,1,92371b78397fd8f6,92371b78397fd8f6,9,9,2,2,exact anchor SAT sanity check (score 1.000),True,variants/generated_adder_4_original.blif,variants/generated_adder_4_rewrite_z.blif
generated_adder_4,rewrite_z,new_n46,1,new_n48,1.0,1.0,1.0,1.0,1,1,1,exact_anchor,1,1,512,1,c81633045c6eeaa2,c81633045c6eeaa2,2,2,2,2,exact anchor SAT sanity check (score 1.000),True,variants/generated_adder_4_original.blif,variants/generated_adder_4_rewrite_z.blif
generated_adder_8,balance,new_n27,1,new_n27,1.0,1.0,1.0,1.0,1,1,1,exact_anchor,1,0,4096,0,329b0d5f16407ff7,329b0d5f16407ff7,2,2,2,2,exact anchor SAT sanity check (score 1.000),True,variants/generated_adder_8_original.blif,variants/generated_adder_8_balance.blif
generated_adder_8,balance,new_n28,1,new_n28,1.0,1.0,1.0,1.0,1,1,1,exact_anchor,1,0,4096,0,f8b72c4f79d0fa91,f8b72c4f79d0fa91,2,2,2,2,exact anchor SAT sanity check (score 1.000),True,variants/generated_adder_8_original.blif,variants/generated_adder_8_balance.blif
generated_adder_8,balance,new_n29,1,new_n29,1.0,1.0,1.0,1.0,2,2,1,exact_anchor,1,0,4096,0,30ccbc0c4429386a,30ccbc0c4429386a,2,2,2,2,exact anchor SAT sanity check (score 1.000),True,variants/generated_adder_8_original.blif,variants/generated_adder_8_balance.blif
generated_adder_8,balance,new_n30,1,new_n30,1.0,1.0,1.0,1.0,3,3,1,exact_anchor,1,0,4096,0,3f24c9479a8a5825,3f24c9479a8a5825,3,3,2,2,exact anchor SAT sanity check (score 1.000),True,variants/generated_adder_8_original.blif,variants/generated_adder_8_balance.blif
generated_adder_8,balance,new_n31,1,new_n31,1.0,1.0,1.0,1.0,3,3,1,exact_anchor,1,0,4096,0,c16061d5581b3c62,c16061d5581b3c62,3,3,2,2,exact anchor SAT sanity check (score 1.000),True,variants/generated_adder_8_original.blif,variants/generated_adder_8_balance.blif
generated_adder_8,balance,new_n33,1,new_n33,1.0,1.0,1.0,1.0,1,1,1,exact_anchor,1,0,4096,0,6090d43cf8a0206a,6090d43cf8a0206a,2,2,2,2,exact anchor SAT sanity check (score 1.000),True,variants/generated_adder_8_original.blif,variants/generated_adder_8_balance.blif
generated_adder_8,balance,new_n34,1,new_n34,1.0,1.0,1.0,1.0,1,1,1,exact_anchor,1,0,4096,0,e5d1a44a137b07c0,e5d1a44a137b07c0,2,2,2,2,exact anchor SAT sanity check (score 1.000),True,variants/generated_adder_8_original.blif,variants/generated_adder_8_balance.blif
generated_adder_8,balance,new_n35,1,new_n35,1.0,1.0,1.0,1.0,2,2,1,exact_anchor,1,0,4096,0,abde7f62519c62f5,abde7f62519c62f5,2,2,2,2,exact anchor SAT sanity check (score 1.000),True,variants/generated_adder_8_original.blif,variants/generated_adder_8_balance.blif
generated_adder_8,balance,new_n36,1,new_n36,1.0,1.0,1.0,1.0,1,1,1,exact_anchor,1,0,4096,0,068039086de726da,068039086de726da,2,2,2,2,exact anchor SAT sanity check (score 1.000),True,variants/generated_adder_8_original.blif,variants/generated_adder_8_balance.blif
generated_adder_8,balance,new_n37,1,new_n37,1.0,1.0,1.0,1.0,3,3,1,exact_anchor,1,0,4096,0,c557c12105e7e578,c557c12105e7e578,3,3,2,2,exact anchor SAT sanity check (score 1.000),True,variants/generated_adder_8_original.blif,variants/generated_adder_8_balance.blif
generated_adder_8,balance,new_n38,1,new_n38,1.0,1.0,1.0,1.0,4,4,1,exact_anchor,1,0,4096,0,fb962c3a2ca7512d,fb962c3a2ca7512d,3,3,2,2,exact anchor SAT sanity check (score 1.000),True,variants/generated_adder_8_original.blif,variants/generated_adder_8_balance.blif
generated_adder_8,balance,new_n39,1,new_n39,1.0,1.0,1.0,1.0,5,5,1,exact_anchor,1,0,4096,0,047d3cbec08bfe1f,047d3cbec08bfe1f,5,5,2,2,exact anchor SAT sanity check (score 1.000),True,variants/generated_adder_8_original.blif,variants/generated_adder_8_balance.blif
generated_adder_8,balance,new_n40,1,new_n40,1.0,1.0,1.0,1.0,5,5,1,exact_anchor,1,0,4096,0,e4fa1c300984d9f9,e4fa1c300984d9f9,5,5,2,2,exact anchor SAT sanity check (score 1.000),True,variants/generated_adder_8_original.blif,variants/generated_adder_8_balance.blif
generated_adder_8,balance,new_n42,1,new_n42,1.0,1.0,1.0,1.0,1,1,1,exact_anchor,1,0,4096,0,91982715dc0b1ecb,91982715dc0b1ecb,2,2,2,2,exact anchor SAT sanity check (score 1.000),True,variants/generated_adder_8_original.blif,variants/generated_adder_8_balance.blif
generated_adder_8,balance,new_n43,1,new_n43,1.0,1.0,1.0,1.0,1,1,1,exact_anchor,1,0,4096,0,dccd57b67d60d306,dccd57b67d60d306,2,2,2,2,exact anchor SAT sanity check (score 1.000),True,variants/generated_adder_8_original.blif,variants/generated_adder_8_balance.blif
generated_adder_8,balance,new_n44,1,new_n44,1.0,1.0,1.0,1.0,2,2,1,exact_anchor,1,0,4096,0,1b779ceededa4b89,1b779ceededa4b89,2,2,2,2,exact anchor SAT sanity check (score 1.000),True,variants/generated_adder_8_original.blif,variants/generated_adder_8_balance.blif
generated_adder_8,balance,new_n45,1,new_n45,1.0,1.0,1.0,1.0,1,1,1,exact_anchor,1,0,4096,0,096f49e484f2b647,096f49e484f2b647,2,2,2,2,exact anchor SAT sanity check (score 1.000),True,variants/generated_adder_8_original.blif,variants/generated_adder_8_balance.blif
generated_adder_8,balance,new_n46,1,new_n46,1.0,1.0,1.0,1.0,5,5,1,exact_anchor,1,0,4096,0,a86d826902a6fa31,a86d826902a6fa31,5,5,2,2,exact anchor SAT sanity check (score 1.000),True,variants/generated_adder_8_original.blif,variants/generated_adder_8_balance.blif
generated_adder_8,balance,new_n47,1,new_n47,1.0,1.0,1.0,1.0,6,6,1,exact_anchor,1,0,4096,0,0b6b372ab2e2923d,0b6b372ab2e2923d,5,5,2,2,exact anchor SAT sanity check (score 1.000),True,variants/generated_adder_8_original.blif,variants/generated_adder_8_balance.blif
generated_adder_8,balance,new_n48,1,new_n48,1.0,1.0,1.0,1.0,7,7,1,exact_anchor,1,0,4096,0,1689ad7bc1e32302,1689ad7bc1e32302,7,7,2,2,exact anchor SAT sanity check (score 1.000),True,variants/generated_adder_8_original.blif,variants/generated_adder_8_balance.blif
generated_adder_8,balance,new_n49,1,new_n49,1.0,1.0,1.0,1.0,7,7,1,exact_anchor,1,0,4096,0,0d4e4e65b88977d8,0d4e4e65b88977d8,7,7,2,2,exact anchor SAT sanity check (score 1.000),True,variants/generated_adder_8_original.blif,variants/generated_adder_8_balance.blif
generated_adder_8,balance,new_n51,1,new_n51,1.0,1.0,1.0,1.0,1,1,1,exact_anchor,1,0,4096,0,9c55a589f1a68b5d,9c55a589f1a68b5d,2,2,2,2,exact anchor SAT sanity check (score 1.000),True,variants/generated_adder_8_original.blif,variants/generated_adder_8_balance.blif
generated_adder_8,balance,new_n52,1,new_n52,1.0,1.0,1.0,1.0,1,1,1,exact_anchor,1,0,4096,0,6842687339ea4589,6842687339ea4589,2,2,2,2,exact anchor SAT sanity check (score 1.000),True,variants/generated_adder_8_original.blif,variants/generated_adder_8_balance.blif
generated_adder_8,balance,new_n53,1,new_n53,1.0,1.0,1.0,1.0,2,2,1,exact_anchor,1,0,4096,0,a19339cf452f605f,a19339cf452f605f,2,2,2,2,exact anchor SAT sanity check (score 1.000),True,variants/generated_adder_8_original.blif,variants/generated_adder_8_balance.blif
generated_adder_8,balance,new_n54,1,new_n54,1.0,1.0,1.0,1.0,1,1,1,exact_anchor,1,0,4096,0,2f817a70dbcb6d42,2f817a70dbcb6d42,2,2,2,2,exact anchor SAT sanity check (score 1.000),True,variants/generated_adder_8_original.blif,variants/generated_adder_8_balance.blif
generated_adder_8,balance,new_n55,1,new_n55,1.0,1.0,1.0,1.0,7,7,1,exact_anchor,1,0,4096,0,3beec2ffff4cdf7c,3beec2ffff4cdf7c,7,7,2,2,exact anchor SAT sanity check (score 1.000),True,variants/generated_adder_8_original.blif,variants/generated_adder_8_balance.blif
generated_adder_8,balance,new_n56,1,new_n56,1.0,1.0,1.0,1.0,8,8,1,exact_anchor,1,0,4096,0,24bd6166297c6c6c,24bd6166297c6c6c,7,7,2,2,exact anchor SAT sanity check (score 1.000),True,variants/generated_adder_8_original.blif,variants/generated_adder_8_balance.blif
generated_adder_8,balance,new_n57,1,new_n57,1.0,1.0,1.0,1.0,9,9,1,exact_anchor,1,0,4096,0,ca276349607d0696,ca276349607d0696,9,9,2,2,exact anchor SAT sanity check (score 1.000),True,variants/generated_adder_8_original.blif,variants/generated_adder_8_balance.blif
generated_adder_8,balance,new_n58,1,new_n58,1.0,1.0,1.0,1.0,9,9,1,exact_anchor,1,0,4096,0,a146dac8c3d9168f,a146dac8c3d9168f,9,9,2,2,exact anchor SAT sanity check (score 1.000),True,variants/generated_adder_8_original.blif,variants/generated_adder_8_balance.blif
generated_adder_8,balance,new_n60,1,new_n60,1.0,1.0,1.0,1.0,1,1,1,exact_anchor,1,0,4096,0,a8f09791a649b80b,a8f09791a649b80b,2,2,2,2,exact anchor SAT sanity check (score 1.000),True,variants/generated_adder_8_original.blif,variants/generated_adder_8_balance.blif
generated_adder_8,balance,new_n61,1,new_n61,1.0,1.0,1.0,1.0,1,1,1,exact_anchor,1,0,4096,0,9d2faf22bfdc6c1a,9d2faf22bfdc6c1a,2,2,2,2,exact anchor SAT sanity check (score 1.000),True,variants/generated_adder_8_original.blif,variants/generated_adder_8_balance.blif
generated_adder_8,balance,new_n62,1,new_n62,1.0,1.0,1.0,1.0,2,2,1,exact_anchor,1,0,4096,0,681f8b7aed223f81,681f8b7aed223f81,2,2,2,2,exact anchor SAT sanity check (score 1.000),True,variants/generated_adder_8_original.blif,variants/generated_adder_8_balance.blif
generated_adder_8,balance,new_n63,1,new_n63,1.0,1.0,1.0,1.0,1,1,1,exact_anchor,1,0,4096,0,df02f960cd8a45ac,df02f960cd8a45ac,2,2,2,2,exact anchor SAT sanity check (score 1.000),True,variants/generated_adder_8_original.blif,variants/generated_adder_8_balance.blif
generated_adder_8,balance,new_n64,1,new_n64,1.0,1.0,1.0,1.0,9,9,1,exact_anchor,1,0,4096,0,9d8720a5bc0a6385,9d8720a5bc0a6385,9,9,2,2,exact anchor SAT sanity check (score 1.000),True,variants/generated_adder_8_original.blif,variants/generated_adder_8_balance.blif
generated_adder_8,balance,new_n65,1,new_n65,1.0,1.0,1.0,1.0,10,10,1,exact_anchor,1,0,4096,0,33464ff440b41132,33464ff440b41132,9,9,2,2,exact anchor SAT sanity check (score 1.000),True,variants/generated_adder_8_original.blif,variants/generated_adder_8_balance.blif
generated_adder_8,balance,new_n66,1,new_n66,1.0,1.0,1.0,1.0,11,11,1,exact_anchor,1,0,4096,0,47fa7bd41d639a0f,47fa7bd41d639a0f,11,11,2,2,exact anchor SAT sanity check (score 1.000),True,variants/generated_adder_8_original.blif,variants/generated_adder_8_balance.blif
generated_adder_8,balance,new_n67,1,new_n67,1.0,1.0,1.0,1.0,11,11,1,exact_anchor,1,0,4096,0,bddd9e26d96ce711,bddd9e26d96ce711,11,11,2,2,exact anchor SAT sanity check (score 1.000),True,variants/generated_adder_8_original.blif,variants/generated_adder_8_balance.blif
generated_adder_8,balance,new_n69,1,new_n69,1.0,1.0,1.0,1.0,1,1,1,exact_anchor,1,0,4096,0,d2a798e2c0a7579a,d2a798e2c0a7579a,2,2,2,2,exact anchor SAT sanity check (score 1.000),True,variants/generated_adder_8_original.blif,variants/generated_adder_8_balance.blif
generated_adder_8,balance,new_n70,1,new_n70,1.0,1.0,1.0,1.0,1,1,1,exact_anchor,1,0,4096,0,9e700ff4ad41b697,9e700ff4ad41b697,2,2,2,2,exact anchor SAT sanity check (score 1.000),True,variants/generated_adder_8_original.blif,variants/generated_adder_8_balance.blif
generated_adder_8,balance,new_n71,1,new_n71,1.0,1.0,1.0,1.0,2,2,1,exact_anchor,1,0,4096,0,e9de3aa1f157ec60,e9de3aa1f157ec60,2,2,2,2,exact anchor SAT sanity check (score 1.000),True,variants/generated_adder_8_original.blif,variants/generated_adder_8_balance.blif
generated_adder_8,balance,new_n72,1,new_n72,1.0,1.0,1.0,1.0,1,1,1,exact_anchor,1,0,4096,0,8375223f65f079ea,8375223f65f079ea,2,2,2,2,exact anchor SAT sanity check (score 1.000),True,variants/generated_adder_8_original.blif,variants/generated_adder_8_balance.blif
generated_adder_8,balance,new_n73,1,new_n73,1.0,1.0,1.0,1.0,11,11,1,exact_anchor,1,0,4096,0,c0aa69062c9674df,c0aa69062c9674df,11,11,2,2,exact anchor SAT sanity check (score 1.000),True,variants/generated_adder_8_original.blif,variants/generated_adder_8_balance.blif
generated_adder_8,balance,new_n74,1,new_n74,1.0,1.0,1.0,1.0,12,12,1,exact_anchor,1,0,4096,0,2d8bc50f3c582210,2d8bc50f3c582210,11,11,2,2,exact anchor SAT sanity check (score 1.000),True,variants/generated_adder_8_original.blif,variants/generated_adder_8_balance.blif
generated_adder_8,balance,new_n75,1,new_n75,1.0,1.0,1.0,1.0,13,13,1,exact_anchor,1,0,4096,0,9930d82cc01f7f27,9930d82cc01f7f27,13,13,2,2,exact anchor SAT sanity check (score 1.000),True,variants/generated_adder_8_original.blif,variants/generated_adder_8_balance.blif
generated_adder_8,balance,new_n76,1,new_n76,1.0,1.0,1.0,1.0,13,13,1,exact_anchor,1,0,4096,0,0932d18a3ffe5ee4,0932d18a3ffe5ee4,13,13,2,2,exact anchor SAT sanity check (score 1.000),True,variants/generated_adder_8_original.blif,variants/generated_adder_8_balance.blif
generated_adder_8,balance,new_n78,1,new_n78,1.0,1.0,1.0,1.0,1,1,1,exact_anchor,1,0,4096,0,100e76dd0ab0b4a6,100e76dd0ab0b4a6,2,2,2,2,exact anchor SAT sanity check (score 1.000),True,variants/generated_adder_8_original.blif,variants/generated_adder_8_balance.blif
generated_adder_8,balance,new_n79,1,new_n79,1.0,1.0,1.0,1.0,1,1,1,exact_anchor,1,0,4096,0,50cccb28da404251,50cccb28da404251,2,2,2,2,exact anchor SAT sanity check (score 1.000),True,variants/generated_adder_8_original.blif,variants/generated_adder_8_balance.blif
generated_adder_8,balance,new_n80,1,new_n80,1.0,1.0,1.0,1.0,2,2,1,exact_anchor,1,0,4096,0,1a5a99689cb7eef3,1a5a99689cb7eef3,2,2,2,2,exact anchor SAT sanity check (score 1.000),True,variants/generated_adder_8_original.blif,variants/generated_adder_8_balance.blif
generated_adder_8,balance,new_n81,1,new_n81,1.0,1.0,1.0,1.0,1,1,1,exact_anchor,1,0,4096,0,08dd5f4b39d37112,08dd5f4b39d37112,2,2,2,2,exact anchor SAT sanity check (score 1.000),True,variants/generated_adder_8_original.blif,variants/generated_adder_8_balance.blif
generated_adder_8,balance,new_n82,1,new_n82,1.0,1.0,1.0,1.0,13,13,1,exact_anchor,1,0,4096,0,b934c961beadce75,b934c961beadce75,13,13,2,2,exact anchor SAT sanity check (score 1.000),True,variants/generated_adder_8_original.blif,variants/generated_adder_8_balance.blif
generated_adder_8,balance,new_n83,1,new_n83,1.0,1.0,1.0,1.0,14,14,1,exact_anchor,1,0,4096,0,fe4439aeff79ee1b,fe4439aeff79ee1b,13,13,2,2,exact anchor SAT sanity check (score 1.000),True,variants/generated_adder_8_original.blif,variants/generated_adder_8_balance.blif
generated_adder_8,balance,new_n84,1,new_n84,1.0,1.0,1.0,1.0,15,15,1,exact_anchor,1,0,4096,0,0f8931cb9556c070,0f8931cb9556c070,15,15,2,2,exact anchor SAT sanity check (score 1.000),True,variants/generated_adder_8_original.blif,variants/generated_adder_8_balance.blif
generated_adder_8,balance,new_n85,1,new_n85,1.0,1.0,1.0,1.0,15,15,1,exact_anchor,1,0,4096,0,26e17ab4f06af04b,26e17ab4f06af04b,15,15,2,2,exact anchor SAT sanity check (score 1.000),True,variants/generated_adder_8_original.blif,variants/generated_adder_8_balance.blif
generated_adder_8,balance,new_n87,1,new_n87,1.0,1.0,1.0,1.0,1,1,1,exact_anchor,1,0,4096,0,bb2ea4e9de38b00c,bb2ea4e9de38b00c,2,2,2,2,exact anchor SAT sanity check (score 1.000),True,variants/generated_adder_8_original.blif,variants/generated_adder_8_balance.blif
generated_adder_8,balance,new_n88,1,new_n88,1.0,1.0,1.0,1.0,1,1,1,exact_anchor,1,0,4096,0,d802b7e4e14bd7ee,d802b7e4e14bd7ee,2,2,2,2,exact anchor SAT sanity check (score 1.000),True,variants/generated_adder_8_original.blif,variants/generated_adder_8_balance.blif
generated_adder_8,balance,new_n89,1,new_n89,1.0,1.0,1.0,1.0,2,2,1,exact_anchor,1,0,4096,0,7b231f610ddfd0ce,7b231f610ddfd0ce,2,2,2,2,exact anchor SAT sanity check (score 1.000),True,variants/generated_adder_8_original.blif,variants/generated_adder_8_balance.blif
generated_adder_8,balance,new_n90,1,new_n90,1.0,1.0,1.0,1.0,1,1,1,exact_anchor,1,0,4096,0,a3e704bdd1a01e51,a3e704bdd1a01e51,2,2,2,2,exact anchor SAT sanity check (score 1.000),True,variants/generated_adder_8_original.blif,variants/generated_adder_8_balance.blif
generated_adder_8,balance,new_n91,1,new_n91,1.0,1.0,1.0,1.0,15,15,1,exact_anchor,1,0,4096,0,a6114d6a0a6e6409,a6114d6a0a6e6409,15,15,2,2,exact anchor SAT sanity check (score 1.000),True,variants/generated_adder_8_original.blif,variants/generated_adder_8_balance.blif
generated_adder_8,balance,new_n92,1,new_n92,1.0,1.0,1.0,1.0,16,16,1,exact_anchor,1,0,4096,0,4cf13578ffa24c89,4cf13578ffa24c89,15,15,2,2,exact anchor SAT sanity check (score 1.000),True,variants/generated_adder_8_original.blif,variants/generated_adder_8_balance.blif
generated_adder_8,balance,new_n93,1,new_n93,1.0,1.0,1.0,1.0,17,17,1,exact_anchor,1,0,4096,0,19528150ba8f5c2b,19528150ba8f5c2b,17,17,2,2,exact anchor SAT sanity check (score 1.000),True,variants/generated_adder_8_original.blif,variants/generated_adder_8_balance.blif
generated_adder_8,balance,new_n94,1,new_n94,1.0,1.0,1.0,1.0,17,17,1,exact_anchor,1,0,4096,0,39374566a17bd408,39374566a17bd408,17,17,2,2,exact anchor SAT sanity check (score 1.000),True,variants/generated_adder_8_original.blif,variants/generated_adder_8_balance.blif
generated_adder_8,balance,new_n96,1,new_n96,1.0,1.0,1.0,1.0,1,1,1,exact_anchor,1,0,4096,0,d56f0b18c9de1b08,d56f0b18c9de1b08,2,2,2,2,exact anchor SAT sanity check (score 1.000),True,variants/generated_adder_8_original.blif,variants/generated_adder_8_balance.blif
generated_adder_8,balance,new_n97,1,new_n97,1.0,1.0,1.0,1.0,17,17,1,exact_anchor,1,0,4096,0,0656c3b8a6f6bcea,0656c3b8a6f6bcea,17,17,2,2,exact anchor SAT sanity check (score 1.000),True,variants/generated_adder_8_original.blif,variants/generated_adder_8_balance.blif
generated_adder_8,compress2rs,new_n27,1,new_n36,1.0,1.0,1.0,1.0,1,1,1,exact_anchor,1,0,4096,0,068039086de726da,068039086de726da,2,2,2,2,exact anchor SAT sanity check (score 1.000),True,variants/generated_adder_8_original.blif,variants/generated_adder_8_compress2rs.blif
generated_adder_8,compress2rs,new_n30,1,new_n37,1.0,1.0,1.0,1.0,3,3,1,exact_anchor,1,0,4096,0,c557c12105e7e578,c557c12105e7e578,3,3,2,2,exact anchor SAT sanity check (score 1.000),True,variants/generated_adder_8_original.blif,variants/generated_adder_8_compress2rs.blif
generated_adder_8,compress2rs,new_n33,1,new_n38,1.0,1.0,1.0,1.0,4,4,1,exact_anchor,1,0,4096,0,fb962c3a2ca7512d,fb962c3a2ca7512d,3,3,2,2,exact anchor SAT sanity check (score 1.000),True,variants/generated_adder_8_original.blif,variants/generated_adder_8_compress2rs.blif
generated_adder_8,compress2rs,new_n34,1,new_n45,1.0,1.0,1.0,1.0,1,1,1,exact_anchor,1,0,4096,0,096f49e484f2b647,096f49e484f2b647,2,2,2,2,exact anchor SAT sanity check (score 1.000),True,variants/generated_adder_8_original.blif,variants/generated_adder_8_compress2rs.blif
generated_adder_8,compress2rs,new_n37,1,new_n46,1.0,1.0,1.0,1.0,5,5,1,exact_anchor,1,0,4096,0,a86d826902a6fa31,a86d826902a6fa31,5,5,2,2,exact anchor SAT sanity check (score 1.000),True,variants/generated_adder_8_original.blif,variants/generated_adder_8_compress2rs.blif
generated_adder_8,compress2rs,new_n40,1,new_n47,1.0,1.0,1.0,1.0,6,6,1,exact_anchor,1,0,4096,0,0b6b372ab2e2923d,0b6b372ab2e2923d,5,5,2,2,exact anchor SAT sanity check (score 1.000),True,variants/generated_adder_8_original.blif,variants/generated_adder_8_compress2rs.blif
generated_adder_8,compress2rs,new_n41,1,new_n54,1.0,1.0,1.0,1.0,1,1,1,exact_anchor,1,0,4096,0,2f817a70dbcb6d42,2f817a70dbcb6d42,2,2,2,2,exact anchor SAT sanity check (score 1.000),True,variants/generated_adder_8_original.blif,variants/generated_adder_8_compress2rs.blif
generated_adder_8,compress2rs,new_n44,1,new_n55,1.0,1.0,1.0,1.0,7,7,1,exact_anchor,1,0,4096,0,3beec2ffff4cdf7c,3beec2ffff4cdf7c,7,7,2,2,exact anchor SAT sanity check (score 1.000),True,variants/generated_adder_8_original.blif,variants/generated_adder_8_compress2rs.blif
generated_adder_8,compress2rs,new_n47,1,new_n56,1.0,1.0,1.0,1.0,8,8,1,exact_anchor,1,0,4096,0,24bd6166297c6c6c,24bd6166297c6c6c,7,7,2,2,exact anchor SAT sanity check (score 1.000),True,variants/generated_adder_8_original.blif,variants/generated_adder_8_compress2rs.blif
generated_adder_8,compress2rs,new_n48,1,new_n63,1.0,1.0,1.0,1.0,1,1,1,exact_anchor,1,0,4096,0,df02f960cd8a45ac,df02f960cd8a45ac,2,2,2,2,exact anchor SAT sanity check (score 1.000),True,variants/generated_adder_8_original.blif,variants/generated_adder_8_compress2rs.blif
generated_adder_8,compress2rs,new_n51,1,new_n64,1.0,1.0,1.0,1.0,9,9,1,exact_anchor,1,0,4096,0,9d8720a5bc0a6385,9d8720a5bc0a6385,9,9,2,2,exact anchor SAT sanity check (score 1.000),True,variants/generated_adder_8_original.blif,variants/generated_adder_8_compress2rs.blif
generated_adder_8,compress2rs,new_n54,1,new_n65,1.0,1.0,1.0,1.0,10,10,1,exact_anchor,1,0,4096,0,33464ff440b41132,33464ff440b41132,9,9,2,2,exact anchor SAT sanity check (score 1.000),True,variants/generated_adder_8_original.blif,variants/generated_adder_8_compress2rs.blif
generated_adder_8,compress2rs,new_n55,1,new_n72,1.0,1.0,1.0,1.0,1,1,1,exact_anchor,1,0,4096,0,8375223f65f079ea,8375223f65f079ea,2,2,2,2,exact anchor SAT sanity check (score 1.000),True,variants/generated_adder_8_original.blif,variants/generated_adder_8_compress2rs.blif
generated_adder_8,compress2rs,new_n58,1,new_n73,1.0,1.0,1.0,1.0,11,11,1,exact_anchor,1,0,4096,0,c0aa69062c9674df,c0aa69062c9674df,11,11,2,2,exact anchor SAT sanity check (score 1.000),True,variants/generated_adder_8_original.blif,variants/generated_adder_8_compress2rs.blif
generated_adder_8,compress2rs,new_n61,1,new_n74,1.0,1.0,1.0,1.0,12,12,1,exact_anchor,1,0,4096,0,2d8bc50f3c582210,2d8bc50f3c582210,11,11,2,2,exact anchor SAT sanity check (score 1.000),True,variants/generated_adder_8_original.blif,variants/generated_adder_8_compress2rs.blif
generated_adder_8,compress2rs,new_n62,1,new_n81,1.0,1.0,1.0,1.0,1,1,1,exact_anchor,1,0,4096,0,08dd5f4b39d37112,08dd5f4b39d37112,2,2,2,2,exact anchor SAT sanity check (score 1.000),True,variants/generated_adder_8_original.blif,variants/generated_adder_8_compress2rs.blif
generated_adder_8,compress2rs,new_n65,1,new_n82,1.0,1.0,1.0,1.0,13,13,1,exact_anchor,1,0,4096,0,b934c961beadce75,b934c961beadce75,13,13,2,2,exact anchor SAT sanity check (score 1.000),True,variants/generated_adder_8_original.blif,variants/generated_adder_8_compress2rs.blif
generated_adder_8,compress2rs,new_n68,1,new_n83,1.0,1.0,1.0,1.0,14,14,1,exact_anchor,1,0,4096,0,fe4439aeff79ee1b,fe4439aeff79ee1b,13,13,2,2,exact anchor SAT sanity check (score 1.000),True,variants/generated_adder_8_original.blif,variants/generated_adder_8_compress2rs.blif
generated_adder_8,compress2rs,new_n69,1,new_n90,1.0,1.0,1.0,1.0,1,1,1,exact_anchor,1,0,4096,0,a3e704bdd1a01e51,a3e704bdd1a01e51,2,2,2,2,exact anchor SAT sanity check (score 1.000),True,variants/generated_adder_8_original.blif,variants/generated_adder_8_compress2rs.blif
generated_adder_8,compress2rs,new_n72,1,new_n91,1.0,1.0,1.0,1.0,15,15,1,exact_anchor,1,0,4096,0,a6114d6a0a6e6409,a6114d6a0a6e6409,15,15,2,2,exact anchor SAT sanity check (score 1.000),True,variants/generated_adder_8_original.blif,variants/generated_adder_8_compress2rs.blif
generated_adder_8,compress2rs,new_n75,1,new_n92,1.0,1.0,1.0,1.0,16,16,1,exact_anchor,1,0,4096,0,4cf13578ffa24c89,4cf13578ffa24c89,15,15,2,2,exact anchor SAT sanity check (score 1.000),True,variants/generated_adder_8_original.blif,variants/generated_adder_8_compress2rs.blif
generated_adder_8,compress2rs,new_n76,1,new_n96,1.0,1.0,1.0,1.0,1,1,1,exact_anchor,1,0,4096,0,d56f0b18c9de1b08,d56f0b18c9de1b08,2,2,2,2,exact anchor SAT sanity check (score 1.000),True,variants/generated_adder_8_original.blif,variants/generated_adder_8_compress2rs.blif
generated_adder_8,compress2rs,new_n79,1,new_n97,1.0,1.0,1.0,1.0,17,17,1,exact_anchor,1,0,4096,0,0656c3b8a6f6bcea,0656c3b8a6f6bcea,17,17,2,2,exact anchor SAT sanity check (score 1.000),True,variants/generated_adder_8_original.blif,variants/generated_adder_8_compress2rs.blif
generated_adder_8,dc2,new_n27,1,new_n36,1.0,1.0,1.0,1.0,1,1,1,exact_anchor,1,0,4096,0,068039086de726da,068039086de726da,2,2,2,2,exact anchor SAT sanity check (score 1.000),True,variants/generated_adder_8_original.blif,variants/generated_adder_8_dc2.blif
generated_adder_8,dc2,new_n30,1,new_n37,1.0,1.0,1.0,1.0,3,3,1,exact_anchor,1,0,4096,0,c557c12105e7e578,c557c12105e7e578,3,3,2,2,exact anchor SAT sanity check (score 1.000),True,variants/generated_adder_8_original.blif,variants/generated_adder_8_dc2.blif
generated_adder_8,dc2,new_n33,1,new_n38,1.0,1.0,1.0,1.0,4,4,1,exact_anchor,1,0,4096,0,fb962c3a2ca7512d,fb962c3a2ca7512d,3,3,2,2,exact anchor SAT sanity check (score 1.000),True,variants/generated_adder_8_original.blif,variants/generated_adder_8_dc2.blif
generated_adder_8,dc2,new_n34,1,new_n45,1.0,1.0,1.0,1.0,1,1,1,exact_anchor,1,0,4096,0,096f49e484f2b647,096f49e484f2b647,2,2,2,2,exact anchor SAT sanity check (score 1.000),True,variants/generated_adder_8_original.blif,variants/generated_adder_8_dc2.blif
generated_adder_8,dc2,new_n37,1,new_n46,1.0,1.0,1.0,1.0,5,5,1,exact_anchor,1,0,4096,0,a86d826902a6fa31,a86d826902a6fa31,5,5,2,2,exact anchor SAT sanity check (score 1.000),True,variants/generated_adder_8_original.blif,variants/generated_adder_8_dc2.blif
generated_adder_8,dc2,new_n40,1,new_n47,1.0,1.0,1.0,1.0,6,6,1,exact_anchor,1,0,4096,0,0b6b372ab2e2923d,0b6b372ab2e2923d,5,5,2,2,exact anchor SAT sanity check (score 1.000),True,variants/generated_adder_8_original.blif,variants/generated_adder_8_dc2.blif
generated_adder_8,dc2,new_n41,1,new_n54,1.0,1.0,1.0,1.0,1,1,1,exact_anchor,1,0,4096,0,2f817a70dbcb6d42,2f817a70dbcb6d42,2,2,2,2,exact anchor SAT sanity check (score 1.000),True,variants/generated_adder_8_original.blif,variants/generated_adder_8_dc2.blif
generated_adder_8,dc2,new_n44,1,new_n55,1.0,1.0,1.0,1.0,7,7,1,exact_anchor,1,0,4096,0,3beec2ffff4cdf7c,3beec2ffff4cdf7c,7,7,2,2,exact anchor SAT sanity check (score 1.000),True,variants/generated_adder_8_original.blif,variants/generated_adder_8_dc2.blif
generated_adder_8,dc2,new_n47,1,new_n56,1.0,1.0,1.0,1.0,8,8,1,exact_anchor,1,0,4096,0,24bd6166297c6c6c,24bd6166297c6c6c,7,7,2,2,exact anchor SAT sanity check (score 1.000),True,variants/generated_adder_8_original.blif,variants/generated_adder_8_dc2.blif
generated_adder_8,dc2,new_n48,1,new_n63,1.0,1.0,1.0,1.0,1,1,1,exact_anchor,1,0,4096,0,df02f960cd8a45ac,df02f960cd8a45ac,2,2,2,2,exact anchor SAT sanity check (score 1.000),True,variants/generated_adder_8_original.blif,variants/generated_adder_8_dc2.blif
generated_adder_8,dc2,new_n51,1,new_n64,1.0,1.0,1.0,1.0,9,9,1,exact_anchor,1,0,4096,0,9d8720a5bc0a6385,9d8720a5bc0a6385,9,9,2,2,exact anchor SAT sanity check (score 1.000),True,variants/generated_adder_8_original.blif,variants/generated_adder_8_dc2.blif
generated_adder_8,dc2,new_n54,1,new_n65,1.0,1.0,1.0,1.0,10,10,1,exact_anchor,1,0,4096,0,33464ff440b41132,33464ff440b41132,9,9,2,2,exact anchor SAT sanity check (score 1.000),True,variants/generated_adder_8_original.blif,variants/generated_adder_8_dc2.blif
generated_adder_8,dc2,new_n55,1,new_n72,1.0,1.0,1.0,1.0,1,1,1,exact_anchor,1,0,4096,0,8375223f65f079ea,8375223f65f079ea,2,2,2,2,exact anchor SAT sanity check (score 1.000),True,variants/generated_adder_8_original.blif,variants/generated_adder_8_dc2.blif
generated_adder_8,dc2,new_n58,1,new_n73,1.0,1.0,1.0,1.0,11,11,1,exact_anchor,1,0,4096,0,c0aa69062c9674df,c0aa69062c9674df,11,11,2,2,exact anchor SAT sanity check (score 1.000),True,variants/generated_adder_8_original.blif,variants/generated_adder_8_dc2.blif
generated_adder_8,dc2,new_n61,1,new_n74,1.0,1.0,1.0,1.0,12,12,1,exact_anchor,1,0,4096,0,2d8bc50f3c582210,2d8bc50f3c582210,11,11,2,2,exact anchor SAT sanity check (score 1.000),True,variants/generated_adder_8_original.blif,variants/generated_adder_8_dc2.blif
generated_adder_8,dc2,new_n62,1,new_n81,1.0,1.0,1.0,1.0,1,1,1,exact_anchor,1,0,4096,0,08dd5f4b39d37112,08dd5f4b39d37112,2,2,2,2,exact anchor SAT sanity check (score 1.000),True,variants/generated_adder_8_original.blif,variants/generated_adder_8_dc2.blif
generated_adder_8,dc2,new_n65,1,new_n82,1.0,1.0,1.0,1.0,13,13,1,exact_anchor,1,0,4096,0,b934c961beadce75,b934c961beadce75,13,13,2,2,exact anchor SAT sanity check (score 1.000),True,variants/generated_adder_8_original.blif,variants/generated_adder_8_dc2.blif
generated_adder_8,dc2,new_n68,1,new_n83,1.0,1.0,1.0,1.0,14,14,1,exact_anchor,1,0,4096,0,fe4439aeff79ee1b,fe4439aeff79ee1b,13,13,2,2,exact anchor SAT sanity check (score 1.000),True,variants/generated_adder_8_original.blif,variants/generated_adder_8_dc2.blif
generated_adder_8,dc2,new_n69,1,new_n90,1.0,1.0,1.0,1.0,1,1,1,exact_anchor,1,0,4096,0,a3e704bdd1a01e51,a3e704bdd1a01e51,2,2,2,2,exact anchor SAT sanity check (score 1.000),True,variants/generated_adder_8_original.blif,variants/generated_adder_8_dc2.blif
generated_adder_8,dc2,new_n72,1,new_n91,1.0,1.0,1.0,1.0,15,15,1,exact_anchor,1,0,4096,0,a6114d6a0a6e6409,a6114d6a0a6e6409,15,15,2,2,exact anchor SAT sanity check (score 1.000),True,variants/generated_adder_8_original.blif,variants/generated_adder_8_dc2.blif
generated_adder_8,dc2,new_n75,1,new_n92,1.0,1.0,1.0,1.0,16,16,1,exact_anchor,1,0,4096,0,4cf13578ffa24c89,4cf13578ffa24c89,15,15,2,2,exact anchor SAT sanity check (score 1.000),True,variants/generated_adder_8_original.blif,variants/generated_adder_8_dc2.blif
generated_adder_8,dc2,new_n76,1,new_n96,1.0,1.0,1.0,1.0,1,1,1,exact_anchor,1,0,4096,0,d56f0b18c9de1b08,d56f0b18c9de1b08,2,2,2,2,exact anchor SAT sanity check (score 1.000),True,variants/generated_adder_8_original.blif,variants/generated_adder_8_dc2.blif
generated_adder_8,dc2,new_n79,1,new_n97,1.0,1.0,1.0,1.0,17,17,1,exact_anchor,1,0,4096,0,0656c3b8a6f6bcea,0656c3b8a6f6bcea,17,17,2,2,exact anchor SAT sanity check (score 1.000),True,variants/generated_adder_8_original.blif,variants/generated_adder_8_dc2.blif
generated_adder_8,refactor,new_n27,1,new_n36,1.0,1.0,1.0,1.0,1,1,1,exact_anchor,1,0,4096,0,068039086de726da,068039086de726da,2,2,2,2,exact anchor SAT sanity check (score 1.000),True,variants/generated_adder_8_original.blif,variants/generated_adder_8_refactor.blif
generated_adder_8,refactor,new_n30,1,new_n37,1.0,1.0,1.0,1.0,3,3,1,exact_anchor,1,0,4096,0,c557c12105e7e578,c557c12105e7e578,3,3,2,2,exact anchor SAT sanity check (score 1.000),True,variants/generated_adder_8_original.blif,variants/generated_adder_8_refactor.blif
generated_adder_8,refactor,new_n33,1,new_n38,1.0,1.0,1.0,1.0,4,4,1,exact_anchor,1,0,4096,0,fb962c3a2ca7512d,fb962c3a2ca7512d,3,3,2,2,exact anchor SAT sanity check (score 1.000),True,variants/generated_adder_8_original.blif,variants/generated_adder_8_refactor.blif
generated_adder_8,refactor,new_n34,1,new_n45,1.0,1.0,1.0,1.0,1,1,1,exact_anchor,1,0,4096,0,096f49e484f2b647,096f49e484f2b647,2,2,2,2,exact anchor SAT sanity check (score 1.000),True,variants/generated_adder_8_original.blif,variants/generated_adder_8_refactor.blif
generated_adder_8,refactor,new_n37,1,new_n46,1.0,1.0,1.0,1.0,5,5,1,exact_anchor,1,0,4096,0,a86d826902a6fa31,a86d826902a6fa31,5,5,2,2,exact anchor SAT sanity check (score 1.000),True,variants/generated_adder_8_original.blif,variants/generated_adder_8_refactor.blif
generated_adder_8,refactor,new_n40,1,new_n47,1.0,1.0,1.0,1.0,6,6,1,exact_anchor,1,0,4096,0,0b6b372ab2e2923d,0b6b372ab2e2923d,5,5,2,2,exact anchor SAT sanity check (score 1.000),True,variants/generated_adder_8_original.blif,variants/generated_adder_8_refactor.blif
generated_adder_8,refactor,new_n41,1,new_n54,1.0,1.0,1.0,1.0,1,1,1,exact_anchor,1,0,4096,0,2f817a70dbcb6d42,2f817a70dbcb6d42,2,2,2,2,exact anchor SAT sanity check (score 1.000),True,variants/generated_adder_8_original.blif,variants/generated_adder_8_refactor.blif
generated_adder_8,refactor,new_n44,1,new_n55,1.0,1.0,1.0,1.0,7,7,1,exact_anchor,1,0,4096,0,3beec2ffff4cdf7c,3beec2ffff4cdf7c,7,7,2,2,exact anchor SAT sanity check (score 1.000),True,variants/generated_adder_8_original.blif,variants/generated_adder_8_refactor.blif
generated_adder_8,refactor,new_n47,1,new_n56,1.0,1.0,1.0,1.0,8,8,1,exact_anchor,1,0,4096,0,24bd6166297c6c6c,24bd6166297c6c6c,7,7,2,2,exact anchor SAT sanity check (score 1.000),True,variants/generated_adder_8_original.blif,variants/generated_adder_8_refactor.blif
generated_adder_8,refactor,new_n48,1,new_n63,1.0,1.0,1.0,1.0,1,1,1,exact_anchor,1,0,4096,0,df02f960cd8a45ac,df02f960cd8a45ac,2,2,2,2,exact anchor SAT sanity check (score 1.000),True,variants/generated_adder_8_original.blif,variants/generated_adder_8_refactor.blif
generated_adder_8,refactor,new_n51,1,new_n64,1.0,1.0,1.0,1.0,9,9,1,exact_anchor,1,0,4096,0,9d8720a5bc0a6385,9d8720a5bc0a6385,9,9,2,2,exact anchor SAT sanity check (score 1.000),True,variants/generated_adder_8_original.blif,variants/generated_adder_8_refactor.blif
generated_adder_8,refactor,new_n54,1,new_n65,1.0,1.0,1.0,1.0,10,10,1,exact_anchor,1,0,4096,0,33464ff440b41132,33464ff440b41132,9,9,2,2,exact anchor SAT sanity check (score 1.000),True,variants/generated_adder_8_original.blif,variants/generated_adder_8_refactor.blif
generated_adder_8,refactor,new_n55,1,new_n72,1.0,1.0,1.0,1.0,1,1,1,exact_anchor,1,0,4096,0,8375223f65f079ea,8375223f65f079ea,2,2,2,2,exact anchor SAT sanity check (score 1.000),True,variants/generated_adder_8_original.blif,variants/generated_adder_8_refactor.blif
generated_adder_8,refactor,new_n58,1,new_n73,1.0,1.0,1.0,1.0,11,11,1,exact_anchor,1,0,4096,0,c0aa69062c9674df,c0aa69062c9674df,11,11,2,2,exact anchor SAT sanity check (score 1.000),True,variants/generated_adder_8_original.blif,variants/generated_adder_8_refactor.blif
generated_adder_8,refactor,new_n61,1,new_n74,1.0,1.0,1.0,1.0,12,12,1,exact_anchor,1,0,4096,0,2d8bc50f3c582210,2d8bc50f3c582210,11,11,2,2,exact anchor SAT sanity check (score 1.000),True,variants/generated_adder_8_original.blif,variants/generated_adder_8_refactor.blif
generated_adder_8,refactor,new_n62,1,new_n81,1.0,1.0,1.0,1.0,1,1,1,exact_anchor,1,0,4096,0,08dd5f4b39d37112,08dd5f4b39d37112,2,2,2,2,exact anchor SAT sanity check (score 1.000),True,variants/generated_adder_8_original.blif,variants/generated_adder_8_refactor.blif
generated_adder_8,refactor,new_n65,1,new_n82,1.0,1.0,1.0,1.0,13,13,1,exact_anchor,1,0,4096,0,b934c961beadce75,b934c961beadce75,13,13,2,2,exact anchor SAT sanity check (score 1.000),True,variants/generated_adder_8_original.blif,variants/generated_adder_8_refactor.blif
generated_adder_8,refactor,new_n68,1,new_n83,1.0,1.0,1.0,1.0,14,14,1,exact_anchor,1,0,4096,0,fe4439aeff79ee1b,fe4439aeff79ee1b,13,13,2,2,exact anchor SAT sanity check (score 1.000),True,variants/generated_adder_8_original.blif,variants/generated_adder_8_refactor.blif
generated_adder_8,refactor,new_n69,1,new_n90,1.0,1.0,1.0,1.0,1,1,1,exact_anchor,1,0,4096,0,a3e704bdd1a01e51,a3e704bdd1a01e51,2,2,2,2,exact anchor SAT sanity check (score 1.000),True,variants/generated_adder_8_original.blif,variants/generated_adder_8_refactor.blif
generated_adder_8,refactor,new_n72,1,new_n91,1.0,1.0,1.0,1.0,15,15,1,exact_anchor,1,0,4096,0,a6114d6a0a6e6409,a6114d6a0a6e6409,15,15,2,2,exact anchor SAT sanity check (score 1.000),True,variants/generated_adder_8_original.blif,variants/generated_adder_8_refactor.blif
generated_adder_8,refactor,new_n75,1,new_n92,1.0,1.0,1.0,1.0,16,16,1,exact_anchor,1,0,4096,0,4cf13578ffa24c89,4cf13578ffa24c89,15,15,2,2,exact anchor SAT sanity check (score 1.000),True,variants/generated_adder_8_original.blif,variants/generated_adder_8_refactor.blif
generated_adder_8,refactor,new_n76,1,new_n96,1.0,1.0,1.0,1.0,1,1,1,exact_anchor,1,0,4096,0,d56f0b18c9de1b08,d56f0b18c9de1b08,2,2,2,2,exact anchor SAT sanity check (score 1.000),True,variants/generated_adder_8_original.blif,variants/generated_adder_8_refactor.blif
generated_adder_8,refactor,new_n79,1,new_n97,1.0,1.0,1.0,1.0,17,17,1,exact_anchor,1,0,4096,0,0656c3b8a6f6bcea,0656c3b8a6f6bcea,17,17,2,2,exact anchor SAT sanity check (score 1.000),True,variants/generated_adder_8_original.blif,variants/generated_adder_8_refactor.blif
generated_adder_8,refactor_z,new_n27,1,new_n36,1.0,1.0,1.0,1.0,1,1,1,exact_anchor,1,0,4096,0,068039086de726da,068039086de726da,2,2,2,2,exact anchor SAT sanity check (score 1.000),True,variants/generated_adder_8_original.blif,variants/generated_adder_8_refactor_z.blif
generated_adder_8,refactor_z,new_n30,1,new_n37,1.0,1.0,1.0,1.0,3,3,1,exact_anchor,1,0,4096,0,c557c12105e7e578,c557c12105e7e578,3,3,2,2,exact anchor SAT sanity check (score 1.000),True,variants/generated_adder_8_original.blif,variants/generated_adder_8_refactor_z.blif
generated_adder_8,refactor_z,new_n33,1,new_n38,1.0,1.0,1.0,1.0,4,4,1,exact_anchor,1,0,4096,0,fb962c3a2ca7512d,fb962c3a2ca7512d,3,3,2,2,exact anchor SAT sanity check (score 1.000),True,variants/generated_adder_8_original.blif,variants/generated_adder_8_refactor_z.blif
generated_adder_8,refactor_z,new_n34,1,new_n45,1.0,1.0,1.0,1.0,1,1,1,exact_anchor,1,0,4096,0,096f49e484f2b647,096f49e484f2b647,2,2,2,2,exact anchor SAT sanity check (score 1.000),True,variants/generated_adder_8_original.blif,variants/generated_adder_8_refactor_z.blif
generated_adder_8,refactor_z,new_n37,1,new_n46,1.0,1.0,1.0,1.0,5,5,1,exact_anchor,1,0,4096,0,a86d826902a6fa31,a86d826902a6fa31,5,5,2,2,exact anchor SAT sanity check (score 1.000),True,variants/generated_adder_8_original.blif,variants/generated_adder_8_refactor_z.blif
generated_adder_8,refactor_z,new_n40,1,new_n47,1.0,1.0,1.0,1.0,6,6,1,exact_anchor,1,0,4096,0,0b6b372ab2e2923d,0b6b372ab2e2923d,5,5,2,2,exact anchor SAT sanity check (score 1.000),True,variants/generated_adder_8_original.blif,variants/generated_adder_8_refactor_z.blif
generated_adder_8,refactor_z,new_n41,1,new_n54,1.0,1.0,1.0,1.0,1,1,1,exact_anchor,1,0,4096,0,2f817a70dbcb6d42,2f817a70dbcb6d42,2,2,2,2,exact anchor SAT sanity check (score 1.000),True,variants/generated_adder_8_original.blif,variants/generated_adder_8_refactor_z.blif
generated_adder_8,refactor_z,new_n44,1,new_n55,1.0,1.0,1.0,1.0,7,7,1,exact_anchor,1,0,4096,0,3beec2ffff4cdf7c,3beec2ffff4cdf7c,7,7,2,2,exact anchor SAT sanity check (score 1.000),True,variants/generated_adder_8_original.blif,variants/generated_adder_8_refactor_z.blif
generated_adder_8,refactor_z,new_n47,1,new_n56,1.0,1.0,1.0,1.0,8,8,1,exact_anchor,1,0,4096,0,24bd6166297c6c6c,24bd6166297c6c6c,7,7,2,2,exact anchor SAT sanity check (score 1.000),True,variants/generated_adder_8_original.blif,variants/generated_adder_8_refactor_z.blif
generated_adder_8,refactor_z,new_n48,1,new_n63,1.0,1.0,1.0,1.0,1,1,1,exact_anchor,1,0,4096,0,df02f960cd8a45ac,df02f960cd8a45ac,2,2,2,2,exact anchor SAT sanity check (score 1.000),True,variants/generated_adder_8_original.blif,variants/generated_adder_8_refactor_z.blif
generated_adder_8,refactor_z,new_n51,1,new_n64,1.0,1.0,1.0,1.0,9,9,1,exact_anchor,1,0,4096,0,9d8720a5bc0a6385,9d8720a5bc0a6385,9,9,2,2,exact anchor SAT sanity check (score 1.000),True,variants/generated_adder_8_original.blif,variants/generated_adder_8_refactor_z.blif
generated_adder_8,refactor_z,new_n54,1,new_n65,1.0,1.0,1.0,1.0,10,10,1,exact_anchor,1,0,4096,0,33464ff440b41132,33464ff440b41132,9,9,2,2,exact anchor SAT sanity check (score 1.000),True,variants/generated_adder_8_original.blif,variants/generated_adder_8_refactor_z.blif
generated_adder_8,refactor_z,new_n55,1,new_n72,1.0,1.0,1.0,1.0,1,1,1,exact_anchor,1,0,4096,0,8375223f65f079ea,8375223f65f079ea,2,2,2,2,exact anchor SAT sanity check (score 1.000),True,variants/generated_adder_8_original.blif,variants/generated_adder_8_refactor_z.blif
generated_adder_8,refactor_z,new_n58,1,new_n73,1.0,1.0,1.0,1.0,11,11,1,exact_anchor,1,0,4096,0,c0aa69062c9674df,c0aa69062c9674df,11,11,2,2,exact anchor SAT sanity check (score 1.000),True,variants/generated_adder_8_original.blif,variants/generated_adder_8_refactor_z.blif
generated_adder_8,refactor_z,new_n61,1,new_n74,1.0,1.0,1.0,1.0,12,12,1,exact_anchor,1,0,4096,0,2d8bc50f3c582210,2d8bc50f3c582210,11,11,2,2,exact anchor SAT sanity check (score 1.000),True,variants/generated_adder_8_original.blif,variants/generated_adder_8_refactor_z.blif
generated_adder_8,refactor_z,new_n62,1,new_n81,1.0,1.0,1.0,1.0,1,1,1,exact_anchor,1,0,4096,0,08dd5f4b39d37112,08dd5f4b39d37112,2,2,2,2,exact anchor SAT sanity check (score 1.000),True,variants/generated_adder_8_original.blif,variants/generated_adder_8_refactor_z.blif
generated_adder_8,refactor_z,new_n65,1,new_n82,1.0,1.0,1.0,1.0,13,13,1,exact_anchor,1,0,4096,0,b934c961beadce75,b934c961beadce75,13,13,2,2,exact anchor SAT sanity check (score 1.000),True,variants/generated_adder_8_original.blif,variants/generated_adder_8_refactor_z.blif
generated_adder_8,refactor_z,new_n68,1,new_n83,1.0,1.0,1.0,1.0,14,14,1,exact_anchor,1,0,4096,0,fe4439aeff79ee1b,fe4439aeff79ee1b,13,13,2,2,exact anchor SAT sanity check (score 1.000),True,variants/generated_adder_8_original.blif,variants/generated_adder_8_refactor_z.blif
generated_adder_8,refactor_z,new_n69,1,new_n90,1.0,1.0,1.0,1.0,1,1,1,exact_anchor,1,0,4096,0,a3e704bdd1a01e51,a3e704bdd1a01e51,2,2,2,2,exact anchor SAT sanity check (score 1.000),True,variants/generated_adder_8_original.blif,variants/generated_adder_8_refactor_z.blif
generated_adder_8,refactor_z,new_n72,1,new_n91,1.0,1.0,1.0,1.0,15,15,1,exact_anchor,1,0,4096,0,a6114d6a0a6e6409,a6114d6a0a6e6409,15,15,2,2,exact anchor SAT sanity check (score 1.000),True,variants/generated_adder_8_original.blif,variants/generated_adder_8_refactor_z.blif
generated_adder_8,refactor_z,new_n75,1,new_n92,1.0,1.0,1.0,1.0,16,16,1,exact_anchor,1,0,4096,0,4cf13578ffa24c89,4cf13578ffa24c89,15,15,2,2,exact anchor SAT sanity check (score 1.000),True,variants/generated_adder_8_original.blif,variants/generated_adder_8_refactor_z.blif
generated_adder_8,refactor_z,new_n76,1,new_n96,1.0,1.0,1.0,1.0,1,1,1,exact_anchor,1,0,4096,0,d56f0b18c9de1b08,d56f0b18c9de1b08,2,2,2,2,exact anchor SAT sanity check (score 1.000),True,variants/generated_adder_8_original.blif,variants/generated_adder_8_refactor_z.blif
generated_adder_8,refactor_z,new_n79,1,new_n97,1.0,1.0,1.0,1.0,17,17,1,exact_anchor,1,0,4096,0,0656c3b8a6f6bcea,0656c3b8a6f6bcea,17,17,2,2,exact anchor SAT sanity check (score 1.000),True,variants/generated_adder_8_original.blif,variants/generated_adder_8_refactor_z.blif
generated_adder_8,resub,new_n27,1,new_n27,1.0,1.0,1.0,1.0,1,1,1,exact_anchor,1,0,4096,0,329b0d5f16407ff7,329b0d5f16407ff7,2,2,2,2,exact anchor SAT sanity check (score 1.000),True,variants/generated_adder_8_original.blif,variants/generated_adder_8_resub.blif
generated_adder_8,resub,new_n28,1,new_n28,1.0,1.0,1.0,1.0,1,1,1,exact_anchor,1,0,4096,0,f8b72c4f79d0fa91,f8b72c4f79d0fa91,2,2,2,2,exact anchor SAT sanity check (score 1.000),True,variants/generated_adder_8_original.blif,variants/generated_adder_8_resub.blif
generated_adder_8,resub,new_n29,1,new_n29,1.0,1.0,1.0,1.0,2,2,1,exact_anchor,1,0,4096,0,30ccbc0c4429386a,30ccbc0c4429386a,2,2,2,2,exact anchor SAT sanity check (score 1.000),True,variants/generated_adder_8_original.blif,variants/generated_adder_8_resub.blif
generated_adder_8,resub,new_n30,1,new_n30,1.0,1.0,1.0,1.0,3,3,1,exact_anchor,1,0,4096,0,3f24c9479a8a5825,3f24c9479a8a5825,3,3,2,2,exact anchor SAT sanity check (score 1.000),True,variants/generated_adder_8_original.blif,variants/generated_adder_8_resub.blif
generated_adder_8,resub,new_n31,1,new_n31,1.0,1.0,1.0,1.0,3,3,1,exact_anchor,1,0,4096,0,c16061d5581b3c62,c16061d5581b3c62,3,3,2,2,exact anchor SAT sanity check (score 1.000),True,variants/generated_adder_8_original.blif,variants/generated_adder_8_resub.blif
generated_adder_8,resub,new_n33,1,new_n33,1.0,1.0,1.0,1.0,1,1,1,exact_anchor,1,0,4096,0,6090d43cf8a0206a,6090d43cf8a0206a,2,2,2,2,exact anchor SAT sanity check (score 1.000),True,variants/generated_adder_8_original.blif,variants/generated_adder_8_resub.blif
generated_adder_8,resub,new_n34,1,new_n34,1.0,1.0,1.0,1.0,1,1,1,exact_anchor,1,0,4096,0,e5d1a44a137b07c0,e5d1a44a137b07c0,2,2,2,2,exact anchor SAT sanity check (score 1.000),True,variants/generated_adder_8_original.blif,variants/generated_adder_8_resub.blif
generated_adder_8,resub,new_n35,1,new_n35,1.0,1.0,1.0,1.0,2,2,1,exact_anchor,1,0,4096,0,abde7f62519c62f5,abde7f62519c62f5,2,2,2,2,exact anchor SAT sanity check (score 1.000),True,variants/generated_adder_8_original.blif,variants/generated_adder_8_resub.blif
generated_adder_8,resub,new_n36,1,new_n36,1.0,1.0,1.0,1.0,1,1,1,exact_anchor,1,0,4096,0,068039086de726da,068039086de726da,2,2,2,2,exact anchor SAT sanity check (score 1.000),True,variants/generated_adder_8_original.blif,variants/generated_adder_8_resub.blif
generated_adder_8,resub,new_n37,1,new_n37,1.0,1.0,1.0,1.0,3,3,1,exact_anchor,1,0,4096,0,c557c12105e7e578,c557c12105e7e578,3,3,2,2,exact anchor SAT sanity check (score 1.000),True,variants/generated_adder_8_original.blif,variants/generated_adder_8_resub.blif
generated_adder_8,resub,new_n38,1,new_n38,1.0,1.0,1.0,1.0,4,4,1,exact_anchor,1,0,4096,0,fb962c3a2ca7512d,fb962c3a2ca7512d,3,3,2,2,exact anchor SAT sanity check (score 1.000),True,variants/generated_adder_8_original.blif,variants/generated_adder_8_resub.blif
generated_adder_8,resub,new_n39,1,new_n39,1.0,1.0,1.0,1.0,5,5,1,exact_anchor,1,0,4096,0,047d3cbec08bfe1f,047d3cbec08bfe1f,5,5,2,2,exact anchor SAT sanity check (score 1.000),True,variants/generated_adder_8_original.blif,variants/generated_adder_8_resub.blif
generated_adder_8,resub,new_n40,1,new_n40,1.0,1.0,1.0,1.0,5,5,1,exact_anchor,1,0,4096,0,e4fa1c300984d9f9,e4fa1c300984d9f9,5,5,2,2,exact anchor SAT sanity check (score 1.000),True,variants/generated_adder_8_original.blif,variants/generated_adder_8_resub.blif
generated_adder_8,resub,new_n42,1,new_n42,1.0,1.0,1.0,1.0,1,1,1,exact_anchor,1,0,4096,0,91982715dc0b1ecb,91982715dc0b1ecb,2,2,2,2,exact anchor SAT sanity check (score 1.000),True,variants/generated_adder_8_original.blif,variants/generated_adder_8_resub.blif
generated_adder_8,resub,new_n43,1,new_n43,1.0,1.0,1.0,1.0,1,1,1,exact_anchor,1,0,4096,0,dccd57b67d60d306,dccd57b67d60d306,2,2,2,2,exact anchor SAT sanity check (score 1.000),True,variants/generated_adder_8_original.blif,variants/generated_adder_8_resub.blif
generated_adder_8,resub,new_n44,1,new_n44,1.0,1.0,1.0,1.0,2,2,1,exact_anchor,1,0,4096,0,1b779ceededa4b89,1b779ceededa4b89,2,2,2,2,exact anchor SAT sanity check (score 1.000),True,variants/generated_adder_8_original.blif,variants/generated_adder_8_resub.blif
generated_adder_8,resub,new_n45,1,new_n45,1.0,1.0,1.0,1.0,1,1,1,exact_anchor,1,0,4096,0,096f49e484f2b647,096f49e484f2b647,2,2,2,2,exact anchor SAT sanity check (score 1.000),True,variants/generated_adder_8_original.blif,variants/generated_adder_8_resub.blif
generated_adder_8,resub,new_n46,1,new_n46,1.0,1.0,1.0,1.0,5,5,1,exact_anchor,1,0,4096,0,a86d826902a6fa31,a86d826902a6fa31,5,5,2,2,exact anchor SAT sanity check (score 1.000),True,variants/generated_adder_8_original.blif,variants/generated_adder_8_resub.blif
generated_adder_8,resub,new_n47,1,new_n47,1.0,1.0,1.0,1.0,6,6,1,exact_anchor,1,0,4096,0,0b6b372ab2e2923d,0b6b372ab2e2923d,5,5,2,2,exact anchor SAT sanity check (score 1.000),True,variants/generated_adder_8_original.blif,variants/generated_adder_8_resub.blif
generated_adder_8,resub,new_n48,1,new_n48,1.0,1.0,1.0,1.0,7,7,1,exact_anchor,1,0,4096,0,1689ad7bc1e32302,1689ad7bc1e32302,7,7,2,2,exact anchor SAT sanity check (score 1.000),True,variants/generated_adder_8_original.blif,variants/generated_adder_8_resub.blif
generated_adder_8,resub,new_n49,1,new_n49,1.0,1.0,1.0,1.0,7,7,1,exact_anchor,1,0,4096,0,0d4e4e65b88977d8,0d4e4e65b88977d8,7,7,2,2,exact anchor SAT sanity check (score 1.000),True,variants/generated_adder_8_original.blif,variants/generated_adder_8_resub.blif
generated_adder_8,resub,new_n51,1,new_n51,1.0,1.0,1.0,1.0,1,1,1,exact_anchor,1,0,4096,0,9c55a589f1a68b5d,9c55a589f1a68b5d,2,2,2,2,exact anchor SAT sanity check (score 1.000),True,variants/generated_adder_8_original.blif,variants/generated_adder_8_resub.blif
generated_adder_8,resub,new_n52,1,new_n52,1.0,1.0,1.0,1.0,1,1,1,exact_anchor,1,0,4096,0,6842687339ea4589,6842687339ea4589,2,2,2,2,exact anchor SAT sanity check (score 1.000),True,variants/generated_adder_8_original.blif,variants/generated_adder_8_resub.blif
generated_adder_8,resub,new_n53,1,new_n53,1.0,1.0,1.0,1.0,2,2,1,exact_anchor,1,0,4096,0,a19339cf452f605f,a19339cf452f605f,2,2,2,2,exact anchor SAT sanity check (score 1.000),True,variants/generated_adder_8_original.blif,variants/generated_adder_8_resub.blif
generated_adder_8,resub,new_n54,1,new_n54,1.0,1.0,1.0,1.0,1,1,1,exact_anchor,1,0,4096,0,2f817a70dbcb6d42,2f817a70dbcb6d42,2,2,2,2,exact anchor SAT sanity check (score 1.000),True,variants/generated_adder_8_original.blif,variants/generated_adder_8_resub.blif
generated_adder_8,resub,new_n55,1,new_n55,1.0,1.0,1.0,1.0,7,7,1,exact_anchor,1,0,4096,0,3beec2ffff4cdf7c,3beec2ffff4cdf7c,7,7,2,2,exact anchor SAT sanity check (score 1.000),True,variants/generated_adder_8_original.blif,variants/generated_adder_8_resub.blif
generated_adder_8,resub,new_n56,1,new_n56,1.0,1.0,1.0,1.0,8,8,1,exact_anchor,1,0,4096,0,24bd6166297c6c6c,24bd6166297c6c6c,7,7,2,2,exact anchor SAT sanity check (score 1.000),True,variants/generated_adder_8_original.blif,variants/generated_adder_8_resub.blif
generated_adder_8,resub,new_n57,1,new_n57,1.0,1.0,1.0,1.0,9,9,1,exact_anchor,1,0,4096,0,ca276349607d0696,ca276349607d0696,9,9,2,2,exact anchor SAT sanity check (score 1.000),True,variants/generated_adder_8_original.blif,variants/generated_adder_8_resub.blif
generated_adder_8,resub,new_n58,1,new_n58,1.0,1.0,1.0,1.0,9,9,1,exact_anchor,1,0,4096,0,a146dac8c3d9168f,a146dac8c3d9168f,9,9,2,2,exact anchor SAT sanity check (score 1.000),True,variants/generated_adder_8_original.blif,variants/generated_adder_8_resub.blif
generated_adder_8,resub,new_n60,1,new_n60,1.0,1.0,1.0,1.0,1,1,1,exact_anchor,1,0,4096,0,a8f09791a649b80b,a8f09791a649b80b,2,2,2,2,exact anchor SAT sanity check (score 1.000),True,variants/generated_adder_8_original.blif,variants/generated_adder_8_resub.blif
generated_adder_8,resub,new_n61,1,new_n61,1.0,1.0,1.0,1.0,1,1,1,exact_anchor,1,0,4096,0,9d2faf22bfdc6c1a,9d2faf22bfdc6c1a,2,2,2,2,exact anchor SAT sanity check (score 1.000),True,variants/generated_adder_8_original.blif,variants/generated_adder_8_resub.blif
generated_adder_8,resub,new_n62,1,new_n62,1.0,1.0,1.0,1.0,2,2,1,exact_anchor,1,0,4096,0,681f8b7aed223f81,681f8b7aed223f81,2,2,2,2,exact anchor SAT sanity check (score 1.000),True,variants/generated_adder_8_original.blif,variants/generated_adder_8_resub.blif
generated_adder_8,resub,new_n63,1,new_n63,1.0,1.0,1.0,1.0,1,1,1,exact_anchor,1,0,4096,0,df02f960cd8a45ac,df02f960cd8a45ac,2,2,2,2,exact anchor SAT sanity check (score 1.000),True,variants/generated_adder_8_original.blif,variants/generated_adder_8_resub.blif
generated_adder_8,resub,new_n64,1,new_n64,1.0,1.0,1.0,1.0,9,9,1,exact_anchor,1,0,4096,0,9d8720a5bc0a6385,9d8720a5bc0a6385,9,9,2,2,exact anchor SAT sanity check (score 1.000),True,variants/generated_adder_8_original.blif,variants/generated_adder_8_resub.blif
generated_adder_8,resub,new_n65,1,new_n65,1.0,1.0,1.0,1.0,10,10,1,exact_anchor,1,0,4096,0,33464ff440b41132,33464ff440b41132,9,9,2,2,exact anchor SAT sanity check (score 1.000),True,variants/generated_adder_8_original.blif,variants/generated_adder_8_resub.blif
generated_adder_8,resub,new_n66,1,new_n66,1.0,1.0,1.0,1.0,11,11,1,exact_anchor,1,0,4096,0,47fa7bd41d639a0f,47fa7bd41d639a0f,11,11,2,2,exact anchor SAT sanity check (score 1.000),True,variants/generated_adder_8_original.blif,variants/generated_adder_8_resub.blif
generated_adder_8,resub,new_n67,1,new_n67,1.0,1.0,1.0,1.0,11,11,1,exact_anchor,1,0,4096,0,bddd9e26d96ce711,bddd9e26d96ce711,11,11,2,2,exact anchor SAT sanity check (score 1.000),True,variants/generated_adder_8_original.blif,variants/generated_adder_8_resub.blif
generated_adder_8,resub,new_n69,1,new_n69,1.0,1.0,1.0,1.0,1,1,1,exact_anchor,1,0,4096,0,d2a798e2c0a7579a,d2a798e2c0a7579a,2,2,2,2,exact anchor SAT sanity check (score 1.000),True,variants/generated_adder_8_original.blif,variants/generated_adder_8_resub.blif
generated_adder_8,resub,new_n70,1,new_n70,1.0,1.0,1.0,1.0,1,1,1,exact_anchor,1,0,4096,0,9e700ff4ad41b697,9e700ff4ad41b697,2,2,2,2,exact anchor SAT sanity check (score 1.000),True,variants/generated_adder_8_original.blif,variants/generated_adder_8_resub.blif
generated_adder_8,resub,new_n71,1,new_n71,1.0,1.0,1.0,1.0,2,2,1,exact_anchor,1,0,4096,0,e9de3aa1f157ec60,e9de3aa1f157ec60,2,2,2,2,exact anchor SAT sanity check (score 1.000),True,variants/generated_adder_8_original.blif,variants/generated_adder_8_resub.blif
generated_adder_8,resub,new_n72,1,new_n72,1.0,1.0,1.0,1.0,1,1,1,exact_anchor,1,0,4096,0,8375223f65f079ea,8375223f65f079ea,2,2,2,2,exact anchor SAT sanity check (score 1.000),True,variants/generated_adder_8_original.blif,variants/generated_adder_8_resub.blif
generated_adder_8,resub,new_n73,1,new_n73,1.0,1.0,1.0,1.0,11,11,1,exact_anchor,1,0,4096,0,c0aa69062c9674df,c0aa69062c9674df,11,11,2,2,exact anchor SAT sanity check (score 1.000),True,variants/generated_adder_8_original.blif,variants/generated_adder_8_resub.blif
generated_adder_8,resub,new_n74,1,new_n74,1.0,1.0,1.0,1.0,12,12,1,exact_anchor,1,0,4096,0,2d8bc50f3c582210,2d8bc50f3c582210,11,11,2,2,exact anchor SAT sanity check (score 1.000),True,variants/generated_adder_8_original.blif,variants/generated_adder_8_resub.blif
generated_adder_8,resub,new_n75,1,new_n75,1.0,1.0,1.0,1.0,13,13,1,exact_anchor,1,0,4096,0,9930d82cc01f7f27,9930d82cc01f7f27,13,13,2,2,exact anchor SAT sanity check (score 1.000),True,variants/generated_adder_8_original.blif,variants/generated_adder_8_resub.blif
generated_adder_8,resub,new_n76,1,new_n76,1.0,1.0,1.0,1.0,13,13,1,exact_anchor,1,0,4096,0,0932d18a3ffe5ee4,0932d18a3ffe5ee4,13,13,2,2,exact anchor SAT sanity check (score 1.000),True,variants/generated_adder_8_original.blif,variants/generated_adder_8_resub.blif
generated_adder_8,resub,new_n78,1,new_n78,1.0,1.0,1.0,1.0,1,1,1,exact_anchor,1,0,4096,0,100e76dd0ab0b4a6,100e76dd0ab0b4a6,2,2,2,2,exact anchor SAT sanity check (score 1.000),True,variants/generated_adder_8_original.blif,variants/generated_adder_8_resub.blif
generated_adder_8,resub,new_n79,1,new_n79,1.0,1.0,1.0,1.0,1,1,1,exact_anchor,1,0,4096,0,50cccb28da404251,50cccb28da404251,2,2,2,2,exact anchor SAT sanity check (score 1.000),True,variants/generated_adder_8_original.blif,variants/generated_adder_8_resub.blif
generated_adder_8,resub,new_n80,1,new_n80,1.0,1.0,1.0,1.0,2,2,1,exact_anchor,1,0,4096,0,1a5a99689cb7eef3,1a5a99689cb7eef3,2,2,2,2,exact anchor SAT sanity check (score 1.000),True,variants/generated_adder_8_original.blif,variants/generated_adder_8_resub.blif
generated_adder_8,resub,new_n81,1,new_n81,1.0,1.0,1.0,1.0,1,1,1,exact_anchor,1,0,4096,0,08dd5f4b39d37112,08dd5f4b39d37112,2,2,2,2,exact anchor SAT sanity check (score 1.000),True,variants/generated_adder_8_original.blif,variants/generated_adder_8_resub.blif
generated_adder_8,resub,new_n82,1,new_n82,1.0,1.0,1.0,1.0,13,13,1,exact_anchor,1,0,4096,0,b934c961beadce75,b934c961beadce75,13,13,2,2,exact anchor SAT sanity check (score 1.000),True,variants/generated_adder_8_original.blif,variants/generated_adder_8_resub.blif
generated_adder_8,resub,new_n83,1,new_n83,1.0,1.0,1.0,1.0,14,14,1,exact_anchor,1,0,4096,0,fe4439aeff79ee1b,fe4439aeff79ee1b,13,13,2,2,exact anchor SAT sanity check (score 1.000),True,variants/generated_adder_8_original.blif,variants/generated_adder_8_resub.blif
generated_adder_8,resub,new_n84,1,new_n84,1.0,1.0,1.0,1.0,15,15,1,exact_anchor,1,0,4096,0,0f8931cb9556c070,0f8931cb9556c070,15,15,2,2,exact anchor SAT sanity check (score 1.000),True,variants/generated_adder_8_original.blif,variants/generated_adder_8_resub.blif
generated_adder_8,resub,new_n85,1,new_n85,1.0,1.0,1.0,1.0,15,15,1,exact_anchor,1,0,4096,0,26e17ab4f06af04b,26e17ab4f06af04b,15,15,2,2,exact anchor SAT sanity check (score 1.000),True,variants/generated_adder_8_original.blif,variants/generated_adder_8_resub.blif
generated_adder_8,resub,new_n87,1,new_n87,1.0,1.0,1.0,1.0,1,1,1,exact_anchor,1,0,4096,0,bb2ea4e9de38b00c,bb2ea4e9de38b00c,2,2,2,2,exact anchor SAT sanity check (score 1.000),True,variants/generated_adder_8_original.blif,variants/generated_adder_8_resub.blif
generated_adder_8,resub,new_n88,1,new_n88,1.0,1.0,1.0,1.0,1,1,1,exact_anchor,1,0,4096,0,d802b7e4e14bd7ee,d802b7e4e14bd7ee,2,2,2,2,exact anchor SAT sanity check (score 1.000),True,variants/generated_adder_8_original.blif,variants/generated_adder_8_resub.blif
generated_adder_8,resub,new_n89,1,new_n89,1.0,1.0,1.0,1.0,2,2,1,exact_anchor,1,0,4096,0,7b231f610ddfd0ce,7b231f610ddfd0ce,2,2,2,2,exact anchor SAT sanity check (score 1.000),True,variants/generated_adder_8_original.blif,variants/generated_adder_8_resub.blif
generated_adder_8,resub,new_n90,1,new_n90,1.0,1.0,1.0,1.0,1,1,1,exact_anchor,1,0,4096,0,a3e704bdd1a01e51,a3e704bdd1a01e51,2,2,2,2,exact anchor SAT sanity check (score 1.000),True,variants/generated_adder_8_original.blif,variants/generated_adder_8_resub.blif
generated_adder_8,resub,new_n91,1,new_n91,1.0,1.0,1.0,1.0,15,15,1,exact_anchor,1,0,4096,0,a6114d6a0a6e6409,a6114d6a0a6e6409,15,15,2,2,exact anchor SAT sanity check (score 1.000),True,variants/generated_adder_8_original.blif,variants/generated_adder_8_resub.blif
generated_adder_8,resub,new_n92,1,new_n92,1.0,1.0,1.0,1.0,16,16,1,exact_anchor,1,0,4096,0,4cf13578ffa24c89,4cf13578ffa24c89,15,15,2,2,exact anchor SAT sanity check (score 1.000),True,variants/generated_adder_8_original.blif,variants/generated_adder_8_resub.blif
generated_adder_8,resub,new_n93,1,new_n93,1.0,1.0,1.0,1.0,17,17,1,exact_anchor,1,0,4096,0,19528150ba8f5c2b,19528150ba8f5c2b,17,17,2,2,exact anchor SAT sanity check (score 1.000),True,variants/generated_adder_8_original.blif,variants/generated_adder_8_resub.blif
generated_adder_8,resub,new_n94,1,new_n94,1.0,1.0,1.0,1.0,17,17,1,exact_anchor,1,0,4096,0,39374566a17bd408,39374566a17bd408,17,17,2,2,exact anchor SAT sanity check (score 1.000),True,variants/generated_adder_8_original.blif,variants/generated_adder_8_resub.blif
generated_adder_8,resub,new_n96,1,new_n96,1.0,1.0,1.0,1.0,1,1,1,exact_anchor,1,0,4096,0,d56f0b18c9de1b08,d56f0b18c9de1b08,2,2,2,2,exact anchor SAT sanity check (score 1.000),True,variants/generated_adder_8_original.blif,variants/generated_adder_8_resub.blif
generated_adder_8,resub,new_n97,1,new_n97,1.0,1.0,1.0,1.0,17,17,1,exact_anchor,1,0,4096,0,0656c3b8a6f6bcea,0656c3b8a6f6bcea,17,17,2,2,exact anchor SAT sanity check (score 1.000),True,variants/generated_adder_8_original.blif,variants/generated_adder_8_resub.blif
generated_adder_8,resyn,new_n27,1,new_n27,1.0,1.0,1.0,1.0,1,1,1,exact_anchor,1,0,4096,0,329b0d5f16407ff7,329b0d5f16407ff7,2,2,2,2,exact anchor SAT sanity check (score 1.000),True,variants/generated_adder_8_original.blif,variants/generated_adder_8_resyn.blif
generated_adder_8,resyn,new_n28,1,new_n28,1.0,1.0,1.0,1.0,1,1,1,exact_anchor,1,0,4096,0,f8b72c4f79d0fa91,f8b72c4f79d0fa91,2,2,2,2,exact anchor SAT sanity check (score 1.000),True,variants/generated_adder_8_original.blif,variants/generated_adder_8_resyn.blif
generated_adder_8,resyn,new_n29,1,new_n29,1.0,1.0,1.0,1.0,2,2,1,exact_anchor,1,0,4096,0,30ccbc0c4429386a,30ccbc0c4429386a,2,2,2,2,exact anchor SAT sanity check (score 1.000),True,variants/generated_adder_8_original.blif,variants/generated_adder_8_resyn.blif
generated_adder_8,resyn,new_n30,1,new_n30,1.0,1.0,1.0,1.0,3,3,1,exact_anchor,1,0,4096,0,3f24c9479a8a5825,3f24c9479a8a5825,3,3,2,2,exact anchor SAT sanity check (score 1.000),True,variants/generated_adder_8_original.blif,variants/generated_adder_8_resyn.blif
generated_adder_8,resyn,new_n31,1,new_n31,1.0,1.0,1.0,1.0,3,3,1,exact_anchor,1,0,4096,0,c16061d5581b3c62,c16061d5581b3c62,3,3,2,2,exact anchor SAT sanity check (score 1.000),True,variants/generated_adder_8_original.blif,variants/generated_adder_8_resyn.blif
generated_adder_8,resyn,new_n33,1,new_n33,1.0,1.0,1.0,1.0,1,1,1,exact_anchor,1,0,4096,0,6090d43cf8a0206a,6090d43cf8a0206a,2,2,2,2,exact anchor SAT sanity check (score 1.000),True,variants/generated_adder_8_original.blif,variants/generated_adder_8_resyn.blif
generated_adder_8,resyn,new_n34,1,new_n34,1.0,1.0,1.0,1.0,1,1,1,exact_anchor,1,0,4096,0,e5d1a44a137b07c0,e5d1a44a137b07c0,2,2,2,2,exact anchor SAT sanity check (score 1.000),True,variants/generated_adder_8_original.blif,variants/generated_adder_8_resyn.blif
generated_adder_8,resyn,new_n35,1,new_n35,1.0,1.0,1.0,1.0,2,2,1,exact_anchor,1,0,4096,0,abde7f62519c62f5,abde7f62519c62f5,2,2,2,2,exact anchor SAT sanity check (score 1.000),True,variants/generated_adder_8_original.blif,variants/generated_adder_8_resyn.blif
generated_adder_8,resyn,new_n36,1,new_n36,1.0,1.0,1.0,1.0,1,1,1,exact_anchor,1,0,4096,0,068039086de726da,068039086de726da,2,2,2,2,exact anchor SAT sanity check (score 1.000),True,variants/generated_adder_8_original.blif,variants/generated_adder_8_resyn.blif
generated_adder_8,resyn,new_n37,1,new_n37,1.0,1.0,1.0,1.0,3,3,1,exact_anchor,1,0,4096,0,c557c12105e7e578,c557c12105e7e578,3,3,2,2,exact anchor SAT sanity check (score 1.000),True,variants/generated_adder_8_original.blif,variants/generated_adder_8_resyn.blif
generated_adder_8,resyn,new_n38,1,new_n38,1.0,1.0,1.0,1.0,4,4,1,exact_anchor,1,0,4096,0,fb962c3a2ca7512d,fb962c3a2ca7512d,3,3,2,2,exact anchor SAT sanity check (score 1.000),True,variants/generated_adder_8_original.blif,variants/generated_adder_8_resyn.blif
generated_adder_8,resyn,new_n39,1,new_n46,1.0,1.0,1.0,1.0,5,5,1,exact_anchor,1,0,4096,0,a86d826902a6fa31,a86d826902a6fa31,5,5,2,2,exact anchor SAT sanity check (score 1.000),True,variants/generated_adder_8_original.blif,variants/generated_adder_8_resyn.blif
generated_adder_8,resyn,new_n42,1,new_n42,1.0,1.0,1.0,1.0,1,1,1,exact_anchor,1,0,4096,0,91982715dc0b1ecb,91982715dc0b1ecb,2,2,2,2,exact anchor SAT sanity check (score 1.000),True,variants/generated_adder_8_original.blif,variants/generated_adder_8_resyn.blif
generated_adder_8,resyn,new_n43,1,new_n43,1.0,1.0,1.0,1.0,1,1,1,exact_anchor,1,0,4096,0,dccd57b67d60d306,dccd57b67d60d306,2,2,2,2,exact anchor SAT sanity check (score 1.000),True,variants/generated_adder_8_original.blif,variants/generated_adder_8_resyn.blif
generated_adder_8,resyn,new_n44,1,new_n44,1.0,1.0,1.0,1.0,2,2,1,exact_anchor,1,0,4096,0,1b779ceededa4b89,1b779ceededa4b89,2,2,2,2,exact anchor SAT sanity check (score 1.000),True,variants/generated_adder_8_original.blif,variants/generated_adder_8_resyn.blif
generated_adder_8,resyn,new_n45,1,new_n45,1.0,1.0,1.0,1.0,1,1,1,exact_anchor,1,0,4096,0,096f49e484f2b647,096f49e484f2b647,2,2,2,2,exact anchor SAT sanity check (score 1.000),True,variants/generated_adder_8_original.blif,variants/generated_adder_8_resyn.blif
generated_adder_8,resyn,new_n46,1,new_n47,1.0,1.0,1.0,1.0,6,6,1,exact_anchor,1,0,4096,0,0b6b372ab2e2923d,0b6b372ab2e2923d,5,5,2,2,exact anchor SAT sanity check (score 1.000),True,variants/generated_adder_8_original.blif,variants/generated_adder_8_resyn.blif
generated_adder_8,resyn,new_n47,1,new_n55,1.0,1.0,1.0,1.0,7,7,1,exact_anchor,1,0,4096,0,3beec2ffff4cdf7c,3beec2ffff4cdf7c,7,7,2,2,exact anchor SAT sanity check (score 1.000),True,variants/generated_adder_8_original.blif,variants/generated_adder_8_resyn.blif
generated_adder_8,resyn,new_n50,1,new_n51,1.0,1.0,1.0,1.0,1,1,1,exact_anchor,1,0,4096,0,9c55a589f1a68b5d,9c55a589f1a68b5d,2,2,2,2,exact anchor SAT sanity check (score 1.000),True,variants/generated_adder_8_original.blif,variants/generated_adder_8_resyn.blif
generated_adder_8,resyn,new_n51,1,new_n52,1.0,1.0,1.0,1.0,1,1,1,exact_anchor,1,0,4096,0,6842687339ea4589,6842687339ea4589,2,2,2,2,exact anchor SAT sanity check (score 1.000),True,variants/generated_adder_8_original.blif,variants/generated_adder_8_resyn.blif
generated_adder_8,resyn,new_n52,1,new_n53,1.0,1.0,1.0,1.0,2,2,1,exact_anchor,1,0,4096,0,a19339cf452f605f,a19339cf452f605f,2,2,2,2,exact anchor SAT sanity check (score 1.000),True,variants/generated_adder_8_original.blif,variants/generated_adder_8_resyn.blif
generated_adder_8,resyn,new_n53,1,new_n54,1.0,1.0,1.0,1.0,1,1,1,exact_anchor,1,0,4096,0,2f817a70dbcb6d42,2f817a70dbcb6d42,2,2,2,2,exact anchor SAT sanity check (score 1.000),True,variants/generated_adder_8_original.blif,variants/generated_adder_8_resyn.blif
generated_adder_8,resyn,new_n54,1,new_n56,1.0,1.0,1.0,1.0,8,8,1,exact_anchor,1,0,4096,0,24bd6166297c6c6c,24bd6166297c6c6c,7,7,2,2,exact anchor SAT sanity check (score 1.000),True,variants/generated_adder_8_original.blif,variants/generated_adder_8_resyn.blif
generated_adder_8,resyn,new_n55,1,new_n64,1.0,1.0,1.0,1.0,9,9,1,exact_anchor,1,0,4096,0,9d8720a5bc0a6385,9d8720a5bc0a6385,9,9,2,2,exact anchor SAT sanity check (score 1.000),True,variants/generated_adder_8_original.blif,variants/generated_adder_8_resyn.blif
generated_adder_8,resyn,new_n58,1,new_n60,1.0,1.0,1.0,1.0,1,1,1,exact_anchor,1,0,4096,0,a8f09791a649b80b,a8f09791a649b80b,2,2,2,2,exact anchor SAT sanity check (score 1.000),True,variants/generated_adder_8_original.blif,variants/generated_adder_8_resyn.blif
generated_adder_8,resyn,new_n59,1,new_n61,1.0,1.0,1.0,1.0,1,1,1,exact_anchor,1,0,4096,0,9d2faf22bfdc6c1a,9d2faf22bfdc6c1a,2,2,2,2,exact anchor SAT sanity check (score 1.000),True,variants/generated_adder_8_original.blif,variants/generated_adder_8_resyn.blif
generated_adder_8,resyn,new_n60,1,new_n62,1.0,1.0,1.0,1.0,2,2,1,exact_anchor,1,0,4096,0,681f8b7aed223f81,681f8b7aed223f81,2,2,2,2,exact anchor SAT sanity check (score 1.000),True,variants/generated_adder_8_original.blif,variants/generated_adder_8_resyn.blif
generated_adder_8,resyn,new_n61,1,new_n63,1.0,1.0,1.0,1.0,1,1,1,exact_anchor,1,0,4096,0,df02f960cd8a45ac,df02f960cd8a45ac,2,2,2,2,exact anchor SAT sanity check (score 1.000),True,variants/generated_adder_8_original.blif,variants/generated_adder_8_resyn.blif
generated_adder_8,resyn,new_n62,1,new_n65,1.0,1.0,1.0,1.0,10,10,1,exact_anchor,1,0,4096,0,33464ff440b41132,33464ff440b41132,9,9,2,2,exact anchor SAT sanity check (score 1.000),True,variants/generated_adder_8_original.blif,variants/generated_adder_8_resyn.blif
generated_adder_8,resyn,new_n63,1,new_n73,1.0,1.0,1.0,1.0,11,11,1,exact_anchor,1,0,4096,0,c0aa69062c9674df,c0aa69062c9674df,11,11,2,2,exact anchor SAT sanity check (score 1.000),True,variants/generated_adder_8_original.blif,variants/generated_adder_8_resyn.blif
generated_adder_8,resyn,new_n66,1,new_n69,1.0,1.0,1.0,1.0,1,1,1,exact_anchor,1,0,4096,0,d2a798e2c0a7579a,d2a798e2c0a7579a,2,2,2,2,exact anchor SAT sanity check (score 1.000),True,variants/generated_adder_8_original.blif,variants/generated_adder_8_resyn.blif
generated_adder_8,resyn,new_n67,1,new_n70,1.0,1.0,1.0,1.0,1,1,1,exact_anchor,1,0,4096,0,9e700ff4ad41b697,9e700ff4ad41b697,2,2,2,2,exact anchor SAT sanity check (score 1.000),True,variants/generated_adder_8_original.blif,variants/generated_adder_8_resyn.blif
generated_adder_8,resyn,new_n68,1,new_n71,1.0,1.0,1.0,1.0,2,2,1,exact_anchor,1,0,4096,0,e9de3aa1f157ec60,e9de3aa1f157ec60,2,2,2,2,exact anchor SAT sanity check (score 1.000),True,variants/generated_adder_8_original.blif,variants/generated_adder_8_resyn.blif
generated_adder_8,resyn,new_n69,1,new_n72,1.0,1.0,1.0,1.0,1,1,1,exact_anchor,1,0,4096,0,8375223f65f079ea,8375223f65f079ea,2,2,2,2,exact anchor SAT sanity check (score 1.000),True,variants/generated_adder_8_original.blif,variants/generated_adder_8_resyn.blif
generated_adder_8,resyn,new_n70,1,new_n74,1.0,1.0,1.0,1.0,12,12,1,exact_anchor,1,0,4096,0,2d8bc50f3c582210,2d8bc50f3c582210,11,11,2,2,exact anchor SAT sanity check (score 1.000),True,variants/generated_adder_8_original.blif,variants/generated_adder_8_resyn.blif
generated_adder_8,resyn,new_n71,1,new_n82,1.0,1.0,1.0,1.0,13,13,1,exact_anchor,1,0,4096,0,b934c961beadce75,b934c961beadce75,13,13,2,2,exact anchor SAT sanity check (score 1.000),True,variants/generated_adder_8_original.blif,variants/generated_adder_8_resyn.blif
generated_adder_8,resyn,new_n74,1,new_n78,1.0,1.0,1.0,1.0,1,1,1,exact_anchor,1,0,4096,0,100e76dd0ab0b4a6,100e76dd0ab0b4a6,2,2,2,2,exact anchor SAT sanity check (score 1.000),True,variants/generated_adder_8_original.blif,variants/generated_adder_8_resyn.blif
generated_adder_8,resyn,new_n75,1,new_n79,1.0,1.0,1.0,1.0,1,1,1,exact_anchor,1,0,4096,0,50cccb28da404251,50cccb28da404251,2,2,2,2,exact anchor SAT sanity check (score 1.000),True,variants/generated_adder_8_original.blif,variants/generated_adder_8_resyn.blif
generated_adder_8,resyn,new_n76,1,new_n80,1.0,1.0,1.0,1.0,2,2,1,exact_anchor,1,0,4096,0,1a5a99689cb7eef3,1a5a99689cb7eef3,2,2,2,2,exact anchor SAT sanity check (score 1.000),True,variants/generated_adder_8_original.blif,variants/generated_adder_8_resyn.blif
generated_adder_8,resyn,new_n77,1,new_n81,1.0,1.0,1.0,1.0,1,1,1,exact_anchor,1,0,4096,0,08dd5f4b39d37112,08dd5f4b39d37112,2,2,2,2,exact anchor SAT sanity check (score 1.000),True,variants/generated_adder_8_original.blif,variants/generated_adder_8_resyn.blif
generated_adder_8,resyn,new_n78,1,new_n83,1.0,1.0,1.0,1.0,14,14,1,exact_anchor,1,0,4096,0,fe4439aeff79ee1b,fe4439aeff79ee1b,13,13,2,2,exact anchor SAT sanity check (score 1.000),True,variants/generated_adder_8_original.blif,variants/generated_adder_8_resyn.blif
generated_adder_8,resyn,new_n79,1,new_n91,1.0,1.0,1.0,1.0,15,15,1,exact_anchor,1,0,4096,0,a6114d6a0a6e6409,a6114d6a0a6e6409,15,15,2,2,exact anchor SAT sanity check (score 1.000),True,variants/generated_adder_8_original.blif,variants/generated_adder_8_resyn.blif
generated_adder_8,resyn,new_n82,1,new_n87,1.0,1.0,1.0,1.0,1,1,1,exact_anchor,1,0,4096,0,bb2ea4e9de38b00c,bb2ea4e9de38b00c,2,2,2,2,exact anchor SAT sanity check (score 1.000),True,variants/generated_adder_8_original.blif,variants/generated_adder_8_resyn.blif
generated_adder_8,resyn,new_n83,1,new_n88,1.0,1.0,1.0,1.0,1,1,1,exact_anchor,1,0,4096,0,d802b7e4e14bd7ee,d802b7e4e14bd7ee,2,2,2,2,exact anchor SAT sanity check (score 1.000),True,variants/generated_adder_8_original.blif,variants/generated_adder_8_resyn.blif
generated_adder_8,resyn,new_n84,1,new_n89,1.0,1.0,1.0,1.0,2,2,1,exact_anchor,1,0,4096,0,7b231f610ddfd0ce,7b231f610ddfd0ce,2,2,2,2,exact anchor SAT sanity check (score 1.000),True,variants/generated_adder_8_original.blif,variants/generated_adder_8_resyn.blif
generated_adder_8,resyn,new_n85,1,new_n90,1.0,1.0,1.0,1.0,1,1,1,exact_anchor,1,0,4096,0,a3e704bdd1a01e51,a3e704bdd1a01e51,2,2,2,2,exact anchor SAT sanity check (score 1.000),True,variants/generated_adder_8_original.blif,variants/generated_adder_8_resyn.blif
generated_adder_8,resyn,new_n86,1,new_n92,1.0,1.0,1.0,1.0,16,16,1,exact_anchor,1,0,4096,0,4cf13578ffa24c89,4cf13578ffa24c89,15,15,2,2,exact anchor SAT sanity check (score 1.000),True,variants/generated_adder_8_original.blif,variants/generated_adder_8_resyn.blif
generated_adder_8,resyn,new_n87,1,new_n97,1.0,1.0,1.0,1.0,17,17,1,exact_anchor,1,0,4096,0,0656c3b8a6f6bcea,0656c3b8a6f6bcea,17,17,2,2,exact anchor SAT sanity check (score 1.000),True,variants/generated_adder_8_original.blif,variants/generated_adder_8_resyn.blif
generated_adder_8,resyn,new_n90,1,new_n96,1.0,1.0,1.0,1.0,1,1,1,exact_anchor,1,0,4096,0,d56f0b18c9de1b08,d56f0b18c9de1b08,2,2,2,2,exact anchor SAT sanity check (score 1.000),True,variants/generated_adder_8_original.blif,variants/generated_adder_8_resyn.blif
generated_adder_8,resyn2,new_n27,1,new_n36,1.0,1.0,1.0,1.0,1,1,1,exact_anchor,1,0,4096,0,068039086de726da,068039086de726da,2,2,2,2,exact anchor SAT sanity check (score 1.000),True,variants/generated_adder_8_original.blif,variants/generated_adder_8_resyn2.blif
generated_adder_8,resyn2,new_n30,1,new_n37,1.0,1.0,1.0,1.0,3,3,1,exact_anchor,1,0,4096,0,c557c12105e7e578,c557c12105e7e578,3,3,2,2,exact anchor SAT sanity check (score 1.000),True,variants/generated_adder_8_original.blif,variants/generated_adder_8_resyn2.blif
generated_adder_8,resyn2,new_n33,1,new_n38,1.0,1.0,1.0,1.0,4,4,1,exact_anchor,1,0,4096,0,fb962c3a2ca7512d,fb962c3a2ca7512d,3,3,2,2,exact anchor SAT sanity check (score 1.000),True,variants/generated_adder_8_original.blif,variants/generated_adder_8_resyn2.blif
generated_adder_8,resyn2,new_n34,1,new_n45,1.0,1.0,1.0,1.0,1,1,1,exact_anchor,1,0,4096,0,096f49e484f2b647,096f49e484f2b647,2,2,2,2,exact anchor SAT sanity check (score 1.000),True,variants/generated_adder_8_original.blif,variants/generated_adder_8_resyn2.blif
generated_adder_8,resyn2,new_n37,1,new_n46,1.0,1.0,1.0,1.0,5,5,1,exact_anchor,1,0,4096,0,a86d826902a6fa31,a86d826902a6fa31,5,5,2,2,exact anchor SAT sanity check (score 1.000),True,variants/generated_adder_8_original.blif,variants/generated_adder_8_resyn2.blif
generated_adder_8,resyn2,new_n40,1,new_n47,1.0,1.0,1.0,1.0,6,6,1,exact_anchor,1,0,4096,0,0b6b372ab2e2923d,0b6b372ab2e2923d,5,5,2,2,exact anchor SAT sanity check (score 1.000),True,variants/generated_adder_8_original.blif,variants/generated_adder_8_resyn2.blif
generated_adder_8,resyn2,new_n41,1,new_n54,1.0,1.0,1.0,1.0,1,1,1,exact_anchor,1,0,4096,0,2f817a70dbcb6d42,2f817a70dbcb6d42,2,2,2,2,exact anchor SAT sanity check (score 1.000),True,variants/generated_adder_8_original.blif,variants/generated_adder_8_resyn2.blif
generated_adder_8,resyn2,new_n44,1,new_n55,1.0,1.0,1.0,1.0,7,7,1,exact_anchor,1,0,4096,0,3beec2ffff4cdf7c,3beec2ffff4cdf7c,7,7,2,2,exact anchor SAT sanity check (score 1.000),True,variants/generated_adder_8_original.blif,variants/generated_adder_8_resyn2.blif
generated_adder_8,resyn2,new_n47,1,new_n56,1.0,1.0,1.0,1.0,8,8,1,exact_anchor,1,0,4096,0,24bd6166297c6c6c,24bd6166297c6c6c,7,7,2,2,exact anchor SAT sanity check (score 1.000),True,variants/generated_adder_8_original.blif,variants/generated_adder_8_resyn2.blif
generated_adder_8,resyn2,new_n48,1,new_n63,1.0,1.0,1.0,1.0,1,1,1,exact_anchor,1,0,4096,0,df02f960cd8a45ac,df02f960cd8a45ac,2,2,2,2,exact anchor SAT sanity check (score 1.000),True,variants/generated_adder_8_original.blif,variants/generated_adder_8_resyn2.blif
generated_adder_8,resyn2,new_n51,1,new_n64,1.0,1.0,1.0,1.0,9,9,1,exact_anchor,1,0,4096,0,9d8720a5bc0a6385,9d8720a5bc0a6385,9,9,2,2,exact anchor SAT sanity check (score 1.000),True,variants/generated_adder_8_original.blif,variants/generated_adder_8_resyn2.blif
generated_adder_8,resyn2,new_n54,1,new_n65,1.0,1.0,1.0,1.0,10,10,1,exact_anchor,1,0,4096,0,33464ff440b41132,33464ff440b41132,9,9,2,2,exact anchor SAT sanity check (score 1.000),True,variants/generated_adder_8_original.blif,variants/generated_adder_8_resyn2.blif
generated_adder_8,resyn2,new_n55,1,new_n72,1.0,1.0,1.0,1.0,1,1,1,exact_anchor,1,0,4096,0,8375223f65f079ea,8375223f65f079ea,2,2,2,2,exact anchor SAT sanity check (score 1.000),True,variants/generated_adder_8_original.blif,variants/generated_adder_8_resyn2.blif
generated_adder_8,resyn2,new_n58,1,new_n73,1.0,1.0,1.0,1.0,11,11,1,exact_anchor,1,0,4096,0,c0aa69062c9674df,c0aa69062c9674df,11,11,2,2,exact anchor SAT sanity check (score 1.000),True,variants/generated_adder_8_original.blif,variants/generated_adder_8_resyn2.blif
generated_adder_8,resyn2,new_n61,1,new_n74,1.0,1.0,1.0,1.0,12,12,1,exact_anchor,1,0,4096,0,2d8bc50f3c582210,2d8bc50f3c582210,11,11,2,2,exact anchor SAT sanity check (score 1.000),True,variants/generated_adder_8_original.blif,variants/generated_adder_8_resyn2.blif
generated_adder_8,resyn2,new_n62,1,new_n81,1.0,1.0,1.0,1.0,1,1,1,exact_anchor,1,0,4096,0,08dd5f4b39d37112,08dd5f4b39d37112,2,2,2,2,exact anchor SAT sanity check (score 1.000),True,variants/generated_adder_8_original.blif,variants/generated_adder_8_resyn2.blif
generated_adder_8,resyn2,new_n65,1,new_n82,1.0,1.0,1.0,1.0,13,13,1,exact_anchor,1,0,4096,0,b934c961beadce75,b934c961beadce75,13,13,2,2,exact anchor SAT sanity check (score 1.000),True,variants/generated_adder_8_original.blif,variants/generated_adder_8_resyn2.blif
generated_adder_8,resyn2,new_n68,1,new_n83,1.0,1.0,1.0,1.0,14,14,1,exact_anchor,1,0,4096,0,fe4439aeff79ee1b,fe4439aeff79ee1b,13,13,2,2,exact anchor SAT sanity check (score 1.000),True,variants/generated_adder_8_original.blif,variants/generated_adder_8_resyn2.blif
generated_adder_8,resyn2,new_n69,1,new_n90,1.0,1.0,1.0,1.0,1,1,1,exact_anchor,1,0,4096,0,a3e704bdd1a01e51,a3e704bdd1a01e51,2,2,2,2,exact anchor SAT sanity check (score 1.000),True,variants/generated_adder_8_original.blif,variants/generated_adder_8_resyn2.blif
generated_adder_8,resyn2,new_n72,1,new_n91,1.0,1.0,1.0,1.0,15,15,1,exact_anchor,1,0,4096,0,a6114d6a0a6e6409,a6114d6a0a6e6409,15,15,2,2,exact anchor SAT sanity check (score 1.000),True,variants/generated_adder_8_original.blif,variants/generated_adder_8_resyn2.blif
generated_adder_8,resyn2,new_n75,1,new_n92,1.0,1.0,1.0,1.0,16,16,1,exact_anchor,1,0,4096,0,4cf13578ffa24c89,4cf13578ffa24c89,15,15,2,2,exact anchor SAT sanity check (score 1.000),True,variants/generated_adder_8_original.blif,variants/generated_adder_8_resyn2.blif
generated_adder_8,resyn2,new_n76,1,new_n96,1.0,1.0,1.0,1.0,1,1,1,exact_anchor,1,0,4096,0,d56f0b18c9de1b08,d56f0b18c9de1b08,2,2,2,2,exact anchor SAT sanity check (score 1.000),True,variants/generated_adder_8_original.blif,variants/generated_adder_8_resyn2.blif
generated_adder_8,resyn2,new_n79,1,new_n97,1.0,1.0,1.0,1.0,17,17,1,exact_anchor,1,0,4096,0,0656c3b8a6f6bcea,0656c3b8a6f6bcea,17,17,2,2,exact anchor SAT sanity check (score 1.000),True,variants/generated_adder_8_original.blif,variants/generated_adder_8_resyn2.blif
generated_adder_8,resyn2_like,new_n27,1,new_n36,1.0,1.0,1.0,1.0,1,1,1,exact_anchor,1,0,4096,0,068039086de726da,068039086de726da,2,2,2,2,exact anchor SAT sanity check (score 1.000),True,variants/generated_adder_8_original.blif,variants/generated_adder_8_resyn2_like.blif
generated_adder_8,resyn2_like,new_n30,1,new_n37,1.0,1.0,1.0,1.0,3,3,1,exact_anchor,1,0,4096,0,c557c12105e7e578,c557c12105e7e578,3,3,2,2,exact anchor SAT sanity check (score 1.000),True,variants/generated_adder_8_original.blif,variants/generated_adder_8_resyn2_like.blif
generated_adder_8,resyn2_like,new_n33,1,new_n38,1.0,1.0,1.0,1.0,4,4,1,exact_anchor,1,0,4096,0,fb962c3a2ca7512d,fb962c3a2ca7512d,3,3,2,2,exact anchor SAT sanity check (score 1.000),True,variants/generated_adder_8_original.blif,variants/generated_adder_8_resyn2_like.blif
generated_adder_8,resyn2_like,new_n34,1,new_n45,1.0,1.0,1.0,1.0,1,1,1,exact_anchor,1,0,4096,0,096f49e484f2b647,096f49e484f2b647,2,2,2,2,exact anchor SAT sanity check (score 1.000),True,variants/generated_adder_8_original.blif,variants/generated_adder_8_resyn2_like.blif
generated_adder_8,resyn2_like,new_n37,1,new_n46,1.0,1.0,1.0,1.0,5,5,1,exact_anchor,1,0,4096,0,a86d826902a6fa31,a86d826902a6fa31,5,5,2,2,exact anchor SAT sanity check (score 1.000),True,variants/generated_adder_8_original.blif,variants/generated_adder_8_resyn2_like.blif
generated_adder_8,resyn2_like,new_n40,1,new_n47,1.0,1.0,1.0,1.0,6,6,1,exact_anchor,1,0,4096,0,0b6b372ab2e2923d,0b6b372ab2e2923d,5,5,2,2,exact anchor SAT sanity check (score 1.000),True,variants/generated_adder_8_original.blif,variants/generated_adder_8_resyn2_like.blif
generated_adder_8,resyn2_like,new_n41,1,new_n54,1.0,1.0,1.0,1.0,1,1,1,exact_anchor,1,0,4096,0,2f817a70dbcb6d42,2f817a70dbcb6d42,2,2,2,2,exact anchor SAT sanity check (score 1.000),True,variants/generated_adder_8_original.blif,variants/generated_adder_8_resyn2_like.blif
generated_adder_8,resyn2_like,new_n44,1,new_n55,1.0,1.0,1.0,1.0,7,7,1,exact_anchor,1,0,4096,0,3beec2ffff4cdf7c,3beec2ffff4cdf7c,7,7,2,2,exact anchor SAT sanity check (score 1.000),True,variants/generated_adder_8_original.blif,variants/generated_adder_8_resyn2_like.blif
generated_adder_8,resyn2_like,new_n47,1,new_n56,1.0,1.0,1.0,1.0,8,8,1,exact_anchor,1,0,4096,0,24bd6166297c6c6c,24bd6166297c6c6c,7,7,2,2,exact anchor SAT sanity check (score 1.000),True,variants/generated_adder_8_original.blif,variants/generated_adder_8_resyn2_like.blif
generated_adder_8,resyn2_like,new_n48,1,new_n63,1.0,1.0,1.0,1.0,1,1,1,exact_anchor,1,0,4096,0,df02f960cd8a45ac,df02f960cd8a45ac,2,2,2,2,exact anchor SAT sanity check (score 1.000),True,variants/generated_adder_8_original.blif,variants/generated_adder_8_resyn2_like.blif
generated_adder_8,resyn2_like,new_n51,1,new_n64,1.0,1.0,1.0,1.0,9,9,1,exact_anchor,1,0,4096,0,9d8720a5bc0a6385,9d8720a5bc0a6385,9,9,2,2,exact anchor SAT sanity check (score 1.000),True,variants/generated_adder_8_original.blif,variants/generated_adder_8_resyn2_like.blif
generated_adder_8,resyn2_like,new_n54,1,new_n65,1.0,1.0,1.0,1.0,10,10,1,exact_anchor,1,0,4096,0,33464ff440b41132,33464ff440b41132,9,9,2,2,exact anchor SAT sanity check (score 1.000),True,variants/generated_adder_8_original.blif,variants/generated_adder_8_resyn2_like.blif
generated_adder_8,resyn2_like,new_n55,1,new_n72,1.0,1.0,1.0,1.0,1,1,1,exact_anchor,1,0,4096,0,8375223f65f079ea,8375223f65f079ea,2,2,2,2,exact anchor SAT sanity check (score 1.000),True,variants/generated_adder_8_original.blif,variants/generated_adder_8_resyn2_like.blif
generated_adder_8,resyn2_like,new_n58,1,new_n73,1.0,1.0,1.0,1.0,11,11,1,exact_anchor,1,0,4096,0,c0aa69062c9674df,c0aa69062c9674df,11,11,2,2,exact anchor SAT sanity check (score 1.000),True,variants/generated_adder_8_original.blif,variants/generated_adder_8_resyn2_like.blif
generated_adder_8,resyn2_like,new_n61,1,new_n74,1.0,1.0,1.0,1.0,12,12,1,exact_anchor,1,0,4096,0,2d8bc50f3c582210,2d8bc50f3c582210,11,11,2,2,exact anchor SAT sanity check (score 1.000),True,variants/generated_adder_8_original.blif,variants/generated_adder_8_resyn2_like.blif
generated_adder_8,resyn2_like,new_n62,1,new_n81,1.0,1.0,1.0,1.0,1,1,1,exact_anchor,1,0,4096,0,08dd5f4b39d37112,08dd5f4b39d37112,2,2,2,2,exact anchor SAT sanity check (score 1.000),True,variants/generated_adder_8_original.blif,variants/generated_adder_8_resyn2_like.blif
generated_adder_8,resyn2_like,new_n65,1,new_n82,1.0,1.0,1.0,1.0,13,13,1,exact_anchor,1,0,4096,0,b934c961beadce75,b934c961beadce75,13,13,2,2,exact anchor SAT sanity check (score 1.000),True,variants/generated_adder_8_original.blif,variants/generated_adder_8_resyn2_like.blif
generated_adder_8,resyn2_like,new_n68,1,new_n83,1.0,1.0,1.0,1.0,14,14,1,exact_anchor,1,0,4096,0,fe4439aeff79ee1b,fe4439aeff79ee1b,13,13,2,2,exact anchor SAT sanity check (score 1.000),True,variants/generated_adder_8_original.blif,variants/generated_adder_8_resyn2_like.blif
generated_adder_8,resyn2_like,new_n69,1,new_n90,1.0,1.0,1.0,1.0,1,1,1,exact_anchor,1,0,4096,0,a3e704bdd1a01e51,a3e704bdd1a01e51,2,2,2,2,exact anchor SAT sanity check (score 1.000),True,variants/generated_adder_8_original.blif,variants/generated_adder_8_resyn2_like.blif
generated_adder_8,resyn2_like,new_n72,1,new_n91,1.0,1.0,1.0,1.0,15,15,1,exact_anchor,1,0,4096,0,a6114d6a0a6e6409,a6114d6a0a6e6409,15,15,2,2,exact anchor SAT sanity check (score 1.000),True,variants/generated_adder_8_original.blif,variants/generated_adder_8_resyn2_like.blif
generated_adder_8,resyn2_like,new_n75,1,new_n92,1.0,1.0,1.0,1.0,16,16,1,exact_anchor,1,0,4096,0,4cf13578ffa24c89,4cf13578ffa24c89,15,15,2,2,exact anchor SAT sanity check (score 1.000),True,variants/generated_adder_8_original.blif,variants/generated_adder_8_resyn2_like.blif
generated_adder_8,resyn2_like,new_n76,1,new_n96,1.0,1.0,1.0,1.0,1,1,1,exact_anchor,1,0,4096,0,d56f0b18c9de1b08,d56f0b18c9de1b08,2,2,2,2,exact anchor SAT sanity check (score 1.000),True,variants/generated_adder_8_original.blif,variants/generated_adder_8_resyn2_like.blif
generated_adder_8,resyn2_like,new_n79,1,new_n97,1.0,1.0,1.0,1.0,17,17,1,exact_anchor,1,0,4096,0,0656c3b8a6f6bcea,0656c3b8a6f6bcea,17,17,2,2,exact anchor SAT sanity check (score 1.000),True,variants/generated_adder_8_original.blif,variants/generated_adder_8_resyn2_like.blif
generated_adder_8,rewrite,new_n27,1,new_n27,1.0,1.0,1.0,1.0,1,1,1,exact_anchor,1,0,4096,0,329b0d5f16407ff7,329b0d5f16407ff7,2,2,2,2,exact anchor SAT sanity check (score 1.000),True,variants/generated_adder_8_original.blif,variants/generated_adder_8_rewrite.blif
generated_adder_8,rewrite,new_n28,1,new_n28,1.0,1.0,1.0,1.0,1,1,1,exact_anchor,1,0,4096,0,f8b72c4f79d0fa91,f8b72c4f79d0fa91,2,2,2,2,exact anchor SAT sanity check (score 1.000),True,variants/generated_adder_8_original.blif,variants/generated_adder_8_rewrite.blif
generated_adder_8,rewrite,new_n29,1,new_n29,1.0,1.0,1.0,1.0,2,2,1,exact_anchor,1,0,4096,0,30ccbc0c4429386a,30ccbc0c4429386a,2,2,2,2,exact anchor SAT sanity check (score 1.000),True,variants/generated_adder_8_original.blif,variants/generated_adder_8_rewrite.blif
generated_adder_8,rewrite,new_n30,1,new_n30,1.0,1.0,1.0,1.0,3,3,1,exact_anchor,1,0,4096,0,3f24c9479a8a5825,3f24c9479a8a5825,3,3,2,2,exact anchor SAT sanity check (score 1.000),True,variants/generated_adder_8_original.blif,variants/generated_adder_8_rewrite.blif
generated_adder_8,rewrite,new_n31,1,new_n31,1.0,1.0,1.0,1.0,3,3,1,exact_anchor,1,0,4096,0,c16061d5581b3c62,c16061d5581b3c62,3,3,2,2,exact anchor SAT sanity check (score 1.000),True,variants/generated_adder_8_original.blif,variants/generated_adder_8_rewrite.blif
generated_adder_8,rewrite,new_n33,1,new_n33,1.0,1.0,1.0,1.0,1,1,1,exact_anchor,1,0,4096,0,6090d43cf8a0206a,6090d43cf8a0206a,2,2,2,2,exact anchor SAT sanity check (score 1.000),True,variants/generated_adder_8_original.blif,variants/generated_adder_8_rewrite.blif
generated_adder_8,rewrite,new_n34,1,new_n34,1.0,1.0,1.0,1.0,1,1,1,exact_anchor,1,0,4096,0,e5d1a44a137b07c0,e5d1a44a137b07c0,2,2,2,2,exact anchor SAT sanity check (score 1.000),True,variants/generated_adder_8_original.blif,variants/generated_adder_8_rewrite.blif
generated_adder_8,rewrite,new_n35,1,new_n35,1.0,1.0,1.0,1.0,2,2,1,exact_anchor,1,0,4096,0,abde7f62519c62f5,abde7f62519c62f5,2,2,2,2,exact anchor SAT sanity check (score 1.000),True,variants/generated_adder_8_original.blif,variants/generated_adder_8_rewrite.blif
generated_adder_8,rewrite,new_n36,1,new_n36,1.0,1.0,1.0,1.0,1,1,1,exact_anchor,1,0,4096,0,068039086de726da,068039086de726da,2,2,2,2,exact anchor SAT sanity check (score 1.000),True,variants/generated_adder_8_original.blif,variants/generated_adder_8_rewrite.blif
generated_adder_8,rewrite,new_n37,1,new_n37,1.0,1.0,1.0,1.0,3,3,1,exact_anchor,1,0,4096,0,c557c12105e7e578,c557c12105e7e578,3,3,2,2,exact anchor SAT sanity check (score 1.000),True,variants/generated_adder_8_original.blif,variants/generated_adder_8_rewrite.blif
generated_adder_8,rewrite,new_n38,1,new_n38,1.0,1.0,1.0,1.0,4,4,1,exact_anchor,1,0,4096,0,fb962c3a2ca7512d,fb962c3a2ca7512d,3,3,2,2,exact anchor SAT sanity check (score 1.000),True,variants/generated_adder_8_original.blif,variants/generated_adder_8_rewrite.blif
generated_adder_8,rewrite,new_n39,1,new_n46,1.0,1.0,1.0,1.0,5,5,1,exact_anchor,1,0,4096,0,a86d826902a6fa31,a86d826902a6fa31,5,5,2,2,exact anchor SAT sanity check (score 1.000),True,variants/generated_adder_8_original.blif,variants/generated_adder_8_rewrite.blif
generated_adder_8,rewrite,new_n42,1,new_n42,1.0,1.0,1.0,1.0,1,1,1,exact_anchor,1,0,4096,0,91982715dc0b1ecb,91982715dc0b1ecb,2,2,2,2,exact anchor SAT sanity check (score 1.000),True,variants/generated_adder_8_original.blif,variants/generated_adder_8_rewrite.blif
generated_adder_8,rewrite,new_n43,1,new_n43,1.0,1.0,1.0,1.0,1,1,1,exact_anchor,1,0,4096,0,dccd57b67d60d306,dccd57b67d60d306,2,2,2,2,exact anchor SAT sanity check (score 1.000),True,variants/generated_adder_8_original.blif,variants/generated_adder_8_rewrite.blif
generated_adder_8,rewrite,new_n44,1,new_n44,1.0,1.0,1.0,1.0,2,2,1,exact_anchor,1,0,4096,0,1b779ceededa4b89,1b779ceededa4b89,2,2,2,2,exact anchor SAT sanity check (score 1.000),True,variants/generated_adder_8_original.blif,variants/generated_adder_8_rewrite.blif
generated_adder_8,rewrite,new_n45,1,new_n45,1.0,1.0,1.0,1.0,1,1,1,exact_anchor,1,0,4096,0,096f49e484f2b647,096f49e484f2b647,2,2,2,2,exact anchor SAT sanity check (score 1.000),True,variants/generated_adder_8_original.blif,variants/generated_adder_8_rewrite.blif
generated_adder_8,rewrite,new_n46,1,new_n47,1.0,1.0,1.0,1.0,6,6,1,exact_anchor,1,0,4096,0,0b6b372ab2e2923d,0b6b372ab2e2923d,5,5,2,2,exact anchor SAT sanity check (score 1.000),True,variants/generated_adder_8_original.blif,variants/generated_adder_8_rewrite.blif
generated_adder_8,rewrite,new_n47,1,new_n55,1.0,1.0,1.0,1.0,7,7,1,exact_anchor,1,0,4096,0,3beec2ffff4cdf7c,3beec2ffff4cdf7c,7,7,2,2,exact anchor SAT sanity check (score 1.000),True,variants/generated_adder_8_original.blif,variants/generated_adder_8_rewrite.blif
generated_adder_8,rewrite,new_n50,1,new_n51,1.0,1.0,1.0,1.0,1,1,1,exact_anchor,1,0,4096,0,9c55a589f1a68b5d,9c55a589f1a68b5d,2,2,2,2,exact anchor SAT sanity check (score 1.000),True,variants/generated_adder_8_original.blif,variants/generated_adder_8_rewrite.blif
generated_adder_8,rewrite,new_n51,1,new_n52,1.0,1.0,1.0,1.0,1,1,1,exact_anchor,1,0,4096,0,6842687339ea4589,6842687339ea4589,2,2,2,2,exact anchor SAT sanity check (score 1.000),True,variants/generated_adder_8_original.blif,variants/generated_adder_8_rewrite.blif
generated_adder_8,rewrite,new_n52,1,new_n53,1.0,1.0,1.0,1.0,2,2,1,exact_anchor,1,0,4096,0,a19339cf452f605f,a19339cf452f605f,2,2,2,2,exact anchor SAT sanity check (score 1.000),True,variants/generated_adder_8_original.blif,variants/generated_adder_8_rewrite.blif
generated_adder_8,rewrite,new_n53,1,new_n54,1.0,1.0,1.0,1.0,1,1,1,exact_anchor,1,0,4096,0,2f817a70dbcb6d42,2f817a70dbcb6d42,2,2,2,2,exact anchor SAT sanity check (score 1.000),True,variants/generated_adder_8_original.blif,variants/generated_adder_8_rewrite.blif
generated_adder_8,rewrite,new_n54,1,new_n56,1.0,1.0,1.0,1.0,8,8,1,exact_anchor,1,0,4096,0,24bd6166297c6c6c,24bd6166297c6c6c,7,7,2,2,exact anchor SAT sanity check (score 1.000),True,variants/generated_adder_8_original.blif,variants/generated_adder_8_rewrite.blif
generated_adder_8,rewrite,new_n55,1,new_n64,1.0,1.0,1.0,1.0,9,9,1,exact_anchor,1,0,4096,0,9d8720a5bc0a6385,9d8720a5bc0a6385,9,9,2,2,exact anchor SAT sanity check (score 1.000),True,variants/generated_adder_8_original.blif,variants/generated_adder_8_rewrite.blif
generated_adder_8,rewrite,new_n58,1,new_n60,1.0,1.0,1.0,1.0,1,1,1,exact_anchor,1,0,4096,0,a8f09791a649b80b,a8f09791a649b80b,2,2,2,2,exact anchor SAT sanity check (score 1.000),True,variants/generated_adder_8_original.blif,variants/generated_adder_8_rewrite.blif
generated_adder_8,rewrite,new_n59,1,new_n61,1.0,1.0,1.0,1.0,1,1,1,exact_anchor,1,0,4096,0,9d2faf22bfdc6c1a,9d2faf22bfdc6c1a,2,2,2,2,exact anchor SAT sanity check (score 1.000),True,variants/generated_adder_8_original.blif,variants/generated_adder_8_rewrite.blif
generated_adder_8,rewrite,new_n60,1,new_n62,1.0,1.0,1.0,1.0,2,2,1,exact_anchor,1,0,4096,0,681f8b7aed223f81,681f8b7aed223f81,2,2,2,2,exact anchor SAT sanity check (score 1.000),True,variants/generated_adder_8_original.blif,variants/generated_adder_8_rewrite.blif
generated_adder_8,rewrite,new_n61,1,new_n63,1.0,1.0,1.0,1.0,1,1,1,exact_anchor,1,0,4096,0,df02f960cd8a45ac,df02f960cd8a45ac,2,2,2,2,exact anchor SAT sanity check (score 1.000),True,variants/generated_adder_8_original.blif,variants/generated_adder_8_rewrite.blif
generated_adder_8,rewrite,new_n62,1,new_n65,1.0,1.0,1.0,1.0,10,10,1,exact_anchor,1,0,4096,0,33464ff440b41132,33464ff440b41132,9,9,2,2,exact anchor SAT sanity check (score 1.000),True,variants/generated_adder_8_original.blif,variants/generated_adder_8_rewrite.blif
generated_adder_8,rewrite,new_n63,1,new_n73,1.0,1.0,1.0,1.0,11,11,1,exact_anchor,1,0,4096,0,c0aa69062c9674df,c0aa69062c9674df,11,11,2,2,exact anchor SAT sanity check (score 1.000),True,variants/generated_adder_8_original.blif,variants/generated_adder_8_rewrite.blif
generated_adder_8,rewrite,new_n66,1,new_n69,1.0,1.0,1.0,1.0,1,1,1,exact_anchor,1,0,4096,0,d2a798e2c0a7579a,d2a798e2c0a7579a,2,2,2,2,exact anchor SAT sanity check (score 1.000),True,variants/generated_adder_8_original.blif,variants/generated_adder_8_rewrite.blif
generated_adder_8,rewrite,new_n67,1,new_n70,1.0,1.0,1.0,1.0,1,1,1,exact_anchor,1,0,4096,0,9e700ff4ad41b697,9e700ff4ad41b697,2,2,2,2,exact anchor SAT sanity check (score 1.000),True,variants/generated_adder_8_original.blif,variants/generated_adder_8_rewrite.blif
generated_adder_8,rewrite,new_n68,1,new_n71,1.0,1.0,1.0,1.0,2,2,1,exact_anchor,1,0,4096,0,e9de3aa1f157ec60,e9de3aa1f157ec60,2,2,2,2,exact anchor SAT sanity check (score 1.000),True,variants/generated_adder_8_original.blif,variants/generated_adder_8_rewrite.blif
generated_adder_8,rewrite,new_n69,1,new_n72,1.0,1.0,1.0,1.0,1,1,1,exact_anchor,1,0,4096,0,8375223f65f079ea,8375223f65f079ea,2,2,2,2,exact anchor SAT sanity check (score 1.000),True,variants/generated_adder_8_original.blif,variants/generated_adder_8_rewrite.blif
generated_adder_8,rewrite,new_n70,1,new_n74,1.0,1.0,1.0,1.0,12,12,1,exact_anchor,1,0,4096,0,2d8bc50f3c582210,2d8bc50f3c582210,11,11,2,2,exact anchor SAT sanity check (score 1.000),True,variants/generated_adder_8_original.blif,variants/generated_adder_8_rewrite.blif
generated_adder_8,rewrite,new_n71,1,new_n82,1.0,1.0,1.0,1.0,13,13,1,exact_anchor,1,0,4096,0,b934c961beadce75,b934c961beadce75,13,13,2,2,exact anchor SAT sanity check (score 1.000),True,variants/generated_adder_8_original.blif,variants/generated_adder_8_rewrite.blif
generated_adder_8,rewrite,new_n74,1,new_n78,1.0,1.0,1.0,1.0,1,1,1,exact_anchor,1,0,4096,0,100e76dd0ab0b4a6,100e76dd0ab0b4a6,2,2,2,2,exact anchor SAT sanity check (score 1.000),True,variants/generated_adder_8_original.blif,variants/generated_adder_8_rewrite.blif
generated_adder_8,rewrite,new_n75,1,new_n79,1.0,1.0,1.0,1.0,1,1,1,exact_anchor,1,0,4096,0,50cccb28da404251,50cccb28da404251,2,2,2,2,exact anchor SAT sanity check (score 1.000),True,variants/generated_adder_8_original.blif,variants/generated_adder_8_rewrite.blif
generated_adder_8,rewrite,new_n76,1,new_n80,1.0,1.0,1.0,1.0,2,2,1,exact_anchor,1,0,4096,0,1a5a99689cb7eef3,1a5a99689cb7eef3,2,2,2,2,exact anchor SAT sanity check (score 1.000),True,variants/generated_adder_8_original.blif,variants/generated_adder_8_rewrite.blif
generated_adder_8,rewrite,new_n77,1,new_n81,1.0,1.0,1.0,1.0,1,1,1,exact_anchor,1,0,4096,0,08dd5f4b39d37112,08dd5f4b39d37112,2,2,2,2,exact anchor SAT sanity check (score 1.000),True,variants/generated_adder_8_original.blif,variants/generated_adder_8_rewrite.blif
generated_adder_8,rewrite,new_n78,1,new_n83,1.0,1.0,1.0,1.0,14,14,1,exact_anchor,1,0,4096,0,fe4439aeff79ee1b,fe4439aeff79ee1b,13,13,2,2,exact anchor SAT sanity check (score 1.000),True,variants/generated_adder_8_original.blif,variants/generated_adder_8_rewrite.blif
generated_adder_8,rewrite,new_n79,1,new_n91,1.0,1.0,1.0,1.0,15,15,1,exact_anchor,1,0,4096,0,a6114d6a0a6e6409,a6114d6a0a6e6409,15,15,2,2,exact anchor SAT sanity check (score 1.000),True,variants/generated_adder_8_original.blif,variants/generated_adder_8_rewrite.blif
generated_adder_8,rewrite,new_n82,1,new_n87,1.0,1.0,1.0,1.0,1,1,1,exact_anchor,1,0,4096,0,bb2ea4e9de38b00c,bb2ea4e9de38b00c,2,2,2,2,exact anchor SAT sanity check (score 1.000),True,variants/generated_adder_8_original.blif,variants/generated_adder_8_rewrite.blif
generated_adder_8,rewrite,new_n83,1,new_n88,1.0,1.0,1.0,1.0,1,1,1,exact_anchor,1,0,4096,0,d802b7e4e14bd7ee,d802b7e4e14bd7ee,2,2,2,2,exact anchor SAT sanity check (score 1.000),True,variants/generated_adder_8_original.blif,variants/generated_adder_8_rewrite.blif
generated_adder_8,rewrite,new_n84,1,new_n89,1.0,1.0,1.0,1.0,2,2,1,exact_anchor,1,0,4096,0,7b231f610ddfd0ce,7b231f610ddfd0ce,2,2,2,2,exact anchor SAT sanity check (score 1.000),True,variants/generated_adder_8_original.blif,variants/generated_adder_8_rewrite.blif
generated_adder_8,rewrite,new_n85,1,new_n90,1.0,1.0,1.0,1.0,1,1,1,exact_anchor,1,0,4096,0,a3e704bdd1a01e51,a3e704bdd1a01e51,2,2,2,2,exact anchor SAT sanity check (score 1.000),True,variants/generated_adder_8_original.blif,variants/generated_adder_8_rewrite.blif
generated_adder_8,rewrite,new_n86,1,new_n92,1.0,1.0,1.0,1.0,16,16,1,exact_anchor,1,0,4096,0,4cf13578ffa24c89,4cf13578ffa24c89,15,15,2,2,exact anchor SAT sanity check (score 1.000),True,variants/generated_adder_8_original.blif,variants/generated_adder_8_rewrite.blif
generated_adder_8,rewrite,new_n87,1,new_n97,1.0,1.0,1.0,1.0,17,17,1,exact_anchor,1,0,4096,0,0656c3b8a6f6bcea,0656c3b8a6f6bcea,17,17,2,2,exact anchor SAT sanity check (score 1.000),True,variants/generated_adder_8_original.blif,variants/generated_adder_8_rewrite.blif
generated_adder_8,rewrite,new_n90,1,new_n96,1.0,1.0,1.0,1.0,1,1,1,exact_anchor,1,0,4096,0,d56f0b18c9de1b08,d56f0b18c9de1b08,2,2,2,2,exact anchor SAT sanity check (score 1.000),True,variants/generated_adder_8_original.blif,variants/generated_adder_8_rewrite.blif
generated_adder_8,rewrite_z,new_n27,1,new_n27,1.0,1.0,1.0,1.0,1,1,1,exact_anchor,1,0,4096,0,329b0d5f16407ff7,329b0d5f16407ff7,2,2,2,2,exact anchor SAT sanity check (score 1.000),True,variants/generated_adder_8_original.blif,variants/generated_adder_8_rewrite_z.blif
generated_adder_8,rewrite_z,new_n28,1,new_n28,1.0,1.0,1.0,1.0,1,1,1,exact_anchor,1,0,4096,0,f8b72c4f79d0fa91,f8b72c4f79d0fa91,2,2,2,2,exact anchor SAT sanity check (score 1.000),True,variants/generated_adder_8_original.blif,variants/generated_adder_8_rewrite_z.blif
generated_adder_8,rewrite_z,new_n29,1,new_n29,1.0,1.0,1.0,1.0,2,2,1,exact_anchor,1,0,4096,0,30ccbc0c4429386a,30ccbc0c4429386a,2,2,2,2,exact anchor SAT sanity check (score 1.000),True,variants/generated_adder_8_original.blif,variants/generated_adder_8_rewrite_z.blif
generated_adder_8,rewrite_z,new_n30,1,new_n30,1.0,1.0,1.0,1.0,3,3,1,exact_anchor,1,0,4096,0,3f24c9479a8a5825,3f24c9479a8a5825,3,3,2,2,exact anchor SAT sanity check (score 1.000),True,variants/generated_adder_8_original.blif,variants/generated_adder_8_rewrite_z.blif
generated_adder_8,rewrite_z,new_n31,1,new_n31,1.0,1.0,1.0,1.0,3,3,1,exact_anchor,1,0,4096,0,c16061d5581b3c62,c16061d5581b3c62,3,3,2,2,exact anchor SAT sanity check (score 1.000),True,variants/generated_adder_8_original.blif,variants/generated_adder_8_rewrite_z.blif
generated_adder_8,rewrite_z,new_n33,1,new_n33,1.0,1.0,1.0,1.0,1,1,1,exact_anchor,1,0,4096,0,6090d43cf8a0206a,6090d43cf8a0206a,2,2,2,2,exact anchor SAT sanity check (score 1.000),True,variants/generated_adder_8_original.blif,variants/generated_adder_8_rewrite_z.blif
generated_adder_8,rewrite_z,new_n34,1,new_n34,1.0,1.0,1.0,1.0,1,1,1,exact_anchor,1,0,4096,0,e5d1a44a137b07c0,e5d1a44a137b07c0,2,2,2,2,exact anchor SAT sanity check (score 1.000),True,variants/generated_adder_8_original.blif,variants/generated_adder_8_rewrite_z.blif
generated_adder_8,rewrite_z,new_n35,1,new_n35,1.0,1.0,1.0,1.0,2,2,1,exact_anchor,1,0,4096,0,abde7f62519c62f5,abde7f62519c62f5,2,2,2,2,exact anchor SAT sanity check (score 1.000),True,variants/generated_adder_8_original.blif,variants/generated_adder_8_rewrite_z.blif
generated_adder_8,rewrite_z,new_n36,1,new_n36,1.0,1.0,1.0,1.0,1,1,1,exact_anchor,1,0,4096,0,068039086de726da,068039086de726da,2,2,2,2,exact anchor SAT sanity check (score 1.000),True,variants/generated_adder_8_original.blif,variants/generated_adder_8_rewrite_z.blif
generated_adder_8,rewrite_z,new_n37,1,new_n37,1.0,1.0,1.0,1.0,3,3,1,exact_anchor,1,0,4096,0,c557c12105e7e578,c557c12105e7e578,3,3,2,2,exact anchor SAT sanity check (score 1.000),True,variants/generated_adder_8_original.blif,variants/generated_adder_8_rewrite_z.blif
generated_adder_8,rewrite_z,new_n38,1,new_n38,1.0,1.0,1.0,1.0,4,4,1,exact_anchor,1,0,4096,0,fb962c3a2ca7512d,fb962c3a2ca7512d,3,3,2,2,exact anchor SAT sanity check (score 1.000),True,variants/generated_adder_8_original.blif,variants/generated_adder_8_rewrite_z.blif
generated_adder_8,rewrite_z,new_n39,1,new_n46,1.0,1.0,1.0,1.0,5,5,1,exact_anchor,1,0,4096,0,a86d826902a6fa31,a86d826902a6fa31,5,5,2,2,exact anchor SAT sanity check (score 1.000),True,variants/generated_adder_8_original.blif,variants/generated_adder_8_rewrite_z.blif
generated_adder_8,rewrite_z,new_n42,1,new_n42,1.0,1.0,1.0,1.0,1,1,1,exact_anchor,1,0,4096,0,91982715dc0b1ecb,91982715dc0b1ecb,2,2,2,2,exact anchor SAT sanity check (score 1.000),True,variants/generated_adder_8_original.blif,variants/generated_adder_8_rewrite_z.blif
generated_adder_8,rewrite_z,new_n43,1,new_n43,1.0,1.0,1.0,1.0,1,1,1,exact_anchor,1,0,4096,0,dccd57b67d60d306,dccd57b67d60d306,2,2,2,2,exact anchor SAT sanity check (score 1.000),True,variants/generated_adder_8_original.blif,variants/generated_adder_8_rewrite_z.blif
generated_adder_8,rewrite_z,new_n44,1,new_n44,1.0,1.0,1.0,1.0,2,2,1,exact_anchor,1,0,4096,0,1b779ceededa4b89,1b779ceededa4b89,2,2,2,2,exact anchor SAT sanity check (score 1.000),True,variants/generated_adder_8_original.blif,variants/generated_adder_8_rewrite_z.blif
generated_adder_8,rewrite_z,new_n45,1,new_n45,1.0,1.0,1.0,1.0,1,1,1,exact_anchor,1,0,4096,0,096f49e484f2b647,096f49e484f2b647,2,2,2,2,exact anchor SAT sanity check (score 1.000),True,variants/generated_adder_8_original.blif,variants/generated_adder_8_rewrite_z.blif
generated_adder_8,rewrite_z,new_n46,1,new_n47,1.0,1.0,1.0,1.0,6,6,1,exact_anchor,1,0,4096,0,0b6b372ab2e2923d,0b6b372ab2e2923d,5,5,2,2,exact anchor SAT sanity check (score 1.000),True,variants/generated_adder_8_original.blif,variants/generated_adder_8_rewrite_z.blif
generated_adder_8,rewrite_z,new_n47,1,new_n55,1.0,1.0,1.0,1.0,7,7,1,exact_anchor,1,0,4096,0,3beec2ffff4cdf7c,3beec2ffff4cdf7c,7,7,2,2,exact anchor SAT sanity check (score 1.000),True,variants/generated_adder_8_original.blif,variants/generated_adder_8_rewrite_z.blif
generated_adder_8,rewrite_z,new_n50,1,new_n51,1.0,1.0,1.0,1.0,1,1,1,exact_anchor,1,0,4096,0,9c55a589f1a68b5d,9c55a589f1a68b5d,2,2,2,2,exact anchor SAT sanity check (score 1.000),True,variants/generated_adder_8_original.blif,variants/generated_adder_8_rewrite_z.blif
generated_adder_8,rewrite_z,new_n51,1,new_n52,1.0,1.0,1.0,1.0,1,1,1,exact_anchor,1,0,4096,0,6842687339ea4589,6842687339ea4589,2,2,2,2,exact anchor SAT sanity check (score 1.000),True,variants/generated_adder_8_original.blif,variants/generated_adder_8_rewrite_z.blif
generated_adder_8,rewrite_z,new_n52,1,new_n53,1.0,1.0,1.0,1.0,2,2,1,exact_anchor,1,0,4096,0,a19339cf452f605f,a19339cf452f605f,2,2,2,2,exact anchor SAT sanity check (score 1.000),True,variants/generated_adder_8_original.blif,variants/generated_adder_8_rewrite_z.blif
generated_adder_8,rewrite_z,new_n53,1,new_n54,1.0,1.0,1.0,1.0,1,1,1,exact_anchor,1,0,4096,0,2f817a70dbcb6d42,2f817a70dbcb6d42,2,2,2,2,exact anchor SAT sanity check (score 1.000),True,variants/generated_adder_8_original.blif,variants/generated_adder_8_rewrite_z.blif
generated_adder_8,rewrite_z,new_n54,1,new_n56,1.0,1.0,1.0,1.0,8,8,1,exact_anchor,1,0,4096,0,24bd6166297c6c6c,24bd6166297c6c6c,7,7,2,2,exact anchor SAT sanity check (score 1.000),True,variants/generated_adder_8_original.blif,variants/generated_adder_8_rewrite_z.blif
generated_adder_8,rewrite_z,new_n55,1,new_n64,1.0,1.0,1.0,1.0,9,9,1,exact_anchor,1,0,4096,0,9d8720a5bc0a6385,9d8720a5bc0a6385,9,9,2,2,exact anchor SAT sanity check (score 1.000),True,variants/generated_adder_8_original.blif,variants/generated_adder_8_rewrite_z.blif
generated_adder_8,rewrite_z,new_n58,1,new_n60,1.0,1.0,1.0,1.0,1,1,1,exact_anchor,1,0,4096,0,a8f09791a649b80b,a8f09791a649b80b,2,2,2,2,exact anchor SAT sanity check (score 1.000),True,variants/generated_adder_8_original.blif,variants/generated_adder_8_rewrite_z.blif
generated_adder_8,rewrite_z,new_n59,1,new_n61,1.0,1.0,1.0,1.0,1,1,1,exact_anchor,1,0,4096,0,9d2faf22bfdc6c1a,9d2faf22bfdc6c1a,2,2,2,2,exact anchor SAT sanity check (score 1.000),True,variants/generated_adder_8_original.blif,variants/generated_adder_8_rewrite_z.blif
generated_adder_8,rewrite_z,new_n60,1,new_n62,1.0,1.0,1.0,1.0,2,2,1,exact_anchor,1,0,4096,0,681f8b7aed223f81,681f8b7aed223f81,2,2,2,2,exact anchor SAT sanity check (score 1.000),True,variants/generated_adder_8_original.blif,variants/generated_adder_8_rewrite_z.blif
generated_adder_8,rewrite_z,new_n61,1,new_n63,1.0,1.0,1.0,1.0,1,1,1,exact_anchor,1,0,4096,0,df02f960cd8a45ac,df02f960cd8a45ac,2,2,2,2,exact anchor SAT sanity check (score 1.000),True,variants/generated_adder_8_original.blif,variants/generated_adder_8_rewrite_z.blif
generated_adder_8,rewrite_z,new_n62,1,new_n65,1.0,1.0,1.0,1.0,10,10,1,exact_anchor,1,0,4096,0,33464ff440b41132,33464ff440b41132,9,9,2,2,exact anchor SAT sanity check (score 1.000),True,variants/generated_adder_8_original.blif,variants/generated_adder_8_rewrite_z.blif
generated_adder_8,rewrite_z,new_n63,1,new_n73,1.0,1.0,1.0,1.0,11,11,1,exact_anchor,1,0,4096,0,c0aa69062c9674df,c0aa69062c9674df,11,11,2,2,exact anchor SAT sanity check (score 1.000),True,variants/generated_adder_8_original.blif,variants/generated_adder_8_rewrite_z.blif
generated_adder_8,rewrite_z,new_n66,1,new_n69,1.0,1.0,1.0,1.0,1,1,1,exact_anchor,1,0,4096,0,d2a798e2c0a7579a,d2a798e2c0a7579a,2,2,2,2,exact anchor SAT sanity check (score 1.000),True,variants/generated_adder_8_original.blif,variants/generated_adder_8_rewrite_z.blif
generated_adder_8,rewrite_z,new_n67,1,new_n70,1.0,1.0,1.0,1.0,1,1,1,exact_anchor,1,0,4096,0,9e700ff4ad41b697,9e700ff4ad41b697,2,2,2,2,exact anchor SAT sanity check (score 1.000),True,variants/generated_adder_8_original.blif,variants/generated_adder_8_rewrite_z.blif
generated_adder_8,rewrite_z,new_n68,1,new_n71,1.0,1.0,1.0,1.0,2,2,1,exact_anchor,1,0,4096,0,e9de3aa1f157ec60,e9de3aa1f157ec60,2,2,2,2,exact anchor SAT sanity check (score 1.000),True,variants/generated_adder_8_original.blif,variants/generated_adder_8_rewrite_z.blif
generated_adder_8,rewrite_z,new_n69,1,new_n72,1.0,1.0,1.0,1.0,1,1,1,exact_anchor,1,0,4096,0,8375223f65f079ea,8375223f65f079ea,2,2,2,2,exact anchor SAT sanity check (score 1.000),True,variants/generated_adder_8_original.blif,variants/generated_adder_8_rewrite_z.blif
generated_adder_8,rewrite_z,new_n70,1,new_n74,1.0,1.0,1.0,1.0,12,12,1,exact_anchor,1,0,4096,0,2d8bc50f3c582210,2d8bc50f3c582210,11,11,2,2,exact anchor SAT sanity check (score 1.000),True,variants/generated_adder_8_original.blif,variants/generated_adder_8_rewrite_z.blif
generated_adder_8,rewrite_z,new_n71,1,new_n82,1.0,1.0,1.0,1.0,13,13,1,exact_anchor,1,0,4096,0,b934c961beadce75,b934c961beadce75,13,13,2,2,exact anchor SAT sanity check (score 1.000),True,variants/generated_adder_8_original.blif,variants/generated_adder_8_rewrite_z.blif
generated_adder_8,rewrite_z,new_n74,1,new_n78,1.0,1.0,1.0,1.0,1,1,1,exact_anchor,1,0,4096,0,100e76dd0ab0b4a6,100e76dd0ab0b4a6,2,2,2,2,exact anchor SAT sanity check (score 1.000),True,variants/generated_adder_8_original.blif,variants/generated_adder_8_rewrite_z.blif
generated_adder_8,rewrite_z,new_n75,1,new_n79,1.0,1.0,1.0,1.0,1,1,1,exact_anchor,1,0,4096,0,50cccb28da404251,50cccb28da404251,2,2,2,2,exact anchor SAT sanity check (score 1.000),True,variants/generated_adder_8_original.blif,variants/generated_adder_8_rewrite_z.blif
generated_adder_8,rewrite_z,new_n76,1,new_n80,1.0,1.0,1.0,1.0,2,2,1,exact_anchor,1,0,4096,0,1a5a99689cb7eef3,1a5a99689cb7eef3,2,2,2,2,exact anchor SAT sanity check (score 1.000),True,variants/generated_adder_8_original.blif,variants/generated_adder_8_rewrite_z.blif
generated_adder_8,rewrite_z,new_n77,1,new_n81,1.0,1.0,1.0,1.0,1,1,1,exact_anchor,1,0,4096,0,08dd5f4b39d37112,08dd5f4b39d37112,2,2,2,2,exact anchor SAT sanity check (score 1.000),True,variants/generated_adder_8_original.blif,variants/generated_adder_8_rewrite_z.blif
generated_adder_8,rewrite_z,new_n78,1,new_n83,1.0,1.0,1.0,1.0,14,14,1,exact_anchor,1,0,4096,0,fe4439aeff79ee1b,fe4439aeff79ee1b,13,13,2,2,exact anchor SAT sanity check (score 1.000),True,variants/generated_adder_8_original.blif,variants/generated_adder_8_rewrite_z.blif
generated_adder_8,rewrite_z,new_n79,1,new_n91,1.0,1.0,1.0,1.0,15,15,1,exact_anchor,1,0,4096,0,a6114d6a0a6e6409,a6114d6a0a6e6409,15,15,2,2,exact anchor SAT sanity check (score 1.000),True,variants/generated_adder_8_original.blif,variants/generated_adder_8_rewrite_z.blif
generated_adder_8,rewrite_z,new_n82,1,new_n87,1.0,1.0,1.0,1.0,1,1,1,exact_anchor,1,0,4096,0,bb2ea4e9de38b00c,bb2ea4e9de38b00c,2,2,2,2,exact anchor SAT sanity check (score 1.000),True,variants/generated_adder_8_original.blif,variants/generated_adder_8_rewrite_z.blif
generated_adder_8,rewrite_z,new_n83,1,new_n88,1.0,1.0,1.0,1.0,1,1,1,exact_anchor,1,0,4096,0,d802b7e4e14bd7ee,d802b7e4e14bd7ee,2,2,2,2,exact anchor SAT sanity check (score 1.000),True,variants/generated_adder_8_original.blif,variants/generated_adder_8_rewrite_z.blif
generated_adder_8,rewrite_z,new_n84,1,new_n89,1.0,1.0,1.0,1.0,2,2,1,exact_anchor,1,0,4096,0,7b231f610ddfd0ce,7b231f610ddfd0ce,2,2,2,2,exact anchor SAT sanity check (score 1.000),True,variants/generated_adder_8_original.blif,variants/generated_adder_8_rewrite_z.blif
generated_adder_8,rewrite_z,new_n85,1,new_n90,1.0,1.0,1.0,1.0,1,1,1,exact_anchor,1,0,4096,0,a3e704bdd1a01e51,a3e704bdd1a01e51,2,2,2,2,exact anchor SAT sanity check (score 1.000),True,variants/generated_adder_8_original.blif,variants/generated_adder_8_rewrite_z.blif
generated_adder_8,rewrite_z,new_n86,1,new_n92,1.0,1.0,1.0,1.0,16,16,1,exact_anchor,1,0,4096,0,4cf13578ffa24c89,4cf13578ffa24c89,15,15,2,2,exact anchor SAT sanity check (score 1.000),True,variants/generated_adder_8_original.blif,variants/generated_adder_8_rewrite_z.blif
generated_adder_8,rewrite_z,new_n87,1,new_n97,1.0,1.0,1.0,1.0,17,17,1,exact_anchor,1,0,4096,0,0656c3b8a6f6bcea,0656c3b8a6f6bcea,17,17,2,2,exact anchor SAT sanity check (score 1.000),True,variants/generated_adder_8_original.blif,variants/generated_adder_8_rewrite_z.blif
generated_adder_8,rewrite_z,new_n90,1,new_n96,1.0,1.0,1.0,1.0,1,1,1,exact_anchor,1,0,4096,0,d56f0b18c9de1b08,d56f0b18c9de1b08,2,2,2,2,exact anchor SAT sanity check (score 1.000),True,variants/generated_adder_8_original.blif,variants/generated_adder_8_rewrite_z.blif
generated_multiplier_2,balance,new_n10,1,new_n10,1.0,1.0,1.0,1.0,1,1,1,exact_anchor,1,1,16,1,4cb9dae928c3bca0,4cb9dae928c3bca0,2,2,2,2,exact anchor SAT sanity check (score 1.000),True,variants/generated_multiplier_2_original.blif,variants/generated_multiplier_2_balance.blif
generated_multiplier_2,balance,new_n11,1,new_n11,1.0,1.0,1.0,1.0,1,1,1,exact_anchor,1,1,16,1,d18b68bad7aa5604,d18b68bad7aa5604,2,2,2,2,exact anchor SAT sanity check (score 1.000),True,variants/generated_multiplier_2_original.blif,variants/generated_multiplier_2_balance.blif
generated_multiplier_2,balance,new_n12,1,new_n12,1.0,1.0,1.0,1.0,2,2,1,exact_anchor,1,1,16,1,6e5b9cc600c9ba5f,6e5b9cc600c9ba5f,4,4,2,2,exact anchor SAT sanity check (score 1.000),True,variants/generated_multiplier_2_original.blif,variants/generated_multiplier_2_balance.blif
generated_multiplier_2,balance,new_n13,1,new_n13,1.0,1.0,1.0,1.0,2,2,1,exact_anchor,1,1,16,1,bc22886038e77f69,bc22886038e77f69,4,4,2,2,exact anchor SAT sanity check (score 1.000),True,variants/generated_multiplier_2_original.blif,variants/generated_multiplier_2_balance.blif
generated_multiplier_2,balance,new_n15,1,new_n15,1.0,1.0,1.0,1.0,1,1,1,exact_anchor,1,1,16,1,ca7efef3a8bad7da,ca7efef3a8bad7da,2,2,2,2,exact anchor SAT sanity check (score 1.000),True,variants/generated_multiplier_2_original.blif,variants/generated_multiplier_2_balance.blif
generated_multiplier_2,balance,new_n16,1,new_n16,1.0,1.0,1.0,1.0,2,2,1,exact_anchor,1,1,16,1,b3241bdf7fc1326f,b3241bdf7fc1326f,4,4,2,2,exact anchor SAT sanity check (score 1.000),True,variants/generated_multiplier_2_original.blif,variants/generated_multiplier_2_balance.blif
generated_multiplier_2,balance,new_n17,1,new_n17,1.0,1.0,1.0,1.0,3,3,1,exact_anchor,1,1,16,1,17df62e1f96422cf,17df62e1f96422cf,4,4,2,2,exact anchor SAT sanity check (score 1.000),True,variants/generated_multiplier_2_original.blif,variants/generated_multiplier_2_balance.blif
generated_multiplier_2,balance,new_n18,1,new_n18,1.0,1.0,1.0,1.0,3,3,1,exact_anchor,1,1,16,1,180ed9cabee9896e,180ed9cabee9896e,4,4,2,2,exact anchor SAT sanity check (score 1.000),True,variants/generated_multiplier_2_original.blif,variants/generated_multiplier_2_balance.blif
generated_multiplier_2,compress2rs,new_n10,1,new_n10,1.0,1.0,1.0,1.0,1,1,1,exact_anchor,1,1,16,1,4cb9dae928c3bca0,4cb9dae928c3bca0,2,2,2,2,exact anchor SAT sanity check (score 1.000),True,variants/generated_multiplier_2_original.blif,variants/generated_multiplier_2_compress2rs.blif
generated_multiplier_2,compress2rs,new_n11,1,new_n11,1.0,1.0,1.0,1.0,1,1,1,exact_anchor,1,1,16,1,d18b68bad7aa5604,d18b68bad7aa5604,2,2,2,2,exact anchor SAT sanity check (score 1.000),True,variants/generated_multiplier_2_original.blif,variants/generated_multiplier_2_compress2rs.blif
generated_multiplier_2,compress2rs,new_n13,1,new_n15,1.0,1.0,1.0,1.0,1,1,1,exact_anchor,1,1,16,1,ca7efef3a8bad7da,ca7efef3a8bad7da,2,2,2,2,exact anchor SAT sanity check (score 1.000),True,variants/generated_multiplier_2_original.blif,variants/generated_multiplier_2_compress2rs.blif
generated_multiplier_2,dc2,new_n10,1,new_n10,1.0,1.0,1.0,1.0,1,1,1,exact_anchor,1,1,16,1,4cb9dae928c3bca0,4cb9dae928c3bca0,2,2,2,2,exact anchor SAT sanity check (score 1.000),True,variants/generated_multiplier_2_original.blif,variants/generated_multiplier_2_dc2.blif
generated_multiplier_2,dc2,new_n11,1,new_n11,1.0,1.0,1.0,1.0,1,1,1,exact_anchor,1,1,16,1,d18b68bad7aa5604,d18b68bad7aa5604,2,2,2,2,exact anchor SAT sanity check (score 1.000),True,variants/generated_multiplier_2_original.blif,variants/generated_multiplier_2_dc2.blif
generated_multiplier_2,refactor,new_n10,1,new_n10,1.0,1.0,1.0,1.0,1,1,1,exact_anchor,1,1,16,1,4cb9dae928c3bca0,4cb9dae928c3bca0,2,2,2,2,exact anchor SAT sanity check (score 1.000),True,variants/generated_multiplier_2_original.blif,variants/generated_multiplier_2_refactor.blif
generated_multiplier_2,refactor,new_n11,1,new_n11,1.0,1.0,1.0,1.0,1,1,1,exact_anchor,1,1,16,1,d18b68bad7aa5604,d18b68bad7aa5604,2,2,2,2,exact anchor SAT sanity check (score 1.000),True,variants/generated_multiplier_2_original.blif,variants/generated_multiplier_2_refactor.blif
generated_multiplier_2,refactor,new_n12,1,new_n16,1.0,1.0,1.0,1.0,2,2,1,exact_anchor,1,1,16,1,b3241bdf7fc1326f,b3241bdf7fc1326f,4,4,2,2,exact anchor SAT sanity check (score 1.000),True,variants/generated_multiplier_2_original.blif,variants/generated_multiplier_2_refactor.blif
generated_multiplier_2,refactor,new_n15,1,new_n15,1.0,1.0,1.0,1.0,1,1,1,exact_anchor,1,1,16,1,ca7efef3a8bad7da,ca7efef3a8bad7da,2,2,2,2,exact anchor SAT sanity check (score 1.000),True,variants/generated_multiplier_2_original.blif,variants/generated_multiplier_2_refactor.blif
generated_multiplier_2,refactor_z,new_n10,1,new_n10,1.0,1.0,1.0,1.0,1,1,1,exact_anchor,1,1,16,1,4cb9dae928c3bca0,4cb9dae928c3bca0,2,2,2,2,exact anchor SAT sanity check (score 1.000),True,variants/generated_multiplier_2_original.blif,variants/generated_multiplier_2_refactor_z.blif
generated_multiplier_2,refactor_z,new_n11,1,new_n11,1.0,1.0,1.0,1.0,1,1,1,exact_anchor,1,1,16,1,d18b68bad7aa5604,d18b68bad7aa5604,2,2,2,2,exact anchor SAT sanity check (score 1.000),True,variants/generated_multiplier_2_original.blif,variants/generated_multiplier_2_refactor_z.blif
generated_multiplier_2,refactor_z,new_n12,1,new_n16,1.0,1.0,1.0,1.0,2,2,1,exact_anchor,1,1,16,1,b3241bdf7fc1326f,b3241bdf7fc1326f,4,4,2,2,exact anchor SAT sanity check (score 1.000),True,variants/generated_multiplier_2_original.blif,variants/generated_multiplier_2_refactor_z.blif
generated_multiplier_2,refactor_z,new_n15,1,new_n15,1.0,1.0,1.0,1.0,1,1,1,exact_anchor,1,1,16,1,ca7efef3a8bad7da,ca7efef3a8bad7da,2,2,2,2,exact anchor SAT sanity check (score 1.000),True,variants/generated_multiplier_2_original.blif,variants/generated_multiplier_2_refactor_z.blif
generated_multiplier_2,resub,new_n10,1,new_n10,1.0,1.0,1.0,1.0,1,1,1,exact_anchor,1,1,16,1,4cb9dae928c3bca0,4cb9dae928c3bca0,2,2,2,2,exact anchor SAT sanity check (score 1.000),True,variants/generated_multiplier_2_original.blif,variants/generated_multiplier_2_resub.blif
generated_multiplier_2,resub,new_n11,1,new_n11,1.0,1.0,1.0,1.0,1,1,1,exact_anchor,1,1,16,1,d18b68bad7aa5604,d18b68bad7aa5604,2,2,2,2,exact anchor SAT sanity check (score 1.000),True,variants/generated_multiplier_2_original.blif,variants/generated_multiplier_2_resub.blif
generated_multiplier_2,resub,new_n12,1,new_n12,1.0,1.0,1.0,1.0,2,2,1,exact_anchor,1,1,16,1,6e5b9cc600c9ba5f,6e5b9cc600c9ba5f,4,4,2,2,exact anchor SAT sanity check (score 1.000),True,variants/generated_multiplier_2_original.blif,variants/generated_multiplier_2_resub.blif
generated_multiplier_2,resub,new_n13,1,new_n13,1.0,1.0,1.0,1.0,2,2,1,exact_anchor,1,1,16,1,bc22886038e77f69,bc22886038e77f69,4,4,2,2,exact anchor SAT sanity check (score 1.000),True,variants/generated_multiplier_2_original.blif,variants/generated_multiplier_2_resub.blif
generated_multiplier_2,resub,new_n15,1,new_n15,1.0,1.0,1.0,1.0,1,1,1,exact_anchor,1,1,16,1,ca7efef3a8bad7da,ca7efef3a8bad7da,2,2,2,2,exact anchor SAT sanity check (score 1.000),True,variants/generated_multiplier_2_original.blif,variants/generated_multiplier_2_resub.blif
generated_multiplier_2,resyn,new_n10,1,new_n10,1.0,1.0,1.0,1.0,1,1,1,exact_anchor,1,1,16,1,4cb9dae928c3bca0,4cb9dae928c3bca0,2,2,2,2,exact anchor SAT sanity check (score 1.000),True,variants/generated_multiplier_2_original.blif,variants/generated_multiplier_2_resyn.blif
generated_multiplier_2,resyn,new_n11,1,new_n11,1.0,1.0,1.0,1.0,1,1,1,exact_anchor,1,1,16,1,d18b68bad7aa5604,d18b68bad7aa5604,2,2,2,2,exact anchor SAT sanity check (score 1.000),True,variants/generated_multiplier_2_original.blif,variants/generated_multiplier_2_resyn.blif
generated_multiplier_2,resyn,new_n12,1,new_n12,1.0,1.0,1.0,1.0,2,2,1,exact_anchor,1,1,16,1,6e5b9cc600c9ba5f,6e5b9cc600c9ba5f,4,4,2,2,exact anchor SAT sanity check (score 1.000),True,variants/generated_multiplier_2_original.blif,variants/generated_multiplier_2_resyn.blif
generated_multiplier_2,resyn,new_n13,1,new_n13,1.0,1.0,1.0,1.0,2,2,1,exact_anchor,1,1,16,1,bc22886038e77f69,bc22886038e77f69,4,4,2,2,exact anchor SAT sanity check (score 1.000),True,variants/generated_multiplier_2_original.blif,variants/generated_multiplier_2_resyn.blif
generated_multiplier_2,resyn,new_n15,1,new_n15,1.0,1.0,1.0,1.0,1,1,1,exact_anchor,1,1,16,1,ca7efef3a8bad7da,ca7efef3a8bad7da,2,2,2,2,exact anchor SAT sanity check (score 1.000),True,variants/generated_multiplier_2_original.blif,variants/generated_multiplier_2_resyn.blif
generated_multiplier_2,resyn2,new_n10,1,new_n10,1.0,1.0,1.0,1.0,1,1,1,exact_anchor,1,1,16,1,4cb9dae928c3bca0,4cb9dae928c3bca0,2,2,2,2,exact anchor SAT sanity check (score 1.000),True,variants/generated_multiplier_2_original.blif,variants/generated_multiplier_2_resyn2.blif
generated_multiplier_2,resyn2,new_n11,1,new_n11,1.0,1.0,1.0,1.0,1,1,1,exact_anchor,1,1,16,1,d18b68bad7aa5604,d18b68bad7aa5604,2,2,2,2,exact anchor SAT sanity check (score 1.000),True,variants/generated_multiplier_2_original.blif,variants/generated_multiplier_2_resyn2.blif
generated_multiplier_2,resyn2,new_n13,1,new_n15,1.0,1.0,1.0,1.0,1,1,1,exact_anchor,1,1,16,1,ca7efef3a8bad7da,ca7efef3a8bad7da,2,2,2,2,exact anchor SAT sanity check (score 1.000),True,variants/generated_multiplier_2_original.blif,variants/generated_multiplier_2_resyn2.blif
generated_multiplier_2,resyn2_like,new_n10,1,new_n10,1.0,1.0,1.0,1.0,1,1,1,exact_anchor,1,1,16,1,4cb9dae928c3bca0,4cb9dae928c3bca0,2,2,2,2,exact anchor SAT sanity check (score 1.000),True,variants/generated_multiplier_2_original.blif,variants/generated_multiplier_2_resyn2_like.blif
generated_multiplier_2,resyn2_like,new_n11,1,new_n11,1.0,1.0,1.0,1.0,1,1,1,exact_anchor,1,1,16,1,d18b68bad7aa5604,d18b68bad7aa5604,2,2,2,2,exact anchor SAT sanity check (score 1.000),True,variants/generated_multiplier_2_original.blif,variants/generated_multiplier_2_resyn2_like.blif
generated_multiplier_2,resyn2_like,new_n13,1,new_n15,1.0,1.0,1.0,1.0,1,1,1,exact_anchor,1,1,16,1,ca7efef3a8bad7da,ca7efef3a8bad7da,2,2,2,2,exact anchor SAT sanity check (score 1.000),True,variants/generated_multiplier_2_original.blif,variants/generated_multiplier_2_resyn2_like.blif
generated_multiplier_2,rewrite,new_n10,1,new_n10,1.0,1.0,1.0,1.0,1,1,1,exact_anchor,1,1,16,1,4cb9dae928c3bca0,4cb9dae928c3bca0,2,2,2,2,exact anchor SAT sanity check (score 1.000),True,variants/generated_multiplier_2_original.blif,variants/generated_multiplier_2_rewrite.blif
generated_multiplier_2,rewrite,new_n11,1,new_n11,1.0,1.0,1.0,1.0,1,1,1,exact_anchor,1,1,16,1,d18b68bad7aa5604,d18b68bad7aa5604,2,2,2,2,exact anchor SAT sanity check (score 1.000),True,variants/generated_multiplier_2_original.blif,variants/generated_multiplier_2_rewrite.blif
generated_multiplier_2,rewrite,new_n12,1,new_n12,1.0,1.0,1.0,1.0,2,2,1,exact_anchor,1,1,16,1,6e5b9cc600c9ba5f,6e5b9cc600c9ba5f,4,4,2,2,exact anchor SAT sanity check (score 1.000),True,variants/generated_multiplier_2_original.blif,variants/generated_multiplier_2_rewrite.blif
generated_multiplier_2,rewrite,new_n13,1,new_n13,1.0,1.0,1.0,1.0,2,2,1,exact_anchor,1,1,16,1,bc22886038e77f69,bc22886038e77f69,4,4,2,2,exact anchor SAT sanity check (score 1.000),True,variants/generated_multiplier_2_original.blif,variants/generated_multiplier_2_rewrite.blif
generated_multiplier_2,rewrite,new_n15,1,new_n15,1.0,1.0,1.0,1.0,1,1,1,exact_anchor,1,1,16,1,ca7efef3a8bad7da,ca7efef3a8bad7da,2,2,2,2,exact anchor SAT sanity check (score 1.000),True,variants/generated_multiplier_2_original.blif,variants/generated_multiplier_2_rewrite.blif
generated_multiplier_2,rewrite_z,new_n10,1,new_n10,1.0,1.0,1.0,1.0,1,1,1,exact_anchor,1,1,16,1,4cb9dae928c3bca0,4cb9dae928c3bca0,2,2,2,2,exact anchor SAT sanity check (score 1.000),True,variants/generated_multiplier_2_original.blif,variants/generated_multiplier_2_rewrite_z.blif
generated_multiplier_2,rewrite_z,new_n11,1,new_n11,1.0,1.0,1.0,1.0,1,1,1,exact_anchor,1,1,16,1,d18b68bad7aa5604,d18b68bad7aa5604,2,2,2,2,exact anchor SAT sanity check (score 1.000),True,variants/generated_multiplier_2_original.blif,variants/generated_multiplier_2_rewrite_z.blif
generated_multiplier_2,rewrite_z,new_n12,1,new_n12,1.0,1.0,1.0,1.0,2,2,1,exact_anchor,1,1,16,1,6e5b9cc600c9ba5f,6e5b9cc600c9ba5f,4,4,2,2,exact anchor SAT sanity check (score 1.000),True,variants/generated_multiplier_2_original.blif,variants/generated_multiplier_2_rewrite_z.blif
generated_multiplier_2,rewrite_z,new_n13,1,new_n13,1.0,1.0,1.0,1.0,2,2,1,exact_anchor,1,1,16,1,bc22886038e77f69,bc22886038e77f69,4,4,2,2,exact anchor SAT sanity check (score 1.000),True,variants/generated_multiplier_2_original.blif,variants/generated_multiplier_2_rewrite_z.blif
generated_multiplier_2,rewrite_z,new_n15,1,new_n15,1.0,1.0,1.0,1.0,1,1,1,exact_anchor,1,1,16,1,ca7efef3a8bad7da,ca7efef3a8bad7da,2,2,2,2,exact anchor SAT sanity check (score 1.000),True,variants/generated_multiplier_2_original.blif,variants/generated_multiplier_2_rewrite_z.blif
generated_multiplier_4,balance,new_n18,1,new_n18,1.0,1.0,1.0,1.0,1,1,1,exact_anchor,1,1,256,1,47d9ec050d70fefa,47d9ec050d70fefa,2,2,2,2,exact anchor SAT sanity check (score 1.000),True,variants/generated_multiplier_4_original.blif,variants/generated_multiplier_4_balance.blif
generated_multiplier_4,balance,new_n19,1,new_n19,1.0,1.0,1.0,1.0,1,1,1,exact_anchor,1,1,256,1,cb06df8e226a6307,cb06df8e226a6307,2,2,2,2,exact anchor SAT sanity check (score 1.000),True,variants/generated_multiplier_4_original.blif,variants/generated_multiplier_4_balance.blif
generated_multiplier_4,balance,new_n20,1,new_n20,1.0,1.0,1.0,1.0,2,2,1,exact_anchor,1,1,256,1,e0918d70fe50a066,e0918d70fe50a066,4,4,2,2,exact anchor SAT sanity check (score 1.000),True,variants/generated_multiplier_4_original.blif,variants/generated_multiplier_4_balance.blif
generated_multiplier_4,balance,new_n21,1,new_n21,1.0,1.0,1.0,1.0,2,2,1,exact_anchor,1,1,256,1,cf15de6ce236cf9a,cf15de6ce236cf9a,4,4,2,2,exact anchor SAT sanity check (score 1.000),True,variants/generated_multiplier_4_original.blif,variants/generated_multiplier_4_balance.blif
generated_multiplier_4,balance,new_n23,1,new_n23,1.0,1.0,1.0,1.0,1,1,1,exact_anchor,1,1,256,1,4b515fd7d699498f,4b515fd7d699498f,2,2,2,2,exact anchor SAT sanity check (score 1.000),True,variants/generated_multiplier_4_original.blif,variants/generated_multiplier_4_balance.blif
generated_multiplier_4,balance,new_n24,1,new_n24,1.0,1.0,1.0,1.0,2,2,1,exact_anchor,1,1,256,1,2bf13ecf2111bbd3,2bf13ecf2111bbd3,4,4,2,2,exact anchor SAT sanity check (score 1.000),True,variants/generated_multiplier_4_original.blif,variants/generated_multiplier_4_balance.blif
generated_multiplier_4,balance,new_n25,1,new_n25,1.0,1.0,1.0,1.0,1,1,1,exact_anchor,1,1,256,1,43826ad8aaba919c,43826ad8aaba919c,2,2,2,2,exact anchor SAT sanity check (score 1.000),True,variants/generated_multiplier_4_original.blif,variants/generated_multiplier_4_balance.blif
generated_multiplier_4,balance,new_n26,1,new_n26,1.0,1.0,1.0,1.0,3,3,1,exact_anchor,1,1,256,1,ff53e7a71e59580f,ff53e7a71e59580f,5,5,2,2,exact anchor SAT sanity check (score 1.000),True,variants/generated_multiplier_4_original.blif,variants/generated_multiplier_4_balance.blif
generated_multiplier_4,balance,new_n27,1,new_n27,1.0,1.0,1.0,1.0,3,3,1,exact_anchor,1,1,256,1,768f34e3306bddab,768f34e3306bddab,5,5,2,2,exact anchor SAT sanity check (score 1.000),True,variants/generated_multiplier_4_original.blif,variants/generated_multiplier_4_balance.blif
generated_multiplier_4,balance,new_n28,1,new_n28,1.0,1.0,1.0,1.0,4,4,1,exact_anchor,1,1,256,1,3190aed2d5dce916,3190aed2d5dce916,5,5,2,2,exact anchor SAT sanity check (score 1.000),True,variants/generated_multiplier_4_original.blif,variants/generated_multiplier_4_balance.blif
generated_multiplier_4,balance,new_n29,1,new_n29,1.0,1.0,1.0,1.0,1,1,1,exact_anchor,1,1,256,1,6a73686ecc682206,6a73686ecc682206,2,2,2,2,exact anchor SAT sanity check (score 1.000),True,variants/generated_multiplier_4_original.blif,variants/generated_multiplier_4_balance.blif
generated_multiplier_4,balance,new_n30,1,new_n30,1.0,1.0,1.0,1.0,5,5,1,exact_anchor,1,1,256,1,5ef274b86cd7e770,5ef274b86cd7e770,5,5,2,2,exact anchor SAT sanity check (score 1.000),True,variants/generated_multiplier_4_original.blif,variants/generated_multiplier_4_balance.blif
generated_multiplier_4,balance,new_n31,1,new_n31,1.0,1.0,1.0,1.0,5,5,1,exact_anchor,1,1,256,1,f3b31876b86d5bf7,f3b31876b86d5bf7,5,5,2,2,exact anchor SAT sanity check (score 1.000),True,variants/generated_multiplier_4_original.blif,variants/generated_multiplier_4_balance.blif
generated_multiplier_4,balance,new_n32,1,new_n32,1.0,1.0,1.0,1.0,6,6,1,exact_anchor,1,1,256,1,e10575f2228f5e54,e10575f2228f5e54,5,5,2,2,exact anchor SAT sanity check (score 1.000),True,variants/generated_multiplier_4_original.blif,variants/generated_multiplier_4_balance.blif
generated_multiplier_4,balance,new_n33,1,new_n33,1.0,1.0,1.0,1.0,7,7,1,exact_anchor,1,1,256,1,3462685c2978dbd7,3462685c2978dbd7,6,6,2,2,exact anchor SAT sanity check (score 1.000),True,variants/generated_multiplier_4_original.blif,variants/generated_multiplier_4_balance.blif
generated_multiplier_4,balance,new_n34,1,new_n34,1.0,1.0,1.0,1.0,7,7,1,exact_anchor,1,1,256,1,ac57c4c2f96b8cd9,ac57c4c2f96b8cd9,6,6,2,2,exact anchor SAT sanity check (score 1.000),True,variants/generated_multiplier_4_original.blif,variants/generated_multiplier_4_balance.blif
generated_multiplier_4,balance,new_n36,1,new_n36,1.0,1.0,1.0,1.0,1,1,1,exact_anchor,1,1,256,1,06c3272985e328dc,06c3272985e328dc,2,2,2,2,exact anchor SAT sanity check (score 1.000),True,variants/generated_multiplier_4_original.blif,variants/generated_multiplier_4_balance.blif
generated_multiplier_4,balance,new_n37,1,new_n37,1.0,1.0,1.0,1.0,7,7,1,exact_anchor,1,1,256,1,6eaa28379cbfc583,6eaa28379cbfc583,6,6,2,2,exact anchor SAT sanity check (score 1.000),True,variants/generated_multiplier_4_original.blif,variants/generated_multiplier_4_balance.blif
generated_multiplier_4,balance,new_n38,1,new_n38,1.0,1.0,1.0,1.0,3,3,1,exact_anchor,1,1,256,1,687c9dc04f81488b,687c9dc04f81488b,5,5,2,2,exact anchor SAT sanity check (score 1.000),True,variants/generated_multiplier_4_original.blif,variants/generated_multiplier_4_balance.blif
generated_multiplier_4,balance,new_n39,1,new_n39,1.0,1.0,1.0,1.0,3,3,1,exact_anchor,1,1,256,1,65cb0c2ec5e90b92,65cb0c2ec5e90b92,4,4,2,2,exact anchor SAT sanity check (score 1.000),True,variants/generated_multiplier_4_original.blif,variants/generated_multiplier_4_balance.blif
generated_multiplier_4,balance,new_n40,1,new_n41,1.0,1.0,1.0,1.0,2,2,1,exact_anchor,1,1,256,1,155a98949f72be0b,155a98949f72be0b,4,4,2,2,exact anchor SAT sanity check (score 1.000),True,variants/generated_multiplier_4_original.blif,variants/generated_multiplier_4_balance.blif
generated_multiplier_4,balance,new_n42,1,new_n42,1.0,1.0,1.0,1.0,5,5,1,exact_anchor,1,1,256,1,a25184d7d70e8843,a25184d7d70e8843,5,5,2,2,exact anchor SAT sanity check (score 1.000),True,variants/generated_multiplier_4_original.blif,variants/generated_multiplier_4_balance.blif
generated_multiplier_4,balance,new_n43,1,new_n43,1.0,1.0,1.0,1.0,8,8,1,exact_anchor,1,1,256,1,bc780a3d93f5d496,bc780a3d93f5d496,6,6,2,2,exact anchor SAT sanity check (score 1.000),True,variants/generated_multiplier_4_original.blif,variants/generated_multiplier_4_balance.blif
generated_multiplier_4,balance,new_n44,1,new_n44,1.0,1.0,1.0,1.0,8,8,1,exact_anchor,1,1,256,1,95139ed949feb43d,95139ed949feb43d,6,6,2,2,exact anchor SAT sanity check (score 1.000),True,variants/generated_multiplier_4_original.blif,variants/generated_multiplier_4_balance.blif
generated_multiplier_4,balance,new_n45,1,new_n45,1.0,1.0,1.0,1.0,9,9,1,exact_anchor,1,1,256,1,3e9d6c1bef08b293,3e9d6c1bef08b293,6,6,2,2,exact anchor SAT sanity check (score 1.000),True,variants/generated_multiplier_4_original.blif,variants/generated_multiplier_4_balance.blif
generated_multiplier_4,balance,new_n46,1,new_n46,1.0,1.0,1.0,1.0,1,1,1,exact_anchor,1,1,256,1,1ac90e850d694c08,1ac90e850d694c08,2,2,2,2,exact anchor SAT sanity check (score 1.000),True,variants/generated_multiplier_4_original.blif,variants/generated_multiplier_4_balance.blif
generated_multiplier_4,balance,new_n47,1,new_n47,1.0,1.0,1.0,1.0,10,10,1,exact_anchor,1,1,256,1,b6ce367596e194a5,b6ce367596e194a5,7,7,2,2,exact anchor SAT sanity check (score 1.000),True,variants/generated_multiplier_4_original.blif,variants/generated_multiplier_4_balance.blif
generated_multiplier_4,balance,new_n48,1,new_n48,1.0,1.0,1.0,1.0,10,10,1,exact_anchor,1,1,256,1,7fe2e1577981904f,7fe2e1577981904f,7,7,2,2,exact anchor SAT sanity check (score 1.000),True,variants/generated_multiplier_4_original.blif,variants/generated_multiplier_4_balance.blif
generated_multiplier_4,balance,new_n49,1,new_n49,1.0,1.0,1.0,1.0,11,11,1,exact_anchor,1,1,256,1,2a405c951c90f415,2a405c951c90f415,7,7,2,2,exact anchor SAT sanity check (score 1.000),True,variants/generated_multiplier_4_original.blif,variants/generated_multiplier_4_balance.blif
generated_multiplier_4,balance,new_n50,1,new_n50,1.0,1.0,1.0,1.0,1,1,1,exact_anchor,1,1,256,1,31cb5c0aa63e9a47,31cb5c0aa63e9a47,2,2,2,2,exact anchor SAT sanity check (score 1.000),True,variants/generated_multiplier_4_original.blif,variants/generated_multiplier_4_balance.blif
generated_multiplier_4,balance,new_n51,1,new_n51,1.0,1.0,1.0,1.0,12,12,1,exact_anchor,1,1,256,1,f600c848e0e1d993,f600c848e0e1d993,7,7,2,2,exact anchor SAT sanity check (score 1.000),True,variants/generated_multiplier_4_original.blif,variants/generated_multiplier_4_balance.blif
generated_multiplier_4,balance,new_n52,1,new_n52,1.0,1.0,1.0,1.0,12,12,1,exact_anchor,1,1,256,1,d8e7472bb9540f7a,d8e7472bb9540f7a,7,7,2,2,exact anchor SAT sanity check (score 1.000),True,variants/generated_multiplier_4_original.blif,variants/generated_multiplier_4_balance.blif
generated_multiplier_4,balance,new_n53,1,new_n53,1.0,1.0,1.0,1.0,13,13,1,exact_anchor,1,1,256,1,32c4f6178277862f,32c4f6178277862f,7,7,2,2,exact anchor SAT sanity check (score 1.000),True,variants/generated_multiplier_4_original.blif,variants/generated_multiplier_4_balance.blif
generated_multiplier_4,balance,new_n54,1,new_n54,1.0,1.0,1.0,1.0,1,1,1,exact_anchor,1,1,256,1,cb60c2fbaaf9f6e2,cb60c2fbaaf9f6e2,2,2,2,2,exact anchor SAT sanity check (score 1.000),True,variants/generated_multiplier_4_original.blif,variants/generated_multiplier_4_balance.blif
generated_multiplier_4,balance,new_n55,1,new_n55,1.0,1.0,1.0,1.0,14,14,1,exact_anchor,1,1,256,1,ff1db1d16a102baa,ff1db1d16a102baa,7,7,2,2,exact anchor SAT sanity check (score 1.000),True,variants/generated_multiplier_4_original.blif,variants/generated_multiplier_4_balance.blif
generated_multiplier_4,balance,new_n56,1,new_n56,1.0,1.0,1.0,1.0,14,14,1,exact_anchor,1,1,256,1,59fec561c86cb554,59fec561c86cb554,7,7,2,2,exact anchor SAT sanity check (score 1.000),True,variants/generated_multiplier_4_original.blif,variants/generated_multiplier_4_balance.blif
generated_multiplier_4,balance,new_n57,1,new_n57,1.0,1.0,1.0,1.0,15,15,1,exact_anchor,1,1,256,1,91438d80d49aaf39,91438d80d49aaf39,7,7,2,2,exact anchor SAT sanity check (score 1.000),True,variants/generated_multiplier_4_original.blif,variants/generated_multiplier_4_balance.blif
generated_multiplier_4,balance,new_n58,1,new_n58,1.0,1.0,1.0,1.0,16,16,1,exact_anchor,1,1,256,1,177eb242678f885a,177eb242678f885a,8,8,2,2,exact anchor SAT sanity check (score 1.000),True,variants/generated_multiplier_4_original.blif,variants/generated_multiplier_4_balance.blif
generated_multiplier_4,balance,new_n59,1,new_n59,1.0,1.0,1.0,1.0,16,16,1,exact_anchor,1,1,256,1,3be26798005f5314,3be26798005f5314,8,8,2,2,exact anchor SAT sanity check (score 1.000),True,variants/generated_multiplier_4_original.blif,variants/generated_multiplier_4_balance.blif
generated_multiplier_4,balance,new_n61,1,new_n61,1.0,1.0,1.0,1.0,1,1,1,exact_anchor,1,1,256,1,b8de2bc840a17203,b8de2bc840a17203,2,2,2,2,exact anchor SAT sanity check (score 1.000),True,variants/generated_multiplier_4_original.blif,variants/generated_multiplier_4_balance.blif
generated_multiplier_4,balance,new_n62,1,new_n62,1.0,1.0,1.0,1.0,16,16,1,exact_anchor,1,1,256,1,895121da96d29c8c,895121da96d29c8c,8,8,2,2,exact anchor SAT sanity check (score 1.000),True,variants/generated_multiplier_4_original.blif,variants/generated_multiplier_4_balance.blif
generated_multiplier_4,balance,new_n63,1,new_n63,1.0,1.0,1.0,1.0,12,12,1,exact_anchor,1,1,256,1,f2b97f311a2f1992,f2b97f311a2f1992,7,7,2,2,exact anchor SAT sanity check (score 1.000),True,variants/generated_multiplier_4_original.blif,variants/generated_multiplier_4_balance.blif
generated_multiplier_4,balance,new_n64,1,new_n64,1.0,1.0,1.0,1.0,12,12,1,exact_anchor,1,1,256,1,aaa1b5e15bf943f4,aaa1b5e15bf943f4,7,7,2,2,exact anchor SAT sanity check (score 1.000),True,variants/generated_multiplier_4_original.blif,variants/generated_multiplier_4_balance.blif
generated_multiplier_4,balance,new_n65,1,new_n66,1.0,1.0,1.0,1.0,2,2,1,exact_anchor,1,1,256,1,ad7389ab505febfe,ad7389ab505febfe,4,4,2,2,exact anchor SAT sanity check (score 1.000),True,variants/generated_multiplier_4_original.blif,variants/generated_multiplier_4_balance.blif
generated_multiplier_4,balance,new_n67,1,new_n67,1.0,1.0,1.0,1.0,14,14,1,exact_anchor,1,1,256,1,dbad4ed6f53ead5a,dbad4ed6f53ead5a,7,7,2,2,exact anchor SAT sanity check (score 1.000),True,variants/generated_multiplier_4_original.blif,variants/generated_multiplier_4_balance.blif
generated_multiplier_4,balance,new_n68,1,new_n68,1.0,1.0,1.0,1.0,17,17,1,exact_anchor,1,1,256,1,326334894385b3db,326334894385b3db,8,8,2,2,exact anchor SAT sanity check (score 1.000),True,variants/generated_multiplier_4_original.blif,variants/generated_multiplier_4_balance.blif
generated_multiplier_4,balance,new_n69,1,new_n69,1.0,1.0,1.0,1.0,17,17,1,exact_anchor,1,1,256,1,2ab65460456dd7d8,2ab65460456dd7d8,8,8,2,2,exact anchor SAT sanity check (score 1.000),True,variants/generated_multiplier_4_original.blif,variants/generated_multiplier_4_balance.blif
generated_multiplier_4,balance,new_n70,1,new_n70,1.0,1.0,1.0,1.0,18,18,1,exact_anchor,1,1,256,1,42dcbd0d3430c661,42dcbd0d3430c661,8,8,2,2,exact anchor SAT sanity check (score 1.000),True,variants/generated_multiplier_4_original.blif,variants/generated_multiplier_4_balance.blif
generated_multiplier_4,balance,new_n71,1,new_n71,1.0,1.0,1.0,1.0,8,8,1,exact_anchor,1,1,256,1,757284f4221f6662,757284f4221f6662,6,6,2,2,exact anchor SAT sanity check (score 1.000),True,variants/generated_multiplier_4_original.blif,variants/generated_multiplier_4_balance.blif
generated_multiplier_4,balance,new_n72,1,new_n72,1.0,1.0,1.0,1.0,8,8,1,exact_anchor,1,1,256,1,396d076880f65991,396d076880f65991,7,7,2,2,exact anchor SAT sanity check (score 1.000),True,variants/generated_multiplier_4_original.blif,variants/generated_multiplier_4_balance.blif
generated_multiplier_4,balance,new_n73,1,new_n74,1.0,1.0,1.0,1.0,6,6,1,exact_anchor,1,1,256,1,760014ef1e419c3e,760014ef1e419c3e,6,6,2,2,exact anchor SAT sanity check (score 1.000),True,variants/generated_multiplier_4_original.blif,variants/generated_multiplier_4_balance.blif
generated_multiplier_4,balance,new_n75,1,new_n75,1.0,1.0,1.0,1.0,10,10,1,exact_anchor,1,1,256,1,8e3302147e0d4501,8e3302147e0d4501,7,7,2,2,exact anchor SAT sanity check (score 1.000),True,variants/generated_multiplier_4_original.blif,variants/generated_multiplier_4_balance.blif
generated_multiplier_4,balance,new_n76,1,new_n76,1.0,1.0,1.0,1.0,19,19,1,exact_anchor,1,1,256,1,9514e7ef5458cf43,9514e7ef5458cf43,8,8,2,2,exact anchor SAT sanity check (score 1.000),True,variants/generated_multiplier_4_original.blif,variants/generated_multiplier_4_balance.blif
generated_multiplier_4,balance,new_n77,1,new_n77,1.0,1.0,1.0,1.0,19,19,1,exact_anchor,1,1,256,1,aa5a7dbe3480ce25,aa5a7dbe3480ce25,8,8,2,2,exact anchor SAT sanity check (score 1.000),True,variants/generated_multiplier_4_original.blif,variants/generated_multiplier_4_balance.blif
generated_multiplier_4,balance,new_n78,1,new_n78,1.0,1.0,1.0,1.0,20,20,1,exact_anchor,1,1,256,1,42bf6770a8a2e970,42bf6770a8a2e970,8,8,2,2,exact anchor SAT sanity check (score 1.000),True,variants/generated_multiplier_4_original.blif,variants/generated_multiplier_4_balance.blif
generated_multiplier_4,balance,new_n79,1,new_n79,1.0,1.0,1.0,1.0,1,1,1,exact_anchor,1,1,256,1,c4415c893735d027,c4415c893735d027,2,2,2,2,exact anchor SAT sanity check (score 1.000),True,variants/generated_multiplier_4_original.blif,variants/generated_multiplier_4_balance.blif
generated_multiplier_4,balance,new_n80,1,new_n80,1.0,1.0,1.0,1.0,21,21,1,exact_anchor,1,1,256,1,198d5cd83c1c256f,198d5cd83c1c256f,8,8,2,2,exact anchor SAT sanity check (score 1.000),True,variants/generated_multiplier_4_original.blif,variants/generated_multiplier_4_balance.blif
generated_multiplier_4,balance,new_n81,1,new_n81,1.0,1.0,1.0,1.0,21,21,1,exact_anchor,1,1,256,1,9dfc1f6df7623fc8,9dfc1f6df7623fc8,8,8,2,2,exact anchor SAT sanity check (score 1.000),True,variants/generated_multiplier_4_original.blif,variants/generated_multiplier_4_balance.blif
generated_multiplier_4,balance,new_n82,1,new_n82,1.0,1.0,1.0,1.0,22,22,1,exact_anchor,1,1,256,1,119359fcfa7caee3,119359fcfa7caee3,8,8,2,2,exact anchor SAT sanity check (score 1.000),True,variants/generated_multiplier_4_original.blif,variants/generated_multiplier_4_balance.blif
generated_multiplier_4,balance,new_n83,1,new_n83,1.0,1.0,1.0,1.0,1,1,1,exact_anchor,1,1,256,1,9c88b7dd1fdb5687,9c88b7dd1fdb5687,2,2,2,2,exact anchor SAT sanity check (score 1.000),True,variants/generated_multiplier_4_original.blif,variants/generated_multiplier_4_balance.blif
generated_multiplier_4,balance,new_n84,1,new_n84,1.0,1.0,1.0,1.0,23,23,1,exact_anchor,1,1,256,1,16cb8fd814bc16da,16cb8fd814bc16da,8,8,2,2,exact anchor SAT sanity check (score 1.000),True,variants/generated_multiplier_4_original.blif,variants/generated_multiplier_4_balance.blif
generated_multiplier_4,balance,new_n85,1,new_n85,1.0,1.0,1.0,1.0,23,23,1,exact_anchor,1,1,256,1,d4c73d2879d2096b,d4c73d2879d2096b,8,8,2,2,exact anchor SAT sanity check (score 1.000),True,variants/generated_multiplier_4_original.blif,variants/generated_multiplier_4_balance.blif
generated_multiplier_4,balance,new_n86,1,new_n86,1.0,1.0,1.0,1.0,24,24,1,exact_anchor,1,1,256,1,cd1d2a0338d3dddb,cd1d2a0338d3dddb,8,8,2,2,exact anchor SAT sanity check (score 1.000),True,variants/generated_multiplier_4_original.blif,variants/generated_multiplier_4_balance.blif
generated_multiplier_4,balance,new_n87,1,new_n87,1.0,1.0,1.0,1.0,25,25,1,exact_anchor,1,1,256,1,720c98dc5315d520,720c98dc5315d520,8,8,2,2,exact anchor SAT sanity check (score 1.000),True,variants/generated_multiplier_4_original.blif,variants/generated_multiplier_4_balance.blif
generated_multiplier_4,balance,new_n88,1,new_n88,1.0,1.0,1.0,1.0,25,25,1,exact_anchor,1,1,256,1,265fa236ccd1bb4e,265fa236ccd1bb4e,8,8,2,2,exact anchor SAT sanity check (score 1.000),True,variants/generated_multiplier_4_original.blif,variants/generated_multiplier_4_balance.blif
generated_multiplier_4,balance,new_n90,1,new_n90,1.0,1.0,1.0,1.0,25,25,1,exact_anchor,1,1,256,1,0d4bf7cd3aabe0ea,0d4bf7cd3aabe0ea,8,8,2,2,exact anchor SAT sanity check (score 1.000),True,variants/generated_multiplier_4_original.blif,variants/generated_multiplier_4_balance.blif
generated_multiplier_4,balance,new_n91,1,new_n91,1.0,1.0,1.0,1.0,21,21,1,exact_anchor,1,1,256,1,0292939b1cf1f656,0292939b1cf1f656,8,8,2,2,exact anchor SAT sanity check (score 1.000),True,variants/generated_multiplier_4_original.blif,variants/generated_multiplier_4_balance.blif
generated_multiplier_4,balance,new_n92,1,new_n92,1.0,1.0,1.0,1.0,21,21,1,exact_anchor,1,1,256,1,fd305813b92539a1,fd305813b92539a1,8,8,2,2,exact anchor SAT sanity check (score 1.000),True,variants/generated_multiplier_4_original.blif,variants/generated_multiplier_4_balance.blif
generated_multiplier_4,balance,new_n93,1,new_n94,1.0,1.0,1.0,1.0,2,2,1,exact_anchor,1,1,256,1,eed85922eda3c95b,eed85922eda3c95b,4,4,2,2,exact anchor SAT sanity check (score 1.000),True,variants/generated_multiplier_4_original.blif,variants/generated_multiplier_4_balance.blif
generated_multiplier_4,balance,new_n95,1,new_n95,1.0,1.0,1.0,1.0,23,23,1,exact_anchor,1,1,256,1,b5f640685f507235,b5f640685f507235,8,8,2,2,exact anchor SAT sanity check (score 1.000),True,variants/generated_multiplier_4_original.blif,variants/generated_multiplier_4_balance.blif
generated_multiplier_4,balance,new_n96,1,new_n96,1.0,1.0,1.0,1.0,26,26,1,exact_anchor,1,1,256,1,2b5873f94463eaf5,2b5873f94463eaf5,8,8,2,2,exact anchor SAT sanity check (score 1.000),True,variants/generated_multiplier_4_original.blif,variants/generated_multiplier_4_balance.blif
generated_multiplier_4,balance,new_n97,1,new_n97,1.0,1.0,1.0,1.0,26,26,1,exact_anchor,1,1,256,1,5d2c9a116295da61,5d2c9a116295da61,8,8,2,2,exact anchor SAT sanity check (score 1.000),True,variants/generated_multiplier_4_original.blif,variants/generated_multiplier_4_balance.blif
generated_multiplier_4,balance,new_n98,1,new_n98,1.0,1.0,1.0,1.0,27,27,1,exact_anchor,1,1,256,1,e0c244a114dfd73b,e0c244a114dfd73b,8,8,2,2,exact anchor SAT sanity check (score 1.000),True,variants/generated_multiplier_4_original.blif,variants/generated_multiplier_4_balance.blif
generated_multiplier_4,balance,new_n99,1,new_n99,1.0,1.0,1.0,1.0,17,17,1,exact_anchor,1,1,256,1,123c6bb80e94413c,123c6bb80e94413c,8,8,2,2,exact anchor SAT sanity check (score 1.000),True,variants/generated_multiplier_4_original.blif,variants/generated_multiplier_4_balance.blif
generated_multiplier_4,balance,new_n100,1,new_n100,1.0,1.0,1.0,1.0,17,17,1,exact_anchor,1,1,256,1,a0d2515027a0db50,a0d2515027a0db50,8,8,2,2,exact anchor SAT sanity check (score 1.000),True,variants/generated_multiplier_4_original.blif,variants/generated_multiplier_4_balance.blif
generated_multiplier_4,balance,new_n101,1,new_n102,1.0,1.0,1.0,1.0,15,15,1,exact_anchor,1,1,256,1,1598a06c02b11f4b,1598a06c02b11f4b,7,7,2,2,exact anchor SAT sanity check (score 1.000),True,variants/generated_multiplier_4_original.blif,variants/generated_multiplier_4_balance.blif
generated_multiplier_4,balance,new_n103,1,new_n103,1.0,1.0,1.0,1.0,19,19,1,exact_anchor,1,1,256,1,de0a9396a842ddca,de0a9396a842ddca,8,8,2,2,exact anchor SAT sanity check (score 1.000),True,variants/generated_multiplier_4_original.blif,variants/generated_multiplier_4_balance.blif
generated_multiplier_4,balance,new_n104,1,new_n104,1.0,1.0,1.0,1.0,28,28,1,exact_anchor,1,1,256,1,8bc568f51adc9bf1,8bc568f51adc9bf1,8,8,2,2,exact anchor SAT sanity check (score 1.000),True,variants/generated_multiplier_4_original.blif,variants/generated_multiplier_4_balance.blif
generated_multiplier_4,balance,new_n105,1,new_n105,1.0,1.0,1.0,1.0,28,28,1,exact_anchor,1,1,256,1,f547b12273626e4d,f547b12273626e4d,8,8,2,2,exact anchor SAT sanity check (score 1.000),True,variants/generated_multiplier_4_original.blif,variants/generated_multiplier_4_balance.blif
generated_multiplier_4,balance,new_n106,1,new_n106,1.0,1.0,1.0,1.0,29,29,1,exact_anchor,1,1,256,1,95aec9dc6bf5e25c,95aec9dc6bf5e25c,8,8,2,2,exact anchor SAT sanity check (score 1.000),True,variants/generated_multiplier_4_original.blif,variants/generated_multiplier_4_balance.blif
generated_multiplier_4,balance,new_n107,1,new_n107,1.0,1.0,1.0,1.0,1,1,1,exact_anchor,1,1,256,1,037bb0b7ec757977,037bb0b7ec757977,2,2,2,2,exact anchor SAT sanity check (score 1.000),True,variants/generated_multiplier_4_original.blif,variants/generated_multiplier_4_balance.blif
generated_multiplier_4,balance,new_n108,1,new_n108,1.0,1.0,1.0,1.0,30,30,1,exact_anchor,1,1,256,1,f3d4fa460fa1972a,f3d4fa460fa1972a,8,8,2,2,exact anchor SAT sanity check (score 1.000),True,variants/generated_multiplier_4_original.blif,variants/generated_multiplier_4_balance.blif
generated_multiplier_4,balance,new_n109,1,new_n109,1.0,1.0,1.0,1.0,30,30,1,exact_anchor,1,1,256,1,fc30d8bf83272b55,fc30d8bf83272b55,8,8,2,2,exact anchor SAT sanity check (score 1.000),True,variants/generated_multiplier_4_original.blif,variants/generated_multiplier_4_balance.blif
generated_multiplier_4,balance,new_n110,1,new_n110,1.0,1.0,1.0,1.0,31,31,1,exact_anchor,1,1,256,1,9e50b5e2ab904157,9e50b5e2ab904157,8,8,2,2,exact anchor SAT sanity check (score 1.000),True,variants/generated_multiplier_4_original.blif,variants/generated_multiplier_4_balance.blif
generated_multiplier_4,balance,new_n111,1,new_n111,1.0,1.0,1.0,1.0,1,1,1,exact_anchor,1,1,256,1,b0351b35ebc9fd1b,b0351b35ebc9fd1b,2,2,2,2,exact anchor SAT sanity check (score 1.000),True,variants/generated_multiplier_4_original.blif,variants/generated_multiplier_4_balance.blif
generated_multiplier_4,balance,new_n112,1,new_n112,1.0,1.0,1.0,1.0,32,32,1,exact_anchor,1,1,256,1,67ed0a2dc55f2575,67ed0a2dc55f2575,8,8,2,2,exact anchor SAT sanity check (score 1.000),True,variants/generated_multiplier_4_original.blif,variants/generated_multiplier_4_balance.blif
generated_multiplier_4,balance,new_n113,1,new_n113,1.0,1.0,1.0,1.0,32,32,1,exact_anchor,1,1,256,1,cc9d40aad5a849b0,cc9d40aad5a849b0,8,8,2,2,exact anchor SAT sanity check (score 1.000),True,variants/generated_multiplier_4_original.blif,variants/generated_multiplier_4_balance.blif
generated_multiplier_4,balance,new_n115,1,new_n115,1.0,1.0,1.0,1.0,30,30,1,exact_anchor,1,1,256,1,ef9b05d606e21933,ef9b05d606e21933,8,8,2,2,exact anchor SAT sanity check (score 1.000),True,variants/generated_multiplier_4_original.blif,variants/generated_multiplier_4_balance.blif
generated_multiplier_4,balance,new_n116,1,new_n116,1.0,1.0,1.0,1.0,30,30,1,exact_anchor,1,1,256,1,3883d57a691fd2a3,3883d57a691fd2a3,8,8,2,2,exact anchor SAT sanity check (score 1.000),True,variants/generated_multiplier_4_original.blif,variants/generated_multiplier_4_balance.blif
generated_multiplier_4,balance,new_n117,1,new_n118,1.0,1.0,1.0,1.0,2,2,1,exact_anchor,1,1,256,1,e6bd08b39e052b9d,e6bd08b39e052b9d,4,4,2,2,exact anchor SAT sanity check (score 1.000),True,variants/generated_multiplier_4_original.blif,variants/generated_multiplier_4_balance.blif
generated_multiplier_4,balance,new_n119,1,new_n119,1.0,1.0,1.0,1.0,32,32,1,exact_anchor,1,1,256,1,1de303d0a71e3f34,1de303d0a71e3f34,8,8,2,2,exact anchor SAT sanity check (score 1.000),True,variants/generated_multiplier_4_original.blif,variants/generated_multiplier_4_balance.blif
generated_multiplier_4,balance,new_n120,1,new_n120,1.0,1.0,1.0,1.0,26,26,1,exact_anchor,1,1,256,1,ef72686737b363d0,ef72686737b363d0,8,8,2,2,exact anchor SAT sanity check (score 1.000),True,variants/generated_multiplier_4_original.blif,variants/generated_multiplier_4_balance.blif
generated_multiplier_4,balance,new_n121,1,new_n121,1.0,1.0,1.0,1.0,26,26,1,exact_anchor,1,1,256,1,dc7b71a2ddc81dd2,dc7b71a2ddc81dd2,8,8,2,2,exact anchor SAT sanity check (score 1.000),True,variants/generated_multiplier_4_original.blif,variants/generated_multiplier_4_balance.blif
generated_multiplier_4,balance,new_n122,1,new_n123,1.0,1.0,1.0,1.0,24,24,1,exact_anchor,1,1,256,1,a1ae5787ac14f42b,a1ae5787ac14f42b,8,8,2,2,exact anchor SAT sanity check (score 1.000),True,variants/generated_multiplier_4_original.blif,variants/generated_multiplier_4_balance.blif
generated_multiplier_4,balance,new_n124,1,new_n124,1.0,1.0,1.0,1.0,28,28,1,exact_anchor,1,1,256,1,e19c7350a04382d8,e19c7350a04382d8,8,8,2,2,exact anchor SAT sanity check (score 1.000),True,variants/generated_multiplier_4_original.blif,variants/generated_multiplier_4_balance.blif
generated_multiplier_4,balance,new_n125,1,new_n125,1.0,1.0,1.0,1.0,33,33,1,exact_anchor,1,1,256,1,f0308d3c84954188,f0308d3c84954188,8,8,2,2,exact anchor SAT sanity check (score 1.000),True,variants/generated_multiplier_4_original.blif,variants/generated_multiplier_4_balance.blif
generated_multiplier_4,balance,new_n126,1,new_n126,1.0,1.0,1.0,1.0,33,33,1,exact_anchor,1,1,256,1,0f1e77ff3c6a4b0d,0f1e77ff3c6a4b0d,8,8,2,2,exact anchor SAT sanity check (score 1.000),True,variants/generated_multiplier_4_original.blif,variants/generated_multiplier_4_balance.blif
generated_multiplier_4,balance,new_n127,1,new_n127,1.0,1.0,1.0,1.0,34,34,1,exact_anchor,1,1,256,1,a7186f0038f22cac,a7186f0038f22cac,8,8,2,2,exact anchor SAT sanity check (score 1.000),True,variants/generated_multiplier_4_original.blif,variants/generated_multiplier_4_balance.blif
generated_multiplier_4,balance,new_n128,1,new_n128,1.0,1.0,1.0,1.0,1,1,1,exact_anchor,1,1,256,1,cbd9187bb8af7b97,cbd9187bb8af7b97,2,2,2,2,exact anchor SAT sanity check (score 1.000),True,variants/generated_multiplier_4_original.blif,variants/generated_multiplier_4_balance.blif
generated_multiplier_4,balance,new_n129,1,new_n129,1.0,1.0,1.0,1.0,35,35,1,exact_anchor,1,1,256,1,1f7b13a2fad871d5,1f7b13a2fad871d5,8,8,2,2,exact anchor SAT sanity check (score 1.000),True,variants/generated_multiplier_4_original.blif,variants/generated_multiplier_4_balance.blif
generated_multiplier_4,balance,new_n130,1,new_n130,1.0,1.0,1.0,1.0,35,35,1,exact_anchor,1,1,256,1,43208014e0c3b39b,43208014e0c3b39b,8,8,2,2,exact anchor SAT sanity check (score 1.000),True,variants/generated_multiplier_4_original.blif,variants/generated_multiplier_4_balance.blif
generated_multiplier_4,balance,new_n132,1,new_n132,1.0,1.0,1.0,1.0,33,33,1,exact_anchor,1,1,256,1,06e6655b7ec044ef,06e6655b7ec044ef,8,8,2,2,exact anchor SAT sanity check (score 1.000),True,variants/generated_multiplier_4_original.blif,variants/generated_multiplier_4_balance.blif
generated_multiplier_4,balance,new_n133,1,new_n133,1.0,1.0,1.0,1.0,33,33,1,exact_anchor,1,1,256,1,a82c54656e068f84,a82c54656e068f84,8,8,2,2,exact anchor SAT sanity check (score 1.000),True,variants/generated_multiplier_4_original.blif,variants/generated_multiplier_4_balance.blif
generated_multiplier_4,balance,new_n134,1,new_n135,1.0,1.0,1.0,1.0,29,29,1,exact_anchor,1,1,256,1,9f629d4f7228878e,9f629d4f7228878e,8,8,2,2,exact anchor SAT sanity check (score 1.000),True,variants/generated_multiplier_4_original.blif,variants/generated_multiplier_4_balance.blif
generated_multiplier_4,compress2rs,new_n18,1,new_n18,1.0,1.0,1.0,1.0,1,1,1,exact_anchor,1,1,256,1,47d9ec050d70fefa,47d9ec050d70fefa,2,2,2,2,exact anchor SAT sanity check (score 1.000),True,variants/generated_multiplier_4_original.blif,variants/generated_multiplier_4_compress2rs.blif
generated_multiplier_4,compress2rs,new_n19,1,new_n19,1.0,1.0,1.0,1.0,1,1,1,exact_anchor,1,1,256,1,cb06df8e226a6307,cb06df8e226a6307,2,2,2,2,exact anchor SAT sanity check (score 1.000),True,variants/generated_multiplier_4_original.blif,variants/generated_multiplier_4_compress2rs.blif
generated_multiplier_4,compress2rs,new_n21,1,new_n29,1.0,1.0,1.0,1.0,1,1,1,exact_anchor,1,1,256,1,6a73686ecc682206,6a73686ecc682206,2,2,2,2,exact anchor SAT sanity check (score 1.000),True,variants/generated_multiplier_4_original.blif,variants/generated_multiplier_4_compress2rs.blif
generated_multiplier_4,compress2rs,new_n22,1,new_n24,1.0,1.0,1.0,1.0,2,2,1,exact_anchor,1,1,256,1,2bf13ecf2111bbd3,2bf13ecf2111bbd3,4,4,2,2,exact anchor SAT sanity check (score 1.000),True,variants/generated_multiplier_4_original.blif,variants/generated_multiplier_4_compress2rs.blif
generated_multiplier_4,compress2rs,new_n24,1,new_n23,1.0,1.0,1.0,1.0,1,1,1,exact_anchor,1,1,256,1,4b515fd7d699498f,4b515fd7d699498f,2,2,2,2,exact anchor SAT sanity check (score 1.000),True,variants/generated_multiplier_4_original.blif,variants/generated_multiplier_4_compress2rs.blif
generated_multiplier_4,compress2rs,new_n25,1,new_n25,1.0,1.0,1.0,1.0,1,1,1,exact_anchor,1,1,256,1,43826ad8aaba919c,43826ad8aaba919c,2,2,2,2,exact anchor SAT sanity check (score 1.000),True,variants/generated_multiplier_4_original.blif,variants/generated_multiplier_4_compress2rs.blif
generated_multiplier_4,compress2rs,new_n29,1,new_n32,0.9333333333333332,1.0,1.0,0.3333333333333333,4,6,1,exact_anchor,1,1,256,1,e4f6d304dd7b6aeb,e10575f2228f5e54,5,5,2,2,exact anchor SAT sanity check (score 0.933),True,variants/generated_multiplier_4_original.blif,variants/generated_multiplier_4_compress2rs.blif
generated_multiplier_4,compress2rs,new_n30,1,new_n37,0.9333333333333332,1.0,1.0,0.3333333333333333,5,7,1,exact_anchor,1,1,256,1,d7cd26ee25736c35,6eaa28379cbfc583,6,6,2,2,exact anchor SAT sanity check (score 0.933),True,variants/generated_multiplier_4_original.blif,variants/generated_multiplier_4_compress2rs.blif
generated_multiplier_4,compress2rs,new_n33,1,new_n36,1.0,1.0,1.0,1.0,1,1,1,exact_anchor,1,1,256,1,06c3272985e328dc,06c3272985e328dc,2,2,2,2,exact anchor SAT sanity check (score 1.000),True,variants/generated_multiplier_4_original.blif,variants/generated_multiplier_4_compress2rs.blif
generated_multiplier_4,compress2rs,new_n34,1,new_n54,1.0,1.0,1.0,1.0,1,1,1,exact_anchor,1,1,256,1,cb60c2fbaaf9f6e2,cb60c2fbaaf9f6e2,2,2,2,2,exact anchor SAT sanity check (score 1.000),True,variants/generated_multiplier_4_original.blif,variants/generated_multiplier_4_compress2rs.blif
generated_multiplier_4,compress2rs,new_n35,1,new_n50,1.0,1.0,1.0,1.0,1,1,1,exact_anchor,1,1,256,1,31cb5c0aa63e9a47,31cb5c0aa63e9a47,2,2,2,2,exact anchor SAT sanity check (score 1.000),True,variants/generated_multiplier_4_original.blif,variants/generated_multiplier_4_compress2rs.blif
generated_multiplier_4,compress2rs,new_n36,1,new_n46,1.0,1.0,1.0,1.0,1,1,1,exact_anchor,1,1,256,1,1ac90e850d694c08,1ac90e850d694c08,2,2,2,2,exact anchor SAT sanity check (score 1.000),True,variants/generated_multiplier_4_original.blif,variants/generated_multiplier_4_compress2rs.blif
generated_multiplier_4,compress2rs,new_n38,1,new_n71,0.9333333333333332,1.0,1.0,0.3333333333333333,6,8,1,exact_anchor,1,1,256,1,4a10812e7d1b904c,757284f4221f6662,6,6,2,2,exact anchor SAT sanity check (score 0.933),True,variants/generated_multiplier_4_original.blif,variants/generated_multiplier_4_compress2rs.blif
generated_multiplier_4,compress2rs,new_n41,1,new_n47,0.9333333333333332,1.0,1.0,0.3333333333333333,8,10,1,exact_anchor,1,1,256,1,c22d3b93bdff6346,b6ce367596e194a5,7,7,2,2,exact anchor SAT sanity check (score 0.933),True,variants/generated_multiplier_4_original.blif,variants/generated_multiplier_4_compress2rs.blif
generated_multiplier_4,compress2rs,new_n42,1,new_n48,0.9333333333333332,1.0,1.0,0.3333333333333333,8,10,1,exact_anchor,1,1,256,1,d558fcdff6520de8,7fe2e1577981904f,7,7,2,2,exact anchor SAT sanity check (score 0.933),True,variants/generated_multiplier_4_original.blif,variants/generated_multiplier_4_compress2rs.blif
generated_multiplier_4,compress2rs,new_n43,1,new_n49,0.9333333333333332,1.0,1.0,0.3333333333333333,9,11,1,exact_anchor,1,1,256,1,b2cf4f4d8fb25edd,2a405c951c90f415,7,7,2,2,exact anchor SAT sanity check (score 0.933),True,variants/generated_multiplier_4_original.blif,variants/generated_multiplier_4_compress2rs.blif
generated_multiplier_4,compress2rs,new_n50,1,new_n62,0.9333333333333332,1.0,1.0,0.3333333333333333,14,16,1,exact_anchor,1,1,256,1,b8b1e290951f6a48,895121da96d29c8c,8,8,2,2,exact anchor SAT sanity check (score 0.933),True,variants/generated_multiplier_4_original.blif,variants/generated_multiplier_4_compress2rs.blif
generated_multiplier_4,compress2rs,new_n53,1,new_n61,1.0,1.0,1.0,1.0,1,1,1,exact_anchor,1,1,256,1,b8de2bc840a17203,b8de2bc840a17203,2,2,2,2,exact anchor SAT sanity check (score 1.000),True,variants/generated_multiplier_4_original.blif,variants/generated_multiplier_4_compress2rs.blif
generated_multiplier_4,compress2rs,new_n54,1,new_n83,1.0,1.0,1.0,1.0,1,1,1,exact_anchor,1,1,256,1,9c88b7dd1fdb5687,9c88b7dd1fdb5687,2,2,2,2,exact anchor SAT sanity check (score 1.000),True,variants/generated_multiplier_4_original.blif,variants/generated_multiplier_4_compress2rs.blif
generated_multiplier_4,compress2rs,new_n55,1,new_n79,1.0,1.0,1.0,1.0,1,1,1,exact_anchor,1,1,256,1,c4415c893735d027,c4415c893735d027,2,2,2,2,exact anchor SAT sanity check (score 1.000),True,variants/generated_multiplier_4_original.blif,variants/generated_multiplier_4_compress2rs.blif
generated_multiplier_4,compress2rs,new_n70,1,new_n90,0.9333333333333332,1.0,1.0,0.3333333333333333,23,25,1,exact_anchor,1,1,256,1,138306e6d7c6d08b,0d4bf7cd3aabe0ea,8,8,2,2,exact anchor SAT sanity check (score 0.933),True,variants/generated_multiplier_4_original.blif,variants/generated_multiplier_4_compress2rs.blif
generated_multiplier_4,compress2rs,new_n73,1,new_n111,1.0,1.0,1.0,1.0,1,1,1,exact_anchor,1,1,256,1,b0351b35ebc9fd1b,b0351b35ebc9fd1b,2,2,2,2,exact anchor SAT sanity check (score 1.000),True,variants/generated_multiplier_4_original.blif,variants/generated_multiplier_4_compress2rs.blif
generated_multiplier_4,compress2rs,new_n74,1,new_n107,1.0,1.0,1.0,1.0,1,1,1,exact_anchor,1,1,256,1,037bb0b7ec757977,037bb0b7ec757977,2,2,2,2,exact anchor SAT sanity check (score 1.000),True,variants/generated_multiplier_4_original.blif,variants/generated_multiplier_4_compress2rs.blif
generated_multiplier_4,compress2rs,new_n86,1,new_n113,0.9333333333333332,1.0,1.0,0.3333333333333333,30,32,1,exact_anchor,1,1,256,1,87ed027f7db92b92,cc9d40aad5a849b0,8,8,2,2,exact anchor SAT sanity check (score 0.933),True,variants/generated_multiplier_4_original.blif,variants/generated_multiplier_4_compress2rs.blif
generated_multiplier_4,compress2rs,new_n89,1,new_n128,1.0,1.0,1.0,1.0,1,1,1,exact_anchor,1,1,256,1,cbd9187bb8af7b97,cbd9187bb8af7b97,2,2,2,2,exact anchor SAT sanity check (score 1.000),True,variants/generated_multiplier_4_original.blif,variants/generated_multiplier_4_compress2rs.blif
generated_multiplier_4,compress2rs,new_n93,1,new_n132,0.9333333333333332,1.0,1.0,0.3333333333333333,31,33,1,exact_anchor,1,1,256,1,377861c37f271dae,06e6655b7ec044ef,8,8,2,2,exact anchor SAT sanity check (score 0.933),True,variants/generated_multiplier_4_original.blif,variants/generated_multiplier_4_compress2rs.blif
generated_multiplier_4,compress2rs,new_n97,1,new_n130,0.9333333333333332,1.0,1.0,0.3333333333333333,33,35,1,exact_anchor,1,1,256,1,3f0a33d41f4ea505,43208014e0c3b39b,8,8,2,2,exact anchor SAT sanity check (score 0.933),True,variants/generated_multiplier_4_original.blif,variants/generated_multiplier_4_compress2rs.blif
generated_multiplier_4,dc2,new_n18,1,new_n18,1.0,1.0,1.0,1.0,1,1,1,exact_anchor,1,1,256,1,47d9ec050d70fefa,47d9ec050d70fefa,2,2,2,2,exact anchor SAT sanity check (score 1.000),True,variants/generated_multiplier_4_original.blif,variants/generated_multiplier_4_dc2.blif
generated_multiplier_4,dc2,new_n19,1,new_n19,1.0,1.0,1.0,1.0,1,1,1,exact_anchor,1,1,256,1,cb06df8e226a6307,cb06df8e226a6307,2,2,2,2,exact anchor SAT sanity check (score 1.000),True,variants/generated_multiplier_4_original.blif,variants/generated_multiplier_4_dc2.blif
generated_multiplier_4,dc2,new_n20,1,new_n24,1.0,1.0,1.0,1.0,2,2,1,exact_anchor,1,1,256,1,2bf13ecf2111bbd3,2bf13ecf2111bbd3,4,4,2,2,exact anchor SAT sanity check (score 1.000),True,variants/generated_multiplier_4_original.blif,variants/generated_multiplier_4_dc2.blif
generated_multiplier_4,dc2,new_n23,1,new_n23,1.0,1.0,1.0,1.0,1,1,1,exact_anchor,1,1,256,1,4b515fd7d699498f,4b515fd7d699498f,2,2,2,2,exact anchor SAT sanity check (score 1.000),True,variants/generated_multiplier_4_original.blif,variants/generated_multiplier_4_dc2.blif
generated_multiplier_4,dc2,new_n24,1,new_n25,1.0,1.0,1.0,1.0,1,1,1,exact_anchor,1,1,256,1,43826ad8aaba919c,43826ad8aaba919c,2,2,2,2,exact anchor SAT sanity check (score 1.000),True,variants/generated_multiplier_4_original.blif,variants/generated_multiplier_4_dc2.blif
generated_multiplier_4,dc2,new_n25,1,new_n29,1.0,1.0,1.0,1.0,1,1,1,exact_anchor,1,1,256,1,6a73686ecc682206,6a73686ecc682206,2,2,2,2,exact anchor SAT sanity check (score 1.000),True,variants/generated_multiplier_4_original.blif,variants/generated_multiplier_4_dc2.blif
generated_multiplier_4,dc2,new_n29,1,new_n32,0.9333333333333332,1.0,1.0,0.3333333333333333,4,6,1,exact_anchor,1,1,256,1,e4f6d304dd7b6aeb,e10575f2228f5e54,5,5,2,2,exact anchor SAT sanity check (score 0.933),True,variants/generated_multiplier_4_original.blif,variants/generated_multiplier_4_dc2.blif
generated_multiplier_4,dc2,new_n30,1,new_n37,0.9333333333333332,1.0,1.0,0.3333333333333333,5,7,1,exact_anchor,1,1,256,1,d7cd26ee25736c35,6eaa28379cbfc583,6,6,2,2,exact anchor SAT sanity check (score 0.933),True,variants/generated_multiplier_4_original.blif,variants/generated_multiplier_4_dc2.blif
generated_multiplier_4,dc2,new_n33,1,new_n36,1.0,1.0,1.0,1.0,1,1,1,exact_anchor,1,1,256,1,06c3272985e328dc,06c3272985e328dc,2,2,2,2,exact anchor SAT sanity check (score 1.000),True,variants/generated_multiplier_4_original.blif,variants/generated_multiplier_4_dc2.blif
generated_multiplier_4,dc2,new_n34,1,new_n54,1.0,1.0,1.0,1.0,1,1,1,exact_anchor,1,1,256,1,cb60c2fbaaf9f6e2,cb60c2fbaaf9f6e2,2,2,2,2,exact anchor SAT sanity check (score 1.000),True,variants/generated_multiplier_4_original.blif,variants/generated_multiplier_4_dc2.blif
generated_multiplier_4,dc2,new_n35,1,new_n50,1.0,1.0,1.0,1.0,1,1,1,exact_anchor,1,1,256,1,31cb5c0aa63e9a47,31cb5c0aa63e9a47,2,2,2,2,exact anchor SAT sanity check (score 1.000),True,variants/generated_multiplier_4_original.blif,variants/generated_multiplier_4_dc2.blif
generated_multiplier_4,dc2,new_n36,1,new_n46,1.0,1.0,1.0,1.0,1,1,1,exact_anchor,1,1,256,1,1ac90e850d694c08,1ac90e850d694c08,2,2,2,2,exact anchor SAT sanity check (score 1.000),True,variants/generated_multiplier_4_original.blif,variants/generated_multiplier_4_dc2.blif
generated_multiplier_4,dc2,new_n37,1,new_n41,1.0,1.0,1.0,1.0,2,2,1,exact_anchor,1,1,256,1,155a98949f72be0b,155a98949f72be0b,4,4,2,2,exact anchor SAT sanity check (score 1.000),True,variants/generated_multiplier_4_original.blif,variants/generated_multiplier_4_dc2.blif
generated_multiplier_4,dc2,new_n38,1,new_n42,0.9333333333333332,1.0,1.0,0.3333333333333333,3,5,1,exact_anchor,1,1,256,1,e706d45cc7009455,a25184d7d70e8843,5,5,2,2,exact anchor SAT sanity check (score 0.933),True,variants/generated_multiplier_4_original.blif,variants/generated_multiplier_4_dc2.blif
generated_multiplier_4,dc2,new_n39,1,new_n71,0.9333333333333332,1.0,1.0,0.3333333333333333,6,8,1,exact_anchor,1,1,256,1,4a10812e7d1b904c,757284f4221f6662,6,6,2,2,exact anchor SAT sanity check (score 0.933),True,variants/generated_multiplier_4_original.blif,variants/generated_multiplier_4_dc2.blif
generated_multiplier_4,dc2,new_n48,1,new_n56,0.9333333333333332,1.0,1.0,0.3333333333333333,12,14,1,exact_anchor,1,1,256,1,482c1e5a9533b292,59fec561c86cb554,7,7,2,2,exact anchor SAT sanity check (score 0.933),True,variants/generated_multiplier_4_original.blif,variants/generated_multiplier_4_dc2.blif
generated_multiplier_4,dc2,new_n49,1,new_n55,0.9333333333333332,1.0,1.0,0.3333333333333333,12,14,1,exact_anchor,1,1,256,1,55214b1daf3bd3c0,ff1db1d16a102baa,7,7,2,2,exact anchor SAT sanity check (score 0.933),True,variants/generated_multiplier_4_original.blif,variants/generated_multiplier_4_dc2.blif
generated_multiplier_4,dc2,new_n50,1,new_n57,0.9333333333333332,1.0,1.0,0.3333333333333333,13,15,1,exact_anchor,1,1,256,1,2819c4a4ed4a9000,91438d80d49aaf39,7,7,2,2,exact anchor SAT sanity check (score 0.933),True,variants/generated_multiplier_4_original.blif,variants/generated_multiplier_4_dc2.blif
generated_multiplier_4,dc2,new_n51,1,new_n62,0.9333333333333332,1.0,1.0,0.3333333333333333,14,16,1,exact_anchor,1,1,256,1,b8b1e290951f6a48,895121da96d29c8c,8,8,2,2,exact anchor SAT sanity check (score 0.933),True,variants/generated_multiplier_4_original.blif,variants/generated_multiplier_4_dc2.blif
generated_multiplier_4,dc2,new_n54,1,new_n61,1.0,1.0,1.0,1.0,1,1,1,exact_anchor,1,1,256,1,b8de2bc840a17203,b8de2bc840a17203,2,2,2,2,exact anchor SAT sanity check (score 1.000),True,variants/generated_multiplier_4_original.blif,variants/generated_multiplier_4_dc2.blif
generated_multiplier_4,dc2,new_n55,1,new_n83,1.0,1.0,1.0,1.0,1,1,1,exact_anchor,1,1,256,1,9c88b7dd1fdb5687,9c88b7dd1fdb5687,2,2,2,2,exact anchor SAT sanity check (score 1.000),True,variants/generated_multiplier_4_original.blif,variants/generated_multiplier_4_dc2.blif
generated_multiplier_4,dc2,new_n56,1,new_n79,1.0,1.0,1.0,1.0,1,1,1,exact_anchor,1,1,256,1,c4415c893735d027,c4415c893735d027,2,2,2,2,exact anchor SAT sanity check (score 1.000),True,variants/generated_multiplier_4_original.blif,variants/generated_multiplier_4_dc2.blif
generated_multiplier_4,dc2,new_n74,1,new_n90,0.9333333333333332,1.0,1.0,0.3333333333333333,23,25,1,exact_anchor,1,1,256,1,138306e6d7c6d08b,0d4bf7cd3aabe0ea,8,8,2,2,exact anchor SAT sanity check (score 0.933),True,variants/generated_multiplier_4_original.blif,variants/generated_multiplier_4_dc2.blif
generated_multiplier_4,dc2,new_n77,1,new_n111,1.0,1.0,1.0,1.0,1,1,1,exact_anchor,1,1,256,1,b0351b35ebc9fd1b,b0351b35ebc9fd1b,2,2,2,2,exact anchor SAT sanity check (score 1.000),True,variants/generated_multiplier_4_original.blif,variants/generated_multiplier_4_dc2.blif
generated_multiplier_4,dc2,new_n78,1,new_n107,1.0,1.0,1.0,1.0,1,1,1,exact_anchor,1,1,256,1,037bb0b7ec757977,037bb0b7ec757977,2,2,2,2,exact anchor SAT sanity check (score 1.000),True,variants/generated_multiplier_4_original.blif,variants/generated_multiplier_4_dc2.blif
generated_multiplier_4,dc2,new_n94,1,new_n128,1.0,1.0,1.0,1.0,1,1,1,exact_anchor,1,1,256,1,cbd9187bb8af7b97,cbd9187bb8af7b97,2,2,2,2,exact anchor SAT sanity check (score 1.000),True,variants/generated_multiplier_4_original.blif,variants/generated_multiplier_4_dc2.blif
generated_multiplier_4,dc2,new_n99,1,new_n132,0.9333333333333332,1.0,1.0,0.3333333333333333,31,33,1,exact_anchor,1,1,256,1,377861c37f271dae,06e6655b7ec044ef,8,8,2,2,exact anchor SAT sanity check (score 0.933),True,variants/generated_multiplier_4_original.blif,variants/generated_multiplier_4_dc2.blif
generated_multiplier_4,refactor,new_n18,1,new_n18,1.0,1.0,1.0,1.0,1,1,1,exact_anchor,1,1,256,1,47d9ec050d70fefa,47d9ec050d70fefa,2,2,2,2,exact anchor SAT sanity check (score 1.000),True,variants/generated_multiplier_4_original.blif,variants/generated_multiplier_4_refactor.blif
generated_multiplier_4,refactor,new_n19,1,new_n19,1.0,1.0,1.0,1.0,1,1,1,exact_anchor,1,1,256,1,cb06df8e226a6307,cb06df8e226a6307,2,2,2,2,exact anchor SAT sanity check (score 1.000),True,variants/generated_multiplier_4_original.blif,variants/generated_multiplier_4_refactor.blif
generated_multiplier_4,refactor,new_n20,1,new_n24,1.0,1.0,1.0,1.0,2,2,1,exact_anchor,1,1,256,1,2bf13ecf2111bbd3,2bf13ecf2111bbd3,4,4,2,2,exact anchor SAT sanity check (score 1.000),True,variants/generated_multiplier_4_original.blif,variants/generated_multiplier_4_refactor.blif
generated_multiplier_4,refactor,new_n23,1,new_n23,1.0,1.0,1.0,1.0,1,1,1,exact_anchor,1,1,256,1,4b515fd7d699498f,4b515fd7d699498f,2,2,2,2,exact anchor SAT sanity check (score 1.000),True,variants/generated_multiplier_4_original.blif,variants/generated_multiplier_4_refactor.blif
generated_multiplier_4,refactor,new_n24,1,new_n29,1.0,1.0,1.0,1.0,1,1,1,exact_anchor,1,1,256,1,6a73686ecc682206,6a73686ecc682206,2,2,2,2,exact anchor SAT sanity check (score 1.000),True,variants/generated_multiplier_4_original.blif,variants/generated_multiplier_4_refactor.blif
generated_multiplier_4,refactor,new_n25,1,new_n25,1.0,1.0,1.0,1.0,1,1,1,exact_anchor,1,1,256,1,43826ad8aaba919c,43826ad8aaba919c,2,2,2,2,exact anchor SAT sanity check (score 1.000),True,variants/generated_multiplier_4_original.blif,variants/generated_multiplier_4_refactor.blif
generated_multiplier_4,refactor,new_n26,1,new_n38,1.0,1.0,1.0,1.0,3,3,1,exact_anchor,1,1,256,1,687c9dc04f81488b,687c9dc04f81488b,5,5,2,2,exact anchor SAT sanity check (score 1.000),True,variants/generated_multiplier_4_original.blif,variants/generated_multiplier_4_refactor.blif
generated_multiplier_4,refactor,new_n29,1,new_n30,1.0,1.0,1.0,1.0,5,5,1,exact_anchor,1,1,256,1,5ef274b86cd7e770,5ef274b86cd7e770,5,5,2,2,exact anchor SAT sanity check (score 1.000),True,variants/generated_multiplier_4_original.blif,variants/generated_multiplier_4_refactor.blif
generated_multiplier_4,refactor,new_n30,1,new_n31,1.0,1.0,1.0,1.0,5,5,1,exact_anchor,1,1,256,1,f3b31876b86d5bf7,f3b31876b86d5bf7,5,5,2,2,exact anchor SAT sanity check (score 1.000),True,variants/generated_multiplier_4_original.blif,variants/generated_multiplier_4_refactor.blif
generated_multiplier_4,refactor,new_n31,1,new_n32,1.0,1.0,1.0,1.0,6,6,1,exact_anchor,1,1,256,1,e10575f2228f5e54,e10575f2228f5e54,5,5,2,2,exact anchor SAT sanity check (score 1.000),True,variants/generated_multiplier_4_original.blif,variants/generated_multiplier_4_refactor.blif
generated_multiplier_4,refactor,new_n32,1,new_n37,1.0,1.0,1.0,1.0,7,7,1,exact_anchor,1,1,256,1,6eaa28379cbfc583,6eaa28379cbfc583,6,6,2,2,exact anchor SAT sanity check (score 1.000),True,variants/generated_multiplier_4_original.blif,variants/generated_multiplier_4_refactor.blif
generated_multiplier_4,refactor,new_n35,1,new_n36,1.0,1.0,1.0,1.0,1,1,1,exact_anchor,1,1,256,1,06c3272985e328dc,06c3272985e328dc,2,2,2,2,exact anchor SAT sanity check (score 1.000),True,variants/generated_multiplier_4_original.blif,variants/generated_multiplier_4_refactor.blif
generated_multiplier_4,refactor,new_n36,1,new_n54,1.0,1.0,1.0,1.0,1,1,1,exact_anchor,1,1,256,1,cb60c2fbaaf9f6e2,cb60c2fbaaf9f6e2,2,2,2,2,exact anchor SAT sanity check (score 1.000),True,variants/generated_multiplier_4_original.blif,variants/generated_multiplier_4_refactor.blif
generated_multiplier_4,refactor,new_n37,1,new_n46,1.0,1.0,1.0,1.0,1,1,1,exact_anchor,1,1,256,1,1ac90e850d694c08,1ac90e850d694c08,2,2,2,2,exact anchor SAT sanity check (score 1.000),True,variants/generated_multiplier_4_original.blif,variants/generated_multiplier_4_refactor.blif
generated_multiplier_4,refactor,new_n38,1,new_n39,1.0,1.0,1.0,1.0,3,3,1,exact_anchor,1,1,256,1,65cb0c2ec5e90b92,65cb0c2ec5e90b92,4,4,2,2,exact anchor SAT sanity check (score 1.000),True,variants/generated_multiplier_4_original.blif,variants/generated_multiplier_4_refactor.blif
generated_multiplier_4,refactor,new_n39,1,new_n40,1.0,1.0,1.0,1.0,4,4,1,exact_anchor,1,1,256,1,e696ff55970d4763,e696ff55970d4763,5,5,2,2,exact anchor SAT sanity check (score 1.000),True,variants/generated_multiplier_4_original.blif,variants/generated_multiplier_4_refactor.blif
generated_multiplier_4,refactor,new_n40,1,new_n41,1.0,1.0,1.0,1.0,2,2,1,exact_anchor,1,1,256,1,155a98949f72be0b,155a98949f72be0b,4,4,2,2,exact anchor SAT sanity check (score 1.000),True,variants/generated_multiplier_4_original.blif,variants/generated_multiplier_4_refactor.blif
generated_multiplier_4,refactor,new_n41,1,new_n42,1.0,1.0,1.0,1.0,5,5,1,exact_anchor,1,1,256,1,a25184d7d70e8843,a25184d7d70e8843,5,5,2,2,exact anchor SAT sanity check (score 1.000),True,variants/generated_multiplier_4_original.blif,variants/generated_multiplier_4_refactor.blif
generated_multiplier_4,refactor,new_n42,1,new_n71,1.0,1.0,1.0,1.0,8,8,1,exact_anchor,1,1,256,1,757284f4221f6662,757284f4221f6662,6,6,2,2,exact anchor SAT sanity check (score 1.000),True,variants/generated_multiplier_4_original.blif,variants/generated_multiplier_4_refactor.blif
generated_multiplier_4,refactor,new_n45,1,new_n47,1.0,1.0,1.0,1.0,10,10,1,exact_anchor,1,1,256,1,b6ce367596e194a5,b6ce367596e194a5,7,7,2,2,exact anchor SAT sanity check (score 1.000),True,variants/generated_multiplier_4_original.blif,variants/generated_multiplier_4_refactor.blif
generated_multiplier_4,refactor,new_n46,1,new_n48,1.0,1.0,1.0,1.0,10,10,1,exact_anchor,1,1,256,1,7fe2e1577981904f,7fe2e1577981904f,7,7,2,2,exact anchor SAT sanity check (score 1.000),True,variants/generated_multiplier_4_original.blif,variants/generated_multiplier_4_refactor.blif
generated_multiplier_4,refactor,new_n47,1,new_n49,1.0,1.0,1.0,1.0,11,11,1,exact_anchor,1,1,256,1,2a405c951c90f415,2a405c951c90f415,7,7,2,2,exact anchor SAT sanity check (score 1.000),True,variants/generated_multiplier_4_original.blif,variants/generated_multiplier_4_refactor.blif
generated_multiplier_4,refactor,new_n48,1,new_n50,1.0,1.0,1.0,1.0,1,1,1,exact_anchor,1,1,256,1,31cb5c0aa63e9a47,31cb5c0aa63e9a47,2,2,2,2,exact anchor SAT sanity check (score 1.000),True,variants/generated_multiplier_4_original.blif,variants/generated_multiplier_4_refactor.blif
generated_multiplier_4,refactor,new_n49,1,new_n63,1.0,1.0,1.0,1.0,12,12,1,exact_anchor,1,1,256,1,f2b97f311a2f1992,f2b97f311a2f1992,7,7,2,2,exact anchor SAT sanity check (score 1.000),True,variants/generated_multiplier_4_original.blif,variants/generated_multiplier_4_refactor.blif
generated_multiplier_4,refactor,new_n52,1,new_n55,1.0,1.0,1.0,1.0,14,14,1,exact_anchor,1,1,256,1,ff1db1d16a102baa,ff1db1d16a102baa,7,7,2,2,exact anchor SAT sanity check (score 1.000),True,variants/generated_multiplier_4_original.blif,variants/generated_multiplier_4_refactor.blif
generated_multiplier_4,refactor,new_n53,1,new_n56,1.0,1.0,1.0,1.0,14,14,1,exact_anchor,1,1,256,1,59fec561c86cb554,59fec561c86cb554,7,7,2,2,exact anchor SAT sanity check (score 1.000),True,variants/generated_multiplier_4_original.blif,variants/generated_multiplier_4_refactor.blif
generated_multiplier_4,refactor,new_n54,1,new_n57,1.0,1.0,1.0,1.0,15,15,1,exact_anchor,1,1,256,1,91438d80d49aaf39,91438d80d49aaf39,7,7,2,2,exact anchor SAT sanity check (score 1.000),True,variants/generated_multiplier_4_original.blif,variants/generated_multiplier_4_refactor.blif
generated_multiplier_4,refactor,new_n55,1,new_n62,1.0,1.0,1.0,1.0,16,16,1,exact_anchor,1,1,256,1,895121da96d29c8c,895121da96d29c8c,8,8,2,2,exact anchor SAT sanity check (score 1.000),True,variants/generated_multiplier_4_original.blif,variants/generated_multiplier_4_refactor.blif
generated_multiplier_4,refactor,new_n58,1,new_n61,1.0,1.0,1.0,1.0,1,1,1,exact_anchor,1,1,256,1,b8de2bc840a17203,b8de2bc840a17203,2,2,2,2,exact anchor SAT sanity check (score 1.000),True,variants/generated_multiplier_4_original.blif,variants/generated_multiplier_4_refactor.blif
generated_multiplier_4,refactor,new_n59,1,new_n83,1.0,1.0,1.0,1.0,1,1,1,exact_anchor,1,1,256,1,9c88b7dd1fdb5687,9c88b7dd1fdb5687,2,2,2,2,exact anchor SAT sanity check (score 1.000),True,variants/generated_multiplier_4_original.blif,variants/generated_multiplier_4_refactor.blif
generated_multiplier_4,refactor,new_n60,1,new_n72,1.0,1.0,1.0,1.0,8,8,1,exact_anchor,1,1,256,1,396d076880f65991,396d076880f65991,7,7,2,2,exact anchor SAT sanity check (score 1.000),True,variants/generated_multiplier_4_original.blif,variants/generated_multiplier_4_refactor.blif
generated_multiplier_4,refactor,new_n61,1,new_n73,1.0,1.0,1.0,1.0,9,9,1,exact_anchor,1,1,256,1,e48dda7248a5e4b3,e48dda7248a5e4b3,7,7,2,2,exact anchor SAT sanity check (score 1.000),True,variants/generated_multiplier_4_original.blif,variants/generated_multiplier_4_refactor.blif
generated_multiplier_4,refactor,new_n62,1,new_n74,1.0,1.0,1.0,1.0,6,6,1,exact_anchor,1,1,256,1,760014ef1e419c3e,760014ef1e419c3e,6,6,2,2,exact anchor SAT sanity check (score 1.000),True,variants/generated_multiplier_4_original.blif,variants/generated_multiplier_4_refactor.blif
generated_multiplier_4,refactor,new_n63,1,new_n75,1.0,1.0,1.0,1.0,10,10,1,exact_anchor,1,1,256,1,8e3302147e0d4501,8e3302147e0d4501,7,7,2,2,exact anchor SAT sanity check (score 1.000),True,variants/generated_multiplier_4_original.blif,variants/generated_multiplier_4_refactor.blif
generated_multiplier_4,refactor,new_n64,1,new_n64,1.0,1.0,1.0,1.0,12,12,1,exact_anchor,1,1,256,1,aaa1b5e15bf943f4,aaa1b5e15bf943f4,7,7,2,2,exact anchor SAT sanity check (score 1.000),True,variants/generated_multiplier_4_original.blif,variants/generated_multiplier_4_refactor.blif
generated_multiplier_4,refactor,new_n65,1,new_n65,1.0,1.0,1.0,1.0,13,13,1,exact_anchor,1,1,256,1,b57b35d00d8524c3,b57b35d00d8524c3,7,7,2,2,exact anchor SAT sanity check (score 1.000),True,variants/generated_multiplier_4_original.blif,variants/generated_multiplier_4_refactor.blif
generated_multiplier_4,refactor,new_n66,1,new_n66,1.0,1.0,1.0,1.0,2,2,1,exact_anchor,1,1,256,1,ad7389ab505febfe,ad7389ab505febfe,4,4,2,2,exact anchor SAT sanity check (score 1.000),True,variants/generated_multiplier_4_original.blif,variants/generated_multiplier_4_refactor.blif
generated_multiplier_4,refactor,new_n67,1,new_n67,1.0,1.0,1.0,1.0,14,14,1,exact_anchor,1,1,256,1,dbad4ed6f53ead5a,dbad4ed6f53ead5a,7,7,2,2,exact anchor SAT sanity check (score 1.000),True,variants/generated_multiplier_4_original.blif,variants/generated_multiplier_4_refactor.blif
generated_multiplier_4,refactor,new_n68,1,new_n99,1.0,1.0,1.0,1.0,17,17,1,exact_anchor,1,1,256,1,123c6bb80e94413c,123c6bb80e94413c,8,8,2,2,exact anchor SAT sanity check (score 1.000),True,variants/generated_multiplier_4_original.blif,variants/generated_multiplier_4_refactor.blif
generated_multiplier_4,refactor,new_n71,1,new_n76,1.0,1.0,1.0,1.0,19,19,1,exact_anchor,1,1,256,1,9514e7ef5458cf43,9514e7ef5458cf43,8,8,2,2,exact anchor SAT sanity check (score 1.000),True,variants/generated_multiplier_4_original.blif,variants/generated_multiplier_4_refactor.blif
generated_multiplier_4,refactor,new_n72,1,new_n77,1.0,1.0,1.0,1.0,19,19,1,exact_anchor,1,1,256,1,aa5a7dbe3480ce25,aa5a7dbe3480ce25,8,8,2,2,exact anchor SAT sanity check (score 1.000),True,variants/generated_multiplier_4_original.blif,variants/generated_multiplier_4_refactor.blif
generated_multiplier_4,refactor,new_n73,1,new_n78,1.0,1.0,1.0,1.0,20,20,1,exact_anchor,1,1,256,1,42bf6770a8a2e970,42bf6770a8a2e970,8,8,2,2,exact anchor SAT sanity check (score 1.000),True,variants/generated_multiplier_4_original.blif,variants/generated_multiplier_4_refactor.blif
generated_multiplier_4,refactor,new_n74,1,new_n79,1.0,1.0,1.0,1.0,1,1,1,exact_anchor,1,1,256,1,c4415c893735d027,c4415c893735d027,2,2,2,2,exact anchor SAT sanity check (score 1.000),True,variants/generated_multiplier_4_original.blif,variants/generated_multiplier_4_refactor.blif
generated_multiplier_4,refactor,new_n75,1,new_n91,1.0,1.0,1.0,1.0,21,21,1,exact_anchor,1,1,256,1,0292939b1cf1f656,0292939b1cf1f656,8,8,2,2,exact anchor SAT sanity check (score 1.000),True,variants/generated_multiplier_4_original.blif,variants/generated_multiplier_4_refactor.blif
generated_multiplier_4,refactor,new_n78,1,new_n84,1.0,1.0,1.0,1.0,23,23,1,exact_anchor,1,1,256,1,16cb8fd814bc16da,16cb8fd814bc16da,8,8,2,2,exact anchor SAT sanity check (score 1.000),True,variants/generated_multiplier_4_original.blif,variants/generated_multiplier_4_refactor.blif
generated_multiplier_4,refactor,new_n79,1,new_n85,1.0,1.0,1.0,1.0,23,23,1,exact_anchor,1,1,256,1,d4c73d2879d2096b,d4c73d2879d2096b,8,8,2,2,exact anchor SAT sanity check (score 1.000),True,variants/generated_multiplier_4_original.blif,variants/generated_multiplier_4_refactor.blif
generated_multiplier_4,refactor,new_n80,1,new_n86,1.0,1.0,1.0,1.0,24,24,1,exact_anchor,1,1,256,1,cd1d2a0338d3dddb,cd1d2a0338d3dddb,8,8,2,2,exact anchor SAT sanity check (score 1.000),True,variants/generated_multiplier_4_original.blif,variants/generated_multiplier_4_refactor.blif
generated_multiplier_4,refactor,new_n81,1,new_n90,1.0,1.0,1.0,1.0,25,25,1,exact_anchor,1,1,256,1,0d4bf7cd3aabe0ea,0d4bf7cd3aabe0ea,8,8,2,2,exact anchor SAT sanity check (score 1.000),True,variants/generated_multiplier_4_original.blif,variants/generated_multiplier_4_refactor.blif
generated_multiplier_4,refactor,new_n84,1,new_n111,1.0,1.0,1.0,1.0,1,1,1,exact_anchor,1,1,256,1,b0351b35ebc9fd1b,b0351b35ebc9fd1b,2,2,2,2,exact anchor SAT sanity check (score 1.000),True,variants/generated_multiplier_4_original.blif,variants/generated_multiplier_4_refactor.blif
generated_multiplier_4,refactor,new_n85,1,new_n100,1.0,1.0,1.0,1.0,17,17,1,exact_anchor,1,1,256,1,a0d2515027a0db50,a0d2515027a0db50,8,8,2,2,exact anchor SAT sanity check (score 1.000),True,variants/generated_multiplier_4_original.blif,variants/generated_multiplier_4_refactor.blif
generated_multiplier_4,refactor,new_n86,1,new_n101,1.0,1.0,1.0,1.0,18,18,1,exact_anchor,1,1,256,1,6410db1984211250,6410db1984211250,8,8,2,2,exact anchor SAT sanity check (score 1.000),True,variants/generated_multiplier_4_original.blif,variants/generated_multiplier_4_refactor.blif
generated_multiplier_4,refactor,new_n87,1,new_n102,1.0,1.0,1.0,1.0,15,15,1,exact_anchor,1,1,256,1,1598a06c02b11f4b,1598a06c02b11f4b,7,7,2,2,exact anchor SAT sanity check (score 1.000),True,variants/generated_multiplier_4_original.blif,variants/generated_multiplier_4_refactor.blif
generated_multiplier_4,refactor,new_n88,1,new_n103,1.0,1.0,1.0,1.0,19,19,1,exact_anchor,1,1,256,1,de0a9396a842ddca,de0a9396a842ddca,8,8,2,2,exact anchor SAT sanity check (score 1.000),True,variants/generated_multiplier_4_original.blif,variants/generated_multiplier_4_refactor.blif
generated_multiplier_4,refactor,new_n89,1,new_n92,1.0,1.0,1.0,1.0,21,21,1,exact_anchor,1,1,256,1,fd305813b92539a1,fd305813b92539a1,8,8,2,2,exact anchor SAT sanity check (score 1.000),True,variants/generated_multiplier_4_original.blif,variants/generated_multiplier_4_refactor.blif
generated_multiplier_4,refactor,new_n90,1,new_n93,1.0,1.0,1.0,1.0,22,22,1,exact_anchor,1,1,256,1,f644f185054cce0b,f644f185054cce0b,8,8,2,2,exact anchor SAT sanity check (score 1.000),True,variants/generated_multiplier_4_original.blif,variants/generated_multiplier_4_refactor.blif
generated_multiplier_4,refactor,new_n91,1,new_n94,1.0,1.0,1.0,1.0,2,2,1,exact_anchor,1,1,256,1,eed85922eda3c95b,eed85922eda3c95b,4,4,2,2,exact anchor SAT sanity check (score 1.000),True,variants/generated_multiplier_4_original.blif,variants/generated_multiplier_4_refactor.blif
generated_multiplier_4,refactor,new_n92,1,new_n95,1.0,1.0,1.0,1.0,23,23,1,exact_anchor,1,1,256,1,b5f640685f507235,b5f640685f507235,8,8,2,2,exact anchor SAT sanity check (score 1.000),True,variants/generated_multiplier_4_original.blif,variants/generated_multiplier_4_refactor.blif
generated_multiplier_4,refactor,new_n93,1,new_n120,1.0,1.0,1.0,1.0,26,26,1,exact_anchor,1,1,256,1,ef72686737b363d0,ef72686737b363d0,8,8,2,2,exact anchor SAT sanity check (score 1.000),True,variants/generated_multiplier_4_original.blif,variants/generated_multiplier_4_refactor.blif
generated_multiplier_4,refactor,new_n96,1,new_n104,1.0,1.0,1.0,1.0,28,28,1,exact_anchor,1,1,256,1,8bc568f51adc9bf1,8bc568f51adc9bf1,8,8,2,2,exact anchor SAT sanity check (score 1.000),True,variants/generated_multiplier_4_original.blif,variants/generated_multiplier_4_refactor.blif
generated_multiplier_4,refactor,new_n97,1,new_n105,1.0,1.0,1.0,1.0,28,28,1,exact_anchor,1,1,256,1,f547b12273626e4d,f547b12273626e4d,8,8,2,2,exact anchor SAT sanity check (score 1.000),True,variants/generated_multiplier_4_original.blif,variants/generated_multiplier_4_refactor.blif
generated_multiplier_4,refactor,new_n98,1,new_n106,1.0,1.0,1.0,1.0,29,29,1,exact_anchor,1,1,256,1,95aec9dc6bf5e25c,95aec9dc6bf5e25c,8,8,2,2,exact anchor SAT sanity check (score 1.000),True,variants/generated_multiplier_4_original.blif,variants/generated_multiplier_4_refactor.blif
generated_multiplier_4,refactor,new_n99,1,new_n107,1.0,1.0,1.0,1.0,1,1,1,exact_anchor,1,1,256,1,037bb0b7ec757977,037bb0b7ec757977,2,2,2,2,exact anchor SAT sanity check (score 1.000),True,variants/generated_multiplier_4_original.blif,variants/generated_multiplier_4_refactor.blif
generated_multiplier_4,refactor,new_n100,1,new_n115,1.0,1.0,1.0,1.0,30,30,1,exact_anchor,1,1,256,1,ef9b05d606e21933,ef9b05d606e21933,8,8,2,2,exact anchor SAT sanity check (score 1.000),True,variants/generated_multiplier_4_original.blif,variants/generated_multiplier_4_refactor.blif
generated_multiplier_4,refactor,new_n103,1,new_n112,1.0,1.0,1.0,1.0,32,32,1,exact_anchor,1,1,256,1,67ed0a2dc55f2575,67ed0a2dc55f2575,8,8,2,2,exact anchor SAT sanity check (score 1.000),True,variants/generated_multiplier_4_original.blif,variants/generated_multiplier_4_refactor.blif
generated_multiplier_4,refactor,new_n104,1,new_n113,1.0,1.0,1.0,1.0,32,32,1,exact_anchor,1,1,256,1,cc9d40aad5a849b0,cc9d40aad5a849b0,8,8,2,2,exact anchor SAT sanity check (score 1.000),True,variants/generated_multiplier_4_original.blif,variants/generated_multiplier_4_refactor.blif
generated_multiplier_4,refactor,new_n106,1,new_n128,1.0,1.0,1.0,1.0,1,1,1,exact_anchor,1,1,256,1,cbd9187bb8af7b97,cbd9187bb8af7b97,2,2,2,2,exact anchor SAT sanity check (score 1.000),True,variants/generated_multiplier_4_original.blif,variants/generated_multiplier_4_refactor.blif
generated_multiplier_4,refactor,new_n107,1,new_n116,1.0,1.0,1.0,1.0,30,30,1,exact_anchor,1,1,256,1,3883d57a691fd2a3,3883d57a691fd2a3,8,8,2,2,exact anchor SAT sanity check (score 1.000),True,variants/generated_multiplier_4_original.blif,variants/generated_multiplier_4_refactor.blif
generated_multiplier_4,refactor,new_n108,1,new_n117,1.0,1.0,1.0,1.0,31,31,1,exact_anchor,1,1,256,1,4a440b0db73db0b9,4a440b0db73db0b9,8,8,2,2,exact anchor SAT sanity check (score 1.000),True,variants/generated_multiplier_4_original.blif,variants/generated_multiplier_4_refactor.blif
generated_multiplier_4,refactor,new_n109,1,new_n118,1.0,1.0,1.0,1.0,2,2,1,exact_anchor,1,1,256,1,e6bd08b39e052b9d,e6bd08b39e052b9d,4,4,2,2,exact anchor SAT sanity check (score 1.000),True,variants/generated_multiplier_4_original.blif,variants/generated_multiplier_4_refactor.blif
generated_multiplier_4,refactor,new_n110,1,new_n119,1.0,1.0,1.0,1.0,32,32,1,exact_anchor,1,1,256,1,1de303d0a71e3f34,1de303d0a71e3f34,8,8,2,2,exact anchor SAT sanity check (score 1.000),True,variants/generated_multiplier_4_original.blif,variants/generated_multiplier_4_refactor.blif
generated_multiplier_4,refactor,new_n111,1,new_n121,1.0,1.0,1.0,1.0,26,26,1,exact_anchor,1,1,256,1,dc7b71a2ddc81dd2,dc7b71a2ddc81dd2,8,8,2,2,exact anchor SAT sanity check (score 1.000),True,variants/generated_multiplier_4_original.blif,variants/generated_multiplier_4_refactor.blif
generated_multiplier_4,refactor,new_n112,1,new_n122,1.0,1.0,1.0,1.0,27,27,1,exact_anchor,1,1,256,1,4d5de9ab14fc2d40,4d5de9ab14fc2d40,8,8,2,2,exact anchor SAT sanity check (score 1.000),True,variants/generated_multiplier_4_original.blif,variants/generated_multiplier_4_refactor.blif
generated_multiplier_4,refactor,new_n113,1,new_n123,1.0,1.0,1.0,1.0,24,24,1,exact_anchor,1,1,256,1,a1ae5787ac14f42b,a1ae5787ac14f42b,8,8,2,2,exact anchor SAT sanity check (score 1.000),True,variants/generated_multiplier_4_original.blif,variants/generated_multiplier_4_refactor.blif
generated_multiplier_4,refactor,new_n114,1,new_n124,1.0,1.0,1.0,1.0,28,28,1,exact_anchor,1,1,256,1,e19c7350a04382d8,e19c7350a04382d8,8,8,2,2,exact anchor SAT sanity check (score 1.000),True,variants/generated_multiplier_4_original.blif,variants/generated_multiplier_4_refactor.blif
generated_multiplier_4,refactor,new_n115,1,new_n132,1.0,1.0,1.0,1.0,33,33,1,exact_anchor,1,1,256,1,06e6655b7ec044ef,06e6655b7ec044ef,8,8,2,2,exact anchor SAT sanity check (score 1.000),True,variants/generated_multiplier_4_original.blif,variants/generated_multiplier_4_refactor.blif
generated_multiplier_4,refactor,new_n118,1,new_n129,1.0,1.0,1.0,1.0,35,35,1,exact_anchor,1,1,256,1,1f7b13a2fad871d5,1f7b13a2fad871d5,8,8,2,2,exact anchor SAT sanity check (score 1.000),True,variants/generated_multiplier_4_original.blif,variants/generated_multiplier_4_refactor.blif
generated_multiplier_4,refactor,new_n119,1,new_n130,1.0,1.0,1.0,1.0,35,35,1,exact_anchor,1,1,256,1,43208014e0c3b39b,43208014e0c3b39b,8,8,2,2,exact anchor SAT sanity check (score 1.000),True,variants/generated_multiplier_4_original.blif,variants/generated_multiplier_4_refactor.blif
generated_multiplier_4,refactor,new_n121,1,new_n133,1.0,1.0,1.0,1.0,33,33,1,exact_anchor,1,1,256,1,a82c54656e068f84,a82c54656e068f84,8,8,2,2,exact anchor SAT sanity check (score 1.000),True,variants/generated_multiplier_4_original.blif,variants/generated_multiplier_4_refactor.blif
generated_multiplier_4,refactor,new_n122,1,new_n134,1.0,1.0,1.0,1.0,34,34,1,exact_anchor,1,1,256,1,778b1d1f0ae334a5,778b1d1f0ae334a5,8,8,2,2,exact anchor SAT sanity check (score 1.000),True,variants/generated_multiplier_4_original.blif,variants/generated_multiplier_4_refactor.blif
generated_multiplier_4,refactor,new_n123,1,new_n135,1.0,1.0,1.0,1.0,29,29,1,exact_anchor,1,1,256,1,9f629d4f7228878e,9f629d4f7228878e,8,8,2,2,exact anchor SAT sanity check (score 1.000),True,variants/generated_multiplier_4_original.blif,variants/generated_multiplier_4_refactor.blif
generated_multiplier_4,refactor_z,new_n18,1,new_n18,1.0,1.0,1.0,1.0,1,1,1,exact_anchor,1,1,256,1,47d9ec050d70fefa,47d9ec050d70fefa,2,2,2,2,exact anchor SAT sanity check (score 1.000),True,variants/generated_multiplier_4_original.blif,variants/generated_multiplier_4_refactor_z.blif
generated_multiplier_4,refactor_z,new_n19,1,new_n19,1.0,1.0,1.0,1.0,1,1,1,exact_anchor,1,1,256,1,cb06df8e226a6307,cb06df8e226a6307,2,2,2,2,exact anchor SAT sanity check (score 1.000),True,variants/generated_multiplier_4_original.blif,variants/generated_multiplier_4_refactor_z.blif
generated_multiplier_4,refactor_z,new_n20,1,new_n24,1.0,1.0,1.0,1.0,2,2,1,exact_anchor,1,1,256,1,2bf13ecf2111bbd3,2bf13ecf2111bbd3,4,4,2,2,exact anchor SAT sanity check (score 1.000),True,variants/generated_multiplier_4_original.blif,variants/generated_multiplier_4_refactor_z.blif
generated_multiplier_4,refactor_z,new_n23,1,new_n23,1.0,1.0,1.0,1.0,1,1,1,exact_anchor,1,1,256,1,4b515fd7d699498f,4b515fd7d699498f,2,2,2,2,exact anchor SAT sanity check (score 1.000),True,variants/generated_multiplier_4_original.blif,variants/generated_multiplier_4_refactor_z.blif
generated_multiplier_4,refactor_z,new_n24,1,new_n29,1.0,1.0,1.0,1.0,1,1,1,exact_anchor,1,1,256,1,6a73686ecc682206,6a73686ecc682206,2,2,2,2,exact anchor SAT sanity check (score 1.000),True,variants/generated_multiplier_4_original.blif,variants/generated_multiplier_4_refactor_z.blif
generated_multiplier_4,refactor_z,new_n25,1,new_n25,1.0,1.0,1.0,1.0,1,1,1,exact_anchor,1,1,256,1,43826ad8aaba919c,43826ad8aaba919c,2,2,2,2,exact anchor SAT sanity check (score 1.000),True,variants/generated_multiplier_4_original.blif,variants/generated_multiplier_4_refactor_z.blif
generated_multiplier_4,refactor_z,new_n26,1,new_n38,1.0,1.0,1.0,1.0,3,3,1,exact_anchor,1,1,256,1,687c9dc04f81488b,687c9dc04f81488b,5,5,2,2,exact anchor SAT sanity check (score 1.000),True,variants/generated_multiplier_4_original.blif,variants/generated_multiplier_4_refactor_z.blif
generated_multiplier_4,refactor_z,new_n29,1,new_n30,1.0,1.0,1.0,1.0,5,5,1,exact_anchor,1,1,256,1,5ef274b86cd7e770,5ef274b86cd7e770,5,5,2,2,exact anchor SAT sanity check (score 1.000),True,variants/generated_multiplier_4_original.blif,variants/generated_multiplier_4_refactor_z.blif
generated_multiplier_4,refactor_z,new_n30,1,new_n31,1.0,1.0,1.0,1.0,5,5,1,exact_anchor,1,1,256,1,f3b31876b86d5bf7,f3b31876b86d5bf7,5,5,2,2,exact anchor SAT sanity check (score 1.000),True,variants/generated_multiplier_4_original.blif,variants/generated_multiplier_4_refactor_z.blif
generated_multiplier_4,refactor_z,new_n31,1,new_n32,1.0,1.0,1.0,1.0,6,6,1,exact_anchor,1,1,256,1,e10575f2228f5e54,e10575f2228f5e54,5,5,2,2,exact anchor SAT sanity check (score 1.000),True,variants/generated_multiplier_4_original.blif,variants/generated_multiplier_4_refactor_z.blif
generated_multiplier_4,refactor_z,new_n32,1,new_n37,1.0,1.0,1.0,1.0,7,7,1,exact_anchor,1,1,256,1,6eaa28379cbfc583,6eaa28379cbfc583,6,6,2,2,exact anchor SAT sanity check (score 1.000),True,variants/generated_multiplier_4_original.blif,variants/generated_multiplier_4_refactor_z.blif
generated_multiplier_4,refactor_z,new_n35,1,new_n36,1.0,1.0,1.0,1.0,1,1,1,exact_anchor,1,1,256,1,06c3272985e328dc,06c3272985e328dc,2,2,2,2,exact anchor SAT sanity check (score 1.000),True,variants/generated_multiplier_4_original.blif,variants/generated_multiplier_4_refactor_z.blif
generated_multiplier_4,refactor_z,new_n36,1,new_n54,1.0,1.0,1.0,1.0,1,1,1,exact_anchor,1,1,256,1,cb60c2fbaaf9f6e2,cb60c2fbaaf9f6e2,2,2,2,2,exact anchor SAT sanity check (score 1.000),True,variants/generated_multiplier_4_original.blif,variants/generated_multiplier_4_refactor_z.blif
generated_multiplier_4,refactor_z,new_n37,1,new_n46,1.0,1.0,1.0,1.0,1,1,1,exact_anchor,1,1,256,1,1ac90e850d694c08,1ac90e850d694c08,2,2,2,2,exact anchor SAT sanity check (score 1.000),True,variants/generated_multiplier_4_original.blif,variants/generated_multiplier_4_refactor_z.blif
generated_multiplier_4,refactor_z,new_n39,1,new_n41,1.0,1.0,1.0,1.0,2,2,1,exact_anchor,1,1,256,1,155a98949f72be0b,155a98949f72be0b,4,4,2,2,exact anchor SAT sanity check (score 1.000),True,variants/generated_multiplier_4_original.blif,variants/generated_multiplier_4_refactor_z.blif
generated_multiplier_4,refactor_z,new_n40,1,new_n42,0.9333333333333332,1.0,1.0,0.3333333333333333,3,5,1,exact_anchor,1,1,256,1,e706d45cc7009455,a25184d7d70e8843,5,5,2,2,exact anchor SAT sanity check (score 0.933),True,variants/generated_multiplier_4_original.blif,variants/generated_multiplier_4_refactor_z.blif
generated_multiplier_4,refactor_z,new_n42,1,new_n71,1.0,1.0,1.0,1.0,8,8,1,exact_anchor,1,1,256,1,757284f4221f6662,757284f4221f6662,6,6,2,2,exact anchor SAT sanity check (score 1.000),True,variants/generated_multiplier_4_original.blif,variants/generated_multiplier_4_refactor_z.blif
generated_multiplier_4,refactor_z,new_n45,1,new_n47,1.0,1.0,1.0,1.0,10,10,1,exact_anchor,1,1,256,1,b6ce367596e194a5,b6ce367596e194a5,7,7,2,2,exact anchor SAT sanity check (score 1.000),True,variants/generated_multiplier_4_original.blif,variants/generated_multiplier_4_refactor_z.blif
generated_multiplier_4,refactor_z,new_n46,1,new_n48,1.0,1.0,1.0,1.0,10,10,1,exact_anchor,1,1,256,1,7fe2e1577981904f,7fe2e1577981904f,7,7,2,2,exact anchor SAT sanity check (score 1.000),True,variants/generated_multiplier_4_original.blif,variants/generated_multiplier_4_refactor_z.blif
generated_multiplier_4,refactor_z,new_n47,1,new_n49,1.0,1.0,1.0,1.0,11,11,1,exact_anchor,1,1,256,1,2a405c951c90f415,2a405c951c90f415,7,7,2,2,exact anchor SAT sanity check (score 1.000),True,variants/generated_multiplier_4_original.blif,variants/generated_multiplier_4_refactor_z.blif
generated_multiplier_4,refactor_z,new_n48,1,new_n50,1.0,1.0,1.0,1.0,1,1,1,exact_anchor,1,1,256,1,31cb5c0aa63e9a47,31cb5c0aa63e9a47,2,2,2,2,exact anchor SAT sanity check (score 1.000),True,variants/generated_multiplier_4_original.blif,variants/generated_multiplier_4_refactor_z.blif
generated_multiplier_4,refactor_z,new_n49,1,new_n63,1.0,1.0,1.0,1.0,12,12,1,exact_anchor,1,1,256,1,f2b97f311a2f1992,f2b97f311a2f1992,7,7,2,2,exact anchor SAT sanity check (score 1.000),True,variants/generated_multiplier_4_original.blif,variants/generated_multiplier_4_refactor_z.blif
generated_multiplier_4,refactor_z,new_n52,1,new_n55,1.0,1.0,1.0,1.0,14,14,1,exact_anchor,1,1,256,1,ff1db1d16a102baa,ff1db1d16a102baa,7,7,2,2,exact anchor SAT sanity check (score 1.000),True,variants/generated_multiplier_4_original.blif,variants/generated_multiplier_4_refactor_z.blif
generated_multiplier_4,refactor_z,new_n53,1,new_n56,1.0,1.0,1.0,1.0,14,14,1,exact_anchor,1,1,256,1,59fec561c86cb554,59fec561c86cb554,7,7,2,2,exact anchor SAT sanity check (score 1.000),True,variants/generated_multiplier_4_original.blif,variants/generated_multiplier_4_refactor_z.blif
generated_multiplier_4,refactor_z,new_n54,1,new_n57,1.0,1.0,1.0,1.0,15,15,1,exact_anchor,1,1,256,1,91438d80d49aaf39,91438d80d49aaf39,7,7,2,2,exact anchor SAT sanity check (score 1.000),True,variants/generated_multiplier_4_original.blif,variants/generated_multiplier_4_refactor_z.blif
generated_multiplier_4,refactor_z,new_n55,1,new_n62,1.0,1.0,1.0,1.0,16,16,1,exact_anchor,1,1,256,1,895121da96d29c8c,895121da96d29c8c,8,8,2,2,exact anchor SAT sanity check (score 1.000),True,variants/generated_multiplier_4_original.blif,variants/generated_multiplier_4_refactor_z.blif
generated_multiplier_4,refactor_z,new_n58,1,new_n61,1.0,1.0,1.0,1.0,1,1,1,exact_anchor,1,1,256,1,b8de2bc840a17203,b8de2bc840a17203,2,2,2,2,exact anchor SAT sanity check (score 1.000),True,variants/generated_multiplier_4_original.blif,variants/generated_multiplier_4_refactor_z.blif
generated_multiplier_4,refactor_z,new_n59,1,new_n83,1.0,1.0,1.0,1.0,1,1,1,exact_anchor,1,1,256,1,9c88b7dd1fdb5687,9c88b7dd1fdb5687,2,2,2,2,exact anchor SAT sanity check (score 1.000),True,variants/generated_multiplier_4_original.blif,variants/generated_multiplier_4_refactor_z.blif
generated_multiplier_4,refactor_z,new_n61,1,new_n66,1.0,1.0,1.0,1.0,2,2,1,exact_anchor,1,1,256,1,ad7389ab505febfe,ad7389ab505febfe,4,4,2,2,exact anchor SAT sanity check (score 1.000),True,variants/generated_multiplier_4_original.blif,variants/generated_multiplier_4_refactor_z.blif
generated_multiplier_4,refactor_z,new_n64,1,new_n99,1.0,1.0,1.0,1.0,17,17,1,exact_anchor,1,1,256,1,123c6bb80e94413c,123c6bb80e94413c,8,8,2,2,exact anchor SAT sanity check (score 1.000),True,variants/generated_multiplier_4_original.blif,variants/generated_multiplier_4_refactor_z.blif
generated_multiplier_4,refactor_z,new_n68,1,new_n74,0.95,1.0,1.0,0.5,5,6,1,exact_anchor,1,1,256,1,d573f79d74accd36,760014ef1e419c3e,6,6,2,2,exact anchor SAT sanity check (score 0.950),True,variants/generated_multiplier_4_original.blif,variants/generated_multiplier_4_refactor_z.blif
generated_multiplier_4,refactor_z,new_n71,1,new_n76,1.0,1.0,1.0,1.0,19,19,1,exact_anchor,1,1,256,1,9514e7ef5458cf43,9514e7ef5458cf43,8,8,2,2,exact anchor SAT sanity check (score 1.000),True,variants/generated_multiplier_4_original.blif,variants/generated_multiplier_4_refactor_z.blif
generated_multiplier_4,refactor_z,new_n72,1,new_n77,1.0,1.0,1.0,1.0,19,19,1,exact_anchor,1,1,256,1,aa5a7dbe3480ce25,aa5a7dbe3480ce25,8,8,2,2,exact anchor SAT sanity check (score 1.000),True,variants/generated_multiplier_4_original.blif,variants/generated_multiplier_4_refactor_z.blif
generated_multiplier_4,refactor_z,new_n73,1,new_n78,1.0,1.0,1.0,1.0,20,20,1,exact_anchor,1,1,256,1,42bf6770a8a2e970,42bf6770a8a2e970,8,8,2,2,exact anchor SAT sanity check (score 1.000),True,variants/generated_multiplier_4_original.blif,variants/generated_multiplier_4_refactor_z.blif
generated_multiplier_4,refactor_z,new_n74,1,new_n79,1.0,1.0,1.0,1.0,1,1,1,exact_anchor,1,1,256,1,c4415c893735d027,c4415c893735d027,2,2,2,2,exact anchor SAT sanity check (score 1.000),True,variants/generated_multiplier_4_original.blif,variants/generated_multiplier_4_refactor_z.blif
generated_multiplier_4,refactor_z,new_n75,1,new_n91,1.0,1.0,1.0,1.0,21,21,1,exact_anchor,1,1,256,1,0292939b1cf1f656,0292939b1cf1f656,8,8,2,2,exact anchor SAT sanity check (score 1.000),True,variants/generated_multiplier_4_original.blif,variants/generated_multiplier_4_refactor_z.blif
generated_multiplier_4,refactor_z,new_n78,1,new_n84,1.0,1.0,1.0,1.0,23,23,1,exact_anchor,1,1,256,1,16cb8fd814bc16da,16cb8fd814bc16da,8,8,2,2,exact anchor SAT sanity check (score 1.000),True,variants/generated_multiplier_4_original.blif,variants/generated_multiplier_4_refactor_z.blif
generated_multiplier_4,refactor_z,new_n79,1,new_n85,1.0,1.0,1.0,1.0,23,23,1,exact_anchor,1,1,256,1,d4c73d2879d2096b,d4c73d2879d2096b,8,8,2,2,exact anchor SAT sanity check (score 1.000),True,variants/generated_multiplier_4_original.blif,variants/generated_multiplier_4_refactor_z.blif
generated_multiplier_4,refactor_z,new_n80,1,new_n86,1.0,1.0,1.0,1.0,24,24,1,exact_anchor,1,1,256,1,cd1d2a0338d3dddb,cd1d2a0338d3dddb,8,8,2,2,exact anchor SAT sanity check (score 1.000),True,variants/generated_multiplier_4_original.blif,variants/generated_multiplier_4_refactor_z.blif
generated_multiplier_4,refactor_z,new_n81,1,new_n90,1.0,1.0,1.0,1.0,25,25,1,exact_anchor,1,1,256,1,0d4bf7cd3aabe0ea,0d4bf7cd3aabe0ea,8,8,2,2,exact anchor SAT sanity check (score 1.000),True,variants/generated_multiplier_4_original.blif,variants/generated_multiplier_4_refactor_z.blif
generated_multiplier_4,refactor_z,new_n84,1,new_n111,1.0,1.0,1.0,1.0,1,1,1,exact_anchor,1,1,256,1,b0351b35ebc9fd1b,b0351b35ebc9fd1b,2,2,2,2,exact anchor SAT sanity check (score 1.000),True,variants/generated_multiplier_4_original.blif,variants/generated_multiplier_4_refactor_z.blif
generated_multiplier_4,refactor_z,new_n86,1,new_n94,1.0,1.0,1.0,1.0,2,2,1,exact_anchor,1,1,256,1,eed85922eda3c95b,eed85922eda3c95b,4,4,2,2,exact anchor SAT sanity check (score 1.000),True,variants/generated_multiplier_4_original.blif,variants/generated_multiplier_4_refactor_z.blif
generated_multiplier_4,refactor_z,new_n89,1,new_n120,1.0,1.0,1.0,1.0,26,26,1,exact_anchor,1,1,256,1,ef72686737b363d0,ef72686737b363d0,8,8,2,2,exact anchor SAT sanity check (score 1.000),True,variants/generated_multiplier_4_original.blif,variants/generated_multiplier_4_refactor_z.blif
generated_multiplier_4,refactor_z,new_n93,1,new_n102,0.95,1.0,1.0,0.5,14,15,1,exact_anchor,1,1,256,1,e126045235f2a9a6,1598a06c02b11f4b,7,7,2,2,exact anchor SAT sanity check (score 0.950),True,variants/generated_multiplier_4_original.blif,variants/generated_multiplier_4_refactor_z.blif
generated_multiplier_4,refactor_z,new_n96,1,new_n104,1.0,1.0,1.0,1.0,28,28,1,exact_anchor,1,1,256,1,8bc568f51adc9bf1,8bc568f51adc9bf1,8,8,2,2,exact anchor SAT sanity check (score 1.000),True,variants/generated_multiplier_4_original.blif,variants/generated_multiplier_4_refactor_z.blif
generated_multiplier_4,refactor_z,new_n97,1,new_n105,1.0,1.0,1.0,1.0,28,28,1,exact_anchor,1,1,256,1,f547b12273626e4d,f547b12273626e4d,8,8,2,2,exact anchor SAT sanity check (score 1.000),True,variants/generated_multiplier_4_original.blif,variants/generated_multiplier_4_refactor_z.blif
generated_multiplier_4,refactor_z,new_n98,1,new_n106,1.0,1.0,1.0,1.0,29,29,1,exact_anchor,1,1,256,1,95aec9dc6bf5e25c,95aec9dc6bf5e25c,8,8,2,2,exact anchor SAT sanity check (score 1.000),True,variants/generated_multiplier_4_original.blif,variants/generated_multiplier_4_refactor_z.blif
generated_multiplier_4,refactor_z,new_n99,1,new_n107,1.0,1.0,1.0,1.0,1,1,1,exact_anchor,1,1,256,1,037bb0b7ec757977,037bb0b7ec757977,2,2,2,2,exact anchor SAT sanity check (score 1.000),True,variants/generated_multiplier_4_original.blif,variants/generated_multiplier_4_refactor_z.blif
generated_multiplier_4,refactor_z,new_n100,1,new_n115,1.0,1.0,1.0,1.0,30,30,1,exact_anchor,1,1,256,1,ef9b05d606e21933,ef9b05d606e21933,8,8,2,2,exact anchor SAT sanity check (score 1.000),True,variants/generated_multiplier_4_original.blif,variants/generated_multiplier_4_refactor_z.blif
generated_multiplier_4,refactor_z,new_n103,1,new_n112,1.0,1.0,1.0,1.0,32,32,1,exact_anchor,1,1,256,1,67ed0a2dc55f2575,67ed0a2dc55f2575,8,8,2,2,exact anchor SAT sanity check (score 1.000),True,variants/generated_multiplier_4_original.blif,variants/generated_multiplier_4_refactor_z.blif
generated_multiplier_4,refactor_z,new_n104,1,new_n113,1.0,1.0,1.0,1.0,32,32,1,exact_anchor,1,1,256,1,cc9d40aad5a849b0,cc9d40aad5a849b0,8,8,2,2,exact anchor SAT sanity check (score 1.000),True,variants/generated_multiplier_4_original.blif,variants/generated_multiplier_4_refactor_z.blif
generated_multiplier_4,refactor_z,new_n106,1,new_n128,1.0,1.0,1.0,1.0,1,1,1,exact_anchor,1,1,256,1,cbd9187bb8af7b97,cbd9187bb8af7b97,2,2,2,2,exact anchor SAT sanity check (score 1.000),True,variants/generated_multiplier_4_original.blif,variants/generated_multiplier_4_refactor_z.blif
generated_multiplier_4,refactor_z,new_n108,1,new_n118,1.0,1.0,1.0,1.0,2,2,1,exact_anchor,1,1,256,1,e6bd08b39e052b9d,e6bd08b39e052b9d,4,4,2,2,exact anchor SAT sanity check (score 1.000),True,variants/generated_multiplier_4_original.blif,variants/generated_multiplier_4_refactor_z.blif
generated_multiplier_4,refactor_z,new_n112,1,new_n123,0.95,1.0,1.0,0.5,23,24,1,exact_anchor,1,1,256,1,54a0897261f79274,a1ae5787ac14f42b,8,8,2,2,exact anchor SAT sanity check (score 0.950),True,variants/generated_multiplier_4_original.blif,variants/generated_multiplier_4_refactor_z.blif
generated_multiplier_4,refactor_z,new_n115,1,new_n132,0.95,1.0,1.0,0.5,32,33,1,exact_anchor,1,1,256,1,45cc2c8fba2f6ec7,06e6655b7ec044ef,8,8,2,2,exact anchor SAT sanity check (score 0.950),True,variants/generated_multiplier_4_original.blif,variants/generated_multiplier_4_refactor_z.blif
generated_multiplier_4,refactor_z,new_n118,1,new_n129,0.95,1.0,1.0,0.5,34,35,1,exact_anchor,1,1,256,1,32db8eca582e343f,1f7b13a2fad871d5,8,8,2,2,exact anchor SAT sanity check (score 0.950),True,variants/generated_multiplier_4_original.blif,variants/generated_multiplier_4_refactor_z.blif
generated_multiplier_4,refactor_z,new_n119,1,new_n130,0.95,1.0,1.0,0.5,34,35,1,exact_anchor,1,1,256,1,2c0803ee0d37e55e,43208014e0c3b39b,8,8,2,2,exact anchor SAT sanity check (score 0.950),True,variants/generated_multiplier_4_original.blif,variants/generated_multiplier_4_refactor_z.blif
generated_multiplier_4,resub,new_n18,1,new_n18,1.0,1.0,1.0,1.0,1,1,1,exact_anchor,1,1,256,1,47d9ec050d70fefa,47d9ec050d70fefa,2,2,2,2,exact anchor SAT sanity check (score 1.000),True,variants/generated_multiplier_4_original.blif,variants/generated_multiplier_4_resub.blif
generated_multiplier_4,resub,new_n19,1,new_n19,1.0,1.0,1.0,1.0,1,1,1,exact_anchor,1,1,256,1,cb06df8e226a6307,cb06df8e226a6307,2,2,2,2,exact anchor SAT sanity check (score 1.000),True,variants/generated_multiplier_4_original.blif,variants/generated_multiplier_4_resub.blif
generated_multiplier_4,resub,new_n20,1,new_n20,1.0,1.0,1.0,1.0,2,2,1,exact_anchor,1,1,256,1,e0918d70fe50a066,e0918d70fe50a066,4,4,2,2,exact anchor SAT sanity check (score 1.000),True,variants/generated_multiplier_4_original.blif,variants/generated_multiplier_4_resub.blif
generated_multiplier_4,resub,new_n21,1,new_n21,1.0,1.0,1.0,1.0,2,2,1,exact_anchor,1,1,256,1,cf15de6ce236cf9a,cf15de6ce236cf9a,4,4,2,2,exact anchor SAT sanity check (score 1.000),True,variants/generated_multiplier_4_original.blif,variants/generated_multiplier_4_resub.blif
generated_multiplier_4,resub,new_n23,1,new_n23,1.0,1.0,1.0,1.0,1,1,1,exact_anchor,1,1,256,1,4b515fd7d699498f,4b515fd7d699498f,2,2,2,2,exact anchor SAT sanity check (score 1.000),True,variants/generated_multiplier_4_original.blif,variants/generated_multiplier_4_resub.blif
generated_multiplier_4,resub,new_n24,1,new_n24,1.0,1.0,1.0,1.0,2,2,1,exact_anchor,1,1,256,1,2bf13ecf2111bbd3,2bf13ecf2111bbd3,4,4,2,2,exact anchor SAT sanity check (score 1.000),True,variants/generated_multiplier_4_original.blif,variants/generated_multiplier_4_resub.blif
generated_multiplier_4,resub,new_n25,1,new_n25,1.0,1.0,1.0,1.0,1,1,1,exact_anchor,1,1,256,1,43826ad8aaba919c,43826ad8aaba919c,2,2,2,2,exact anchor SAT sanity check (score 1.000),True,variants/generated_multiplier_4_original.blif,variants/generated_multiplier_4_resub.blif
generated_multiplier_4,resub,new_n26,1,new_n26,1.0,1.0,1.0,1.0,3,3,1,exact_anchor,1,1,256,1,ff53e7a71e59580f,ff53e7a71e59580f,5,5,2,2,exact anchor SAT sanity check (score 1.000),True,variants/generated_multiplier_4_original.blif,variants/generated_multiplier_4_resub.blif
generated_multiplier_4,resub,new_n27,1,new_n27,1.0,1.0,1.0,1.0,3,3,1,exact_anchor,1,1,256,1,768f34e3306bddab,768f34e3306bddab,5,5,2,2,exact anchor SAT sanity check (score 1.000),True,variants/generated_multiplier_4_original.blif,variants/generated_multiplier_4_resub.blif
generated_multiplier_4,resub,new_n28,1,new_n28,1.0,1.0,1.0,1.0,4,4,1,exact_anchor,1,1,256,1,3190aed2d5dce916,3190aed2d5dce916,5,5,2,2,exact anchor SAT sanity check (score 1.000),True,variants/generated_multiplier_4_original.blif,variants/generated_multiplier_4_resub.blif
generated_multiplier_4,resub,new_n29,1,new_n29,1.0,1.0,1.0,1.0,1,1,1,exact_anchor,1,1,256,1,6a73686ecc682206,6a73686ecc682206,2,2,2,2,exact anchor SAT sanity check (score 1.000),True,variants/generated_multiplier_4_original.blif,variants/generated_multiplier_4_resub.blif
generated_multiplier_4,resub,new_n30,1,new_n30,1.0,1.0,1.0,1.0,5,5,1,exact_anchor,1,1,256,1,5ef274b86cd7e770,5ef274b86cd7e770,5,5,2,2,exact anchor SAT sanity check (score 1.000),True,variants/generated_multiplier_4_original.blif,variants/generated_multiplier_4_resub.blif
generated_multiplier_4,resub,new_n31,1,new_n31,1.0,1.0,1.0,1.0,5,5,1,exact_anchor,1,1,256,1,f3b31876b86d5bf7,f3b31876b86d5bf7,5,5,2,2,exact anchor SAT sanity check (score 1.000),True,variants/generated_multiplier_4_original.blif,variants/generated_multiplier_4_resub.blif
generated_multiplier_4,resub,new_n32,1,new_n32,1.0,1.0,1.0,1.0,6,6,1,exact_anchor,1,1,256,1,e10575f2228f5e54,e10575f2228f5e54,5,5,2,2,exact anchor SAT sanity check (score 1.000),True,variants/generated_multiplier_4_original.blif,variants/generated_multiplier_4_resub.blif
generated_multiplier_4,resub,new_n33,1,new_n33,1.0,1.0,1.0,1.0,7,7,1,exact_anchor,1,1,256,1,3462685c2978dbd7,3462685c2978dbd7,6,6,2,2,exact anchor SAT sanity check (score 1.000),True,variants/generated_multiplier_4_original.blif,variants/generated_multiplier_4_resub.blif
generated_multiplier_4,resub,new_n34,1,new_n34,1.0,1.0,1.0,1.0,7,7,1,exact_anchor,1,1,256,1,ac57c4c2f96b8cd9,ac57c4c2f96b8cd9,6,6,2,2,exact anchor SAT sanity check (score 1.000),True,variants/generated_multiplier_4_original.blif,variants/generated_multiplier_4_resub.blif
generated_multiplier_4,resub,new_n36,1,new_n36,1.0,1.0,1.0,1.0,1,1,1,exact_anchor,1,1,256,1,06c3272985e328dc,06c3272985e328dc,2,2,2,2,exact anchor SAT sanity check (score 1.000),True,variants/generated_multiplier_4_original.blif,variants/generated_multiplier_4_resub.blif
generated_multiplier_4,resub,new_n37,1,new_n37,1.0,1.0,1.0,1.0,7,7,1,exact_anchor,1,1,256,1,6eaa28379cbfc583,6eaa28379cbfc583,6,6,2,2,exact anchor SAT sanity check (score 1.000),True,variants/generated_multiplier_4_original.blif,variants/generated_multiplier_4_resub.blif
generated_multiplier_4,resub,new_n38,1,new_n41,1.0,1.0,1.0,1.0,2,2,1,exact_anchor,1,1,256,1,155a98949f72be0b,155a98949f72be0b,4,4,2,2,exact anchor SAT sanity check (score 1.000),True,variants/generated_multiplier_4_original.blif,variants/generated_multiplier_4_resub.blif
generated_multiplier_4,resub,new_n39,1,new_n42,0.9333333333333332,1.0,1.0,0.3333333333333333,3,5,1,exact_anchor,1,1,256,1,e706d45cc7009455,a25184d7d70e8843,5,5,2,2,exact anchor SAT sanity check (score 0.933),True,variants/generated_multiplier_4_original.blif,variants/generated_multiplier_4_resub.blif
generated_multiplier_4,resub,new_n40,1,new_n43,1.0,1.0,1.0,1.0,8,8,1,exact_anchor,1,1,256,1,bc780a3d93f5d496,bc780a3d93f5d496,6,6,2,2,exact anchor SAT sanity check (score 1.000),True,variants/generated_multiplier_4_original.blif,variants/generated_multiplier_4_resub.blif
generated_multiplier_4,resub,new_n41,1,new_n44,1.0,1.0,1.0,1.0,8,8,1,exact_anchor,1,1,256,1,95139ed949feb43d,95139ed949feb43d,6,6,2,2,exact anchor SAT sanity check (score 1.000),True,variants/generated_multiplier_4_original.blif,variants/generated_multiplier_4_resub.blif
generated_multiplier_4,resub,new_n42,1,new_n45,1.0,1.0,1.0,1.0,9,9,1,exact_anchor,1,1,256,1,3e9d6c1bef08b293,3e9d6c1bef08b293,6,6,2,2,exact anchor SAT sanity check (score 1.000),True,variants/generated_multiplier_4_original.blif,variants/generated_multiplier_4_resub.blif
generated_multiplier_4,resub,new_n43,1,new_n46,1.0,1.0,1.0,1.0,1,1,1,exact_anchor,1,1,256,1,1ac90e850d694c08,1ac90e850d694c08,2,2,2,2,exact anchor SAT sanity check (score 1.000),True,variants/generated_multiplier_4_original.blif,variants/generated_multiplier_4_resub.blif
generated_multiplier_4,resub,new_n44,1,new_n47,1.0,1.0,1.0,1.0,10,10,1,exact_anchor,1,1,256,1,b6ce367596e194a5,b6ce367596e194a5,7,7,2,2,exact anchor SAT sanity check (score 1.000),True,variants/generated_multiplier_4_original.blif,variants/generated_multiplier_4_resub.blif
generated_multiplier_4,resub,new_n45,1,new_n48,1.0,1.0,1.0,1.0,10,10,1,exact_anchor,1,1,256,1,7fe2e1577981904f,7fe2e1577981904f,7,7,2,2,exact anchor SAT sanity check (score 1.000),True,variants/generated_multiplier_4_original.blif,variants/generated_multiplier_4_resub.blif
generated_multiplier_4,resub,new_n46,1,new_n49,1.0,1.0,1.0,1.0,11,11,1,exact_anchor,1,1,256,1,2a405c951c90f415,2a405c951c90f415,7,7,2,2,exact anchor SAT sanity check (score 1.000),True,variants/generated_multiplier_4_original.blif,variants/generated_multiplier_4_resub.blif
generated_multiplier_4,resub,new_n47,1,new_n50,1.0,1.0,1.0,1.0,1,1,1,exact_anchor,1,1,256,1,31cb5c0aa63e9a47,31cb5c0aa63e9a47,2,2,2,2,exact anchor SAT sanity check (score 1.000),True,variants/generated_multiplier_4_original.blif,variants/generated_multiplier_4_resub.blif
generated_multiplier_4,resub,new_n48,1,new_n51,1.0,1.0,1.0,1.0,12,12,1,exact_anchor,1,1,256,1,f600c848e0e1d993,f600c848e0e1d993,7,7,2,2,exact anchor SAT sanity check (score 1.000),True,variants/generated_multiplier_4_original.blif,variants/generated_multiplier_4_resub.blif
generated_multiplier_4,resub,new_n49,1,new_n52,1.0,1.0,1.0,1.0,12,12,1,exact_anchor,1,1,256,1,d8e7472bb9540f7a,d8e7472bb9540f7a,7,7,2,2,exact anchor SAT sanity check (score 1.000),True,variants/generated_multiplier_4_original.blif,variants/generated_multiplier_4_resub.blif
generated_multiplier_4,resub,new_n50,1,new_n53,1.0,1.0,1.0,1.0,13,13,1,exact_anchor,1,1,256,1,32c4f6178277862f,32c4f6178277862f,7,7,2,2,exact anchor SAT sanity check (score 1.000),True,variants/generated_multiplier_4_original.blif,variants/generated_multiplier_4_resub.blif
generated_multiplier_4,resub,new_n51,1,new_n54,1.0,1.0,1.0,1.0,1,1,1,exact_anchor,1,1,256,1,cb60c2fbaaf9f6e2,cb60c2fbaaf9f6e2,2,2,2,2,exact anchor SAT sanity check (score 1.000),True,variants/generated_multiplier_4_original.blif,variants/generated_multiplier_4_resub.blif
generated_multiplier_4,resub,new_n52,1,new_n55,1.0,1.0,1.0,1.0,14,14,1,exact_anchor,1,1,256,1,ff1db1d16a102baa,ff1db1d16a102baa,7,7,2,2,exact anchor SAT sanity check (score 1.000),True,variants/generated_multiplier_4_original.blif,variants/generated_multiplier_4_resub.blif
generated_multiplier_4,resub,new_n53,1,new_n56,1.0,1.0,1.0,1.0,14,14,1,exact_anchor,1,1,256,1,59fec561c86cb554,59fec561c86cb554,7,7,2,2,exact anchor SAT sanity check (score 1.000),True,variants/generated_multiplier_4_original.blif,variants/generated_multiplier_4_resub.blif
generated_multiplier_4,resub,new_n54,1,new_n57,1.0,1.0,1.0,1.0,15,15,1,exact_anchor,1,1,256,1,91438d80d49aaf39,91438d80d49aaf39,7,7,2,2,exact anchor SAT sanity check (score 1.000),True,variants/generated_multiplier_4_original.blif,variants/generated_multiplier_4_resub.blif
generated_multiplier_4,resub,new_n55,1,new_n58,1.0,1.0,1.0,1.0,16,16,1,exact_anchor,1,1,256,1,177eb242678f885a,177eb242678f885a,8,8,2,2,exact anchor SAT sanity check (score 1.000),True,variants/generated_multiplier_4_original.blif,variants/generated_multiplier_4_resub.blif
generated_multiplier_4,resub,new_n56,1,new_n59,1.0,1.0,1.0,1.0,16,16,1,exact_anchor,1,1,256,1,3be26798005f5314,3be26798005f5314,8,8,2,2,exact anchor SAT sanity check (score 1.000),True,variants/generated_multiplier_4_original.blif,variants/generated_multiplier_4_resub.blif
generated_multiplier_4,resub,new_n58,1,new_n61,1.0,1.0,1.0,1.0,1,1,1,exact_anchor,1,1,256,1,b8de2bc840a17203,b8de2bc840a17203,2,2,2,2,exact anchor SAT sanity check (score 1.000),True,variants/generated_multiplier_4_original.blif,variants/generated_multiplier_4_resub.blif
generated_multiplier_4,resub,new_n59,1,new_n62,1.0,1.0,1.0,1.0,16,16,1,exact_anchor,1,1,256,1,895121da96d29c8c,895121da96d29c8c,8,8,2,2,exact anchor SAT sanity check (score 1.000),True,variants/generated_multiplier_4_original.blif,variants/generated_multiplier_4_resub.blif
generated_multiplier_4,resub,new_n60,1,new_n63,1.0,1.0,1.0,1.0,12,12,1,exact_anchor,1,1,256,1,f2b97f311a2f1992,f2b97f311a2f1992,7,7,2,2,exact anchor SAT sanity check (score 1.000),True,variants/generated_multiplier_4_original.blif,variants/generated_multiplier_4_resub.blif
generated_multiplier_4,resub,new_n61,1,new_n64,1.0,1.0,1.0,1.0,12,12,1,exact_anchor,1,1,256,1,aaa1b5e15bf943f4,aaa1b5e15bf943f4,7,7,2,2,exact anchor SAT sanity check (score 1.000),True,variants/generated_multiplier_4_original.blif,variants/generated_multiplier_4_resub.blif
generated_multiplier_4,resub,new_n62,1,new_n65,1.0,1.0,1.0,1.0,13,13,1,exact_anchor,1,1,256,1,b57b35d00d8524c3,b57b35d00d8524c3,7,7,2,2,exact anchor SAT sanity check (score 1.000),True,variants/generated_multiplier_4_original.blif,variants/generated_multiplier_4_resub.blif
generated_multiplier_4,resub,new_n63,1,new_n66,1.0,1.0,1.0,1.0,2,2,1,exact_anchor,1,1,256,1,ad7389ab505febfe,ad7389ab505febfe,4,4,2,2,exact anchor SAT sanity check (score 1.000),True,variants/generated_multiplier_4_original.blif,variants/generated_multiplier_4_resub.blif
generated_multiplier_4,resub,new_n64,1,new_n67,1.0,1.0,1.0,1.0,14,14,1,exact_anchor,1,1,256,1,dbad4ed6f53ead5a,dbad4ed6f53ead5a,7,7,2,2,exact anchor SAT sanity check (score 1.000),True,variants/generated_multiplier_4_original.blif,variants/generated_multiplier_4_resub.blif
generated_multiplier_4,resub,new_n65,1,new_n68,1.0,1.0,1.0,1.0,17,17,1,exact_anchor,1,1,256,1,326334894385b3db,326334894385b3db,8,8,2,2,exact anchor SAT sanity check (score 1.000),True,variants/generated_multiplier_4_original.blif,variants/generated_multiplier_4_resub.blif
generated_multiplier_4,resub,new_n66,1,new_n69,1.0,1.0,1.0,1.0,17,17,1,exact_anchor,1,1,256,1,2ab65460456dd7d8,2ab65460456dd7d8,8,8,2,2,exact anchor SAT sanity check (score 1.000),True,variants/generated_multiplier_4_original.blif,variants/generated_multiplier_4_resub.blif
generated_multiplier_4,resub,new_n67,1,new_n70,1.0,1.0,1.0,1.0,18,18,1,exact_anchor,1,1,256,1,42dcbd0d3430c661,42dcbd0d3430c661,8,8,2,2,exact anchor SAT sanity check (score 1.000),True,variants/generated_multiplier_4_original.blif,variants/generated_multiplier_4_resub.blif
generated_multiplier_4,resub,new_n68,1,new_n74,0.9333333333333332,1.0,1.0,0.3333333333333333,4,6,1,exact_anchor,1,1,256,1,1cb35c4e7bdb3b79,760014ef1e419c3e,6,6,2,2,exact anchor SAT sanity check (score 0.933),True,variants/generated_multiplier_4_original.blif,variants/generated_multiplier_4_resub.blif
generated_multiplier_4,resub,new_n70,1,new_n75,0.9333333333333332,1.0,1.0,0.3333333333333333,12,10,1,exact_anchor,1,1,256,1,44ba6d4afcdd1d5e,8e3302147e0d4501,7,7,2,2,exact anchor SAT sanity check (score 0.933),True,variants/generated_multiplier_4_original.blif,variants/generated_multiplier_4_resub.blif
generated_multiplier_4,resub,new_n71,1,new_n76,1.0,1.0,1.0,1.0,19,19,1,exact_anchor,1,1,256,1,9514e7ef5458cf43,9514e7ef5458cf43,8,8,2,2,exact anchor SAT sanity check (score 1.000),True,variants/generated_multiplier_4_original.blif,variants/generated_multiplier_4_resub.blif
generated_multiplier_4,resub,new_n72,1,new_n77,1.0,1.0,1.0,1.0,19,19,1,exact_anchor,1,1,256,1,aa5a7dbe3480ce25,aa5a7dbe3480ce25,8,8,2,2,exact anchor SAT sanity check (score 1.000),True,variants/generated_multiplier_4_original.blif,variants/generated_multiplier_4_resub.blif
generated_multiplier_4,resub,new_n73,1,new_n78,1.0,1.0,1.0,1.0,20,20,1,exact_anchor,1,1,256,1,42bf6770a8a2e970,42bf6770a8a2e970,8,8,2,2,exact anchor SAT sanity check (score 1.000),True,variants/generated_multiplier_4_original.blif,variants/generated_multiplier_4_resub.blif
generated_multiplier_4,resub,new_n74,1,new_n79,1.0,1.0,1.0,1.0,1,1,1,exact_anchor,1,1,256,1,c4415c893735d027,c4415c893735d027,2,2,2,2,exact anchor SAT sanity check (score 1.000),True,variants/generated_multiplier_4_original.blif,variants/generated_multiplier_4_resub.blif
generated_multiplier_4,resub,new_n75,1,new_n80,1.0,1.0,1.0,1.0,21,21,1,exact_anchor,1,1,256,1,198d5cd83c1c256f,198d5cd83c1c256f,8,8,2,2,exact anchor SAT sanity check (score 1.000),True,variants/generated_multiplier_4_original.blif,variants/generated_multiplier_4_resub.blif
generated_multiplier_4,resub,new_n76,1,new_n81,1.0,1.0,1.0,1.0,21,21,1,exact_anchor,1,1,256,1,9dfc1f6df7623fc8,9dfc1f6df7623fc8,8,8,2,2,exact anchor SAT sanity check (score 1.000),True,variants/generated_multiplier_4_original.blif,variants/generated_multiplier_4_resub.blif
generated_multiplier_4,resub,new_n77,1,new_n82,1.0,1.0,1.0,1.0,22,22,1,exact_anchor,1,1,256,1,119359fcfa7caee3,119359fcfa7caee3,8,8,2,2,exact anchor SAT sanity check (score 1.000),True,variants/generated_multiplier_4_original.blif,variants/generated_multiplier_4_resub.blif
generated_multiplier_4,resub,new_n78,1,new_n83,1.0,1.0,1.0,1.0,1,1,1,exact_anchor,1,1,256,1,9c88b7dd1fdb5687,9c88b7dd1fdb5687,2,2,2,2,exact anchor SAT sanity check (score 1.000),True,variants/generated_multiplier_4_original.blif,variants/generated_multiplier_4_resub.blif
generated_multiplier_4,resub,new_n79,1,new_n84,1.0,1.0,1.0,1.0,23,23,1,exact_anchor,1,1,256,1,16cb8fd814bc16da,16cb8fd814bc16da,8,8,2,2,exact anchor SAT sanity check (score 1.000),True,variants/generated_multiplier_4_original.blif,variants/generated_multiplier_4_resub.blif
generated_multiplier_4,resub,new_n80,1,new_n85,1.0,1.0,1.0,1.0,23,23,1,exact_anchor,1,1,256,1,d4c73d2879d2096b,d4c73d2879d2096b,8,8,2,2,exact anchor SAT sanity check (score 1.000),True,variants/generated_multiplier_4_original.blif,variants/generated_multiplier_4_resub.blif
generated_multiplier_4,resub,new_n81,1,new_n86,1.0,1.0,1.0,1.0,24,24,1,exact_anchor,1,1,256,1,cd1d2a0338d3dddb,cd1d2a0338d3dddb,8,8,2,2,exact anchor SAT sanity check (score 1.000),True,variants/generated_multiplier_4_original.blif,variants/generated_multiplier_4_resub.blif
generated_multiplier_4,resub,new_n82,1,new_n87,1.0,1.0,1.0,1.0,25,25,1,exact_anchor,1,1,256,1,720c98dc5315d520,720c98dc5315d520,8,8,2,2,exact anchor SAT sanity check (score 1.000),True,variants/generated_multiplier_4_original.blif,variants/generated_multiplier_4_resub.blif
generated_multiplier_4,resub,new_n83,1,new_n88,1.0,1.0,1.0,1.0,25,25,1,exact_anchor,1,1,256,1,265fa236ccd1bb4e,265fa236ccd1bb4e,8,8,2,2,exact anchor SAT sanity check (score 1.000),True,variants/generated_multiplier_4_original.blif,variants/generated_multiplier_4_resub.blif
generated_multiplier_4,resub,new_n85,1,new_n90,1.0,1.0,1.0,1.0,25,25,1,exact_anchor,1,1,256,1,0d4bf7cd3aabe0ea,0d4bf7cd3aabe0ea,8,8,2,2,exact anchor SAT sanity check (score 1.000),True,variants/generated_multiplier_4_original.blif,variants/generated_multiplier_4_resub.blif
generated_multiplier_4,resub,new_n86,1,new_n94,1.0,1.0,1.0,1.0,2,2,1,exact_anchor,1,1,256,1,eed85922eda3c95b,eed85922eda3c95b,4,4,2,2,exact anchor SAT sanity check (score 1.000),True,variants/generated_multiplier_4_original.blif,variants/generated_multiplier_4_resub.blif
generated_multiplier_4,resub,new_n88,1,new_n95,0.9333333333333332,1.0,1.0,0.3333333333333333,25,23,1,exact_anchor,1,1,256,1,60407716213959d5,b5f640685f507235,8,8,2,2,exact anchor SAT sanity check (score 0.933),True,variants/generated_multiplier_4_original.blif,variants/generated_multiplier_4_resub.blif
generated_multiplier_4,resub,new_n89,1,new_n96,1.0,1.0,1.0,1.0,26,26,1,exact_anchor,1,1,256,1,2b5873f94463eaf5,2b5873f94463eaf5,8,8,2,2,exact anchor SAT sanity check (score 1.000),True,variants/generated_multiplier_4_original.blif,variants/generated_multiplier_4_resub.blif
generated_multiplier_4,resub,new_n90,1,new_n97,1.0,1.0,1.0,1.0,26,26,1,exact_anchor,1,1,256,1,5d2c9a116295da61,5d2c9a116295da61,8,8,2,2,exact anchor SAT sanity check (score 1.000),True,variants/generated_multiplier_4_original.blif,variants/generated_multiplier_4_resub.blif
generated_multiplier_4,resub,new_n91,1,new_n98,1.0,1.0,1.0,1.0,27,27,1,exact_anchor,1,1,256,1,e0c244a114dfd73b,e0c244a114dfd73b,8,8,2,2,exact anchor SAT sanity check (score 1.000),True,variants/generated_multiplier_4_original.blif,variants/generated_multiplier_4_resub.blif
generated_multiplier_4,resub,new_n92,1,new_n102,1.0,1.0,1.0,1.0,15,15,1,exact_anchor,1,1,256,1,1598a06c02b11f4b,1598a06c02b11f4b,7,7,2,2,exact anchor SAT sanity check (score 1.000),True,variants/generated_multiplier_4_original.blif,variants/generated_multiplier_4_resub.blif
generated_multiplier_4,resub,new_n94,1,new_n103,0.9333333333333332,1.0,1.0,0.3333333333333333,21,19,1,exact_anchor,1,1,256,1,f3fbe4d3b274321f,de0a9396a842ddca,8,8,2,2,exact anchor SAT sanity check (score 0.933),True,variants/generated_multiplier_4_original.blif,variants/generated_multiplier_4_resub.blif
generated_multiplier_4,resub,new_n95,1,new_n104,1.0,1.0,1.0,1.0,28,28,1,exact_anchor,1,1,256,1,8bc568f51adc9bf1,8bc568f51adc9bf1,8,8,2,2,exact anchor SAT sanity check (score 1.000),True,variants/generated_multiplier_4_original.blif,variants/generated_multiplier_4_resub.blif
generated_multiplier_4,resub,new_n96,1,new_n105,1.0,1.0,1.0,1.0,28,28,1,exact_anchor,1,1,256,1,f547b12273626e4d,f547b12273626e4d,8,8,2,2,exact anchor SAT sanity check (score 1.000),True,variants/generated_multiplier_4_original.blif,variants/generated_multiplier_4_resub.blif
generated_multiplier_4,resub,new_n97,1,new_n106,1.0,1.0,1.0,1.0,29,29,1,exact_anchor,1,1,256,1,95aec9dc6bf5e25c,95aec9dc6bf5e25c,8,8,2,2,exact anchor SAT sanity check (score 1.000),True,variants/generated_multiplier_4_original.blif,variants/generated_multiplier_4_resub.blif
generated_multiplier_4,resub,new_n98,1,new_n107,1.0,1.0,1.0,1.0,1,1,1,exact_anchor,1,1,256,1,037bb0b7ec757977,037bb0b7ec757977,2,2,2,2,exact anchor SAT sanity check (score 1.000),True,variants/generated_multiplier_4_original.blif,variants/generated_multiplier_4_resub.blif
generated_multiplier_4,resub,new_n99,1,new_n108,1.0,1.0,1.0,1.0,30,30,1,exact_anchor,1,1,256,1,f3d4fa460fa1972a,f3d4fa460fa1972a,8,8,2,2,exact anchor SAT sanity check (score 1.000),True,variants/generated_multiplier_4_original.blif,variants/generated_multiplier_4_resub.blif
generated_multiplier_4,resub,new_n100,1,new_n109,1.0,1.0,1.0,1.0,30,30,1,exact_anchor,1,1,256,1,fc30d8bf83272b55,fc30d8bf83272b55,8,8,2,2,exact anchor SAT sanity check (score 1.000),True,variants/generated_multiplier_4_original.blif,variants/generated_multiplier_4_resub.blif
generated_multiplier_4,resub,new_n101,1,new_n110,1.0,1.0,1.0,1.0,31,31,1,exact_anchor,1,1,256,1,9e50b5e2ab904157,9e50b5e2ab904157,8,8,2,2,exact anchor SAT sanity check (score 1.000),True,variants/generated_multiplier_4_original.blif,variants/generated_multiplier_4_resub.blif
generated_multiplier_4,resub,new_n102,1,new_n111,1.0,1.0,1.0,1.0,1,1,1,exact_anchor,1,1,256,1,b0351b35ebc9fd1b,b0351b35ebc9fd1b,2,2,2,2,exact anchor SAT sanity check (score 1.000),True,variants/generated_multiplier_4_original.blif,variants/generated_multiplier_4_resub.blif
generated_multiplier_4,resub,new_n103,1,new_n112,1.0,1.0,1.0,1.0,32,32,1,exact_anchor,1,1,256,1,67ed0a2dc55f2575,67ed0a2dc55f2575,8,8,2,2,exact anchor SAT sanity check (score 1.000),True,variants/generated_multiplier_4_original.blif,variants/generated_multiplier_4_resub.blif
generated_multiplier_4,resub,new_n104,1,new_n113,1.0,1.0,1.0,1.0,32,32,1,exact_anchor,1,1,256,1,cc9d40aad5a849b0,cc9d40aad5a849b0,8,8,2,2,exact anchor SAT sanity check (score 1.000),True,variants/generated_multiplier_4_original.blif,variants/generated_multiplier_4_resub.blif
generated_multiplier_4,resub,new_n106,1,new_n115,1.0,1.0,1.0,1.0,30,30,1,exact_anchor,1,1,256,1,ef9b05d606e21933,ef9b05d606e21933,8,8,2,2,exact anchor SAT sanity check (score 1.000),True,variants/generated_multiplier_4_original.blif,variants/generated_multiplier_4_resub.blif
generated_multiplier_4,resub,new_n107,1,new_n116,1.0,1.0,1.0,1.0,30,30,1,exact_anchor,1,1,256,1,3883d57a691fd2a3,3883d57a691fd2a3,8,8,2,2,exact anchor SAT sanity check (score 1.000),True,variants/generated_multiplier_4_original.blif,variants/generated_multiplier_4_resub.blif
generated_multiplier_4,resub,new_n108,1,new_n117,1.0,1.0,1.0,1.0,31,31,1,exact_anchor,1,1,256,1,4a440b0db73db0b9,4a440b0db73db0b9,8,8,2,2,exact anchor SAT sanity check (score 1.000),True,variants/generated_multiplier_4_original.blif,variants/generated_multiplier_4_resub.blif
generated_multiplier_4,resub,new_n109,1,new_n118,1.0,1.0,1.0,1.0,2,2,1,exact_anchor,1,1,256,1,e6bd08b39e052b9d,e6bd08b39e052b9d,4,4,2,2,exact anchor SAT sanity check (score 1.000),True,variants/generated_multiplier_4_original.blif,variants/generated_multiplier_4_resub.blif
generated_multiplier_4,resub,new_n110,1,new_n119,1.0,1.0,1.0,1.0,32,32,1,exact_anchor,1,1,256,1,1de303d0a71e3f34,1de303d0a71e3f34,8,8,2,2,exact anchor SAT sanity check (score 1.000),True,variants/generated_multiplier_4_original.blif,variants/generated_multiplier_4_resub.blif
generated_multiplier_4,resub,new_n113,1,new_n124,0.9333333333333332,1.0,1.0,0.3333333333333333,30,28,1,exact_anchor,1,1,256,1,4319c4aaa7626e6c,e19c7350a04382d8,8,8,2,2,exact anchor SAT sanity check (score 0.933),True,variants/generated_multiplier_4_original.blif,variants/generated_multiplier_4_resub.blif
generated_multiplier_4,resub,new_n114,1,new_n125,1.0,1.0,1.0,1.0,33,33,1,exact_anchor,1,1,256,1,f0308d3c84954188,f0308d3c84954188,8,8,2,2,exact anchor SAT sanity check (score 1.000),True,variants/generated_multiplier_4_original.blif,variants/generated_multiplier_4_resub.blif
generated_multiplier_4,resub,new_n115,1,new_n126,1.0,1.0,1.0,1.0,33,33,1,exact_anchor,1,1,256,1,0f1e77ff3c6a4b0d,0f1e77ff3c6a4b0d,8,8,2,2,exact anchor SAT sanity check (score 1.000),True,variants/generated_multiplier_4_original.blif,variants/generated_multiplier_4_resub.blif
generated_multiplier_4,resub,new_n116,1,new_n127,1.0,1.0,1.0,1.0,34,34,1,exact_anchor,1,1,256,1,a7186f0038f22cac,a7186f0038f22cac,8,8,2,2,exact anchor SAT sanity check (score 1.000),True,variants/generated_multiplier_4_original.blif,variants/generated_multiplier_4_resub.blif
generated_multiplier_4,resub,new_n117,1,new_n128,1.0,1.0,1.0,1.0,1,1,1,exact_anchor,1,1,256,1,cbd9187bb8af7b97,cbd9187bb8af7b97,2,2,2,2,exact anchor SAT sanity check (score 1.000),True,variants/generated_multiplier_4_original.blif,variants/generated_multiplier_4_resub.blif
generated_multiplier_4,resub,new_n118,1,new_n129,1.0,1.0,1.0,1.0,35,35,1,exact_anchor,1,1,256,1,1f7b13a2fad871d5,1f7b13a2fad871d5,8,8,2,2,exact anchor SAT sanity check (score 1.000),True,variants/generated_multiplier_4_original.blif,variants/generated_multiplier_4_resub.blif
generated_multiplier_4,resub,new_n119,1,new_n130,1.0,1.0,1.0,1.0,35,35,1,exact_anchor,1,1,256,1,43208014e0c3b39b,43208014e0c3b39b,8,8,2,2,exact anchor SAT sanity check (score 1.000),True,variants/generated_multiplier_4_original.blif,variants/generated_multiplier_4_resub.blif
generated_multiplier_4,resub,new_n121,1,new_n132,1.0,1.0,1.0,1.0,33,33,1,exact_anchor,1,1,256,1,06e6655b7ec044ef,06e6655b7ec044ef,8,8,2,2,exact anchor SAT sanity check (score 1.000),True,variants/generated_multiplier_4_original.blif,variants/generated_multiplier_4_resub.blif
generated_multiplier_4,resub,new_n122,1,new_n133,1.0,1.0,1.0,1.0,33,33,1,exact_anchor,1,1,256,1,a82c54656e068f84,a82c54656e068f84,8,8,2,2,exact anchor SAT sanity check (score 1.000),True,variants/generated_multiplier_4_original.blif,variants/generated_multiplier_4_resub.blif
generated_multiplier_4,resub,new_n123,1,new_n134,1.0,1.0,1.0,1.0,34,34,1,exact_anchor,1,1,256,1,778b1d1f0ae334a5,778b1d1f0ae334a5,8,8,2,2,exact anchor SAT sanity check (score 1.000),True,variants/generated_multiplier_4_original.blif,variants/generated_multiplier_4_resub.blif
generated_multiplier_4,resub,new_n124,1,new_n135,0.9333333333333332,1.0,1.0,0.3333333333333333,31,29,1,exact_anchor,1,1,256,1,de626053346adab0,9f629d4f7228878e,8,8,2,2,exact anchor SAT sanity check (score 0.933),True,variants/generated_multiplier_4_original.blif,variants/generated_multiplier_4_resub.blif
generated_multiplier_4,resyn,new_n18,1,new_n18,1.0,1.0,1.0,1.0,1,1,1,exact_anchor,1,1,256,1,47d9ec050d70fefa,47d9ec050d70fefa,2,2,2,2,exact anchor SAT sanity check (score 1.000),True,variants/generated_multiplier_4_original.blif,variants/generated_multiplier_4_resyn.blif
generated_multiplier_4,resyn,new_n19,1,new_n19,1.0,1.0,1.0,1.0,1,1,1,exact_anchor,1,1,256,1,cb06df8e226a6307,cb06df8e226a6307,2,2,2,2,exact anchor SAT sanity check (score 1.000),True,variants/generated_multiplier_4_original.blif,variants/generated_multiplier_4_resyn.blif
generated_multiplier_4,resyn,new_n20,1,new_n20,1.0,1.0,1.0,1.0,2,2,1,exact_anchor,1,1,256,1,e0918d70fe50a066,e0918d70fe50a066,4,4,2,2,exact anchor SAT sanity check (score 1.000),True,variants/generated_multiplier_4_original.blif,variants/generated_multiplier_4_resyn.blif
generated_multiplier_4,resyn,new_n21,1,new_n21,1.0,1.0,1.0,1.0,2,2,1,exact_anchor,1,1,256,1,cf15de6ce236cf9a,cf15de6ce236cf9a,4,4,2,2,exact anchor SAT sanity check (score 1.000),True,variants/generated_multiplier_4_original.blif,variants/generated_multiplier_4_resyn.blif
generated_multiplier_4,resyn,new_n23,1,new_n23,1.0,1.0,1.0,1.0,1,1,1,exact_anchor,1,1,256,1,4b515fd7d699498f,4b515fd7d699498f,2,2,2,2,exact anchor SAT sanity check (score 1.000),True,variants/generated_multiplier_4_original.blif,variants/generated_multiplier_4_resyn.blif
generated_multiplier_4,resyn,new_n24,1,new_n25,1.0,1.0,1.0,1.0,1,1,1,exact_anchor,1,1,256,1,43826ad8aaba919c,43826ad8aaba919c,2,2,2,2,exact anchor SAT sanity check (score 1.000),True,variants/generated_multiplier_4_original.blif,variants/generated_multiplier_4_resyn.blif
generated_multiplier_4,resyn,new_n25,1,new_n29,1.0,1.0,1.0,1.0,1,1,1,exact_anchor,1,1,256,1,6a73686ecc682206,6a73686ecc682206,2,2,2,2,exact anchor SAT sanity check (score 1.000),True,variants/generated_multiplier_4_original.blif,variants/generated_multiplier_4_resyn.blif
generated_multiplier_4,resyn,new_n29,1,new_n32,0.9333333333333332,1.0,1.0,0.3333333333333333,4,6,1,exact_anchor,1,1,256,1,e4f6d304dd7b6aeb,e10575f2228f5e54,5,5,2,2,exact anchor SAT sanity check (score 0.933),True,variants/generated_multiplier_4_original.blif,variants/generated_multiplier_4_resyn.blif
generated_multiplier_4,resyn,new_n30,1,new_n37,0.9333333333333332,1.0,1.0,0.3333333333333333,5,7,1,exact_anchor,1,1,256,1,d7cd26ee25736c35,6eaa28379cbfc583,6,6,2,2,exact anchor SAT sanity check (score 0.933),True,variants/generated_multiplier_4_original.blif,variants/generated_multiplier_4_resyn.blif
generated_multiplier_4,resyn,new_n33,1,new_n36,1.0,1.0,1.0,1.0,1,1,1,exact_anchor,1,1,256,1,06c3272985e328dc,06c3272985e328dc,2,2,2,2,exact anchor SAT sanity check (score 1.000),True,variants/generated_multiplier_4_original.blif,variants/generated_multiplier_4_resyn.blif
generated_multiplier_4,resyn,new_n34,1,new_n54,1.0,1.0,1.0,1.0,1,1,1,exact_anchor,1,1,256,1,cb60c2fbaaf9f6e2,cb60c2fbaaf9f6e2,2,2,2,2,exact anchor SAT sanity check (score 1.000),True,variants/generated_multiplier_4_original.blif,variants/generated_multiplier_4_resyn.blif
generated_multiplier_4,resyn,new_n35,1,new_n50,1.0,1.0,1.0,1.0,1,1,1,exact_anchor,1,1,256,1,31cb5c0aa63e9a47,31cb5c0aa63e9a47,2,2,2,2,exact anchor SAT sanity check (score 1.000),True,variants/generated_multiplier_4_original.blif,variants/generated_multiplier_4_resyn.blif
generated_multiplier_4,resyn,new_n36,1,new_n46,1.0,1.0,1.0,1.0,1,1,1,exact_anchor,1,1,256,1,1ac90e850d694c08,1ac90e850d694c08,2,2,2,2,exact anchor SAT sanity check (score 1.000),True,variants/generated_multiplier_4_original.blif,variants/generated_multiplier_4_resyn.blif
generated_multiplier_4,resyn,new_n37,1,new_n24,1.0,1.0,1.0,1.0,2,2,1,exact_anchor,1,1,256,1,2bf13ecf2111bbd3,2bf13ecf2111bbd3,4,4,2,2,exact anchor SAT sanity check (score 1.000),True,variants/generated_multiplier_4_original.blif,variants/generated_multiplier_4_resyn.blif
generated_multiplier_4,resyn,new_n38,1,new_n41,1.0,1.0,1.0,1.0,2,2,1,exact_anchor,1,1,256,1,155a98949f72be0b,155a98949f72be0b,4,4,2,2,exact anchor SAT sanity check (score 1.000),True,variants/generated_multiplier_4_original.blif,variants/generated_multiplier_4_resyn.blif
generated_multiplier_4,resyn,new_n39,1,new_n42,0.9333333333333332,1.0,1.0,0.3333333333333333,3,5,1,exact_anchor,1,1,256,1,e706d45cc7009455,a25184d7d70e8843,5,5,2,2,exact anchor SAT sanity check (score 0.933),True,variants/generated_multiplier_4_original.blif,variants/generated_multiplier_4_resyn.blif
generated_multiplier_4,resyn,new_n40,1,new_n71,0.9333333333333332,1.0,1.0,0.3333333333333333,6,8,1,exact_anchor,1,1,256,1,4a10812e7d1b904c,757284f4221f6662,6,6,2,2,exact anchor SAT sanity check (score 0.933),True,variants/generated_multiplier_4_original.blif,variants/generated_multiplier_4_resyn.blif
generated_multiplier_4,resyn,new_n49,1,new_n56,0.9333333333333332,1.0,1.0,0.3333333333333333,12,14,1,exact_anchor,1,1,256,1,482c1e5a9533b292,59fec561c86cb554,7,7,2,2,exact anchor SAT sanity check (score 0.933),True,variants/generated_multiplier_4_original.blif,variants/generated_multiplier_4_resyn.blif
generated_multiplier_4,resyn,new_n50,1,new_n55,0.9333333333333332,1.0,1.0,0.3333333333333333,12,14,1,exact_anchor,1,1,256,1,55214b1daf3bd3c0,ff1db1d16a102baa,7,7,2,2,exact anchor SAT sanity check (score 0.933),True,variants/generated_multiplier_4_original.blif,variants/generated_multiplier_4_resyn.blif
generated_multiplier_4,resyn,new_n51,1,new_n57,0.9333333333333332,1.0,1.0,0.3333333333333333,13,15,1,exact_anchor,1,1,256,1,2819c4a4ed4a9000,91438d80d49aaf39,7,7,2,2,exact anchor SAT sanity check (score 0.933),True,variants/generated_multiplier_4_original.blif,variants/generated_multiplier_4_resyn.blif
generated_multiplier_4,resyn,new_n52,1,new_n62,0.9333333333333332,1.0,1.0,0.3333333333333333,14,16,1,exact_anchor,1,1,256,1,b8b1e290951f6a48,895121da96d29c8c,8,8,2,2,exact anchor SAT sanity check (score 0.933),True,variants/generated_multiplier_4_original.blif,variants/generated_multiplier_4_resyn.blif
generated_multiplier_4,resyn,new_n55,1,new_n61,1.0,1.0,1.0,1.0,1,1,1,exact_anchor,1,1,256,1,b8de2bc840a17203,b8de2bc840a17203,2,2,2,2,exact anchor SAT sanity check (score 1.000),True,variants/generated_multiplier_4_original.blif,variants/generated_multiplier_4_resyn.blif
generated_multiplier_4,resyn,new_n56,1,new_n83,1.0,1.0,1.0,1.0,1,1,1,exact_anchor,1,1,256,1,9c88b7dd1fdb5687,9c88b7dd1fdb5687,2,2,2,2,exact anchor SAT sanity check (score 1.000),True,variants/generated_multiplier_4_original.blif,variants/generated_multiplier_4_resyn.blif
generated_multiplier_4,resyn,new_n57,1,new_n79,1.0,1.0,1.0,1.0,1,1,1,exact_anchor,1,1,256,1,c4415c893735d027,c4415c893735d027,2,2,2,2,exact anchor SAT sanity check (score 1.000),True,variants/generated_multiplier_4_original.blif,variants/generated_multiplier_4_resyn.blif
generated_multiplier_4,resyn,new_n74,1,new_n90,0.9333333333333332,1.0,1.0,0.3333333333333333,23,25,1,exact_anchor,1,1,256,1,138306e6d7c6d08b,0d4bf7cd3aabe0ea,8,8,2,2,exact anchor SAT sanity check (score 0.933),True,variants/generated_multiplier_4_original.blif,variants/generated_multiplier_4_resyn.blif
generated_multiplier_4,resyn,new_n77,1,new_n111,1.0,1.0,1.0,1.0,1,1,1,exact_anchor,1,1,256,1,b0351b35ebc9fd1b,b0351b35ebc9fd1b,2,2,2,2,exact anchor SAT sanity check (score 1.000),True,variants/generated_multiplier_4_original.blif,variants/generated_multiplier_4_resyn.blif
generated_multiplier_4,resyn,new_n78,1,new_n107,1.0,1.0,1.0,1.0,1,1,1,exact_anchor,1,1,256,1,037bb0b7ec757977,037bb0b7ec757977,2,2,2,2,exact anchor SAT sanity check (score 1.000),True,variants/generated_multiplier_4_original.blif,variants/generated_multiplier_4_resyn.blif
generated_multiplier_4,resyn,new_n85,1,new_n95,0.9333333333333332,1.0,1.0,0.3333333333333333,21,23,1,exact_anchor,1,1,256,1,efb5758690b47c83,b5f640685f507235,8,8,2,2,exact anchor SAT sanity check (score 0.933),True,variants/generated_multiplier_4_original.blif,variants/generated_multiplier_4_resyn.blif
generated_multiplier_4,resyn,new_n93,1,new_n113,0.9333333333333332,1.0,1.0,0.3333333333333333,30,32,1,exact_anchor,1,1,256,1,87ed027f7db92b92,cc9d40aad5a849b0,8,8,2,2,exact anchor SAT sanity check (score 0.933),True,variants/generated_multiplier_4_original.blif,variants/generated_multiplier_4_resyn.blif
generated_multiplier_4,resyn,new_n96,1,new_n128,1.0,1.0,1.0,1.0,1,1,1,exact_anchor,1,1,256,1,cbd9187bb8af7b97,cbd9187bb8af7b97,2,2,2,2,exact anchor SAT sanity check (score 1.000),True,variants/generated_multiplier_4_original.blif,variants/generated_multiplier_4_resyn.blif
generated_multiplier_4,resyn,new_n100,1,new_n132,0.9333333333333332,1.0,1.0,0.3333333333333333,31,33,1,exact_anchor,1,1,256,1,377861c37f271dae,06e6655b7ec044ef,8,8,2,2,exact anchor SAT sanity check (score 0.933),True,variants/generated_multiplier_4_original.blif,variants/generated_multiplier_4_resyn.blif
generated_multiplier_4,resyn2,new_n18,1,new_n18,1.0,1.0,1.0,1.0,1,1,1,exact_anchor,1,1,256,1,47d9ec050d70fefa,47d9ec050d70fefa,2,2,2,2,exact anchor SAT sanity check (score 1.000),True,variants/generated_multiplier_4_original.blif,variants/generated_multiplier_4_resyn2.blif
generated_multiplier_4,resyn2,new_n19,1,new_n19,1.0,1.0,1.0,1.0,1,1,1,exact_anchor,1,1,256,1,cb06df8e226a6307,cb06df8e226a6307,2,2,2,2,exact anchor SAT sanity check (score 1.000),True,variants/generated_multiplier_4_original.blif,variants/generated_multiplier_4_resyn2.blif
generated_multiplier_4,resyn2,new_n21,1,new_n29,1.0,1.0,1.0,1.0,1,1,1,exact_anchor,1,1,256,1,6a73686ecc682206,6a73686ecc682206,2,2,2,2,exact anchor SAT sanity check (score 1.000),True,variants/generated_multiplier_4_original.blif,variants/generated_multiplier_4_resyn2.blif
generated_multiplier_4,resyn2,new_n22,1,new_n24,1.0,1.0,1.0,1.0,2,2,1,exact_anchor,1,1,256,1,2bf13ecf2111bbd3,2bf13ecf2111bbd3,4,4,2,2,exact anchor SAT sanity check (score 1.000),True,variants/generated_multiplier_4_original.blif,variants/generated_multiplier_4_resyn2.blif
generated_multiplier_4,resyn2,new_n24,1,new_n23,1.0,1.0,1.0,1.0,1,1,1,exact_anchor,1,1,256,1,4b515fd7d699498f,4b515fd7d699498f,2,2,2,2,exact anchor SAT sanity check (score 1.000),True,variants/generated_multiplier_4_original.blif,variants/generated_multiplier_4_resyn2.blif
generated_multiplier_4,resyn2,new_n25,1,new_n25,1.0,1.0,1.0,1.0,1,1,1,exact_anchor,1,1,256,1,43826ad8aaba919c,43826ad8aaba919c,2,2,2,2,exact anchor SAT sanity check (score 1.000),True,variants/generated_multiplier_4_original.blif,variants/generated_multiplier_4_resyn2.blif
generated_multiplier_4,resyn2,new_n29,1,new_n32,0.9333333333333332,1.0,1.0,0.3333333333333333,4,6,1,exact_anchor,1,1,256,1,e4f6d304dd7b6aeb,e10575f2228f5e54,5,5,2,2,exact anchor SAT sanity check (score 0.933),True,variants/generated_multiplier_4_original.blif,variants/generated_multiplier_4_resyn2.blif
generated_multiplier_4,resyn2,new_n30,1,new_n37,0.9333333333333332,1.0,1.0,0.3333333333333333,5,7,1,exact_anchor,1,1,256,1,d7cd26ee25736c35,6eaa28379cbfc583,6,6,2,2,exact anchor SAT sanity check (score 0.933),True,variants/generated_multiplier_4_original.blif,variants/generated_multiplier_4_resyn2.blif
generated_multiplier_4,resyn2,new_n33,1,new_n36,1.0,1.0,1.0,1.0,1,1,1,exact_anchor,1,1,256,1,06c3272985e328dc,06c3272985e328dc,2,2,2,2,exact anchor SAT sanity check (score 1.000),True,variants/generated_multiplier_4_original.blif,variants/generated_multiplier_4_resyn2.blif
generated_multiplier_4,resyn2,new_n34,1,new_n54,1.0,1.0,1.0,1.0,1,1,1,exact_anchor,1,1,256,1,cb60c2fbaaf9f6e2,cb60c2fbaaf9f6e2,2,2,2,2,exact anchor SAT sanity check (score 1.000),True,variants/generated_multiplier_4_original.blif,variants/generated_multiplier_4_resyn2.blif
generated_multiplier_4,resyn2,new_n35,1,new_n50,1.0,1.0,1.0,1.0,1,1,1,exact_anchor,1,1,256,1,31cb5c0aa63e9a47,31cb5c0aa63e9a47,2,2,2,2,exact anchor SAT sanity check (score 1.000),True,variants/generated_multiplier_4_original.blif,variants/generated_multiplier_4_resyn2.blif
generated_multiplier_4,resyn2,new_n36,1,new_n46,1.0,1.0,1.0,1.0,1,1,1,exact_anchor,1,1,256,1,1ac90e850d694c08,1ac90e850d694c08,2,2,2,2,exact anchor SAT sanity check (score 1.000),True,variants/generated_multiplier_4_original.blif,variants/generated_multiplier_4_resyn2.blif
generated_multiplier_4,resyn2,new_n37,1,new_n41,1.0,1.0,1.0,1.0,2,2,1,exact_anchor,1,1,256,1,155a98949f72be0b,155a98949f72be0b,4,4,2,2,exact anchor SAT sanity check (score 1.000),True,variants/generated_multiplier_4_original.blif,variants/generated_multiplier_4_resyn2.blif
generated_multiplier_4,resyn2,new_n38,1,new_n42,0.9333333333333332,1.0,1.0,0.3333333333333333,3,5,1,exact_anchor,1,1,256,1,e706d45cc7009455,a25184d7d70e8843,5,5,2,2,exact anchor SAT sanity check (score 0.933),True,variants/generated_multiplier_4_original.blif,variants/generated_multiplier_4_resyn2.blif
generated_multiplier_4,resyn2,new_n39,1,new_n71,0.9333333333333332,1.0,1.0,0.3333333333333333,6,8,1,exact_anchor,1,1,256,1,4a10812e7d1b904c,757284f4221f6662,6,6,2,2,exact anchor SAT sanity check (score 0.933),True,variants/generated_multiplier_4_original.blif,variants/generated_multiplier_4_resyn2.blif
generated_multiplier_4,resyn2,new_n48,1,new_n56,0.9333333333333332,1.0,1.0,0.3333333333333333,12,14,1,exact_anchor,1,1,256,1,482c1e5a9533b292,59fec561c86cb554,7,7,2,2,exact anchor SAT sanity check (score 0.933),True,variants/generated_multiplier_4_original.blif,variants/generated_multiplier_4_resyn2.blif
generated_multiplier_4,resyn2,new_n49,1,new_n55,0.9333333333333332,1.0,1.0,0.3333333333333333,12,14,1,exact_anchor,1,1,256,1,55214b1daf3bd3c0,ff1db1d16a102baa,7,7,2,2,exact anchor SAT sanity check (score 0.933),True,variants/generated_multiplier_4_original.blif,variants/generated_multiplier_4_resyn2.blif
generated_multiplier_4,resyn2,new_n50,1,new_n57,0.9333333333333332,1.0,1.0,0.3333333333333333,13,15,1,exact_anchor,1,1,256,1,2819c4a4ed4a9000,91438d80d49aaf39,7,7,2,2,exact anchor SAT sanity check (score 0.933),True,variants/generated_multiplier_4_original.blif,variants/generated_multiplier_4_resyn2.blif
generated_multiplier_4,resyn2,new_n51,1,new_n62,0.9333333333333332,1.0,1.0,0.3333333333333333,14,16,1,exact_anchor,1,1,256,1,b8b1e290951f6a48,895121da96d29c8c,8,8,2,2,exact anchor SAT sanity check (score 0.933),True,variants/generated_multiplier_4_original.blif,variants/generated_multiplier_4_resyn2.blif
generated_multiplier_4,resyn2,new_n54,1,new_n61,1.0,1.0,1.0,1.0,1,1,1,exact_anchor,1,1,256,1,b8de2bc840a17203,b8de2bc840a17203,2,2,2,2,exact anchor SAT sanity check (score 1.000),True,variants/generated_multiplier_4_original.blif,variants/generated_multiplier_4_resyn2.blif
generated_multiplier_4,resyn2,new_n55,1,new_n83,1.0,1.0,1.0,1.0,1,1,1,exact_anchor,1,1,256,1,9c88b7dd1fdb5687,9c88b7dd1fdb5687,2,2,2,2,exact anchor SAT sanity check (score 1.000),True,variants/generated_multiplier_4_original.blif,variants/generated_multiplier_4_resyn2.blif
generated_multiplier_4,resyn2,new_n56,1,new_n79,1.0,1.0,1.0,1.0,1,1,1,exact_anchor,1,1,256,1,c4415c893735d027,c4415c893735d027,2,2,2,2,exact anchor SAT sanity check (score 1.000),True,variants/generated_multiplier_4_original.blif,variants/generated_multiplier_4_resyn2.blif
generated_multiplier_4,resyn2,new_n73,1,new_n90,0.9333333333333332,1.0,1.0,0.3333333333333333,23,25,1,exact_anchor,1,1,256,1,138306e6d7c6d08b,0d4bf7cd3aabe0ea,8,8,2,2,exact anchor SAT sanity check (score 0.933),True,variants/generated_multiplier_4_original.blif,variants/generated_multiplier_4_resyn2.blif
generated_multiplier_4,resyn2,new_n76,1,new_n111,1.0,1.0,1.0,1.0,1,1,1,exact_anchor,1,1,256,1,b0351b35ebc9fd1b,b0351b35ebc9fd1b,2,2,2,2,exact anchor SAT sanity check (score 1.000),True,variants/generated_multiplier_4_original.blif,variants/generated_multiplier_4_resyn2.blif
generated_multiplier_4,resyn2,new_n77,1,new_n107,1.0,1.0,1.0,1.0,1,1,1,exact_anchor,1,1,256,1,037bb0b7ec757977,037bb0b7ec757977,2,2,2,2,exact anchor SAT sanity check (score 1.000),True,variants/generated_multiplier_4_original.blif,variants/generated_multiplier_4_resyn2.blif
generated_multiplier_4,resyn2,new_n84,1,new_n95,0.9333333333333332,1.0,1.0,0.3333333333333333,21,23,1,exact_anchor,1,1,256,1,efb5758690b47c83,b5f640685f507235,8,8,2,2,exact anchor SAT sanity check (score 0.933),True,variants/generated_multiplier_4_original.blif,variants/generated_multiplier_4_resyn2.blif
generated_multiplier_4,resyn2,new_n92,1,new_n113,0.9333333333333332,1.0,1.0,0.3333333333333333,30,32,1,exact_anchor,1,1,256,1,87ed027f7db92b92,cc9d40aad5a849b0,8,8,2,2,exact anchor SAT sanity check (score 0.933),True,variants/generated_multiplier_4_original.blif,variants/generated_multiplier_4_resyn2.blif
generated_multiplier_4,resyn2,new_n95,1,new_n128,1.0,1.0,1.0,1.0,1,1,1,exact_anchor,1,1,256,1,cbd9187bb8af7b97,cbd9187bb8af7b97,2,2,2,2,exact anchor SAT sanity check (score 1.000),True,variants/generated_multiplier_4_original.blif,variants/generated_multiplier_4_resyn2.blif
generated_multiplier_4,resyn2,new_n99,1,new_n132,0.9333333333333332,1.0,1.0,0.3333333333333333,31,33,1,exact_anchor,1,1,256,1,377861c37f271dae,06e6655b7ec044ef,8,8,2,2,exact anchor SAT sanity check (score 0.933),True,variants/generated_multiplier_4_original.blif,variants/generated_multiplier_4_resyn2.blif
generated_multiplier_4,resyn2_like,new_n18,1,new_n18,1.0,1.0,1.0,1.0,1,1,1,exact_anchor,1,1,256,1,47d9ec050d70fefa,47d9ec050d70fefa,2,2,2,2,exact anchor SAT sanity check (score 1.000),True,variants/generated_multiplier_4_original.blif,variants/generated_multiplier_4_resyn2_like.blif
generated_multiplier_4,resyn2_like,new_n19,1,new_n19,1.0,1.0,1.0,1.0,1,1,1,exact_anchor,1,1,256,1,cb06df8e226a6307,cb06df8e226a6307,2,2,2,2,exact anchor SAT sanity check (score 1.000),True,variants/generated_multiplier_4_original.blif,variants/generated_multiplier_4_resyn2_like.blif
generated_multiplier_4,resyn2_like,new_n21,1,new_n29,1.0,1.0,1.0,1.0,1,1,1,exact_anchor,1,1,256,1,6a73686ecc682206,6a73686ecc682206,2,2,2,2,exact anchor SAT sanity check (score 1.000),True,variants/generated_multiplier_4_original.blif,variants/generated_multiplier_4_resyn2_like.blif
generated_multiplier_4,resyn2_like,new_n22,1,new_n24,1.0,1.0,1.0,1.0,2,2,1,exact_anchor,1,1,256,1,2bf13ecf2111bbd3,2bf13ecf2111bbd3,4,4,2,2,exact anchor SAT sanity check (score 1.000),True,variants/generated_multiplier_4_original.blif,variants/generated_multiplier_4_resyn2_like.blif
generated_multiplier_4,resyn2_like,new_n24,1,new_n23,1.0,1.0,1.0,1.0,1,1,1,exact_anchor,1,1,256,1,4b515fd7d699498f,4b515fd7d699498f,2,2,2,2,exact anchor SAT sanity check (score 1.000),True,variants/generated_multiplier_4_original.blif,variants/generated_multiplier_4_resyn2_like.blif
generated_multiplier_4,resyn2_like,new_n25,1,new_n25,1.0,1.0,1.0,1.0,1,1,1,exact_anchor,1,1,256,1,43826ad8aaba919c,43826ad8aaba919c,2,2,2,2,exact anchor SAT sanity check (score 1.000),True,variants/generated_multiplier_4_original.blif,variants/generated_multiplier_4_resyn2_like.blif
generated_multiplier_4,resyn2_like,new_n29,1,new_n32,0.9333333333333332,1.0,1.0,0.3333333333333333,4,6,1,exact_anchor,1,1,256,1,e4f6d304dd7b6aeb,e10575f2228f5e54,5,5,2,2,exact anchor SAT sanity check (score 0.933),True,variants/generated_multiplier_4_original.blif,variants/generated_multiplier_4_resyn2_like.blif
generated_multiplier_4,resyn2_like,new_n30,1,new_n37,0.9333333333333332,1.0,1.0,0.3333333333333333,5,7,1,exact_anchor,1,1,256,1,d7cd26ee25736c35,6eaa28379cbfc583,6,6,2,2,exact anchor SAT sanity check (score 0.933),True,variants/generated_multiplier_4_original.blif,variants/generated_multiplier_4_resyn2_like.blif
generated_multiplier_4,resyn2_like,new_n33,1,new_n36,1.0,1.0,1.0,1.0,1,1,1,exact_anchor,1,1,256,1,06c3272985e328dc,06c3272985e328dc,2,2,2,2,exact anchor SAT sanity check (score 1.000),True,variants/generated_multiplier_4_original.blif,variants/generated_multiplier_4_resyn2_like.blif
generated_multiplier_4,resyn2_like,new_n34,1,new_n54,1.0,1.0,1.0,1.0,1,1,1,exact_anchor,1,1,256,1,cb60c2fbaaf9f6e2,cb60c2fbaaf9f6e2,2,2,2,2,exact anchor SAT sanity check (score 1.000),True,variants/generated_multiplier_4_original.blif,variants/generated_multiplier_4_resyn2_like.blif
generated_multiplier_4,resyn2_like,new_n35,1,new_n50,1.0,1.0,1.0,1.0,1,1,1,exact_anchor,1,1,256,1,31cb5c0aa63e9a47,31cb5c0aa63e9a47,2,2,2,2,exact anchor SAT sanity check (score 1.000),True,variants/generated_multiplier_4_original.blif,variants/generated_multiplier_4_resyn2_like.blif
generated_multiplier_4,resyn2_like,new_n36,1,new_n46,1.0,1.0,1.0,1.0,1,1,1,exact_anchor,1,1,256,1,1ac90e850d694c08,1ac90e850d694c08,2,2,2,2,exact anchor SAT sanity check (score 1.000),True,variants/generated_multiplier_4_original.blif,variants/generated_multiplier_4_resyn2_like.blif
generated_multiplier_4,resyn2_like,new_n37,1,new_n41,1.0,1.0,1.0,1.0,2,2,1,exact_anchor,1,1,256,1,155a98949f72be0b,155a98949f72be0b,4,4,2,2,exact anchor SAT sanity check (score 1.000),True,variants/generated_multiplier_4_original.blif,variants/generated_multiplier_4_resyn2_like.blif
generated_multiplier_4,resyn2_like,new_n38,1,new_n42,0.9333333333333332,1.0,1.0,0.3333333333333333,3,5,1,exact_anchor,1,1,256,1,e706d45cc7009455,a25184d7d70e8843,5,5,2,2,exact anchor SAT sanity check (score 0.933),True,variants/generated_multiplier_4_original.blif,variants/generated_multiplier_4_resyn2_like.blif
generated_multiplier_4,resyn2_like,new_n39,1,new_n71,0.9333333333333332,1.0,1.0,0.3333333333333333,6,8,1,exact_anchor,1,1,256,1,4a10812e7d1b904c,757284f4221f6662,6,6,2,2,exact anchor SAT sanity check (score 0.933),True,variants/generated_multiplier_4_original.blif,variants/generated_multiplier_4_resyn2_like.blif
generated_multiplier_4,resyn2_like,new_n48,1,new_n56,0.9333333333333332,1.0,1.0,0.3333333333333333,12,14,1,exact_anchor,1,1,256,1,482c1e5a9533b292,59fec561c86cb554,7,7,2,2,exact anchor SAT sanity check (score 0.933),True,variants/generated_multiplier_4_original.blif,variants/generated_multiplier_4_resyn2_like.blif
generated_multiplier_4,resyn2_like,new_n49,1,new_n55,0.9333333333333332,1.0,1.0,0.3333333333333333,12,14,1,exact_anchor,1,1,256,1,55214b1daf3bd3c0,ff1db1d16a102baa,7,7,2,2,exact anchor SAT sanity check (score 0.933),True,variants/generated_multiplier_4_original.blif,variants/generated_multiplier_4_resyn2_like.blif
generated_multiplier_4,resyn2_like,new_n50,1,new_n57,0.9333333333333332,1.0,1.0,0.3333333333333333,13,15,1,exact_anchor,1,1,256,1,2819c4a4ed4a9000,91438d80d49aaf39,7,7,2,2,exact anchor SAT sanity check (score 0.933),True,variants/generated_multiplier_4_original.blif,variants/generated_multiplier_4_resyn2_like.blif
generated_multiplier_4,resyn2_like,new_n51,1,new_n62,0.9333333333333332,1.0,1.0,0.3333333333333333,14,16,1,exact_anchor,1,1,256,1,b8b1e290951f6a48,895121da96d29c8c,8,8,2,2,exact anchor SAT sanity check (score 0.933),True,variants/generated_multiplier_4_original.blif,variants/generated_multiplier_4_resyn2_like.blif
generated_multiplier_4,resyn2_like,new_n54,1,new_n61,1.0,1.0,1.0,1.0,1,1,1,exact_anchor,1,1,256,1,b8de2bc840a17203,b8de2bc840a17203,2,2,2,2,exact anchor SAT sanity check (score 1.000),True,variants/generated_multiplier_4_original.blif,variants/generated_multiplier_4_resyn2_like.blif
generated_multiplier_4,resyn2_like,new_n55,1,new_n83,1.0,1.0,1.0,1.0,1,1,1,exact_anchor,1,1,256,1,9c88b7dd1fdb5687,9c88b7dd1fdb5687,2,2,2,2,exact anchor SAT sanity check (score 1.000),True,variants/generated_multiplier_4_original.blif,variants/generated_multiplier_4_resyn2_like.blif
generated_multiplier_4,resyn2_like,new_n56,1,new_n79,1.0,1.0,1.0,1.0,1,1,1,exact_anchor,1,1,256,1,c4415c893735d027,c4415c893735d027,2,2,2,2,exact anchor SAT sanity check (score 1.000),True,variants/generated_multiplier_4_original.blif,variants/generated_multiplier_4_resyn2_like.blif
generated_multiplier_4,resyn2_like,new_n73,1,new_n90,0.9333333333333332,1.0,1.0,0.3333333333333333,23,25,1,exact_anchor,1,1,256,1,138306e6d7c6d08b,0d4bf7cd3aabe0ea,8,8,2,2,exact anchor SAT sanity check (score 0.933),True,variants/generated_multiplier_4_original.blif,variants/generated_multiplier_4_resyn2_like.blif
generated_multiplier_4,resyn2_like,new_n76,1,new_n111,1.0,1.0,1.0,1.0,1,1,1,exact_anchor,1,1,256,1,b0351b35ebc9fd1b,b0351b35ebc9fd1b,2,2,2,2,exact anchor SAT sanity check (score 1.000),True,variants/generated_multiplier_4_original.blif,variants/generated_multiplier_4_resyn2_like.blif
generated_multiplier_4,resyn2_like,new_n77,1,new_n107,1.0,1.0,1.0,1.0,1,1,1,exact_anchor,1,1,256,1,037bb0b7ec757977,037bb0b7ec757977,2,2,2,2,exact anchor SAT sanity check (score 1.000),True,variants/generated_multiplier_4_original.blif,variants/generated_multiplier_4_resyn2_like.blif
generated_multiplier_4,resyn2_like,new_n84,1,new_n95,0.9333333333333332,1.0,1.0,0.3333333333333333,21,23,1,exact_anchor,1,1,256,1,efb5758690b47c83,b5f640685f507235,8,8,2,2,exact anchor SAT sanity check (score 0.933),True,variants/generated_multiplier_4_original.blif,variants/generated_multiplier_4_resyn2_like.blif
generated_multiplier_4,resyn2_like,new_n92,1,new_n113,0.9333333333333332,1.0,1.0,0.3333333333333333,30,32,1,exact_anchor,1,1,256,1,87ed027f7db92b92,cc9d40aad5a849b0,8,8,2,2,exact anchor SAT sanity check (score 0.933),True,variants/generated_multiplier_4_original.blif,variants/generated_multiplier_4_resyn2_like.blif
generated_multiplier_4,resyn2_like,new_n95,1,new_n128,1.0,1.0,1.0,1.0,1,1,1,exact_anchor,1,1,256,1,cbd9187bb8af7b97,cbd9187bb8af7b97,2,2,2,2,exact anchor SAT sanity check (score 1.000),True,variants/generated_multiplier_4_original.blif,variants/generated_multiplier_4_resyn2_like.blif
generated_multiplier_4,resyn2_like,new_n99,1,new_n132,0.9333333333333332,1.0,1.0,0.3333333333333333,31,33,1,exact_anchor,1,1,256,1,377861c37f271dae,06e6655b7ec044ef,8,8,2,2,exact anchor SAT sanity check (score 0.933),True,variants/generated_multiplier_4_original.blif,variants/generated_multiplier_4_resyn2_like.blif
generated_multiplier_4,rewrite,new_n18,1,new_n18,1.0,1.0,1.0,1.0,1,1,1,exact_anchor,1,1,256,1,47d9ec050d70fefa,47d9ec050d70fefa,2,2,2,2,exact anchor SAT sanity check (score 1.000),True,variants/generated_multiplier_4_original.blif,variants/generated_multiplier_4_rewrite.blif
generated_multiplier_4,rewrite,new_n19,1,new_n19,1.0,1.0,1.0,1.0,1,1,1,exact_anchor,1,1,256,1,cb06df8e226a6307,cb06df8e226a6307,2,2,2,2,exact anchor SAT sanity check (score 1.000),True,variants/generated_multiplier_4_original.blif,variants/generated_multiplier_4_rewrite.blif
generated_multiplier_4,rewrite,new_n20,1,new_n20,1.0,1.0,1.0,1.0,2,2,1,exact_anchor,1,1,256,1,e0918d70fe50a066,e0918d70fe50a066,4,4,2,2,exact anchor SAT sanity check (score 1.000),True,variants/generated_multiplier_4_original.blif,variants/generated_multiplier_4_rewrite.blif
generated_multiplier_4,rewrite,new_n21,1,new_n21,1.0,1.0,1.0,1.0,2,2,1,exact_anchor,1,1,256,1,cf15de6ce236cf9a,cf15de6ce236cf9a,4,4,2,2,exact anchor SAT sanity check (score 1.000),True,variants/generated_multiplier_4_original.blif,variants/generated_multiplier_4_rewrite.blif
generated_multiplier_4,rewrite,new_n23,1,new_n23,1.0,1.0,1.0,1.0,1,1,1,exact_anchor,1,1,256,1,4b515fd7d699498f,4b515fd7d699498f,2,2,2,2,exact anchor SAT sanity check (score 1.000),True,variants/generated_multiplier_4_original.blif,variants/generated_multiplier_4_rewrite.blif
generated_multiplier_4,rewrite,new_n24,1,new_n24,1.0,1.0,1.0,1.0,2,2,1,exact_anchor,1,1,256,1,2bf13ecf2111bbd3,2bf13ecf2111bbd3,4,4,2,2,exact anchor SAT sanity check (score 1.000),True,variants/generated_multiplier_4_original.blif,variants/generated_multiplier_4_rewrite.blif
generated_multiplier_4,rewrite,new_n25,1,new_n25,1.0,1.0,1.0,1.0,1,1,1,exact_anchor,1,1,256,1,43826ad8aaba919c,43826ad8aaba919c,2,2,2,2,exact anchor SAT sanity check (score 1.000),True,variants/generated_multiplier_4_original.blif,variants/generated_multiplier_4_rewrite.blif
generated_multiplier_4,rewrite,new_n26,1,new_n26,1.0,1.0,1.0,1.0,3,3,1,exact_anchor,1,1,256,1,ff53e7a71e59580f,ff53e7a71e59580f,5,5,2,2,exact anchor SAT sanity check (score 1.000),True,variants/generated_multiplier_4_original.blif,variants/generated_multiplier_4_rewrite.blif
generated_multiplier_4,rewrite,new_n27,1,new_n27,1.0,1.0,1.0,1.0,3,3,1,exact_anchor,1,1,256,1,768f34e3306bddab,768f34e3306bddab,5,5,2,2,exact anchor SAT sanity check (score 1.000),True,variants/generated_multiplier_4_original.blif,variants/generated_multiplier_4_rewrite.blif
generated_multiplier_4,rewrite,new_n28,1,new_n28,1.0,1.0,1.0,1.0,4,4,1,exact_anchor,1,1,256,1,3190aed2d5dce916,3190aed2d5dce916,5,5,2,2,exact anchor SAT sanity check (score 1.000),True,variants/generated_multiplier_4_original.blif,variants/generated_multiplier_4_rewrite.blif
generated_multiplier_4,rewrite,new_n29,1,new_n29,1.0,1.0,1.0,1.0,1,1,1,exact_anchor,1,1,256,1,6a73686ecc682206,6a73686ecc682206,2,2,2,2,exact anchor SAT sanity check (score 1.000),True,variants/generated_multiplier_4_original.blif,variants/generated_multiplier_4_rewrite.blif
generated_multiplier_4,rewrite,new_n30,1,new_n30,1.0,1.0,1.0,1.0,5,5,1,exact_anchor,1,1,256,1,5ef274b86cd7e770,5ef274b86cd7e770,5,5,2,2,exact anchor SAT sanity check (score 1.000),True,variants/generated_multiplier_4_original.blif,variants/generated_multiplier_4_rewrite.blif
generated_multiplier_4,rewrite,new_n31,1,new_n31,1.0,1.0,1.0,1.0,5,5,1,exact_anchor,1,1,256,1,f3b31876b86d5bf7,f3b31876b86d5bf7,5,5,2,2,exact anchor SAT sanity check (score 1.000),True,variants/generated_multiplier_4_original.blif,variants/generated_multiplier_4_rewrite.blif
generated_multiplier_4,rewrite,new_n32,1,new_n32,1.0,1.0,1.0,1.0,6,6,1,exact_anchor,1,1,256,1,e10575f2228f5e54,e10575f2228f5e54,5,5,2,2,exact anchor SAT sanity check (score 1.000),True,variants/generated_multiplier_4_original.blif,variants/generated_multiplier_4_rewrite.blif
generated_multiplier_4,rewrite,new_n33,1,new_n37,1.0,1.0,1.0,1.0,7,7,1,exact_anchor,1,1,256,1,6eaa28379cbfc583,6eaa28379cbfc583,6,6,2,2,exact anchor SAT sanity check (score 1.000),True,variants/generated_multiplier_4_original.blif,variants/generated_multiplier_4_rewrite.blif
generated_multiplier_4,rewrite,new_n36,1,new_n36,1.0,1.0,1.0,1.0,1,1,1,exact_anchor,1,1,256,1,06c3272985e328dc,06c3272985e328dc,2,2,2,2,exact anchor SAT sanity check (score 1.000),True,variants/generated_multiplier_4_original.blif,variants/generated_multiplier_4_rewrite.blif
generated_multiplier_4,rewrite,new_n37,1,new_n54,1.0,1.0,1.0,1.0,1,1,1,exact_anchor,1,1,256,1,cb60c2fbaaf9f6e2,cb60c2fbaaf9f6e2,2,2,2,2,exact anchor SAT sanity check (score 1.000),True,variants/generated_multiplier_4_original.blif,variants/generated_multiplier_4_rewrite.blif
generated_multiplier_4,rewrite,new_n38,1,new_n46,1.0,1.0,1.0,1.0,1,1,1,exact_anchor,1,1,256,1,1ac90e850d694c08,1ac90e850d694c08,2,2,2,2,exact anchor SAT sanity check (score 1.000),True,variants/generated_multiplier_4_original.blif,variants/generated_multiplier_4_rewrite.blif
generated_multiplier_4,rewrite,new_n39,1,new_n41,1.0,1.0,1.0,1.0,2,2,1,exact_anchor,1,1,256,1,155a98949f72be0b,155a98949f72be0b,4,4,2,2,exact anchor SAT sanity check (score 1.000),True,variants/generated_multiplier_4_original.blif,variants/generated_multiplier_4_rewrite.blif
generated_multiplier_4,rewrite,new_n40,1,new_n42,0.9333333333333332,1.0,1.0,0.3333333333333333,3,5,1,exact_anchor,1,1,256,1,e706d45cc7009455,a25184d7d70e8843,5,5,2,2,exact anchor SAT sanity check (score 0.933),True,variants/generated_multiplier_4_original.blif,variants/generated_multiplier_4_rewrite.blif
generated_multiplier_4,rewrite,new_n41,1,new_n71,1.0,1.0,1.0,1.0,8,8,1,exact_anchor,1,1,256,1,757284f4221f6662,757284f4221f6662,6,6,2,2,exact anchor SAT sanity check (score 1.000),True,variants/generated_multiplier_4_original.blif,variants/generated_multiplier_4_rewrite.blif
generated_multiplier_4,rewrite,new_n44,1,new_n47,1.0,1.0,1.0,1.0,10,10,1,exact_anchor,1,1,256,1,b6ce367596e194a5,b6ce367596e194a5,7,7,2,2,exact anchor SAT sanity check (score 1.000),True,variants/generated_multiplier_4_original.blif,variants/generated_multiplier_4_rewrite.blif
generated_multiplier_4,rewrite,new_n45,1,new_n48,1.0,1.0,1.0,1.0,10,10,1,exact_anchor,1,1,256,1,7fe2e1577981904f,7fe2e1577981904f,7,7,2,2,exact anchor SAT sanity check (score 1.000),True,variants/generated_multiplier_4_original.blif,variants/generated_multiplier_4_rewrite.blif
generated_multiplier_4,rewrite,new_n46,1,new_n49,1.0,1.0,1.0,1.0,11,11,1,exact_anchor,1,1,256,1,2a405c951c90f415,2a405c951c90f415,7,7,2,2,exact anchor SAT sanity check (score 1.000),True,variants/generated_multiplier_4_original.blif,variants/generated_multiplier_4_rewrite.blif
generated_multiplier_4,rewrite,new_n47,1,new_n50,1.0,1.0,1.0,1.0,1,1,1,exact_anchor,1,1,256,1,31cb5c0aa63e9a47,31cb5c0aa63e9a47,2,2,2,2,exact anchor SAT sanity check (score 1.000),True,variants/generated_multiplier_4_original.blif,variants/generated_multiplier_4_rewrite.blif
generated_multiplier_4,rewrite,new_n48,1,new_n63,1.0,1.0,1.0,1.0,12,12,1,exact_anchor,1,1,256,1,f2b97f311a2f1992,f2b97f311a2f1992,7,7,2,2,exact anchor SAT sanity check (score 1.000),True,variants/generated_multiplier_4_original.blif,variants/generated_multiplier_4_rewrite.blif
generated_multiplier_4,rewrite,new_n51,1,new_n55,1.0,1.0,1.0,1.0,14,14,1,exact_anchor,1,1,256,1,ff1db1d16a102baa,ff1db1d16a102baa,7,7,2,2,exact anchor SAT sanity check (score 1.000),True,variants/generated_multiplier_4_original.blif,variants/generated_multiplier_4_rewrite.blif
generated_multiplier_4,rewrite,new_n52,1,new_n56,1.0,1.0,1.0,1.0,14,14,1,exact_anchor,1,1,256,1,59fec561c86cb554,59fec561c86cb554,7,7,2,2,exact anchor SAT sanity check (score 1.000),True,variants/generated_multiplier_4_original.blif,variants/generated_multiplier_4_rewrite.blif
generated_multiplier_4,rewrite,new_n53,1,new_n57,1.0,1.0,1.0,1.0,15,15,1,exact_anchor,1,1,256,1,91438d80d49aaf39,91438d80d49aaf39,7,7,2,2,exact anchor SAT sanity check (score 1.000),True,variants/generated_multiplier_4_original.blif,variants/generated_multiplier_4_rewrite.blif
generated_multiplier_4,rewrite,new_n54,1,new_n62,1.0,1.0,1.0,1.0,16,16,1,exact_anchor,1,1,256,1,895121da96d29c8c,895121da96d29c8c,8,8,2,2,exact anchor SAT sanity check (score 1.000),True,variants/generated_multiplier_4_original.blif,variants/generated_multiplier_4_rewrite.blif
generated_multiplier_4,rewrite,new_n57,1,new_n61,1.0,1.0,1.0,1.0,1,1,1,exact_anchor,1,1,256,1,b8de2bc840a17203,b8de2bc840a17203,2,2,2,2,exact anchor SAT sanity check (score 1.000),True,variants/generated_multiplier_4_original.blif,variants/generated_multiplier_4_rewrite.blif
generated_multiplier_4,rewrite,new_n58,1,new_n83,1.0,1.0,1.0,1.0,1,1,1,exact_anchor,1,1,256,1,9c88b7dd1fdb5687,9c88b7dd1fdb5687,2,2,2,2,exact anchor SAT sanity check (score 1.000),True,variants/generated_multiplier_4_original.blif,variants/generated_multiplier_4_rewrite.blif
generated_multiplier_4,rewrite,new_n60,1,new_n67,1.0,1.0,1.0,1.0,14,14,1,exact_anchor,1,1,256,1,dbad4ed6f53ead5a,dbad4ed6f53ead5a,7,7,2,2,exact anchor SAT sanity check (score 1.000),True,variants/generated_multiplier_4_original.blif,variants/generated_multiplier_4_rewrite.blif
generated_multiplier_4,rewrite,new_n61,1,new_n99,1.0,1.0,1.0,1.0,17,17,1,exact_anchor,1,1,256,1,123c6bb80e94413c,123c6bb80e94413c,8,8,2,2,exact anchor SAT sanity check (score 1.000),True,variants/generated_multiplier_4_original.blif,variants/generated_multiplier_4_rewrite.blif
generated_multiplier_4,rewrite,new_n66,1,new_n76,1.0,1.0,1.0,1.0,19,19,1,exact_anchor,1,1,256,1,9514e7ef5458cf43,9514e7ef5458cf43,8,8,2,2,exact anchor SAT sanity check (score 1.000),True,variants/generated_multiplier_4_original.blif,variants/generated_multiplier_4_rewrite.blif
generated_multiplier_4,rewrite,new_n67,1,new_n77,1.0,1.0,1.0,1.0,19,19,1,exact_anchor,1,1,256,1,aa5a7dbe3480ce25,aa5a7dbe3480ce25,8,8,2,2,exact anchor SAT sanity check (score 1.000),True,variants/generated_multiplier_4_original.blif,variants/generated_multiplier_4_rewrite.blif
generated_multiplier_4,rewrite,new_n68,1,new_n78,1.0,1.0,1.0,1.0,20,20,1,exact_anchor,1,1,256,1,42bf6770a8a2e970,42bf6770a8a2e970,8,8,2,2,exact anchor SAT sanity check (score 1.000),True,variants/generated_multiplier_4_original.blif,variants/generated_multiplier_4_rewrite.blif
generated_multiplier_4,rewrite,new_n69,1,new_n79,1.0,1.0,1.0,1.0,1,1,1,exact_anchor,1,1,256,1,c4415c893735d027,c4415c893735d027,2,2,2,2,exact anchor SAT sanity check (score 1.000),True,variants/generated_multiplier_4_original.blif,variants/generated_multiplier_4_rewrite.blif
generated_multiplier_4,rewrite,new_n70,1,new_n91,1.0,1.0,1.0,1.0,21,21,1,exact_anchor,1,1,256,1,0292939b1cf1f656,0292939b1cf1f656,8,8,2,2,exact anchor SAT sanity check (score 1.000),True,variants/generated_multiplier_4_original.blif,variants/generated_multiplier_4_rewrite.blif
generated_multiplier_4,rewrite,new_n73,1,new_n84,1.0,1.0,1.0,1.0,23,23,1,exact_anchor,1,1,256,1,16cb8fd814bc16da,16cb8fd814bc16da,8,8,2,2,exact anchor SAT sanity check (score 1.000),True,variants/generated_multiplier_4_original.blif,variants/generated_multiplier_4_rewrite.blif
generated_multiplier_4,rewrite,new_n74,1,new_n85,1.0,1.0,1.0,1.0,23,23,1,exact_anchor,1,1,256,1,d4c73d2879d2096b,d4c73d2879d2096b,8,8,2,2,exact anchor SAT sanity check (score 1.000),True,variants/generated_multiplier_4_original.blif,variants/generated_multiplier_4_rewrite.blif
generated_multiplier_4,rewrite,new_n75,1,new_n86,1.0,1.0,1.0,1.0,24,24,1,exact_anchor,1,1,256,1,cd1d2a0338d3dddb,cd1d2a0338d3dddb,8,8,2,2,exact anchor SAT sanity check (score 1.000),True,variants/generated_multiplier_4_original.blif,variants/generated_multiplier_4_rewrite.blif
generated_multiplier_4,rewrite,new_n76,1,new_n90,1.0,1.0,1.0,1.0,25,25,1,exact_anchor,1,1,256,1,0d4bf7cd3aabe0ea,0d4bf7cd3aabe0ea,8,8,2,2,exact anchor SAT sanity check (score 1.000),True,variants/generated_multiplier_4_original.blif,variants/generated_multiplier_4_rewrite.blif
generated_multiplier_4,rewrite,new_n79,1,new_n111,1.0,1.0,1.0,1.0,1,1,1,exact_anchor,1,1,256,1,b0351b35ebc9fd1b,b0351b35ebc9fd1b,2,2,2,2,exact anchor SAT sanity check (score 1.000),True,variants/generated_multiplier_4_original.blif,variants/generated_multiplier_4_rewrite.blif
generated_multiplier_4,rewrite,new_n81,1,new_n95,1.0,1.0,1.0,1.0,23,23,1,exact_anchor,1,1,256,1,b5f640685f507235,b5f640685f507235,8,8,2,2,exact anchor SAT sanity check (score 1.000),True,variants/generated_multiplier_4_original.blif,variants/generated_multiplier_4_rewrite.blif
generated_multiplier_4,rewrite,new_n82,1,new_n120,1.0,1.0,1.0,1.0,26,26,1,exact_anchor,1,1,256,1,ef72686737b363d0,ef72686737b363d0,8,8,2,2,exact anchor SAT sanity check (score 1.000),True,variants/generated_multiplier_4_original.blif,variants/generated_multiplier_4_rewrite.blif
generated_multiplier_4,rewrite,new_n87,1,new_n104,1.0,1.0,1.0,1.0,28,28,1,exact_anchor,1,1,256,1,8bc568f51adc9bf1,8bc568f51adc9bf1,8,8,2,2,exact anchor SAT sanity check (score 1.000),True,variants/generated_multiplier_4_original.blif,variants/generated_multiplier_4_rewrite.blif
generated_multiplier_4,rewrite,new_n88,1,new_n105,1.0,1.0,1.0,1.0,28,28,1,exact_anchor,1,1,256,1,f547b12273626e4d,f547b12273626e4d,8,8,2,2,exact anchor SAT sanity check (score 1.000),True,variants/generated_multiplier_4_original.blif,variants/generated_multiplier_4_rewrite.blif
generated_multiplier_4,rewrite,new_n89,1,new_n106,1.0,1.0,1.0,1.0,29,29,1,exact_anchor,1,1,256,1,95aec9dc6bf5e25c,95aec9dc6bf5e25c,8,8,2,2,exact anchor SAT sanity check (score 1.000),True,variants/generated_multiplier_4_original.blif,variants/generated_multiplier_4_rewrite.blif
generated_multiplier_4,rewrite,new_n90,1,new_n107,1.0,1.0,1.0,1.0,1,1,1,exact_anchor,1,1,256,1,037bb0b7ec757977,037bb0b7ec757977,2,2,2,2,exact anchor SAT sanity check (score 1.000),True,variants/generated_multiplier_4_original.blif,variants/generated_multiplier_4_rewrite.blif
generated_multiplier_4,rewrite,new_n91,1,new_n115,1.0,1.0,1.0,1.0,30,30,1,exact_anchor,1,1,256,1,ef9b05d606e21933,ef9b05d606e21933,8,8,2,2,exact anchor SAT sanity check (score 1.000),True,variants/generated_multiplier_4_original.blif,variants/generated_multiplier_4_rewrite.blif
generated_multiplier_4,rewrite,new_n94,1,new_n112,1.0,1.0,1.0,1.0,32,32,1,exact_anchor,1,1,256,1,67ed0a2dc55f2575,67ed0a2dc55f2575,8,8,2,2,exact anchor SAT sanity check (score 1.000),True,variants/generated_multiplier_4_original.blif,variants/generated_multiplier_4_rewrite.blif
generated_multiplier_4,rewrite,new_n95,1,new_n113,1.0,1.0,1.0,1.0,32,32,1,exact_anchor,1,1,256,1,cc9d40aad5a849b0,cc9d40aad5a849b0,8,8,2,2,exact anchor SAT sanity check (score 1.000),True,variants/generated_multiplier_4_original.blif,variants/generated_multiplier_4_rewrite.blif
generated_multiplier_4,rewrite,new_n97,1,new_n128,1.0,1.0,1.0,1.0,1,1,1,exact_anchor,1,1,256,1,cbd9187bb8af7b97,cbd9187bb8af7b97,2,2,2,2,exact anchor SAT sanity check (score 1.000),True,variants/generated_multiplier_4_original.blif,variants/generated_multiplier_4_rewrite.blif
generated_multiplier_4,rewrite,new_n99,1,new_n119,1.0,1.0,1.0,1.0,32,32,1,exact_anchor,1,1,256,1,1de303d0a71e3f34,1de303d0a71e3f34,8,8,2,2,exact anchor SAT sanity check (score 1.000),True,variants/generated_multiplier_4_original.blif,variants/generated_multiplier_4_rewrite.blif
generated_multiplier_4,rewrite,new_n102,1,new_n132,1.0,1.0,1.0,1.0,33,33,1,exact_anchor,1,1,256,1,06e6655b7ec044ef,06e6655b7ec044ef,8,8,2,2,exact anchor SAT sanity check (score 1.000),True,variants/generated_multiplier_4_original.blif,variants/generated_multiplier_4_rewrite.blif
generated_multiplier_4,rewrite,new_n105,1,new_n129,1.0,1.0,1.0,1.0,35,35,1,exact_anchor,1,1,256,1,1f7b13a2fad871d5,1f7b13a2fad871d5,8,8,2,2,exact anchor SAT sanity check (score 1.000),True,variants/generated_multiplier_4_original.blif,variants/generated_multiplier_4_rewrite.blif
generated_multiplier_4,rewrite,new_n106,1,new_n130,1.0,1.0,1.0,1.0,35,35,1,exact_anchor,1,1,256,1,43208014e0c3b39b,43208014e0c3b39b,8,8,2,2,exact anchor SAT sanity check (score 1.000),True,variants/generated_multiplier_4_original.blif,variants/generated_multiplier_4_rewrite.blif
generated_multiplier_4,rewrite_z,new_n18,1,new_n18,1.0,1.0,1.0,1.0,1,1,1,exact_anchor,1,1,256,1,47d9ec050d70fefa,47d9ec050d70fefa,2,2,2,2,exact anchor SAT sanity check (score 1.000),True,variants/generated_multiplier_4_original.blif,variants/generated_multiplier_4_rewrite_z.blif
generated_multiplier_4,rewrite_z,new_n19,1,new_n19,1.0,1.0,1.0,1.0,1,1,1,exact_anchor,1,1,256,1,cb06df8e226a6307,cb06df8e226a6307,2,2,2,2,exact anchor SAT sanity check (score 1.000),True,variants/generated_multiplier_4_original.blif,variants/generated_multiplier_4_rewrite_z.blif
generated_multiplier_4,rewrite_z,new_n20,1,new_n20,1.0,1.0,1.0,1.0,2,2,1,exact_anchor,1,1,256,1,e0918d70fe50a066,e0918d70fe50a066,4,4,2,2,exact anchor SAT sanity check (score 1.000),True,variants/generated_multiplier_4_original.blif,variants/generated_multiplier_4_rewrite_z.blif
generated_multiplier_4,rewrite_z,new_n21,1,new_n21,1.0,1.0,1.0,1.0,2,2,1,exact_anchor,1,1,256,1,cf15de6ce236cf9a,cf15de6ce236cf9a,4,4,2,2,exact anchor SAT sanity check (score 1.000),True,variants/generated_multiplier_4_original.blif,variants/generated_multiplier_4_rewrite_z.blif
generated_multiplier_4,rewrite_z,new_n23,1,new_n23,1.0,1.0,1.0,1.0,1,1,1,exact_anchor,1,1,256,1,4b515fd7d699498f,4b515fd7d699498f,2,2,2,2,exact anchor SAT sanity check (score 1.000),True,variants/generated_multiplier_4_original.blif,variants/generated_multiplier_4_rewrite_z.blif
generated_multiplier_4,rewrite_z,new_n24,1,new_n25,1.0,1.0,1.0,1.0,1,1,1,exact_anchor,1,1,256,1,43826ad8aaba919c,43826ad8aaba919c,2,2,2,2,exact anchor SAT sanity check (score 1.000),True,variants/generated_multiplier_4_original.blif,variants/generated_multiplier_4_rewrite_z.blif
generated_multiplier_4,rewrite_z,new_n25,1,new_n29,1.0,1.0,1.0,1.0,1,1,1,exact_anchor,1,1,256,1,6a73686ecc682206,6a73686ecc682206,2,2,2,2,exact anchor SAT sanity check (score 1.000),True,variants/generated_multiplier_4_original.blif,variants/generated_multiplier_4_rewrite_z.blif
generated_multiplier_4,rewrite_z,new_n29,1,new_n32,0.9333333333333332,1.0,1.0,0.3333333333333333,4,6,1,exact_anchor,1,1,256,1,e4f6d304dd7b6aeb,e10575f2228f5e54,5,5,2,2,exact anchor SAT sanity check (score 0.933),True,variants/generated_multiplier_4_original.blif,variants/generated_multiplier_4_rewrite_z.blif
generated_multiplier_4,rewrite_z,new_n30,1,new_n37,0.9333333333333332,1.0,1.0,0.3333333333333333,5,7,1,exact_anchor,1,1,256,1,d7cd26ee25736c35,6eaa28379cbfc583,6,6,2,2,exact anchor SAT sanity check (score 0.933),True,variants/generated_multiplier_4_original.blif,variants/generated_multiplier_4_rewrite_z.blif
generated_multiplier_4,rewrite_z,new_n33,1,new_n36,1.0,1.0,1.0,1.0,1,1,1,exact_anchor,1,1,256,1,06c3272985e328dc,06c3272985e328dc,2,2,2,2,exact anchor SAT sanity check (score 1.000),True,variants/generated_multiplier_4_original.blif,variants/generated_multiplier_4_rewrite_z.blif
generated_multiplier_4,rewrite_z,new_n34,1,new_n54,1.0,1.0,1.0,1.0,1,1,1,exact_anchor,1,1,256,1,cb60c2fbaaf9f6e2,cb60c2fbaaf9f6e2,2,2,2,2,exact anchor SAT sanity check (score 1.000),True,variants/generated_multiplier_4_original.blif,variants/generated_multiplier_4_rewrite_z.blif
generated_multiplier_4,rewrite_z,new_n35,1,new_n50,1.0,1.0,1.0,1.0,1,1,1,exact_anchor,1,1,256,1,31cb5c0aa63e9a47,31cb5c0aa63e9a47,2,2,2,2,exact anchor SAT sanity check (score 1.000),True,variants/generated_multiplier_4_original.blif,variants/generated_multiplier_4_rewrite_z.blif
generated_multiplier_4,rewrite_z,new_n36,1,new_n46,1.0,1.0,1.0,1.0,1,1,1,exact_anchor,1,1,256,1,1ac90e850d694c08,1ac90e850d694c08,2,2,2,2,exact anchor SAT sanity check (score 1.000),True,variants/generated_multiplier_4_original.blif,variants/generated_multiplier_4_rewrite_z.blif
generated_multiplier_4,rewrite_z,new_n37,1,new_n24,1.0,1.0,1.0,1.0,2,2,1,exact_anchor,1,1,256,1,2bf13ecf2111bbd3,2bf13ecf2111bbd3,4,4,2,2,exact anchor SAT sanity check (score 1.000),True,variants/generated_multiplier_4_original.blif,variants/generated_multiplier_4_rewrite_z.blif
generated_multiplier_4,rewrite_z,new_n38,1,new_n41,1.0,1.0,1.0,1.0,2,2,1,exact_anchor,1,1,256,1,155a98949f72be0b,155a98949f72be0b,4,4,2,2,exact anchor SAT sanity check (score 1.000),True,variants/generated_multiplier_4_original.blif,variants/generated_multiplier_4_rewrite_z.blif
generated_multiplier_4,rewrite_z,new_n39,1,new_n38,1.0,1.0,1.0,1.0,3,3,1,exact_anchor,1,1,256,1,687c9dc04f81488b,687c9dc04f81488b,5,5,2,2,exact anchor SAT sanity check (score 1.000),True,variants/generated_multiplier_4_original.blif,variants/generated_multiplier_4_rewrite_z.blif
generated_multiplier_4,rewrite_z,new_n41,1,new_n42,1.0,1.0,1.0,1.0,5,5,1,exact_anchor,1,1,256,1,a25184d7d70e8843,a25184d7d70e8843,5,5,2,2,exact anchor SAT sanity check (score 1.000),True,variants/generated_multiplier_4_original.blif,variants/generated_multiplier_4_rewrite_z.blif
generated_multiplier_4,rewrite_z,new_n42,1,new_n71,0.9333333333333332,1.0,1.0,0.3333333333333333,6,8,1,exact_anchor,1,1,256,1,4a10812e7d1b904c,757284f4221f6662,6,6,2,2,exact anchor SAT sanity check (score 0.933),True,variants/generated_multiplier_4_original.blif,variants/generated_multiplier_4_rewrite_z.blif
generated_multiplier_4,rewrite_z,new_n51,1,new_n55,0.9333333333333332,1.0,1.0,0.3333333333333333,12,14,1,exact_anchor,1,1,256,1,55214b1daf3bd3c0,ff1db1d16a102baa,7,7,2,2,exact anchor SAT sanity check (score 0.933),True,variants/generated_multiplier_4_original.blif,variants/generated_multiplier_4_rewrite_z.blif
generated_multiplier_4,rewrite_z,new_n52,1,new_n56,0.9333333333333332,1.0,1.0,0.3333333333333333,12,14,1,exact_anchor,1,1,256,1,482c1e5a9533b292,59fec561c86cb554,7,7,2,2,exact anchor SAT sanity check (score 0.933),True,variants/generated_multiplier_4_original.blif,variants/generated_multiplier_4_rewrite_z.blif
generated_multiplier_4,rewrite_z,new_n53,1,new_n57,0.9333333333333332,1.0,1.0,0.3333333333333333,13,15,1,exact_anchor,1,1,256,1,2819c4a4ed4a9000,91438d80d49aaf39,7,7,2,2,exact anchor SAT sanity check (score 0.933),True,variants/generated_multiplier_4_original.blif,variants/generated_multiplier_4_rewrite_z.blif
generated_multiplier_4,rewrite_z,new_n54,1,new_n62,0.9333333333333332,1.0,1.0,0.3333333333333333,14,16,1,exact_anchor,1,1,256,1,b8b1e290951f6a48,895121da96d29c8c,8,8,2,2,exact anchor SAT sanity check (score 0.933),True,variants/generated_multiplier_4_original.blif,variants/generated_multiplier_4_rewrite_z.blif
generated_multiplier_4,rewrite_z,new_n57,1,new_n61,1.0,1.0,1.0,1.0,1,1,1,exact_anchor,1,1,256,1,b8de2bc840a17203,b8de2bc840a17203,2,2,2,2,exact anchor SAT sanity check (score 1.000),True,variants/generated_multiplier_4_original.blif,variants/generated_multiplier_4_rewrite_z.blif
generated_multiplier_4,rewrite_z,new_n58,1,new_n83,1.0,1.0,1.0,1.0,1,1,1,exact_anchor,1,1,256,1,9c88b7dd1fdb5687,9c88b7dd1fdb5687,2,2,2,2,exact anchor SAT sanity check (score 1.000),True,variants/generated_multiplier_4_original.blif,variants/generated_multiplier_4_rewrite_z.blif
generated_multiplier_4,rewrite_z,new_n59,1,new_n79,1.0,1.0,1.0,1.0,1,1,1,exact_anchor,1,1,256,1,c4415c893735d027,c4415c893735d027,2,2,2,2,exact anchor SAT sanity check (score 1.000),True,variants/generated_multiplier_4_original.blif,variants/generated_multiplier_4_rewrite_z.blif
generated_multiplier_4,rewrite_z,new_n62,1,new_n66,1.0,1.0,1.0,1.0,2,2,1,exact_anchor,1,1,256,1,ad7389ab505febfe,ad7389ab505febfe,4,4,2,2,exact anchor SAT sanity check (score 1.000),True,variants/generated_multiplier_4_original.blif,variants/generated_multiplier_4_rewrite_z.blif
generated_multiplier_4,rewrite_z,new_n63,1,new_n67,0.925,1.0,1.0,0.25,11,14,1,exact_anchor,1,1,256,1,e2627b37e05b6aaf,dbad4ed6f53ead5a,7,7,2,2,exact anchor SAT sanity check (score 0.925),True,variants/generated_multiplier_4_original.blif,variants/generated_multiplier_4_rewrite_z.blif
generated_multiplier_4,rewrite_z,new_n75,1,new_n84,0.9333333333333332,1.0,1.0,0.3333333333333333,21,23,1,exact_anchor,1,1,256,1,39bdbba3c5fe8602,16cb8fd814bc16da,8,8,2,2,exact anchor SAT sanity check (score 0.933),True,variants/generated_multiplier_4_original.blif,variants/generated_multiplier_4_rewrite_z.blif
generated_multiplier_4,rewrite_z,new_n76,1,new_n85,0.9333333333333332,1.0,1.0,0.3333333333333333,21,23,1,exact_anchor,1,1,256,1,1b6674bbdbb7a0c9,d4c73d2879d2096b,8,8,2,2,exact anchor SAT sanity check (score 0.933),True,variants/generated_multiplier_4_original.blif,variants/generated_multiplier_4_rewrite_z.blif
generated_multiplier_4,rewrite_z,new_n77,1,new_n86,0.9333333333333332,1.0,1.0,0.3333333333333333,22,24,1,exact_anchor,1,1,256,1,ba0a56a76f6beacf,cd1d2a0338d3dddb,8,8,2,2,exact anchor SAT sanity check (score 0.933),True,variants/generated_multiplier_4_original.blif,variants/generated_multiplier_4_rewrite_z.blif
generated_multiplier_4,rewrite_z,new_n78,1,new_n90,0.9333333333333332,1.0,1.0,0.3333333333333333,23,25,1,exact_anchor,1,1,256,1,138306e6d7c6d08b,0d4bf7cd3aabe0ea,8,8,2,2,exact anchor SAT sanity check (score 0.933),True,variants/generated_multiplier_4_original.blif,variants/generated_multiplier_4_rewrite_z.blif
generated_multiplier_4,rewrite_z,new_n81,1,new_n111,1.0,1.0,1.0,1.0,1,1,1,exact_anchor,1,1,256,1,b0351b35ebc9fd1b,b0351b35ebc9fd1b,2,2,2,2,exact anchor SAT sanity check (score 1.000),True,variants/generated_multiplier_4_original.blif,variants/generated_multiplier_4_rewrite_z.blif
generated_multiplier_4,rewrite_z,new_n82,1,new_n107,1.0,1.0,1.0,1.0,1,1,1,exact_anchor,1,1,256,1,037bb0b7ec757977,037bb0b7ec757977,2,2,2,2,exact anchor SAT sanity check (score 1.000),True,variants/generated_multiplier_4_original.blif,variants/generated_multiplier_4_rewrite_z.blif
generated_multiplier_4,rewrite_z,new_n85,1,new_n94,1.0,1.0,1.0,1.0,2,2,1,exact_anchor,1,1,256,1,eed85922eda3c95b,eed85922eda3c95b,4,4,2,2,exact anchor SAT sanity check (score 1.000),True,variants/generated_multiplier_4_original.blif,variants/generated_multiplier_4_rewrite_z.blif
generated_multiplier_4,rewrite_z,new_n99,1,new_n113,0.9333333333333332,1.0,1.0,0.3333333333333333,30,32,1,exact_anchor,1,1,256,1,87ed027f7db92b92,cc9d40aad5a849b0,8,8,2,2,exact anchor SAT sanity check (score 0.933),True,variants/generated_multiplier_4_original.blif,variants/generated_multiplier_4_rewrite_z.blif
generated_multiplier_4,rewrite_z,new_n105,1,new_n128,1.0,1.0,1.0,1.0,1,1,1,exact_anchor,1,1,256,1,cbd9187bb8af7b97,cbd9187bb8af7b97,2,2,2,2,exact anchor SAT sanity check (score 1.000),True,variants/generated_multiplier_4_original.blif,variants/generated_multiplier_4_rewrite_z.blif
generated_multiplier_4,rewrite_z,new_n106,1,new_n118,1.0,1.0,1.0,1.0,2,2,1,exact_anchor,1,1,256,1,e6bd08b39e052b9d,e6bd08b39e052b9d,4,4,2,2,exact anchor SAT sanity check (score 1.000),True,variants/generated_multiplier_4_original.blif,variants/generated_multiplier_4_rewrite_z.blif
generated_multiplier_4,rewrite_z,new_n114,1,new_n135,0.9333333333333332,1.0,1.0,0.3333333333333333,31,29,1,exact_anchor,1,1,256,1,de626053346adab0,9f629d4f7228878e,8,8,2,2,exact anchor SAT sanity check (score 0.933),True,variants/generated_multiplier_4_original.blif,variants/generated_multiplier_4_rewrite_z.blif
generated_mux_tree_16,balance,new_n22,1,new_n55,1.0,1.0,1.0,1.0,1,1,1,exact_anchor,1,0,4096,0,e5b3382e870ccfa8,e5b3382e870ccfa8,2,2,2,2,exact anchor SAT sanity check (score 1.000),True,variants/generated_mux_tree_16_original.blif,variants/generated_mux_tree_16_balance.blif
generated_mux_tree_16,balance,new_n23,1,new_n56,1.0,1.0,1.0,1.0,1,1,1,exact_anchor,1,0,4096,0,7118ae7e38bc0495,7118ae7e38bc0495,2,2,2,2,exact anchor SAT sanity check (score 1.000),True,variants/generated_mux_tree_16_original.blif,variants/generated_mux_tree_16_balance.blif
generated_mux_tree_16,balance,new_n24,1,new_n57,1.0,1.0,1.0,1.0,2,2,1,exact_anchor,1,0,4096,0,85714958333ee482,85714958333ee482,3,3,2,2,exact anchor SAT sanity check (score 1.000),True,variants/generated_mux_tree_16_original.blif,variants/generated_mux_tree_16_balance.blif
generated_mux_tree_16,balance,new_n25,1,new_n58,1.0,1.0,1.0,1.0,3,3,1,exact_anchor,1,0,4096,0,64dd4dcf253ee11a,64dd4dcf253ee11a,4,4,2,2,exact anchor SAT sanity check (score 1.000),True,variants/generated_mux_tree_16_original.blif,variants/generated_mux_tree_16_balance.blif
generated_mux_tree_16,balance,new_n26,1,new_n52,1.0,1.0,1.0,1.0,1,1,1,exact_anchor,1,0,4096,0,97dfdaf5cebd9375,97dfdaf5cebd9375,2,2,2,2,exact anchor SAT sanity check (score 1.000),True,variants/generated_mux_tree_16_original.blif,variants/generated_mux_tree_16_balance.blif
generated_mux_tree_16,balance,new_n27,1,new_n53,1.0,1.0,1.0,1.0,1,1,1,exact_anchor,1,0,4096,0,a222206b60438b39,a222206b60438b39,2,2,2,2,exact anchor SAT sanity check (score 1.000),True,variants/generated_mux_tree_16_original.blif,variants/generated_mux_tree_16_balance.blif
generated_mux_tree_16,balance,new_n28,1,new_n54,1.0,1.0,1.0,1.0,2,2,1,exact_anchor,1,0,4096,0,cfea6cfa7ae532c4,cfea6cfa7ae532c4,3,3,2,2,exact anchor SAT sanity check (score 1.000),True,variants/generated_mux_tree_16_original.blif,variants/generated_mux_tree_16_balance.blif
generated_mux_tree_16,balance,new_n29,1,new_n59,1.0,1.0,1.0,1.0,3,3,1,exact_anchor,1,0,4096,0,c7e132a954470956,c7e132a954470956,4,4,2,2,exact anchor SAT sanity check (score 1.000),True,variants/generated_mux_tree_16_original.blif,variants/generated_mux_tree_16_balance.blif
generated_mux_tree_16,balance,new_n30,1,new_n60,1.0,1.0,1.0,1.0,4,4,1,exact_anchor,1,0,4096,0,bb7da89c68d53a60,bb7da89c68d53a60,6,6,2,2,exact anchor SAT sanity check (score 1.000),True,variants/generated_mux_tree_16_original.blif,variants/generated_mux_tree_16_balance.blif
generated_mux_tree_16,balance,new_n31,1,new_n61,1.0,1.0,1.0,1.0,5,5,1,exact_anchor,1,0,4096,0,f42af84acf50097e,f42af84acf50097e,7,7,2,2,exact anchor SAT sanity check (score 1.000),True,variants/generated_mux_tree_16_original.blif,variants/generated_mux_tree_16_balance.blif
generated_mux_tree_16,balance,new_n32,1,new_n46,1.0,1.0,1.0,1.0,1,1,1,exact_anchor,1,0,4096,0,0c04cf438c1ccec7,0c04cf438c1ccec7,2,2,2,2,exact anchor SAT sanity check (score 1.000),True,variants/generated_mux_tree_16_original.blif,variants/generated_mux_tree_16_balance.blif
generated_mux_tree_16,balance,new_n33,1,new_n47,1.0,1.0,1.0,1.0,1,1,1,exact_anchor,1,0,4096,0,bb75ae4c520a9c5b,bb75ae4c520a9c5b,2,2,2,2,exact anchor SAT sanity check (score 1.000),True,variants/generated_mux_tree_16_original.blif,variants/generated_mux_tree_16_balance.blif
generated_mux_tree_16,balance,new_n34,1,new_n48,1.0,1.0,1.0,1.0,2,2,1,exact_anchor,1,0,4096,0,2442563af945e1ad,2442563af945e1ad,3,3,2,2,exact anchor SAT sanity check (score 1.000),True,variants/generated_mux_tree_16_original.blif,variants/generated_mux_tree_16_balance.blif
generated_mux_tree_16,balance,new_n35,1,new_n49,1.0,1.0,1.0,1.0,3,3,1,exact_anchor,1,0,4096,0,c62c91d48d58f9fc,c62c91d48d58f9fc,4,4,2,2,exact anchor SAT sanity check (score 1.000),True,variants/generated_mux_tree_16_original.blif,variants/generated_mux_tree_16_balance.blif
generated_mux_tree_16,balance,new_n36,1,new_n43,1.0,1.0,1.0,1.0,1,1,1,exact_anchor,1,0,4096,0,9e839ff3800cda23,9e839ff3800cda23,2,2,2,2,exact anchor SAT sanity check (score 1.000),True,variants/generated_mux_tree_16_original.blif,variants/generated_mux_tree_16_balance.blif
generated_mux_tree_16,balance,new_n37,1,new_n44,1.0,1.0,1.0,1.0,1,1,1,exact_anchor,1,0,4096,0,ba8209d2b6ecce02,ba8209d2b6ecce02,2,2,2,2,exact anchor SAT sanity check (score 1.000),True,variants/generated_mux_tree_16_original.blif,variants/generated_mux_tree_16_balance.blif
generated_mux_tree_16,balance,new_n38,1,new_n45,1.0,1.0,1.0,1.0,2,2,1,exact_anchor,1,0,4096,0,cad8899b1785b4bf,cad8899b1785b4bf,3,3,2,2,exact anchor SAT sanity check (score 1.000),True,variants/generated_mux_tree_16_original.blif,variants/generated_mux_tree_16_balance.blif
generated_mux_tree_16,balance,new_n39,1,new_n50,1.0,1.0,1.0,1.0,3,3,1,exact_anchor,1,0,4096,0,7995d118929ae18d,7995d118929ae18d,4,4,2,2,exact anchor SAT sanity check (score 1.000),True,variants/generated_mux_tree_16_original.blif,variants/generated_mux_tree_16_balance.blif
generated_mux_tree_16,balance,new_n40,1,new_n51,1.0,1.0,1.0,1.0,4,4,1,exact_anchor,1,0,4096,0,00df9ce6de79b25e,00df9ce6de79b25e,6,6,2,2,exact anchor SAT sanity check (score 1.000),True,variants/generated_mux_tree_16_original.blif,variants/generated_mux_tree_16_balance.blif
generated_mux_tree_16,balance,new_n41,1,new_n62,1.0,1.0,1.0,1.0,5,5,1,exact_anchor,1,0,4096,0,f7dbcf5b8d5db03e,f7dbcf5b8d5db03e,7,7,2,2,exact anchor SAT sanity check (score 1.000),True,variants/generated_mux_tree_16_original.blif,variants/generated_mux_tree_16_balance.blif
generated_mux_tree_16,balance,new_n42,1,new_n63,1.0,1.0,1.0,1.0,6,6,1,exact_anchor,1,0,4096,0,611439bf2c13f55d,611439bf2c13f55d,11,11,2,2,exact anchor SAT sanity check (score 1.000),True,variants/generated_mux_tree_16_original.blif,variants/generated_mux_tree_16_balance.blif
generated_mux_tree_16,balance,new_n43,1,new_n64,1.0,1.0,1.0,1.0,7,7,1,exact_anchor,1,0,4096,0,7e4912b97d4771cd,7e4912b97d4771cd,12,12,2,2,exact anchor SAT sanity check (score 1.000),True,variants/generated_mux_tree_16_original.blif,variants/generated_mux_tree_16_balance.blif
generated_mux_tree_16,balance,new_n44,1,new_n34,1.0,1.0,1.0,1.0,1,1,1,exact_anchor,1,0,4096,0,1c98daf9800315de,1c98daf9800315de,2,2,2,2,exact anchor SAT sanity check (score 1.000),True,variants/generated_mux_tree_16_original.blif,variants/generated_mux_tree_16_balance.blif
generated_mux_tree_16,balance,new_n45,1,new_n35,1.0,1.0,1.0,1.0,1,1,1,exact_anchor,1,0,4096,0,074aad9448c11bc3,074aad9448c11bc3,2,2,2,2,exact anchor SAT sanity check (score 1.000),True,variants/generated_mux_tree_16_original.blif,variants/generated_mux_tree_16_balance.blif
generated_mux_tree_16,balance,new_n46,1,new_n36,1.0,1.0,1.0,1.0,2,2,1,exact_anchor,1,0,4096,0,a953833290691b5f,a953833290691b5f,3,3,2,2,exact anchor SAT sanity check (score 1.000),True,variants/generated_mux_tree_16_original.blif,variants/generated_mux_tree_16_balance.blif
generated_mux_tree_16,balance,new_n47,1,new_n37,1.0,1.0,1.0,1.0,3,3,1,exact_anchor,1,0,4096,0,86a4b6c2d8c4bb96,86a4b6c2d8c4bb96,4,4,2,2,exact anchor SAT sanity check (score 1.000),True,variants/generated_mux_tree_16_original.blif,variants/generated_mux_tree_16_balance.blif
generated_mux_tree_16,balance,new_n48,1,new_n31,1.0,1.0,1.0,1.0,1,1,1,exact_anchor,1,0,4096,0,b3e6edc4c6117277,b3e6edc4c6117277,2,2,2,2,exact anchor SAT sanity check (score 1.000),True,variants/generated_mux_tree_16_original.blif,variants/generated_mux_tree_16_balance.blif
generated_mux_tree_16,balance,new_n49,1,new_n32,1.0,1.0,1.0,1.0,1,1,1,exact_anchor,1,0,4096,0,e7fce42e7c9b9bac,e7fce42e7c9b9bac,2,2,2,2,exact anchor SAT sanity check (score 1.000),True,variants/generated_mux_tree_16_original.blif,variants/generated_mux_tree_16_balance.blif
generated_mux_tree_16,balance,new_n50,1,new_n33,1.0,1.0,1.0,1.0,2,2,1,exact_anchor,1,0,4096,0,8ea5e6af91f8765e,8ea5e6af91f8765e,3,3,2,2,exact anchor SAT sanity check (score 1.000),True,variants/generated_mux_tree_16_original.blif,variants/generated_mux_tree_16_balance.blif
generated_mux_tree_16,balance,new_n51,1,new_n38,1.0,1.0,1.0,1.0,3,3,1,exact_anchor,1,0,4096,0,625b0c4d67aac39d,625b0c4d67aac39d,4,4,2,2,exact anchor SAT sanity check (score 1.000),True,variants/generated_mux_tree_16_original.blif,variants/generated_mux_tree_16_balance.blif
generated_mux_tree_16,balance,new_n52,1,new_n39,1.0,1.0,1.0,1.0,4,4,1,exact_anchor,1,0,4096,0,7a67e5acc59eadff,7a67e5acc59eadff,6,6,2,2,exact anchor SAT sanity check (score 1.000),True,variants/generated_mux_tree_16_original.blif,variants/generated_mux_tree_16_balance.blif
generated_mux_tree_16,balance,new_n53,1,new_n40,1.0,1.0,1.0,1.0,5,5,1,exact_anchor,1,0,4096,0,32ef2c7ea660c56b,32ef2c7ea660c56b,7,7,2,2,exact anchor SAT sanity check (score 1.000),True,variants/generated_mux_tree_16_original.blif,variants/generated_mux_tree_16_balance.blif
generated_mux_tree_16,balance,new_n54,1,new_n25,1.0,1.0,1.0,1.0,1,1,1,exact_anchor,1,0,4096,0,d894062f7726f037,d894062f7726f037,2,2,2,2,exact anchor SAT sanity check (score 1.000),True,variants/generated_mux_tree_16_original.blif,variants/generated_mux_tree_16_balance.blif
generated_mux_tree_16,balance,new_n55,1,new_n26,1.0,1.0,1.0,1.0,1,1,1,exact_anchor,1,0,4096,0,2bbb05f1480e66fe,2bbb05f1480e66fe,2,2,2,2,exact anchor SAT sanity check (score 1.000),True,variants/generated_mux_tree_16_original.blif,variants/generated_mux_tree_16_balance.blif
generated_mux_tree_16,balance,new_n56,1,new_n27,1.0,1.0,1.0,1.0,2,2,1,exact_anchor,1,0,4096,0,1084ca35ea3720e8,1084ca35ea3720e8,3,3,2,2,exact anchor SAT sanity check (score 1.000),True,variants/generated_mux_tree_16_original.blif,variants/generated_mux_tree_16_balance.blif
generated_mux_tree_16,balance,new_n57,1,new_n28,1.0,1.0,1.0,1.0,3,3,1,exact_anchor,1,0,4096,0,e5017bb5f1724a80,e5017bb5f1724a80,4,4,2,2,exact anchor SAT sanity check (score 1.000),True,variants/generated_mux_tree_16_original.blif,variants/generated_mux_tree_16_balance.blif
generated_mux_tree_16,balance,new_n58,1,new_n22,1.0,1.0,1.0,1.0,1,1,1,exact_anchor,1,0,4096,0,925cbe75e62f189d,925cbe75e62f189d,2,2,2,2,exact anchor SAT sanity check (score 1.000),True,variants/generated_mux_tree_16_original.blif,variants/generated_mux_tree_16_balance.blif
generated_mux_tree_16,balance,new_n59,1,new_n23,1.0,1.0,1.0,1.0,1,1,1,exact_anchor,1,0,4096,0,a7736a8ccd6b365a,a7736a8ccd6b365a,2,2,2,2,exact anchor SAT sanity check (score 1.000),True,variants/generated_mux_tree_16_original.blif,variants/generated_mux_tree_16_balance.blif
generated_mux_tree_16,balance,new_n60,1,new_n24,1.0,1.0,1.0,1.0,2,2,1,exact_anchor,1,0,4096,0,680dd3f3d856b536,680dd3f3d856b536,3,3,2,2,exact anchor SAT sanity check (score 1.000),True,variants/generated_mux_tree_16_original.blif,variants/generated_mux_tree_16_balance.blif
generated_mux_tree_16,balance,new_n61,1,new_n29,1.0,1.0,1.0,1.0,3,3,1,exact_anchor,1,0,4096,0,eb6525e54204a91c,eb6525e54204a91c,4,4,2,2,exact anchor SAT sanity check (score 1.000),True,variants/generated_mux_tree_16_original.blif,variants/generated_mux_tree_16_balance.blif
generated_mux_tree_16,balance,new_n62,1,new_n30,1.0,1.0,1.0,1.0,4,4,1,exact_anchor,1,0,4096,0,d276983c6e9717e8,d276983c6e9717e8,6,6,2,2,exact anchor SAT sanity check (score 1.000),True,variants/generated_mux_tree_16_original.blif,variants/generated_mux_tree_16_balance.blif
generated_mux_tree_16,balance,new_n63,1,new_n41,1.0,1.0,1.0,1.0,5,5,1,exact_anchor,1,0,4096,0,6090232a205c4b19,6090232a205c4b19,7,7,2,2,exact anchor SAT sanity check (score 1.000),True,variants/generated_mux_tree_16_original.blif,variants/generated_mux_tree_16_balance.blif
generated_mux_tree_16,balance,new_n64,1,new_n42,1.0,1.0,1.0,1.0,6,6,1,exact_anchor,1,0,4096,0,4d976a3168956ecf,4d976a3168956ecf,11,11,2,2,exact anchor SAT sanity check (score 1.000),True,variants/generated_mux_tree_16_original.blif,variants/generated_mux_tree_16_balance.blif
generated_mux_tree_16,balance,new_n65,1,new_n65,1.0,1.0,1.0,1.0,7,7,1,exact_anchor,1,0,4096,0,61b1cdc18565226e,61b1cdc18565226e,12,12,2,2,exact anchor SAT sanity check (score 1.000),True,variants/generated_mux_tree_16_original.blif,variants/generated_mux_tree_16_balance.blif
generated_mux_tree_16,compress2rs,new_n25,1,new_n38,1.0,1.0,1.0,1.0,3,3,1,exact_anchor,1,0,4096,0,625b0c4d67aac39d,625b0c4d67aac39d,4,4,2,2,exact anchor SAT sanity check (score 1.000),True,variants/generated_mux_tree_16_original.blif,variants/generated_mux_tree_16_compress2rs.blif
generated_mux_tree_16,compress2rs,new_n29,1,new_n37,1.0,1.0,1.0,1.0,3,3,1,exact_anchor,1,0,4096,0,86a4b6c2d8c4bb96,86a4b6c2d8c4bb96,4,4,2,2,exact anchor SAT sanity check (score 1.000),True,variants/generated_mux_tree_16_original.blif,variants/generated_mux_tree_16_compress2rs.blif
generated_mux_tree_16,compress2rs,new_n35,1,new_n28,1.0,1.0,1.0,1.0,3,3,1,exact_anchor,1,0,4096,0,e5017bb5f1724a80,e5017bb5f1724a80,4,4,2,2,exact anchor SAT sanity check (score 1.000),True,variants/generated_mux_tree_16_original.blif,variants/generated_mux_tree_16_compress2rs.blif
generated_mux_tree_16,compress2rs,new_n39,1,new_n29,1.0,1.0,1.0,1.0,3,3,1,exact_anchor,1,0,4096,0,eb6525e54204a91c,eb6525e54204a91c,4,4,2,2,exact anchor SAT sanity check (score 1.000),True,variants/generated_mux_tree_16_original.blif,variants/generated_mux_tree_16_compress2rs.blif
generated_mux_tree_16,compress2rs,new_n47,1,new_n59,1.0,1.0,1.0,1.0,3,3,1,exact_anchor,1,0,4096,0,c7e132a954470956,c7e132a954470956,4,4,2,2,exact anchor SAT sanity check (score 1.000),True,variants/generated_mux_tree_16_original.blif,variants/generated_mux_tree_16_compress2rs.blif
generated_mux_tree_16,compress2rs,new_n51,1,new_n58,1.0,1.0,1.0,1.0,3,3,1,exact_anchor,1,0,4096,0,64dd4dcf253ee11a,64dd4dcf253ee11a,4,4,2,2,exact anchor SAT sanity check (score 1.000),True,variants/generated_mux_tree_16_original.blif,variants/generated_mux_tree_16_compress2rs.blif
generated_mux_tree_16,compress2rs,new_n57,1,new_n49,1.0,1.0,1.0,1.0,3,3,1,exact_anchor,1,0,4096,0,c62c91d48d58f9fc,c62c91d48d58f9fc,4,4,2,2,exact anchor SAT sanity check (score 1.000),True,variants/generated_mux_tree_16_original.blif,variants/generated_mux_tree_16_compress2rs.blif
generated_mux_tree_16,compress2rs,new_n61,1,new_n50,1.0,1.0,1.0,1.0,3,3,1,exact_anchor,1,0,4096,0,7995d118929ae18d,7995d118929ae18d,4,4,2,2,exact anchor SAT sanity check (score 1.000),True,variants/generated_mux_tree_16_original.blif,variants/generated_mux_tree_16_compress2rs.blif
generated_mux_tree_16,dc2,new_n43,1,new_n65,1.0,1.0,1.0,1.0,7,7,1,exact_anchor,1,0,4096,0,61b1cdc18565226e,61b1cdc18565226e,12,12,2,2,exact anchor SAT sanity check (score 1.000),True,variants/generated_mux_tree_16_original.blif,variants/generated_mux_tree_16_dc2.blif
generated_mux_tree_16,dc2,new_n65,1,new_n64,1.0,1.0,1.0,1.0,7,7,1,exact_anchor,1,0,4096,0,7e4912b97d4771cd,7e4912b97d4771cd,12,12,2,2,exact anchor SAT sanity check (score 1.000),True,variants/generated_mux_tree_16_original.blif,variants/generated_mux_tree_16_dc2.blif
generated_mux_tree_16,refactor,new_n22,1,new_n55,1.0,1.0,1.0,1.0,1,1,1,exact_anchor,1,0,4096,0,e5b3382e870ccfa8,e5b3382e870ccfa8,2,2,2,2,exact anchor SAT sanity check (score 1.000),True,variants/generated_mux_tree_16_original.blif,variants/generated_mux_tree_16_refactor.blif
generated_mux_tree_16,refactor,new_n23,1,new_n56,1.0,1.0,1.0,1.0,1,1,1,exact_anchor,1,0,4096,0,7118ae7e38bc0495,7118ae7e38bc0495,2,2,2,2,exact anchor SAT sanity check (score 1.000),True,variants/generated_mux_tree_16_original.blif,variants/generated_mux_tree_16_refactor.blif
generated_mux_tree_16,refactor,new_n24,1,new_n57,1.0,1.0,1.0,1.0,2,2,1,exact_anchor,1,0,4096,0,85714958333ee482,85714958333ee482,3,3,2,2,exact anchor SAT sanity check (score 1.000),True,variants/generated_mux_tree_16_original.blif,variants/generated_mux_tree_16_refactor.blif
generated_mux_tree_16,refactor,new_n25,1,new_n58,1.0,1.0,1.0,1.0,3,3,1,exact_anchor,1,0,4096,0,64dd4dcf253ee11a,64dd4dcf253ee11a,4,4,2,2,exact anchor SAT sanity check (score 1.000),True,variants/generated_mux_tree_16_original.blif,variants/generated_mux_tree_16_refactor.blif
generated_mux_tree_16,refactor,new_n26,1,new_n52,1.0,1.0,1.0,1.0,1,1,1,exact_anchor,1,0,4096,0,97dfdaf5cebd9375,97dfdaf5cebd9375,2,2,2,2,exact anchor SAT sanity check (score 1.000),True,variants/generated_mux_tree_16_original.blif,variants/generated_mux_tree_16_refactor.blif
generated_mux_tree_16,refactor,new_n27,1,new_n53,1.0,1.0,1.0,1.0,1,1,1,exact_anchor,1,0,4096,0,a222206b60438b39,a222206b60438b39,2,2,2,2,exact anchor SAT sanity check (score 1.000),True,variants/generated_mux_tree_16_original.blif,variants/generated_mux_tree_16_refactor.blif
generated_mux_tree_16,refactor,new_n28,1,new_n54,1.0,1.0,1.0,1.0,2,2,1,exact_anchor,1,0,4096,0,cfea6cfa7ae532c4,cfea6cfa7ae532c4,3,3,2,2,exact anchor SAT sanity check (score 1.000),True,variants/generated_mux_tree_16_original.blif,variants/generated_mux_tree_16_refactor.blif
generated_mux_tree_16,refactor,new_n29,1,new_n59,1.0,1.0,1.0,1.0,3,3,1,exact_anchor,1,0,4096,0,c7e132a954470956,c7e132a954470956,4,4,2,2,exact anchor SAT sanity check (score 1.000),True,variants/generated_mux_tree_16_original.blif,variants/generated_mux_tree_16_refactor.blif
generated_mux_tree_16,refactor,new_n30,1,new_n60,1.0,1.0,1.0,1.0,4,4,1,exact_anchor,1,0,4096,0,bb7da89c68d53a60,bb7da89c68d53a60,6,6,2,2,exact anchor SAT sanity check (score 1.000),True,variants/generated_mux_tree_16_original.blif,variants/generated_mux_tree_16_refactor.blif
generated_mux_tree_16,refactor,new_n31,1,new_n61,1.0,1.0,1.0,1.0,5,5,1,exact_anchor,1,0,4096,0,f42af84acf50097e,f42af84acf50097e,7,7,2,2,exact anchor SAT sanity check (score 1.000),True,variants/generated_mux_tree_16_original.blif,variants/generated_mux_tree_16_refactor.blif
generated_mux_tree_16,refactor,new_n32,1,new_n46,1.0,1.0,1.0,1.0,1,1,1,exact_anchor,1,0,4096,0,0c04cf438c1ccec7,0c04cf438c1ccec7,2,2,2,2,exact anchor SAT sanity check (score 1.000),True,variants/generated_mux_tree_16_original.blif,variants/generated_mux_tree_16_refactor.blif
generated_mux_tree_16,refactor,new_n33,1,new_n47,1.0,1.0,1.0,1.0,1,1,1,exact_anchor,1,0,4096,0,bb75ae4c520a9c5b,bb75ae4c520a9c5b,2,2,2,2,exact anchor SAT sanity check (score 1.000),True,variants/generated_mux_tree_16_original.blif,variants/generated_mux_tree_16_refactor.blif
generated_mux_tree_16,refactor,new_n34,1,new_n48,1.0,1.0,1.0,1.0,2,2,1,exact_anchor,1,0,4096,0,2442563af945e1ad,2442563af945e1ad,3,3,2,2,exact anchor SAT sanity check (score 1.000),True,variants/generated_mux_tree_16_original.blif,variants/generated_mux_tree_16_refactor.blif
generated_mux_tree_16,refactor,new_n35,1,new_n49,1.0,1.0,1.0,1.0,3,3,1,exact_anchor,1,0,4096,0,c62c91d48d58f9fc,c62c91d48d58f9fc,4,4,2,2,exact anchor SAT sanity check (score 1.000),True,variants/generated_mux_tree_16_original.blif,variants/generated_mux_tree_16_refactor.blif
generated_mux_tree_16,refactor,new_n36,1,new_n43,1.0,1.0,1.0,1.0,1,1,1,exact_anchor,1,0,4096,0,9e839ff3800cda23,9e839ff3800cda23,2,2,2,2,exact anchor SAT sanity check (score 1.000),True,variants/generated_mux_tree_16_original.blif,variants/generated_mux_tree_16_refactor.blif
generated_mux_tree_16,refactor,new_n37,1,new_n44,1.0,1.0,1.0,1.0,1,1,1,exact_anchor,1,0,4096,0,ba8209d2b6ecce02,ba8209d2b6ecce02,2,2,2,2,exact anchor SAT sanity check (score 1.000),True,variants/generated_mux_tree_16_original.blif,variants/generated_mux_tree_16_refactor.blif
generated_mux_tree_16,refactor,new_n38,1,new_n45,1.0,1.0,1.0,1.0,2,2,1,exact_anchor,1,0,4096,0,cad8899b1785b4bf,cad8899b1785b4bf,3,3,2,2,exact anchor SAT sanity check (score 1.000),True,variants/generated_mux_tree_16_original.blif,variants/generated_mux_tree_16_refactor.blif
generated_mux_tree_16,refactor,new_n39,1,new_n50,1.0,1.0,1.0,1.0,3,3,1,exact_anchor,1,0,4096,0,7995d118929ae18d,7995d118929ae18d,4,4,2,2,exact anchor SAT sanity check (score 1.000),True,variants/generated_mux_tree_16_original.blif,variants/generated_mux_tree_16_refactor.blif
generated_mux_tree_16,refactor,new_n40,1,new_n51,1.0,1.0,1.0,1.0,4,4,1,exact_anchor,1,0,4096,0,00df9ce6de79b25e,00df9ce6de79b25e,6,6,2,2,exact anchor SAT sanity check (score 1.000),True,variants/generated_mux_tree_16_original.blif,variants/generated_mux_tree_16_refactor.blif
generated_mux_tree_16,refactor,new_n41,1,new_n62,1.0,1.0,1.0,1.0,5,5,1,exact_anchor,1,0,4096,0,f7dbcf5b8d5db03e,f7dbcf5b8d5db03e,7,7,2,2,exact anchor SAT sanity check (score 1.000),True,variants/generated_mux_tree_16_original.blif,variants/generated_mux_tree_16_refactor.blif
generated_mux_tree_16,refactor,new_n42,1,new_n63,1.0,1.0,1.0,1.0,6,6,1,exact_anchor,1,0,4096,0,611439bf2c13f55d,611439bf2c13f55d,11,11,2,2,exact anchor SAT sanity check (score 1.000),True,variants/generated_mux_tree_16_original.blif,variants/generated_mux_tree_16_refactor.blif
generated_mux_tree_16,refactor,new_n43,1,new_n64,1.0,1.0,1.0,1.0,7,7,1,exact_anchor,1,0,4096,0,7e4912b97d4771cd,7e4912b97d4771cd,12,12,2,2,exact anchor SAT sanity check (score 1.000),True,variants/generated_mux_tree_16_original.blif,variants/generated_mux_tree_16_refactor.blif
generated_mux_tree_16,refactor,new_n44,1,new_n34,1.0,1.0,1.0,1.0,1,1,1,exact_anchor,1,0,4096,0,1c98daf9800315de,1c98daf9800315de,2,2,2,2,exact anchor SAT sanity check (score 1.000),True,variants/generated_mux_tree_16_original.blif,variants/generated_mux_tree_16_refactor.blif
generated_mux_tree_16,refactor,new_n45,1,new_n35,1.0,1.0,1.0,1.0,1,1,1,exact_anchor,1,0,4096,0,074aad9448c11bc3,074aad9448c11bc3,2,2,2,2,exact anchor SAT sanity check (score 1.000),True,variants/generated_mux_tree_16_original.blif,variants/generated_mux_tree_16_refactor.blif
generated_mux_tree_16,refactor,new_n46,1,new_n36,1.0,1.0,1.0,1.0,2,2,1,exact_anchor,1,0,4096,0,a953833290691b5f,a953833290691b5f,3,3,2,2,exact anchor SAT sanity check (score 1.000),True,variants/generated_mux_tree_16_original.blif,variants/generated_mux_tree_16_refactor.blif
generated_mux_tree_16,refactor,new_n47,1,new_n37,1.0,1.0,1.0,1.0,3,3,1,exact_anchor,1,0,4096,0,86a4b6c2d8c4bb96,86a4b6c2d8c4bb96,4,4,2,2,exact anchor SAT sanity check (score 1.000),True,variants/generated_mux_tree_16_original.blif,variants/generated_mux_tree_16_refactor.blif
generated_mux_tree_16,refactor,new_n48,1,new_n31,1.0,1.0,1.0,1.0,1,1,1,exact_anchor,1,0,4096,0,b3e6edc4c6117277,b3e6edc4c6117277,2,2,2,2,exact anchor SAT sanity check (score 1.000),True,variants/generated_mux_tree_16_original.blif,variants/generated_mux_tree_16_refactor.blif
generated_mux_tree_16,refactor,new_n49,1,new_n32,1.0,1.0,1.0,1.0,1,1,1,exact_anchor,1,0,4096,0,e7fce42e7c9b9bac,e7fce42e7c9b9bac,2,2,2,2,exact anchor SAT sanity check (score 1.000),True,variants/generated_mux_tree_16_original.blif,variants/generated_mux_tree_16_refactor.blif
generated_mux_tree_16,refactor,new_n50,1,new_n33,1.0,1.0,1.0,1.0,2,2,1,exact_anchor,1,0,4096,0,8ea5e6af91f8765e,8ea5e6af91f8765e,3,3,2,2,exact anchor SAT sanity check (score 1.000),True,variants/generated_mux_tree_16_original.blif,variants/generated_mux_tree_16_refactor.blif
generated_mux_tree_16,refactor,new_n51,1,new_n38,1.0,1.0,1.0,1.0,3,3,1,exact_anchor,1,0,4096,0,625b0c4d67aac39d,625b0c4d67aac39d,4,4,2,2,exact anchor SAT sanity check (score 1.000),True,variants/generated_mux_tree_16_original.blif,variants/generated_mux_tree_16_refactor.blif
generated_mux_tree_16,refactor,new_n52,1,new_n39,1.0,1.0,1.0,1.0,4,4,1,exact_anchor,1,0,4096,0,7a67e5acc59eadff,7a67e5acc59eadff,6,6,2,2,exact anchor SAT sanity check (score 1.000),True,variants/generated_mux_tree_16_original.blif,variants/generated_mux_tree_16_refactor.blif
generated_mux_tree_16,refactor,new_n53,1,new_n40,1.0,1.0,1.0,1.0,5,5,1,exact_anchor,1,0,4096,0,32ef2c7ea660c56b,32ef2c7ea660c56b,7,7,2,2,exact anchor SAT sanity check (score 1.000),True,variants/generated_mux_tree_16_original.blif,variants/generated_mux_tree_16_refactor.blif
generated_mux_tree_16,refactor,new_n54,1,new_n25,1.0,1.0,1.0,1.0,1,1,1,exact_anchor,1,0,4096,0,d894062f7726f037,d894062f7726f037,2,2,2,2,exact anchor SAT sanity check (score 1.000),True,variants/generated_mux_tree_16_original.blif,variants/generated_mux_tree_16_refactor.blif
generated_mux_tree_16,refactor,new_n55,1,new_n26,1.0,1.0,1.0,1.0,1,1,1,exact_anchor,1,0,4096,0,2bbb05f1480e66fe,2bbb05f1480e66fe,2,2,2,2,exact anchor SAT sanity check (score 1.000),True,variants/generated_mux_tree_16_original.blif,variants/generated_mux_tree_16_refactor.blif
generated_mux_tree_16,refactor,new_n56,1,new_n27,1.0,1.0,1.0,1.0,2,2,1,exact_anchor,1,0,4096,0,1084ca35ea3720e8,1084ca35ea3720e8,3,3,2,2,exact anchor SAT sanity check (score 1.000),True,variants/generated_mux_tree_16_original.blif,variants/generated_mux_tree_16_refactor.blif
generated_mux_tree_16,refactor,new_n57,1,new_n28,1.0,1.0,1.0,1.0,3,3,1,exact_anchor,1,0,4096,0,e5017bb5f1724a80,e5017bb5f1724a80,4,4,2,2,exact anchor SAT sanity check (score 1.000),True,variants/generated_mux_tree_16_original.blif,variants/generated_mux_tree_16_refactor.blif
generated_mux_tree_16,refactor,new_n58,1,new_n22,1.0,1.0,1.0,1.0,1,1,1,exact_anchor,1,0,4096,0,925cbe75e62f189d,925cbe75e62f189d,2,2,2,2,exact anchor SAT sanity check (score 1.000),True,variants/generated_mux_tree_16_original.blif,variants/generated_mux_tree_16_refactor.blif
generated_mux_tree_16,refactor,new_n59,1,new_n23,1.0,1.0,1.0,1.0,1,1,1,exact_anchor,1,0,4096,0,a7736a8ccd6b365a,a7736a8ccd6b365a,2,2,2,2,exact anchor SAT sanity check (score 1.000),True,variants/generated_mux_tree_16_original.blif,variants/generated_mux_tree_16_refactor.blif
generated_mux_tree_16,refactor,new_n60,1,new_n24,1.0,1.0,1.0,1.0,2,2,1,exact_anchor,1,0,4096,0,680dd3f3d856b536,680dd3f3d856b536,3,3,2,2,exact anchor SAT sanity check (score 1.000),True,variants/generated_mux_tree_16_original.blif,variants/generated_mux_tree_16_refactor.blif
generated_mux_tree_16,refactor,new_n61,1,new_n29,1.0,1.0,1.0,1.0,3,3,1,exact_anchor,1,0,4096,0,eb6525e54204a91c,eb6525e54204a91c,4,4,2,2,exact anchor SAT sanity check (score 1.000),True,variants/generated_mux_tree_16_original.blif,variants/generated_mux_tree_16_refactor.blif
generated_mux_tree_16,refactor,new_n62,1,new_n30,1.0,1.0,1.0,1.0,4,4,1,exact_anchor,1,0,4096,0,d276983c6e9717e8,d276983c6e9717e8,6,6,2,2,exact anchor SAT sanity check (score 1.000),True,variants/generated_mux_tree_16_original.blif,variants/generated_mux_tree_16_refactor.blif
generated_mux_tree_16,refactor,new_n63,1,new_n41,1.0,1.0,1.0,1.0,5,5,1,exact_anchor,1,0,4096,0,6090232a205c4b19,6090232a205c4b19,7,7,2,2,exact anchor SAT sanity check (score 1.000),True,variants/generated_mux_tree_16_original.blif,variants/generated_mux_tree_16_refactor.blif
generated_mux_tree_16,refactor,new_n64,1,new_n42,1.0,1.0,1.0,1.0,6,6,1,exact_anchor,1,0,4096,0,4d976a3168956ecf,4d976a3168956ecf,11,11,2,2,exact anchor SAT sanity check (score 1.000),True,variants/generated_mux_tree_16_original.blif,variants/generated_mux_tree_16_refactor.blif
generated_mux_tree_16,refactor,new_n65,1,new_n65,1.0,1.0,1.0,1.0,7,7,1,exact_anchor,1,0,4096,0,61b1cdc18565226e,61b1cdc18565226e,12,12,2,2,exact anchor SAT sanity check (score 1.000),True,variants/generated_mux_tree_16_original.blif,variants/generated_mux_tree_16_refactor.blif
generated_mux_tree_16,refactor_z,new_n22,1,new_n34,1.0,1.0,1.0,1.0,1,1,1,exact_anchor,1,0,4096,0,1c98daf9800315de,1c98daf9800315de,2,2,2,2,exact anchor SAT sanity check (score 1.000),True,variants/generated_mux_tree_16_original.blif,variants/generated_mux_tree_16_refactor_z.blif
generated_mux_tree_16,refactor_z,new_n23,1,new_n35,1.0,1.0,1.0,1.0,1,1,1,exact_anchor,1,0,4096,0,074aad9448c11bc3,074aad9448c11bc3,2,2,2,2,exact anchor SAT sanity check (score 1.000),True,variants/generated_mux_tree_16_original.blif,variants/generated_mux_tree_16_refactor_z.blif
generated_mux_tree_16,refactor_z,new_n24,1,new_n36,1.0,1.0,1.0,1.0,2,2,1,exact_anchor,1,0,4096,0,a953833290691b5f,a953833290691b5f,3,3,2,2,exact anchor SAT sanity check (score 1.000),True,variants/generated_mux_tree_16_original.blif,variants/generated_mux_tree_16_refactor_z.blif
generated_mux_tree_16,refactor_z,new_n26,1,new_n31,1.0,1.0,1.0,1.0,1,1,1,exact_anchor,1,0,4096,0,b3e6edc4c6117277,b3e6edc4c6117277,2,2,2,2,exact anchor SAT sanity check (score 1.000),True,variants/generated_mux_tree_16_original.blif,variants/generated_mux_tree_16_refactor_z.blif
generated_mux_tree_16,refactor_z,new_n27,1,new_n32,1.0,1.0,1.0,1.0,1,1,1,exact_anchor,1,0,4096,0,e7fce42e7c9b9bac,e7fce42e7c9b9bac,2,2,2,2,exact anchor SAT sanity check (score 1.000),True,variants/generated_mux_tree_16_original.blif,variants/generated_mux_tree_16_refactor_z.blif
generated_mux_tree_16,refactor_z,new_n28,1,new_n33,1.0,1.0,1.0,1.0,2,2,1,exact_anchor,1,0,4096,0,8ea5e6af91f8765e,8ea5e6af91f8765e,3,3,2,2,exact anchor SAT sanity check (score 1.000),True,variants/generated_mux_tree_16_original.blif,variants/generated_mux_tree_16_refactor_z.blif
generated_mux_tree_16,refactor_z,new_n31,1,new_n40,1.0,1.0,1.0,1.0,5,5,1,exact_anchor,1,0,4096,0,32ef2c7ea660c56b,32ef2c7ea660c56b,7,7,2,2,exact anchor SAT sanity check (score 1.000),True,variants/generated_mux_tree_16_original.blif,variants/generated_mux_tree_16_refactor_z.blif
generated_mux_tree_16,refactor_z,new_n32,1,new_n25,1.0,1.0,1.0,1.0,1,1,1,exact_anchor,1,0,4096,0,d894062f7726f037,d894062f7726f037,2,2,2,2,exact anchor SAT sanity check (score 1.000),True,variants/generated_mux_tree_16_original.blif,variants/generated_mux_tree_16_refactor_z.blif
generated_mux_tree_16,refactor_z,new_n33,1,new_n26,1.0,1.0,1.0,1.0,1,1,1,exact_anchor,1,0,4096,0,2bbb05f1480e66fe,2bbb05f1480e66fe,2,2,2,2,exact anchor SAT sanity check (score 1.000),True,variants/generated_mux_tree_16_original.blif,variants/generated_mux_tree_16_refactor_z.blif
generated_mux_tree_16,refactor_z,new_n34,1,new_n27,1.0,1.0,1.0,1.0,2,2,1,exact_anchor,1,0,4096,0,1084ca35ea3720e8,1084ca35ea3720e8,3,3,2,2,exact anchor SAT sanity check (score 1.000),True,variants/generated_mux_tree_16_original.blif,variants/generated_mux_tree_16_refactor_z.blif
generated_mux_tree_16,refactor_z,new_n36,1,new_n22,1.0,1.0,1.0,1.0,1,1,1,exact_anchor,1,0,4096,0,925cbe75e62f189d,925cbe75e62f189d,2,2,2,2,exact anchor SAT sanity check (score 1.000),True,variants/generated_mux_tree_16_original.blif,variants/generated_mux_tree_16_refactor_z.blif
generated_mux_tree_16,refactor_z,new_n37,1,new_n23,1.0,1.0,1.0,1.0,1,1,1,exact_anchor,1,0,4096,0,a7736a8ccd6b365a,a7736a8ccd6b365a,2,2,2,2,exact anchor SAT sanity check (score 1.000),True,variants/generated_mux_tree_16_original.blif,variants/generated_mux_tree_16_refactor_z.blif
generated_mux_tree_16,refactor_z,new_n38,1,new_n24,1.0,1.0,1.0,1.0,2,2,1,exact_anchor,1,0,4096,0,680dd3f3d856b536,680dd3f3d856b536,3,3,2,2,exact anchor SAT sanity check (score 1.000),True,variants/generated_mux_tree_16_original.blif,variants/generated_mux_tree_16_refactor_z.blif
generated_mux_tree_16,refactor_z,new_n41,1,new_n41,1.0,1.0,1.0,1.0,5,5,1,exact_anchor,1,0,4096,0,6090232a205c4b19,6090232a205c4b19,7,7,2,2,exact anchor SAT sanity check (score 1.000),True,variants/generated_mux_tree_16_original.blif,variants/generated_mux_tree_16_refactor_z.blif
generated_mux_tree_16,refactor_z,new_n42,1,new_n42,1.0,1.0,1.0,1.0,6,6,1,exact_anchor,1,0,4096,0,4d976a3168956ecf,4d976a3168956ecf,11,11,2,2,exact anchor SAT sanity check (score 1.000),True,variants/generated_mux_tree_16_original.blif,variants/generated_mux_tree_16_refactor_z.blif
generated_mux_tree_16,refactor_z,new_n43,1,new_n65,1.0,1.0,1.0,1.0,7,7,1,exact_anchor,1,0,4096,0,61b1cdc18565226e,61b1cdc18565226e,12,12,2,2,exact anchor SAT sanity check (score 1.000),True,variants/generated_mux_tree_16_original.blif,variants/generated_mux_tree_16_refactor_z.blif
generated_mux_tree_16,refactor_z,new_n44,1,new_n55,1.0,1.0,1.0,1.0,1,1,1,exact_anchor,1,0,4096,0,e5b3382e870ccfa8,e5b3382e870ccfa8,2,2,2,2,exact anchor SAT sanity check (score 1.000),True,variants/generated_mux_tree_16_original.blif,variants/generated_mux_tree_16_refactor_z.blif
generated_mux_tree_16,refactor_z,new_n45,1,new_n56,1.0,1.0,1.0,1.0,1,1,1,exact_anchor,1,0,4096,0,7118ae7e38bc0495,7118ae7e38bc0495,2,2,2,2,exact anchor SAT sanity check (score 1.000),True,variants/generated_mux_tree_16_original.blif,variants/generated_mux_tree_16_refactor_z.blif
generated_mux_tree_16,refactor_z,new_n46,1,new_n57,1.0,1.0,1.0,1.0,2,2,1,exact_anchor,1,0,4096,0,85714958333ee482,85714958333ee482,3,3,2,2,exact anchor SAT sanity check (score 1.000),True,variants/generated_mux_tree_16_original.blif,variants/generated_mux_tree_16_refactor_z.blif
generated_mux_tree_16,refactor_z,new_n48,1,new_n52,1.0,1.0,1.0,1.0,1,1,1,exact_anchor,1,0,4096,0,97dfdaf5cebd9375,97dfdaf5cebd9375,2,2,2,2,exact anchor SAT sanity check (score 1.000),True,variants/generated_mux_tree_16_original.blif,variants/generated_mux_tree_16_refactor_z.blif
generated_mux_tree_16,refactor_z,new_n49,1,new_n53,1.0,1.0,1.0,1.0,1,1,1,exact_anchor,1,0,4096,0,a222206b60438b39,a222206b60438b39,2,2,2,2,exact anchor SAT sanity check (score 1.000),True,variants/generated_mux_tree_16_original.blif,variants/generated_mux_tree_16_refactor_z.blif
generated_mux_tree_16,refactor_z,new_n50,1,new_n54,1.0,1.0,1.0,1.0,2,2,1,exact_anchor,1,0,4096,0,cfea6cfa7ae532c4,cfea6cfa7ae532c4,3,3,2,2,exact anchor SAT sanity check (score 1.000),True,variants/generated_mux_tree_16_original.blif,variants/generated_mux_tree_16_refactor_z.blif
generated_mux_tree_16,refactor_z,new_n53,1,new_n61,1.0,1.0,1.0,1.0,5,5,1,exact_anchor,1,0,4096,0,f42af84acf50097e,f42af84acf50097e,7,7,2,2,exact anchor SAT sanity check (score 1.000),True,variants/generated_mux_tree_16_original.blif,variants/generated_mux_tree_16_refactor_z.blif
generated_mux_tree_16,refactor_z,new_n54,1,new_n46,1.0,1.0,1.0,1.0,1,1,1,exact_anchor,1,0,4096,0,0c04cf438c1ccec7,0c04cf438c1ccec7,2,2,2,2,exact anchor SAT sanity check (score 1.000),True,variants/generated_mux_tree_16_original.blif,variants/generated_mux_tree_16_refactor_z.blif
generated_mux_tree_16,refactor_z,new_n55,1,new_n47,1.0,1.0,1.0,1.0,1,1,1,exact_anchor,1,0,4096,0,bb75ae4c520a9c5b,bb75ae4c520a9c5b,2,2,2,2,exact anchor SAT sanity check (score 1.000),True,variants/generated_mux_tree_16_original.blif,variants/generated_mux_tree_16_refactor_z.blif
generated_mux_tree_16,refactor_z,new_n56,1,new_n48,1.0,1.0,1.0,1.0,2,2,1,exact_anchor,1,0,4096,0,2442563af945e1ad,2442563af945e1ad,3,3,2,2,exact anchor SAT sanity check (score 1.000),True,variants/generated_mux_tree_16_original.blif,variants/generated_mux_tree_16_refactor_z.blif
generated_mux_tree_16,refactor_z,new_n58,1,new_n43,1.0,1.0,1.0,1.0,1,1,1,exact_anchor,1,0,4096,0,9e839ff3800cda23,9e839ff3800cda23,2,2,2,2,exact anchor SAT sanity check (score 1.000),True,variants/generated_mux_tree_16_original.blif,variants/generated_mux_tree_16_refactor_z.blif
generated_mux_tree_16,refactor_z,new_n59,1,new_n44,1.0,1.0,1.0,1.0,1,1,1,exact_anchor,1,0,4096,0,ba8209d2b6ecce02,ba8209d2b6ecce02,2,2,2,2,exact anchor SAT sanity check (score 1.000),True,variants/generated_mux_tree_16_original.blif,variants/generated_mux_tree_16_refactor_z.blif
generated_mux_tree_16,refactor_z,new_n60,1,new_n45,1.0,1.0,1.0,1.0,2,2,1,exact_anchor,1,0,4096,0,cad8899b1785b4bf,cad8899b1785b4bf,3,3,2,2,exact anchor SAT sanity check (score 1.000),True,variants/generated_mux_tree_16_original.blif,variants/generated_mux_tree_16_refactor_z.blif
generated_mux_tree_16,refactor_z,new_n63,1,new_n62,1.0,1.0,1.0,1.0,5,5,1,exact_anchor,1,0,4096,0,f7dbcf5b8d5db03e,f7dbcf5b8d5db03e,7,7,2,2,exact anchor SAT sanity check (score 1.000),True,variants/generated_mux_tree_16_original.blif,variants/generated_mux_tree_16_refactor_z.blif
generated_mux_tree_16,refactor_z,new_n64,1,new_n63,1.0,1.0,1.0,1.0,6,6,1,exact_anchor,1,0,4096,0,611439bf2c13f55d,611439bf2c13f55d,11,11,2,2,exact anchor SAT sanity check (score 1.000),True,variants/generated_mux_tree_16_original.blif,variants/generated_mux_tree_16_refactor_z.blif
generated_mux_tree_16,refactor_z,new_n65,1,new_n64,1.0,1.0,1.0,1.0,7,7,1,exact_anchor,1,0,4096,0,7e4912b97d4771cd,7e4912b97d4771cd,12,12,2,2,exact anchor SAT sanity check (score 1.000),True,variants/generated_mux_tree_16_original.blif,variants/generated_mux_tree_16_refactor_z.blif
generated_mux_tree_16,resub,new_n22,1,new_n55,1.0,1.0,1.0,1.0,1,1,1,exact_anchor,1,0,4096,0,e5b3382e870ccfa8,e5b3382e870ccfa8,2,2,2,2,exact anchor SAT sanity check (score 1.000),True,variants/generated_mux_tree_16_original.blif,variants/generated_mux_tree_16_resub.blif
generated_mux_tree_16,resub,new_n23,1,new_n56,1.0,1.0,1.0,1.0,1,1,1,exact_anchor,1,0,4096,0,7118ae7e38bc0495,7118ae7e38bc0495,2,2,2,2,exact anchor SAT sanity check (score 1.000),True,variants/generated_mux_tree_16_original.blif,variants/generated_mux_tree_16_resub.blif
generated_mux_tree_16,resub,new_n24,1,new_n57,1.0,1.0,1.0,1.0,2,2,1,exact_anchor,1,0,4096,0,85714958333ee482,85714958333ee482,3,3,2,2,exact anchor SAT sanity check (score 1.000),True,variants/generated_mux_tree_16_original.blif,variants/generated_mux_tree_16_resub.blif
generated_mux_tree_16,resub,new_n25,1,new_n58,1.0,1.0,1.0,1.0,3,3,1,exact_anchor,1,0,4096,0,64dd4dcf253ee11a,64dd4dcf253ee11a,4,4,2,2,exact anchor SAT sanity check (score 1.000),True,variants/generated_mux_tree_16_original.blif,variants/generated_mux_tree_16_resub.blif
generated_mux_tree_16,resub,new_n26,1,new_n52,1.0,1.0,1.0,1.0,1,1,1,exact_anchor,1,0,4096,0,97dfdaf5cebd9375,97dfdaf5cebd9375,2,2,2,2,exact anchor SAT sanity check (score 1.000),True,variants/generated_mux_tree_16_original.blif,variants/generated_mux_tree_16_resub.blif
generated_mux_tree_16,resub,new_n27,1,new_n53,1.0,1.0,1.0,1.0,1,1,1,exact_anchor,1,0,4096,0,a222206b60438b39,a222206b60438b39,2,2,2,2,exact anchor SAT sanity check (score 1.000),True,variants/generated_mux_tree_16_original.blif,variants/generated_mux_tree_16_resub.blif
generated_mux_tree_16,resub,new_n28,1,new_n54,1.0,1.0,1.0,1.0,2,2,1,exact_anchor,1,0,4096,0,cfea6cfa7ae532c4,cfea6cfa7ae532c4,3,3,2,2,exact anchor SAT sanity check (score 1.000),True,variants/generated_mux_tree_16_original.blif,variants/generated_mux_tree_16_resub.blif
generated_mux_tree_16,resub,new_n29,1,new_n59,1.0,1.0,1.0,1.0,3,3,1,exact_anchor,1,0,4096,0,c7e132a954470956,c7e132a954470956,4,4,2,2,exact anchor SAT sanity check (score 1.000),True,variants/generated_mux_tree_16_original.blif,variants/generated_mux_tree_16_resub.blif
generated_mux_tree_16,resub,new_n30,1,new_n60,1.0,1.0,1.0,1.0,4,4,1,exact_anchor,1,0,4096,0,bb7da89c68d53a60,bb7da89c68d53a60,6,6,2,2,exact anchor SAT sanity check (score 1.000),True,variants/generated_mux_tree_16_original.blif,variants/generated_mux_tree_16_resub.blif
generated_mux_tree_16,resub,new_n31,1,new_n61,1.0,1.0,1.0,1.0,5,5,1,exact_anchor,1,0,4096,0,f42af84acf50097e,f42af84acf50097e,7,7,2,2,exact anchor SAT sanity check (score 1.000),True,variants/generated_mux_tree_16_original.blif,variants/generated_mux_tree_16_resub.blif
generated_mux_tree_16,resub,new_n32,1,new_n46,1.0,1.0,1.0,1.0,1,1,1,exact_anchor,1,0,4096,0,0c04cf438c1ccec7,0c04cf438c1ccec7,2,2,2,2,exact anchor SAT sanity check (score 1.000),True,variants/generated_mux_tree_16_original.blif,variants/generated_mux_tree_16_resub.blif
generated_mux_tree_16,resub,new_n33,1,new_n47,1.0,1.0,1.0,1.0,1,1,1,exact_anchor,1,0,4096,0,bb75ae4c520a9c5b,bb75ae4c520a9c5b,2,2,2,2,exact anchor SAT sanity check (score 1.000),True,variants/generated_mux_tree_16_original.blif,variants/generated_mux_tree_16_resub.blif
generated_mux_tree_16,resub,new_n34,1,new_n48,1.0,1.0,1.0,1.0,2,2,1,exact_anchor,1,0,4096,0,2442563af945e1ad,2442563af945e1ad,3,3,2,2,exact anchor SAT sanity check (score 1.000),True,variants/generated_mux_tree_16_original.blif,variants/generated_mux_tree_16_resub.blif
generated_mux_tree_16,resub,new_n35,1,new_n49,1.0,1.0,1.0,1.0,3,3,1,exact_anchor,1,0,4096,0,c62c91d48d58f9fc,c62c91d48d58f9fc,4,4,2,2,exact anchor SAT sanity check (score 1.000),True,variants/generated_mux_tree_16_original.blif,variants/generated_mux_tree_16_resub.blif
generated_mux_tree_16,resub,new_n36,1,new_n43,1.0,1.0,1.0,1.0,1,1,1,exact_anchor,1,0,4096,0,9e839ff3800cda23,9e839ff3800cda23,2,2,2,2,exact anchor SAT sanity check (score 1.000),True,variants/generated_mux_tree_16_original.blif,variants/generated_mux_tree_16_resub.blif
generated_mux_tree_16,resub,new_n37,1,new_n44,1.0,1.0,1.0,1.0,1,1,1,exact_anchor,1,0,4096,0,ba8209d2b6ecce02,ba8209d2b6ecce02,2,2,2,2,exact anchor SAT sanity check (score 1.000),True,variants/generated_mux_tree_16_original.blif,variants/generated_mux_tree_16_resub.blif
generated_mux_tree_16,resub,new_n38,1,new_n45,1.0,1.0,1.0,1.0,2,2,1,exact_anchor,1,0,4096,0,cad8899b1785b4bf,cad8899b1785b4bf,3,3,2,2,exact anchor SAT sanity check (score 1.000),True,variants/generated_mux_tree_16_original.blif,variants/generated_mux_tree_16_resub.blif
generated_mux_tree_16,resub,new_n39,1,new_n50,1.0,1.0,1.0,1.0,3,3,1,exact_anchor,1,0,4096,0,7995d118929ae18d,7995d118929ae18d,4,4,2,2,exact anchor SAT sanity check (score 1.000),True,variants/generated_mux_tree_16_original.blif,variants/generated_mux_tree_16_resub.blif
generated_mux_tree_16,resub,new_n40,1,new_n51,1.0,1.0,1.0,1.0,4,4,1,exact_anchor,1,0,4096,0,00df9ce6de79b25e,00df9ce6de79b25e,6,6,2,2,exact anchor SAT sanity check (score 1.000),True,variants/generated_mux_tree_16_original.blif,variants/generated_mux_tree_16_resub.blif
generated_mux_tree_16,resub,new_n41,1,new_n62,1.0,1.0,1.0,1.0,5,5,1,exact_anchor,1,0,4096,0,f7dbcf5b8d5db03e,f7dbcf5b8d5db03e,7,7,2,2,exact anchor SAT sanity check (score 1.000),True,variants/generated_mux_tree_16_original.blif,variants/generated_mux_tree_16_resub.blif
generated_mux_tree_16,resub,new_n42,1,new_n63,1.0,1.0,1.0,1.0,6,6,1,exact_anchor,1,0,4096,0,611439bf2c13f55d,611439bf2c13f55d,11,11,2,2,exact anchor SAT sanity check (score 1.000),True,variants/generated_mux_tree_16_original.blif,variants/generated_mux_tree_16_resub.blif
generated_mux_tree_16,resub,new_n43,1,new_n64,1.0,1.0,1.0,1.0,7,7,1,exact_anchor,1,0,4096,0,7e4912b97d4771cd,7e4912b97d4771cd,12,12,2,2,exact anchor SAT sanity check (score 1.000),True,variants/generated_mux_tree_16_original.blif,variants/generated_mux_tree_16_resub.blif
generated_mux_tree_16,resub,new_n44,1,new_n34,1.0,1.0,1.0,1.0,1,1,1,exact_anchor,1,0,4096,0,1c98daf9800315de,1c98daf9800315de,2,2,2,2,exact anchor SAT sanity check (score 1.000),True,variants/generated_mux_tree_16_original.blif,variants/generated_mux_tree_16_resub.blif
generated_mux_tree_16,resub,new_n45,1,new_n35,1.0,1.0,1.0,1.0,1,1,1,exact_anchor,1,0,4096,0,074aad9448c11bc3,074aad9448c11bc3,2,2,2,2,exact anchor SAT sanity check (score 1.000),True,variants/generated_mux_tree_16_original.blif,variants/generated_mux_tree_16_resub.blif
generated_mux_tree_16,resub,new_n46,1,new_n36,1.0,1.0,1.0,1.0,2,2,1,exact_anchor,1,0,4096,0,a953833290691b5f,a953833290691b5f,3,3,2,2,exact anchor SAT sanity check (score 1.000),True,variants/generated_mux_tree_16_original.blif,variants/generated_mux_tree_16_resub.blif
generated_mux_tree_16,resub,new_n47,1,new_n37,1.0,1.0,1.0,1.0,3,3,1,exact_anchor,1,0,4096,0,86a4b6c2d8c4bb96,86a4b6c2d8c4bb96,4,4,2,2,exact anchor SAT sanity check (score 1.000),True,variants/generated_mux_tree_16_original.blif,variants/generated_mux_tree_16_resub.blif
generated_mux_tree_16,resub,new_n48,1,new_n31,1.0,1.0,1.0,1.0,1,1,1,exact_anchor,1,0,4096,0,b3e6edc4c6117277,b3e6edc4c6117277,2,2,2,2,exact anchor SAT sanity check (score 1.000),True,variants/generated_mux_tree_16_original.blif,variants/generated_mux_tree_16_resub.blif
generated_mux_tree_16,resub,new_n49,1,new_n32,1.0,1.0,1.0,1.0,1,1,1,exact_anchor,1,0,4096,0,e7fce42e7c9b9bac,e7fce42e7c9b9bac,2,2,2,2,exact anchor SAT sanity check (score 1.000),True,variants/generated_mux_tree_16_original.blif,variants/generated_mux_tree_16_resub.blif
generated_mux_tree_16,resub,new_n50,1,new_n33,1.0,1.0,1.0,1.0,2,2,1,exact_anchor,1,0,4096,0,8ea5e6af91f8765e,8ea5e6af91f8765e,3,3,2,2,exact anchor SAT sanity check (score 1.000),True,variants/generated_mux_tree_16_original.blif,variants/generated_mux_tree_16_resub.blif
generated_mux_tree_16,resub,new_n51,1,new_n38,1.0,1.0,1.0,1.0,3,3,1,exact_anchor,1,0,4096,0,625b0c4d67aac39d,625b0c4d67aac39d,4,4,2,2,exact anchor SAT sanity check (score 1.000),True,variants/generated_mux_tree_16_original.blif,variants/generated_mux_tree_16_resub.blif
generated_mux_tree_16,resub,new_n52,1,new_n39,1.0,1.0,1.0,1.0,4,4,1,exact_anchor,1,0,4096,0,7a67e5acc59eadff,7a67e5acc59eadff,6,6,2,2,exact anchor SAT sanity check (score 1.000),True,variants/generated_mux_tree_16_original.blif,variants/generated_mux_tree_16_resub.blif
generated_mux_tree_16,resub,new_n53,1,new_n40,1.0,1.0,1.0,1.0,5,5,1,exact_anchor,1,0,4096,0,32ef2c7ea660c56b,32ef2c7ea660c56b,7,7,2,2,exact anchor SAT sanity check (score 1.000),True,variants/generated_mux_tree_16_original.blif,variants/generated_mux_tree_16_resub.blif
generated_mux_tree_16,resub,new_n54,1,new_n25,1.0,1.0,1.0,1.0,1,1,1,exact_anchor,1,0,4096,0,d894062f7726f037,d894062f7726f037,2,2,2,2,exact anchor SAT sanity check (score 1.000),True,variants/generated_mux_tree_16_original.blif,variants/generated_mux_tree_16_resub.blif
generated_mux_tree_16,resub,new_n55,1,new_n26,1.0,1.0,1.0,1.0,1,1,1,exact_anchor,1,0,4096,0,2bbb05f1480e66fe,2bbb05f1480e66fe,2,2,2,2,exact anchor SAT sanity check (score 1.000),True,variants/generated_mux_tree_16_original.blif,variants/generated_mux_tree_16_resub.blif
generated_mux_tree_16,resub,new_n56,1,new_n27,1.0,1.0,1.0,1.0,2,2,1,exact_anchor,1,0,4096,0,1084ca35ea3720e8,1084ca35ea3720e8,3,3,2,2,exact anchor SAT sanity check (score 1.000),True,variants/generated_mux_tree_16_original.blif,variants/generated_mux_tree_16_resub.blif
generated_mux_tree_16,resub,new_n57,1,new_n28,1.0,1.0,1.0,1.0,3,3,1,exact_anchor,1,0,4096,0,e5017bb5f1724a80,e5017bb5f1724a80,4,4,2,2,exact anchor SAT sanity check (score 1.000),True,variants/generated_mux_tree_16_original.blif,variants/generated_mux_tree_16_resub.blif
generated_mux_tree_16,resub,new_n58,1,new_n22,1.0,1.0,1.0,1.0,1,1,1,exact_anchor,1,0,4096,0,925cbe75e62f189d,925cbe75e62f189d,2,2,2,2,exact anchor SAT sanity check (score 1.000),True,variants/generated_mux_tree_16_original.blif,variants/generated_mux_tree_16_resub.blif
generated_mux_tree_16,resub,new_n59,1,new_n23,1.0,1.0,1.0,1.0,1,1,1,exact_anchor,1,0,4096,0,a7736a8ccd6b365a,a7736a8ccd6b365a,2,2,2,2,exact anchor SAT sanity check (score 1.000),True,variants/generated_mux_tree_16_original.blif,variants/generated_mux_tree_16_resub.blif
generated_mux_tree_16,resub,new_n60,1,new_n24,1.0,1.0,1.0,1.0,2,2,1,exact_anchor,1,0,4096,0,680dd3f3d856b536,680dd3f3d856b536,3,3,2,2,exact anchor SAT sanity check (score 1.000),True,variants/generated_mux_tree_16_original.blif,variants/generated_mux_tree_16_resub.blif
generated_mux_tree_16,resub,new_n61,1,new_n29,1.0,1.0,1.0,1.0,3,3,1,exact_anchor,1,0,4096,0,eb6525e54204a91c,eb6525e54204a91c,4,4,2,2,exact anchor SAT sanity check (score 1.000),True,variants/generated_mux_tree_16_original.blif,variants/generated_mux_tree_16_resub.blif
generated_mux_tree_16,resub,new_n62,1,new_n30,1.0,1.0,1.0,1.0,4,4,1,exact_anchor,1,0,4096,0,d276983c6e9717e8,d276983c6e9717e8,6,6,2,2,exact anchor SAT sanity check (score 1.000),True,variants/generated_mux_tree_16_original.blif,variants/generated_mux_tree_16_resub.blif
generated_mux_tree_16,resub,new_n63,1,new_n41,1.0,1.0,1.0,1.0,5,5,1,exact_anchor,1,0,4096,0,6090232a205c4b19,6090232a205c4b19,7,7,2,2,exact anchor SAT sanity check (score 1.000),True,variants/generated_mux_tree_16_original.blif,variants/generated_mux_tree_16_resub.blif
generated_mux_tree_16,resub,new_n64,1,new_n42,1.0,1.0,1.0,1.0,6,6,1,exact_anchor,1,0,4096,0,4d976a3168956ecf,4d976a3168956ecf,11,11,2,2,exact anchor SAT sanity check (score 1.000),True,variants/generated_mux_tree_16_original.blif,variants/generated_mux_tree_16_resub.blif
generated_mux_tree_16,resub,new_n65,1,new_n65,1.0,1.0,1.0,1.0,7,7,1,exact_anchor,1,0,4096,0,61b1cdc18565226e,61b1cdc18565226e,12,12,2,2,exact anchor SAT sanity check (score 1.000),True,variants/generated_mux_tree_16_original.blif,variants/generated_mux_tree_16_resub.blif
generated_mux_tree_16,resyn,new_n25,1,new_n50,1.0,1.0,1.0,1.0,3,3,1,exact_anchor,1,0,4096,0,7995d118929ae18d,7995d118929ae18d,4,4,2,2,exact anchor SAT sanity check (score 1.000),True,variants/generated_mux_tree_16_original.blif,variants/generated_mux_tree_16_resyn.blif
generated_mux_tree_16,resyn,new_n29,1,new_n49,1.0,1.0,1.0,1.0,3,3,1,exact_anchor,1,0,4096,0,c62c91d48d58f9fc,c62c91d48d58f9fc,4,4,2,2,exact anchor SAT sanity check (score 1.000),True,variants/generated_mux_tree_16_original.blif,variants/generated_mux_tree_16_resyn.blif
generated_mux_tree_16,resyn,new_n35,1,new_n59,1.0,1.0,1.0,1.0,3,3,1,exact_anchor,1,0,4096,0,c7e132a954470956,c7e132a954470956,4,4,2,2,exact anchor SAT sanity check (score 1.000),True,variants/generated_mux_tree_16_original.blif,variants/generated_mux_tree_16_resyn.blif
generated_mux_tree_16,resyn,new_n39,1,new_n58,1.0,1.0,1.0,1.0,3,3,1,exact_anchor,1,0,4096,0,64dd4dcf253ee11a,64dd4dcf253ee11a,4,4,2,2,exact anchor SAT sanity check (score 1.000),True,variants/generated_mux_tree_16_original.blif,variants/generated_mux_tree_16_resyn.blif
generated_mux_tree_16,resyn,new_n43,1,new_n64,1.0,1.0,1.0,1.0,7,7,1,exact_anchor,1,0,4096,0,7e4912b97d4771cd,7e4912b97d4771cd,12,12,2,2,exact anchor SAT sanity check (score 1.000),True,variants/generated_mux_tree_16_original.blif,variants/generated_mux_tree_16_resyn.blif
generated_mux_tree_16,resyn,new_n47,1,new_n29,1.0,1.0,1.0,1.0,3,3,1,exact_anchor,1,0,4096,0,eb6525e54204a91c,eb6525e54204a91c,4,4,2,2,exact anchor SAT sanity check (score 1.000),True,variants/generated_mux_tree_16_original.blif,variants/generated_mux_tree_16_resyn.blif
generated_mux_tree_16,resyn,new_n51,1,new_n28,1.0,1.0,1.0,1.0,3,3,1,exact_anchor,1,0,4096,0,e5017bb5f1724a80,e5017bb5f1724a80,4,4,2,2,exact anchor SAT sanity check (score 1.000),True,variants/generated_mux_tree_16_original.blif,variants/generated_mux_tree_16_resyn.blif
generated_mux_tree_16,resyn,new_n57,1,new_n38,1.0,1.0,1.0,1.0,3,3,1,exact_anchor,1,0,4096,0,625b0c4d67aac39d,625b0c4d67aac39d,4,4,2,2,exact anchor SAT sanity check (score 1.000),True,variants/generated_mux_tree_16_original.blif,variants/generated_mux_tree_16_resyn.blif
generated_mux_tree_16,resyn,new_n61,1,new_n37,1.0,1.0,1.0,1.0,3,3,1,exact_anchor,1,0,4096,0,86a4b6c2d8c4bb96,86a4b6c2d8c4bb96,4,4,2,2,exact anchor SAT sanity check (score 1.000),True,variants/generated_mux_tree_16_original.blif,variants/generated_mux_tree_16_resyn.blif
generated_mux_tree_16,resyn,new_n65,1,new_n65,1.0,1.0,1.0,1.0,7,7,1,exact_anchor,1,0,4096,0,61b1cdc18565226e,61b1cdc18565226e,12,12,2,2,exact anchor SAT sanity check (score 1.000),True,variants/generated_mux_tree_16_original.blif,variants/generated_mux_tree_16_resyn.blif
generated_mux_tree_16,resyn2,new_n25,1,new_n38,1.0,1.0,1.0,1.0,3,3,1,exact_anchor,1,0,4096,0,625b0c4d67aac39d,625b0c4d67aac39d,4,4,2,2,exact anchor SAT sanity check (score 1.000),True,variants/generated_mux_tree_16_original.blif,variants/generated_mux_tree_16_resyn2.blif
generated_mux_tree_16,resyn2,new_n29,1,new_n37,1.0,1.0,1.0,1.0,3,3,1,exact_anchor,1,0,4096,0,86a4b6c2d8c4bb96,86a4b6c2d8c4bb96,4,4,2,2,exact anchor SAT sanity check (score 1.000),True,variants/generated_mux_tree_16_original.blif,variants/generated_mux_tree_16_resyn2.blif
generated_mux_tree_16,resyn2,new_n35,1,new_n28,1.0,1.0,1.0,1.0,3,3,1,exact_anchor,1,0,4096,0,e5017bb5f1724a80,e5017bb5f1724a80,4,4,2,2,exact anchor SAT sanity check (score 1.000),True,variants/generated_mux_tree_16_original.blif,variants/generated_mux_tree_16_resyn2.blif
generated_mux_tree_16,resyn2,new_n39,1,new_n29,1.0,1.0,1.0,1.0,3,3,1,exact_anchor,1,0,4096,0,eb6525e54204a91c,eb6525e54204a91c,4,4,2,2,exact anchor SAT sanity check (score 1.000),True,variants/generated_mux_tree_16_original.blif,variants/generated_mux_tree_16_resyn2.blif
generated_mux_tree_16,resyn2,new_n47,1,new_n59,1.0,1.0,1.0,1.0,3,3,1,exact_anchor,1,0,4096,0,c7e132a954470956,c7e132a954470956,4,4,2,2,exact anchor SAT sanity check (score 1.000),True,variants/generated_mux_tree_16_original.blif,variants/generated_mux_tree_16_resyn2.blif
generated_mux_tree_16,resyn2,new_n51,1,new_n58,1.0,1.0,1.0,1.0,3,3,1,exact_anchor,1,0,4096,0,64dd4dcf253ee11a,64dd4dcf253ee11a,4,4,2,2,exact anchor SAT sanity check (score 1.000),True,variants/generated_mux_tree_16_original.blif,variants/generated_mux_tree_16_resyn2.blif
generated_mux_tree_16,resyn2,new_n57,1,new_n49,1.0,1.0,1.0,1.0,3,3,1,exact_anchor,1,0,4096,0,c62c91d48d58f9fc,c62c91d48d58f9fc,4,4,2,2,exact anchor SAT sanity check (score 1.000),True,variants/generated_mux_tree_16_original.blif,variants/generated_mux_tree_16_resyn2.blif
generated_mux_tree_16,resyn2,new_n61,1,new_n50,1.0,1.0,1.0,1.0,3,3,1,exact_anchor,1,0,4096,0,7995d118929ae18d,7995d118929ae18d,4,4,2,2,exact anchor SAT sanity check (score 1.000),True,variants/generated_mux_tree_16_original.blif,variants/generated_mux_tree_16_resyn2.blif
generated_mux_tree_16,resyn2_like,new_n25,1,new_n38,1.0,1.0,1.0,1.0,3,3,1,exact_anchor,1,0,4096,0,625b0c4d67aac39d,625b0c4d67aac39d,4,4,2,2,exact anchor SAT sanity check (score 1.000),True,variants/generated_mux_tree_16_original.blif,variants/generated_mux_tree_16_resyn2_like.blif
generated_mux_tree_16,resyn2_like,new_n29,1,new_n37,1.0,1.0,1.0,1.0,3,3,1,exact_anchor,1,0,4096,0,86a4b6c2d8c4bb96,86a4b6c2d8c4bb96,4,4,2,2,exact anchor SAT sanity check (score 1.000),True,variants/generated_mux_tree_16_original.blif,variants/generated_mux_tree_16_resyn2_like.blif
generated_mux_tree_16,resyn2_like,new_n35,1,new_n28,1.0,1.0,1.0,1.0,3,3,1,exact_anchor,1,0,4096,0,e5017bb5f1724a80,e5017bb5f1724a80,4,4,2,2,exact anchor SAT sanity check (score 1.000),True,variants/generated_mux_tree_16_original.blif,variants/generated_mux_tree_16_resyn2_like.blif
generated_mux_tree_16,resyn2_like,new_n39,1,new_n29,1.0,1.0,1.0,1.0,3,3,1,exact_anchor,1,0,4096,0,eb6525e54204a91c,eb6525e54204a91c,4,4,2,2,exact anchor SAT sanity check (score 1.000),True,variants/generated_mux_tree_16_original.blif,variants/generated_mux_tree_16_resyn2_like.blif
generated_mux_tree_16,resyn2_like,new_n47,1,new_n59,1.0,1.0,1.0,1.0,3,3,1,exact_anchor,1,0,4096,0,c7e132a954470956,c7e132a954470956,4,4,2,2,exact anchor SAT sanity check (score 1.000),True,variants/generated_mux_tree_16_original.blif,variants/generated_mux_tree_16_resyn2_like.blif
generated_mux_tree_16,resyn2_like,new_n51,1,new_n58,1.0,1.0,1.0,1.0,3,3,1,exact_anchor,1,0,4096,0,64dd4dcf253ee11a,64dd4dcf253ee11a,4,4,2,2,exact anchor SAT sanity check (score 1.000),True,variants/generated_mux_tree_16_original.blif,variants/generated_mux_tree_16_resyn2_like.blif
generated_mux_tree_16,resyn2_like,new_n57,1,new_n49,1.0,1.0,1.0,1.0,3,3,1,exact_anchor,1,0,4096,0,c62c91d48d58f9fc,c62c91d48d58f9fc,4,4,2,2,exact anchor SAT sanity check (score 1.000),True,variants/generated_mux_tree_16_original.blif,variants/generated_mux_tree_16_resyn2_like.blif
generated_mux_tree_16,resyn2_like,new_n61,1,new_n50,1.0,1.0,1.0,1.0,3,3,1,exact_anchor,1,0,4096,0,7995d118929ae18d,7995d118929ae18d,4,4,2,2,exact anchor SAT sanity check (score 1.000),True,variants/generated_mux_tree_16_original.blif,variants/generated_mux_tree_16_resyn2_like.blif
generated_mux_tree_16,rewrite,new_n22,1,new_n55,1.0,1.0,1.0,1.0,1,1,1,exact_anchor,1,0,4096,0,e5b3382e870ccfa8,e5b3382e870ccfa8,2,2,2,2,exact anchor SAT sanity check (score 1.000),True,variants/generated_mux_tree_16_original.blif,variants/generated_mux_tree_16_rewrite.blif
generated_mux_tree_16,rewrite,new_n23,1,new_n56,1.0,1.0,1.0,1.0,1,1,1,exact_anchor,1,0,4096,0,7118ae7e38bc0495,7118ae7e38bc0495,2,2,2,2,exact anchor SAT sanity check (score 1.000),True,variants/generated_mux_tree_16_original.blif,variants/generated_mux_tree_16_rewrite.blif
generated_mux_tree_16,rewrite,new_n24,1,new_n57,1.0,1.0,1.0,1.0,2,2,1,exact_anchor,1,0,4096,0,85714958333ee482,85714958333ee482,3,3,2,2,exact anchor SAT sanity check (score 1.000),True,variants/generated_mux_tree_16_original.blif,variants/generated_mux_tree_16_rewrite.blif
generated_mux_tree_16,rewrite,new_n25,1,new_n58,1.0,1.0,1.0,1.0,3,3,1,exact_anchor,1,0,4096,0,64dd4dcf253ee11a,64dd4dcf253ee11a,4,4,2,2,exact anchor SAT sanity check (score 1.000),True,variants/generated_mux_tree_16_original.blif,variants/generated_mux_tree_16_rewrite.blif
generated_mux_tree_16,rewrite,new_n26,1,new_n52,1.0,1.0,1.0,1.0,1,1,1,exact_anchor,1,0,4096,0,97dfdaf5cebd9375,97dfdaf5cebd9375,2,2,2,2,exact anchor SAT sanity check (score 1.000),True,variants/generated_mux_tree_16_original.blif,variants/generated_mux_tree_16_rewrite.blif
generated_mux_tree_16,rewrite,new_n27,1,new_n53,1.0,1.0,1.0,1.0,1,1,1,exact_anchor,1,0,4096,0,a222206b60438b39,a222206b60438b39,2,2,2,2,exact anchor SAT sanity check (score 1.000),True,variants/generated_mux_tree_16_original.blif,variants/generated_mux_tree_16_rewrite.blif
generated_mux_tree_16,rewrite,new_n28,1,new_n54,1.0,1.0,1.0,1.0,2,2,1,exact_anchor,1,0,4096,0,cfea6cfa7ae532c4,cfea6cfa7ae532c4,3,3,2,2,exact anchor SAT sanity check (score 1.000),True,variants/generated_mux_tree_16_original.blif,variants/generated_mux_tree_16_rewrite.blif
generated_mux_tree_16,rewrite,new_n29,1,new_n59,1.0,1.0,1.0,1.0,3,3,1,exact_anchor,1,0,4096,0,c7e132a954470956,c7e132a954470956,4,4,2,2,exact anchor SAT sanity check (score 1.000),True,variants/generated_mux_tree_16_original.blif,variants/generated_mux_tree_16_rewrite.blif
generated_mux_tree_16,rewrite,new_n30,1,new_n60,1.0,1.0,1.0,1.0,4,4,1,exact_anchor,1,0,4096,0,bb7da89c68d53a60,bb7da89c68d53a60,6,6,2,2,exact anchor SAT sanity check (score 1.000),True,variants/generated_mux_tree_16_original.blif,variants/generated_mux_tree_16_rewrite.blif
generated_mux_tree_16,rewrite,new_n31,1,new_n61,1.0,1.0,1.0,1.0,5,5,1,exact_anchor,1,0,4096,0,f42af84acf50097e,f42af84acf50097e,7,7,2,2,exact anchor SAT sanity check (score 1.000),True,variants/generated_mux_tree_16_original.blif,variants/generated_mux_tree_16_rewrite.blif
generated_mux_tree_16,rewrite,new_n32,1,new_n46,1.0,1.0,1.0,1.0,1,1,1,exact_anchor,1,0,4096,0,0c04cf438c1ccec7,0c04cf438c1ccec7,2,2,2,2,exact anchor SAT sanity check (score 1.000),True,variants/generated_mux_tree_16_original.blif,variants/generated_mux_tree_16_rewrite.blif
generated_mux_tree_16,rewrite,new_n33,1,new_n47,1.0,1.0,1.0,1.0,1,1,1,exact_anchor,1,0,4096,0,bb75ae4c520a9c5b,bb75ae4c520a9c5b,2,2,2,2,exact anchor SAT sanity check (score 1.000),True,variants/generated_mux_tree_16_original.blif,variants/generated_mux_tree_16_rewrite.blif
generated_mux_tree_16,rewrite,new_n34,1,new_n48,1.0,1.0,1.0,1.0,2,2,1,exact_anchor,1,0,4096,0,2442563af945e1ad,2442563af945e1ad,3,3,2,2,exact anchor SAT sanity check (score 1.000),True,variants/generated_mux_tree_16_original.blif,variants/generated_mux_tree_16_rewrite.blif
generated_mux_tree_16,rewrite,new_n35,1,new_n49,1.0,1.0,1.0,1.0,3,3,1,exact_anchor,1,0,4096,0,c62c91d48d58f9fc,c62c91d48d58f9fc,4,4,2,2,exact anchor SAT sanity check (score 1.000),True,variants/generated_mux_tree_16_original.blif,variants/generated_mux_tree_16_rewrite.blif
generated_mux_tree_16,rewrite,new_n36,1,new_n43,1.0,1.0,1.0,1.0,1,1,1,exact_anchor,1,0,4096,0,9e839ff3800cda23,9e839ff3800cda23,2,2,2,2,exact anchor SAT sanity check (score 1.000),True,variants/generated_mux_tree_16_original.blif,variants/generated_mux_tree_16_rewrite.blif
generated_mux_tree_16,rewrite,new_n37,1,new_n44,1.0,1.0,1.0,1.0,1,1,1,exact_anchor,1,0,4096,0,ba8209d2b6ecce02,ba8209d2b6ecce02,2,2,2,2,exact anchor SAT sanity check (score 1.000),True,variants/generated_mux_tree_16_original.blif,variants/generated_mux_tree_16_rewrite.blif
generated_mux_tree_16,rewrite,new_n38,1,new_n45,1.0,1.0,1.0,1.0,2,2,1,exact_anchor,1,0,4096,0,cad8899b1785b4bf,cad8899b1785b4bf,3,3,2,2,exact anchor SAT sanity check (score 1.000),True,variants/generated_mux_tree_16_original.blif,variants/generated_mux_tree_16_rewrite.blif
generated_mux_tree_16,rewrite,new_n39,1,new_n50,1.0,1.0,1.0,1.0,3,3,1,exact_anchor,1,0,4096,0,7995d118929ae18d,7995d118929ae18d,4,4,2,2,exact anchor SAT sanity check (score 1.000),True,variants/generated_mux_tree_16_original.blif,variants/generated_mux_tree_16_rewrite.blif
generated_mux_tree_16,rewrite,new_n40,1,new_n51,1.0,1.0,1.0,1.0,4,4,1,exact_anchor,1,0,4096,0,00df9ce6de79b25e,00df9ce6de79b25e,6,6,2,2,exact anchor SAT sanity check (score 1.000),True,variants/generated_mux_tree_16_original.blif,variants/generated_mux_tree_16_rewrite.blif
generated_mux_tree_16,rewrite,new_n41,1,new_n62,1.0,1.0,1.0,1.0,5,5,1,exact_anchor,1,0,4096,0,f7dbcf5b8d5db03e,f7dbcf5b8d5db03e,7,7,2,2,exact anchor SAT sanity check (score 1.000),True,variants/generated_mux_tree_16_original.blif,variants/generated_mux_tree_16_rewrite.blif
generated_mux_tree_16,rewrite,new_n42,1,new_n63,1.0,1.0,1.0,1.0,6,6,1,exact_anchor,1,0,4096,0,611439bf2c13f55d,611439bf2c13f55d,11,11,2,2,exact anchor SAT sanity check (score 1.000),True,variants/generated_mux_tree_16_original.blif,variants/generated_mux_tree_16_rewrite.blif
generated_mux_tree_16,rewrite,new_n43,1,new_n64,1.0,1.0,1.0,1.0,7,7,1,exact_anchor,1,0,4096,0,7e4912b97d4771cd,7e4912b97d4771cd,12,12,2,2,exact anchor SAT sanity check (score 1.000),True,variants/generated_mux_tree_16_original.blif,variants/generated_mux_tree_16_rewrite.blif
generated_mux_tree_16,rewrite,new_n44,1,new_n34,1.0,1.0,1.0,1.0,1,1,1,exact_anchor,1,0,4096,0,1c98daf9800315de,1c98daf9800315de,2,2,2,2,exact anchor SAT sanity check (score 1.000),True,variants/generated_mux_tree_16_original.blif,variants/generated_mux_tree_16_rewrite.blif
generated_mux_tree_16,rewrite,new_n45,1,new_n35,1.0,1.0,1.0,1.0,1,1,1,exact_anchor,1,0,4096,0,074aad9448c11bc3,074aad9448c11bc3,2,2,2,2,exact anchor SAT sanity check (score 1.000),True,variants/generated_mux_tree_16_original.blif,variants/generated_mux_tree_16_rewrite.blif
generated_mux_tree_16,rewrite,new_n46,1,new_n36,1.0,1.0,1.0,1.0,2,2,1,exact_anchor,1,0,4096,0,a953833290691b5f,a953833290691b5f,3,3,2,2,exact anchor SAT sanity check (score 1.000),True,variants/generated_mux_tree_16_original.blif,variants/generated_mux_tree_16_rewrite.blif
generated_mux_tree_16,rewrite,new_n47,1,new_n37,1.0,1.0,1.0,1.0,3,3,1,exact_anchor,1,0,4096,0,86a4b6c2d8c4bb96,86a4b6c2d8c4bb96,4,4,2,2,exact anchor SAT sanity check (score 1.000),True,variants/generated_mux_tree_16_original.blif,variants/generated_mux_tree_16_rewrite.blif
generated_mux_tree_16,rewrite,new_n48,1,new_n31,1.0,1.0,1.0,1.0,1,1,1,exact_anchor,1,0,4096,0,b3e6edc4c6117277,b3e6edc4c6117277,2,2,2,2,exact anchor SAT sanity check (score 1.000),True,variants/generated_mux_tree_16_original.blif,variants/generated_mux_tree_16_rewrite.blif
generated_mux_tree_16,rewrite,new_n49,1,new_n32,1.0,1.0,1.0,1.0,1,1,1,exact_anchor,1,0,4096,0,e7fce42e7c9b9bac,e7fce42e7c9b9bac,2,2,2,2,exact anchor SAT sanity check (score 1.000),True,variants/generated_mux_tree_16_original.blif,variants/generated_mux_tree_16_rewrite.blif
generated_mux_tree_16,rewrite,new_n50,1,new_n33,1.0,1.0,1.0,1.0,2,2,1,exact_anchor,1,0,4096,0,8ea5e6af91f8765e,8ea5e6af91f8765e,3,3,2,2,exact anchor SAT sanity check (score 1.000),True,variants/generated_mux_tree_16_original.blif,variants/generated_mux_tree_16_rewrite.blif
generated_mux_tree_16,rewrite,new_n51,1,new_n38,1.0,1.0,1.0,1.0,3,3,1,exact_anchor,1,0,4096,0,625b0c4d67aac39d,625b0c4d67aac39d,4,4,2,2,exact anchor SAT sanity check (score 1.000),True,variants/generated_mux_tree_16_original.blif,variants/generated_mux_tree_16_rewrite.blif
generated_mux_tree_16,rewrite,new_n52,1,new_n39,1.0,1.0,1.0,1.0,4,4,1,exact_anchor,1,0,4096,0,7a67e5acc59eadff,7a67e5acc59eadff,6,6,2,2,exact anchor SAT sanity check (score 1.000),True,variants/generated_mux_tree_16_original.blif,variants/generated_mux_tree_16_rewrite.blif
generated_mux_tree_16,rewrite,new_n53,1,new_n40,1.0,1.0,1.0,1.0,5,5,1,exact_anchor,1,0,4096,0,32ef2c7ea660c56b,32ef2c7ea660c56b,7,7,2,2,exact anchor SAT sanity check (score 1.000),True,variants/generated_mux_tree_16_original.blif,variants/generated_mux_tree_16_rewrite.blif
generated_mux_tree_16,rewrite,new_n54,1,new_n25,1.0,1.0,1.0,1.0,1,1,1,exact_anchor,1,0,4096,0,d894062f7726f037,d894062f7726f037,2,2,2,2,exact anchor SAT sanity check (score 1.000),True,variants/generated_mux_tree_16_original.blif,variants/generated_mux_tree_16_rewrite.blif
generated_mux_tree_16,rewrite,new_n55,1,new_n26,1.0,1.0,1.0,1.0,1,1,1,exact_anchor,1,0,4096,0,2bbb05f1480e66fe,2bbb05f1480e66fe,2,2,2,2,exact anchor SAT sanity check (score 1.000),True,variants/generated_mux_tree_16_original.blif,variants/generated_mux_tree_16_rewrite.blif
generated_mux_tree_16,rewrite,new_n56,1,new_n27,1.0,1.0,1.0,1.0,2,2,1,exact_anchor,1,0,4096,0,1084ca35ea3720e8,1084ca35ea3720e8,3,3,2,2,exact anchor SAT sanity check (score 1.000),True,variants/generated_mux_tree_16_original.blif,variants/generated_mux_tree_16_rewrite.blif
generated_mux_tree_16,rewrite,new_n57,1,new_n28,1.0,1.0,1.0,1.0,3,3,1,exact_anchor,1,0,4096,0,e5017bb5f1724a80,e5017bb5f1724a80,4,4,2,2,exact anchor SAT sanity check (score 1.000),True,variants/generated_mux_tree_16_original.blif,variants/generated_mux_tree_16_rewrite.blif
generated_mux_tree_16,rewrite,new_n58,1,new_n22,1.0,1.0,1.0,1.0,1,1,1,exact_anchor,1,0,4096,0,925cbe75e62f189d,925cbe75e62f189d,2,2,2,2,exact anchor SAT sanity check (score 1.000),True,variants/generated_mux_tree_16_original.blif,variants/generated_mux_tree_16_rewrite.blif
generated_mux_tree_16,rewrite,new_n59,1,new_n23,1.0,1.0,1.0,1.0,1,1,1,exact_anchor,1,0,4096,0,a7736a8ccd6b365a,a7736a8ccd6b365a,2,2,2,2,exact anchor SAT sanity check (score 1.000),True,variants/generated_mux_tree_16_original.blif,variants/generated_mux_tree_16_rewrite.blif
generated_mux_tree_16,rewrite,new_n60,1,new_n24,1.0,1.0,1.0,1.0,2,2,1,exact_anchor,1,0,4096,0,680dd3f3d856b536,680dd3f3d856b536,3,3,2,2,exact anchor SAT sanity check (score 1.000),True,variants/generated_mux_tree_16_original.blif,variants/generated_mux_tree_16_rewrite.blif
generated_mux_tree_16,rewrite,new_n61,1,new_n29,1.0,1.0,1.0,1.0,3,3,1,exact_anchor,1,0,4096,0,eb6525e54204a91c,eb6525e54204a91c,4,4,2,2,exact anchor SAT sanity check (score 1.000),True,variants/generated_mux_tree_16_original.blif,variants/generated_mux_tree_16_rewrite.blif
generated_mux_tree_16,rewrite,new_n62,1,new_n30,1.0,1.0,1.0,1.0,4,4,1,exact_anchor,1,0,4096,0,d276983c6e9717e8,d276983c6e9717e8,6,6,2,2,exact anchor SAT sanity check (score 1.000),True,variants/generated_mux_tree_16_original.blif,variants/generated_mux_tree_16_rewrite.blif
generated_mux_tree_16,rewrite,new_n63,1,new_n41,1.0,1.0,1.0,1.0,5,5,1,exact_anchor,1,0,4096,0,6090232a205c4b19,6090232a205c4b19,7,7,2,2,exact anchor SAT sanity check (score 1.000),True,variants/generated_mux_tree_16_original.blif,variants/generated_mux_tree_16_rewrite.blif
generated_mux_tree_16,rewrite,new_n64,1,new_n42,1.0,1.0,1.0,1.0,6,6,1,exact_anchor,1,0,4096,0,4d976a3168956ecf,4d976a3168956ecf,11,11,2,2,exact anchor SAT sanity check (score 1.000),True,variants/generated_mux_tree_16_original.blif,variants/generated_mux_tree_16_rewrite.blif
generated_mux_tree_16,rewrite,new_n65,1,new_n65,1.0,1.0,1.0,1.0,7,7,1,exact_anchor,1,0,4096,0,61b1cdc18565226e,61b1cdc18565226e,12,12,2,2,exact anchor SAT sanity check (score 1.000),True,variants/generated_mux_tree_16_original.blif,variants/generated_mux_tree_16_rewrite.blif
generated_mux_tree_16,rewrite_z,new_n25,1,new_n58,1.0,1.0,1.0,1.0,3,3,1,exact_anchor,1,0,4096,0,64dd4dcf253ee11a,64dd4dcf253ee11a,4,4,2,2,exact anchor SAT sanity check (score 1.000),True,variants/generated_mux_tree_16_original.blif,variants/generated_mux_tree_16_rewrite_z.blif
generated_mux_tree_16,rewrite_z,new_n29,1,new_n59,1.0,1.0,1.0,1.0,3,3,1,exact_anchor,1,0,4096,0,c7e132a954470956,c7e132a954470956,4,4,2,2,exact anchor SAT sanity check (score 1.000),True,variants/generated_mux_tree_16_original.blif,variants/generated_mux_tree_16_rewrite_z.blif
generated_mux_tree_16,rewrite_z,new_n30,1,new_n60,1.0,1.0,1.0,1.0,4,4,1,exact_anchor,1,0,4096,0,bb7da89c68d53a60,bb7da89c68d53a60,6,6,2,2,exact anchor SAT sanity check (score 1.000),True,variants/generated_mux_tree_16_original.blif,variants/generated_mux_tree_16_rewrite_z.blif
generated_mux_tree_16,rewrite_z,new_n36,1,new_n49,1.0,1.0,1.0,1.0,3,3,1,exact_anchor,1,0,4096,0,c62c91d48d58f9fc,c62c91d48d58f9fc,4,4,2,2,exact anchor SAT sanity check (score 1.000),True,variants/generated_mux_tree_16_original.blif,variants/generated_mux_tree_16_rewrite_z.blif
generated_mux_tree_16,rewrite_z,new_n40,1,new_n50,1.0,1.0,1.0,1.0,3,3,1,exact_anchor,1,0,4096,0,7995d118929ae18d,7995d118929ae18d,4,4,2,2,exact anchor SAT sanity check (score 1.000),True,variants/generated_mux_tree_16_original.blif,variants/generated_mux_tree_16_rewrite_z.blif
generated_mux_tree_16,rewrite_z,new_n41,1,new_n51,1.0,1.0,1.0,1.0,4,4,1,exact_anchor,1,0,4096,0,00df9ce6de79b25e,00df9ce6de79b25e,6,6,2,2,exact anchor SAT sanity check (score 1.000),True,variants/generated_mux_tree_16_original.blif,variants/generated_mux_tree_16_rewrite_z.blif
generated_mux_tree_16,rewrite_z,new_n43,1,new_n64,1.0,1.0,1.0,1.0,7,7,1,exact_anchor,1,0,4096,0,7e4912b97d4771cd,7e4912b97d4771cd,12,12,2,2,exact anchor SAT sanity check (score 1.000),True,variants/generated_mux_tree_16_original.blif,variants/generated_mux_tree_16_rewrite_z.blif
generated_mux_tree_16,rewrite_z,new_n47,1,new_n37,1.0,1.0,1.0,1.0,3,3,1,exact_anchor,1,0,4096,0,86a4b6c2d8c4bb96,86a4b6c2d8c4bb96,4,4,2,2,exact anchor SAT sanity check (score 1.000),True,variants/generated_mux_tree_16_original.blif,variants/generated_mux_tree_16_rewrite_z.blif
generated_mux_tree_16,rewrite_z,new_n51,1,new_n38,1.0,1.0,1.0,1.0,3,3,1,exact_anchor,1,0,4096,0,625b0c4d67aac39d,625b0c4d67aac39d,4,4,2,2,exact anchor SAT sanity check (score 1.000),True,variants/generated_mux_tree_16_original.blif,variants/generated_mux_tree_16_rewrite_z.blif
generated_mux_tree_16,rewrite_z,new_n52,1,new_n39,1.0,1.0,1.0,1.0,4,4,1,exact_anchor,1,0,4096,0,7a67e5acc59eadff,7a67e5acc59eadff,6,6,2,2,exact anchor SAT sanity check (score 1.000),True,variants/generated_mux_tree_16_original.blif,variants/generated_mux_tree_16_rewrite_z.blif
generated_mux_tree_16,rewrite_z,new_n58,1,new_n28,1.0,1.0,1.0,1.0,3,3,1,exact_anchor,1,0,4096,0,e5017bb5f1724a80,e5017bb5f1724a80,4,4,2,2,exact anchor SAT sanity check (score 1.000),True,variants/generated_mux_tree_16_original.blif,variants/generated_mux_tree_16_rewrite_z.blif
generated_mux_tree_16,rewrite_z,new_n62,1,new_n29,1.0,1.0,1.0,1.0,3,3,1,exact_anchor,1,0,4096,0,eb6525e54204a91c,eb6525e54204a91c,4,4,2,2,exact anchor SAT sanity check (score 1.000),True,variants/generated_mux_tree_16_original.blif,variants/generated_mux_tree_16_rewrite_z.blif
generated_mux_tree_16,rewrite_z,new_n63,1,new_n30,1.0,1.0,1.0,1.0,4,4,1,exact_anchor,1,0,4096,0,d276983c6e9717e8,d276983c6e9717e8,6,6,2,2,exact anchor SAT sanity check (score 1.000),True,variants/generated_mux_tree_16_original.blif,variants/generated_mux_tree_16_rewrite_z.blif
generated_mux_tree_16,rewrite_z,new_n65,1,new_n65,1.0,1.0,1.0,1.0,7,7,1,exact_anchor,1,0,4096,0,61b1cdc18565226e,61b1cdc18565226e,12,12,2,2,exact anchor SAT sanity check (score 1.000),True,variants/generated_mux_tree_16_original.blif,variants/generated_mux_tree_16_rewrite_z.blif
generated_mux_tree_4,balance,new_n8,1,new_n11,1.0,1.0,1.0,1.0,1,1,1,exact_anchor,1,1,64,1,2455b2e21cffbcaf,2455b2e21cffbcaf,2,2,2,2,exact anchor SAT sanity check (score 1.000),True,variants/generated_mux_tree_4_original.blif,variants/generated_mux_tree_4_balance.blif
generated_mux_tree_4,balance,new_n9,1,new_n12,1.0,1.0,1.0,1.0,1,1,1,exact_anchor,1,1,64,1,4b45c41ec777f3f6,4b45c41ec777f3f6,2,2,2,2,exact anchor SAT sanity check (score 1.000),True,variants/generated_mux_tree_4_original.blif,variants/generated_mux_tree_4_balance.blif
generated_mux_tree_4,balance,new_n10,1,new_n13,1.0,1.0,1.0,1.0,2,2,1,exact_anchor,1,1,64,1,00dfc95dc7690665,00dfc95dc7690665,3,3,2,2,exact anchor SAT sanity check (score 1.000),True,variants/generated_mux_tree_4_original.blif,variants/generated_mux_tree_4_balance.blif
generated_mux_tree_4,balance,new_n11,1,new_n14,1.0,1.0,1.0,1.0,3,3,1,exact_anchor,1,1,64,1,25e2fb0ea8a6bd34,25e2fb0ea8a6bd34,4,4,2,2,exact anchor SAT sanity check (score 1.000),True,variants/generated_mux_tree_4_original.blif,variants/generated_mux_tree_4_balance.blif
generated_mux_tree_4,balance,new_n12,1,new_n8,1.0,1.0,1.0,1.0,1,1,1,exact_anchor,1,1,64,1,7f685327538796f0,7f685327538796f0,2,2,2,2,exact anchor SAT sanity check (score 1.000),True,variants/generated_mux_tree_4_original.blif,variants/generated_mux_tree_4_balance.blif
generated_mux_tree_4,balance,new_n13,1,new_n9,1.0,1.0,1.0,1.0,1,1,1,exact_anchor,1,1,64,1,bc1a959c4e22ae73,bc1a959c4e22ae73,2,2,2,2,exact anchor SAT sanity check (score 1.000),True,variants/generated_mux_tree_4_original.blif,variants/generated_mux_tree_4_balance.blif
generated_mux_tree_4,balance,new_n14,1,new_n10,1.0,1.0,1.0,1.0,2,2,1,exact_anchor,1,1,64,1,8f68b906b51244d1,8f68b906b51244d1,3,3,2,2,exact anchor SAT sanity check (score 1.000),True,variants/generated_mux_tree_4_original.blif,variants/generated_mux_tree_4_balance.blif
generated_mux_tree_4,balance,new_n15,1,new_n15,1.0,1.0,1.0,1.0,3,3,1,exact_anchor,1,1,64,1,e9ac268d0275aa9d,e9ac268d0275aa9d,4,4,2,2,exact anchor SAT sanity check (score 1.000),True,variants/generated_mux_tree_4_original.blif,variants/generated_mux_tree_4_balance.blif
generated_mux_tree_4,dc2,new_n8,1,new_n9,1.0,1.0,1.0,1.0,1,1,1,exact_anchor,1,1,64,1,bc1a959c4e22ae73,bc1a959c4e22ae73,2,2,2,2,exact anchor SAT sanity check (score 1.000),True,variants/generated_mux_tree_4_original.blif,variants/generated_mux_tree_4_dc2.blif
generated_mux_tree_4,dc2,new_n9,1,new_n8,1.0,1.0,1.0,1.0,1,1,1,exact_anchor,1,1,64,1,7f685327538796f0,7f685327538796f0,2,2,2,2,exact anchor SAT sanity check (score 1.000),True,variants/generated_mux_tree_4_original.blif,variants/generated_mux_tree_4_dc2.blif
generated_mux_tree_4,dc2,new_n12,1,new_n12,1.0,1.0,1.0,1.0,1,1,1,exact_anchor,1,1,64,1,4b45c41ec777f3f6,4b45c41ec777f3f6,2,2,2,2,exact anchor SAT sanity check (score 1.000),True,variants/generated_mux_tree_4_original.blif,variants/generated_mux_tree_4_dc2.blif
generated_mux_tree_4,dc2,new_n13,1,new_n11,1.0,1.0,1.0,1.0,1,1,1,exact_anchor,1,1,64,1,2455b2e21cffbcaf,2455b2e21cffbcaf,2,2,2,2,exact anchor SAT sanity check (score 1.000),True,variants/generated_mux_tree_4_original.blif,variants/generated_mux_tree_4_dc2.blif
generated_mux_tree_4,dc2,new_n14,1,new_n13,1.0,1.0,1.0,1.0,2,2,1,exact_anchor,1,1,64,1,00dfc95dc7690665,00dfc95dc7690665,3,3,2,2,exact anchor SAT sanity check (score 1.000),True,variants/generated_mux_tree_4_original.blif,variants/generated_mux_tree_4_dc2.blif
generated_mux_tree_4,refactor,new_n8,1,new_n11,1.0,1.0,1.0,1.0,1,1,1,exact_anchor,1,1,64,1,2455b2e21cffbcaf,2455b2e21cffbcaf,2,2,2,2,exact anchor SAT sanity check (score 1.000),True,variants/generated_mux_tree_4_original.blif,variants/generated_mux_tree_4_refactor.blif
generated_mux_tree_4,refactor,new_n9,1,new_n12,1.0,1.0,1.0,1.0,1,1,1,exact_anchor,1,1,64,1,4b45c41ec777f3f6,4b45c41ec777f3f6,2,2,2,2,exact anchor SAT sanity check (score 1.000),True,variants/generated_mux_tree_4_original.blif,variants/generated_mux_tree_4_refactor.blif
generated_mux_tree_4,refactor,new_n10,1,new_n13,1.0,1.0,1.0,1.0,2,2,1,exact_anchor,1,1,64,1,00dfc95dc7690665,00dfc95dc7690665,3,3,2,2,exact anchor SAT sanity check (score 1.000),True,variants/generated_mux_tree_4_original.blif,variants/generated_mux_tree_4_refactor.blif
generated_mux_tree_4,refactor,new_n11,1,new_n14,1.0,1.0,1.0,1.0,3,3,1,exact_anchor,1,1,64,1,25e2fb0ea8a6bd34,25e2fb0ea8a6bd34,4,4,2,2,exact anchor SAT sanity check (score 1.000),True,variants/generated_mux_tree_4_original.blif,variants/generated_mux_tree_4_refactor.blif
generated_mux_tree_4,refactor,new_n12,1,new_n8,1.0,1.0,1.0,1.0,1,1,1,exact_anchor,1,1,64,1,7f685327538796f0,7f685327538796f0,2,2,2,2,exact anchor SAT sanity check (score 1.000),True,variants/generated_mux_tree_4_original.blif,variants/generated_mux_tree_4_refactor.blif
generated_mux_tree_4,refactor,new_n13,1,new_n9,1.0,1.0,1.0,1.0,1,1,1,exact_anchor,1,1,64,1,bc1a959c4e22ae73,bc1a959c4e22ae73,2,2,2,2,exact anchor SAT sanity check (score 1.000),True,variants/generated_mux_tree_4_original.blif,variants/generated_mux_tree_4_refactor.blif
generated_mux_tree_4,refactor,new_n14,1,new_n10,1.0,1.0,1.0,1.0,2,2,1,exact_anchor,1,1,64,1,8f68b906b51244d1,8f68b906b51244d1,3,3,2,2,exact anchor SAT sanity check (score 1.000),True,variants/generated_mux_tree_4_original.blif,variants/generated_mux_tree_4_refactor.blif
generated_mux_tree_4,refactor,new_n15,1,new_n15,1.0,1.0,1.0,1.0,3,3,1,exact_anchor,1,1,64,1,e9ac268d0275aa9d,e9ac268d0275aa9d,4,4,2,2,exact anchor SAT sanity check (score 1.000),True,variants/generated_mux_tree_4_original.blif,variants/generated_mux_tree_4_refactor.blif
generated_mux_tree_4,resub,new_n8,1,new_n11,1.0,1.0,1.0,1.0,1,1,1,exact_anchor,1,1,64,1,2455b2e21cffbcaf,2455b2e21cffbcaf,2,2,2,2,exact anchor SAT sanity check (score 1.000),True,variants/generated_mux_tree_4_original.blif,variants/generated_mux_tree_4_resub.blif
generated_mux_tree_4,resub,new_n9,1,new_n12,1.0,1.0,1.0,1.0,1,1,1,exact_anchor,1,1,64,1,4b45c41ec777f3f6,4b45c41ec777f3f6,2,2,2,2,exact anchor SAT sanity check (score 1.000),True,variants/generated_mux_tree_4_original.blif,variants/generated_mux_tree_4_resub.blif
generated_mux_tree_4,resub,new_n10,1,new_n13,1.0,1.0,1.0,1.0,2,2,1,exact_anchor,1,1,64,1,00dfc95dc7690665,00dfc95dc7690665,3,3,2,2,exact anchor SAT sanity check (score 1.000),True,variants/generated_mux_tree_4_original.blif,variants/generated_mux_tree_4_resub.blif
generated_mux_tree_4,resub,new_n11,1,new_n14,1.0,1.0,1.0,1.0,3,3,1,exact_anchor,1,1,64,1,25e2fb0ea8a6bd34,25e2fb0ea8a6bd34,4,4,2,2,exact anchor SAT sanity check (score 1.000),True,variants/generated_mux_tree_4_original.blif,variants/generated_mux_tree_4_resub.blif
generated_mux_tree_4,resub,new_n12,1,new_n8,1.0,1.0,1.0,1.0,1,1,1,exact_anchor,1,1,64,1,7f685327538796f0,7f685327538796f0,2,2,2,2,exact anchor SAT sanity check (score 1.000),True,variants/generated_mux_tree_4_original.blif,variants/generated_mux_tree_4_resub.blif
generated_mux_tree_4,resub,new_n13,1,new_n9,1.0,1.0,1.0,1.0,1,1,1,exact_anchor,1,1,64,1,bc1a959c4e22ae73,bc1a959c4e22ae73,2,2,2,2,exact anchor SAT sanity check (score 1.000),True,variants/generated_mux_tree_4_original.blif,variants/generated_mux_tree_4_resub.blif
generated_mux_tree_4,resub,new_n14,1,new_n10,1.0,1.0,1.0,1.0,2,2,1,exact_anchor,1,1,64,1,8f68b906b51244d1,8f68b906b51244d1,3,3,2,2,exact anchor SAT sanity check (score 1.000),True,variants/generated_mux_tree_4_original.blif,variants/generated_mux_tree_4_resub.blif
generated_mux_tree_4,resub,new_n15,1,new_n15,1.0,1.0,1.0,1.0,3,3,1,exact_anchor,1,1,64,1,e9ac268d0275aa9d,e9ac268d0275aa9d,4,4,2,2,exact anchor SAT sanity check (score 1.000),True,variants/generated_mux_tree_4_original.blif,variants/generated_mux_tree_4_resub.blif
generated_mux_tree_4,resyn,new_n11,1,new_n14,1.0,1.0,1.0,1.0,3,3,1,exact_anchor,1,1,64,1,25e2fb0ea8a6bd34,25e2fb0ea8a6bd34,4,4,2,2,exact anchor SAT sanity check (score 1.000),True,variants/generated_mux_tree_4_original.blif,variants/generated_mux_tree_4_resyn.blif
generated_mux_tree_4,resyn,new_n15,1,new_n15,1.0,1.0,1.0,1.0,3,3,1,exact_anchor,1,1,64,1,e9ac268d0275aa9d,e9ac268d0275aa9d,4,4,2,2,exact anchor SAT sanity check (score 1.000),True,variants/generated_mux_tree_4_original.blif,variants/generated_mux_tree_4_resyn.blif
generated_mux_tree_4,rewrite,new_n8,1,new_n11,1.0,1.0,1.0,1.0,1,1,1,exact_anchor,1,1,64,1,2455b2e21cffbcaf,2455b2e21cffbcaf,2,2,2,2,exact anchor SAT sanity check (score 1.000),True,variants/generated_mux_tree_4_original.blif,variants/generated_mux_tree_4_rewrite.blif
generated_mux_tree_4,rewrite,new_n9,1,new_n12,1.0,1.0,1.0,1.0,1,1,1,exact_anchor,1,1,64,1,4b45c41ec777f3f6,4b45c41ec777f3f6,2,2,2,2,exact anchor SAT sanity check (score 1.000),True,variants/generated_mux_tree_4_original.blif,variants/generated_mux_tree_4_rewrite.blif
generated_mux_tree_4,rewrite,new_n10,1,new_n13,1.0,1.0,1.0,1.0,2,2,1,exact_anchor,1,1,64,1,00dfc95dc7690665,00dfc95dc7690665,3,3,2,2,exact anchor SAT sanity check (score 1.000),True,variants/generated_mux_tree_4_original.blif,variants/generated_mux_tree_4_rewrite.blif
generated_mux_tree_4,rewrite,new_n11,1,new_n14,1.0,1.0,1.0,1.0,3,3,1,exact_anchor,1,1,64,1,25e2fb0ea8a6bd34,25e2fb0ea8a6bd34,4,4,2,2,exact anchor SAT sanity check (score 1.000),True,variants/generated_mux_tree_4_original.blif,variants/generated_mux_tree_4_rewrite.blif
generated_mux_tree_4,rewrite,new_n12,1,new_n8,1.0,1.0,1.0,1.0,1,1,1,exact_anchor,1,1,64,1,7f685327538796f0,7f685327538796f0,2,2,2,2,exact anchor SAT sanity check (score 1.000),True,variants/generated_mux_tree_4_original.blif,variants/generated_mux_tree_4_rewrite.blif
generated_mux_tree_4,rewrite,new_n13,1,new_n9,1.0,1.0,1.0,1.0,1,1,1,exact_anchor,1,1,64,1,bc1a959c4e22ae73,bc1a959c4e22ae73,2,2,2,2,exact anchor SAT sanity check (score 1.000),True,variants/generated_mux_tree_4_original.blif,variants/generated_mux_tree_4_rewrite.blif
generated_mux_tree_4,rewrite,new_n14,1,new_n10,1.0,1.0,1.0,1.0,2,2,1,exact_anchor,1,1,64,1,8f68b906b51244d1,8f68b906b51244d1,3,3,2,2,exact anchor SAT sanity check (score 1.000),True,variants/generated_mux_tree_4_original.blif,variants/generated_mux_tree_4_rewrite.blif
generated_mux_tree_4,rewrite,new_n15,1,new_n15,1.0,1.0,1.0,1.0,3,3,1,exact_anchor,1,1,64,1,e9ac268d0275aa9d,e9ac268d0275aa9d,4,4,2,2,exact anchor SAT sanity check (score 1.000),True,variants/generated_mux_tree_4_original.blif,variants/generated_mux_tree_4_rewrite.blif
generated_mux_tree_4,rewrite_z,new_n11,1,new_n14,1.0,1.0,1.0,1.0,3,3,1,exact_anchor,1,1,64,1,25e2fb0ea8a6bd34,25e2fb0ea8a6bd34,4,4,2,2,exact anchor SAT sanity check (score 1.000),True,variants/generated_mux_tree_4_original.blif,variants/generated_mux_tree_4_rewrite_z.blif
generated_mux_tree_4,rewrite_z,new_n15,1,new_n15,1.0,1.0,1.0,1.0,3,3,1,exact_anchor,1,1,64,1,e9ac268d0275aa9d,e9ac268d0275aa9d,4,4,2,2,exact anchor SAT sanity check (score 1.000),True,variants/generated_mux_tree_4_original.blif,variants/generated_mux_tree_4_rewrite_z.blif
generated_mux_tree_8,balance,new_n13,1,new_n25,1.0,1.0,1.0,1.0,1,1,1,exact_anchor,1,1,2048,1,bcec8d27dae1bda8,bcec8d27dae1bda8,2,2,2,2,exact anchor SAT sanity check (score 1.000),True,variants/generated_mux_tree_8_original.blif,variants/generated_mux_tree_8_balance.blif
generated_mux_tree_8,balance,new_n14,1,new_n26,1.0,1.0,1.0,1.0,1,1,1,exact_anchor,1,1,2048,1,a70488cd3926543d,a70488cd3926543d,2,2,2,2,exact anchor SAT sanity check (score 1.000),True,variants/generated_mux_tree_8_original.blif,variants/generated_mux_tree_8_balance.blif
generated_mux_tree_8,balance,new_n15,1,new_n27,1.0,1.0,1.0,1.0,2,2,1,exact_anchor,1,1,2048,1,329abfb8bc637d76,329abfb8bc637d76,3,3,2,2,exact anchor SAT sanity check (score 1.000),True,variants/generated_mux_tree_8_original.blif,variants/generated_mux_tree_8_balance.blif
generated_mux_tree_8,balance,new_n16,1,new_n28,1.0,1.0,1.0,1.0,3,3,1,exact_anchor,1,1,2048,1,cac72b849ca94ec0,cac72b849ca94ec0,4,4,2,2,exact anchor SAT sanity check (score 1.000),True,variants/generated_mux_tree_8_original.blif,variants/generated_mux_tree_8_balance.blif
generated_mux_tree_8,balance,new_n17,1,new_n22,1.0,1.0,1.0,1.0,1,1,1,exact_anchor,1,1,2048,1,cda9ad53de6fa27f,cda9ad53de6fa27f,2,2,2,2,exact anchor SAT sanity check (score 1.000),True,variants/generated_mux_tree_8_original.blif,variants/generated_mux_tree_8_balance.blif
generated_mux_tree_8,balance,new_n18,1,new_n23,1.0,1.0,1.0,1.0,1,1,1,exact_anchor,1,1,2048,1,db5aebce224ca2fa,db5aebce224ca2fa,2,2,2,2,exact anchor SAT sanity check (score 1.000),True,variants/generated_mux_tree_8_original.blif,variants/generated_mux_tree_8_balance.blif
generated_mux_tree_8,balance,new_n19,1,new_n24,1.0,1.0,1.0,1.0,2,2,1,exact_anchor,1,1,2048,1,44110bdaf643dd3a,44110bdaf643dd3a,3,3,2,2,exact anchor SAT sanity check (score 1.000),True,variants/generated_mux_tree_8_original.blif,variants/generated_mux_tree_8_balance.blif
generated_mux_tree_8,balance,new_n20,1,new_n29,1.0,1.0,1.0,1.0,3,3,1,exact_anchor,1,1,2048,1,ea1a6cf71f8f07dc,ea1a6cf71f8f07dc,4,4,2,2,exact anchor SAT sanity check (score 1.000),True,variants/generated_mux_tree_8_original.blif,variants/generated_mux_tree_8_balance.blif
generated_mux_tree_8,balance,new_n21,1,new_n30,1.0,1.0,1.0,1.0,4,4,1,exact_anchor,1,1,2048,1,c7e923bd88c00686,c7e923bd88c00686,6,6,2,2,exact anchor SAT sanity check (score 1.000),True,variants/generated_mux_tree_8_original.blif,variants/generated_mux_tree_8_balance.blif
generated_mux_tree_8,balance,new_n22,1,new_n31,1.0,1.0,1.0,1.0,5,5,1,exact_anchor,1,1,2048,1,de94aea152d15a80,de94aea152d15a80,7,7,2,2,exact anchor SAT sanity check (score 1.000),True,variants/generated_mux_tree_8_original.blif,variants/generated_mux_tree_8_balance.blif
generated_mux_tree_8,balance,new_n23,1,new_n16,1.0,1.0,1.0,1.0,1,1,1,exact_anchor,1,1,2048,1,49278cba14a5b9ed,49278cba14a5b9ed,2,2,2,2,exact anchor SAT sanity check (score 1.000),True,variants/generated_mux_tree_8_original.blif,variants/generated_mux_tree_8_balance.blif
generated_mux_tree_8,balance,new_n24,1,new_n17,1.0,1.0,1.0,1.0,1,1,1,exact_anchor,1,1,2048,1,b1e56d261d6a147d,b1e56d261d6a147d,2,2,2,2,exact anchor SAT sanity check (score 1.000),True,variants/generated_mux_tree_8_original.blif,variants/generated_mux_tree_8_balance.blif
generated_mux_tree_8,balance,new_n25,1,new_n18,1.0,1.0,1.0,1.0,2,2,1,exact_anchor,1,1,2048,1,40a935d7015b57ce,40a935d7015b57ce,3,3,2,2,exact anchor SAT sanity check (score 1.000),True,variants/generated_mux_tree_8_original.blif,variants/generated_mux_tree_8_balance.blif
generated_mux_tree_8,balance,new_n26,1,new_n19,1.0,1.0,1.0,1.0,3,3,1,exact_anchor,1,1,2048,1,fd5ada5fcf8f3e1b,fd5ada5fcf8f3e1b,4,4,2,2,exact anchor SAT sanity check (score 1.000),True,variants/generated_mux_tree_8_original.blif,variants/generated_mux_tree_8_balance.blif
generated_mux_tree_8,balance,new_n27,1,new_n13,1.0,1.0,1.0,1.0,1,1,1,exact_anchor,1,1,2048,1,b7d3e5262518f947,b7d3e5262518f947,2,2,2,2,exact anchor SAT sanity check (score 1.000),True,variants/generated_mux_tree_8_original.blif,variants/generated_mux_tree_8_balance.blif
generated_mux_tree_8,balance,new_n28,1,new_n14,1.0,1.0,1.0,1.0,1,1,1,exact_anchor,1,1,2048,1,d31de714146ad062,d31de714146ad062,2,2,2,2,exact anchor SAT sanity check (score 1.000),True,variants/generated_mux_tree_8_original.blif,variants/generated_mux_tree_8_balance.blif
generated_mux_tree_8,balance,new_n29,1,new_n15,1.0,1.0,1.0,1.0,2,2,1,exact_anchor,1,1,2048,1,d1531811a18819c5,d1531811a18819c5,3,3,2,2,exact anchor SAT sanity check (score 1.000),True,variants/generated_mux_tree_8_original.blif,variants/generated_mux_tree_8_balance.blif
generated_mux_tree_8,balance,new_n30,1,new_n20,1.0,1.0,1.0,1.0,3,3,1,exact_anchor,1,1,2048,1,13588cb079be1210,13588cb079be1210,4,4,2,2,exact anchor SAT sanity check (score 1.000),True,variants/generated_mux_tree_8_original.blif,variants/generated_mux_tree_8_balance.blif
generated_mux_tree_8,balance,new_n31,1,new_n21,1.0,1.0,1.0,1.0,4,4,1,exact_anchor,1,1,2048,1,7c2fbff04b487d76,7c2fbff04b487d76,6,6,2,2,exact anchor SAT sanity check (score 1.000),True,variants/generated_mux_tree_8_original.blif,variants/generated_mux_tree_8_balance.blif
generated_mux_tree_8,balance,new_n32,1,new_n32,1.0,1.0,1.0,1.0,5,5,1,exact_anchor,1,1,2048,1,3b97aebd578d17fa,3b97aebd578d17fa,7,7,2,2,exact anchor SAT sanity check (score 1.000),True,variants/generated_mux_tree_8_original.blif,variants/generated_mux_tree_8_balance.blif
generated_mux_tree_8,compress2rs,new_n13,1,new_n16,1.0,1.0,1.0,1.0,1,1,1,exact_anchor,1,1,2048,1,49278cba14a5b9ed,49278cba14a5b9ed,2,2,2,2,exact anchor SAT sanity check (score 1.000),True,variants/generated_mux_tree_8_original.blif,variants/generated_mux_tree_8_compress2rs.blif
generated_mux_tree_8,compress2rs,new_n14,1,new_n17,1.0,1.0,1.0,1.0,1,1,1,exact_anchor,1,1,2048,1,b1e56d261d6a147d,b1e56d261d6a147d,2,2,2,2,exact anchor SAT sanity check (score 1.000),True,variants/generated_mux_tree_8_original.blif,variants/generated_mux_tree_8_compress2rs.blif
generated_mux_tree_8,compress2rs,new_n17,1,new_n13,1.0,1.0,1.0,1.0,1,1,1,exact_anchor,1,1,2048,1,b7d3e5262518f947,b7d3e5262518f947,2,2,2,2,exact anchor SAT sanity check (score 1.000),True,variants/generated_mux_tree_8_original.blif,variants/generated_mux_tree_8_compress2rs.blif
generated_mux_tree_8,compress2rs,new_n18,1,new_n14,1.0,1.0,1.0,1.0,1,1,1,exact_anchor,1,1,2048,1,d31de714146ad062,d31de714146ad062,2,2,2,2,exact anchor SAT sanity check (score 1.000),True,variants/generated_mux_tree_8_original.blif,variants/generated_mux_tree_8_compress2rs.blif
generated_mux_tree_8,compress2rs,new_n23,1,new_n25,1.0,1.0,1.0,1.0,1,1,1,exact_anchor,1,1,2048,1,bcec8d27dae1bda8,bcec8d27dae1bda8,2,2,2,2,exact anchor SAT sanity check (score 1.000),True,variants/generated_mux_tree_8_original.blif,variants/generated_mux_tree_8_compress2rs.blif
generated_mux_tree_8,compress2rs,new_n24,1,new_n26,1.0,1.0,1.0,1.0,1,1,1,exact_anchor,1,1,2048,1,a70488cd3926543d,a70488cd3926543d,2,2,2,2,exact anchor SAT sanity check (score 1.000),True,variants/generated_mux_tree_8_original.blif,variants/generated_mux_tree_8_compress2rs.blif
generated_mux_tree_8,compress2rs,new_n27,1,new_n22,1.0,1.0,1.0,1.0,1,1,1,exact_anchor,1,1,2048,1,cda9ad53de6fa27f,cda9ad53de6fa27f,2,2,2,2,exact anchor SAT sanity check (score 1.000),True,variants/generated_mux_tree_8_original.blif,variants/generated_mux_tree_8_compress2rs.blif
generated_mux_tree_8,compress2rs,new_n28,1,new_n23,1.0,1.0,1.0,1.0,1,1,1,exact_anchor,1,1,2048,1,db5aebce224ca2fa,db5aebce224ca2fa,2,2,2,2,exact anchor SAT sanity check (score 1.000),True,variants/generated_mux_tree_8_original.blif,variants/generated_mux_tree_8_compress2rs.blif
generated_mux_tree_8,refactor,new_n13,1,new_n25,1.0,1.0,1.0,1.0,1,1,1,exact_anchor,1,1,2048,1,bcec8d27dae1bda8,bcec8d27dae1bda8,2,2,2,2,exact anchor SAT sanity check (score 1.000),True,variants/generated_mux_tree_8_original.blif,variants/generated_mux_tree_8_refactor.blif
generated_mux_tree_8,refactor,new_n14,1,new_n26,1.0,1.0,1.0,1.0,1,1,1,exact_anchor,1,1,2048,1,a70488cd3926543d,a70488cd3926543d,2,2,2,2,exact anchor SAT sanity check (score 1.000),True,variants/generated_mux_tree_8_original.blif,variants/generated_mux_tree_8_refactor.blif
generated_mux_tree_8,refactor,new_n15,1,new_n27,1.0,1.0,1.0,1.0,2,2,1,exact_anchor,1,1,2048,1,329abfb8bc637d76,329abfb8bc637d76,3,3,2,2,exact anchor SAT sanity check (score 1.000),True,variants/generated_mux_tree_8_original.blif,variants/generated_mux_tree_8_refactor.blif
generated_mux_tree_8,refactor,new_n16,1,new_n28,1.0,1.0,1.0,1.0,3,3,1,exact_anchor,1,1,2048,1,cac72b849ca94ec0,cac72b849ca94ec0,4,4,2,2,exact anchor SAT sanity check (score 1.000),True,variants/generated_mux_tree_8_original.blif,variants/generated_mux_tree_8_refactor.blif
generated_mux_tree_8,refactor,new_n17,1,new_n22,1.0,1.0,1.0,1.0,1,1,1,exact_anchor,1,1,2048,1,cda9ad53de6fa27f,cda9ad53de6fa27f,2,2,2,2,exact anchor SAT sanity check (score 1.000),True,variants/generated_mux_tree_8_original.blif,variants/generated_mux_tree_8_refactor.blif
generated_mux_tree_8,refactor,new_n18,1,new_n23,1.0,1.0,1.0,1.0,1,1,1,exact_anchor,1,1,2048,1,db5aebce224ca2fa,db5aebce224ca2fa,2,2,2,2,exact anchor SAT sanity check (score 1.000),True,variants/generated_mux_tree_8_original.blif,variants/generated_mux_tree_8_refactor.blif
generated_mux_tree_8,refactor,new_n19,1,new_n24,1.0,1.0,1.0,1.0,2,2,1,exact_anchor,1,1,2048,1,44110bdaf643dd3a,44110bdaf643dd3a,3,3,2,2,exact anchor SAT sanity check (score 1.000),True,variants/generated_mux_tree_8_original.blif,variants/generated_mux_tree_8_refactor.blif
generated_mux_tree_8,refactor,new_n20,1,new_n29,1.0,1.0,1.0,1.0,3,3,1,exact_anchor,1,1,2048,1,ea1a6cf71f8f07dc,ea1a6cf71f8f07dc,4,4,2,2,exact anchor SAT sanity check (score 1.000),True,variants/generated_mux_tree_8_original.blif,variants/generated_mux_tree_8_refactor.blif
generated_mux_tree_8,refactor,new_n21,1,new_n30,1.0,1.0,1.0,1.0,4,4,1,exact_anchor,1,1,2048,1,c7e923bd88c00686,c7e923bd88c00686,6,6,2,2,exact anchor SAT sanity check (score 1.000),True,variants/generated_mux_tree_8_original.blif,variants/generated_mux_tree_8_refactor.blif
generated_mux_tree_8,refactor,new_n22,1,new_n31,1.0,1.0,1.0,1.0,5,5,1,exact_anchor,1,1,2048,1,de94aea152d15a80,de94aea152d15a80,7,7,2,2,exact anchor SAT sanity check (score 1.000),True,variants/generated_mux_tree_8_original.blif,variants/generated_mux_tree_8_refactor.blif
generated_mux_tree_8,refactor,new_n23,1,new_n16,1.0,1.0,1.0,1.0,1,1,1,exact_anchor,1,1,2048,1,49278cba14a5b9ed,49278cba14a5b9ed,2,2,2,2,exact anchor SAT sanity check (score 1.000),True,variants/generated_mux_tree_8_original.blif,variants/generated_mux_tree_8_refactor.blif
generated_mux_tree_8,refactor,new_n24,1,new_n17,1.0,1.0,1.0,1.0,1,1,1,exact_anchor,1,1,2048,1,b1e56d261d6a147d,b1e56d261d6a147d,2,2,2,2,exact anchor SAT sanity check (score 1.000),True,variants/generated_mux_tree_8_original.blif,variants/generated_mux_tree_8_refactor.blif
generated_mux_tree_8,refactor,new_n25,1,new_n18,1.0,1.0,1.0,1.0,2,2,1,exact_anchor,1,1,2048,1,40a935d7015b57ce,40a935d7015b57ce,3,3,2,2,exact anchor SAT sanity check (score 1.000),True,variants/generated_mux_tree_8_original.blif,variants/generated_mux_tree_8_refactor.blif
generated_mux_tree_8,refactor,new_n26,1,new_n19,1.0,1.0,1.0,1.0,3,3,1,exact_anchor,1,1,2048,1,fd5ada5fcf8f3e1b,fd5ada5fcf8f3e1b,4,4,2,2,exact anchor SAT sanity check (score 1.000),True,variants/generated_mux_tree_8_original.blif,variants/generated_mux_tree_8_refactor.blif
generated_mux_tree_8,refactor,new_n27,1,new_n13,1.0,1.0,1.0,1.0,1,1,1,exact_anchor,1,1,2048,1,b7d3e5262518f947,b7d3e5262518f947,2,2,2,2,exact anchor SAT sanity check (score 1.000),True,variants/generated_mux_tree_8_original.blif,variants/generated_mux_tree_8_refactor.blif
generated_mux_tree_8,refactor,new_n28,1,new_n14,1.0,1.0,1.0,1.0,1,1,1,exact_anchor,1,1,2048,1,d31de714146ad062,d31de714146ad062,2,2,2,2,exact anchor SAT sanity check (score 1.000),True,variants/generated_mux_tree_8_original.blif,variants/generated_mux_tree_8_refactor.blif
generated_mux_tree_8,refactor,new_n29,1,new_n15,1.0,1.0,1.0,1.0,2,2,1,exact_anchor,1,1,2048,1,d1531811a18819c5,d1531811a18819c5,3,3,2,2,exact anchor SAT sanity check (score 1.000),True,variants/generated_mux_tree_8_original.blif,variants/generated_mux_tree_8_refactor.blif
generated_mux_tree_8,refactor,new_n30,1,new_n20,1.0,1.0,1.0,1.0,3,3,1,exact_anchor,1,1,2048,1,13588cb079be1210,13588cb079be1210,4,4,2,2,exact anchor SAT sanity check (score 1.000),True,variants/generated_mux_tree_8_original.blif,variants/generated_mux_tree_8_refactor.blif
generated_mux_tree_8,refactor,new_n31,1,new_n21,1.0,1.0,1.0,1.0,4,4,1,exact_anchor,1,1,2048,1,7c2fbff04b487d76,7c2fbff04b487d76,6,6,2,2,exact anchor SAT sanity check (score 1.000),True,variants/generated_mux_tree_8_original.blif,variants/generated_mux_tree_8_refactor.blif
generated_mux_tree_8,refactor,new_n32,1,new_n32,1.0,1.0,1.0,1.0,5,5,1,exact_anchor,1,1,2048,1,3b97aebd578d17fa,3b97aebd578d17fa,7,7,2,2,exact anchor SAT sanity check (score 1.000),True,variants/generated_mux_tree_8_original.blif,variants/generated_mux_tree_8_refactor.blif
generated_mux_tree_8,refactor_z,new_n13,1,new_n16,1.0,1.0,1.0,1.0,1,1,1,exact_anchor,1,1,2048,1,49278cba14a5b9ed,49278cba14a5b9ed,2,2,2,2,exact anchor SAT sanity check (score 1.000),True,variants/generated_mux_tree_8_original.blif,variants/generated_mux_tree_8_refactor_z.blif
generated_mux_tree_8,refactor_z,new_n14,1,new_n17,1.0,1.0,1.0,1.0,1,1,1,exact_anchor,1,1,2048,1,b1e56d261d6a147d,b1e56d261d6a147d,2,2,2,2,exact anchor SAT sanity check (score 1.000),True,variants/generated_mux_tree_8_original.blif,variants/generated_mux_tree_8_refactor_z.blif
generated_mux_tree_8,refactor_z,new_n15,1,new_n18,1.0,1.0,1.0,1.0,2,2,1,exact_anchor,1,1,2048,1,40a935d7015b57ce,40a935d7015b57ce,3,3,2,2,exact anchor SAT sanity check (score 1.000),True,variants/generated_mux_tree_8_original.blif,variants/generated_mux_tree_8_refactor_z.blif
generated_mux_tree_8,refactor_z,new_n17,1,new_n13,1.0,1.0,1.0,1.0,1,1,1,exact_anchor,1,1,2048,1,b7d3e5262518f947,b7d3e5262518f947,2,2,2,2,exact anchor SAT sanity check (score 1.000),True,variants/generated_mux_tree_8_original.blif,variants/generated_mux_tree_8_refactor_z.blif
generated_mux_tree_8,refactor_z,new_n18,1,new_n14,1.0,1.0,1.0,1.0,1,1,1,exact_anchor,1,1,2048,1,d31de714146ad062,d31de714146ad062,2,2,2,2,exact anchor SAT sanity check (score 1.000),True,variants/generated_mux_tree_8_original.blif,variants/generated_mux_tree_8_refactor_z.blif
generated_mux_tree_8,refactor_z,new_n19,1,new_n15,1.0,1.0,1.0,1.0,2,2,1,exact_anchor,1,1,2048,1,d1531811a18819c5,d1531811a18819c5,3,3,2,2,exact anchor SAT sanity check (score 1.000),True,variants/generated_mux_tree_8_original.blif,variants/generated_mux_tree_8_refactor_z.blif
generated_mux_tree_8,refactor_z,new_n23,1,new_n25,1.0,1.0,1.0,1.0,1,1,1,exact_anchor,1,1,2048,1,bcec8d27dae1bda8,bcec8d27dae1bda8,2,2,2,2,exact anchor SAT sanity check (score 1.000),True,variants/generated_mux_tree_8_original.blif,variants/generated_mux_tree_8_refactor_z.blif
generated_mux_tree_8,refactor_z,new_n24,1,new_n26,1.0,1.0,1.0,1.0,1,1,1,exact_anchor,1,1,2048,1,a70488cd3926543d,a70488cd3926543d,2,2,2,2,exact anchor SAT sanity check (score 1.000),True,variants/generated_mux_tree_8_original.blif,variants/generated_mux_tree_8_refactor_z.blif
generated_mux_tree_8,refactor_z,new_n25,1,new_n27,1.0,1.0,1.0,1.0,2,2,1,exact_anchor,1,1,2048,1,329abfb8bc637d76,329abfb8bc637d76,3,3,2,2,exact anchor SAT sanity check (score 1.000),True,variants/generated_mux_tree_8_original.blif,variants/generated_mux_tree_8_refactor_z.blif
generated_mux_tree_8,refactor_z,new_n27,1,new_n22,1.0,1.0,1.0,1.0,1,1,1,exact_anchor,1,1,2048,1,cda9ad53de6fa27f,cda9ad53de6fa27f,2,2,2,2,exact anchor SAT sanity check (score 1.000),True,variants/generated_mux_tree_8_original.blif,variants/generated_mux_tree_8_refactor_z.blif
generated_mux_tree_8,refactor_z,new_n28,1,new_n23,1.0,1.0,1.0,1.0,1,1,1,exact_anchor,1,1,2048,1,db5aebce224ca2fa,db5aebce224ca2fa,2,2,2,2,exact anchor SAT sanity check (score 1.000),True,variants/generated_mux_tree_8_original.blif,variants/generated_mux_tree_8_refactor_z.blif
generated_mux_tree_8,refactor_z,new_n29,1,new_n24,1.0,1.0,1.0,1.0,2,2,1,exact_anchor,1,1,2048,1,44110bdaf643dd3a,44110bdaf643dd3a,3,3,2,2,exact anchor SAT sanity check (score 1.000),True,variants/generated_mux_tree_8_original.blif,variants/generated_mux_tree_8_refactor_z.blif
generated_mux_tree_8,resub,new_n13,1,new_n25,1.0,1.0,1.0,1.0,1,1,1,exact_anchor,1,1,2048,1,bcec8d27dae1bda8,bcec8d27dae1bda8,2,2,2,2,exact anchor SAT sanity check (score 1.000),True,variants/generated_mux_tree_8_original.blif,variants/generated_mux_tree_8_resub.blif
generated_mux_tree_8,resub,new_n14,1,new_n26,1.0,1.0,1.0,1.0,1,1,1,exact_anchor,1,1,2048,1,a70488cd3926543d,a70488cd3926543d,2,2,2,2,exact anchor SAT sanity check (score 1.000),True,variants/generated_mux_tree_8_original.blif,variants/generated_mux_tree_8_resub.blif
generated_mux_tree_8,resub,new_n15,1,new_n27,1.0,1.0,1.0,1.0,2,2,1,exact_anchor,1,1,2048,1,329abfb8bc637d76,329abfb8bc637d76,3,3,2,2,exact anchor SAT sanity check (score 1.000),True,variants/generated_mux_tree_8_original.blif,variants/generated_mux_tree_8_resub.blif
generated_mux_tree_8,resub,new_n16,1,new_n28,1.0,1.0,1.0,1.0,3,3,1,exact_anchor,1,1,2048,1,cac72b849ca94ec0,cac72b849ca94ec0,4,4,2,2,exact anchor SAT sanity check (score 1.000),True,variants/generated_mux_tree_8_original.blif,variants/generated_mux_tree_8_resub.blif
generated_mux_tree_8,resub,new_n17,1,new_n22,1.0,1.0,1.0,1.0,1,1,1,exact_anchor,1,1,2048,1,cda9ad53de6fa27f,cda9ad53de6fa27f,2,2,2,2,exact anchor SAT sanity check (score 1.000),True,variants/generated_mux_tree_8_original.blif,variants/generated_mux_tree_8_resub.blif
generated_mux_tree_8,resub,new_n18,1,new_n23,1.0,1.0,1.0,1.0,1,1,1,exact_anchor,1,1,2048,1,db5aebce224ca2fa,db5aebce224ca2fa,2,2,2,2,exact anchor SAT sanity check (score 1.000),True,variants/generated_mux_tree_8_original.blif,variants/generated_mux_tree_8_resub.blif
generated_mux_tree_8,resub,new_n19,1,new_n24,1.0,1.0,1.0,1.0,2,2,1,exact_anchor,1,1,2048,1,44110bdaf643dd3a,44110bdaf643dd3a,3,3,2,2,exact anchor SAT sanity check (score 1.000),True,variants/generated_mux_tree_8_original.blif,variants/generated_mux_tree_8_resub.blif
generated_mux_tree_8,resub,new_n20,1,new_n29,1.0,1.0,1.0,1.0,3,3,1,exact_anchor,1,1,2048,1,ea1a6cf71f8f07dc,ea1a6cf71f8f07dc,4,4,2,2,exact anchor SAT sanity check (score 1.000),True,variants/generated_mux_tree_8_original.blif,variants/generated_mux_tree_8_resub.blif
generated_mux_tree_8,resub,new_n21,1,new_n30,1.0,1.0,1.0,1.0,4,4,1,exact_anchor,1,1,2048,1,c7e923bd88c00686,c7e923bd88c00686,6,6,2,2,exact anchor SAT sanity check (score 1.000),True,variants/generated_mux_tree_8_original.blif,variants/generated_mux_tree_8_resub.blif
generated_mux_tree_8,resub,new_n22,1,new_n31,1.0,1.0,1.0,1.0,5,5,1,exact_anchor,1,1,2048,1,de94aea152d15a80,de94aea152d15a80,7,7,2,2,exact anchor SAT sanity check (score 1.000),True,variants/generated_mux_tree_8_original.blif,variants/generated_mux_tree_8_resub.blif
generated_mux_tree_8,resub,new_n23,1,new_n16,1.0,1.0,1.0,1.0,1,1,1,exact_anchor,1,1,2048,1,49278cba14a5b9ed,49278cba14a5b9ed,2,2,2,2,exact anchor SAT sanity check (score 1.000),True,variants/generated_mux_tree_8_original.blif,variants/generated_mux_tree_8_resub.blif
generated_mux_tree_8,resub,new_n24,1,new_n17,1.0,1.0,1.0,1.0,1,1,1,exact_anchor,1,1,2048,1,b1e56d261d6a147d,b1e56d261d6a147d,2,2,2,2,exact anchor SAT sanity check (score 1.000),True,variants/generated_mux_tree_8_original.blif,variants/generated_mux_tree_8_resub.blif
generated_mux_tree_8,resub,new_n25,1,new_n18,1.0,1.0,1.0,1.0,2,2,1,exact_anchor,1,1,2048,1,40a935d7015b57ce,40a935d7015b57ce,3,3,2,2,exact anchor SAT sanity check (score 1.000),True,variants/generated_mux_tree_8_original.blif,variants/generated_mux_tree_8_resub.blif
generated_mux_tree_8,resub,new_n26,1,new_n19,1.0,1.0,1.0,1.0,3,3,1,exact_anchor,1,1,2048,1,fd5ada5fcf8f3e1b,fd5ada5fcf8f3e1b,4,4,2,2,exact anchor SAT sanity check (score 1.000),True,variants/generated_mux_tree_8_original.blif,variants/generated_mux_tree_8_resub.blif
generated_mux_tree_8,resub,new_n27,1,new_n13,1.0,1.0,1.0,1.0,1,1,1,exact_anchor,1,1,2048,1,b7d3e5262518f947,b7d3e5262518f947,2,2,2,2,exact anchor SAT sanity check (score 1.000),True,variants/generated_mux_tree_8_original.blif,variants/generated_mux_tree_8_resub.blif
generated_mux_tree_8,resub,new_n28,1,new_n14,1.0,1.0,1.0,1.0,1,1,1,exact_anchor,1,1,2048,1,d31de714146ad062,d31de714146ad062,2,2,2,2,exact anchor SAT sanity check (score 1.000),True,variants/generated_mux_tree_8_original.blif,variants/generated_mux_tree_8_resub.blif
generated_mux_tree_8,resub,new_n29,1,new_n15,1.0,1.0,1.0,1.0,2,2,1,exact_anchor,1,1,2048,1,d1531811a18819c5,d1531811a18819c5,3,3,2,2,exact anchor SAT sanity check (score 1.000),True,variants/generated_mux_tree_8_original.blif,variants/generated_mux_tree_8_resub.blif
generated_mux_tree_8,resub,new_n30,1,new_n20,1.0,1.0,1.0,1.0,3,3,1,exact_anchor,1,1,2048,1,13588cb079be1210,13588cb079be1210,4,4,2,2,exact anchor SAT sanity check (score 1.000),True,variants/generated_mux_tree_8_original.blif,variants/generated_mux_tree_8_resub.blif
generated_mux_tree_8,resub,new_n31,1,new_n21,1.0,1.0,1.0,1.0,4,4,1,exact_anchor,1,1,2048,1,7c2fbff04b487d76,7c2fbff04b487d76,6,6,2,2,exact anchor SAT sanity check (score 1.000),True,variants/generated_mux_tree_8_original.blif,variants/generated_mux_tree_8_resub.blif
generated_mux_tree_8,resub,new_n32,1,new_n32,1.0,1.0,1.0,1.0,5,5,1,exact_anchor,1,1,2048,1,3b97aebd578d17fa,3b97aebd578d17fa,7,7,2,2,exact anchor SAT sanity check (score 1.000),True,variants/generated_mux_tree_8_original.blif,variants/generated_mux_tree_8_resub.blif
generated_mux_tree_8,resyn,new_n16,1,new_n28,1.0,1.0,1.0,1.0,3,3,1,exact_anchor,1,1,2048,1,cac72b849ca94ec0,cac72b849ca94ec0,4,4,2,2,exact anchor SAT sanity check (score 1.000),True,variants/generated_mux_tree_8_original.blif,variants/generated_mux_tree_8_resyn.blif
generated_mux_tree_8,resyn,new_n20,1,new_n29,1.0,1.0,1.0,1.0,3,3,1,exact_anchor,1,1,2048,1,ea1a6cf71f8f07dc,ea1a6cf71f8f07dc,4,4,2,2,exact anchor SAT sanity check (score 1.000),True,variants/generated_mux_tree_8_original.blif,variants/generated_mux_tree_8_resyn.blif
generated_mux_tree_8,resyn,new_n21,1,new_n30,1.0,1.0,1.0,1.0,4,4,1,exact_anchor,1,1,2048,1,c7e923bd88c00686,c7e923bd88c00686,6,6,2,2,exact anchor SAT sanity check (score 1.000),True,variants/generated_mux_tree_8_original.blif,variants/generated_mux_tree_8_resyn.blif
generated_mux_tree_8,resyn,new_n22,1,new_n31,1.0,1.0,1.0,1.0,5,5,1,exact_anchor,1,1,2048,1,de94aea152d15a80,de94aea152d15a80,7,7,2,2,exact anchor SAT sanity check (score 1.000),True,variants/generated_mux_tree_8_original.blif,variants/generated_mux_tree_8_resyn.blif
generated_mux_tree_8,resyn,new_n26,1,new_n19,1.0,1.0,1.0,1.0,3,3,1,exact_anchor,1,1,2048,1,fd5ada5fcf8f3e1b,fd5ada5fcf8f3e1b,4,4,2,2,exact anchor SAT sanity check (score 1.000),True,variants/generated_mux_tree_8_original.blif,variants/generated_mux_tree_8_resyn.blif
generated_mux_tree_8,resyn,new_n30,1,new_n20,1.0,1.0,1.0,1.0,3,3,1,exact_anchor,1,1,2048,1,13588cb079be1210,13588cb079be1210,4,4,2,2,exact anchor SAT sanity check (score 1.000),True,variants/generated_mux_tree_8_original.blif,variants/generated_mux_tree_8_resyn.blif
generated_mux_tree_8,resyn,new_n31,1,new_n21,1.0,1.0,1.0,1.0,4,4,1,exact_anchor,1,1,2048,1,7c2fbff04b487d76,7c2fbff04b487d76,6,6,2,2,exact anchor SAT sanity check (score 1.000),True,variants/generated_mux_tree_8_original.blif,variants/generated_mux_tree_8_resyn.blif
generated_mux_tree_8,resyn,new_n32,1,new_n32,1.0,1.0,1.0,1.0,5,5,1,exact_anchor,1,1,2048,1,3b97aebd578d17fa,3b97aebd578d17fa,7,7,2,2,exact anchor SAT sanity check (score 1.000),True,variants/generated_mux_tree_8_original.blif,variants/generated_mux_tree_8_resyn.blif
generated_mux_tree_8,resyn2,new_n13,1,new_n16,1.0,1.0,1.0,1.0,1,1,1,exact_anchor,1,1,2048,1,49278cba14a5b9ed,49278cba14a5b9ed,2,2,2,2,exact anchor SAT sanity check (score 1.000),True,variants/generated_mux_tree_8_original.blif,variants/generated_mux_tree_8_resyn2.blif
generated_mux_tree_8,resyn2,new_n14,1,new_n17,1.0,1.0,1.0,1.0,1,1,1,exact_anchor,1,1,2048,1,b1e56d261d6a147d,b1e56d261d6a147d,2,2,2,2,exact anchor SAT sanity check (score 1.000),True,variants/generated_mux_tree_8_original.blif,variants/generated_mux_tree_8_resyn2.blif
generated_mux_tree_8,resyn2,new_n17,1,new_n13,1.0,1.0,1.0,1.0,1,1,1,exact_anchor,1,1,2048,1,b7d3e5262518f947,b7d3e5262518f947,2,2,2,2,exact anchor SAT sanity check (score 1.000),True,variants/generated_mux_tree_8_original.blif,variants/generated_mux_tree_8_resyn2.blif
generated_mux_tree_8,resyn2,new_n18,1,new_n14,1.0,1.0,1.0,1.0,1,1,1,exact_anchor,1,1,2048,1,d31de714146ad062,d31de714146ad062,2,2,2,2,exact anchor SAT sanity check (score 1.000),True,variants/generated_mux_tree_8_original.blif,variants/generated_mux_tree_8_resyn2.blif
generated_mux_tree_8,resyn2,new_n23,1,new_n25,1.0,1.0,1.0,1.0,1,1,1,exact_anchor,1,1,2048,1,bcec8d27dae1bda8,bcec8d27dae1bda8,2,2,2,2,exact anchor SAT sanity check (score 1.000),True,variants/generated_mux_tree_8_original.blif,variants/generated_mux_tree_8_resyn2.blif
generated_mux_tree_8,resyn2,new_n24,1,new_n26,1.0,1.0,1.0,1.0,1,1,1,exact_anchor,1,1,2048,1,a70488cd3926543d,a70488cd3926543d,2,2,2,2,exact anchor SAT sanity check (score 1.000),True,variants/generated_mux_tree_8_original.blif,variants/generated_mux_tree_8_resyn2.blif
generated_mux_tree_8,resyn2,new_n27,1,new_n22,1.0,1.0,1.0,1.0,1,1,1,exact_anchor,1,1,2048,1,cda9ad53de6fa27f,cda9ad53de6fa27f,2,2,2,2,exact anchor SAT sanity check (score 1.000),True,variants/generated_mux_tree_8_original.blif,variants/generated_mux_tree_8_resyn2.blif
generated_mux_tree_8,resyn2,new_n28,1,new_n23,1.0,1.0,1.0,1.0,1,1,1,exact_anchor,1,1,2048,1,db5aebce224ca2fa,db5aebce224ca2fa,2,2,2,2,exact anchor SAT sanity check (score 1.000),True,variants/generated_mux_tree_8_original.blif,variants/generated_mux_tree_8_resyn2.blif
generated_mux_tree_8,resyn2_like,new_n13,1,new_n16,1.0,1.0,1.0,1.0,1,1,1,exact_anchor,1,1,2048,1,49278cba14a5b9ed,49278cba14a5b9ed,2,2,2,2,exact anchor SAT sanity check (score 1.000),True,variants/generated_mux_tree_8_original.blif,variants/generated_mux_tree_8_resyn2_like.blif
generated_mux_tree_8,resyn2_like,new_n14,1,new_n17,1.0,1.0,1.0,1.0,1,1,1,exact_anchor,1,1,2048,1,b1e56d261d6a147d,b1e56d261d6a147d,2,2,2,2,exact anchor SAT sanity check (score 1.000),True,variants/generated_mux_tree_8_original.blif,variants/generated_mux_tree_8_resyn2_like.blif
generated_mux_tree_8,resyn2_like,new_n17,1,new_n13,1.0,1.0,1.0,1.0,1,1,1,exact_anchor,1,1,2048,1,b7d3e5262518f947,b7d3e5262518f947,2,2,2,2,exact anchor SAT sanity check (score 1.000),True,variants/generated_mux_tree_8_original.blif,variants/generated_mux_tree_8_resyn2_like.blif
generated_mux_tree_8,resyn2_like,new_n18,1,new_n14,1.0,1.0,1.0,1.0,1,1,1,exact_anchor,1,1,2048,1,d31de714146ad062,d31de714146ad062,2,2,2,2,exact anchor SAT sanity check (score 1.000),True,variants/generated_mux_tree_8_original.blif,variants/generated_mux_tree_8_resyn2_like.blif
generated_mux_tree_8,resyn2_like,new_n23,1,new_n25,1.0,1.0,1.0,1.0,1,1,1,exact_anchor,1,1,2048,1,bcec8d27dae1bda8,bcec8d27dae1bda8,2,2,2,2,exact anchor SAT sanity check (score 1.000),True,variants/generated_mux_tree_8_original.blif,variants/generated_mux_tree_8_resyn2_like.blif
generated_mux_tree_8,resyn2_like,new_n24,1,new_n26,1.0,1.0,1.0,1.0,1,1,1,exact_anchor,1,1,2048,1,a70488cd3926543d,a70488cd3926543d,2,2,2,2,exact anchor SAT sanity check (score 1.000),True,variants/generated_mux_tree_8_original.blif,variants/generated_mux_tree_8_resyn2_like.blif
generated_mux_tree_8,resyn2_like,new_n27,1,new_n22,1.0,1.0,1.0,1.0,1,1,1,exact_anchor,1,1,2048,1,cda9ad53de6fa27f,cda9ad53de6fa27f,2,2,2,2,exact anchor SAT sanity check (score 1.000),True,variants/generated_mux_tree_8_original.blif,variants/generated_mux_tree_8_resyn2_like.blif
generated_mux_tree_8,resyn2_like,new_n28,1,new_n23,1.0,1.0,1.0,1.0,1,1,1,exact_anchor,1,1,2048,1,db5aebce224ca2fa,db5aebce224ca2fa,2,2,2,2,exact anchor SAT sanity check (score 1.000),True,variants/generated_mux_tree_8_original.blif,variants/generated_mux_tree_8_resyn2_like.blif
generated_mux_tree_8,rewrite,new_n13,1,new_n25,1.0,1.0,1.0,1.0,1,1,1,exact_anchor,1,1,2048,1,bcec8d27dae1bda8,bcec8d27dae1bda8,2,2,2,2,exact anchor SAT sanity check (score 1.000),True,variants/generated_mux_tree_8_original.blif,variants/generated_mux_tree_8_rewrite.blif
generated_mux_tree_8,rewrite,new_n14,1,new_n26,1.0,1.0,1.0,1.0,1,1,1,exact_anchor,1,1,2048,1,a70488cd3926543d,a70488cd3926543d,2,2,2,2,exact anchor SAT sanity check (score 1.000),True,variants/generated_mux_tree_8_original.blif,variants/generated_mux_tree_8_rewrite.blif
generated_mux_tree_8,rewrite,new_n15,1,new_n27,1.0,1.0,1.0,1.0,2,2,1,exact_anchor,1,1,2048,1,329abfb8bc637d76,329abfb8bc637d76,3,3,2,2,exact anchor SAT sanity check (score 1.000),True,variants/generated_mux_tree_8_original.blif,variants/generated_mux_tree_8_rewrite.blif
generated_mux_tree_8,rewrite,new_n16,1,new_n28,1.0,1.0,1.0,1.0,3,3,1,exact_anchor,1,1,2048,1,cac72b849ca94ec0,cac72b849ca94ec0,4,4,2,2,exact anchor SAT sanity check (score 1.000),True,variants/generated_mux_tree_8_original.blif,variants/generated_mux_tree_8_rewrite.blif
generated_mux_tree_8,rewrite,new_n17,1,new_n22,1.0,1.0,1.0,1.0,1,1,1,exact_anchor,1,1,2048,1,cda9ad53de6fa27f,cda9ad53de6fa27f,2,2,2,2,exact anchor SAT sanity check (score 1.000),True,variants/generated_mux_tree_8_original.blif,variants/generated_mux_tree_8_rewrite.blif
generated_mux_tree_8,rewrite,new_n18,1,new_n23,1.0,1.0,1.0,1.0,1,1,1,exact_anchor,1,1,2048,1,db5aebce224ca2fa,db5aebce224ca2fa,2,2,2,2,exact anchor SAT sanity check (score 1.000),True,variants/generated_mux_tree_8_original.blif,variants/generated_mux_tree_8_rewrite.blif
generated_mux_tree_8,rewrite,new_n19,1,new_n24,1.0,1.0,1.0,1.0,2,2,1,exact_anchor,1,1,2048,1,44110bdaf643dd3a,44110bdaf643dd3a,3,3,2,2,exact anchor SAT sanity check (score 1.000),True,variants/generated_mux_tree_8_original.blif,variants/generated_mux_tree_8_rewrite.blif
generated_mux_tree_8,rewrite,new_n20,1,new_n29,1.0,1.0,1.0,1.0,3,3,1,exact_anchor,1,1,2048,1,ea1a6cf71f8f07dc,ea1a6cf71f8f07dc,4,4,2,2,exact anchor SAT sanity check (score 1.000),True,variants/generated_mux_tree_8_original.blif,variants/generated_mux_tree_8_rewrite.blif
generated_mux_tree_8,rewrite,new_n21,1,new_n30,1.0,1.0,1.0,1.0,4,4,1,exact_anchor,1,1,2048,1,c7e923bd88c00686,c7e923bd88c00686,6,6,2,2,exact anchor SAT sanity check (score 1.000),True,variants/generated_mux_tree_8_original.blif,variants/generated_mux_tree_8_rewrite.blif
generated_mux_tree_8,rewrite,new_n22,1,new_n31,1.0,1.0,1.0,1.0,5,5,1,exact_anchor,1,1,2048,1,de94aea152d15a80,de94aea152d15a80,7,7,2,2,exact anchor SAT sanity check (score 1.000),True,variants/generated_mux_tree_8_original.blif,variants/generated_mux_tree_8_rewrite.blif
generated_mux_tree_8,rewrite,new_n23,1,new_n16,1.0,1.0,1.0,1.0,1,1,1,exact_anchor,1,1,2048,1,49278cba14a5b9ed,49278cba14a5b9ed,2,2,2,2,exact anchor SAT sanity check (score 1.000),True,variants/generated_mux_tree_8_original.blif,variants/generated_mux_tree_8_rewrite.blif
generated_mux_tree_8,rewrite,new_n24,1,new_n17,1.0,1.0,1.0,1.0,1,1,1,exact_anchor,1,1,2048,1,b1e56d261d6a147d,b1e56d261d6a147d,2,2,2,2,exact anchor SAT sanity check (score 1.000),True,variants/generated_mux_tree_8_original.blif,variants/generated_mux_tree_8_rewrite.blif
generated_mux_tree_8,rewrite,new_n25,1,new_n18,1.0,1.0,1.0,1.0,2,2,1,exact_anchor,1,1,2048,1,40a935d7015b57ce,40a935d7015b57ce,3,3,2,2,exact anchor SAT sanity check (score 1.000),True,variants/generated_mux_tree_8_original.blif,variants/generated_mux_tree_8_rewrite.blif
generated_mux_tree_8,rewrite,new_n26,1,new_n19,1.0,1.0,1.0,1.0,3,3,1,exact_anchor,1,1,2048,1,fd5ada5fcf8f3e1b,fd5ada5fcf8f3e1b,4,4,2,2,exact anchor SAT sanity check (score 1.000),True,variants/generated_mux_tree_8_original.blif,variants/generated_mux_tree_8_rewrite.blif
generated_mux_tree_8,rewrite,new_n27,1,new_n13,1.0,1.0,1.0,1.0,1,1,1,exact_anchor,1,1,2048,1,b7d3e5262518f947,b7d3e5262518f947,2,2,2,2,exact anchor SAT sanity check (score 1.000),True,variants/generated_mux_tree_8_original.blif,variants/generated_mux_tree_8_rewrite.blif
generated_mux_tree_8,rewrite,new_n28,1,new_n14,1.0,1.0,1.0,1.0,1,1,1,exact_anchor,1,1,2048,1,d31de714146ad062,d31de714146ad062,2,2,2,2,exact anchor SAT sanity check (score 1.000),True,variants/generated_mux_tree_8_original.blif,variants/generated_mux_tree_8_rewrite.blif
generated_mux_tree_8,rewrite,new_n29,1,new_n15,1.0,1.0,1.0,1.0,2,2,1,exact_anchor,1,1,2048,1,d1531811a18819c5,d1531811a18819c5,3,3,2,2,exact anchor SAT sanity check (score 1.000),True,variants/generated_mux_tree_8_original.blif,variants/generated_mux_tree_8_rewrite.blif
generated_mux_tree_8,rewrite,new_n30,1,new_n20,1.0,1.0,1.0,1.0,3,3,1,exact_anchor,1,1,2048,1,13588cb079be1210,13588cb079be1210,4,4,2,2,exact anchor SAT sanity check (score 1.000),True,variants/generated_mux_tree_8_original.blif,variants/generated_mux_tree_8_rewrite.blif
generated_mux_tree_8,rewrite,new_n31,1,new_n21,1.0,1.0,1.0,1.0,4,4,1,exact_anchor,1,1,2048,1,7c2fbff04b487d76,7c2fbff04b487d76,6,6,2,2,exact anchor SAT sanity check (score 1.000),True,variants/generated_mux_tree_8_original.blif,variants/generated_mux_tree_8_rewrite.blif
generated_mux_tree_8,rewrite,new_n32,1,new_n32,1.0,1.0,1.0,1.0,5,5,1,exact_anchor,1,1,2048,1,3b97aebd578d17fa,3b97aebd578d17fa,7,7,2,2,exact anchor SAT sanity check (score 1.000),True,variants/generated_mux_tree_8_original.blif,variants/generated_mux_tree_8_rewrite.blif
generated_mux_tree_8,rewrite_z,new_n16,1,new_n28,1.0,1.0,1.0,1.0,3,3,1,exact_anchor,1,1,2048,1,cac72b849ca94ec0,cac72b849ca94ec0,4,4,2,2,exact anchor SAT sanity check (score 1.000),True,variants/generated_mux_tree_8_original.blif,variants/generated_mux_tree_8_rewrite_z.blif
generated_mux_tree_8,rewrite_z,new_n20,1,new_n29,1.0,1.0,1.0,1.0,3,3,1,exact_anchor,1,1,2048,1,ea1a6cf71f8f07dc,ea1a6cf71f8f07dc,4,4,2,2,exact anchor SAT sanity check (score 1.000),True,variants/generated_mux_tree_8_original.blif,variants/generated_mux_tree_8_rewrite_z.blif
generated_mux_tree_8,rewrite_z,new_n21,1,new_n30,1.0,1.0,1.0,1.0,4,4,1,exact_anchor,1,1,2048,1,c7e923bd88c00686,c7e923bd88c00686,6,6,2,2,exact anchor SAT sanity check (score 1.000),True,variants/generated_mux_tree_8_original.blif,variants/generated_mux_tree_8_rewrite_z.blif
generated_mux_tree_8,rewrite_z,new_n22,1,new_n31,1.0,1.0,1.0,1.0,5,5,1,exact_anchor,1,1,2048,1,de94aea152d15a80,de94aea152d15a80,7,7,2,2,exact anchor SAT sanity check (score 1.000),True,variants/generated_mux_tree_8_original.blif,variants/generated_mux_tree_8_rewrite_z.blif
generated_mux_tree_8,rewrite_z,new_n26,1,new_n19,1.0,1.0,1.0,1.0,3,3,1,exact_anchor,1,1,2048,1,fd5ada5fcf8f3e1b,fd5ada5fcf8f3e1b,4,4,2,2,exact anchor SAT sanity check (score 1.000),True,variants/generated_mux_tree_8_original.blif,variants/generated_mux_tree_8_rewrite_z.blif
generated_mux_tree_8,rewrite_z,new_n30,1,new_n20,1.0,1.0,1.0,1.0,3,3,1,exact_anchor,1,1,2048,1,13588cb079be1210,13588cb079be1210,4,4,2,2,exact anchor SAT sanity check (score 1.000),True,variants/generated_mux_tree_8_original.blif,variants/generated_mux_tree_8_rewrite_z.blif
generated_mux_tree_8,rewrite_z,new_n31,1,new_n21,1.0,1.0,1.0,1.0,4,4,1,exact_anchor,1,1,2048,1,7c2fbff04b487d76,7c2fbff04b487d76,6,6,2,2,exact anchor SAT sanity check (score 1.000),True,variants/generated_mux_tree_8_original.blif,variants/generated_mux_tree_8_rewrite_z.blif
generated_mux_tree_8,rewrite_z,new_n32,1,new_n32,1.0,1.0,1.0,1.0,5,5,1,exact_anchor,1,1,2048,1,3b97aebd578d17fa,3b97aebd578d17fa,7,7,2,2,exact anchor SAT sanity check (score 1.000),True,variants/generated_mux_tree_8_original.blif,variants/generated_mux_tree_8_rewrite_z.blif
generated_random_medium,balance,new_n21,1,new_n21,1.0,1.0,1.0,1.0,1,1,1,exact_anchor,1,0,4096,0,f98d621975874f63,f98d621975874f63,2,2,2,2,exact anchor SAT sanity check (score 1.000),True,variants/generated_random_medium_original.blif,variants/generated_random_medium_balance.blif
generated_random_medium,balance,new_n22,1,new_n22,1.0,1.0,1.0,1.0,1,1,1,exact_anchor,1,0,4096,0,b3d822fd68e8f017,b3d822fd68e8f017,2,2,2,2,exact anchor SAT sanity check (score 1.000),True,variants/generated_random_medium_original.blif,variants/generated_random_medium_balance.blif
generated_random_medium,balance,new_n23,1,new_n23,1.0,1.0,1.0,1.0,1,1,1,exact_anchor,1,0,4096,0,6fe6eac4bded0657,6fe6eac4bded0657,2,2,2,2,exact anchor SAT sanity check (score 1.000),True,variants/generated_random_medium_original.blif,variants/generated_random_medium_balance.blif
generated_random_medium,balance,new_n24,1,new_n24,1.0,1.0,1.0,1.0,2,2,1,exact_anchor,1,0,4096,0,0268d28c4d8fa573,0268d28c4d8fa573,2,2,2,2,exact anchor SAT sanity check (score 1.000),True,variants/generated_random_medium_original.blif,variants/generated_random_medium_balance.blif
generated_random_medium,balance,new_n25,1,new_n25,1.0,1.0,1.0,1.0,1,1,1,exact_anchor,1,0,4096,0,ed431b3f9bcdd1b4,ed431b3f9bcdd1b4,2,2,2,2,exact anchor SAT sanity check (score 1.000),True,variants/generated_random_medium_original.blif,variants/generated_random_medium_balance.blif
generated_random_medium,balance,new_n26,1,new_n26,1.0,1.0,1.0,1.0,2,2,1,exact_anchor,1,0,4096,0,de5dfc7a13032769,de5dfc7a13032769,3,3,2,2,exact anchor SAT sanity check (score 1.000),True,variants/generated_random_medium_original.blif,variants/generated_random_medium_balance.blif
generated_random_medium,balance,new_n27,1,new_n27,1.0,1.0,1.0,1.0,2,2,1,exact_anchor,1,0,4096,0,74520eefede2cbb9,74520eefede2cbb9,3,3,2,2,exact anchor SAT sanity check (score 1.000),True,variants/generated_random_medium_original.blif,variants/generated_random_medium_balance.blif
generated_random_medium,balance,new_n28,1,new_n28,1.0,1.0,1.0,1.0,3,3,1,exact_anchor,1,0,4096,0,6ed563e96bc9a170,6ed563e96bc9a170,3,3,2,2,exact anchor SAT sanity check (score 1.000),True,variants/generated_random_medium_original.blif,variants/generated_random_medium_balance.blif
generated_random_medium,balance,new_n29,1,new_n29,1.0,1.0,1.0,1.0,4,4,1,exact_anchor,1,0,4096,0,127faa4e04c9cb48,127faa4e04c9cb48,5,5,2,2,exact anchor SAT sanity check (score 1.000),True,variants/generated_random_medium_original.blif,variants/generated_random_medium_balance.blif
generated_random_medium,balance,new_n30,1,new_n30,1.0,1.0,1.0,1.0,5,5,1,exact_anchor,1,0,4096,0,5e6696e5386046a5,5e6696e5386046a5,7,7,2,2,exact anchor SAT sanity check (score 1.000),True,variants/generated_random_medium_original.blif,variants/generated_random_medium_balance.blif
generated_random_medium,balance,new_n31,1,new_n31,1.0,1.0,1.0,1.0,5,5,1,exact_anchor,1,0,4096,0,2b0500c2d2a4cb06,2b0500c2d2a4cb06,7,7,2,2,exact anchor SAT sanity check (score 1.000),True,variants/generated_random_medium_original.blif,variants/generated_random_medium_balance.blif
generated_random_medium,balance,new_n34,1,new_n34,1.0,1.0,1.0,1.0,2,2,1,exact_anchor,1,0,4096,0,d642897a64f06d30,d642897a64f06d30,3,3,2,2,exact anchor SAT sanity check (score 1.000),True,variants/generated_random_medium_original.blif,variants/generated_random_medium_balance.blif
generated_random_medium,balance,new_n35,1,new_n35,1.0,1.0,1.0,1.0,2,2,1,exact_anchor,1,0,4096,0,c5f808c149bc7f57,c5f808c149bc7f57,3,3,2,2,exact anchor SAT sanity check (score 1.000),True,variants/generated_random_medium_original.blif,variants/generated_random_medium_balance.blif
generated_random_medium,balance,new_n36,1,new_n36,1.0,1.0,1.0,1.0,3,3,1,exact_anchor,1,0,4096,0,07617d4b66e5ee41,07617d4b66e5ee41,3,3,2,2,exact anchor SAT sanity check (score 1.000),True,variants/generated_random_medium_original.blif,variants/generated_random_medium_balance.blif
generated_random_medium,balance,new_n37,1,new_n37,1.0,1.0,1.0,1.0,4,4,1,exact_anchor,1,0,4096,0,77c36b9be8b524bf,77c36b9be8b524bf,4,4,2,2,exact anchor SAT sanity check (score 1.000),True,variants/generated_random_medium_original.blif,variants/generated_random_medium_balance.blif
generated_random_medium,balance,new_n38,1,new_n38,1.0,1.0,1.0,1.0,4,4,1,exact_anchor,1,0,4096,0,de9c1ee772213925,de9c1ee772213925,4,4,2,2,exact anchor SAT sanity check (score 1.000),True,variants/generated_random_medium_original.blif,variants/generated_random_medium_balance.blif
generated_random_medium,balance,new_n40,1,new_n40,1.0,1.0,1.0,1.0,1,1,1,exact_anchor,1,0,4096,0,c60f3c912edfdfc1,c60f3c912edfdfc1,2,2,2,2,exact anchor SAT sanity check (score 1.000),True,variants/generated_random_medium_original.blif,variants/generated_random_medium_balance.blif
generated_random_medium,compress2rs,new_n21,1,new_n21,1.0,1.0,1.0,1.0,1,1,1,exact_anchor,1,0,4096,0,f98d621975874f63,f98d621975874f63,2,2,2,2,exact anchor SAT sanity check (score 1.000),True,variants/generated_random_medium_original.blif,variants/generated_random_medium_compress2rs.blif
generated_random_medium,compress2rs,new_n24,1,new_n25,1.0,1.0,1.0,1.0,1,1,1,exact_anchor,1,0,4096,0,ed431b3f9bcdd1b4,ed431b3f9bcdd1b4,2,2,2,2,exact anchor SAT sanity check (score 1.000),True,variants/generated_random_medium_original.blif,variants/generated_random_medium_compress2rs.blif
generated_random_medium,compress2rs,new_n29,1,new_n29,1.0,1.0,1.0,1.0,4,4,1,exact_anchor,1,0,4096,0,127faa4e04c9cb48,127faa4e04c9cb48,5,5,2,2,exact anchor SAT sanity check (score 1.000),True,variants/generated_random_medium_original.blif,variants/generated_random_medium_compress2rs.blif
generated_random_medium,compress2rs,new_n30,1,new_n30,1.0,1.0,1.0,1.0,5,5,1,exact_anchor,1,0,4096,0,5e6696e5386046a5,5e6696e5386046a5,7,7,2,2,exact anchor SAT sanity check (score 1.000),True,variants/generated_random_medium_original.blif,variants/generated_random_medium_compress2rs.blif
generated_random_medium,compress2rs,new_n31,1,new_n31,1.0,1.0,1.0,1.0,5,5,1,exact_anchor,1,0,4096,0,2b0500c2d2a4cb06,2b0500c2d2a4cb06,7,7,2,2,exact anchor SAT sanity check (score 1.000),True,variants/generated_random_medium_original.blif,variants/generated_random_medium_compress2rs.blif
generated_random_medium,compress2rs,new_n40,1,new_n40,1.0,1.0,1.0,1.0,1,1,1,exact_anchor,1,0,4096,0,c60f3c912edfdfc1,c60f3c912edfdfc1,2,2,2,2,exact anchor SAT sanity check (score 1.000),True,variants/generated_random_medium_original.blif,variants/generated_random_medium_compress2rs.blif
generated_random_medium,dc2,new_n21,1,new_n21,1.0,1.0,1.0,1.0,1,1,1,exact_anchor,1,0,4096,0,f98d621975874f63,f98d621975874f63,2,2,2,2,exact anchor SAT sanity check (score 1.000),True,variants/generated_random_medium_original.blif,variants/generated_random_medium_dc2.blif
generated_random_medium,dc2,new_n22,1,new_n25,1.0,1.0,1.0,1.0,1,1,1,exact_anchor,1,0,4096,0,ed431b3f9bcdd1b4,ed431b3f9bcdd1b4,2,2,2,2,exact anchor SAT sanity check (score 1.000),True,variants/generated_random_medium_original.blif,variants/generated_random_medium_dc2.blif
generated_random_medium,dc2,new_n23,1,new_n27,1.0,1.0,1.0,1.0,2,2,1,exact_anchor,1,0,4096,0,74520eefede2cbb9,74520eefede2cbb9,3,3,2,2,exact anchor SAT sanity check (score 1.000),True,variants/generated_random_medium_original.blif,variants/generated_random_medium_dc2.blif
generated_random_medium,dc2,new_n24,1,new_n26,1.0,1.0,1.0,1.0,2,2,1,exact_anchor,1,0,4096,0,de5dfc7a13032769,de5dfc7a13032769,3,3,2,2,exact anchor SAT sanity check (score 1.000),True,variants/generated_random_medium_original.blif,variants/generated_random_medium_dc2.blif
generated_random_medium,dc2,new_n25,1,new_n28,1.0,1.0,1.0,1.0,3,3,1,exact_anchor,1,0,4096,0,6ed563e96bc9a170,6ed563e96bc9a170,3,3,2,2,exact anchor SAT sanity check (score 1.000),True,variants/generated_random_medium_original.blif,variants/generated_random_medium_dc2.blif
generated_random_medium,dc2,new_n29,1,new_n29,1.0,1.0,1.0,1.0,4,4,1,exact_anchor,1,0,4096,0,127faa4e04c9cb48,127faa4e04c9cb48,5,5,2,2,exact anchor SAT sanity check (score 1.000),True,variants/generated_random_medium_original.blif,variants/generated_random_medium_dc2.blif
generated_random_medium,dc2,new_n30,1,new_n31,1.0,1.0,1.0,1.0,5,5,1,exact_anchor,1,0,4096,0,2b0500c2d2a4cb06,2b0500c2d2a4cb06,7,7,2,2,exact anchor SAT sanity check (score 1.000),True,variants/generated_random_medium_original.blif,variants/generated_random_medium_dc2.blif
generated_random_medium,dc2,new_n31,1,new_n30,1.0,1.0,1.0,1.0,5,5,1,exact_anchor,1,0,4096,0,5e6696e5386046a5,5e6696e5386046a5,7,7,2,2,exact anchor SAT sanity check (score 1.000),True,variants/generated_random_medium_original.blif,variants/generated_random_medium_dc2.blif
generated_random_medium,dc2,new_n40,1,new_n40,1.0,1.0,1.0,1.0,1,1,1,exact_anchor,1,0,4096,0,c60f3c912edfdfc1,c60f3c912edfdfc1,2,2,2,2,exact anchor SAT sanity check (score 1.000),True,variants/generated_random_medium_original.blif,variants/generated_random_medium_dc2.blif
generated_random_medium,refactor,new_n21,1,new_n21,1.0,1.0,1.0,1.0,1,1,1,exact_anchor,1,0,4096,0,f98d621975874f63,f98d621975874f63,2,2,2,2,exact anchor SAT sanity check (score 1.000),True,variants/generated_random_medium_original.blif,variants/generated_random_medium_refactor.blif
generated_random_medium,refactor,new_n22,1,new_n22,1.0,1.0,1.0,1.0,1,1,1,exact_anchor,1,0,4096,0,b3d822fd68e8f017,b3d822fd68e8f017,2,2,2,2,exact anchor SAT sanity check (score 1.000),True,variants/generated_random_medium_original.blif,variants/generated_random_medium_refactor.blif
generated_random_medium,refactor,new_n23,1,new_n23,1.0,1.0,1.0,1.0,1,1,1,exact_anchor,1,0,4096,0,6fe6eac4bded0657,6fe6eac4bded0657,2,2,2,2,exact anchor SAT sanity check (score 1.000),True,variants/generated_random_medium_original.blif,variants/generated_random_medium_refactor.blif
generated_random_medium,refactor,new_n24,1,new_n24,1.0,1.0,1.0,1.0,2,2,1,exact_anchor,1,0,4096,0,0268d28c4d8fa573,0268d28c4d8fa573,2,2,2,2,exact anchor SAT sanity check (score 1.000),True,variants/generated_random_medium_original.blif,variants/generated_random_medium_refactor.blif
generated_random_medium,refactor,new_n25,1,new_n25,1.0,1.0,1.0,1.0,1,1,1,exact_anchor,1,0,4096,0,ed431b3f9bcdd1b4,ed431b3f9bcdd1b4,2,2,2,2,exact anchor SAT sanity check (score 1.000),True,variants/generated_random_medium_original.blif,variants/generated_random_medium_refactor.blif
generated_random_medium,refactor,new_n26,1,new_n26,1.0,1.0,1.0,1.0,2,2,1,exact_anchor,1,0,4096,0,de5dfc7a13032769,de5dfc7a13032769,3,3,2,2,exact anchor SAT sanity check (score 1.000),True,variants/generated_random_medium_original.blif,variants/generated_random_medium_refactor.blif
generated_random_medium,refactor,new_n27,1,new_n27,1.0,1.0,1.0,1.0,2,2,1,exact_anchor,1,0,4096,0,74520eefede2cbb9,74520eefede2cbb9,3,3,2,2,exact anchor SAT sanity check (score 1.000),True,variants/generated_random_medium_original.blif,variants/generated_random_medium_refactor.blif
generated_random_medium,refactor,new_n28,1,new_n28,1.0,1.0,1.0,1.0,3,3,1,exact_anchor,1,0,4096,0,6ed563e96bc9a170,6ed563e96bc9a170,3,3,2,2,exact anchor SAT sanity check (score 1.000),True,variants/generated_random_medium_original.blif,variants/generated_random_medium_refactor.blif
generated_random_medium,refactor,new_n29,1,new_n29,1.0,1.0,1.0,1.0,4,4,1,exact_anchor,1,0,4096,0,127faa4e04c9cb48,127faa4e04c9cb48,5,5,2,2,exact anchor SAT sanity check (score 1.000),True,variants/generated_random_medium_original.blif,variants/generated_random_medium_refactor.blif
generated_random_medium,refactor,new_n30,1,new_n30,1.0,1.0,1.0,1.0,5,5,1,exact_anchor,1,0,4096,0,5e6696e5386046a5,5e6696e5386046a5,7,7,2,2,exact anchor SAT sanity check (score 1.000),True,variants/generated_random_medium_original.blif,variants/generated_random_medium_refactor.blif
generated_random_medium,refactor,new_n31,1,new_n31,1.0,1.0,1.0,1.0,5,5,1,exact_anchor,1,0,4096,0,2b0500c2d2a4cb06,2b0500c2d2a4cb06,7,7,2,2,exact anchor SAT sanity check (score 1.000),True,variants/generated_random_medium_original.blif,variants/generated_random_medium_refactor.blif
generated_random_medium,refactor,new_n34,1,new_n34,1.0,1.0,1.0,1.0,2,2,1,exact_anchor,1,0,4096,0,d642897a64f06d30,d642897a64f06d30,3,3,2,2,exact anchor SAT sanity check (score 1.000),True,variants/generated_random_medium_original.blif,variants/generated_random_medium_refactor.blif
generated_random_medium,refactor,new_n35,1,new_n35,1.0,1.0,1.0,1.0,2,2,1,exact_anchor,1,0,4096,0,c5f808c149bc7f57,c5f808c149bc7f57,3,3,2,2,exact anchor SAT sanity check (score 1.000),True,variants/generated_random_medium_original.blif,variants/generated_random_medium_refactor.blif
generated_random_medium,refactor,new_n36,1,new_n36,1.0,1.0,1.0,1.0,3,3,1,exact_anchor,1,0,4096,0,07617d4b66e5ee41,07617d4b66e5ee41,3,3,2,2,exact anchor SAT sanity check (score 1.000),True,variants/generated_random_medium_original.blif,variants/generated_random_medium_refactor.blif
generated_random_medium,refactor,new_n37,1,new_n37,1.0,1.0,1.0,1.0,4,4,1,exact_anchor,1,0,4096,0,77c36b9be8b524bf,77c36b9be8b524bf,4,4,2,2,exact anchor SAT sanity check (score 1.000),True,variants/generated_random_medium_original.blif,variants/generated_random_medium_refactor.blif
generated_random_medium,refactor,new_n38,1,new_n38,1.0,1.0,1.0,1.0,4,4,1,exact_anchor,1,0,4096,0,de9c1ee772213925,de9c1ee772213925,4,4,2,2,exact anchor SAT sanity check (score 1.000),True,variants/generated_random_medium_original.blif,variants/generated_random_medium_refactor.blif
generated_random_medium,refactor,new_n40,1,new_n40,1.0,1.0,1.0,1.0,1,1,1,exact_anchor,1,0,4096,0,c60f3c912edfdfc1,c60f3c912edfdfc1,2,2,2,2,exact anchor SAT sanity check (score 1.000),True,variants/generated_random_medium_original.blif,variants/generated_random_medium_refactor.blif
generated_random_medium,refactor_z,new_n21,1,new_n21,1.0,1.0,1.0,1.0,1,1,1,exact_anchor,1,0,4096,0,f98d621975874f63,f98d621975874f63,2,2,2,2,exact anchor SAT sanity check (score 1.000),True,variants/generated_random_medium_original.blif,variants/generated_random_medium_refactor_z.blif
generated_random_medium,refactor_z,new_n25,1,new_n25,1.0,1.0,1.0,1.0,1,1,1,exact_anchor,1,0,4096,0,ed431b3f9bcdd1b4,ed431b3f9bcdd1b4,2,2,2,2,exact anchor SAT sanity check (score 1.000),True,variants/generated_random_medium_original.blif,variants/generated_random_medium_refactor_z.blif
generated_random_medium,refactor_z,new_n29,1,new_n29,1.0,1.0,1.0,1.0,4,4,1,exact_anchor,1,0,4096,0,127faa4e04c9cb48,127faa4e04c9cb48,5,5,2,2,exact anchor SAT sanity check (score 1.000),True,variants/generated_random_medium_original.blif,variants/generated_random_medium_refactor_z.blif
generated_random_medium,refactor_z,new_n30,1,new_n30,1.0,1.0,1.0,1.0,5,5,1,exact_anchor,1,0,4096,0,5e6696e5386046a5,5e6696e5386046a5,7,7,2,2,exact anchor SAT sanity check (score 1.000),True,variants/generated_random_medium_original.blif,variants/generated_random_medium_refactor_z.blif
generated_random_medium,refactor_z,new_n31,1,new_n31,1.0,1.0,1.0,1.0,5,5,1,exact_anchor,1,0,4096,0,2b0500c2d2a4cb06,2b0500c2d2a4cb06,7,7,2,2,exact anchor SAT sanity check (score 1.000),True,variants/generated_random_medium_original.blif,variants/generated_random_medium_refactor_z.blif
generated_random_medium,refactor_z,new_n37,1,new_n37,1.0,1.0,1.0,1.0,4,4,1,exact_anchor,1,0,4096,0,77c36b9be8b524bf,77c36b9be8b524bf,4,4,2,2,exact anchor SAT sanity check (score 1.000),True,variants/generated_random_medium_original.blif,variants/generated_random_medium_refactor_z.blif
generated_random_medium,refactor_z,new_n38,1,new_n38,1.0,1.0,1.0,1.0,4,4,1,exact_anchor,1,0,4096,0,de9c1ee772213925,de9c1ee772213925,4,4,2,2,exact anchor SAT sanity check (score 1.000),True,variants/generated_random_medium_original.blif,variants/generated_random_medium_refactor_z.blif
generated_random_medium,refactor_z,new_n40,1,new_n40,1.0,1.0,1.0,1.0,1,1,1,exact_anchor,1,0,4096,0,c60f3c912edfdfc1,c60f3c912edfdfc1,2,2,2,2,exact anchor SAT sanity check (score 1.000),True,variants/generated_random_medium_original.blif,variants/generated_random_medium_refactor_z.blif
generated_random_medium,resub,new_n21,1,new_n21,1.0,1.0,1.0,1.0,1,1,1,exact_anchor,1,0,4096,0,f98d621975874f63,f98d621975874f63,2,2,2,2,exact anchor SAT sanity check (score 1.000),True,variants/generated_random_medium_original.blif,variants/generated_random_medium_resub.blif
generated_random_medium,resub,new_n22,1,new_n22,1.0,1.0,1.0,1.0,1,1,1,exact_anchor,1,0,4096,0,b3d822fd68e8f017,b3d822fd68e8f017,2,2,2,2,exact anchor SAT sanity check (score 1.000),True,variants/generated_random_medium_original.blif,variants/generated_random_medium_resub.blif
generated_random_medium,resub,new_n23,1,new_n23,1.0,1.0,1.0,1.0,1,1,1,exact_anchor,1,0,4096,0,6fe6eac4bded0657,6fe6eac4bded0657,2,2,2,2,exact anchor SAT sanity check (score 1.000),True,variants/generated_random_medium_original.blif,variants/generated_random_medium_resub.blif
generated_random_medium,resub,new_n24,1,new_n24,1.0,1.0,1.0,1.0,2,2,1,exact_anchor,1,0,4096,0,0268d28c4d8fa573,0268d28c4d8fa573,2,2,2,2,exact anchor SAT sanity check (score 1.000),True,variants/generated_random_medium_original.blif,variants/generated_random_medium_resub.blif
generated_random_medium,resub,new_n25,1,new_n25,1.0,1.0,1.0,1.0,1,1,1,exact_anchor,1,0,4096,0,ed431b3f9bcdd1b4,ed431b3f9bcdd1b4,2,2,2,2,exact anchor SAT sanity check (score 1.000),True,variants/generated_random_medium_original.blif,variants/generated_random_medium_resub.blif
generated_random_medium,resub,new_n26,1,new_n26,1.0,1.0,1.0,1.0,2,2,1,exact_anchor,1,0,4096,0,de5dfc7a13032769,de5dfc7a13032769,3,3,2,2,exact anchor SAT sanity check (score 1.000),True,variants/generated_random_medium_original.blif,variants/generated_random_medium_resub.blif
generated_random_medium,resub,new_n27,1,new_n27,1.0,1.0,1.0,1.0,2,2,1,exact_anchor,1,0,4096,0,74520eefede2cbb9,74520eefede2cbb9,3,3,2,2,exact anchor SAT sanity check (score 1.000),True,variants/generated_random_medium_original.blif,variants/generated_random_medium_resub.blif
generated_random_medium,resub,new_n28,1,new_n28,1.0,1.0,1.0,1.0,3,3,1,exact_anchor,1,0,4096,0,6ed563e96bc9a170,6ed563e96bc9a170,3,3,2,2,exact anchor SAT sanity check (score 1.000),True,variants/generated_random_medium_original.blif,variants/generated_random_medium_resub.blif
generated_random_medium,resub,new_n29,1,new_n29,1.0,1.0,1.0,1.0,4,4,1,exact_anchor,1,0,4096,0,127faa4e04c9cb48,127faa4e04c9cb48,5,5,2,2,exact anchor SAT sanity check (score 1.000),True,variants/generated_random_medium_original.blif,variants/generated_random_medium_resub.blif
generated_random_medium,resub,new_n30,1,new_n30,1.0,1.0,1.0,1.0,5,5,1,exact_anchor,1,0,4096,0,5e6696e5386046a5,5e6696e5386046a5,7,7,2,2,exact anchor SAT sanity check (score 1.000),True,variants/generated_random_medium_original.blif,variants/generated_random_medium_resub.blif
generated_random_medium,resub,new_n31,1,new_n31,1.0,1.0,1.0,1.0,5,5,1,exact_anchor,1,0,4096,0,2b0500c2d2a4cb06,2b0500c2d2a4cb06,7,7,2,2,exact anchor SAT sanity check (score 1.000),True,variants/generated_random_medium_original.blif,variants/generated_random_medium_resub.blif
generated_random_medium,resub,new_n34,1,new_n34,1.0,1.0,1.0,1.0,2,2,1,exact_anchor,1,0,4096,0,d642897a64f06d30,d642897a64f06d30,3,3,2,2,exact anchor SAT sanity check (score 1.000),True,variants/generated_random_medium_original.blif,variants/generated_random_medium_resub.blif
generated_random_medium,resub,new_n35,1,new_n35,1.0,1.0,1.0,1.0,2,2,1,exact_anchor,1,0,4096,0,c5f808c149bc7f57,c5f808c149bc7f57,3,3,2,2,exact anchor SAT sanity check (score 1.000),True,variants/generated_random_medium_original.blif,variants/generated_random_medium_resub.blif
generated_random_medium,resub,new_n36,1,new_n36,1.0,1.0,1.0,1.0,3,3,1,exact_anchor,1,0,4096,0,07617d4b66e5ee41,07617d4b66e5ee41,3,3,2,2,exact anchor SAT sanity check (score 1.000),True,variants/generated_random_medium_original.blif,variants/generated_random_medium_resub.blif
generated_random_medium,resub,new_n37,1,new_n37,1.0,1.0,1.0,1.0,4,4,1,exact_anchor,1,0,4096,0,77c36b9be8b524bf,77c36b9be8b524bf,4,4,2,2,exact anchor SAT sanity check (score 1.000),True,variants/generated_random_medium_original.blif,variants/generated_random_medium_resub.blif
generated_random_medium,resub,new_n38,1,new_n38,1.0,1.0,1.0,1.0,4,4,1,exact_anchor,1,0,4096,0,de9c1ee772213925,de9c1ee772213925,4,4,2,2,exact anchor SAT sanity check (score 1.000),True,variants/generated_random_medium_original.blif,variants/generated_random_medium_resub.blif
generated_random_medium,resub,new_n40,1,new_n40,1.0,1.0,1.0,1.0,1,1,1,exact_anchor,1,0,4096,0,c60f3c912edfdfc1,c60f3c912edfdfc1,2,2,2,2,exact anchor SAT sanity check (score 1.000),True,variants/generated_random_medium_original.blif,variants/generated_random_medium_resub.blif
generated_random_medium,resyn,new_n21,1,new_n21,1.0,1.0,1.0,1.0,1,1,1,exact_anchor,1,0,4096,0,f98d621975874f63,f98d621975874f63,2,2,2,2,exact anchor SAT sanity check (score 1.000),True,variants/generated_random_medium_original.blif,variants/generated_random_medium_resyn.blif
generated_random_medium,resyn,new_n22,1,new_n25,1.0,1.0,1.0,1.0,1,1,1,exact_anchor,1,0,4096,0,ed431b3f9bcdd1b4,ed431b3f9bcdd1b4,2,2,2,2,exact anchor SAT sanity check (score 1.000),True,variants/generated_random_medium_original.blif,variants/generated_random_medium_resyn.blif
generated_random_medium,resyn,new_n24,1,new_n22,1.0,1.0,1.0,1.0,1,1,1,exact_anchor,1,0,4096,0,b3d822fd68e8f017,b3d822fd68e8f017,2,2,2,2,exact anchor SAT sanity check (score 1.000),True,variants/generated_random_medium_original.blif,variants/generated_random_medium_resyn.blif
generated_random_medium,resyn,new_n25,1,new_n23,1.0,1.0,1.0,1.0,1,1,1,exact_anchor,1,0,4096,0,6fe6eac4bded0657,6fe6eac4bded0657,2,2,2,2,exact anchor SAT sanity check (score 1.000),True,variants/generated_random_medium_original.blif,variants/generated_random_medium_resyn.blif
generated_random_medium,resyn,new_n26,1,new_n24,1.0,1.0,1.0,1.0,2,2,1,exact_anchor,1,0,4096,0,0268d28c4d8fa573,0268d28c4d8fa573,2,2,2,2,exact anchor SAT sanity check (score 1.000),True,variants/generated_random_medium_original.blif,variants/generated_random_medium_resyn.blif
generated_random_medium,resyn,new_n29,1,new_n29,1.0,1.0,1.0,1.0,4,4,1,exact_anchor,1,0,4096,0,127faa4e04c9cb48,127faa4e04c9cb48,5,5,2,2,exact anchor SAT sanity check (score 1.000),True,variants/generated_random_medium_original.blif,variants/generated_random_medium_resyn.blif
generated_random_medium,resyn,new_n30,1,new_n30,1.0,1.0,1.0,1.0,5,5,1,exact_anchor,1,0,4096,0,5e6696e5386046a5,5e6696e5386046a5,7,7,2,2,exact anchor SAT sanity check (score 1.000),True,variants/generated_random_medium_original.blif,variants/generated_random_medium_resyn.blif
generated_random_medium,resyn,new_n31,1,new_n31,1.0,1.0,1.0,1.0,5,5,1,exact_anchor,1,0,4096,0,2b0500c2d2a4cb06,2b0500c2d2a4cb06,7,7,2,2,exact anchor SAT sanity check (score 1.000),True,variants/generated_random_medium_original.blif,variants/generated_random_medium_resyn.blif
generated_random_medium,resyn,new_n40,1,new_n40,1.0,1.0,1.0,1.0,1,1,1,exact_anchor,1,0,4096,0,c60f3c912edfdfc1,c60f3c912edfdfc1,2,2,2,2,exact anchor SAT sanity check (score 1.000),True,variants/generated_random_medium_original.blif,variants/generated_random_medium_resyn.blif
generated_random_medium,resyn2,new_n21,1,new_n21,1.0,1.0,1.0,1.0,1,1,1,exact_anchor,1,0,4096,0,f98d621975874f63,f98d621975874f63,2,2,2,2,exact anchor SAT sanity check (score 1.000),True,variants/generated_random_medium_original.blif,variants/generated_random_medium_resyn2.blif
generated_random_medium,resyn2,new_n24,1,new_n25,1.0,1.0,1.0,1.0,1,1,1,exact_anchor,1,0,4096,0,ed431b3f9bcdd1b4,ed431b3f9bcdd1b4,2,2,2,2,exact anchor SAT sanity check (score 1.000),True,variants/generated_random_medium_original.blif,variants/generated_random_medium_resyn2.blif
generated_random_medium,resyn2,new_n29,1,new_n29,1.0,1.0,1.0,1.0,4,4,1,exact_anchor,1,0,4096,0,127faa4e04c9cb48,127faa4e04c9cb48,5,5,2,2,exact anchor SAT sanity check (score 1.000),True,variants/generated_random_medium_original.blif,variants/generated_random_medium_resyn2.blif
generated_random_medium,resyn2,new_n30,1,new_n30,1.0,1.0,1.0,1.0,5,5,1,exact_anchor,1,0,4096,0,5e6696e5386046a5,5e6696e5386046a5,7,7,2,2,exact anchor SAT sanity check (score 1.000),True,variants/generated_random_medium_original.blif,variants/generated_random_medium_resyn2.blif
generated_random_medium,resyn2,new_n31,1,new_n31,1.0,1.0,1.0,1.0,5,5,1,exact_anchor,1,0,4096,0,2b0500c2d2a4cb06,2b0500c2d2a4cb06,7,7,2,2,exact anchor SAT sanity check (score 1.000),True,variants/generated_random_medium_original.blif,variants/generated_random_medium_resyn2.blif
generated_random_medium,resyn2,new_n40,1,new_n40,1.0,1.0,1.0,1.0,1,1,1,exact_anchor,1,0,4096,0,c60f3c912edfdfc1,c60f3c912edfdfc1,2,2,2,2,exact anchor SAT sanity check (score 1.000),True,variants/generated_random_medium_original.blif,variants/generated_random_medium_resyn2.blif
generated_random_medium,resyn2_like,new_n21,1,new_n21,1.0,1.0,1.0,1.0,1,1,1,exact_anchor,1,0,4096,0,f98d621975874f63,f98d621975874f63,2,2,2,2,exact anchor SAT sanity check (score 1.000),True,variants/generated_random_medium_original.blif,variants/generated_random_medium_resyn2_like.blif
generated_random_medium,resyn2_like,new_n24,1,new_n25,1.0,1.0,1.0,1.0,1,1,1,exact_anchor,1,0,4096,0,ed431b3f9bcdd1b4,ed431b3f9bcdd1b4,2,2,2,2,exact anchor SAT sanity check (score 1.000),True,variants/generated_random_medium_original.blif,variants/generated_random_medium_resyn2_like.blif
generated_random_medium,resyn2_like,new_n29,1,new_n29,1.0,1.0,1.0,1.0,4,4,1,exact_anchor,1,0,4096,0,127faa4e04c9cb48,127faa4e04c9cb48,5,5,2,2,exact anchor SAT sanity check (score 1.000),True,variants/generated_random_medium_original.blif,variants/generated_random_medium_resyn2_like.blif
generated_random_medium,resyn2_like,new_n30,1,new_n30,1.0,1.0,1.0,1.0,5,5,1,exact_anchor,1,0,4096,0,5e6696e5386046a5,5e6696e5386046a5,7,7,2,2,exact anchor SAT sanity check (score 1.000),True,variants/generated_random_medium_original.blif,variants/generated_random_medium_resyn2_like.blif
generated_random_medium,resyn2_like,new_n31,1,new_n31,1.0,1.0,1.0,1.0,5,5,1,exact_anchor,1,0,4096,0,2b0500c2d2a4cb06,2b0500c2d2a4cb06,7,7,2,2,exact anchor SAT sanity check (score 1.000),True,variants/generated_random_medium_original.blif,variants/generated_random_medium_resyn2_like.blif
generated_random_medium,resyn2_like,new_n40,1,new_n40,1.0,1.0,1.0,1.0,1,1,1,exact_anchor,1,0,4096,0,c60f3c912edfdfc1,c60f3c912edfdfc1,2,2,2,2,exact anchor SAT sanity check (score 1.000),True,variants/generated_random_medium_original.blif,variants/generated_random_medium_resyn2_like.blif
generated_random_medium,rewrite,new_n21,1,new_n21,1.0,1.0,1.0,1.0,1,1,1,exact_anchor,1,0,4096,0,f98d621975874f63,f98d621975874f63,2,2,2,2,exact anchor SAT sanity check (score 1.000),True,variants/generated_random_medium_original.blif,variants/generated_random_medium_rewrite.blif
generated_random_medium,rewrite,new_n22,1,new_n22,1.0,1.0,1.0,1.0,1,1,1,exact_anchor,1,0,4096,0,b3d822fd68e8f017,b3d822fd68e8f017,2,2,2,2,exact anchor SAT sanity check (score 1.000),True,variants/generated_random_medium_original.blif,variants/generated_random_medium_rewrite.blif
generated_random_medium,rewrite,new_n23,1,new_n23,1.0,1.0,1.0,1.0,1,1,1,exact_anchor,1,0,4096,0,6fe6eac4bded0657,6fe6eac4bded0657,2,2,2,2,exact anchor SAT sanity check (score 1.000),True,variants/generated_random_medium_original.blif,variants/generated_random_medium_rewrite.blif
generated_random_medium,rewrite,new_n24,1,new_n24,1.0,1.0,1.0,1.0,2,2,1,exact_anchor,1,0,4096,0,0268d28c4d8fa573,0268d28c4d8fa573,2,2,2,2,exact anchor SAT sanity check (score 1.000),True,variants/generated_random_medium_original.blif,variants/generated_random_medium_rewrite.blif
generated_random_medium,rewrite,new_n25,1,new_n25,1.0,1.0,1.0,1.0,1,1,1,exact_anchor,1,0,4096,0,ed431b3f9bcdd1b4,ed431b3f9bcdd1b4,2,2,2,2,exact anchor SAT sanity check (score 1.000),True,variants/generated_random_medium_original.blif,variants/generated_random_medium_rewrite.blif
generated_random_medium,rewrite,new_n26,1,new_n26,1.0,1.0,1.0,1.0,2,2,1,exact_anchor,1,0,4096,0,de5dfc7a13032769,de5dfc7a13032769,3,3,2,2,exact anchor SAT sanity check (score 1.000),True,variants/generated_random_medium_original.blif,variants/generated_random_medium_rewrite.blif
generated_random_medium,rewrite,new_n27,1,new_n27,1.0,1.0,1.0,1.0,2,2,1,exact_anchor,1,0,4096,0,74520eefede2cbb9,74520eefede2cbb9,3,3,2,2,exact anchor SAT sanity check (score 1.000),True,variants/generated_random_medium_original.blif,variants/generated_random_medium_rewrite.blif
generated_random_medium,rewrite,new_n28,1,new_n28,1.0,1.0,1.0,1.0,3,3,1,exact_anchor,1,0,4096,0,6ed563e96bc9a170,6ed563e96bc9a170,3,3,2,2,exact anchor SAT sanity check (score 1.000),True,variants/generated_random_medium_original.blif,variants/generated_random_medium_rewrite.blif
generated_random_medium,rewrite,new_n29,1,new_n29,1.0,1.0,1.0,1.0,4,4,1,exact_anchor,1,0,4096,0,127faa4e04c9cb48,127faa4e04c9cb48,5,5,2,2,exact anchor SAT sanity check (score 1.000),True,variants/generated_random_medium_original.blif,variants/generated_random_medium_rewrite.blif
generated_random_medium,rewrite,new_n30,1,new_n30,1.0,1.0,1.0,1.0,5,5,1,exact_anchor,1,0,4096,0,5e6696e5386046a5,5e6696e5386046a5,7,7,2,2,exact anchor SAT sanity check (score 1.000),True,variants/generated_random_medium_original.blif,variants/generated_random_medium_rewrite.blif
generated_random_medium,rewrite,new_n31,1,new_n31,1.0,1.0,1.0,1.0,5,5,1,exact_anchor,1,0,4096,0,2b0500c2d2a4cb06,2b0500c2d2a4cb06,7,7,2,2,exact anchor SAT sanity check (score 1.000),True,variants/generated_random_medium_original.blif,variants/generated_random_medium_rewrite.blif
generated_random_medium,rewrite,new_n34,1,new_n34,1.0,1.0,1.0,1.0,2,2,1,exact_anchor,1,0,4096,0,d642897a64f06d30,d642897a64f06d30,3,3,2,2,exact anchor SAT sanity check (score 1.000),True,variants/generated_random_medium_original.blif,variants/generated_random_medium_rewrite.blif
generated_random_medium,rewrite,new_n35,1,new_n35,1.0,1.0,1.0,1.0,2,2,1,exact_anchor,1,0,4096,0,c5f808c149bc7f57,c5f808c149bc7f57,3,3,2,2,exact anchor SAT sanity check (score 1.000),True,variants/generated_random_medium_original.blif,variants/generated_random_medium_rewrite.blif
generated_random_medium,rewrite,new_n36,1,new_n36,1.0,1.0,1.0,1.0,3,3,1,exact_anchor,1,0,4096,0,07617d4b66e5ee41,07617d4b66e5ee41,3,3,2,2,exact anchor SAT sanity check (score 1.000),True,variants/generated_random_medium_original.blif,variants/generated_random_medium_rewrite.blif
generated_random_medium,rewrite,new_n37,1,new_n37,1.0,1.0,1.0,1.0,4,4,1,exact_anchor,1,0,4096,0,77c36b9be8b524bf,77c36b9be8b524bf,4,4,2,2,exact anchor SAT sanity check (score 1.000),True,variants/generated_random_medium_original.blif,variants/generated_random_medium_rewrite.blif
generated_random_medium,rewrite,new_n38,1,new_n38,1.0,1.0,1.0,1.0,4,4,1,exact_anchor,1,0,4096,0,de9c1ee772213925,de9c1ee772213925,4,4,2,2,exact anchor SAT sanity check (score 1.000),True,variants/generated_random_medium_original.blif,variants/generated_random_medium_rewrite.blif
generated_random_medium,rewrite,new_n40,1,new_n40,1.0,1.0,1.0,1.0,1,1,1,exact_anchor,1,0,4096,0,c60f3c912edfdfc1,c60f3c912edfdfc1,2,2,2,2,exact anchor SAT sanity check (score 1.000),True,variants/generated_random_medium_original.blif,variants/generated_random_medium_rewrite.blif
generated_random_medium,rewrite_z,new_n21,1,new_n21,1.0,1.0,1.0,1.0,1,1,1,exact_anchor,1,0,4096,0,f98d621975874f63,f98d621975874f63,2,2,2,2,exact anchor SAT sanity check (score 1.000),True,variants/generated_random_medium_original.blif,variants/generated_random_medium_rewrite_z.blif
generated_random_medium,rewrite_z,new_n22,1,new_n22,1.0,1.0,1.0,1.0,1,1,1,exact_anchor,1,0,4096,0,b3d822fd68e8f017,b3d822fd68e8f017,2,2,2,2,exact anchor SAT sanity check (score 1.000),True,variants/generated_random_medium_original.blif,variants/generated_random_medium_rewrite_z.blif
generated_random_medium,rewrite_z,new_n23,1,new_n23,1.0,1.0,1.0,1.0,1,1,1,exact_anchor,1,0,4096,0,6fe6eac4bded0657,6fe6eac4bded0657,2,2,2,2,exact anchor SAT sanity check (score 1.000),True,variants/generated_random_medium_original.blif,variants/generated_random_medium_rewrite_z.blif
generated_random_medium,rewrite_z,new_n24,1,new_n24,1.0,1.0,1.0,1.0,2,2,1,exact_anchor,1,0,4096,0,0268d28c4d8fa573,0268d28c4d8fa573,2,2,2,2,exact anchor SAT sanity check (score 1.000),True,variants/generated_random_medium_original.blif,variants/generated_random_medium_rewrite_z.blif
generated_random_medium,rewrite_z,new_n25,1,new_n25,1.0,1.0,1.0,1.0,1,1,1,exact_anchor,1,0,4096,0,ed431b3f9bcdd1b4,ed431b3f9bcdd1b4,2,2,2,2,exact anchor SAT sanity check (score 1.000),True,variants/generated_random_medium_original.blif,variants/generated_random_medium_rewrite_z.blif
generated_random_medium,rewrite_z,new_n29,1,new_n29,1.0,1.0,1.0,1.0,4,4,1,exact_anchor,1,0,4096,0,127faa4e04c9cb48,127faa4e04c9cb48,5,5,2,2,exact anchor SAT sanity check (score 1.000),True,variants/generated_random_medium_original.blif,variants/generated_random_medium_rewrite_z.blif
generated_random_medium,rewrite_z,new_n30,1,new_n30,1.0,1.0,1.0,1.0,5,5,1,exact_anchor,1,0,4096,0,5e6696e5386046a5,5e6696e5386046a5,7,7,2,2,exact anchor SAT sanity check (score 1.000),True,variants/generated_random_medium_original.blif,variants/generated_random_medium_rewrite_z.blif
generated_random_medium,rewrite_z,new_n31,1,new_n31,1.0,1.0,1.0,1.0,5,5,1,exact_anchor,1,0,4096,0,2b0500c2d2a4cb06,2b0500c2d2a4cb06,7,7,2,2,exact anchor SAT sanity check (score 1.000),True,variants/generated_random_medium_original.blif,variants/generated_random_medium_rewrite_z.blif
generated_random_medium,rewrite_z,new_n40,1,new_n40,1.0,1.0,1.0,1.0,1,1,1,exact_anchor,1,0,4096,0,c60f3c912edfdfc1,c60f3c912edfdfc1,2,2,2,2,exact anchor SAT sanity check (score 1.000),True,variants/generated_random_medium_original.blif,variants/generated_random_medium_rewrite_z.blif
generated_xor_chain_16,balance,new_n18,1,new_n18,1.0,1.0,1.0,1.0,1,1,1,exact_anchor,1,0,4096,0,1560debce216ff9f,1560debce216ff9f,2,2,2,2,exact anchor SAT sanity check (score 1.000),True,variants/generated_xor_chain_16_original.blif,variants/generated_xor_chain_16_balance.blif
generated_xor_chain_16,balance,new_n19,1,new_n19,1.0,1.0,1.0,1.0,1,1,1,exact_anchor,1,0,4096,0,78657c2cc9db4143,78657c2cc9db4143,2,2,2,2,exact anchor SAT sanity check (score 1.000),True,variants/generated_xor_chain_16_original.blif,variants/generated_xor_chain_16_balance.blif
generated_xor_chain_16,balance,new_n20,1,new_n20,1.0,1.0,1.0,1.0,2,2,1,exact_anchor,1,0,4096,0,98c71d4eb652bfca,98c71d4eb652bfca,2,2,2,2,exact anchor SAT sanity check (score 1.000),True,variants/generated_xor_chain_16_original.blif,variants/generated_xor_chain_16_balance.blif
generated_xor_chain_16,balance,new_n21,1,new_n21,1.0,1.0,1.0,1.0,3,3,1,exact_anchor,1,0,4096,0,f3943bc8b8a34a9a,f3943bc8b8a34a9a,3,3,2,2,exact anchor SAT sanity check (score 1.000),True,variants/generated_xor_chain_16_original.blif,variants/generated_xor_chain_16_balance.blif
generated_xor_chain_16,balance,new_n22,1,new_n22,1.0,1.0,1.0,1.0,3,3,1,exact_anchor,1,0,4096,0,d8f1c3516ba26cb3,d8f1c3516ba26cb3,3,3,2,2,exact anchor SAT sanity check (score 1.000),True,variants/generated_xor_chain_16_original.blif,variants/generated_xor_chain_16_balance.blif
generated_xor_chain_16,balance,new_n23,1,new_n23,1.0,1.0,1.0,1.0,4,4,1,exact_anchor,1,0,4096,0,24f5a6efa1b5c042,24f5a6efa1b5c042,3,3,2,2,exact anchor SAT sanity check (score 1.000),True,variants/generated_xor_chain_16_original.blif,variants/generated_xor_chain_16_balance.blif
generated_xor_chain_16,balance,new_n24,1,new_n24,1.0,1.0,1.0,1.0,5,5,1,exact_anchor,1,0,4096,0,82a79a7bbfa077ca,82a79a7bbfa077ca,4,4,2,2,exact anchor SAT sanity check (score 1.000),True,variants/generated_xor_chain_16_original.blif,variants/generated_xor_chain_16_balance.blif
generated_xor_chain_16,balance,new_n25,1,new_n25,1.0,1.0,1.0,1.0,5,5,1,exact_anchor,1,0,4096,0,207a2b18e6cbf162,207a2b18e6cbf162,4,4,2,2,exact anchor SAT sanity check (score 1.000),True,variants/generated_xor_chain_16_original.blif,variants/generated_xor_chain_16_balance.blif
generated_xor_chain_16,balance,new_n26,1,new_n26,1.0,1.0,1.0,1.0,6,6,1,exact_anchor,1,0,4096,0,842e49bb890833f7,842e49bb890833f7,4,4,2,2,exact anchor SAT sanity check (score 1.000),True,variants/generated_xor_chain_16_original.blif,variants/generated_xor_chain_16_balance.blif
generated_xor_chain_16,balance,new_n27,1,new_n27,1.0,1.0,1.0,1.0,7,7,1,exact_anchor,1,0,4096,0,4b6a1dc8e031e9d9,4b6a1dc8e031e9d9,5,5,2,2,exact anchor SAT sanity check (score 1.000),True,variants/generated_xor_chain_16_original.blif,variants/generated_xor_chain_16_balance.blif
generated_xor_chain_16,balance,new_n28,1,new_n28,1.0,1.0,1.0,1.0,7,7,1,exact_anchor,1,0,4096,0,8bf5da1d35004f25,8bf5da1d35004f25,5,5,2,2,exact anchor SAT sanity check (score 1.000),True,variants/generated_xor_chain_16_original.blif,variants/generated_xor_chain_16_balance.blif
generated_xor_chain_16,balance,new_n29,1,new_n29,1.0,1.0,1.0,1.0,8,8,1,exact_anchor,1,0,4096,0,64646ebfba41526e,64646ebfba41526e,5,5,2,2,exact anchor SAT sanity check (score 1.000),True,variants/generated_xor_chain_16_original.blif,variants/generated_xor_chain_16_balance.blif
generated_xor_chain_16,balance,new_n30,1,new_n30,1.0,1.0,1.0,1.0,9,9,1,exact_anchor,1,0,4096,0,f3c3be0e0516da16,f3c3be0e0516da16,6,6,2,2,exact anchor SAT sanity check (score 1.000),True,variants/generated_xor_chain_16_original.blif,variants/generated_xor_chain_16_balance.blif
generated_xor_chain_16,balance,new_n31,1,new_n31,1.0,1.0,1.0,1.0,9,9,1,exact_anchor,1,0,4096,0,c308dc8f80612589,c308dc8f80612589,6,6,2,2,exact anchor SAT sanity check (score 1.000),True,variants/generated_xor_chain_16_original.blif,variants/generated_xor_chain_16_balance.blif
generated_xor_chain_16,balance,new_n32,1,new_n32,1.0,1.0,1.0,1.0,10,10,1,exact_anchor,1,0,4096,0,b39290f826b0df34,b39290f826b0df34,6,6,2,2,exact anchor SAT sanity check (score 1.000),True,variants/generated_xor_chain_16_original.blif,variants/generated_xor_chain_16_balance.blif
generated_xor_chain_16,balance,new_n33,1,new_n33,1.0,1.0,1.0,1.0,11,11,1,exact_anchor,1,0,4096,0,98748b4987efcace,98748b4987efcace,7,7,2,2,exact anchor SAT sanity check (score 1.000),True,variants/generated_xor_chain_16_original.blif,variants/generated_xor_chain_16_balance.blif
generated_xor_chain_16,balance,new_n34,1,new_n34,1.0,1.0,1.0,1.0,11,11,1,exact_anchor,1,0,4096,0,e0ed6989dd466f82,e0ed6989dd466f82,7,7,2,2,exact anchor SAT sanity check (score 1.000),True,variants/generated_xor_chain_16_original.blif,variants/generated_xor_chain_16_balance.blif
generated_xor_chain_16,balance,new_n35,1,new_n35,1.0,1.0,1.0,1.0,12,12,1,exact_anchor,1,0,4096,0,e748e5e009e29ae3,e748e5e009e29ae3,7,7,2,2,exact anchor SAT sanity check (score 1.000),True,variants/generated_xor_chain_16_original.blif,variants/generated_xor_chain_16_balance.blif
generated_xor_chain_16,balance,new_n36,1,new_n36,1.0,1.0,1.0,1.0,13,13,1,exact_anchor,1,0,4096,0,71b3f1f8c39c925e,71b3f1f8c39c925e,8,8,2,2,exact anchor SAT sanity check (score 1.000),True,variants/generated_xor_chain_16_original.blif,variants/generated_xor_chain_16_balance.blif
generated_xor_chain_16,balance,new_n37,1,new_n37,1.0,1.0,1.0,1.0,13,13,1,exact_anchor,1,0,4096,0,270b7751f0df6fe3,270b7751f0df6fe3,8,8,2,2,exact anchor SAT sanity check (score 1.000),True,variants/generated_xor_chain_16_original.blif,variants/generated_xor_chain_16_balance.blif
generated_xor_chain_16,balance,new_n38,1,new_n38,1.0,1.0,1.0,1.0,14,14,1,exact_anchor,1,0,4096,0,bd57c54c01e6ef3e,bd57c54c01e6ef3e,8,8,2,2,exact anchor SAT sanity check (score 1.000),True,variants/generated_xor_chain_16_original.blif,variants/generated_xor_chain_16_balance.blif
generated_xor_chain_16,balance,new_n39,1,new_n39,1.0,1.0,1.0,1.0,15,15,1,exact_anchor,1,0,4096,0,39269b7a34173938,39269b7a34173938,9,9,2,2,exact anchor SAT sanity check (score 1.000),True,variants/generated_xor_chain_16_original.blif,variants/generated_xor_chain_16_balance.blif
generated_xor_chain_16,balance,new_n40,1,new_n40,1.0,1.0,1.0,1.0,15,15,1,exact_anchor,1,0,4096,0,16e8f8f5d962cc61,16e8f8f5d962cc61,9,9,2,2,exact anchor SAT sanity check (score 1.000),True,variants/generated_xor_chain_16_original.blif,variants/generated_xor_chain_16_balance.blif
generated_xor_chain_16,balance,new_n41,1,new_n41,1.0,1.0,1.0,1.0,16,16,1,exact_anchor,1,0,4096,0,91ea121987e7d99b,91ea121987e7d99b,9,9,2,2,exact anchor SAT sanity check (score 1.000),True,variants/generated_xor_chain_16_original.blif,variants/generated_xor_chain_16_balance.blif
generated_xor_chain_16,balance,new_n42,1,new_n42,1.0,1.0,1.0,1.0,17,17,1,exact_anchor,1,0,4096,0,6814966eace69531,6814966eace69531,10,10,2,2,exact anchor SAT sanity check (score 1.000),True,variants/generated_xor_chain_16_original.blif,variants/generated_xor_chain_16_balance.blif
generated_xor_chain_16,balance,new_n43,1,new_n43,1.0,1.0,1.0,1.0,17,17,1,exact_anchor,1,0,4096,0,efe3ca98da9e0770,efe3ca98da9e0770,10,10,2,2,exact anchor SAT sanity check (score 1.000),True,variants/generated_xor_chain_16_original.blif,variants/generated_xor_chain_16_balance.blif
generated_xor_chain_16,balance,new_n44,1,new_n44,1.0,1.0,1.0,1.0,18,18,1,exact_anchor,1,0,4096,0,ffde0e19096c5b59,ffde0e19096c5b59,10,10,2,2,exact anchor SAT sanity check (score 1.000),True,variants/generated_xor_chain_16_original.blif,variants/generated_xor_chain_16_balance.blif
generated_xor_chain_16,balance,new_n45,1,new_n45,1.0,1.0,1.0,1.0,19,19,1,exact_anchor,1,0,4096,0,1f2230075ad84ff4,1f2230075ad84ff4,11,11,2,2,exact anchor SAT sanity check (score 1.000),True,variants/generated_xor_chain_16_original.blif,variants/generated_xor_chain_16_balance.blif
generated_xor_chain_16,balance,new_n46,1,new_n46,1.0,1.0,1.0,1.0,19,19,1,exact_anchor,1,0,4096,0,17945fb2ddf062ef,17945fb2ddf062ef,11,11,2,2,exact anchor SAT sanity check (score 1.000),True,variants/generated_xor_chain_16_original.blif,variants/generated_xor_chain_16_balance.blif
generated_xor_chain_16,balance,new_n47,1,new_n47,1.0,1.0,1.0,1.0,20,20,1,exact_anchor,1,0,4096,0,c90371575d916994,c90371575d916994,11,11,2,2,exact anchor SAT sanity check (score 1.000),True,variants/generated_xor_chain_16_original.blif,variants/generated_xor_chain_16_balance.blif
generated_xor_chain_16,balance,new_n48,1,new_n48,1.0,1.0,1.0,1.0,21,21,1,exact_anchor,1,0,4096,0,f582cbff883f2a25,f582cbff883f2a25,12,12,2,2,exact anchor SAT sanity check (score 1.000),True,variants/generated_xor_chain_16_original.blif,variants/generated_xor_chain_16_balance.blif
generated_xor_chain_16,balance,new_n49,1,new_n49,1.0,1.0,1.0,1.0,21,21,1,exact_anchor,1,0,4096,0,69da9f37698ecce0,69da9f37698ecce0,12,12,2,2,exact anchor SAT sanity check (score 1.000),True,variants/generated_xor_chain_16_original.blif,variants/generated_xor_chain_16_balance.blif
generated_xor_chain_16,balance,new_n50,1,new_n50,1.0,1.0,1.0,1.0,22,22,1,exact_anchor,1,0,4096,0,f71bcd5da9b00c9c,f71bcd5da9b00c9c,12,12,2,2,exact anchor SAT sanity check (score 1.000),True,variants/generated_xor_chain_16_original.blif,variants/generated_xor_chain_16_balance.blif
generated_xor_chain_16,balance,new_n51,1,new_n51,1.0,1.0,1.0,1.0,23,23,1,exact_anchor,1,0,4096,0,e7237d335814494f,e7237d335814494f,13,13,2,2,exact anchor SAT sanity check (score 1.000),True,variants/generated_xor_chain_16_original.blif,variants/generated_xor_chain_16_balance.blif
generated_xor_chain_16,balance,new_n52,1,new_n52,1.0,1.0,1.0,1.0,23,23,1,exact_anchor,1,0,4096,0,13a39b7cf3622444,13a39b7cf3622444,13,13,2,2,exact anchor SAT sanity check (score 1.000),True,variants/generated_xor_chain_16_original.blif,variants/generated_xor_chain_16_balance.blif
generated_xor_chain_16,balance,new_n53,1,new_n53,1.0,1.0,1.0,1.0,24,24,1,exact_anchor,1,0,4096,0,e4e908e47f389445,e4e908e47f389445,13,13,2,2,exact anchor SAT sanity check (score 1.000),True,variants/generated_xor_chain_16_original.blif,variants/generated_xor_chain_16_balance.blif
generated_xor_chain_16,balance,new_n54,1,new_n54,1.0,1.0,1.0,1.0,25,25,1,exact_anchor,1,0,4096,0,873d69b197153803,873d69b197153803,14,14,2,2,exact anchor SAT sanity check (score 1.000),True,variants/generated_xor_chain_16_original.blif,variants/generated_xor_chain_16_balance.blif
generated_xor_chain_16,balance,new_n55,1,new_n55,1.0,1.0,1.0,1.0,25,25,1,exact_anchor,1,0,4096,0,a1892637b93ffd38,a1892637b93ffd38,14,14,2,2,exact anchor SAT sanity check (score 1.000),True,variants/generated_xor_chain_16_original.blif,variants/generated_xor_chain_16_balance.blif
generated_xor_chain_16,balance,new_n56,1,new_n56,1.0,1.0,1.0,1.0,26,26,1,exact_anchor,1,0,4096,0,b156b647de0b768a,b156b647de0b768a,14,14,2,2,exact anchor SAT sanity check (score 1.000),True,variants/generated_xor_chain_16_original.blif,variants/generated_xor_chain_16_balance.blif
generated_xor_chain_16,balance,new_n57,1,new_n57,1.0,1.0,1.0,1.0,27,27,1,exact_anchor,1,0,4096,0,d11401d0854a8811,d11401d0854a8811,15,15,2,2,exact anchor SAT sanity check (score 1.000),True,variants/generated_xor_chain_16_original.blif,variants/generated_xor_chain_16_balance.blif
generated_xor_chain_16,balance,new_n58,1,new_n58,1.0,1.0,1.0,1.0,27,27,1,exact_anchor,1,0,4096,0,e32fa4b208e74921,e32fa4b208e74921,15,15,2,2,exact anchor SAT sanity check (score 1.000),True,variants/generated_xor_chain_16_original.blif,variants/generated_xor_chain_16_balance.blif
generated_xor_chain_16,balance,new_n59,1,new_n59,1.0,1.0,1.0,1.0,28,28,1,exact_anchor,1,0,4096,0,8258123601d3c478,8258123601d3c478,15,15,2,2,exact anchor SAT sanity check (score 1.000),True,variants/generated_xor_chain_16_original.blif,variants/generated_xor_chain_16_balance.blif
generated_xor_chain_16,balance,new_n60,1,new_n60,1.0,1.0,1.0,1.0,29,29,1,exact_anchor,1,0,4096,0,ca81efd64baba313,ca81efd64baba313,16,16,2,2,exact anchor SAT sanity check (score 1.000),True,variants/generated_xor_chain_16_original.blif,variants/generated_xor_chain_16_balance.blif
generated_xor_chain_16,balance,new_n61,1,new_n61,1.0,1.0,1.0,1.0,29,29,1,exact_anchor,1,0,4096,0,e45361cdd9071b63,e45361cdd9071b63,16,16,2,2,exact anchor SAT sanity check (score 1.000),True,variants/generated_xor_chain_16_original.blif,variants/generated_xor_chain_16_balance.blif
generated_xor_chain_16,refactor,new_n18,1,new_n18,1.0,1.0,1.0,1.0,1,1,1,exact_anchor,1,0,4096,0,1560debce216ff9f,1560debce216ff9f,2,2,2,2,exact anchor SAT sanity check (score 1.000),True,variants/generated_xor_chain_16_original.blif,variants/generated_xor_chain_16_refactor.blif
generated_xor_chain_16,refactor,new_n19,1,new_n19,1.0,1.0,1.0,1.0,1,1,1,exact_anchor,1,0,4096,0,78657c2cc9db4143,78657c2cc9db4143,2,2,2,2,exact anchor SAT sanity check (score 1.000),True,variants/generated_xor_chain_16_original.blif,variants/generated_xor_chain_16_refactor.blif
generated_xor_chain_16,refactor,new_n20,1,new_n20,1.0,1.0,1.0,1.0,2,2,1,exact_anchor,1,0,4096,0,98c71d4eb652bfca,98c71d4eb652bfca,2,2,2,2,exact anchor SAT sanity check (score 1.000),True,variants/generated_xor_chain_16_original.blif,variants/generated_xor_chain_16_refactor.blif
generated_xor_chain_16,refactor,new_n21,1,new_n21,1.0,1.0,1.0,1.0,3,3,1,exact_anchor,1,0,4096,0,f3943bc8b8a34a9a,f3943bc8b8a34a9a,3,3,2,2,exact anchor SAT sanity check (score 1.000),True,variants/generated_xor_chain_16_original.blif,variants/generated_xor_chain_16_refactor.blif
generated_xor_chain_16,refactor,new_n22,1,new_n22,1.0,1.0,1.0,1.0,3,3,1,exact_anchor,1,0,4096,0,d8f1c3516ba26cb3,d8f1c3516ba26cb3,3,3,2,2,exact anchor SAT sanity check (score 1.000),True,variants/generated_xor_chain_16_original.blif,variants/generated_xor_chain_16_refactor.blif
generated_xor_chain_16,refactor,new_n23,1,new_n23,1.0,1.0,1.0,1.0,4,4,1,exact_anchor,1,0,4096,0,24f5a6efa1b5c042,24f5a6efa1b5c042,3,3,2,2,exact anchor SAT sanity check (score 1.000),True,variants/generated_xor_chain_16_original.blif,variants/generated_xor_chain_16_refactor.blif
generated_xor_chain_16,refactor,new_n24,1,new_n24,1.0,1.0,1.0,1.0,5,5,1,exact_anchor,1,0,4096,0,82a79a7bbfa077ca,82a79a7bbfa077ca,4,4,2,2,exact anchor SAT sanity check (score 1.000),True,variants/generated_xor_chain_16_original.blif,variants/generated_xor_chain_16_refactor.blif
generated_xor_chain_16,refactor,new_n25,1,new_n25,1.0,1.0,1.0,1.0,5,5,1,exact_anchor,1,0,4096,0,207a2b18e6cbf162,207a2b18e6cbf162,4,4,2,2,exact anchor SAT sanity check (score 1.000),True,variants/generated_xor_chain_16_original.blif,variants/generated_xor_chain_16_refactor.blif
generated_xor_chain_16,refactor,new_n26,1,new_n26,1.0,1.0,1.0,1.0,6,6,1,exact_anchor,1,0,4096,0,842e49bb890833f7,842e49bb890833f7,4,4,2,2,exact anchor SAT sanity check (score 1.000),True,variants/generated_xor_chain_16_original.blif,variants/generated_xor_chain_16_refactor.blif
generated_xor_chain_16,refactor,new_n27,1,new_n27,1.0,1.0,1.0,1.0,7,7,1,exact_anchor,1,0,4096,0,4b6a1dc8e031e9d9,4b6a1dc8e031e9d9,5,5,2,2,exact anchor SAT sanity check (score 1.000),True,variants/generated_xor_chain_16_original.blif,variants/generated_xor_chain_16_refactor.blif
generated_xor_chain_16,refactor,new_n28,1,new_n28,1.0,1.0,1.0,1.0,7,7,1,exact_anchor,1,0,4096,0,8bf5da1d35004f25,8bf5da1d35004f25,5,5,2,2,exact anchor SAT sanity check (score 1.000),True,variants/generated_xor_chain_16_original.blif,variants/generated_xor_chain_16_refactor.blif
generated_xor_chain_16,refactor,new_n29,1,new_n29,1.0,1.0,1.0,1.0,8,8,1,exact_anchor,1,0,4096,0,64646ebfba41526e,64646ebfba41526e,5,5,2,2,exact anchor SAT sanity check (score 1.000),True,variants/generated_xor_chain_16_original.blif,variants/generated_xor_chain_16_refactor.blif
generated_xor_chain_16,refactor,new_n30,1,new_n30,1.0,1.0,1.0,1.0,9,9,1,exact_anchor,1,0,4096,0,f3c3be0e0516da16,f3c3be0e0516da16,6,6,2,2,exact anchor SAT sanity check (score 1.000),True,variants/generated_xor_chain_16_original.blif,variants/generated_xor_chain_16_refactor.blif
generated_xor_chain_16,refactor,new_n31,1,new_n31,1.0,1.0,1.0,1.0,9,9,1,exact_anchor,1,0,4096,0,c308dc8f80612589,c308dc8f80612589,6,6,2,2,exact anchor SAT sanity check (score 1.000),True,variants/generated_xor_chain_16_original.blif,variants/generated_xor_chain_16_refactor.blif
generated_xor_chain_16,refactor,new_n32,1,new_n32,1.0,1.0,1.0,1.0,10,10,1,exact_anchor,1,0,4096,0,b39290f826b0df34,b39290f826b0df34,6,6,2,2,exact anchor SAT sanity check (score 1.000),True,variants/generated_xor_chain_16_original.blif,variants/generated_xor_chain_16_refactor.blif
generated_xor_chain_16,refactor,new_n33,1,new_n33,1.0,1.0,1.0,1.0,11,11,1,exact_anchor,1,0,4096,0,98748b4987efcace,98748b4987efcace,7,7,2,2,exact anchor SAT sanity check (score 1.000),True,variants/generated_xor_chain_16_original.blif,variants/generated_xor_chain_16_refactor.blif
generated_xor_chain_16,refactor,new_n34,1,new_n34,1.0,1.0,1.0,1.0,11,11,1,exact_anchor,1,0,4096,0,e0ed6989dd466f82,e0ed6989dd466f82,7,7,2,2,exact anchor SAT sanity check (score 1.000),True,variants/generated_xor_chain_16_original.blif,variants/generated_xor_chain_16_refactor.blif
generated_xor_chain_16,refactor,new_n35,1,new_n35,1.0,1.0,1.0,1.0,12,12,1,exact_anchor,1,0,4096,0,e748e5e009e29ae3,e748e5e009e29ae3,7,7,2,2,exact anchor SAT sanity check (score 1.000),True,variants/generated_xor_chain_16_original.blif,variants/generated_xor_chain_16_refactor.blif
generated_xor_chain_16,refactor,new_n36,1,new_n36,1.0,1.0,1.0,1.0,13,13,1,exact_anchor,1,0,4096,0,71b3f1f8c39c925e,71b3f1f8c39c925e,8,8,2,2,exact anchor SAT sanity check (score 1.000),True,variants/generated_xor_chain_16_original.blif,variants/generated_xor_chain_16_refactor.blif
generated_xor_chain_16,refactor,new_n37,1,new_n37,1.0,1.0,1.0,1.0,13,13,1,exact_anchor,1,0,4096,0,270b7751f0df6fe3,270b7751f0df6fe3,8,8,2,2,exact anchor SAT sanity check (score 1.000),True,variants/generated_xor_chain_16_original.blif,variants/generated_xor_chain_16_refactor.blif
generated_xor_chain_16,refactor,new_n38,1,new_n38,1.0,1.0,1.0,1.0,14,14,1,exact_anchor,1,0,4096,0,bd57c54c01e6ef3e,bd57c54c01e6ef3e,8,8,2,2,exact anchor SAT sanity check (score 1.000),True,variants/generated_xor_chain_16_original.blif,variants/generated_xor_chain_16_refactor.blif
generated_xor_chain_16,refactor,new_n39,1,new_n39,1.0,1.0,1.0,1.0,15,15,1,exact_anchor,1,0,4096,0,39269b7a34173938,39269b7a34173938,9,9,2,2,exact anchor SAT sanity check (score 1.000),True,variants/generated_xor_chain_16_original.blif,variants/generated_xor_chain_16_refactor.blif
generated_xor_chain_16,refactor,new_n40,1,new_n40,1.0,1.0,1.0,1.0,15,15,1,exact_anchor,1,0,4096,0,16e8f8f5d962cc61,16e8f8f5d962cc61,9,9,2,2,exact anchor SAT sanity check (score 1.000),True,variants/generated_xor_chain_16_original.blif,variants/generated_xor_chain_16_refactor.blif
generated_xor_chain_16,refactor,new_n41,1,new_n41,1.0,1.0,1.0,1.0,16,16,1,exact_anchor,1,0,4096,0,91ea121987e7d99b,91ea121987e7d99b,9,9,2,2,exact anchor SAT sanity check (score 1.000),True,variants/generated_xor_chain_16_original.blif,variants/generated_xor_chain_16_refactor.blif
generated_xor_chain_16,refactor,new_n42,1,new_n42,1.0,1.0,1.0,1.0,17,17,1,exact_anchor,1,0,4096,0,6814966eace69531,6814966eace69531,10,10,2,2,exact anchor SAT sanity check (score 1.000),True,variants/generated_xor_chain_16_original.blif,variants/generated_xor_chain_16_refactor.blif
generated_xor_chain_16,refactor,new_n43,1,new_n43,1.0,1.0,1.0,1.0,17,17,1,exact_anchor,1,0,4096,0,efe3ca98da9e0770,efe3ca98da9e0770,10,10,2,2,exact anchor SAT sanity check (score 1.000),True,variants/generated_xor_chain_16_original.blif,variants/generated_xor_chain_16_refactor.blif
generated_xor_chain_16,refactor,new_n44,1,new_n44,1.0,1.0,1.0,1.0,18,18,1,exact_anchor,1,0,4096,0,ffde0e19096c5b59,ffde0e19096c5b59,10,10,2,2,exact anchor SAT sanity check (score 1.000),True,variants/generated_xor_chain_16_original.blif,variants/generated_xor_chain_16_refactor.blif
generated_xor_chain_16,refactor,new_n45,1,new_n45,1.0,1.0,1.0,1.0,19,19,1,exact_anchor,1,0,4096,0,1f2230075ad84ff4,1f2230075ad84ff4,11,11,2,2,exact anchor SAT sanity check (score 1.000),True,variants/generated_xor_chain_16_original.blif,variants/generated_xor_chain_16_refactor.blif
generated_xor_chain_16,refactor,new_n46,1,new_n46,1.0,1.0,1.0,1.0,19,19,1,exact_anchor,1,0,4096,0,17945fb2ddf062ef,17945fb2ddf062ef,11,11,2,2,exact anchor SAT sanity check (score 1.000),True,variants/generated_xor_chain_16_original.blif,variants/generated_xor_chain_16_refactor.blif
generated_xor_chain_16,refactor,new_n47,1,new_n47,1.0,1.0,1.0,1.0,20,20,1,exact_anchor,1,0,4096,0,c90371575d916994,c90371575d916994,11,11,2,2,exact anchor SAT sanity check (score 1.000),True,variants/generated_xor_chain_16_original.blif,variants/generated_xor_chain_16_refactor.blif
generated_xor_chain_16,refactor,new_n48,1,new_n48,1.0,1.0,1.0,1.0,21,21,1,exact_anchor,1,0,4096,0,f582cbff883f2a25,f582cbff883f2a25,12,12,2,2,exact anchor SAT sanity check (score 1.000),True,variants/generated_xor_chain_16_original.blif,variants/generated_xor_chain_16_refactor.blif
generated_xor_chain_16,refactor,new_n49,1,new_n49,1.0,1.0,1.0,1.0,21,21,1,exact_anchor,1,0,4096,0,69da9f37698ecce0,69da9f37698ecce0,12,12,2,2,exact anchor SAT sanity check (score 1.000),True,variants/generated_xor_chain_16_original.blif,variants/generated_xor_chain_16_refactor.blif
generated_xor_chain_16,refactor,new_n50,1,new_n50,1.0,1.0,1.0,1.0,22,22,1,exact_anchor,1,0,4096,0,f71bcd5da9b00c9c,f71bcd5da9b00c9c,12,12,2,2,exact anchor SAT sanity check (score 1.000),True,variants/generated_xor_chain_16_original.blif,variants/generated_xor_chain_16_refactor.blif
generated_xor_chain_16,refactor,new_n51,1,new_n51,1.0,1.0,1.0,1.0,23,23,1,exact_anchor,1,0,4096,0,e7237d335814494f,e7237d335814494f,13,13,2,2,exact anchor SAT sanity check (score 1.000),True,variants/generated_xor_chain_16_original.blif,variants/generated_xor_chain_16_refactor.blif
generated_xor_chain_16,refactor,new_n52,1,new_n52,1.0,1.0,1.0,1.0,23,23,1,exact_anchor,1,0,4096,0,13a39b7cf3622444,13a39b7cf3622444,13,13,2,2,exact anchor SAT sanity check (score 1.000),True,variants/generated_xor_chain_16_original.blif,variants/generated_xor_chain_16_refactor.blif
generated_xor_chain_16,refactor,new_n53,1,new_n53,1.0,1.0,1.0,1.0,24,24,1,exact_anchor,1,0,4096,0,e4e908e47f389445,e4e908e47f389445,13,13,2,2,exact anchor SAT sanity check (score 1.000),True,variants/generated_xor_chain_16_original.blif,variants/generated_xor_chain_16_refactor.blif
generated_xor_chain_16,refactor,new_n54,1,new_n54,1.0,1.0,1.0,1.0,25,25,1,exact_anchor,1,0,4096,0,873d69b197153803,873d69b197153803,14,14,2,2,exact anchor SAT sanity check (score 1.000),True,variants/generated_xor_chain_16_original.blif,variants/generated_xor_chain_16_refactor.blif
generated_xor_chain_16,refactor,new_n55,1,new_n55,1.0,1.0,1.0,1.0,25,25,1,exact_anchor,1,0,4096,0,a1892637b93ffd38,a1892637b93ffd38,14,14,2,2,exact anchor SAT sanity check (score 1.000),True,variants/generated_xor_chain_16_original.blif,variants/generated_xor_chain_16_refactor.blif
generated_xor_chain_16,refactor,new_n56,1,new_n56,1.0,1.0,1.0,1.0,26,26,1,exact_anchor,1,0,4096,0,b156b647de0b768a,b156b647de0b768a,14,14,2,2,exact anchor SAT sanity check (score 1.000),True,variants/generated_xor_chain_16_original.blif,variants/generated_xor_chain_16_refactor.blif
generated_xor_chain_16,refactor,new_n57,1,new_n57,1.0,1.0,1.0,1.0,27,27,1,exact_anchor,1,0,4096,0,d11401d0854a8811,d11401d0854a8811,15,15,2,2,exact anchor SAT sanity check (score 1.000),True,variants/generated_xor_chain_16_original.blif,variants/generated_xor_chain_16_refactor.blif
generated_xor_chain_16,refactor,new_n58,1,new_n58,1.0,1.0,1.0,1.0,27,27,1,exact_anchor,1,0,4096,0,e32fa4b208e74921,e32fa4b208e74921,15,15,2,2,exact anchor SAT sanity check (score 1.000),True,variants/generated_xor_chain_16_original.blif,variants/generated_xor_chain_16_refactor.blif
generated_xor_chain_16,refactor,new_n59,1,new_n59,1.0,1.0,1.0,1.0,28,28,1,exact_anchor,1,0,4096,0,8258123601d3c478,8258123601d3c478,15,15,2,2,exact anchor SAT sanity check (score 1.000),True,variants/generated_xor_chain_16_original.blif,variants/generated_xor_chain_16_refactor.blif
generated_xor_chain_16,refactor,new_n60,1,new_n60,1.0,1.0,1.0,1.0,29,29,1,exact_anchor,1,0,4096,0,ca81efd64baba313,ca81efd64baba313,16,16,2,2,exact anchor SAT sanity check (score 1.000),True,variants/generated_xor_chain_16_original.blif,variants/generated_xor_chain_16_refactor.blif
generated_xor_chain_16,refactor,new_n61,1,new_n61,1.0,1.0,1.0,1.0,29,29,1,exact_anchor,1,0,4096,0,e45361cdd9071b63,e45361cdd9071b63,16,16,2,2,exact anchor SAT sanity check (score 1.000),True,variants/generated_xor_chain_16_original.blif,variants/generated_xor_chain_16_refactor.blif
generated_xor_chain_16,refactor_z,new_n21,1,new_n21,1.0,1.0,1.0,1.0,3,3,1,exact_anchor,1,0,4096,0,f3943bc8b8a34a9a,f3943bc8b8a34a9a,3,3,2,2,exact anchor SAT sanity check (score 1.000),True,variants/generated_xor_chain_16_original.blif,variants/generated_xor_chain_16_refactor_z.blif
generated_xor_chain_16,refactor_z,new_n22,1,new_n22,1.0,1.0,1.0,1.0,3,3,1,exact_anchor,1,0,4096,0,d8f1c3516ba26cb3,d8f1c3516ba26cb3,3,3,2,2,exact anchor SAT sanity check (score 1.000),True,variants/generated_xor_chain_16_original.blif,variants/generated_xor_chain_16_refactor_z.blif
generated_xor_chain_16,refactor_z,new_n23,1,new_n23,1.0,1.0,1.0,1.0,4,4,1,exact_anchor,1,0,4096,0,24f5a6efa1b5c042,24f5a6efa1b5c042,3,3,2,2,exact anchor SAT sanity check (score 1.000),True,variants/generated_xor_chain_16_original.blif,variants/generated_xor_chain_16_refactor_z.blif
generated_xor_chain_16,refactor_z,new_n24,1,new_n24,1.0,1.0,1.0,1.0,5,5,1,exact_anchor,1,0,4096,0,82a79a7bbfa077ca,82a79a7bbfa077ca,4,4,2,2,exact anchor SAT sanity check (score 1.000),True,variants/generated_xor_chain_16_original.blif,variants/generated_xor_chain_16_refactor_z.blif
generated_xor_chain_16,refactor_z,new_n25,1,new_n25,1.0,1.0,1.0,1.0,5,5,1,exact_anchor,1,0,4096,0,207a2b18e6cbf162,207a2b18e6cbf162,4,4,2,2,exact anchor SAT sanity check (score 1.000),True,variants/generated_xor_chain_16_original.blif,variants/generated_xor_chain_16_refactor_z.blif
generated_xor_chain_16,refactor_z,new_n26,1,new_n26,1.0,1.0,1.0,1.0,6,6,1,exact_anchor,1,0,4096,0,842e49bb890833f7,842e49bb890833f7,4,4,2,2,exact anchor SAT sanity check (score 1.000),True,variants/generated_xor_chain_16_original.blif,variants/generated_xor_chain_16_refactor_z.blif
generated_xor_chain_16,refactor_z,new_n27,1,new_n27,1.0,1.0,1.0,1.0,7,7,1,exact_anchor,1,0,4096,0,4b6a1dc8e031e9d9,4b6a1dc8e031e9d9,5,5,2,2,exact anchor SAT sanity check (score 1.000),True,variants/generated_xor_chain_16_original.blif,variants/generated_xor_chain_16_refactor_z.blif
generated_xor_chain_16,refactor_z,new_n28,1,new_n28,1.0,1.0,1.0,1.0,7,7,1,exact_anchor,1,0,4096,0,8bf5da1d35004f25,8bf5da1d35004f25,5,5,2,2,exact anchor SAT sanity check (score 1.000),True,variants/generated_xor_chain_16_original.blif,variants/generated_xor_chain_16_refactor_z.blif
generated_xor_chain_16,refactor_z,new_n29,1,new_n29,1.0,1.0,1.0,1.0,8,8,1,exact_anchor,1,0,4096,0,64646ebfba41526e,64646ebfba41526e,5,5,2,2,exact anchor SAT sanity check (score 1.000),True,variants/generated_xor_chain_16_original.blif,variants/generated_xor_chain_16_refactor_z.blif
generated_xor_chain_16,refactor_z,new_n30,1,new_n30,1.0,1.0,1.0,1.0,9,9,1,exact_anchor,1,0,4096,0,f3c3be0e0516da16,f3c3be0e0516da16,6,6,2,2,exact anchor SAT sanity check (score 1.000),True,variants/generated_xor_chain_16_original.blif,variants/generated_xor_chain_16_refactor_z.blif
generated_xor_chain_16,refactor_z,new_n31,1,new_n31,1.0,1.0,1.0,1.0,9,9,1,exact_anchor,1,0,4096,0,c308dc8f80612589,c308dc8f80612589,6,6,2,2,exact anchor SAT sanity check (score 1.000),True,variants/generated_xor_chain_16_original.blif,variants/generated_xor_chain_16_refactor_z.blif
generated_xor_chain_16,refactor_z,new_n32,1,new_n32,1.0,1.0,1.0,1.0,10,10,1,exact_anchor,1,0,4096,0,b39290f826b0df34,b39290f826b0df34,6,6,2,2,exact anchor SAT sanity check (score 1.000),True,variants/generated_xor_chain_16_original.blif,variants/generated_xor_chain_16_refactor_z.blif
generated_xor_chain_16,refactor_z,new_n33,1,new_n33,1.0,1.0,1.0,1.0,11,11,1,exact_anchor,1,0,4096,0,98748b4987efcace,98748b4987efcace,7,7,2,2,exact anchor SAT sanity check (score 1.000),True,variants/generated_xor_chain_16_original.blif,variants/generated_xor_chain_16_refactor_z.blif
generated_xor_chain_16,refactor_z,new_n34,1,new_n34,1.0,1.0,1.0,1.0,11,11,1,exact_anchor,1,0,4096,0,e0ed6989dd466f82,e0ed6989dd466f82,7,7,2,2,exact anchor SAT sanity check (score 1.000),True,variants/generated_xor_chain_16_original.blif,variants/generated_xor_chain_16_refactor_z.blif
generated_xor_chain_16,refactor_z,new_n35,1,new_n35,1.0,1.0,1.0,1.0,12,12,1,exact_anchor,1,0,4096,0,e748e5e009e29ae3,e748e5e009e29ae3,7,7,2,2,exact anchor SAT sanity check (score 1.000),True,variants/generated_xor_chain_16_original.blif,variants/generated_xor_chain_16_refactor_z.blif
generated_xor_chain_16,refactor_z,new_n36,1,new_n36,1.0,1.0,1.0,1.0,13,13,1,exact_anchor,1,0,4096,0,71b3f1f8c39c925e,71b3f1f8c39c925e,8,8,2,2,exact anchor SAT sanity check (score 1.000),True,variants/generated_xor_chain_16_original.blif,variants/generated_xor_chain_16_refactor_z.blif
generated_xor_chain_16,refactor_z,new_n37,1,new_n37,1.0,1.0,1.0,1.0,13,13,1,exact_anchor,1,0,4096,0,270b7751f0df6fe3,270b7751f0df6fe3,8,8,2,2,exact anchor SAT sanity check (score 1.000),True,variants/generated_xor_chain_16_original.blif,variants/generated_xor_chain_16_refactor_z.blif
generated_xor_chain_16,refactor_z,new_n38,1,new_n38,1.0,1.0,1.0,1.0,14,14,1,exact_anchor,1,0,4096,0,bd57c54c01e6ef3e,bd57c54c01e6ef3e,8,8,2,2,exact anchor SAT sanity check (score 1.000),True,variants/generated_xor_chain_16_original.blif,variants/generated_xor_chain_16_refactor_z.blif
generated_xor_chain_16,refactor_z,new_n39,1,new_n39,1.0,1.0,1.0,1.0,15,15,1,exact_anchor,1,0,4096,0,39269b7a34173938,39269b7a34173938,9,9,2,2,exact anchor SAT sanity check (score 1.000),True,variants/generated_xor_chain_16_original.blif,variants/generated_xor_chain_16_refactor_z.blif
generated_xor_chain_16,refactor_z,new_n40,1,new_n40,1.0,1.0,1.0,1.0,15,15,1,exact_anchor,1,0,4096,0,16e8f8f5d962cc61,16e8f8f5d962cc61,9,9,2,2,exact anchor SAT sanity check (score 1.000),True,variants/generated_xor_chain_16_original.blif,variants/generated_xor_chain_16_refactor_z.blif
generated_xor_chain_16,refactor_z,new_n41,1,new_n41,1.0,1.0,1.0,1.0,16,16,1,exact_anchor,1,0,4096,0,91ea121987e7d99b,91ea121987e7d99b,9,9,2,2,exact anchor SAT sanity check (score 1.000),True,variants/generated_xor_chain_16_original.blif,variants/generated_xor_chain_16_refactor_z.blif
generated_xor_chain_16,refactor_z,new_n42,1,new_n42,1.0,1.0,1.0,1.0,17,17,1,exact_anchor,1,0,4096,0,6814966eace69531,6814966eace69531,10,10,2,2,exact anchor SAT sanity check (score 1.000),True,variants/generated_xor_chain_16_original.blif,variants/generated_xor_chain_16_refactor_z.blif
generated_xor_chain_16,refactor_z,new_n43,1,new_n43,1.0,1.0,1.0,1.0,17,17,1,exact_anchor,1,0,4096,0,efe3ca98da9e0770,efe3ca98da9e0770,10,10,2,2,exact anchor SAT sanity check (score 1.000),True,variants/generated_xor_chain_16_original.blif,variants/generated_xor_chain_16_refactor_z.blif
generated_xor_chain_16,refactor_z,new_n44,1,new_n44,1.0,1.0,1.0,1.0,18,18,1,exact_anchor,1,0,4096,0,ffde0e19096c5b59,ffde0e19096c5b59,10,10,2,2,exact anchor SAT sanity check (score 1.000),True,variants/generated_xor_chain_16_original.blif,variants/generated_xor_chain_16_refactor_z.blif
generated_xor_chain_16,refactor_z,new_n45,1,new_n45,1.0,1.0,1.0,1.0,19,19,1,exact_anchor,1,0,4096,0,1f2230075ad84ff4,1f2230075ad84ff4,11,11,2,2,exact anchor SAT sanity check (score 1.000),True,variants/generated_xor_chain_16_original.blif,variants/generated_xor_chain_16_refactor_z.blif
generated_xor_chain_16,refactor_z,new_n46,1,new_n46,1.0,1.0,1.0,1.0,19,19,1,exact_anchor,1,0,4096,0,17945fb2ddf062ef,17945fb2ddf062ef,11,11,2,2,exact anchor SAT sanity check (score 1.000),True,variants/generated_xor_chain_16_original.blif,variants/generated_xor_chain_16_refactor_z.blif
generated_xor_chain_16,refactor_z,new_n47,1,new_n47,1.0,1.0,1.0,1.0,20,20,1,exact_anchor,1,0,4096,0,c90371575d916994,c90371575d916994,11,11,2,2,exact anchor SAT sanity check (score 1.000),True,variants/generated_xor_chain_16_original.blif,variants/generated_xor_chain_16_refactor_z.blif
generated_xor_chain_16,refactor_z,new_n48,1,new_n48,1.0,1.0,1.0,1.0,21,21,1,exact_anchor,1,0,4096,0,f582cbff883f2a25,f582cbff883f2a25,12,12,2,2,exact anchor SAT sanity check (score 1.000),True,variants/generated_xor_chain_16_original.blif,variants/generated_xor_chain_16_refactor_z.blif
generated_xor_chain_16,refactor_z,new_n49,1,new_n49,1.0,1.0,1.0,1.0,21,21,1,exact_anchor,1,0,4096,0,69da9f37698ecce0,69da9f37698ecce0,12,12,2,2,exact anchor SAT sanity check (score 1.000),True,variants/generated_xor_chain_16_original.blif,variants/generated_xor_chain_16_refactor_z.blif
generated_xor_chain_16,refactor_z,new_n50,1,new_n50,1.0,1.0,1.0,1.0,22,22,1,exact_anchor,1,0,4096,0,f71bcd5da9b00c9c,f71bcd5da9b00c9c,12,12,2,2,exact anchor SAT sanity check (score 1.000),True,variants/generated_xor_chain_16_original.blif,variants/generated_xor_chain_16_refactor_z.blif
generated_xor_chain_16,refactor_z,new_n51,1,new_n51,1.0,1.0,1.0,1.0,23,23,1,exact_anchor,1,0,4096,0,e7237d335814494f,e7237d335814494f,13,13,2,2,exact anchor SAT sanity check (score 1.000),True,variants/generated_xor_chain_16_original.blif,variants/generated_xor_chain_16_refactor_z.blif
generated_xor_chain_16,refactor_z,new_n52,1,new_n52,1.0,1.0,1.0,1.0,23,23,1,exact_anchor,1,0,4096,0,13a39b7cf3622444,13a39b7cf3622444,13,13,2,2,exact anchor SAT sanity check (score 1.000),True,variants/generated_xor_chain_16_original.blif,variants/generated_xor_chain_16_refactor_z.blif
generated_xor_chain_16,refactor_z,new_n53,1,new_n53,1.0,1.0,1.0,1.0,24,24,1,exact_anchor,1,0,4096,0,e4e908e47f389445,e4e908e47f389445,13,13,2,2,exact anchor SAT sanity check (score 1.000),True,variants/generated_xor_chain_16_original.blif,variants/generated_xor_chain_16_refactor_z.blif
generated_xor_chain_16,refactor_z,new_n54,1,new_n54,1.0,1.0,1.0,1.0,25,25,1,exact_anchor,1,0,4096,0,873d69b197153803,873d69b197153803,14,14,2,2,exact anchor SAT sanity check (score 1.000),True,variants/generated_xor_chain_16_original.blif,variants/generated_xor_chain_16_refactor_z.blif
generated_xor_chain_16,refactor_z,new_n55,1,new_n55,1.0,1.0,1.0,1.0,25,25,1,exact_anchor,1,0,4096,0,a1892637b93ffd38,a1892637b93ffd38,14,14,2,2,exact anchor SAT sanity check (score 1.000),True,variants/generated_xor_chain_16_original.blif,variants/generated_xor_chain_16_refactor_z.blif
generated_xor_chain_16,refactor_z,new_n56,1,new_n56,1.0,1.0,1.0,1.0,26,26,1,exact_anchor,1,0,4096,0,b156b647de0b768a,b156b647de0b768a,14,14,2,2,exact anchor SAT sanity check (score 1.000),True,variants/generated_xor_chain_16_original.blif,variants/generated_xor_chain_16_refactor_z.blif
generated_xor_chain_16,refactor_z,new_n57,1,new_n57,1.0,1.0,1.0,1.0,27,27,1,exact_anchor,1,0,4096,0,d11401d0854a8811,d11401d0854a8811,15,15,2,2,exact anchor SAT sanity check (score 1.000),True,variants/generated_xor_chain_16_original.blif,variants/generated_xor_chain_16_refactor_z.blif
generated_xor_chain_16,refactor_z,new_n58,1,new_n58,1.0,1.0,1.0,1.0,27,27,1,exact_anchor,1,0,4096,0,e32fa4b208e74921,e32fa4b208e74921,15,15,2,2,exact anchor SAT sanity check (score 1.000),True,variants/generated_xor_chain_16_original.blif,variants/generated_xor_chain_16_refactor_z.blif
generated_xor_chain_16,refactor_z,new_n59,1,new_n59,1.0,1.0,1.0,1.0,28,28,1,exact_anchor,1,0,4096,0,8258123601d3c478,8258123601d3c478,15,15,2,2,exact anchor SAT sanity check (score 1.000),True,variants/generated_xor_chain_16_original.blif,variants/generated_xor_chain_16_refactor_z.blif
generated_xor_chain_16,refactor_z,new_n60,1,new_n60,1.0,1.0,1.0,1.0,29,29,1,exact_anchor,1,0,4096,0,ca81efd64baba313,ca81efd64baba313,16,16,2,2,exact anchor SAT sanity check (score 1.000),True,variants/generated_xor_chain_16_original.blif,variants/generated_xor_chain_16_refactor_z.blif
generated_xor_chain_16,refactor_z,new_n61,1,new_n61,1.0,1.0,1.0,1.0,29,29,1,exact_anchor,1,0,4096,0,e45361cdd9071b63,e45361cdd9071b63,16,16,2,2,exact anchor SAT sanity check (score 1.000),True,variants/generated_xor_chain_16_original.blif,variants/generated_xor_chain_16_refactor_z.blif
generated_xor_chain_16,resub,new_n18,1,new_n18,1.0,1.0,1.0,1.0,1,1,1,exact_anchor,1,0,4096,0,1560debce216ff9f,1560debce216ff9f,2,2,2,2,exact anchor SAT sanity check (score 1.000),True,variants/generated_xor_chain_16_original.blif,variants/generated_xor_chain_16_resub.blif
generated_xor_chain_16,resub,new_n19,1,new_n19,1.0,1.0,1.0,1.0,1,1,1,exact_anchor,1,0,4096,0,78657c2cc9db4143,78657c2cc9db4143,2,2,2,2,exact anchor SAT sanity check (score 1.000),True,variants/generated_xor_chain_16_original.blif,variants/generated_xor_chain_16_resub.blif
generated_xor_chain_16,resub,new_n20,1,new_n20,1.0,1.0,1.0,1.0,2,2,1,exact_anchor,1,0,4096,0,98c71d4eb652bfca,98c71d4eb652bfca,2,2,2,2,exact anchor SAT sanity check (score 1.000),True,variants/generated_xor_chain_16_original.blif,variants/generated_xor_chain_16_resub.blif
generated_xor_chain_16,resub,new_n21,1,new_n21,1.0,1.0,1.0,1.0,3,3,1,exact_anchor,1,0,4096,0,f3943bc8b8a34a9a,f3943bc8b8a34a9a,3,3,2,2,exact anchor SAT sanity check (score 1.000),True,variants/generated_xor_chain_16_original.blif,variants/generated_xor_chain_16_resub.blif
generated_xor_chain_16,resub,new_n22,1,new_n22,1.0,1.0,1.0,1.0,3,3,1,exact_anchor,1,0,4096,0,d8f1c3516ba26cb3,d8f1c3516ba26cb3,3,3,2,2,exact anchor SAT sanity check (score 1.000),True,variants/generated_xor_chain_16_original.blif,variants/generated_xor_chain_16_resub.blif
generated_xor_chain_16,resub,new_n23,1,new_n23,1.0,1.0,1.0,1.0,4,4,1,exact_anchor,1,0,4096,0,24f5a6efa1b5c042,24f5a6efa1b5c042,3,3,2,2,exact anchor SAT sanity check (score 1.000),True,variants/generated_xor_chain_16_original.blif,variants/generated_xor_chain_16_resub.blif
generated_xor_chain_16,resub,new_n24,1,new_n24,1.0,1.0,1.0,1.0,5,5,1,exact_anchor,1,0,4096,0,82a79a7bbfa077ca,82a79a7bbfa077ca,4,4,2,2,exact anchor SAT sanity check (score 1.000),True,variants/generated_xor_chain_16_original.blif,variants/generated_xor_chain_16_resub.blif
generated_xor_chain_16,resub,new_n25,1,new_n25,1.0,1.0,1.0,1.0,5,5,1,exact_anchor,1,0,4096,0,207a2b18e6cbf162,207a2b18e6cbf162,4,4,2,2,exact anchor SAT sanity check (score 1.000),True,variants/generated_xor_chain_16_original.blif,variants/generated_xor_chain_16_resub.blif
generated_xor_chain_16,resub,new_n26,1,new_n26,1.0,1.0,1.0,1.0,6,6,1,exact_anchor,1,0,4096,0,842e49bb890833f7,842e49bb890833f7,4,4,2,2,exact anchor SAT sanity check (score 1.000),True,variants/generated_xor_chain_16_original.blif,variants/generated_xor_chain_16_resub.blif
generated_xor_chain_16,resub,new_n27,1,new_n27,1.0,1.0,1.0,1.0,7,7,1,exact_anchor,1,0,4096,0,4b6a1dc8e031e9d9,4b6a1dc8e031e9d9,5,5,2,2,exact anchor SAT sanity check (score 1.000),True,variants/generated_xor_chain_16_original.blif,variants/generated_xor_chain_16_resub.blif
generated_xor_chain_16,resub,new_n28,1,new_n28,1.0,1.0,1.0,1.0,7,7,1,exact_anchor,1,0,4096,0,8bf5da1d35004f25,8bf5da1d35004f25,5,5,2,2,exact anchor SAT sanity check (score 1.000),True,variants/generated_xor_chain_16_original.blif,variants/generated_xor_chain_16_resub.blif
generated_xor_chain_16,resub,new_n29,1,new_n29,1.0,1.0,1.0,1.0,8,8,1,exact_anchor,1,0,4096,0,64646ebfba41526e,64646ebfba41526e,5,5,2,2,exact anchor SAT sanity check (score 1.000),True,variants/generated_xor_chain_16_original.blif,variants/generated_xor_chain_16_resub.blif
generated_xor_chain_16,resub,new_n30,1,new_n30,1.0,1.0,1.0,1.0,9,9,1,exact_anchor,1,0,4096,0,f3c3be0e0516da16,f3c3be0e0516da16,6,6,2,2,exact anchor SAT sanity check (score 1.000),True,variants/generated_xor_chain_16_original.blif,variants/generated_xor_chain_16_resub.blif
generated_xor_chain_16,resub,new_n31,1,new_n31,1.0,1.0,1.0,1.0,9,9,1,exact_anchor,1,0,4096,0,c308dc8f80612589,c308dc8f80612589,6,6,2,2,exact anchor SAT sanity check (score 1.000),True,variants/generated_xor_chain_16_original.blif,variants/generated_xor_chain_16_resub.blif
generated_xor_chain_16,resub,new_n32,1,new_n32,1.0,1.0,1.0,1.0,10,10,1,exact_anchor,1,0,4096,0,b39290f826b0df34,b39290f826b0df34,6,6,2,2,exact anchor SAT sanity check (score 1.000),True,variants/generated_xor_chain_16_original.blif,variants/generated_xor_chain_16_resub.blif
generated_xor_chain_16,resub,new_n33,1,new_n33,1.0,1.0,1.0,1.0,11,11,1,exact_anchor,1,0,4096,0,98748b4987efcace,98748b4987efcace,7,7,2,2,exact anchor SAT sanity check (score 1.000),True,variants/generated_xor_chain_16_original.blif,variants/generated_xor_chain_16_resub.blif
generated_xor_chain_16,resub,new_n34,1,new_n34,1.0,1.0,1.0,1.0,11,11,1,exact_anchor,1,0,4096,0,e0ed6989dd466f82,e0ed6989dd466f82,7,7,2,2,exact anchor SAT sanity check (score 1.000),True,variants/generated_xor_chain_16_original.blif,variants/generated_xor_chain_16_resub.blif
generated_xor_chain_16,resub,new_n35,1,new_n35,1.0,1.0,1.0,1.0,12,12,1,exact_anchor,1,0,4096,0,e748e5e009e29ae3,e748e5e009e29ae3,7,7,2,2,exact anchor SAT sanity check (score 1.000),True,variants/generated_xor_chain_16_original.blif,variants/generated_xor_chain_16_resub.blif
generated_xor_chain_16,resub,new_n36,1,new_n36,1.0,1.0,1.0,1.0,13,13,1,exact_anchor,1,0,4096,0,71b3f1f8c39c925e,71b3f1f8c39c925e,8,8,2,2,exact anchor SAT sanity check (score 1.000),True,variants/generated_xor_chain_16_original.blif,variants/generated_xor_chain_16_resub.blif
generated_xor_chain_16,resub,new_n37,1,new_n37,1.0,1.0,1.0,1.0,13,13,1,exact_anchor,1,0,4096,0,270b7751f0df6fe3,270b7751f0df6fe3,8,8,2,2,exact anchor SAT sanity check (score 1.000),True,variants/generated_xor_chain_16_original.blif,variants/generated_xor_chain_16_resub.blif
generated_xor_chain_16,resub,new_n38,1,new_n38,1.0,1.0,1.0,1.0,14,14,1,exact_anchor,1,0,4096,0,bd57c54c01e6ef3e,bd57c54c01e6ef3e,8,8,2,2,exact anchor SAT sanity check (score 1.000),True,variants/generated_xor_chain_16_original.blif,variants/generated_xor_chain_16_resub.blif
generated_xor_chain_16,resub,new_n39,1,new_n39,1.0,1.0,1.0,1.0,15,15,1,exact_anchor,1,0,4096,0,39269b7a34173938,39269b7a34173938,9,9,2,2,exact anchor SAT sanity check (score 1.000),True,variants/generated_xor_chain_16_original.blif,variants/generated_xor_chain_16_resub.blif
generated_xor_chain_16,resub,new_n40,1,new_n40,1.0,1.0,1.0,1.0,15,15,1,exact_anchor,1,0,4096,0,16e8f8f5d962cc61,16e8f8f5d962cc61,9,9,2,2,exact anchor SAT sanity check (score 1.000),True,variants/generated_xor_chain_16_original.blif,variants/generated_xor_chain_16_resub.blif
generated_xor_chain_16,resub,new_n41,1,new_n41,1.0,1.0,1.0,1.0,16,16,1,exact_anchor,1,0,4096,0,91ea121987e7d99b,91ea121987e7d99b,9,9,2,2,exact anchor SAT sanity check (score 1.000),True,variants/generated_xor_chain_16_original.blif,variants/generated_xor_chain_16_resub.blif
generated_xor_chain_16,resub,new_n42,1,new_n42,1.0,1.0,1.0,1.0,17,17,1,exact_anchor,1,0,4096,0,6814966eace69531,6814966eace69531,10,10,2,2,exact anchor SAT sanity check (score 1.000),True,variants/generated_xor_chain_16_original.blif,variants/generated_xor_chain_16_resub.blif
generated_xor_chain_16,resub,new_n43,1,new_n43,1.0,1.0,1.0,1.0,17,17,1,exact_anchor,1,0,4096,0,efe3ca98da9e0770,efe3ca98da9e0770,10,10,2,2,exact anchor SAT sanity check (score 1.000),True,variants/generated_xor_chain_16_original.blif,variants/generated_xor_chain_16_resub.blif
generated_xor_chain_16,resub,new_n44,1,new_n44,1.0,1.0,1.0,1.0,18,18,1,exact_anchor,1,0,4096,0,ffde0e19096c5b59,ffde0e19096c5b59,10,10,2,2,exact anchor SAT sanity check (score 1.000),True,variants/generated_xor_chain_16_original.blif,variants/generated_xor_chain_16_resub.blif
generated_xor_chain_16,resub,new_n45,1,new_n45,1.0,1.0,1.0,1.0,19,19,1,exact_anchor,1,0,4096,0,1f2230075ad84ff4,1f2230075ad84ff4,11,11,2,2,exact anchor SAT sanity check (score 1.000),True,variants/generated_xor_chain_16_original.blif,variants/generated_xor_chain_16_resub.blif
generated_xor_chain_16,resub,new_n46,1,new_n46,1.0,1.0,1.0,1.0,19,19,1,exact_anchor,1,0,4096,0,17945fb2ddf062ef,17945fb2ddf062ef,11,11,2,2,exact anchor SAT sanity check (score 1.000),True,variants/generated_xor_chain_16_original.blif,variants/generated_xor_chain_16_resub.blif
generated_xor_chain_16,resub,new_n47,1,new_n47,1.0,1.0,1.0,1.0,20,20,1,exact_anchor,1,0,4096,0,c90371575d916994,c90371575d916994,11,11,2,2,exact anchor SAT sanity check (score 1.000),True,variants/generated_xor_chain_16_original.blif,variants/generated_xor_chain_16_resub.blif
generated_xor_chain_16,resub,new_n48,1,new_n48,1.0,1.0,1.0,1.0,21,21,1,exact_anchor,1,0,4096,0,f582cbff883f2a25,f582cbff883f2a25,12,12,2,2,exact anchor SAT sanity check (score 1.000),True,variants/generated_xor_chain_16_original.blif,variants/generated_xor_chain_16_resub.blif
generated_xor_chain_16,resub,new_n49,1,new_n49,1.0,1.0,1.0,1.0,21,21,1,exact_anchor,1,0,4096,0,69da9f37698ecce0,69da9f37698ecce0,12,12,2,2,exact anchor SAT sanity check (score 1.000),True,variants/generated_xor_chain_16_original.blif,variants/generated_xor_chain_16_resub.blif
generated_xor_chain_16,resub,new_n50,1,new_n50,1.0,1.0,1.0,1.0,22,22,1,exact_anchor,1,0,4096,0,f71bcd5da9b00c9c,f71bcd5da9b00c9c,12,12,2,2,exact anchor SAT sanity check (score 1.000),True,variants/generated_xor_chain_16_original.blif,variants/generated_xor_chain_16_resub.blif
generated_xor_chain_16,resub,new_n51,1,new_n51,1.0,1.0,1.0,1.0,23,23,1,exact_anchor,1,0,4096,0,e7237d335814494f,e7237d335814494f,13,13,2,2,exact anchor SAT sanity check (score 1.000),True,variants/generated_xor_chain_16_original.blif,variants/generated_xor_chain_16_resub.blif
generated_xor_chain_16,resub,new_n52,1,new_n52,1.0,1.0,1.0,1.0,23,23,1,exact_anchor,1,0,4096,0,13a39b7cf3622444,13a39b7cf3622444,13,13,2,2,exact anchor SAT sanity check (score 1.000),True,variants/generated_xor_chain_16_original.blif,variants/generated_xor_chain_16_resub.blif
generated_xor_chain_16,resub,new_n53,1,new_n53,1.0,1.0,1.0,1.0,24,24,1,exact_anchor,1,0,4096,0,e4e908e47f389445,e4e908e47f389445,13,13,2,2,exact anchor SAT sanity check (score 1.000),True,variants/generated_xor_chain_16_original.blif,variants/generated_xor_chain_16_resub.blif
generated_xor_chain_16,resub,new_n54,1,new_n54,1.0,1.0,1.0,1.0,25,25,1,exact_anchor,1,0,4096,0,873d69b197153803,873d69b197153803,14,14,2,2,exact anchor SAT sanity check (score 1.000),True,variants/generated_xor_chain_16_original.blif,variants/generated_xor_chain_16_resub.blif
generated_xor_chain_16,resub,new_n55,1,new_n55,1.0,1.0,1.0,1.0,25,25,1,exact_anchor,1,0,4096,0,a1892637b93ffd38,a1892637b93ffd38,14,14,2,2,exact anchor SAT sanity check (score 1.000),True,variants/generated_xor_chain_16_original.blif,variants/generated_xor_chain_16_resub.blif
generated_xor_chain_16,resub,new_n56,1,new_n56,1.0,1.0,1.0,1.0,26,26,1,exact_anchor,1,0,4096,0,b156b647de0b768a,b156b647de0b768a,14,14,2,2,exact anchor SAT sanity check (score 1.000),True,variants/generated_xor_chain_16_original.blif,variants/generated_xor_chain_16_resub.blif
generated_xor_chain_16,resub,new_n57,1,new_n57,1.0,1.0,1.0,1.0,27,27,1,exact_anchor,1,0,4096,0,d11401d0854a8811,d11401d0854a8811,15,15,2,2,exact anchor SAT sanity check (score 1.000),True,variants/generated_xor_chain_16_original.blif,variants/generated_xor_chain_16_resub.blif
generated_xor_chain_16,resub,new_n58,1,new_n58,1.0,1.0,1.0,1.0,27,27,1,exact_anchor,1,0,4096,0,e32fa4b208e74921,e32fa4b208e74921,15,15,2,2,exact anchor SAT sanity check (score 1.000),True,variants/generated_xor_chain_16_original.blif,variants/generated_xor_chain_16_resub.blif
generated_xor_chain_16,resub,new_n59,1,new_n59,1.0,1.0,1.0,1.0,28,28,1,exact_anchor,1,0,4096,0,8258123601d3c478,8258123601d3c478,15,15,2,2,exact anchor SAT sanity check (score 1.000),True,variants/generated_xor_chain_16_original.blif,variants/generated_xor_chain_16_resub.blif
generated_xor_chain_16,resub,new_n60,1,new_n60,1.0,1.0,1.0,1.0,29,29,1,exact_anchor,1,0,4096,0,ca81efd64baba313,ca81efd64baba313,16,16,2,2,exact anchor SAT sanity check (score 1.000),True,variants/generated_xor_chain_16_original.blif,variants/generated_xor_chain_16_resub.blif
generated_xor_chain_16,resub,new_n61,1,new_n61,1.0,1.0,1.0,1.0,29,29,1,exact_anchor,1,0,4096,0,e45361cdd9071b63,e45361cdd9071b63,16,16,2,2,exact anchor SAT sanity check (score 1.000),True,variants/generated_xor_chain_16_original.blif,variants/generated_xor_chain_16_resub.blif
generated_xor_chain_16,resyn,new_n18,1,new_n18,1.0,1.0,1.0,1.0,1,1,1,exact_anchor,1,0,4096,0,1560debce216ff9f,1560debce216ff9f,2,2,2,2,exact anchor SAT sanity check (score 1.000),True,variants/generated_xor_chain_16_original.blif,variants/generated_xor_chain_16_resyn.blif
generated_xor_chain_16,resyn,new_n19,1,new_n19,1.0,1.0,1.0,1.0,1,1,1,exact_anchor,1,0,4096,0,78657c2cc9db4143,78657c2cc9db4143,2,2,2,2,exact anchor SAT sanity check (score 1.000),True,variants/generated_xor_chain_16_original.blif,variants/generated_xor_chain_16_resyn.blif
generated_xor_chain_16,resyn,new_n20,1,new_n20,1.0,1.0,1.0,1.0,2,2,1,exact_anchor,1,0,4096,0,98c71d4eb652bfca,98c71d4eb652bfca,2,2,2,2,exact anchor SAT sanity check (score 1.000),True,variants/generated_xor_chain_16_original.blif,variants/generated_xor_chain_16_resyn.blif
generated_xor_chain_16,rewrite,new_n18,1,new_n18,1.0,1.0,1.0,1.0,1,1,1,exact_anchor,1,0,4096,0,1560debce216ff9f,1560debce216ff9f,2,2,2,2,exact anchor SAT sanity check (score 1.000),True,variants/generated_xor_chain_16_original.blif,variants/generated_xor_chain_16_rewrite.blif
generated_xor_chain_16,rewrite,new_n19,1,new_n19,1.0,1.0,1.0,1.0,1,1,1,exact_anchor,1,0,4096,0,78657c2cc9db4143,78657c2cc9db4143,2,2,2,2,exact anchor SAT sanity check (score 1.000),True,variants/generated_xor_chain_16_original.blif,variants/generated_xor_chain_16_rewrite.blif
generated_xor_chain_16,rewrite,new_n20,1,new_n20,1.0,1.0,1.0,1.0,2,2,1,exact_anchor,1,0,4096,0,98c71d4eb652bfca,98c71d4eb652bfca,2,2,2,2,exact anchor SAT sanity check (score 1.000),True,variants/generated_xor_chain_16_original.blif,variants/generated_xor_chain_16_rewrite.blif
generated_xor_chain_16,rewrite,new_n21,1,new_n21,1.0,1.0,1.0,1.0,3,3,1,exact_anchor,1,0,4096,0,f3943bc8b8a34a9a,f3943bc8b8a34a9a,3,3,2,2,exact anchor SAT sanity check (score 1.000),True,variants/generated_xor_chain_16_original.blif,variants/generated_xor_chain_16_rewrite.blif
generated_xor_chain_16,rewrite,new_n22,1,new_n22,1.0,1.0,1.0,1.0,3,3,1,exact_anchor,1,0,4096,0,d8f1c3516ba26cb3,d8f1c3516ba26cb3,3,3,2,2,exact anchor SAT sanity check (score 1.000),True,variants/generated_xor_chain_16_original.blif,variants/generated_xor_chain_16_rewrite.blif
generated_xor_chain_16,rewrite,new_n23,1,new_n23,1.0,1.0,1.0,1.0,4,4,1,exact_anchor,1,0,4096,0,24f5a6efa1b5c042,24f5a6efa1b5c042,3,3,2,2,exact anchor SAT sanity check (score 1.000),True,variants/generated_xor_chain_16_original.blif,variants/generated_xor_chain_16_rewrite.blif
generated_xor_chain_16,rewrite,new_n24,1,new_n24,1.0,1.0,1.0,1.0,5,5,1,exact_anchor,1,0,4096,0,82a79a7bbfa077ca,82a79a7bbfa077ca,4,4,2,2,exact anchor SAT sanity check (score 1.000),True,variants/generated_xor_chain_16_original.blif,variants/generated_xor_chain_16_rewrite.blif
generated_xor_chain_16,rewrite,new_n25,1,new_n25,1.0,1.0,1.0,1.0,5,5,1,exact_anchor,1,0,4096,0,207a2b18e6cbf162,207a2b18e6cbf162,4,4,2,2,exact anchor SAT sanity check (score 1.000),True,variants/generated_xor_chain_16_original.blif,variants/generated_xor_chain_16_rewrite.blif
generated_xor_chain_16,rewrite,new_n26,1,new_n26,1.0,1.0,1.0,1.0,6,6,1,exact_anchor,1,0,4096,0,842e49bb890833f7,842e49bb890833f7,4,4,2,2,exact anchor SAT sanity check (score 1.000),True,variants/generated_xor_chain_16_original.blif,variants/generated_xor_chain_16_rewrite.blif
generated_xor_chain_16,rewrite,new_n27,1,new_n27,1.0,1.0,1.0,1.0,7,7,1,exact_anchor,1,0,4096,0,4b6a1dc8e031e9d9,4b6a1dc8e031e9d9,5,5,2,2,exact anchor SAT sanity check (score 1.000),True,variants/generated_xor_chain_16_original.blif,variants/generated_xor_chain_16_rewrite.blif
generated_xor_chain_16,rewrite,new_n28,1,new_n28,1.0,1.0,1.0,1.0,7,7,1,exact_anchor,1,0,4096,0,8bf5da1d35004f25,8bf5da1d35004f25,5,5,2,2,exact anchor SAT sanity check (score 1.000),True,variants/generated_xor_chain_16_original.blif,variants/generated_xor_chain_16_rewrite.blif
generated_xor_chain_16,rewrite,new_n29,1,new_n29,1.0,1.0,1.0,1.0,8,8,1,exact_anchor,1,0,4096,0,64646ebfba41526e,64646ebfba41526e,5,5,2,2,exact anchor SAT sanity check (score 1.000),True,variants/generated_xor_chain_16_original.blif,variants/generated_xor_chain_16_rewrite.blif
generated_xor_chain_16,rewrite,new_n30,1,new_n30,1.0,1.0,1.0,1.0,9,9,1,exact_anchor,1,0,4096,0,f3c3be0e0516da16,f3c3be0e0516da16,6,6,2,2,exact anchor SAT sanity check (score 1.000),True,variants/generated_xor_chain_16_original.blif,variants/generated_xor_chain_16_rewrite.blif
generated_xor_chain_16,rewrite,new_n31,1,new_n31,1.0,1.0,1.0,1.0,9,9,1,exact_anchor,1,0,4096,0,c308dc8f80612589,c308dc8f80612589,6,6,2,2,exact anchor SAT sanity check (score 1.000),True,variants/generated_xor_chain_16_original.blif,variants/generated_xor_chain_16_rewrite.blif
generated_xor_chain_16,rewrite,new_n32,1,new_n32,1.0,1.0,1.0,1.0,10,10,1,exact_anchor,1,0,4096,0,b39290f826b0df34,b39290f826b0df34,6,6,2,2,exact anchor SAT sanity check (score 1.000),True,variants/generated_xor_chain_16_original.blif,variants/generated_xor_chain_16_rewrite.blif
generated_xor_chain_16,rewrite,new_n33,1,new_n33,1.0,1.0,1.0,1.0,11,11,1,exact_anchor,1,0,4096,0,98748b4987efcace,98748b4987efcace,7,7,2,2,exact anchor SAT sanity check (score 1.000),True,variants/generated_xor_chain_16_original.blif,variants/generated_xor_chain_16_rewrite.blif
generated_xor_chain_16,rewrite,new_n34,1,new_n34,1.0,1.0,1.0,1.0,11,11,1,exact_anchor,1,0,4096,0,e0ed6989dd466f82,e0ed6989dd466f82,7,7,2,2,exact anchor SAT sanity check (score 1.000),True,variants/generated_xor_chain_16_original.blif,variants/generated_xor_chain_16_rewrite.blif
generated_xor_chain_16,rewrite,new_n35,1,new_n35,1.0,1.0,1.0,1.0,12,12,1,exact_anchor,1,0,4096,0,e748e5e009e29ae3,e748e5e009e29ae3,7,7,2,2,exact anchor SAT sanity check (score 1.000),True,variants/generated_xor_chain_16_original.blif,variants/generated_xor_chain_16_rewrite.blif
generated_xor_chain_16,rewrite,new_n36,1,new_n36,1.0,1.0,1.0,1.0,13,13,1,exact_anchor,1,0,4096,0,71b3f1f8c39c925e,71b3f1f8c39c925e,8,8,2,2,exact anchor SAT sanity check (score 1.000),True,variants/generated_xor_chain_16_original.blif,variants/generated_xor_chain_16_rewrite.blif
generated_xor_chain_16,rewrite,new_n37,1,new_n37,1.0,1.0,1.0,1.0,13,13,1,exact_anchor,1,0,4096,0,270b7751f0df6fe3,270b7751f0df6fe3,8,8,2,2,exact anchor SAT sanity check (score 1.000),True,variants/generated_xor_chain_16_original.blif,variants/generated_xor_chain_16_rewrite.blif
generated_xor_chain_16,rewrite,new_n38,1,new_n38,1.0,1.0,1.0,1.0,14,14,1,exact_anchor,1,0,4096,0,bd57c54c01e6ef3e,bd57c54c01e6ef3e,8,8,2,2,exact anchor SAT sanity check (score 1.000),True,variants/generated_xor_chain_16_original.blif,variants/generated_xor_chain_16_rewrite.blif
generated_xor_chain_16,rewrite,new_n39,1,new_n39,1.0,1.0,1.0,1.0,15,15,1,exact_anchor,1,0,4096,0,39269b7a34173938,39269b7a34173938,9,9,2,2,exact anchor SAT sanity check (score 1.000),True,variants/generated_xor_chain_16_original.blif,variants/generated_xor_chain_16_rewrite.blif
generated_xor_chain_16,rewrite,new_n40,1,new_n40,1.0,1.0,1.0,1.0,15,15,1,exact_anchor,1,0,4096,0,16e8f8f5d962cc61,16e8f8f5d962cc61,9,9,2,2,exact anchor SAT sanity check (score 1.000),True,variants/generated_xor_chain_16_original.blif,variants/generated_xor_chain_16_rewrite.blif
generated_xor_chain_16,rewrite,new_n41,1,new_n41,1.0,1.0,1.0,1.0,16,16,1,exact_anchor,1,0,4096,0,91ea121987e7d99b,91ea121987e7d99b,9,9,2,2,exact anchor SAT sanity check (score 1.000),True,variants/generated_xor_chain_16_original.blif,variants/generated_xor_chain_16_rewrite.blif
generated_xor_chain_16,rewrite,new_n42,1,new_n42,1.0,1.0,1.0,1.0,17,17,1,exact_anchor,1,0,4096,0,6814966eace69531,6814966eace69531,10,10,2,2,exact anchor SAT sanity check (score 1.000),True,variants/generated_xor_chain_16_original.blif,variants/generated_xor_chain_16_rewrite.blif
generated_xor_chain_16,rewrite,new_n43,1,new_n43,1.0,1.0,1.0,1.0,17,17,1,exact_anchor,1,0,4096,0,efe3ca98da9e0770,efe3ca98da9e0770,10,10,2,2,exact anchor SAT sanity check (score 1.000),True,variants/generated_xor_chain_16_original.blif,variants/generated_xor_chain_16_rewrite.blif
generated_xor_chain_16,rewrite,new_n44,1,new_n44,1.0,1.0,1.0,1.0,18,18,1,exact_anchor,1,0,4096,0,ffde0e19096c5b59,ffde0e19096c5b59,10,10,2,2,exact anchor SAT sanity check (score 1.000),True,variants/generated_xor_chain_16_original.blif,variants/generated_xor_chain_16_rewrite.blif
generated_xor_chain_16,rewrite,new_n45,1,new_n45,1.0,1.0,1.0,1.0,19,19,1,exact_anchor,1,0,4096,0,1f2230075ad84ff4,1f2230075ad84ff4,11,11,2,2,exact anchor SAT sanity check (score 1.000),True,variants/generated_xor_chain_16_original.blif,variants/generated_xor_chain_16_rewrite.blif
generated_xor_chain_16,rewrite,new_n46,1,new_n46,1.0,1.0,1.0,1.0,19,19,1,exact_anchor,1,0,4096,0,17945fb2ddf062ef,17945fb2ddf062ef,11,11,2,2,exact anchor SAT sanity check (score 1.000),True,variants/generated_xor_chain_16_original.blif,variants/generated_xor_chain_16_rewrite.blif
generated_xor_chain_16,rewrite,new_n47,1,new_n47,1.0,1.0,1.0,1.0,20,20,1,exact_anchor,1,0,4096,0,c90371575d916994,c90371575d916994,11,11,2,2,exact anchor SAT sanity check (score 1.000),True,variants/generated_xor_chain_16_original.blif,variants/generated_xor_chain_16_rewrite.blif
generated_xor_chain_16,rewrite,new_n48,1,new_n48,1.0,1.0,1.0,1.0,21,21,1,exact_anchor,1,0,4096,0,f582cbff883f2a25,f582cbff883f2a25,12,12,2,2,exact anchor SAT sanity check (score 1.000),True,variants/generated_xor_chain_16_original.blif,variants/generated_xor_chain_16_rewrite.blif
generated_xor_chain_16,rewrite,new_n49,1,new_n49,1.0,1.0,1.0,1.0,21,21,1,exact_anchor,1,0,4096,0,69da9f37698ecce0,69da9f37698ecce0,12,12,2,2,exact anchor SAT sanity check (score 1.000),True,variants/generated_xor_chain_16_original.blif,variants/generated_xor_chain_16_rewrite.blif
generated_xor_chain_16,rewrite,new_n50,1,new_n50,1.0,1.0,1.0,1.0,22,22,1,exact_anchor,1,0,4096,0,f71bcd5da9b00c9c,f71bcd5da9b00c9c,12,12,2,2,exact anchor SAT sanity check (score 1.000),True,variants/generated_xor_chain_16_original.blif,variants/generated_xor_chain_16_rewrite.blif
generated_xor_chain_16,rewrite,new_n51,1,new_n51,1.0,1.0,1.0,1.0,23,23,1,exact_anchor,1,0,4096,0,e7237d335814494f,e7237d335814494f,13,13,2,2,exact anchor SAT sanity check (score 1.000),True,variants/generated_xor_chain_16_original.blif,variants/generated_xor_chain_16_rewrite.blif
generated_xor_chain_16,rewrite,new_n52,1,new_n52,1.0,1.0,1.0,1.0,23,23,1,exact_anchor,1,0,4096,0,13a39b7cf3622444,13a39b7cf3622444,13,13,2,2,exact anchor SAT sanity check (score 1.000),True,variants/generated_xor_chain_16_original.blif,variants/generated_xor_chain_16_rewrite.blif
generated_xor_chain_16,rewrite,new_n53,1,new_n53,1.0,1.0,1.0,1.0,24,24,1,exact_anchor,1,0,4096,0,e4e908e47f389445,e4e908e47f389445,13,13,2,2,exact anchor SAT sanity check (score 1.000),True,variants/generated_xor_chain_16_original.blif,variants/generated_xor_chain_16_rewrite.blif
generated_xor_chain_16,rewrite,new_n54,1,new_n54,1.0,1.0,1.0,1.0,25,25,1,exact_anchor,1,0,4096,0,873d69b197153803,873d69b197153803,14,14,2,2,exact anchor SAT sanity check (score 1.000),True,variants/generated_xor_chain_16_original.blif,variants/generated_xor_chain_16_rewrite.blif
generated_xor_chain_16,rewrite,new_n55,1,new_n55,1.0,1.0,1.0,1.0,25,25,1,exact_anchor,1,0,4096,0,a1892637b93ffd38,a1892637b93ffd38,14,14,2,2,exact anchor SAT sanity check (score 1.000),True,variants/generated_xor_chain_16_original.blif,variants/generated_xor_chain_16_rewrite.blif
generated_xor_chain_16,rewrite,new_n56,1,new_n56,1.0,1.0,1.0,1.0,26,26,1,exact_anchor,1,0,4096,0,b156b647de0b768a,b156b647de0b768a,14,14,2,2,exact anchor SAT sanity check (score 1.000),True,variants/generated_xor_chain_16_original.blif,variants/generated_xor_chain_16_rewrite.blif
generated_xor_chain_16,rewrite,new_n57,1,new_n57,1.0,1.0,1.0,1.0,27,27,1,exact_anchor,1,0,4096,0,d11401d0854a8811,d11401d0854a8811,15,15,2,2,exact anchor SAT sanity check (score 1.000),True,variants/generated_xor_chain_16_original.blif,variants/generated_xor_chain_16_rewrite.blif
generated_xor_chain_16,rewrite,new_n58,1,new_n58,1.0,1.0,1.0,1.0,27,27,1,exact_anchor,1,0,4096,0,e32fa4b208e74921,e32fa4b208e74921,15,15,2,2,exact anchor SAT sanity check (score 1.000),True,variants/generated_xor_chain_16_original.blif,variants/generated_xor_chain_16_rewrite.blif
generated_xor_chain_16,rewrite,new_n59,1,new_n59,1.0,1.0,1.0,1.0,28,28,1,exact_anchor,1,0,4096,0,8258123601d3c478,8258123601d3c478,15,15,2,2,exact anchor SAT sanity check (score 1.000),True,variants/generated_xor_chain_16_original.blif,variants/generated_xor_chain_16_rewrite.blif
generated_xor_chain_16,rewrite,new_n60,1,new_n60,1.0,1.0,1.0,1.0,29,29,1,exact_anchor,1,0,4096,0,ca81efd64baba313,ca81efd64baba313,16,16,2,2,exact anchor SAT sanity check (score 1.000),True,variants/generated_xor_chain_16_original.blif,variants/generated_xor_chain_16_rewrite.blif
generated_xor_chain_16,rewrite,new_n61,1,new_n61,1.0,1.0,1.0,1.0,29,29,1,exact_anchor,1,0,4096,0,e45361cdd9071b63,e45361cdd9071b63,16,16,2,2,exact anchor SAT sanity check (score 1.000),True,variants/generated_xor_chain_16_original.blif,variants/generated_xor_chain_16_rewrite.blif
generated_xor_chain_16,rewrite_z,new_n18,1,new_n18,1.0,1.0,1.0,1.0,1,1,1,exact_anchor,1,0,4096,0,1560debce216ff9f,1560debce216ff9f,2,2,2,2,exact anchor SAT sanity check (score 1.000),True,variants/generated_xor_chain_16_original.blif,variants/generated_xor_chain_16_rewrite_z.blif
generated_xor_chain_16,rewrite_z,new_n19,1,new_n19,1.0,1.0,1.0,1.0,1,1,1,exact_anchor,1,0,4096,0,78657c2cc9db4143,78657c2cc9db4143,2,2,2,2,exact anchor SAT sanity check (score 1.000),True,variants/generated_xor_chain_16_original.blif,variants/generated_xor_chain_16_rewrite_z.blif
generated_xor_chain_16,rewrite_z,new_n20,1,new_n20,1.0,1.0,1.0,1.0,2,2,1,exact_anchor,1,0,4096,0,98c71d4eb652bfca,98c71d4eb652bfca,2,2,2,2,exact anchor SAT sanity check (score 1.000),True,variants/generated_xor_chain_16_original.blif,variants/generated_xor_chain_16_rewrite_z.blif
generated_xor_chain_32,balance,new_n34,1,new_n34,1.0,1.0,1.0,1.0,1,1,1,exact_anchor,1,0,4096,0,1560debce216ff9f,1560debce216ff9f,2,2,2,2,exact anchor SAT sanity check (score 1.000),True,variants/generated_xor_chain_32_original.blif,variants/generated_xor_chain_32_balance.blif
generated_xor_chain_32,balance,new_n35,1,new_n35,1.0,1.0,1.0,1.0,1,1,1,exact_anchor,1,0,4096,0,78657c2cc9db4143,78657c2cc9db4143,2,2,2,2,exact anchor SAT sanity check (score 1.000),True,variants/generated_xor_chain_32_original.blif,variants/generated_xor_chain_32_balance.blif
generated_xor_chain_32,balance,new_n36,1,new_n36,1.0,1.0,1.0,1.0,2,2,1,exact_anchor,1,0,4096,0,98c71d4eb652bfca,98c71d4eb652bfca,2,2,2,2,exact anchor SAT sanity check (score 1.000),True,variants/generated_xor_chain_32_original.blif,variants/generated_xor_chain_32_balance.blif
generated_xor_chain_32,balance,new_n37,1,new_n37,1.0,1.0,1.0,1.0,3,3,1,exact_anchor,1,0,4096,0,f3943bc8b8a34a9a,f3943bc8b8a34a9a,3,3,2,2,exact anchor SAT sanity check (score 1.000),True,variants/generated_xor_chain_32_original.blif,variants/generated_xor_chain_32_balance.blif
generated_xor_chain_32,balance,new_n38,1,new_n38,1.0,1.0,1.0,1.0,3,3,1,exact_anchor,1,0,4096,0,d8f1c3516ba26cb3,d8f1c3516ba26cb3,3,3,2,2,exact anchor SAT sanity check (score 1.000),True,variants/generated_xor_chain_32_original.blif,variants/generated_xor_chain_32_balance.blif
generated_xor_chain_32,balance,new_n39,1,new_n39,1.0,1.0,1.0,1.0,4,4,1,exact_anchor,1,0,4096,0,24f5a6efa1b5c042,24f5a6efa1b5c042,3,3,2,2,exact anchor SAT sanity check (score 1.000),True,variants/generated_xor_chain_32_original.blif,variants/generated_xor_chain_32_balance.blif
generated_xor_chain_32,balance,new_n40,1,new_n40,1.0,1.0,1.0,1.0,5,5,1,exact_anchor,1,0,4096,0,82a79a7bbfa077ca,82a79a7bbfa077ca,4,4,2,2,exact anchor SAT sanity check (score 1.000),True,variants/generated_xor_chain_32_original.blif,variants/generated_xor_chain_32_balance.blif
generated_xor_chain_32,balance,new_n41,1,new_n41,1.0,1.0,1.0,1.0,5,5,1,exact_anchor,1,0,4096,0,207a2b18e6cbf162,207a2b18e6cbf162,4,4,2,2,exact anchor SAT sanity check (score 1.000),True,variants/generated_xor_chain_32_original.blif,variants/generated_xor_chain_32_balance.blif
generated_xor_chain_32,balance,new_n42,1,new_n42,1.0,1.0,1.0,1.0,6,6,1,exact_anchor,1,0,4096,0,842e49bb890833f7,842e49bb890833f7,4,4,2,2,exact anchor SAT sanity check (score 1.000),True,variants/generated_xor_chain_32_original.blif,variants/generated_xor_chain_32_balance.blif
generated_xor_chain_32,balance,new_n43,1,new_n43,1.0,1.0,1.0,1.0,7,7,1,exact_anchor,1,0,4096,0,4b6a1dc8e031e9d9,4b6a1dc8e031e9d9,5,5,2,2,exact anchor SAT sanity check (score 1.000),True,variants/generated_xor_chain_32_original.blif,variants/generated_xor_chain_32_balance.blif
generated_xor_chain_32,balance,new_n44,1,new_n44,1.0,1.0,1.0,1.0,7,7,1,exact_anchor,1,0,4096,0,8bf5da1d35004f25,8bf5da1d35004f25,5,5,2,2,exact anchor SAT sanity check (score 1.000),True,variants/generated_xor_chain_32_original.blif,variants/generated_xor_chain_32_balance.blif
generated_xor_chain_32,balance,new_n45,1,new_n45,1.0,1.0,1.0,1.0,8,8,1,exact_anchor,1,0,4096,0,64646ebfba41526e,64646ebfba41526e,5,5,2,2,exact anchor SAT sanity check (score 1.000),True,variants/generated_xor_chain_32_original.blif,variants/generated_xor_chain_32_balance.blif
generated_xor_chain_32,balance,new_n46,1,new_n46,1.0,1.0,1.0,1.0,9,9,1,exact_anchor,1,0,4096,0,f3c3be0e0516da16,f3c3be0e0516da16,6,6,2,2,exact anchor SAT sanity check (score 1.000),True,variants/generated_xor_chain_32_original.blif,variants/generated_xor_chain_32_balance.blif
generated_xor_chain_32,balance,new_n47,1,new_n47,1.0,1.0,1.0,1.0,9,9,1,exact_anchor,1,0,4096,0,c308dc8f80612589,c308dc8f80612589,6,6,2,2,exact anchor SAT sanity check (score 1.000),True,variants/generated_xor_chain_32_original.blif,variants/generated_xor_chain_32_balance.blif
generated_xor_chain_32,balance,new_n48,1,new_n48,1.0,1.0,1.0,1.0,10,10,1,exact_anchor,1,0,4096,0,b39290f826b0df34,b39290f826b0df34,6,6,2,2,exact anchor SAT sanity check (score 1.000),True,variants/generated_xor_chain_32_original.blif,variants/generated_xor_chain_32_balance.blif
generated_xor_chain_32,balance,new_n49,1,new_n49,1.0,1.0,1.0,1.0,11,11,1,exact_anchor,1,0,4096,0,98748b4987efcace,98748b4987efcace,7,7,2,2,exact anchor SAT sanity check (score 1.000),True,variants/generated_xor_chain_32_original.blif,variants/generated_xor_chain_32_balance.blif
generated_xor_chain_32,balance,new_n50,1,new_n50,1.0,1.0,1.0,1.0,11,11,1,exact_anchor,1,0,4096,0,e0ed6989dd466f82,e0ed6989dd466f82,7,7,2,2,exact anchor SAT sanity check (score 1.000),True,variants/generated_xor_chain_32_original.blif,variants/generated_xor_chain_32_balance.blif
generated_xor_chain_32,balance,new_n51,1,new_n51,1.0,1.0,1.0,1.0,12,12,1,exact_anchor,1,0,4096,0,e748e5e009e29ae3,e748e5e009e29ae3,7,7,2,2,exact anchor SAT sanity check (score 1.000),True,variants/generated_xor_chain_32_original.blif,variants/generated_xor_chain_32_balance.blif
generated_xor_chain_32,balance,new_n52,1,new_n52,1.0,1.0,1.0,1.0,13,13,1,exact_anchor,1,0,4096,0,71b3f1f8c39c925e,71b3f1f8c39c925e,8,8,2,2,exact anchor SAT sanity check (score 1.000),True,variants/generated_xor_chain_32_original.blif,variants/generated_xor_chain_32_balance.blif
generated_xor_chain_32,balance,new_n53,1,new_n53,1.0,1.0,1.0,1.0,13,13,1,exact_anchor,1,0,4096,0,270b7751f0df6fe3,270b7751f0df6fe3,8,8,2,2,exact anchor SAT sanity check (score 1.000),True,variants/generated_xor_chain_32_original.blif,variants/generated_xor_chain_32_balance.blif
generated_xor_chain_32,balance,new_n54,1,new_n54,1.0,1.0,1.0,1.0,14,14,1,exact_anchor,1,0,4096,0,bd57c54c01e6ef3e,bd57c54c01e6ef3e,8,8,2,2,exact anchor SAT sanity check (score 1.000),True,variants/generated_xor_chain_32_original.blif,variants/generated_xor_chain_32_balance.blif
generated_xor_chain_32,balance,new_n55,1,new_n55,1.0,1.0,1.0,1.0,15,15,1,exact_anchor,1,0,4096,0,39269b7a34173938,39269b7a34173938,9,9,2,2,exact anchor SAT sanity check (score 1.000),True,variants/generated_xor_chain_32_original.blif,variants/generated_xor_chain_32_balance.blif
generated_xor_chain_32,balance,new_n56,1,new_n56,1.0,1.0,1.0,1.0,15,15,1,exact_anchor,1,0,4096,0,16e8f8f5d962cc61,16e8f8f5d962cc61,9,9,2,2,exact anchor SAT sanity check (score 1.000),True,variants/generated_xor_chain_32_original.blif,variants/generated_xor_chain_32_balance.blif
generated_xor_chain_32,balance,new_n57,1,new_n57,1.0,1.0,1.0,1.0,16,16,1,exact_anchor,1,0,4096,0,91ea121987e7d99b,91ea121987e7d99b,9,9,2,2,exact anchor SAT sanity check (score 1.000),True,variants/generated_xor_chain_32_original.blif,variants/generated_xor_chain_32_balance.blif
generated_xor_chain_32,balance,new_n58,1,new_n58,1.0,1.0,1.0,1.0,17,17,1,exact_anchor,1,0,4096,0,6814966eace69531,6814966eace69531,10,10,2,2,exact anchor SAT sanity check (score 1.000),True,variants/generated_xor_chain_32_original.blif,variants/generated_xor_chain_32_balance.blif
generated_xor_chain_32,balance,new_n59,1,new_n59,1.0,1.0,1.0,1.0,17,17,1,exact_anchor,1,0,4096,0,efe3ca98da9e0770,efe3ca98da9e0770,10,10,2,2,exact anchor SAT sanity check (score 1.000),True,variants/generated_xor_chain_32_original.blif,variants/generated_xor_chain_32_balance.blif
generated_xor_chain_32,balance,new_n60,1,new_n60,1.0,1.0,1.0,1.0,18,18,1,exact_anchor,1,0,4096,0,ffde0e19096c5b59,ffde0e19096c5b59,10,10,2,2,exact anchor SAT sanity check (score 1.000),True,variants/generated_xor_chain_32_original.blif,variants/generated_xor_chain_32_balance.blif
generated_xor_chain_32,balance,new_n61,1,new_n61,1.0,1.0,1.0,1.0,19,19,1,exact_anchor,1,0,4096,0,1f2230075ad84ff4,1f2230075ad84ff4,11,11,2,2,exact anchor SAT sanity check (score 1.000),True,variants/generated_xor_chain_32_original.blif,variants/generated_xor_chain_32_balance.blif
generated_xor_chain_32,balance,new_n62,1,new_n62,1.0,1.0,1.0,1.0,19,19,1,exact_anchor,1,0,4096,0,17945fb2ddf062ef,17945fb2ddf062ef,11,11,2,2,exact anchor SAT sanity check (score 1.000),True,variants/generated_xor_chain_32_original.blif,variants/generated_xor_chain_32_balance.blif
generated_xor_chain_32,balance,new_n63,1,new_n63,1.0,1.0,1.0,1.0,20,20,1,exact_anchor,1,0,4096,0,c90371575d916994,c90371575d916994,11,11,2,2,exact anchor SAT sanity check (score 1.000),True,variants/generated_xor_chain_32_original.blif,variants/generated_xor_chain_32_balance.blif
generated_xor_chain_32,balance,new_n64,1,new_n64,1.0,1.0,1.0,1.0,21,21,1,exact_anchor,1,0,4096,0,f582cbff883f2a25,f582cbff883f2a25,12,12,2,2,exact anchor SAT sanity check (score 1.000),True,variants/generated_xor_chain_32_original.blif,variants/generated_xor_chain_32_balance.blif
generated_xor_chain_32,balance,new_n65,1,new_n65,1.0,1.0,1.0,1.0,21,21,1,exact_anchor,1,0,4096,0,69da9f37698ecce0,69da9f37698ecce0,12,12,2,2,exact anchor SAT sanity check (score 1.000),True,variants/generated_xor_chain_32_original.blif,variants/generated_xor_chain_32_balance.blif
generated_xor_chain_32,balance,new_n66,1,new_n66,1.0,1.0,1.0,1.0,22,22,1,exact_anchor,1,0,4096,0,f71bcd5da9b00c9c,f71bcd5da9b00c9c,12,12,2,2,exact anchor SAT sanity check (score 1.000),True,variants/generated_xor_chain_32_original.blif,variants/generated_xor_chain_32_balance.blif
generated_xor_chain_32,balance,new_n67,1,new_n67,1.0,1.0,1.0,1.0,23,23,1,exact_anchor,1,0,4096,0,e7237d335814494f,e7237d335814494f,13,13,2,2,exact anchor SAT sanity check (score 1.000),True,variants/generated_xor_chain_32_original.blif,variants/generated_xor_chain_32_balance.blif
generated_xor_chain_32,balance,new_n68,1,new_n68,1.0,1.0,1.0,1.0,23,23,1,exact_anchor,1,0,4096,0,13a39b7cf3622444,13a39b7cf3622444,13,13,2,2,exact anchor SAT sanity check (score 1.000),True,variants/generated_xor_chain_32_original.blif,variants/generated_xor_chain_32_balance.blif
generated_xor_chain_32,balance,new_n69,1,new_n69,1.0,1.0,1.0,1.0,24,24,1,exact_anchor,1,0,4096,0,e4e908e47f389445,e4e908e47f389445,13,13,2,2,exact anchor SAT sanity check (score 1.000),True,variants/generated_xor_chain_32_original.blif,variants/generated_xor_chain_32_balance.blif
generated_xor_chain_32,balance,new_n70,1,new_n70,1.0,1.0,1.0,1.0,25,25,1,exact_anchor,1,0,4096,0,873d69b197153803,873d69b197153803,14,14,2,2,exact anchor SAT sanity check (score 1.000),True,variants/generated_xor_chain_32_original.blif,variants/generated_xor_chain_32_balance.blif
generated_xor_chain_32,balance,new_n71,1,new_n71,1.0,1.0,1.0,1.0,25,25,1,exact_anchor,1,0,4096,0,a1892637b93ffd38,a1892637b93ffd38,14,14,2,2,exact anchor SAT sanity check (score 1.000),True,variants/generated_xor_chain_32_original.blif,variants/generated_xor_chain_32_balance.blif
generated_xor_chain_32,balance,new_n72,1,new_n72,1.0,1.0,1.0,1.0,26,26,1,exact_anchor,1,0,4096,0,b156b647de0b768a,b156b647de0b768a,14,14,2,2,exact anchor SAT sanity check (score 1.000),True,variants/generated_xor_chain_32_original.blif,variants/generated_xor_chain_32_balance.blif
generated_xor_chain_32,balance,new_n73,1,new_n73,1.0,1.0,1.0,1.0,27,27,1,exact_anchor,1,0,4096,0,d11401d0854a8811,d11401d0854a8811,15,15,2,2,exact anchor SAT sanity check (score 1.000),True,variants/generated_xor_chain_32_original.blif,variants/generated_xor_chain_32_balance.blif
generated_xor_chain_32,balance,new_n74,1,new_n74,1.0,1.0,1.0,1.0,27,27,1,exact_anchor,1,0,4096,0,e32fa4b208e74921,e32fa4b208e74921,15,15,2,2,exact anchor SAT sanity check (score 1.000),True,variants/generated_xor_chain_32_original.blif,variants/generated_xor_chain_32_balance.blif
generated_xor_chain_32,balance,new_n75,1,new_n75,1.0,1.0,1.0,1.0,28,28,1,exact_anchor,1,0,4096,0,8258123601d3c478,8258123601d3c478,15,15,2,2,exact anchor SAT sanity check (score 1.000),True,variants/generated_xor_chain_32_original.blif,variants/generated_xor_chain_32_balance.blif
generated_xor_chain_32,balance,new_n76,1,new_n76,1.0,1.0,1.0,1.0,29,29,1,exact_anchor,1,0,4096,0,ca81efd64baba313,ca81efd64baba313,16,16,2,2,exact anchor SAT sanity check (score 1.000),True,variants/generated_xor_chain_32_original.blif,variants/generated_xor_chain_32_balance.blif
generated_xor_chain_32,balance,new_n77,1,new_n77,1.0,1.0,1.0,1.0,29,29,1,exact_anchor,1,0,4096,0,e45361cdd9071b63,e45361cdd9071b63,16,16,2,2,exact anchor SAT sanity check (score 1.000),True,variants/generated_xor_chain_32_original.blif,variants/generated_xor_chain_32_balance.blif
generated_xor_chain_32,balance,new_n78,1,new_n78,1.0,1.0,1.0,1.0,30,30,1,exact_anchor,1,0,4096,0,dadb3a90ed577666,dadb3a90ed577666,16,16,2,2,exact anchor SAT sanity check (score 1.000),True,variants/generated_xor_chain_32_original.blif,variants/generated_xor_chain_32_balance.blif
generated_xor_chain_32,balance,new_n79,1,new_n79,1.0,1.0,1.0,1.0,31,31,1,exact_anchor,1,0,4096,0,cd8434a02bb91a25,cd8434a02bb91a25,17,17,2,2,exact anchor SAT sanity check (score 1.000),True,variants/generated_xor_chain_32_original.blif,variants/generated_xor_chain_32_balance.blif
generated_xor_chain_32,balance,new_n80,1,new_n80,1.0,1.0,1.0,1.0,31,31,1,exact_anchor,1,0,4096,0,220174ff23efb7a4,220174ff23efb7a4,17,17,2,2,exact anchor SAT sanity check (score 1.000),True,variants/generated_xor_chain_32_original.blif,variants/generated_xor_chain_32_balance.blif
generated_xor_chain_32,balance,new_n81,1,new_n81,1.0,1.0,1.0,1.0,32,32,1,exact_anchor,1,0,4096,0,03b3e228ee4ffb2a,03b3e228ee4ffb2a,17,17,2,2,exact anchor SAT sanity check (score 1.000),True,variants/generated_xor_chain_32_original.blif,variants/generated_xor_chain_32_balance.blif
generated_xor_chain_32,balance,new_n82,1,new_n82,1.0,1.0,1.0,1.0,33,33,1,exact_anchor,1,0,4096,0,01392e37de9f30b1,01392e37de9f30b1,18,18,2,2,exact anchor SAT sanity check (score 1.000),True,variants/generated_xor_chain_32_original.blif,variants/generated_xor_chain_32_balance.blif
generated_xor_chain_32,balance,new_n83,1,new_n83,1.0,1.0,1.0,1.0,33,33,1,exact_anchor,1,0,4096,0,90f37a7ab132ea7f,90f37a7ab132ea7f,18,18,2,2,exact anchor SAT sanity check (score 1.000),True,variants/generated_xor_chain_32_original.blif,variants/generated_xor_chain_32_balance.blif
generated_xor_chain_32,balance,new_n84,1,new_n84,1.0,1.0,1.0,1.0,34,34,1,exact_anchor,1,0,4096,0,b080637926619b0f,b080637926619b0f,18,18,2,2,exact anchor SAT sanity check (score 1.000),True,variants/generated_xor_chain_32_original.blif,variants/generated_xor_chain_32_balance.blif
generated_xor_chain_32,balance,new_n85,1,new_n85,1.0,1.0,1.0,1.0,35,35,1,exact_anchor,1,0,4096,0,27cbb081d056e9e2,27cbb081d056e9e2,19,19,2,2,exact anchor SAT sanity check (score 1.000),True,variants/generated_xor_chain_32_original.blif,variants/generated_xor_chain_32_balance.blif
generated_xor_chain_32,balance,new_n86,1,new_n86,1.0,1.0,1.0,1.0,35,35,1,exact_anchor,1,0,4096,0,c60dc4071d68fa40,c60dc4071d68fa40,19,19,2,2,exact anchor SAT sanity check (score 1.000),True,variants/generated_xor_chain_32_original.blif,variants/generated_xor_chain_32_balance.blif
generated_xor_chain_32,balance,new_n87,1,new_n87,1.0,1.0,1.0,1.0,36,36,1,exact_anchor,1,0,4096,0,629cf6e4c3ed575f,629cf6e4c3ed575f,19,19,2,2,exact anchor SAT sanity check (score 1.000),True,variants/generated_xor_chain_32_original.blif,variants/generated_xor_chain_32_balance.blif
generated_xor_chain_32,balance,new_n88,1,new_n88,1.0,1.0,1.0,1.0,37,37,1,exact_anchor,1,0,4096,0,570bce3141f26b4f,570bce3141f26b4f,20,20,2,2,exact anchor SAT sanity check (score 1.000),True,variants/generated_xor_chain_32_original.blif,variants/generated_xor_chain_32_balance.blif
generated_xor_chain_32,balance,new_n89,1,new_n89,1.0,1.0,1.0,1.0,37,37,1,exact_anchor,1,0,4096,0,824cbd02562ddaa3,824cbd02562ddaa3,20,20,2,2,exact anchor SAT sanity check (score 1.000),True,variants/generated_xor_chain_32_original.blif,variants/generated_xor_chain_32_balance.blif
generated_xor_chain_32,balance,new_n90,1,new_n90,1.0,1.0,1.0,1.0,38,38,1,exact_anchor,1,0,4096,0,ac59288bbf73e0c9,ac59288bbf73e0c9,20,20,2,2,exact anchor SAT sanity check (score 1.000),True,variants/generated_xor_chain_32_original.blif,variants/generated_xor_chain_32_balance.blif
generated_xor_chain_32,balance,new_n91,1,new_n91,1.0,1.0,1.0,1.0,39,39,1,exact_anchor,1,0,4096,0,3b5aa1daa0d16721,3b5aa1daa0d16721,21,21,2,2,exact anchor SAT sanity check (score 1.000),True,variants/generated_xor_chain_32_original.blif,variants/generated_xor_chain_32_balance.blif
generated_xor_chain_32,balance,new_n92,1,new_n92,1.0,1.0,1.0,1.0,39,39,1,exact_anchor,1,0,4096,0,81237eaa67031f41,81237eaa67031f41,21,21,2,2,exact anchor SAT sanity check (score 1.000),True,variants/generated_xor_chain_32_original.blif,variants/generated_xor_chain_32_balance.blif
generated_xor_chain_32,balance,new_n93,1,new_n93,1.0,1.0,1.0,1.0,40,40,1,exact_anchor,1,0,4096,0,147a24e567dc2fde,147a24e567dc2fde,21,21,2,2,exact anchor SAT sanity check (score 1.000),True,variants/generated_xor_chain_32_original.blif,variants/generated_xor_chain_32_balance.blif
generated_xor_chain_32,balance,new_n94,1,new_n94,1.0,1.0,1.0,1.0,41,41,1,exact_anchor,1,0,4096,0,163a9e78ba18ccd2,163a9e78ba18ccd2,22,22,2,2,exact anchor SAT sanity check (score 1.000),True,variants/generated_xor_chain_32_original.blif,variants/generated_xor_chain_32_balance.blif
generated_xor_chain_32,balance,new_n95,1,new_n95,1.0,1.0,1.0,1.0,41,41,1,exact_anchor,1,0,4096,0,2737170e747c7983,2737170e747c7983,22,22,2,2,exact anchor SAT sanity check (score 1.000),True,variants/generated_xor_chain_32_original.blif,variants/generated_xor_chain_32_balance.blif
generated_xor_chain_32,balance,new_n96,1,new_n96,1.0,1.0,1.0,1.0,42,42,1,exact_anchor,1,0,4096,0,1afad53deae227ee,1afad53deae227ee,22,22,2,2,exact anchor SAT sanity check (score 1.000),True,variants/generated_xor_chain_32_original.blif,variants/generated_xor_chain_32_balance.blif
generated_xor_chain_32,balance,new_n97,1,new_n97,1.0,1.0,1.0,1.0,43,43,1,exact_anchor,1,0,4096,0,22b096daf7089e2e,22b096daf7089e2e,23,23,2,2,exact anchor SAT sanity check (score 1.000),True,variants/generated_xor_chain_32_original.blif,variants/generated_xor_chain_32_balance.blif
generated_xor_chain_32,balance,new_n98,1,new_n98,1.0,1.0,1.0,1.0,43,43,1,exact_anchor,1,0,4096,0,79db4d515f0f9c6c,79db4d515f0f9c6c,23,23,2,2,exact anchor SAT sanity check (score 1.000),True,variants/generated_xor_chain_32_original.blif,variants/generated_xor_chain_32_balance.blif
generated_xor_chain_32,balance,new_n99,1,new_n99,1.0,1.0,1.0,1.0,44,44,1,exact_anchor,1,0,4096,0,18bdfc37b8d9381b,18bdfc37b8d9381b,23,23,2,2,exact anchor SAT sanity check (score 1.000),True,variants/generated_xor_chain_32_original.blif,variants/generated_xor_chain_32_balance.blif
generated_xor_chain_32,balance,new_n100,1,new_n100,1.0,1.0,1.0,1.0,45,45,1,exact_anchor,1,0,4096,0,4bad59e1d2039255,4bad59e1d2039255,24,24,2,2,exact anchor SAT sanity check (score 1.000),True,variants/generated_xor_chain_32_original.blif,variants/generated_xor_chain_32_balance.blif
generated_xor_chain_32,balance,new_n101,1,new_n101,1.0,1.0,1.0,1.0,45,45,1,exact_anchor,1,0,4096,0,f1c8ff3161a2b87b,f1c8ff3161a2b87b,24,24,2,2,exact anchor SAT sanity check (score 1.000),True,variants/generated_xor_chain_32_original.blif,variants/generated_xor_chain_32_balance.blif
generated_xor_chain_32,balance,new_n102,1,new_n102,1.0,1.0,1.0,1.0,46,46,1,exact_anchor,1,0,4096,0,93cc7cce0510065f,93cc7cce0510065f,24,24,2,2,exact anchor SAT sanity check (score 1.000),True,variants/generated_xor_chain_32_original.blif,variants/generated_xor_chain_32_balance.blif
generated_xor_chain_32,balance,new_n103,1,new_n103,1.0,1.0,1.0,1.0,47,47,1,exact_anchor,1,0,4096,0,027d56afa68ef13c,027d56afa68ef13c,25,25,2,2,exact anchor SAT sanity check (score 1.000),True,variants/generated_xor_chain_32_original.blif,variants/generated_xor_chain_32_balance.blif
generated_xor_chain_32,balance,new_n104,1,new_n104,1.0,1.0,1.0,1.0,47,47,1,exact_anchor,1,0,4096,0,77be784dc00a0b78,77be784dc00a0b78,25,25,2,2,exact anchor SAT sanity check (score 1.000),True,variants/generated_xor_chain_32_original.blif,variants/generated_xor_chain_32_balance.blif
generated_xor_chain_32,balance,new_n105,1,new_n105,1.0,1.0,1.0,1.0,48,48,1,exact_anchor,1,0,4096,0,c57acd2bec229db5,c57acd2bec229db5,25,25,2,2,exact anchor SAT sanity check (score 1.000),True,variants/generated_xor_chain_32_original.blif,variants/generated_xor_chain_32_balance.blif
generated_xor_chain_32,balance,new_n106,1,new_n106,1.0,1.0,1.0,1.0,49,49,1,exact_anchor,1,0,4096,0,b5d78e585a1fbf12,b5d78e585a1fbf12,26,26,2,2,exact anchor SAT sanity check (score 1.000),True,variants/generated_xor_chain_32_original.blif,variants/generated_xor_chain_32_balance.blif
generated_xor_chain_32,balance,new_n107,1,new_n107,1.0,1.0,1.0,1.0,49,49,1,exact_anchor,1,0,4096,0,44a6997db7d3543b,44a6997db7d3543b,26,26,2,2,exact anchor SAT sanity check (score 1.000),True,variants/generated_xor_chain_32_original.blif,variants/generated_xor_chain_32_balance.blif
generated_xor_chain_32,balance,new_n108,1,new_n108,1.0,1.0,1.0,1.0,50,50,1,exact_anchor,1,0,4096,0,39a05f4775241ce5,39a05f4775241ce5,26,26,2,2,exact anchor SAT sanity check (score 1.000),True,variants/generated_xor_chain_32_original.blif,variants/generated_xor_chain_32_balance.blif
generated_xor_chain_32,balance,new_n109,1,new_n109,1.0,1.0,1.0,1.0,51,51,1,exact_anchor,1,0,4096,0,fef766e7af305960,fef766e7af305960,27,27,2,2,exact anchor SAT sanity check (score 1.000),True,variants/generated_xor_chain_32_original.blif,variants/generated_xor_chain_32_balance.blif
generated_xor_chain_32,balance,new_n110,1,new_n110,1.0,1.0,1.0,1.0,51,51,1,exact_anchor,1,0,4096,0,f3f8362a01fcbcf8,f3f8362a01fcbcf8,27,27,2,2,exact anchor SAT sanity check (score 1.000),True,variants/generated_xor_chain_32_original.blif,variants/generated_xor_chain_32_balance.blif
generated_xor_chain_32,balance,new_n111,1,new_n111,1.0,1.0,1.0,1.0,52,52,1,exact_anchor,1,0,4096,0,327cdaf89a1a3356,327cdaf89a1a3356,27,27,2,2,exact anchor SAT sanity check (score 1.000),True,variants/generated_xor_chain_32_original.blif,variants/generated_xor_chain_32_balance.blif
generated_xor_chain_32,balance,new_n112,1,new_n112,1.0,1.0,1.0,1.0,53,53,1,exact_anchor,1,0,4096,0,0ed8c57671385b81,0ed8c57671385b81,28,28,2,2,exact anchor SAT sanity check (score 1.000),True,variants/generated_xor_chain_32_original.blif,variants/generated_xor_chain_32_balance.blif
generated_xor_chain_32,balance,new_n113,1,new_n113,1.0,1.0,1.0,1.0,53,53,1,exact_anchor,1,0,4096,0,228fc69792a3f583,228fc69792a3f583,28,28,2,2,exact anchor SAT sanity check (score 1.000),True,variants/generated_xor_chain_32_original.blif,variants/generated_xor_chain_32_balance.blif
generated_xor_chain_32,balance,new_n114,1,new_n114,1.0,1.0,1.0,1.0,54,54,1,exact_anchor,1,0,4096,0,67ed9808c4caf339,67ed9808c4caf339,28,28,2,2,exact anchor SAT sanity check (score 1.000),True,variants/generated_xor_chain_32_original.blif,variants/generated_xor_chain_32_balance.blif
generated_xor_chain_32,balance,new_n115,1,new_n115,1.0,1.0,1.0,1.0,55,55,1,exact_anchor,1,0,4096,0,2fc17cbf2b9e306f,2fc17cbf2b9e306f,29,29,2,2,exact anchor SAT sanity check (score 1.000),True,variants/generated_xor_chain_32_original.blif,variants/generated_xor_chain_32_balance.blif
generated_xor_chain_32,balance,new_n116,1,new_n116,1.0,1.0,1.0,1.0,55,55,1,exact_anchor,1,0,4096,0,de3699d15d184f89,de3699d15d184f89,29,29,2,2,exact anchor SAT sanity check (score 1.000),True,variants/generated_xor_chain_32_original.blif,variants/generated_xor_chain_32_balance.blif
generated_xor_chain_32,balance,new_n117,1,new_n117,1.0,1.0,1.0,1.0,56,56,1,exact_anchor,1,0,4096,0,310681a44b433ac7,310681a44b433ac7,29,29,2,2,exact anchor SAT sanity check (score 1.000),True,variants/generated_xor_chain_32_original.blif,variants/generated_xor_chain_32_balance.blif
generated_xor_chain_32,balance,new_n118,1,new_n118,1.0,1.0,1.0,1.0,57,57,1,exact_anchor,1,0,4096,0,695917147c4bd7fb,695917147c4bd7fb,30,30,2,2,exact anchor SAT sanity check (score 1.000),True,variants/generated_xor_chain_32_original.blif,variants/generated_xor_chain_32_balance.blif
generated_xor_chain_32,balance,new_n119,1,new_n119,1.0,1.0,1.0,1.0,57,57,1,exact_anchor,1,0,4096,0,df106c6500f80ddd,df106c6500f80ddd,30,30,2,2,exact anchor SAT sanity check (score 1.000),True,variants/generated_xor_chain_32_original.blif,variants/generated_xor_chain_32_balance.blif
generated_xor_chain_32,balance,new_n120,1,new_n120,1.0,1.0,1.0,1.0,58,58,1,exact_anchor,1,0,4096,0,35d32b86f7bcb18d,35d32b86f7bcb18d,30,30,2,2,exact anchor SAT sanity check (score 1.000),True,variants/generated_xor_chain_32_original.blif,variants/generated_xor_chain_32_balance.blif
generated_xor_chain_32,balance,new_n121,1,new_n121,1.0,1.0,1.0,1.0,59,59,1,exact_anchor,1,0,4096,0,51223532f7825351,51223532f7825351,31,31,2,2,exact anchor SAT sanity check (score 1.000),True,variants/generated_xor_chain_32_original.blif,variants/generated_xor_chain_32_balance.blif
generated_xor_chain_32,balance,new_n122,1,new_n122,1.0,1.0,1.0,1.0,59,59,1,exact_anchor,1,0,4096,0,69dedddd5b436afe,69dedddd5b436afe,31,31,2,2,exact anchor SAT sanity check (score 1.000),True,variants/generated_xor_chain_32_original.blif,variants/generated_xor_chain_32_balance.blif
generated_xor_chain_32,balance,new_n123,1,new_n123,1.0,1.0,1.0,1.0,60,60,1,exact_anchor,1,0,4096,0,2d8a7d07d3928de9,2d8a7d07d3928de9,31,31,2,2,exact anchor SAT sanity check (score 1.000),True,variants/generated_xor_chain_32_original.blif,variants/generated_xor_chain_32_balance.blif
generated_xor_chain_32,balance,new_n124,1,new_n124,1.0,1.0,1.0,1.0,61,61,1,exact_anchor,1,0,4096,0,bc0d675af3de312b,bc0d675af3de312b,32,32,2,2,exact anchor SAT sanity check (score 1.000),True,variants/generated_xor_chain_32_original.blif,variants/generated_xor_chain_32_balance.blif
generated_xor_chain_32,balance,new_n125,1,new_n125,1.0,1.0,1.0,1.0,61,61,1,exact_anchor,1,0,4096,0,efafca56aa8f2486,efafca56aa8f2486,32,32,2,2,exact anchor SAT sanity check (score 1.000),True,variants/generated_xor_chain_32_original.blif,variants/generated_xor_chain_32_balance.blif
generated_xor_chain_32,refactor,new_n34,1,new_n34,1.0,1.0,1.0,1.0,1,1,1,exact_anchor,1,0,4096,0,1560debce216ff9f,1560debce216ff9f,2,2,2,2,exact anchor SAT sanity check (score 1.000),True,variants/generated_xor_chain_32_original.blif,variants/generated_xor_chain_32_refactor.blif
generated_xor_chain_32,refactor,new_n35,1,new_n35,1.0,1.0,1.0,1.0,1,1,1,exact_anchor,1,0,4096,0,78657c2cc9db4143,78657c2cc9db4143,2,2,2,2,exact anchor SAT sanity check (score 1.000),True,variants/generated_xor_chain_32_original.blif,variants/generated_xor_chain_32_refactor.blif
generated_xor_chain_32,refactor,new_n36,1,new_n36,1.0,1.0,1.0,1.0,2,2,1,exact_anchor,1,0,4096,0,98c71d4eb652bfca,98c71d4eb652bfca,2,2,2,2,exact anchor SAT sanity check (score 1.000),True,variants/generated_xor_chain_32_original.blif,variants/generated_xor_chain_32_refactor.blif
generated_xor_chain_32,refactor,new_n37,1,new_n37,1.0,1.0,1.0,1.0,3,3,1,exact_anchor,1,0,4096,0,f3943bc8b8a34a9a,f3943bc8b8a34a9a,3,3,2,2,exact anchor SAT sanity check (score 1.000),True,variants/generated_xor_chain_32_original.blif,variants/generated_xor_chain_32_refactor.blif
generated_xor_chain_32,refactor,new_n38,1,new_n38,1.0,1.0,1.0,1.0,3,3,1,exact_anchor,1,0,4096,0,d8f1c3516ba26cb3,d8f1c3516ba26cb3,3,3,2,2,exact anchor SAT sanity check (score 1.000),True,variants/generated_xor_chain_32_original.blif,variants/generated_xor_chain_32_refactor.blif
generated_xor_chain_32,refactor,new_n39,1,new_n39,1.0,1.0,1.0,1.0,4,4,1,exact_anchor,1,0,4096,0,24f5a6efa1b5c042,24f5a6efa1b5c042,3,3,2,2,exact anchor SAT sanity check (score 1.000),True,variants/generated_xor_chain_32_original.blif,variants/generated_xor_chain_32_refactor.blif
generated_xor_chain_32,refactor,new_n40,1,new_n40,1.0,1.0,1.0,1.0,5,5,1,exact_anchor,1,0,4096,0,82a79a7bbfa077ca,82a79a7bbfa077ca,4,4,2,2,exact anchor SAT sanity check (score 1.000),True,variants/generated_xor_chain_32_original.blif,variants/generated_xor_chain_32_refactor.blif
generated_xor_chain_32,refactor,new_n41,1,new_n41,1.0,1.0,1.0,1.0,5,5,1,exact_anchor,1,0,4096,0,207a2b18e6cbf162,207a2b18e6cbf162,4,4,2,2,exact anchor SAT sanity check (score 1.000),True,variants/generated_xor_chain_32_original.blif,variants/generated_xor_chain_32_refactor.blif
generated_xor_chain_32,refactor,new_n42,1,new_n42,1.0,1.0,1.0,1.0,6,6,1,exact_anchor,1,0,4096,0,842e49bb890833f7,842e49bb890833f7,4,4,2,2,exact anchor SAT sanity check (score 1.000),True,variants/generated_xor_chain_32_original.blif,variants/generated_xor_chain_32_refactor.blif
generated_xor_chain_32,refactor,new_n43,1,new_n43,1.0,1.0,1.0,1.0,7,7,1,exact_anchor,1,0,4096,0,4b6a1dc8e031e9d9,4b6a1dc8e031e9d9,5,5,2,2,exact anchor SAT sanity check (score 1.000),True,variants/generated_xor_chain_32_original.blif,variants/generated_xor_chain_32_refactor.blif
generated_xor_chain_32,refactor,new_n44,1,new_n44,1.0,1.0,1.0,1.0,7,7,1,exact_anchor,1,0,4096,0,8bf5da1d35004f25,8bf5da1d35004f25,5,5,2,2,exact anchor SAT sanity check (score 1.000),True,variants/generated_xor_chain_32_original.blif,variants/generated_xor_chain_32_refactor.blif
generated_xor_chain_32,refactor,new_n45,1,new_n45,1.0,1.0,1.0,1.0,8,8,1,exact_anchor,1,0,4096,0,64646ebfba41526e,64646ebfba41526e,5,5,2,2,exact anchor SAT sanity check (score 1.000),True,variants/generated_xor_chain_32_original.blif,variants/generated_xor_chain_32_refactor.blif
generated_xor_chain_32,refactor,new_n46,1,new_n46,1.0,1.0,1.0,1.0,9,9,1,exact_anchor,1,0,4096,0,f3c3be0e0516da16,f3c3be0e0516da16,6,6,2,2,exact anchor SAT sanity check (score 1.000),True,variants/generated_xor_chain_32_original.blif,variants/generated_xor_chain_32_refactor.blif
generated_xor_chain_32,refactor,new_n47,1,new_n47,1.0,1.0,1.0,1.0,9,9,1,exact_anchor,1,0,4096,0,c308dc8f80612589,c308dc8f80612589,6,6,2,2,exact anchor SAT sanity check (score 1.000),True,variants/generated_xor_chain_32_original.blif,variants/generated_xor_chain_32_refactor.blif
generated_xor_chain_32,refactor,new_n48,1,new_n48,1.0,1.0,1.0,1.0,10,10,1,exact_anchor,1,0,4096,0,b39290f826b0df34,b39290f826b0df34,6,6,2,2,exact anchor SAT sanity check (score 1.000),True,variants/generated_xor_chain_32_original.blif,variants/generated_xor_chain_32_refactor.blif
generated_xor_chain_32,refactor,new_n49,1,new_n49,1.0,1.0,1.0,1.0,11,11,1,exact_anchor,1,0,4096,0,98748b4987efcace,98748b4987efcace,7,7,2,2,exact anchor SAT sanity check (score 1.000),True,variants/generated_xor_chain_32_original.blif,variants/generated_xor_chain_32_refactor.blif
generated_xor_chain_32,refactor,new_n50,1,new_n50,1.0,1.0,1.0,1.0,11,11,1,exact_anchor,1,0,4096,0,e0ed6989dd466f82,e0ed6989dd466f82,7,7,2,2,exact anchor SAT sanity check (score 1.000),True,variants/generated_xor_chain_32_original.blif,variants/generated_xor_chain_32_refactor.blif
generated_xor_chain_32,refactor,new_n51,1,new_n51,1.0,1.0,1.0,1.0,12,12,1,exact_anchor,1,0,4096,0,e748e5e009e29ae3,e748e5e009e29ae3,7,7,2,2,exact anchor SAT sanity check (score 1.000),True,variants/generated_xor_chain_32_original.blif,variants/generated_xor_chain_32_refactor.blif
generated_xor_chain_32,refactor,new_n52,1,new_n52,1.0,1.0,1.0,1.0,13,13,1,exact_anchor,1,0,4096,0,71b3f1f8c39c925e,71b3f1f8c39c925e,8,8,2,2,exact anchor SAT sanity check (score 1.000),True,variants/generated_xor_chain_32_original.blif,variants/generated_xor_chain_32_refactor.blif
generated_xor_chain_32,refactor,new_n53,1,new_n53,1.0,1.0,1.0,1.0,13,13,1,exact_anchor,1,0,4096,0,270b7751f0df6fe3,270b7751f0df6fe3,8,8,2,2,exact anchor SAT sanity check (score 1.000),True,variants/generated_xor_chain_32_original.blif,variants/generated_xor_chain_32_refactor.blif
generated_xor_chain_32,refactor,new_n54,1,new_n54,1.0,1.0,1.0,1.0,14,14,1,exact_anchor,1,0,4096,0,bd57c54c01e6ef3e,bd57c54c01e6ef3e,8,8,2,2,exact anchor SAT sanity check (score 1.000),True,variants/generated_xor_chain_32_original.blif,variants/generated_xor_chain_32_refactor.blif
generated_xor_chain_32,refactor,new_n55,1,new_n55,1.0,1.0,1.0,1.0,15,15,1,exact_anchor,1,0,4096,0,39269b7a34173938,39269b7a34173938,9,9,2,2,exact anchor SAT sanity check (score 1.000),True,variants/generated_xor_chain_32_original.blif,variants/generated_xor_chain_32_refactor.blif
generated_xor_chain_32,refactor,new_n56,1,new_n56,1.0,1.0,1.0,1.0,15,15,1,exact_anchor,1,0,4096,0,16e8f8f5d962cc61,16e8f8f5d962cc61,9,9,2,2,exact anchor SAT sanity check (score 1.000),True,variants/generated_xor_chain_32_original.blif,variants/generated_xor_chain_32_refactor.blif
generated_xor_chain_32,refactor,new_n57,1,new_n57,1.0,1.0,1.0,1.0,16,16,1,exact_anchor,1,0,4096,0,91ea121987e7d99b,91ea121987e7d99b,9,9,2,2,exact anchor SAT sanity check (score 1.000),True,variants/generated_xor_chain_32_original.blif,variants/generated_xor_chain_32_refactor.blif
generated_xor_chain_32,refactor,new_n58,1,new_n58,1.0,1.0,1.0,1.0,17,17,1,exact_anchor,1,0,4096,0,6814966eace69531,6814966eace69531,10,10,2,2,exact anchor SAT sanity check (score 1.000),True,variants/generated_xor_chain_32_original.blif,variants/generated_xor_chain_32_refactor.blif
generated_xor_chain_32,refactor,new_n59,1,new_n59,1.0,1.0,1.0,1.0,17,17,1,exact_anchor,1,0,4096,0,efe3ca98da9e0770,efe3ca98da9e0770,10,10,2,2,exact anchor SAT sanity check (score 1.000),True,variants/generated_xor_chain_32_original.blif,variants/generated_xor_chain_32_refactor.blif
generated_xor_chain_32,refactor,new_n60,1,new_n60,1.0,1.0,1.0,1.0,18,18,1,exact_anchor,1,0,4096,0,ffde0e19096c5b59,ffde0e19096c5b59,10,10,2,2,exact anchor SAT sanity check (score 1.000),True,variants/generated_xor_chain_32_original.blif,variants/generated_xor_chain_32_refactor.blif
generated_xor_chain_32,refactor,new_n61,1,new_n61,1.0,1.0,1.0,1.0,19,19,1,exact_anchor,1,0,4096,0,1f2230075ad84ff4,1f2230075ad84ff4,11,11,2,2,exact anchor SAT sanity check (score 1.000),True,variants/generated_xor_chain_32_original.blif,variants/generated_xor_chain_32_refactor.blif
generated_xor_chain_32,refactor,new_n62,1,new_n62,1.0,1.0,1.0,1.0,19,19,1,exact_anchor,1,0,4096,0,17945fb2ddf062ef,17945fb2ddf062ef,11,11,2,2,exact anchor SAT sanity check (score 1.000),True,variants/generated_xor_chain_32_original.blif,variants/generated_xor_chain_32_refactor.blif
generated_xor_chain_32,refactor,new_n63,1,new_n63,1.0,1.0,1.0,1.0,20,20,1,exact_anchor,1,0,4096,0,c90371575d916994,c90371575d916994,11,11,2,2,exact anchor SAT sanity check (score 1.000),True,variants/generated_xor_chain_32_original.blif,variants/generated_xor_chain_32_refactor.blif
generated_xor_chain_32,refactor,new_n64,1,new_n64,1.0,1.0,1.0,1.0,21,21,1,exact_anchor,1,0,4096,0,f582cbff883f2a25,f582cbff883f2a25,12,12,2,2,exact anchor SAT sanity check (score 1.000),True,variants/generated_xor_chain_32_original.blif,variants/generated_xor_chain_32_refactor.blif
generated_xor_chain_32,refactor,new_n65,1,new_n65,1.0,1.0,1.0,1.0,21,21,1,exact_anchor,1,0,4096,0,69da9f37698ecce0,69da9f37698ecce0,12,12,2,2,exact anchor SAT sanity check (score 1.000),True,variants/generated_xor_chain_32_original.blif,variants/generated_xor_chain_32_refactor.blif
generated_xor_chain_32,refactor,new_n66,1,new_n66,1.0,1.0,1.0,1.0,22,22,1,exact_anchor,1,0,4096,0,f71bcd5da9b00c9c,f71bcd5da9b00c9c,12,12,2,2,exact anchor SAT sanity check (score 1.000),True,variants/generated_xor_chain_32_original.blif,variants/generated_xor_chain_32_refactor.blif
generated_xor_chain_32,refactor,new_n67,1,new_n67,1.0,1.0,1.0,1.0,23,23,1,exact_anchor,1,0,4096,0,e7237d335814494f,e7237d335814494f,13,13,2,2,exact anchor SAT sanity check (score 1.000),True,variants/generated_xor_chain_32_original.blif,variants/generated_xor_chain_32_refactor.blif
generated_xor_chain_32,refactor,new_n68,1,new_n68,1.0,1.0,1.0,1.0,23,23,1,exact_anchor,1,0,4096,0,13a39b7cf3622444,13a39b7cf3622444,13,13,2,2,exact anchor SAT sanity check (score 1.000),True,variants/generated_xor_chain_32_original.blif,variants/generated_xor_chain_32_refactor.blif
generated_xor_chain_32,refactor,new_n69,1,new_n69,1.0,1.0,1.0,1.0,24,24,1,exact_anchor,1,0,4096,0,e4e908e47f389445,e4e908e47f389445,13,13,2,2,exact anchor SAT sanity check (score 1.000),True,variants/generated_xor_chain_32_original.blif,variants/generated_xor_chain_32_refactor.blif
generated_xor_chain_32,refactor,new_n70,1,new_n70,1.0,1.0,1.0,1.0,25,25,1,exact_anchor,1,0,4096,0,873d69b197153803,873d69b197153803,14,14,2,2,exact anchor SAT sanity check (score 1.000),True,variants/generated_xor_chain_32_original.blif,variants/generated_xor_chain_32_refactor.blif
generated_xor_chain_32,refactor,new_n71,1,new_n71,1.0,1.0,1.0,1.0,25,25,1,exact_anchor,1,0,4096,0,a1892637b93ffd38,a1892637b93ffd38,14,14,2,2,exact anchor SAT sanity check (score 1.000),True,variants/generated_xor_chain_32_original.blif,variants/generated_xor_chain_32_refactor.blif
generated_xor_chain_32,refactor,new_n72,1,new_n72,1.0,1.0,1.0,1.0,26,26,1,exact_anchor,1,0,4096,0,b156b647de0b768a,b156b647de0b768a,14,14,2,2,exact anchor SAT sanity check (score 1.000),True,variants/generated_xor_chain_32_original.blif,variants/generated_xor_chain_32_refactor.blif
generated_xor_chain_32,refactor,new_n73,1,new_n73,1.0,1.0,1.0,1.0,27,27,1,exact_anchor,1,0,4096,0,d11401d0854a8811,d11401d0854a8811,15,15,2,2,exact anchor SAT sanity check (score 1.000),True,variants/generated_xor_chain_32_original.blif,variants/generated_xor_chain_32_refactor.blif
generated_xor_chain_32,refactor,new_n74,1,new_n74,1.0,1.0,1.0,1.0,27,27,1,exact_anchor,1,0,4096,0,e32fa4b208e74921,e32fa4b208e74921,15,15,2,2,exact anchor SAT sanity check (score 1.000),True,variants/generated_xor_chain_32_original.blif,variants/generated_xor_chain_32_refactor.blif
generated_xor_chain_32,refactor,new_n75,1,new_n75,1.0,1.0,1.0,1.0,28,28,1,exact_anchor,1,0,4096,0,8258123601d3c478,8258123601d3c478,15,15,2,2,exact anchor SAT sanity check (score 1.000),True,variants/generated_xor_chain_32_original.blif,variants/generated_xor_chain_32_refactor.blif
generated_xor_chain_32,refactor,new_n76,1,new_n76,1.0,1.0,1.0,1.0,29,29,1,exact_anchor,1,0,4096,0,ca81efd64baba313,ca81efd64baba313,16,16,2,2,exact anchor SAT sanity check (score 1.000),True,variants/generated_xor_chain_32_original.blif,variants/generated_xor_chain_32_refactor.blif
generated_xor_chain_32,refactor,new_n77,1,new_n77,1.0,1.0,1.0,1.0,29,29,1,exact_anchor,1,0,4096,0,e45361cdd9071b63,e45361cdd9071b63,16,16,2,2,exact anchor SAT sanity check (score 1.000),True,variants/generated_xor_chain_32_original.blif,variants/generated_xor_chain_32_refactor.blif
generated_xor_chain_32,refactor,new_n78,1,new_n78,1.0,1.0,1.0,1.0,30,30,1,exact_anchor,1,0,4096,0,dadb3a90ed577666,dadb3a90ed577666,16,16,2,2,exact anchor SAT sanity check (score 1.000),True,variants/generated_xor_chain_32_original.blif,variants/generated_xor_chain_32_refactor.blif
generated_xor_chain_32,refactor,new_n79,1,new_n79,1.0,1.0,1.0,1.0,31,31,1,exact_anchor,1,0,4096,0,cd8434a02bb91a25,cd8434a02bb91a25,17,17,2,2,exact anchor SAT sanity check (score 1.000),True,variants/generated_xor_chain_32_original.blif,variants/generated_xor_chain_32_refactor.blif
generated_xor_chain_32,refactor,new_n80,1,new_n80,1.0,1.0,1.0,1.0,31,31,1,exact_anchor,1,0,4096,0,220174ff23efb7a4,220174ff23efb7a4,17,17,2,2,exact anchor SAT sanity check (score 1.000),True,variants/generated_xor_chain_32_original.blif,variants/generated_xor_chain_32_refactor.blif
generated_xor_chain_32,refactor,new_n81,1,new_n81,1.0,1.0,1.0,1.0,32,32,1,exact_anchor,1,0,4096,0,03b3e228ee4ffb2a,03b3e228ee4ffb2a,17,17,2,2,exact anchor SAT sanity check (score 1.000),True,variants/generated_xor_chain_32_original.blif,variants/generated_xor_chain_32_refactor.blif
generated_xor_chain_32,refactor,new_n82,1,new_n82,1.0,1.0,1.0,1.0,33,33,1,exact_anchor,1,0,4096,0,01392e37de9f30b1,01392e37de9f30b1,18,18,2,2,exact anchor SAT sanity check (score 1.000),True,variants/generated_xor_chain_32_original.blif,variants/generated_xor_chain_32_refactor.blif
generated_xor_chain_32,refactor,new_n83,1,new_n83,1.0,1.0,1.0,1.0,33,33,1,exact_anchor,1,0,4096,0,90f37a7ab132ea7f,90f37a7ab132ea7f,18,18,2,2,exact anchor SAT sanity check (score 1.000),True,variants/generated_xor_chain_32_original.blif,variants/generated_xor_chain_32_refactor.blif
generated_xor_chain_32,refactor,new_n84,1,new_n84,1.0,1.0,1.0,1.0,34,34,1,exact_anchor,1,0,4096,0,b080637926619b0f,b080637926619b0f,18,18,2,2,exact anchor SAT sanity check (score 1.000),True,variants/generated_xor_chain_32_original.blif,variants/generated_xor_chain_32_refactor.blif
generated_xor_chain_32,refactor,new_n85,1,new_n85,1.0,1.0,1.0,1.0,35,35,1,exact_anchor,1,0,4096,0,27cbb081d056e9e2,27cbb081d056e9e2,19,19,2,2,exact anchor SAT sanity check (score 1.000),True,variants/generated_xor_chain_32_original.blif,variants/generated_xor_chain_32_refactor.blif
generated_xor_chain_32,refactor,new_n86,1,new_n86,1.0,1.0,1.0,1.0,35,35,1,exact_anchor,1,0,4096,0,c60dc4071d68fa40,c60dc4071d68fa40,19,19,2,2,exact anchor SAT sanity check (score 1.000),True,variants/generated_xor_chain_32_original.blif,variants/generated_xor_chain_32_refactor.blif
generated_xor_chain_32,refactor,new_n87,1,new_n87,1.0,1.0,1.0,1.0,36,36,1,exact_anchor,1,0,4096,0,629cf6e4c3ed575f,629cf6e4c3ed575f,19,19,2,2,exact anchor SAT sanity check (score 1.000),True,variants/generated_xor_chain_32_original.blif,variants/generated_xor_chain_32_refactor.blif
generated_xor_chain_32,refactor,new_n88,1,new_n88,1.0,1.0,1.0,1.0,37,37,1,exact_anchor,1,0,4096,0,570bce3141f26b4f,570bce3141f26b4f,20,20,2,2,exact anchor SAT sanity check (score 1.000),True,variants/generated_xor_chain_32_original.blif,variants/generated_xor_chain_32_refactor.blif
generated_xor_chain_32,refactor,new_n89,1,new_n89,1.0,1.0,1.0,1.0,37,37,1,exact_anchor,1,0,4096,0,824cbd02562ddaa3,824cbd02562ddaa3,20,20,2,2,exact anchor SAT sanity check (score 1.000),True,variants/generated_xor_chain_32_original.blif,variants/generated_xor_chain_32_refactor.blif
generated_xor_chain_32,refactor,new_n90,1,new_n90,1.0,1.0,1.0,1.0,38,38,1,exact_anchor,1,0,4096,0,ac59288bbf73e0c9,ac59288bbf73e0c9,20,20,2,2,exact anchor SAT sanity check (score 1.000),True,variants/generated_xor_chain_32_original.blif,variants/generated_xor_chain_32_refactor.blif
generated_xor_chain_32,refactor,new_n91,1,new_n91,1.0,1.0,1.0,1.0,39,39,1,exact_anchor,1,0,4096,0,3b5aa1daa0d16721,3b5aa1daa0d16721,21,21,2,2,exact anchor SAT sanity check (score 1.000),True,variants/generated_xor_chain_32_original.blif,variants/generated_xor_chain_32_refactor.blif
generated_xor_chain_32,refactor,new_n92,1,new_n92,1.0,1.0,1.0,1.0,39,39,1,exact_anchor,1,0,4096,0,81237eaa67031f41,81237eaa67031f41,21,21,2,2,exact anchor SAT sanity check (score 1.000),True,variants/generated_xor_chain_32_original.blif,variants/generated_xor_chain_32_refactor.blif
generated_xor_chain_32,refactor,new_n93,1,new_n93,1.0,1.0,1.0,1.0,40,40,1,exact_anchor,1,0,4096,0,147a24e567dc2fde,147a24e567dc2fde,21,21,2,2,exact anchor SAT sanity check (score 1.000),True,variants/generated_xor_chain_32_original.blif,variants/generated_xor_chain_32_refactor.blif
generated_xor_chain_32,refactor,new_n94,1,new_n94,1.0,1.0,1.0,1.0,41,41,1,exact_anchor,1,0,4096,0,163a9e78ba18ccd2,163a9e78ba18ccd2,22,22,2,2,exact anchor SAT sanity check (score 1.000),True,variants/generated_xor_chain_32_original.blif,variants/generated_xor_chain_32_refactor.blif
generated_xor_chain_32,refactor,new_n95,1,new_n95,1.0,1.0,1.0,1.0,41,41,1,exact_anchor,1,0,4096,0,2737170e747c7983,2737170e747c7983,22,22,2,2,exact anchor SAT sanity check (score 1.000),True,variants/generated_xor_chain_32_original.blif,variants/generated_xor_chain_32_refactor.blif
generated_xor_chain_32,refactor,new_n96,1,new_n96,1.0,1.0,1.0,1.0,42,42,1,exact_anchor,1,0,4096,0,1afad53deae227ee,1afad53deae227ee,22,22,2,2,exact anchor SAT sanity check (score 1.000),True,variants/generated_xor_chain_32_original.blif,variants/generated_xor_chain_32_refactor.blif
generated_xor_chain_32,refactor,new_n97,1,new_n97,1.0,1.0,1.0,1.0,43,43,1,exact_anchor,1,0,4096,0,22b096daf7089e2e,22b096daf7089e2e,23,23,2,2,exact anchor SAT sanity check (score 1.000),True,variants/generated_xor_chain_32_original.blif,variants/generated_xor_chain_32_refactor.blif
generated_xor_chain_32,refactor,new_n98,1,new_n98,1.0,1.0,1.0,1.0,43,43,1,exact_anchor,1,0,4096,0,79db4d515f0f9c6c,79db4d515f0f9c6c,23,23,2,2,exact anchor SAT sanity check (score 1.000),True,variants/generated_xor_chain_32_original.blif,variants/generated_xor_chain_32_refactor.blif
generated_xor_chain_32,refactor,new_n99,1,new_n99,1.0,1.0,1.0,1.0,44,44,1,exact_anchor,1,0,4096,0,18bdfc37b8d9381b,18bdfc37b8d9381b,23,23,2,2,exact anchor SAT sanity check (score 1.000),True,variants/generated_xor_chain_32_original.blif,variants/generated_xor_chain_32_refactor.blif
generated_xor_chain_32,refactor,new_n100,1,new_n100,1.0,1.0,1.0,1.0,45,45,1,exact_anchor,1,0,4096,0,4bad59e1d2039255,4bad59e1d2039255,24,24,2,2,exact anchor SAT sanity check (score 1.000),True,variants/generated_xor_chain_32_original.blif,variants/generated_xor_chain_32_refactor.blif
generated_xor_chain_32,refactor,new_n101,1,new_n101,1.0,1.0,1.0,1.0,45,45,1,exact_anchor,1,0,4096,0,f1c8ff3161a2b87b,f1c8ff3161a2b87b,24,24,2,2,exact anchor SAT sanity check (score 1.000),True,variants/generated_xor_chain_32_original.blif,variants/generated_xor_chain_32_refactor.blif
generated_xor_chain_32,refactor,new_n102,1,new_n102,1.0,1.0,1.0,1.0,46,46,1,exact_anchor,1,0,4096,0,93cc7cce0510065f,93cc7cce0510065f,24,24,2,2,exact anchor SAT sanity check (score 1.000),True,variants/generated_xor_chain_32_original.blif,variants/generated_xor_chain_32_refactor.blif
generated_xor_chain_32,refactor,new_n103,1,new_n103,1.0,1.0,1.0,1.0,47,47,1,exact_anchor,1,0,4096,0,027d56afa68ef13c,027d56afa68ef13c,25,25,2,2,exact anchor SAT sanity check (score 1.000),True,variants/generated_xor_chain_32_original.blif,variants/generated_xor_chain_32_refactor.blif
generated_xor_chain_32,refactor,new_n104,1,new_n104,1.0,1.0,1.0,1.0,47,47,1,exact_anchor,1,0,4096,0,77be784dc00a0b78,77be784dc00a0b78,25,25,2,2,exact anchor SAT sanity check (score 1.000),True,variants/generated_xor_chain_32_original.blif,variants/generated_xor_chain_32_refactor.blif
generated_xor_chain_32,refactor,new_n105,1,new_n105,1.0,1.0,1.0,1.0,48,48,1,exact_anchor,1,0,4096,0,c57acd2bec229db5,c57acd2bec229db5,25,25,2,2,exact anchor SAT sanity check (score 1.000),True,variants/generated_xor_chain_32_original.blif,variants/generated_xor_chain_32_refactor.blif
generated_xor_chain_32,refactor,new_n106,1,new_n106,1.0,1.0,1.0,1.0,49,49,1,exact_anchor,1,0,4096,0,b5d78e585a1fbf12,b5d78e585a1fbf12,26,26,2,2,exact anchor SAT sanity check (score 1.000),True,variants/generated_xor_chain_32_original.blif,variants/generated_xor_chain_32_refactor.blif
generated_xor_chain_32,refactor,new_n107,1,new_n107,1.0,1.0,1.0,1.0,49,49,1,exact_anchor,1,0,4096,0,44a6997db7d3543b,44a6997db7d3543b,26,26,2,2,exact anchor SAT sanity check (score 1.000),True,variants/generated_xor_chain_32_original.blif,variants/generated_xor_chain_32_refactor.blif
generated_xor_chain_32,refactor,new_n108,1,new_n108,1.0,1.0,1.0,1.0,50,50,1,exact_anchor,1,0,4096,0,39a05f4775241ce5,39a05f4775241ce5,26,26,2,2,exact anchor SAT sanity check (score 1.000),True,variants/generated_xor_chain_32_original.blif,variants/generated_xor_chain_32_refactor.blif
generated_xor_chain_32,refactor,new_n109,1,new_n109,1.0,1.0,1.0,1.0,51,51,1,exact_anchor,1,0,4096,0,fef766e7af305960,fef766e7af305960,27,27,2,2,exact anchor SAT sanity check (score 1.000),True,variants/generated_xor_chain_32_original.blif,variants/generated_xor_chain_32_refactor.blif
generated_xor_chain_32,refactor,new_n110,1,new_n110,1.0,1.0,1.0,1.0,51,51,1,exact_anchor,1,0,4096,0,f3f8362a01fcbcf8,f3f8362a01fcbcf8,27,27,2,2,exact anchor SAT sanity check (score 1.000),True,variants/generated_xor_chain_32_original.blif,variants/generated_xor_chain_32_refactor.blif
generated_xor_chain_32,refactor,new_n111,1,new_n111,1.0,1.0,1.0,1.0,52,52,1,exact_anchor,1,0,4096,0,327cdaf89a1a3356,327cdaf89a1a3356,27,27,2,2,exact anchor SAT sanity check (score 1.000),True,variants/generated_xor_chain_32_original.blif,variants/generated_xor_chain_32_refactor.blif
generated_xor_chain_32,refactor,new_n112,1,new_n112,1.0,1.0,1.0,1.0,53,53,1,exact_anchor,1,0,4096,0,0ed8c57671385b81,0ed8c57671385b81,28,28,2,2,exact anchor SAT sanity check (score 1.000),True,variants/generated_xor_chain_32_original.blif,variants/generated_xor_chain_32_refactor.blif
generated_xor_chain_32,refactor,new_n113,1,new_n113,1.0,1.0,1.0,1.0,53,53,1,exact_anchor,1,0,4096,0,228fc69792a3f583,228fc69792a3f583,28,28,2,2,exact anchor SAT sanity check (score 1.000),True,variants/generated_xor_chain_32_original.blif,variants/generated_xor_chain_32_refactor.blif
generated_xor_chain_32,refactor,new_n114,1,new_n114,1.0,1.0,1.0,1.0,54,54,1,exact_anchor,1,0,4096,0,67ed9808c4caf339,67ed9808c4caf339,28,28,2,2,exact anchor SAT sanity check (score 1.000),True,variants/generated_xor_chain_32_original.blif,variants/generated_xor_chain_32_refactor.blif
generated_xor_chain_32,refactor,new_n115,1,new_n115,1.0,1.0,1.0,1.0,55,55,1,exact_anchor,1,0,4096,0,2fc17cbf2b9e306f,2fc17cbf2b9e306f,29,29,2,2,exact anchor SAT sanity check (score 1.000),True,variants/generated_xor_chain_32_original.blif,variants/generated_xor_chain_32_refactor.blif
generated_xor_chain_32,refactor,new_n116,1,new_n116,1.0,1.0,1.0,1.0,55,55,1,exact_anchor,1,0,4096,0,de3699d15d184f89,de3699d15d184f89,29,29,2,2,exact anchor SAT sanity check (score 1.000),True,variants/generated_xor_chain_32_original.blif,variants/generated_xor_chain_32_refactor.blif
generated_xor_chain_32,refactor,new_n117,1,new_n117,1.0,1.0,1.0,1.0,56,56,1,exact_anchor,1,0,4096,0,310681a44b433ac7,310681a44b433ac7,29,29,2,2,exact anchor SAT sanity check (score 1.000),True,variants/generated_xor_chain_32_original.blif,variants/generated_xor_chain_32_refactor.blif
generated_xor_chain_32,refactor,new_n118,1,new_n118,1.0,1.0,1.0,1.0,57,57,1,exact_anchor,1,0,4096,0,695917147c4bd7fb,695917147c4bd7fb,30,30,2,2,exact anchor SAT sanity check (score 1.000),True,variants/generated_xor_chain_32_original.blif,variants/generated_xor_chain_32_refactor.blif
generated_xor_chain_32,refactor,new_n119,1,new_n119,1.0,1.0,1.0,1.0,57,57,1,exact_anchor,1,0,4096,0,df106c6500f80ddd,df106c6500f80ddd,30,30,2,2,exact anchor SAT sanity check (score 1.000),True,variants/generated_xor_chain_32_original.blif,variants/generated_xor_chain_32_refactor.blif
generated_xor_chain_32,refactor,new_n120,1,new_n120,1.0,1.0,1.0,1.0,58,58,1,exact_anchor,1,0,4096,0,35d32b86f7bcb18d,35d32b86f7bcb18d,30,30,2,2,exact anchor SAT sanity check (score 1.000),True,variants/generated_xor_chain_32_original.blif,variants/generated_xor_chain_32_refactor.blif
generated_xor_chain_32,refactor,new_n121,1,new_n121,1.0,1.0,1.0,1.0,59,59,1,exact_anchor,1,0,4096,0,51223532f7825351,51223532f7825351,31,31,2,2,exact anchor SAT sanity check (score 1.000),True,variants/generated_xor_chain_32_original.blif,variants/generated_xor_chain_32_refactor.blif
generated_xor_chain_32,refactor,new_n122,1,new_n122,1.0,1.0,1.0,1.0,59,59,1,exact_anchor,1,0,4096,0,69dedddd5b436afe,69dedddd5b436afe,31,31,2,2,exact anchor SAT sanity check (score 1.000),True,variants/generated_xor_chain_32_original.blif,variants/generated_xor_chain_32_refactor.blif
generated_xor_chain_32,refactor,new_n123,1,new_n123,1.0,1.0,1.0,1.0,60,60,1,exact_anchor,1,0,4096,0,2d8a7d07d3928de9,2d8a7d07d3928de9,31,31,2,2,exact anchor SAT sanity check (score 1.000),True,variants/generated_xor_chain_32_original.blif,variants/generated_xor_chain_32_refactor.blif
generated_xor_chain_32,refactor,new_n124,1,new_n124,1.0,1.0,1.0,1.0,61,61,1,exact_anchor,1,0,4096,0,bc0d675af3de312b,bc0d675af3de312b,32,32,2,2,exact anchor SAT sanity check (score 1.000),True,variants/generated_xor_chain_32_original.blif,variants/generated_xor_chain_32_refactor.blif
generated_xor_chain_32,refactor,new_n125,1,new_n125,1.0,1.0,1.0,1.0,61,61,1,exact_anchor,1,0,4096,0,efafca56aa8f2486,efafca56aa8f2486,32,32,2,2,exact anchor SAT sanity check (score 1.000),True,variants/generated_xor_chain_32_original.blif,variants/generated_xor_chain_32_refactor.blif
generated_xor_chain_32,refactor_z,new_n37,1,new_n37,1.0,1.0,1.0,1.0,3,3,1,exact_anchor,1,0,4096,0,f3943bc8b8a34a9a,f3943bc8b8a34a9a,3,3,2,2,exact anchor SAT sanity check (score 1.000),True,variants/generated_xor_chain_32_original.blif,variants/generated_xor_chain_32_refactor_z.blif
generated_xor_chain_32,refactor_z,new_n38,1,new_n38,1.0,1.0,1.0,1.0,3,3,1,exact_anchor,1,0,4096,0,d8f1c3516ba26cb3,d8f1c3516ba26cb3,3,3,2,2,exact anchor SAT sanity check (score 1.000),True,variants/generated_xor_chain_32_original.blif,variants/generated_xor_chain_32_refactor_z.blif
generated_xor_chain_32,refactor_z,new_n39,1,new_n39,1.0,1.0,1.0,1.0,4,4,1,exact_anchor,1,0,4096,0,24f5a6efa1b5c042,24f5a6efa1b5c042,3,3,2,2,exact anchor SAT sanity check (score 1.000),True,variants/generated_xor_chain_32_original.blif,variants/generated_xor_chain_32_refactor_z.blif
generated_xor_chain_32,refactor_z,new_n40,1,new_n40,1.0,1.0,1.0,1.0,5,5,1,exact_anchor,1,0,4096,0,82a79a7bbfa077ca,82a79a7bbfa077ca,4,4,2,2,exact anchor SAT sanity check (score 1.000),True,variants/generated_xor_chain_32_original.blif,variants/generated_xor_chain_32_refactor_z.blif
generated_xor_chain_32,refactor_z,new_n41,1,new_n41,1.0,1.0,1.0,1.0,5,5,1,exact_anchor,1,0,4096,0,207a2b18e6cbf162,207a2b18e6cbf162,4,4,2,2,exact anchor SAT sanity check (score 1.000),True,variants/generated_xor_chain_32_original.blif,variants/generated_xor_chain_32_refactor_z.blif
generated_xor_chain_32,refactor_z,new_n42,1,new_n42,1.0,1.0,1.0,1.0,6,6,1,exact_anchor,1,0,4096,0,842e49bb890833f7,842e49bb890833f7,4,4,2,2,exact anchor SAT sanity check (score 1.000),True,variants/generated_xor_chain_32_original.blif,variants/generated_xor_chain_32_refactor_z.blif
generated_xor_chain_32,refactor_z,new_n43,1,new_n43,1.0,1.0,1.0,1.0,7,7,1,exact_anchor,1,0,4096,0,4b6a1dc8e031e9d9,4b6a1dc8e031e9d9,5,5,2,2,exact anchor SAT sanity check (score 1.000),True,variants/generated_xor_chain_32_original.blif,variants/generated_xor_chain_32_refactor_z.blif
generated_xor_chain_32,refactor_z,new_n44,1,new_n44,1.0,1.0,1.0,1.0,7,7,1,exact_anchor,1,0,4096,0,8bf5da1d35004f25,8bf5da1d35004f25,5,5,2,2,exact anchor SAT sanity check (score 1.000),True,variants/generated_xor_chain_32_original.blif,variants/generated_xor_chain_32_refactor_z.blif
generated_xor_chain_32,refactor_z,new_n45,1,new_n45,1.0,1.0,1.0,1.0,8,8,1,exact_anchor,1,0,4096,0,64646ebfba41526e,64646ebfba41526e,5,5,2,2,exact anchor SAT sanity check (score 1.000),True,variants/generated_xor_chain_32_original.blif,variants/generated_xor_chain_32_refactor_z.blif
generated_xor_chain_32,refactor_z,new_n46,1,new_n46,1.0,1.0,1.0,1.0,9,9,1,exact_anchor,1,0,4096,0,f3c3be0e0516da16,f3c3be0e0516da16,6,6,2,2,exact anchor SAT sanity check (score 1.000),True,variants/generated_xor_chain_32_original.blif,variants/generated_xor_chain_32_refactor_z.blif
generated_xor_chain_32,refactor_z,new_n47,1,new_n47,1.0,1.0,1.0,1.0,9,9,1,exact_anchor,1,0,4096,0,c308dc8f80612589,c308dc8f80612589,6,6,2,2,exact anchor SAT sanity check (score 1.000),True,variants/generated_xor_chain_32_original.blif,variants/generated_xor_chain_32_refactor_z.blif
generated_xor_chain_32,refactor_z,new_n48,1,new_n48,1.0,1.0,1.0,1.0,10,10,1,exact_anchor,1,0,4096,0,b39290f826b0df34,b39290f826b0df34,6,6,2,2,exact anchor SAT sanity check (score 1.000),True,variants/generated_xor_chain_32_original.blif,variants/generated_xor_chain_32_refactor_z.blif
generated_xor_chain_32,refactor_z,new_n49,1,new_n49,1.0,1.0,1.0,1.0,11,11,1,exact_anchor,1,0,4096,0,98748b4987efcace,98748b4987efcace,7,7,2,2,exact anchor SAT sanity check (score 1.000),True,variants/generated_xor_chain_32_original.blif,variants/generated_xor_chain_32_refactor_z.blif
generated_xor_chain_32,refactor_z,new_n50,1,new_n50,1.0,1.0,1.0,1.0,11,11,1,exact_anchor,1,0,4096,0,e0ed6989dd466f82,e0ed6989dd466f82,7,7,2,2,exact anchor SAT sanity check (score 1.000),True,variants/generated_xor_chain_32_original.blif,variants/generated_xor_chain_32_refactor_z.blif
generated_xor_chain_32,refactor_z,new_n51,1,new_n51,1.0,1.0,1.0,1.0,12,12,1,exact_anchor,1,0,4096,0,e748e5e009e29ae3,e748e5e009e29ae3,7,7,2,2,exact anchor SAT sanity check (score 1.000),True,variants/generated_xor_chain_32_original.blif,variants/generated_xor_chain_32_refactor_z.blif
generated_xor_chain_32,refactor_z,new_n52,1,new_n52,1.0,1.0,1.0,1.0,13,13,1,exact_anchor,1,0,4096,0,71b3f1f8c39c925e,71b3f1f8c39c925e,8,8,2,2,exact anchor SAT sanity check (score 1.000),True,variants/generated_xor_chain_32_original.blif,variants/generated_xor_chain_32_refactor_z.blif
generated_xor_chain_32,refactor_z,new_n53,1,new_n53,1.0,1.0,1.0,1.0,13,13,1,exact_anchor,1,0,4096,0,270b7751f0df6fe3,270b7751f0df6fe3,8,8,2,2,exact anchor SAT sanity check (score 1.000),True,variants/generated_xor_chain_32_original.blif,variants/generated_xor_chain_32_refactor_z.blif
generated_xor_chain_32,refactor_z,new_n54,1,new_n54,1.0,1.0,1.0,1.0,14,14,1,exact_anchor,1,0,4096,0,bd57c54c01e6ef3e,bd57c54c01e6ef3e,8,8,2,2,exact anchor SAT sanity check (score 1.000),True,variants/generated_xor_chain_32_original.blif,variants/generated_xor_chain_32_refactor_z.blif
generated_xor_chain_32,refactor_z,new_n55,1,new_n55,1.0,1.0,1.0,1.0,15,15,1,exact_anchor,1,0,4096,0,39269b7a34173938,39269b7a34173938,9,9,2,2,exact anchor SAT sanity check (score 1.000),True,variants/generated_xor_chain_32_original.blif,variants/generated_xor_chain_32_refactor_z.blif
generated_xor_chain_32,refactor_z,new_n56,1,new_n56,1.0,1.0,1.0,1.0,15,15,1,exact_anchor,1,0,4096,0,16e8f8f5d962cc61,16e8f8f5d962cc61,9,9,2,2,exact anchor SAT sanity check (score 1.000),True,variants/generated_xor_chain_32_original.blif,variants/generated_xor_chain_32_refactor_z.blif
generated_xor_chain_32,refactor_z,new_n57,1,new_n57,1.0,1.0,1.0,1.0,16,16,1,exact_anchor,1,0,4096,0,91ea121987e7d99b,91ea121987e7d99b,9,9,2,2,exact anchor SAT sanity check (score 1.000),True,variants/generated_xor_chain_32_original.blif,variants/generated_xor_chain_32_refactor_z.blif
generated_xor_chain_32,refactor_z,new_n58,1,new_n58,1.0,1.0,1.0,1.0,17,17,1,exact_anchor,1,0,4096,0,6814966eace69531,6814966eace69531,10,10,2,2,exact anchor SAT sanity check (score 1.000),True,variants/generated_xor_chain_32_original.blif,variants/generated_xor_chain_32_refactor_z.blif
generated_xor_chain_32,refactor_z,new_n59,1,new_n59,1.0,1.0,1.0,1.0,17,17,1,exact_anchor,1,0,4096,0,efe3ca98da9e0770,efe3ca98da9e0770,10,10,2,2,exact anchor SAT sanity check (score 1.000),True,variants/generated_xor_chain_32_original.blif,variants/generated_xor_chain_32_refactor_z.blif
generated_xor_chain_32,refactor_z,new_n60,1,new_n60,1.0,1.0,1.0,1.0,18,18,1,exact_anchor,1,0,4096,0,ffde0e19096c5b59,ffde0e19096c5b59,10,10,2,2,exact anchor SAT sanity check (score 1.000),True,variants/generated_xor_chain_32_original.blif,variants/generated_xor_chain_32_refactor_z.blif
generated_xor_chain_32,refactor_z,new_n61,1,new_n61,1.0,1.0,1.0,1.0,19,19,1,exact_anchor,1,0,4096,0,1f2230075ad84ff4,1f2230075ad84ff4,11,11,2,2,exact anchor SAT sanity check (score 1.000),True,variants/generated_xor_chain_32_original.blif,variants/generated_xor_chain_32_refactor_z.blif
generated_xor_chain_32,refactor_z,new_n62,1,new_n62,1.0,1.0,1.0,1.0,19,19,1,exact_anchor,1,0,4096,0,17945fb2ddf062ef,17945fb2ddf062ef,11,11,2,2,exact anchor SAT sanity check (score 1.000),True,variants/generated_xor_chain_32_original.blif,variants/generated_xor_chain_32_refactor_z.blif
generated_xor_chain_32,refactor_z,new_n63,1,new_n63,1.0,1.0,1.0,1.0,20,20,1,exact_anchor,1,0,4096,0,c90371575d916994,c90371575d916994,11,11,2,2,exact anchor SAT sanity check (score 1.000),True,variants/generated_xor_chain_32_original.blif,variants/generated_xor_chain_32_refactor_z.blif
generated_xor_chain_32,refactor_z,new_n64,1,new_n64,1.0,1.0,1.0,1.0,21,21,1,exact_anchor,1,0,4096,0,f582cbff883f2a25,f582cbff883f2a25,12,12,2,2,exact anchor SAT sanity check (score 1.000),True,variants/generated_xor_chain_32_original.blif,variants/generated_xor_chain_32_refactor_z.blif
generated_xor_chain_32,refactor_z,new_n65,1,new_n65,1.0,1.0,1.0,1.0,21,21,1,exact_anchor,1,0,4096,0,69da9f37698ecce0,69da9f37698ecce0,12,12,2,2,exact anchor SAT sanity check (score 1.000),True,variants/generated_xor_chain_32_original.blif,variants/generated_xor_chain_32_refactor_z.blif
generated_xor_chain_32,refactor_z,new_n66,1,new_n66,1.0,1.0,1.0,1.0,22,22,1,exact_anchor,1,0,4096,0,f71bcd5da9b00c9c,f71bcd5da9b00c9c,12,12,2,2,exact anchor SAT sanity check (score 1.000),True,variants/generated_xor_chain_32_original.blif,variants/generated_xor_chain_32_refactor_z.blif
generated_xor_chain_32,refactor_z,new_n67,1,new_n67,1.0,1.0,1.0,1.0,23,23,1,exact_anchor,1,0,4096,0,e7237d335814494f,e7237d335814494f,13,13,2,2,exact anchor SAT sanity check (score 1.000),True,variants/generated_xor_chain_32_original.blif,variants/generated_xor_chain_32_refactor_z.blif
generated_xor_chain_32,refactor_z,new_n68,1,new_n68,1.0,1.0,1.0,1.0,23,23,1,exact_anchor,1,0,4096,0,13a39b7cf3622444,13a39b7cf3622444,13,13,2,2,exact anchor SAT sanity check (score 1.000),True,variants/generated_xor_chain_32_original.blif,variants/generated_xor_chain_32_refactor_z.blif
generated_xor_chain_32,refactor_z,new_n69,1,new_n69,1.0,1.0,1.0,1.0,24,24,1,exact_anchor,1,0,4096,0,e4e908e47f389445,e4e908e47f389445,13,13,2,2,exact anchor SAT sanity check (score 1.000),True,variants/generated_xor_chain_32_original.blif,variants/generated_xor_chain_32_refactor_z.blif
generated_xor_chain_32,refactor_z,new_n70,1,new_n70,1.0,1.0,1.0,1.0,25,25,1,exact_anchor,1,0,4096,0,873d69b197153803,873d69b197153803,14,14,2,2,exact anchor SAT sanity check (score 1.000),True,variants/generated_xor_chain_32_original.blif,variants/generated_xor_chain_32_refactor_z.blif
generated_xor_chain_32,refactor_z,new_n71,1,new_n71,1.0,1.0,1.0,1.0,25,25,1,exact_anchor,1,0,4096,0,a1892637b93ffd38,a1892637b93ffd38,14,14,2,2,exact anchor SAT sanity check (score 1.000),True,variants/generated_xor_chain_32_original.blif,variants/generated_xor_chain_32_refactor_z.blif
generated_xor_chain_32,refactor_z,new_n72,1,new_n72,1.0,1.0,1.0,1.0,26,26,1,exact_anchor,1,0,4096,0,b156b647de0b768a,b156b647de0b768a,14,14,2,2,exact anchor SAT sanity check (score 1.000),True,variants/generated_xor_chain_32_original.blif,variants/generated_xor_chain_32_refactor_z.blif
generated_xor_chain_32,refactor_z,new_n73,1,new_n73,1.0,1.0,1.0,1.0,27,27,1,exact_anchor,1,0,4096,0,d11401d0854a8811,d11401d0854a8811,15,15,2,2,exact anchor SAT sanity check (score 1.000),True,variants/generated_xor_chain_32_original.blif,variants/generated_xor_chain_32_refactor_z.blif
generated_xor_chain_32,refactor_z,new_n74,1,new_n74,1.0,1.0,1.0,1.0,27,27,1,exact_anchor,1,0,4096,0,e32fa4b208e74921,e32fa4b208e74921,15,15,2,2,exact anchor SAT sanity check (score 1.000),True,variants/generated_xor_chain_32_original.blif,variants/generated_xor_chain_32_refactor_z.blif
generated_xor_chain_32,refactor_z,new_n75,1,new_n75,1.0,1.0,1.0,1.0,28,28,1,exact_anchor,1,0,4096,0,8258123601d3c478,8258123601d3c478,15,15,2,2,exact anchor SAT sanity check (score 1.000),True,variants/generated_xor_chain_32_original.blif,variants/generated_xor_chain_32_refactor_z.blif
generated_xor_chain_32,refactor_z,new_n76,1,new_n76,1.0,1.0,1.0,1.0,29,29,1,exact_anchor,1,0,4096,0,ca81efd64baba313,ca81efd64baba313,16,16,2,2,exact anchor SAT sanity check (score 1.000),True,variants/generated_xor_chain_32_original.blif,variants/generated_xor_chain_32_refactor_z.blif
generated_xor_chain_32,refactor_z,new_n77,1,new_n77,1.0,1.0,1.0,1.0,29,29,1,exact_anchor,1,0,4096,0,e45361cdd9071b63,e45361cdd9071b63,16,16,2,2,exact anchor SAT sanity check (score 1.000),True,variants/generated_xor_chain_32_original.blif,variants/generated_xor_chain_32_refactor_z.blif
generated_xor_chain_32,refactor_z,new_n78,1,new_n78,1.0,1.0,1.0,1.0,30,30,1,exact_anchor,1,0,4096,0,dadb3a90ed577666,dadb3a90ed577666,16,16,2,2,exact anchor SAT sanity check (score 1.000),True,variants/generated_xor_chain_32_original.blif,variants/generated_xor_chain_32_refactor_z.blif
generated_xor_chain_32,refactor_z,new_n79,1,new_n79,1.0,1.0,1.0,1.0,31,31,1,exact_anchor,1,0,4096,0,cd8434a02bb91a25,cd8434a02bb91a25,17,17,2,2,exact anchor SAT sanity check (score 1.000),True,variants/generated_xor_chain_32_original.blif,variants/generated_xor_chain_32_refactor_z.blif
generated_xor_chain_32,refactor_z,new_n80,1,new_n80,1.0,1.0,1.0,1.0,31,31,1,exact_anchor,1,0,4096,0,220174ff23efb7a4,220174ff23efb7a4,17,17,2,2,exact anchor SAT sanity check (score 1.000),True,variants/generated_xor_chain_32_original.blif,variants/generated_xor_chain_32_refactor_z.blif
generated_xor_chain_32,refactor_z,new_n81,1,new_n81,1.0,1.0,1.0,1.0,32,32,1,exact_anchor,1,0,4096,0,03b3e228ee4ffb2a,03b3e228ee4ffb2a,17,17,2,2,exact anchor SAT sanity check (score 1.000),True,variants/generated_xor_chain_32_original.blif,variants/generated_xor_chain_32_refactor_z.blif
generated_xor_chain_32,refactor_z,new_n82,1,new_n82,1.0,1.0,1.0,1.0,33,33,1,exact_anchor,1,0,4096,0,01392e37de9f30b1,01392e37de9f30b1,18,18,2,2,exact anchor SAT sanity check (score 1.000),True,variants/generated_xor_chain_32_original.blif,variants/generated_xor_chain_32_refactor_z.blif
generated_xor_chain_32,refactor_z,new_n83,1,new_n83,1.0,1.0,1.0,1.0,33,33,1,exact_anchor,1,0,4096,0,90f37a7ab132ea7f,90f37a7ab132ea7f,18,18,2,2,exact anchor SAT sanity check (score 1.000),True,variants/generated_xor_chain_32_original.blif,variants/generated_xor_chain_32_refactor_z.blif
generated_xor_chain_32,refactor_z,new_n84,1,new_n84,1.0,1.0,1.0,1.0,34,34,1,exact_anchor,1,0,4096,0,b080637926619b0f,b080637926619b0f,18,18,2,2,exact anchor SAT sanity check (score 1.000),True,variants/generated_xor_chain_32_original.blif,variants/generated_xor_chain_32_refactor_z.blif
generated_xor_chain_32,refactor_z,new_n85,1,new_n85,1.0,1.0,1.0,1.0,35,35,1,exact_anchor,1,0,4096,0,27cbb081d056e9e2,27cbb081d056e9e2,19,19,2,2,exact anchor SAT sanity check (score 1.000),True,variants/generated_xor_chain_32_original.blif,variants/generated_xor_chain_32_refactor_z.blif
generated_xor_chain_32,refactor_z,new_n86,1,new_n86,1.0,1.0,1.0,1.0,35,35,1,exact_anchor,1,0,4096,0,c60dc4071d68fa40,c60dc4071d68fa40,19,19,2,2,exact anchor SAT sanity check (score 1.000),True,variants/generated_xor_chain_32_original.blif,variants/generated_xor_chain_32_refactor_z.blif
generated_xor_chain_32,refactor_z,new_n87,1,new_n87,1.0,1.0,1.0,1.0,36,36,1,exact_anchor,1,0,4096,0,629cf6e4c3ed575f,629cf6e4c3ed575f,19,19,2,2,exact anchor SAT sanity check (score 1.000),True,variants/generated_xor_chain_32_original.blif,variants/generated_xor_chain_32_refactor_z.blif
generated_xor_chain_32,refactor_z,new_n88,1,new_n88,1.0,1.0,1.0,1.0,37,37,1,exact_anchor,1,0,4096,0,570bce3141f26b4f,570bce3141f26b4f,20,20,2,2,exact anchor SAT sanity check (score 1.000),True,variants/generated_xor_chain_32_original.blif,variants/generated_xor_chain_32_refactor_z.blif
generated_xor_chain_32,refactor_z,new_n89,1,new_n89,1.0,1.0,1.0,1.0,37,37,1,exact_anchor,1,0,4096,0,824cbd02562ddaa3,824cbd02562ddaa3,20,20,2,2,exact anchor SAT sanity check (score 1.000),True,variants/generated_xor_chain_32_original.blif,variants/generated_xor_chain_32_refactor_z.blif
generated_xor_chain_32,refactor_z,new_n90,1,new_n90,1.0,1.0,1.0,1.0,38,38,1,exact_anchor,1,0,4096,0,ac59288bbf73e0c9,ac59288bbf73e0c9,20,20,2,2,exact anchor SAT sanity check (score 1.000),True,variants/generated_xor_chain_32_original.blif,variants/generated_xor_chain_32_refactor_z.blif
generated_xor_chain_32,refactor_z,new_n91,1,new_n91,1.0,1.0,1.0,1.0,39,39,1,exact_anchor,1,0,4096,0,3b5aa1daa0d16721,3b5aa1daa0d16721,21,21,2,2,exact anchor SAT sanity check (score 1.000),True,variants/generated_xor_chain_32_original.blif,variants/generated_xor_chain_32_refactor_z.blif
generated_xor_chain_32,refactor_z,new_n92,1,new_n92,1.0,1.0,1.0,1.0,39,39,1,exact_anchor,1,0,4096,0,81237eaa67031f41,81237eaa67031f41,21,21,2,2,exact anchor SAT sanity check (score 1.000),True,variants/generated_xor_chain_32_original.blif,variants/generated_xor_chain_32_refactor_z.blif
generated_xor_chain_32,refactor_z,new_n93,1,new_n93,1.0,1.0,1.0,1.0,40,40,1,exact_anchor,1,0,4096,0,147a24e567dc2fde,147a24e567dc2fde,21,21,2,2,exact anchor SAT sanity check (score 1.000),True,variants/generated_xor_chain_32_original.blif,variants/generated_xor_chain_32_refactor_z.blif
generated_xor_chain_32,refactor_z,new_n94,1,new_n94,1.0,1.0,1.0,1.0,41,41,1,exact_anchor,1,0,4096,0,163a9e78ba18ccd2,163a9e78ba18ccd2,22,22,2,2,exact anchor SAT sanity check (score 1.000),True,variants/generated_xor_chain_32_original.blif,variants/generated_xor_chain_32_refactor_z.blif
generated_xor_chain_32,refactor_z,new_n95,1,new_n95,1.0,1.0,1.0,1.0,41,41,1,exact_anchor,1,0,4096,0,2737170e747c7983,2737170e747c7983,22,22,2,2,exact anchor SAT sanity check (score 1.000),True,variants/generated_xor_chain_32_original.blif,variants/generated_xor_chain_32_refactor_z.blif
generated_xor_chain_32,refactor_z,new_n96,1,new_n96,1.0,1.0,1.0,1.0,42,42,1,exact_anchor,1,0,4096,0,1afad53deae227ee,1afad53deae227ee,22,22,2,2,exact anchor SAT sanity check (score 1.000),True,variants/generated_xor_chain_32_original.blif,variants/generated_xor_chain_32_refactor_z.blif
generated_xor_chain_32,refactor_z,new_n97,1,new_n97,1.0,1.0,1.0,1.0,43,43,1,exact_anchor,1,0,4096,0,22b096daf7089e2e,22b096daf7089e2e,23,23,2,2,exact anchor SAT sanity check (score 1.000),True,variants/generated_xor_chain_32_original.blif,variants/generated_xor_chain_32_refactor_z.blif
generated_xor_chain_32,refactor_z,new_n98,1,new_n98,1.0,1.0,1.0,1.0,43,43,1,exact_anchor,1,0,4096,0,79db4d515f0f9c6c,79db4d515f0f9c6c,23,23,2,2,exact anchor SAT sanity check (score 1.000),True,variants/generated_xor_chain_32_original.blif,variants/generated_xor_chain_32_refactor_z.blif
generated_xor_chain_32,refactor_z,new_n99,1,new_n99,1.0,1.0,1.0,1.0,44,44,1,exact_anchor,1,0,4096,0,18bdfc37b8d9381b,18bdfc37b8d9381b,23,23,2,2,exact anchor SAT sanity check (score 1.000),True,variants/generated_xor_chain_32_original.blif,variants/generated_xor_chain_32_refactor_z.blif
generated_xor_chain_32,refactor_z,new_n100,1,new_n100,1.0,1.0,1.0,1.0,45,45,1,exact_anchor,1,0,4096,0,4bad59e1d2039255,4bad59e1d2039255,24,24,2,2,exact anchor SAT sanity check (score 1.000),True,variants/generated_xor_chain_32_original.blif,variants/generated_xor_chain_32_refactor_z.blif
generated_xor_chain_32,refactor_z,new_n101,1,new_n101,1.0,1.0,1.0,1.0,45,45,1,exact_anchor,1,0,4096,0,f1c8ff3161a2b87b,f1c8ff3161a2b87b,24,24,2,2,exact anchor SAT sanity check (score 1.000),True,variants/generated_xor_chain_32_original.blif,variants/generated_xor_chain_32_refactor_z.blif
generated_xor_chain_32,refactor_z,new_n102,1,new_n102,1.0,1.0,1.0,1.0,46,46,1,exact_anchor,1,0,4096,0,93cc7cce0510065f,93cc7cce0510065f,24,24,2,2,exact anchor SAT sanity check (score 1.000),True,variants/generated_xor_chain_32_original.blif,variants/generated_xor_chain_32_refactor_z.blif
generated_xor_chain_32,refactor_z,new_n103,1,new_n103,1.0,1.0,1.0,1.0,47,47,1,exact_anchor,1,0,4096,0,027d56afa68ef13c,027d56afa68ef13c,25,25,2,2,exact anchor SAT sanity check (score 1.000),True,variants/generated_xor_chain_32_original.blif,variants/generated_xor_chain_32_refactor_z.blif
generated_xor_chain_32,refactor_z,new_n104,1,new_n104,1.0,1.0,1.0,1.0,47,47,1,exact_anchor,1,0,4096,0,77be784dc00a0b78,77be784dc00a0b78,25,25,2,2,exact anchor SAT sanity check (score 1.000),True,variants/generated_xor_chain_32_original.blif,variants/generated_xor_chain_32_refactor_z.blif
generated_xor_chain_32,refactor_z,new_n105,1,new_n105,1.0,1.0,1.0,1.0,48,48,1,exact_anchor,1,0,4096,0,c57acd2bec229db5,c57acd2bec229db5,25,25,2,2,exact anchor SAT sanity check (score 1.000),True,variants/generated_xor_chain_32_original.blif,variants/generated_xor_chain_32_refactor_z.blif
generated_xor_chain_32,refactor_z,new_n106,1,new_n106,1.0,1.0,1.0,1.0,49,49,1,exact_anchor,1,0,4096,0,b5d78e585a1fbf12,b5d78e585a1fbf12,26,26,2,2,exact anchor SAT sanity check (score 1.000),True,variants/generated_xor_chain_32_original.blif,variants/generated_xor_chain_32_refactor_z.blif
generated_xor_chain_32,refactor_z,new_n107,1,new_n107,1.0,1.0,1.0,1.0,49,49,1,exact_anchor,1,0,4096,0,44a6997db7d3543b,44a6997db7d3543b,26,26,2,2,exact anchor SAT sanity check (score 1.000),True,variants/generated_xor_chain_32_original.blif,variants/generated_xor_chain_32_refactor_z.blif
generated_xor_chain_32,refactor_z,new_n108,1,new_n108,1.0,1.0,1.0,1.0,50,50,1,exact_anchor,1,0,4096,0,39a05f4775241ce5,39a05f4775241ce5,26,26,2,2,exact anchor SAT sanity check (score 1.000),True,variants/generated_xor_chain_32_original.blif,variants/generated_xor_chain_32_refactor_z.blif
generated_xor_chain_32,refactor_z,new_n109,1,new_n109,1.0,1.0,1.0,1.0,51,51,1,exact_anchor,1,0,4096,0,fef766e7af305960,fef766e7af305960,27,27,2,2,exact anchor SAT sanity check (score 1.000),True,variants/generated_xor_chain_32_original.blif,variants/generated_xor_chain_32_refactor_z.blif
generated_xor_chain_32,refactor_z,new_n110,1,new_n110,1.0,1.0,1.0,1.0,51,51,1,exact_anchor,1,0,4096,0,f3f8362a01fcbcf8,f3f8362a01fcbcf8,27,27,2,2,exact anchor SAT sanity check (score 1.000),True,variants/generated_xor_chain_32_original.blif,variants/generated_xor_chain_32_refactor_z.blif
generated_xor_chain_32,refactor_z,new_n111,1,new_n111,1.0,1.0,1.0,1.0,52,52,1,exact_anchor,1,0,4096,0,327cdaf89a1a3356,327cdaf89a1a3356,27,27,2,2,exact anchor SAT sanity check (score 1.000),True,variants/generated_xor_chain_32_original.blif,variants/generated_xor_chain_32_refactor_z.blif
generated_xor_chain_32,refactor_z,new_n112,1,new_n112,1.0,1.0,1.0,1.0,53,53,1,exact_anchor,1,0,4096,0,0ed8c57671385b81,0ed8c57671385b81,28,28,2,2,exact anchor SAT sanity check (score 1.000),True,variants/generated_xor_chain_32_original.blif,variants/generated_xor_chain_32_refactor_z.blif
generated_xor_chain_32,refactor_z,new_n113,1,new_n113,1.0,1.0,1.0,1.0,53,53,1,exact_anchor,1,0,4096,0,228fc69792a3f583,228fc69792a3f583,28,28,2,2,exact anchor SAT sanity check (score 1.000),True,variants/generated_xor_chain_32_original.blif,variants/generated_xor_chain_32_refactor_z.blif
generated_xor_chain_32,refactor_z,new_n114,1,new_n114,1.0,1.0,1.0,1.0,54,54,1,exact_anchor,1,0,4096,0,67ed9808c4caf339,67ed9808c4caf339,28,28,2,2,exact anchor SAT sanity check (score 1.000),True,variants/generated_xor_chain_32_original.blif,variants/generated_xor_chain_32_refactor_z.blif
generated_xor_chain_32,refactor_z,new_n115,1,new_n115,1.0,1.0,1.0,1.0,55,55,1,exact_anchor,1,0,4096,0,2fc17cbf2b9e306f,2fc17cbf2b9e306f,29,29,2,2,exact anchor SAT sanity check (score 1.000),True,variants/generated_xor_chain_32_original.blif,variants/generated_xor_chain_32_refactor_z.blif
generated_xor_chain_32,refactor_z,new_n116,1,new_n116,1.0,1.0,1.0,1.0,55,55,1,exact_anchor,1,0,4096,0,de3699d15d184f89,de3699d15d184f89,29,29,2,2,exact anchor SAT sanity check (score 1.000),True,variants/generated_xor_chain_32_original.blif,variants/generated_xor_chain_32_refactor_z.blif
generated_xor_chain_32,refactor_z,new_n117,1,new_n117,1.0,1.0,1.0,1.0,56,56,1,exact_anchor,1,0,4096,0,310681a44b433ac7,310681a44b433ac7,29,29,2,2,exact anchor SAT sanity check (score 1.000),True,variants/generated_xor_chain_32_original.blif,variants/generated_xor_chain_32_refactor_z.blif
generated_xor_chain_32,refactor_z,new_n118,1,new_n118,1.0,1.0,1.0,1.0,57,57,1,exact_anchor,1,0,4096,0,695917147c4bd7fb,695917147c4bd7fb,30,30,2,2,exact anchor SAT sanity check (score 1.000),True,variants/generated_xor_chain_32_original.blif,variants/generated_xor_chain_32_refactor_z.blif
generated_xor_chain_32,refactor_z,new_n119,1,new_n119,1.0,1.0,1.0,1.0,57,57,1,exact_anchor,1,0,4096,0,df106c6500f80ddd,df106c6500f80ddd,30,30,2,2,exact anchor SAT sanity check (score 1.000),True,variants/generated_xor_chain_32_original.blif,variants/generated_xor_chain_32_refactor_z.blif
generated_xor_chain_32,refactor_z,new_n120,1,new_n120,1.0,1.0,1.0,1.0,58,58,1,exact_anchor,1,0,4096,0,35d32b86f7bcb18d,35d32b86f7bcb18d,30,30,2,2,exact anchor SAT sanity check (score 1.000),True,variants/generated_xor_chain_32_original.blif,variants/generated_xor_chain_32_refactor_z.blif
generated_xor_chain_32,refactor_z,new_n121,1,new_n121,1.0,1.0,1.0,1.0,59,59,1,exact_anchor,1,0,4096,0,51223532f7825351,51223532f7825351,31,31,2,2,exact anchor SAT sanity check (score 1.000),True,variants/generated_xor_chain_32_original.blif,variants/generated_xor_chain_32_refactor_z.blif
generated_xor_chain_32,refactor_z,new_n122,1,new_n122,1.0,1.0,1.0,1.0,59,59,1,exact_anchor,1,0,4096,0,69dedddd5b436afe,69dedddd5b436afe,31,31,2,2,exact anchor SAT sanity check (score 1.000),True,variants/generated_xor_chain_32_original.blif,variants/generated_xor_chain_32_refactor_z.blif
generated_xor_chain_32,refactor_z,new_n123,1,new_n123,1.0,1.0,1.0,1.0,60,60,1,exact_anchor,1,0,4096,0,2d8a7d07d3928de9,2d8a7d07d3928de9,31,31,2,2,exact anchor SAT sanity check (score 1.000),True,variants/generated_xor_chain_32_original.blif,variants/generated_xor_chain_32_refactor_z.blif
generated_xor_chain_32,refactor_z,new_n124,1,new_n124,1.0,1.0,1.0,1.0,61,61,1,exact_anchor,1,0,4096,0,bc0d675af3de312b,bc0d675af3de312b,32,32,2,2,exact anchor SAT sanity check (score 1.000),True,variants/generated_xor_chain_32_original.blif,variants/generated_xor_chain_32_refactor_z.blif
generated_xor_chain_32,refactor_z,new_n125,1,new_n125,1.0,1.0,1.0,1.0,61,61,1,exact_anchor,1,0,4096,0,efafca56aa8f2486,efafca56aa8f2486,32,32,2,2,exact anchor SAT sanity check (score 1.000),True,variants/generated_xor_chain_32_original.blif,variants/generated_xor_chain_32_refactor_z.blif
generated_xor_chain_32,resub,new_n34,1,new_n34,1.0,1.0,1.0,1.0,1,1,1,exact_anchor,1,0,4096,0,1560debce216ff9f,1560debce216ff9f,2,2,2,2,exact anchor SAT sanity check (score 1.000),True,variants/generated_xor_chain_32_original.blif,variants/generated_xor_chain_32_resub.blif
generated_xor_chain_32,resub,new_n35,1,new_n35,1.0,1.0,1.0,1.0,1,1,1,exact_anchor,1,0,4096,0,78657c2cc9db4143,78657c2cc9db4143,2,2,2,2,exact anchor SAT sanity check (score 1.000),True,variants/generated_xor_chain_32_original.blif,variants/generated_xor_chain_32_resub.blif
generated_xor_chain_32,resub,new_n36,1,new_n36,1.0,1.0,1.0,1.0,2,2,1,exact_anchor,1,0,4096,0,98c71d4eb652bfca,98c71d4eb652bfca,2,2,2,2,exact anchor SAT sanity check (score 1.000),True,variants/generated_xor_chain_32_original.blif,variants/generated_xor_chain_32_resub.blif
generated_xor_chain_32,resub,new_n37,1,new_n37,1.0,1.0,1.0,1.0,3,3,1,exact_anchor,1,0,4096,0,f3943bc8b8a34a9a,f3943bc8b8a34a9a,3,3,2,2,exact anchor SAT sanity check (score 1.000),True,variants/generated_xor_chain_32_original.blif,variants/generated_xor_chain_32_resub.blif
generated_xor_chain_32,resub,new_n38,1,new_n38,1.0,1.0,1.0,1.0,3,3,1,exact_anchor,1,0,4096,0,d8f1c3516ba26cb3,d8f1c3516ba26cb3,3,3,2,2,exact anchor SAT sanity check (score 1.000),True,variants/generated_xor_chain_32_original.blif,variants/generated_xor_chain_32_resub.blif
generated_xor_chain_32,resub,new_n39,1,new_n39,1.0,1.0,1.0,1.0,4,4,1,exact_anchor,1,0,4096,0,24f5a6efa1b5c042,24f5a6efa1b5c042,3,3,2,2,exact anchor SAT sanity check (score 1.000),True,variants/generated_xor_chain_32_original.blif,variants/generated_xor_chain_32_resub.blif
generated_xor_chain_32,resub,new_n40,1,new_n40,1.0,1.0,1.0,1.0,5,5,1,exact_anchor,1,0,4096,0,82a79a7bbfa077ca,82a79a7bbfa077ca,4,4,2,2,exact anchor SAT sanity check (score 1.000),True,variants/generated_xor_chain_32_original.blif,variants/generated_xor_chain_32_resub.blif
generated_xor_chain_32,resub,new_n41,1,new_n41,1.0,1.0,1.0,1.0,5,5,1,exact_anchor,1,0,4096,0,207a2b18e6cbf162,207a2b18e6cbf162,4,4,2,2,exact anchor SAT sanity check (score 1.000),True,variants/generated_xor_chain_32_original.blif,variants/generated_xor_chain_32_resub.blif
generated_xor_chain_32,resub,new_n42,1,new_n42,1.0,1.0,1.0,1.0,6,6,1,exact_anchor,1,0,4096,0,842e49bb890833f7,842e49bb890833f7,4,4,2,2,exact anchor SAT sanity check (score 1.000),True,variants/generated_xor_chain_32_original.blif,variants/generated_xor_chain_32_resub.blif
generated_xor_chain_32,resub,new_n43,1,new_n43,1.0,1.0,1.0,1.0,7,7,1,exact_anchor,1,0,4096,0,4b6a1dc8e031e9d9,4b6a1dc8e031e9d9,5,5,2,2,exact anchor SAT sanity check (score 1.000),True,variants/generated_xor_chain_32_original.blif,variants/generated_xor_chain_32_resub.blif
generated_xor_chain_32,resub,new_n44,1,new_n44,1.0,1.0,1.0,1.0,7,7,1,exact_anchor,1,0,4096,0,8bf5da1d35004f25,8bf5da1d35004f25,5,5,2,2,exact anchor SAT sanity check (score 1.000),True,variants/generated_xor_chain_32_original.blif,variants/generated_xor_chain_32_resub.blif
generated_xor_chain_32,resub,new_n45,1,new_n45,1.0,1.0,1.0,1.0,8,8,1,exact_anchor,1,0,4096,0,64646ebfba41526e,64646ebfba41526e,5,5,2,2,exact anchor SAT sanity check (score 1.000),True,variants/generated_xor_chain_32_original.blif,variants/generated_xor_chain_32_resub.blif
generated_xor_chain_32,resub,new_n46,1,new_n46,1.0,1.0,1.0,1.0,9,9,1,exact_anchor,1,0,4096,0,f3c3be0e0516da16,f3c3be0e0516da16,6,6,2,2,exact anchor SAT sanity check (score 1.000),True,variants/generated_xor_chain_32_original.blif,variants/generated_xor_chain_32_resub.blif
generated_xor_chain_32,resub,new_n47,1,new_n47,1.0,1.0,1.0,1.0,9,9,1,exact_anchor,1,0,4096,0,c308dc8f80612589,c308dc8f80612589,6,6,2,2,exact anchor SAT sanity check (score 1.000),True,variants/generated_xor_chain_32_original.blif,variants/generated_xor_chain_32_resub.blif
generated_xor_chain_32,resub,new_n48,1,new_n48,1.0,1.0,1.0,1.0,10,10,1,exact_anchor,1,0,4096,0,b39290f826b0df34,b39290f826b0df34,6,6,2,2,exact anchor SAT sanity check (score 1.000),True,variants/generated_xor_chain_32_original.blif,variants/generated_xor_chain_32_resub.blif
generated_xor_chain_32,resub,new_n49,1,new_n49,1.0,1.0,1.0,1.0,11,11,1,exact_anchor,1,0,4096,0,98748b4987efcace,98748b4987efcace,7,7,2,2,exact anchor SAT sanity check (score 1.000),True,variants/generated_xor_chain_32_original.blif,variants/generated_xor_chain_32_resub.blif
generated_xor_chain_32,resub,new_n50,1,new_n50,1.0,1.0,1.0,1.0,11,11,1,exact_anchor,1,0,4096,0,e0ed6989dd466f82,e0ed6989dd466f82,7,7,2,2,exact anchor SAT sanity check (score 1.000),True,variants/generated_xor_chain_32_original.blif,variants/generated_xor_chain_32_resub.blif
generated_xor_chain_32,resub,new_n51,1,new_n51,1.0,1.0,1.0,1.0,12,12,1,exact_anchor,1,0,4096,0,e748e5e009e29ae3,e748e5e009e29ae3,7,7,2,2,exact anchor SAT sanity check (score 1.000),True,variants/generated_xor_chain_32_original.blif,variants/generated_xor_chain_32_resub.blif
generated_xor_chain_32,resub,new_n52,1,new_n52,1.0,1.0,1.0,1.0,13,13,1,exact_anchor,1,0,4096,0,71b3f1f8c39c925e,71b3f1f8c39c925e,8,8,2,2,exact anchor SAT sanity check (score 1.000),True,variants/generated_xor_chain_32_original.blif,variants/generated_xor_chain_32_resub.blif
generated_xor_chain_32,resub,new_n53,1,new_n53,1.0,1.0,1.0,1.0,13,13,1,exact_anchor,1,0,4096,0,270b7751f0df6fe3,270b7751f0df6fe3,8,8,2,2,exact anchor SAT sanity check (score 1.000),True,variants/generated_xor_chain_32_original.blif,variants/generated_xor_chain_32_resub.blif
generated_xor_chain_32,resub,new_n54,1,new_n54,1.0,1.0,1.0,1.0,14,14,1,exact_anchor,1,0,4096,0,bd57c54c01e6ef3e,bd57c54c01e6ef3e,8,8,2,2,exact anchor SAT sanity check (score 1.000),True,variants/generated_xor_chain_32_original.blif,variants/generated_xor_chain_32_resub.blif
generated_xor_chain_32,resub,new_n55,1,new_n55,1.0,1.0,1.0,1.0,15,15,1,exact_anchor,1,0,4096,0,39269b7a34173938,39269b7a34173938,9,9,2,2,exact anchor SAT sanity check (score 1.000),True,variants/generated_xor_chain_32_original.blif,variants/generated_xor_chain_32_resub.blif
generated_xor_chain_32,resub,new_n56,1,new_n56,1.0,1.0,1.0,1.0,15,15,1,exact_anchor,1,0,4096,0,16e8f8f5d962cc61,16e8f8f5d962cc61,9,9,2,2,exact anchor SAT sanity check (score 1.000),True,variants/generated_xor_chain_32_original.blif,variants/generated_xor_chain_32_resub.blif
generated_xor_chain_32,resub,new_n57,1,new_n57,1.0,1.0,1.0,1.0,16,16,1,exact_anchor,1,0,4096,0,91ea121987e7d99b,91ea121987e7d99b,9,9,2,2,exact anchor SAT sanity check (score 1.000),True,variants/generated_xor_chain_32_original.blif,variants/generated_xor_chain_32_resub.blif
generated_xor_chain_32,resub,new_n58,1,new_n58,1.0,1.0,1.0,1.0,17,17,1,exact_anchor,1,0,4096,0,6814966eace69531,6814966eace69531,10,10,2,2,exact anchor SAT sanity check (score 1.000),True,variants/generated_xor_chain_32_original.blif,variants/generated_xor_chain_32_resub.blif
generated_xor_chain_32,resub,new_n59,1,new_n59,1.0,1.0,1.0,1.0,17,17,1,exact_anchor,1,0,4096,0,efe3ca98da9e0770,efe3ca98da9e0770,10,10,2,2,exact anchor SAT sanity check (score 1.000),True,variants/generated_xor_chain_32_original.blif,variants/generated_xor_chain_32_resub.blif
generated_xor_chain_32,resub,new_n60,1,new_n60,1.0,1.0,1.0,1.0,18,18,1,exact_anchor,1,0,4096,0,ffde0e19096c5b59,ffde0e19096c5b59,10,10,2,2,exact anchor SAT sanity check (score 1.000),True,variants/generated_xor_chain_32_original.blif,variants/generated_xor_chain_32_resub.blif
generated_xor_chain_32,resub,new_n61,1,new_n61,1.0,1.0,1.0,1.0,19,19,1,exact_anchor,1,0,4096,0,1f2230075ad84ff4,1f2230075ad84ff4,11,11,2,2,exact anchor SAT sanity check (score 1.000),True,variants/generated_xor_chain_32_original.blif,variants/generated_xor_chain_32_resub.blif
generated_xor_chain_32,resub,new_n62,1,new_n62,1.0,1.0,1.0,1.0,19,19,1,exact_anchor,1,0,4096,0,17945fb2ddf062ef,17945fb2ddf062ef,11,11,2,2,exact anchor SAT sanity check (score 1.000),True,variants/generated_xor_chain_32_original.blif,variants/generated_xor_chain_32_resub.blif
generated_xor_chain_32,resub,new_n63,1,new_n63,1.0,1.0,1.0,1.0,20,20,1,exact_anchor,1,0,4096,0,c90371575d916994,c90371575d916994,11,11,2,2,exact anchor SAT sanity check (score 1.000),True,variants/generated_xor_chain_32_original.blif,variants/generated_xor_chain_32_resub.blif
generated_xor_chain_32,resub,new_n64,1,new_n64,1.0,1.0,1.0,1.0,21,21,1,exact_anchor,1,0,4096,0,f582cbff883f2a25,f582cbff883f2a25,12,12,2,2,exact anchor SAT sanity check (score 1.000),True,variants/generated_xor_chain_32_original.blif,variants/generated_xor_chain_32_resub.blif
generated_xor_chain_32,resub,new_n65,1,new_n65,1.0,1.0,1.0,1.0,21,21,1,exact_anchor,1,0,4096,0,69da9f37698ecce0,69da9f37698ecce0,12,12,2,2,exact anchor SAT sanity check (score 1.000),True,variants/generated_xor_chain_32_original.blif,variants/generated_xor_chain_32_resub.blif
generated_xor_chain_32,resub,new_n66,1,new_n66,1.0,1.0,1.0,1.0,22,22,1,exact_anchor,1,0,4096,0,f71bcd5da9b00c9c,f71bcd5da9b00c9c,12,12,2,2,exact anchor SAT sanity check (score 1.000),True,variants/generated_xor_chain_32_original.blif,variants/generated_xor_chain_32_resub.blif
generated_xor_chain_32,resub,new_n67,1,new_n67,1.0,1.0,1.0,1.0,23,23,1,exact_anchor,1,0,4096,0,e7237d335814494f,e7237d335814494f,13,13,2,2,exact anchor SAT sanity check (score 1.000),True,variants/generated_xor_chain_32_original.blif,variants/generated_xor_chain_32_resub.blif
generated_xor_chain_32,resub,new_n68,1,new_n68,1.0,1.0,1.0,1.0,23,23,1,exact_anchor,1,0,4096,0,13a39b7cf3622444,13a39b7cf3622444,13,13,2,2,exact anchor SAT sanity check (score 1.000),True,variants/generated_xor_chain_32_original.blif,variants/generated_xor_chain_32_resub.blif
generated_xor_chain_32,resub,new_n69,1,new_n69,1.0,1.0,1.0,1.0,24,24,1,exact_anchor,1,0,4096,0,e4e908e47f389445,e4e908e47f389445,13,13,2,2,exact anchor SAT sanity check (score 1.000),True,variants/generated_xor_chain_32_original.blif,variants/generated_xor_chain_32_resub.blif
generated_xor_chain_32,resub,new_n70,1,new_n70,1.0,1.0,1.0,1.0,25,25,1,exact_anchor,1,0,4096,0,873d69b197153803,873d69b197153803,14,14,2,2,exact anchor SAT sanity check (score 1.000),True,variants/generated_xor_chain_32_original.blif,variants/generated_xor_chain_32_resub.blif
generated_xor_chain_32,resub,new_n71,1,new_n71,1.0,1.0,1.0,1.0,25,25,1,exact_anchor,1,0,4096,0,a1892637b93ffd38,a1892637b93ffd38,14,14,2,2,exact anchor SAT sanity check (score 1.000),True,variants/generated_xor_chain_32_original.blif,variants/generated_xor_chain_32_resub.blif
generated_xor_chain_32,resub,new_n72,1,new_n72,1.0,1.0,1.0,1.0,26,26,1,exact_anchor,1,0,4096,0,b156b647de0b768a,b156b647de0b768a,14,14,2,2,exact anchor SAT sanity check (score 1.000),True,variants/generated_xor_chain_32_original.blif,variants/generated_xor_chain_32_resub.blif
generated_xor_chain_32,resub,new_n73,1,new_n73,1.0,1.0,1.0,1.0,27,27,1,exact_anchor,1,0,4096,0,d11401d0854a8811,d11401d0854a8811,15,15,2,2,exact anchor SAT sanity check (score 1.000),True,variants/generated_xor_chain_32_original.blif,variants/generated_xor_chain_32_resub.blif
generated_xor_chain_32,resub,new_n74,1,new_n74,1.0,1.0,1.0,1.0,27,27,1,exact_anchor,1,0,4096,0,e32fa4b208e74921,e32fa4b208e74921,15,15,2,2,exact anchor SAT sanity check (score 1.000),True,variants/generated_xor_chain_32_original.blif,variants/generated_xor_chain_32_resub.blif
generated_xor_chain_32,resub,new_n75,1,new_n75,1.0,1.0,1.0,1.0,28,28,1,exact_anchor,1,0,4096,0,8258123601d3c478,8258123601d3c478,15,15,2,2,exact anchor SAT sanity check (score 1.000),True,variants/generated_xor_chain_32_original.blif,variants/generated_xor_chain_32_resub.blif
generated_xor_chain_32,resub,new_n76,1,new_n76,1.0,1.0,1.0,1.0,29,29,1,exact_anchor,1,0,4096,0,ca81efd64baba313,ca81efd64baba313,16,16,2,2,exact anchor SAT sanity check (score 1.000),True,variants/generated_xor_chain_32_original.blif,variants/generated_xor_chain_32_resub.blif
generated_xor_chain_32,resub,new_n77,1,new_n77,1.0,1.0,1.0,1.0,29,29,1,exact_anchor,1,0,4096,0,e45361cdd9071b63,e45361cdd9071b63,16,16,2,2,exact anchor SAT sanity check (score 1.000),True,variants/generated_xor_chain_32_original.blif,variants/generated_xor_chain_32_resub.blif
generated_xor_chain_32,resub,new_n78,1,new_n78,1.0,1.0,1.0,1.0,30,30,1,exact_anchor,1,0,4096,0,dadb3a90ed577666,dadb3a90ed577666,16,16,2,2,exact anchor SAT sanity check (score 1.000),True,variants/generated_xor_chain_32_original.blif,variants/generated_xor_chain_32_resub.blif
generated_xor_chain_32,resub,new_n79,1,new_n79,1.0,1.0,1.0,1.0,31,31,1,exact_anchor,1,0,4096,0,cd8434a02bb91a25,cd8434a02bb91a25,17,17,2,2,exact anchor SAT sanity check (score 1.000),True,variants/generated_xor_chain_32_original.blif,variants/generated_xor_chain_32_resub.blif
generated_xor_chain_32,resub,new_n80,1,new_n80,1.0,1.0,1.0,1.0,31,31,1,exact_anchor,1,0,4096,0,220174ff23efb7a4,220174ff23efb7a4,17,17,2,2,exact anchor SAT sanity check (score 1.000),True,variants/generated_xor_chain_32_original.blif,variants/generated_xor_chain_32_resub.blif
generated_xor_chain_32,resub,new_n81,1,new_n81,1.0,1.0,1.0,1.0,32,32,1,exact_anchor,1,0,4096,0,03b3e228ee4ffb2a,03b3e228ee4ffb2a,17,17,2,2,exact anchor SAT sanity check (score 1.000),True,variants/generated_xor_chain_32_original.blif,variants/generated_xor_chain_32_resub.blif
generated_xor_chain_32,resub,new_n82,1,new_n82,1.0,1.0,1.0,1.0,33,33,1,exact_anchor,1,0,4096,0,01392e37de9f30b1,01392e37de9f30b1,18,18,2,2,exact anchor SAT sanity check (score 1.000),True,variants/generated_xor_chain_32_original.blif,variants/generated_xor_chain_32_resub.blif
generated_xor_chain_32,resub,new_n83,1,new_n83,1.0,1.0,1.0,1.0,33,33,1,exact_anchor,1,0,4096,0,90f37a7ab132ea7f,90f37a7ab132ea7f,18,18,2,2,exact anchor SAT sanity check (score 1.000),True,variants/generated_xor_chain_32_original.blif,variants/generated_xor_chain_32_resub.blif
generated_xor_chain_32,resub,new_n84,1,new_n84,1.0,1.0,1.0,1.0,34,34,1,exact_anchor,1,0,4096,0,b080637926619b0f,b080637926619b0f,18,18,2,2,exact anchor SAT sanity check (score 1.000),True,variants/generated_xor_chain_32_original.blif,variants/generated_xor_chain_32_resub.blif
generated_xor_chain_32,resub,new_n85,1,new_n85,1.0,1.0,1.0,1.0,35,35,1,exact_anchor,1,0,4096,0,27cbb081d056e9e2,27cbb081d056e9e2,19,19,2,2,exact anchor SAT sanity check (score 1.000),True,variants/generated_xor_chain_32_original.blif,variants/generated_xor_chain_32_resub.blif
generated_xor_chain_32,resub,new_n86,1,new_n86,1.0,1.0,1.0,1.0,35,35,1,exact_anchor,1,0,4096,0,c60dc4071d68fa40,c60dc4071d68fa40,19,19,2,2,exact anchor SAT sanity check (score 1.000),True,variants/generated_xor_chain_32_original.blif,variants/generated_xor_chain_32_resub.blif
generated_xor_chain_32,resub,new_n87,1,new_n87,1.0,1.0,1.0,1.0,36,36,1,exact_anchor,1,0,4096,0,629cf6e4c3ed575f,629cf6e4c3ed575f,19,19,2,2,exact anchor SAT sanity check (score 1.000),True,variants/generated_xor_chain_32_original.blif,variants/generated_xor_chain_32_resub.blif
generated_xor_chain_32,resub,new_n88,1,new_n88,1.0,1.0,1.0,1.0,37,37,1,exact_anchor,1,0,4096,0,570bce3141f26b4f,570bce3141f26b4f,20,20,2,2,exact anchor SAT sanity check (score 1.000),True,variants/generated_xor_chain_32_original.blif,variants/generated_xor_chain_32_resub.blif
generated_xor_chain_32,resub,new_n89,1,new_n89,1.0,1.0,1.0,1.0,37,37,1,exact_anchor,1,0,4096,0,824cbd02562ddaa3,824cbd02562ddaa3,20,20,2,2,exact anchor SAT sanity check (score 1.000),True,variants/generated_xor_chain_32_original.blif,variants/generated_xor_chain_32_resub.blif
generated_xor_chain_32,resub,new_n90,1,new_n90,1.0,1.0,1.0,1.0,38,38,1,exact_anchor,1,0,4096,0,ac59288bbf73e0c9,ac59288bbf73e0c9,20,20,2,2,exact anchor SAT sanity check (score 1.000),True,variants/generated_xor_chain_32_original.blif,variants/generated_xor_chain_32_resub.blif
generated_xor_chain_32,resub,new_n91,1,new_n91,1.0,1.0,1.0,1.0,39,39,1,exact_anchor,1,0,4096,0,3b5aa1daa0d16721,3b5aa1daa0d16721,21,21,2,2,exact anchor SAT sanity check (score 1.000),True,variants/generated_xor_chain_32_original.blif,variants/generated_xor_chain_32_resub.blif
generated_xor_chain_32,resub,new_n92,1,new_n92,1.0,1.0,1.0,1.0,39,39,1,exact_anchor,1,0,4096,0,81237eaa67031f41,81237eaa67031f41,21,21,2,2,exact anchor SAT sanity check (score 1.000),True,variants/generated_xor_chain_32_original.blif,variants/generated_xor_chain_32_resub.blif
generated_xor_chain_32,resub,new_n93,1,new_n93,1.0,1.0,1.0,1.0,40,40,1,exact_anchor,1,0,4096,0,147a24e567dc2fde,147a24e567dc2fde,21,21,2,2,exact anchor SAT sanity check (score 1.000),True,variants/generated_xor_chain_32_original.blif,variants/generated_xor_chain_32_resub.blif
generated_xor_chain_32,resub,new_n94,1,new_n94,1.0,1.0,1.0,1.0,41,41,1,exact_anchor,1,0,4096,0,163a9e78ba18ccd2,163a9e78ba18ccd2,22,22,2,2,exact anchor SAT sanity check (score 1.000),True,variants/generated_xor_chain_32_original.blif,variants/generated_xor_chain_32_resub.blif
generated_xor_chain_32,resub,new_n95,1,new_n95,1.0,1.0,1.0,1.0,41,41,1,exact_anchor,1,0,4096,0,2737170e747c7983,2737170e747c7983,22,22,2,2,exact anchor SAT sanity check (score 1.000),True,variants/generated_xor_chain_32_original.blif,variants/generated_xor_chain_32_resub.blif
generated_xor_chain_32,resub,new_n96,1,new_n96,1.0,1.0,1.0,1.0,42,42,1,exact_anchor,1,0,4096,0,1afad53deae227ee,1afad53deae227ee,22,22,2,2,exact anchor SAT sanity check (score 1.000),True,variants/generated_xor_chain_32_original.blif,variants/generated_xor_chain_32_resub.blif
generated_xor_chain_32,resub,new_n97,1,new_n97,1.0,1.0,1.0,1.0,43,43,1,exact_anchor,1,0,4096,0,22b096daf7089e2e,22b096daf7089e2e,23,23,2,2,exact anchor SAT sanity check (score 1.000),True,variants/generated_xor_chain_32_original.blif,variants/generated_xor_chain_32_resub.blif
generated_xor_chain_32,resub,new_n98,1,new_n98,1.0,1.0,1.0,1.0,43,43,1,exact_anchor,1,0,4096,0,79db4d515f0f9c6c,79db4d515f0f9c6c,23,23,2,2,exact anchor SAT sanity check (score 1.000),True,variants/generated_xor_chain_32_original.blif,variants/generated_xor_chain_32_resub.blif
generated_xor_chain_32,resub,new_n99,1,new_n99,1.0,1.0,1.0,1.0,44,44,1,exact_anchor,1,0,4096,0,18bdfc37b8d9381b,18bdfc37b8d9381b,23,23,2,2,exact anchor SAT sanity check (score 1.000),True,variants/generated_xor_chain_32_original.blif,variants/generated_xor_chain_32_resub.blif
generated_xor_chain_32,resub,new_n100,1,new_n100,1.0,1.0,1.0,1.0,45,45,1,exact_anchor,1,0,4096,0,4bad59e1d2039255,4bad59e1d2039255,24,24,2,2,exact anchor SAT sanity check (score 1.000),True,variants/generated_xor_chain_32_original.blif,variants/generated_xor_chain_32_resub.blif
generated_xor_chain_32,resub,new_n101,1,new_n101,1.0,1.0,1.0,1.0,45,45,1,exact_anchor,1,0,4096,0,f1c8ff3161a2b87b,f1c8ff3161a2b87b,24,24,2,2,exact anchor SAT sanity check (score 1.000),True,variants/generated_xor_chain_32_original.blif,variants/generated_xor_chain_32_resub.blif
generated_xor_chain_32,resub,new_n102,1,new_n102,1.0,1.0,1.0,1.0,46,46,1,exact_anchor,1,0,4096,0,93cc7cce0510065f,93cc7cce0510065f,24,24,2,2,exact anchor SAT sanity check (score 1.000),True,variants/generated_xor_chain_32_original.blif,variants/generated_xor_chain_32_resub.blif
generated_xor_chain_32,resub,new_n103,1,new_n103,1.0,1.0,1.0,1.0,47,47,1,exact_anchor,1,0,4096,0,027d56afa68ef13c,027d56afa68ef13c,25,25,2,2,exact anchor SAT sanity check (score 1.000),True,variants/generated_xor_chain_32_original.blif,variants/generated_xor_chain_32_resub.blif
generated_xor_chain_32,resub,new_n104,1,new_n104,1.0,1.0,1.0,1.0,47,47,1,exact_anchor,1,0,4096,0,77be784dc00a0b78,77be784dc00a0b78,25,25,2,2,exact anchor SAT sanity check (score 1.000),True,variants/generated_xor_chain_32_original.blif,variants/generated_xor_chain_32_resub.blif
generated_xor_chain_32,resub,new_n105,1,new_n105,1.0,1.0,1.0,1.0,48,48,1,exact_anchor,1,0,4096,0,c57acd2bec229db5,c57acd2bec229db5,25,25,2,2,exact anchor SAT sanity check (score 1.000),True,variants/generated_xor_chain_32_original.blif,variants/generated_xor_chain_32_resub.blif
generated_xor_chain_32,resub,new_n106,1,new_n106,1.0,1.0,1.0,1.0,49,49,1,exact_anchor,1,0,4096,0,b5d78e585a1fbf12,b5d78e585a1fbf12,26,26,2,2,exact anchor SAT sanity check (score 1.000),True,variants/generated_xor_chain_32_original.blif,variants/generated_xor_chain_32_resub.blif
generated_xor_chain_32,resub,new_n107,1,new_n107,1.0,1.0,1.0,1.0,49,49,1,exact_anchor,1,0,4096,0,44a6997db7d3543b,44a6997db7d3543b,26,26,2,2,exact anchor SAT sanity check (score 1.000),True,variants/generated_xor_chain_32_original.blif,variants/generated_xor_chain_32_resub.blif
generated_xor_chain_32,resub,new_n108,1,new_n108,1.0,1.0,1.0,1.0,50,50,1,exact_anchor,1,0,4096,0,39a05f4775241ce5,39a05f4775241ce5,26,26,2,2,exact anchor SAT sanity check (score 1.000),True,variants/generated_xor_chain_32_original.blif,variants/generated_xor_chain_32_resub.blif
generated_xor_chain_32,resub,new_n109,1,new_n109,1.0,1.0,1.0,1.0,51,51,1,exact_anchor,1,0,4096,0,fef766e7af305960,fef766e7af305960,27,27,2,2,exact anchor SAT sanity check (score 1.000),True,variants/generated_xor_chain_32_original.blif,variants/generated_xor_chain_32_resub.blif
generated_xor_chain_32,resub,new_n110,1,new_n110,1.0,1.0,1.0,1.0,51,51,1,exact_anchor,1,0,4096,0,f3f8362a01fcbcf8,f3f8362a01fcbcf8,27,27,2,2,exact anchor SAT sanity check (score 1.000),True,variants/generated_xor_chain_32_original.blif,variants/generated_xor_chain_32_resub.blif
generated_xor_chain_32,resub,new_n111,1,new_n111,1.0,1.0,1.0,1.0,52,52,1,exact_anchor,1,0,4096,0,327cdaf89a1a3356,327cdaf89a1a3356,27,27,2,2,exact anchor SAT sanity check (score 1.000),True,variants/generated_xor_chain_32_original.blif,variants/generated_xor_chain_32_resub.blif
generated_xor_chain_32,resub,new_n112,1,new_n112,1.0,1.0,1.0,1.0,53,53,1,exact_anchor,1,0,4096,0,0ed8c57671385b81,0ed8c57671385b81,28,28,2,2,exact anchor SAT sanity check (score 1.000),True,variants/generated_xor_chain_32_original.blif,variants/generated_xor_chain_32_resub.blif
generated_xor_chain_32,resub,new_n113,1,new_n113,1.0,1.0,1.0,1.0,53,53,1,exact_anchor,1,0,4096,0,228fc69792a3f583,228fc69792a3f583,28,28,2,2,exact anchor SAT sanity check (score 1.000),True,variants/generated_xor_chain_32_original.blif,variants/generated_xor_chain_32_resub.blif
generated_xor_chain_32,resub,new_n114,1,new_n114,1.0,1.0,1.0,1.0,54,54,1,exact_anchor,1,0,4096,0,67ed9808c4caf339,67ed9808c4caf339,28,28,2,2,exact anchor SAT sanity check (score 1.000),True,variants/generated_xor_chain_32_original.blif,variants/generated_xor_chain_32_resub.blif
generated_xor_chain_32,resub,new_n115,1,new_n115,1.0,1.0,1.0,1.0,55,55,1,exact_anchor,1,0,4096,0,2fc17cbf2b9e306f,2fc17cbf2b9e306f,29,29,2,2,exact anchor SAT sanity check (score 1.000),True,variants/generated_xor_chain_32_original.blif,variants/generated_xor_chain_32_resub.blif
generated_xor_chain_32,resub,new_n116,1,new_n116,1.0,1.0,1.0,1.0,55,55,1,exact_anchor,1,0,4096,0,de3699d15d184f89,de3699d15d184f89,29,29,2,2,exact anchor SAT sanity check (score 1.000),True,variants/generated_xor_chain_32_original.blif,variants/generated_xor_chain_32_resub.blif
generated_xor_chain_32,resub,new_n117,1,new_n117,1.0,1.0,1.0,1.0,56,56,1,exact_anchor,1,0,4096,0,310681a44b433ac7,310681a44b433ac7,29,29,2,2,exact anchor SAT sanity check (score 1.000),True,variants/generated_xor_chain_32_original.blif,variants/generated_xor_chain_32_resub.blif
generated_xor_chain_32,resub,new_n118,1,new_n118,1.0,1.0,1.0,1.0,57,57,1,exact_anchor,1,0,4096,0,695917147c4bd7fb,695917147c4bd7fb,30,30,2,2,exact anchor SAT sanity check (score 1.000),True,variants/generated_xor_chain_32_original.blif,variants/generated_xor_chain_32_resub.blif
generated_xor_chain_32,resub,new_n119,1,new_n119,1.0,1.0,1.0,1.0,57,57,1,exact_anchor,1,0,4096,0,df106c6500f80ddd,df106c6500f80ddd,30,30,2,2,exact anchor SAT sanity check (score 1.000),True,variants/generated_xor_chain_32_original.blif,variants/generated_xor_chain_32_resub.blif
generated_xor_chain_32,resub,new_n120,1,new_n120,1.0,1.0,1.0,1.0,58,58,1,exact_anchor,1,0,4096,0,35d32b86f7bcb18d,35d32b86f7bcb18d,30,30,2,2,exact anchor SAT sanity check (score 1.000),True,variants/generated_xor_chain_32_original.blif,variants/generated_xor_chain_32_resub.blif
generated_xor_chain_32,resub,new_n121,1,new_n121,1.0,1.0,1.0,1.0,59,59,1,exact_anchor,1,0,4096,0,51223532f7825351,51223532f7825351,31,31,2,2,exact anchor SAT sanity check (score 1.000),True,variants/generated_xor_chain_32_original.blif,variants/generated_xor_chain_32_resub.blif
generated_xor_chain_32,resub,new_n122,1,new_n122,1.0,1.0,1.0,1.0,59,59,1,exact_anchor,1,0,4096,0,69dedddd5b436afe,69dedddd5b436afe,31,31,2,2,exact anchor SAT sanity check (score 1.000),True,variants/generated_xor_chain_32_original.blif,variants/generated_xor_chain_32_resub.blif
generated_xor_chain_32,resub,new_n123,1,new_n123,1.0,1.0,1.0,1.0,60,60,1,exact_anchor,1,0,4096,0,2d8a7d07d3928de9,2d8a7d07d3928de9,31,31,2,2,exact anchor SAT sanity check (score 1.000),True,variants/generated_xor_chain_32_original.blif,variants/generated_xor_chain_32_resub.blif
generated_xor_chain_32,resub,new_n124,1,new_n124,1.0,1.0,1.0,1.0,61,61,1,exact_anchor,1,0,4096,0,bc0d675af3de312b,bc0d675af3de312b,32,32,2,2,exact anchor SAT sanity check (score 1.000),True,variants/generated_xor_chain_32_original.blif,variants/generated_xor_chain_32_resub.blif
generated_xor_chain_32,resub,new_n125,1,new_n125,1.0,1.0,1.0,1.0,61,61,1,exact_anchor,1,0,4096,0,efafca56aa8f2486,efafca56aa8f2486,32,32,2,2,exact anchor SAT sanity check (score 1.000),True,variants/generated_xor_chain_32_original.blif,variants/generated_xor_chain_32_resub.blif
generated_xor_chain_32,resyn,new_n34,1,new_n34,1.0,1.0,1.0,1.0,1,1,1,exact_anchor,1,0,4096,0,1560debce216ff9f,1560debce216ff9f,2,2,2,2,exact anchor SAT sanity check (score 1.000),True,variants/generated_xor_chain_32_original.blif,variants/generated_xor_chain_32_resyn.blif
generated_xor_chain_32,resyn,new_n35,1,new_n35,1.0,1.0,1.0,1.0,1,1,1,exact_anchor,1,0,4096,0,78657c2cc9db4143,78657c2cc9db4143,2,2,2,2,exact anchor SAT sanity check (score 1.000),True,variants/generated_xor_chain_32_original.blif,variants/generated_xor_chain_32_resyn.blif
generated_xor_chain_32,resyn,new_n36,1,new_n36,1.0,1.0,1.0,1.0,2,2,1,exact_anchor,1,0,4096,0,98c71d4eb652bfca,98c71d4eb652bfca,2,2,2,2,exact anchor SAT sanity check (score 1.000),True,variants/generated_xor_chain_32_original.blif,variants/generated_xor_chain_32_resyn.blif
generated_xor_chain_32,rewrite,new_n34,1,new_n34,1.0,1.0,1.0,1.0,1,1,1,exact_anchor,1,0,4096,0,1560debce216ff9f,1560debce216ff9f,2,2,2,2,exact anchor SAT sanity check (score 1.000),True,variants/generated_xor_chain_32_original.blif,variants/generated_xor_chain_32_rewrite.blif
generated_xor_chain_32,rewrite,new_n35,1,new_n35,1.0,1.0,1.0,1.0,1,1,1,exact_anchor,1,0,4096,0,78657c2cc9db4143,78657c2cc9db4143,2,2,2,2,exact anchor SAT sanity check (score 1.000),True,variants/generated_xor_chain_32_original.blif,variants/generated_xor_chain_32_rewrite.blif
generated_xor_chain_32,rewrite,new_n36,1,new_n36,1.0,1.0,1.0,1.0,2,2,1,exact_anchor,1,0,4096,0,98c71d4eb652bfca,98c71d4eb652bfca,2,2,2,2,exact anchor SAT sanity check (score 1.000),True,variants/generated_xor_chain_32_original.blif,variants/generated_xor_chain_32_rewrite.blif
generated_xor_chain_32,rewrite,new_n37,1,new_n37,1.0,1.0,1.0,1.0,3,3,1,exact_anchor,1,0,4096,0,f3943bc8b8a34a9a,f3943bc8b8a34a9a,3,3,2,2,exact anchor SAT sanity check (score 1.000),True,variants/generated_xor_chain_32_original.blif,variants/generated_xor_chain_32_rewrite.blif
generated_xor_chain_32,rewrite,new_n38,1,new_n38,1.0,1.0,1.0,1.0,3,3,1,exact_anchor,1,0,4096,0,d8f1c3516ba26cb3,d8f1c3516ba26cb3,3,3,2,2,exact anchor SAT sanity check (score 1.000),True,variants/generated_xor_chain_32_original.blif,variants/generated_xor_chain_32_rewrite.blif
generated_xor_chain_32,rewrite,new_n39,1,new_n39,1.0,1.0,1.0,1.0,4,4,1,exact_anchor,1,0,4096,0,24f5a6efa1b5c042,24f5a6efa1b5c042,3,3,2,2,exact anchor SAT sanity check (score 1.000),True,variants/generated_xor_chain_32_original.blif,variants/generated_xor_chain_32_rewrite.blif
generated_xor_chain_32,rewrite,new_n40,1,new_n40,1.0,1.0,1.0,1.0,5,5,1,exact_anchor,1,0,4096,0,82a79a7bbfa077ca,82a79a7bbfa077ca,4,4,2,2,exact anchor SAT sanity check (score 1.000),True,variants/generated_xor_chain_32_original.blif,variants/generated_xor_chain_32_rewrite.blif
generated_xor_chain_32,rewrite,new_n41,1,new_n41,1.0,1.0,1.0,1.0,5,5,1,exact_anchor,1,0,4096,0,207a2b18e6cbf162,207a2b18e6cbf162,4,4,2,2,exact anchor SAT sanity check (score 1.000),True,variants/generated_xor_chain_32_original.blif,variants/generated_xor_chain_32_rewrite.blif
generated_xor_chain_32,rewrite,new_n42,1,new_n42,1.0,1.0,1.0,1.0,6,6,1,exact_anchor,1,0,4096,0,842e49bb890833f7,842e49bb890833f7,4,4,2,2,exact anchor SAT sanity check (score 1.000),True,variants/generated_xor_chain_32_original.blif,variants/generated_xor_chain_32_rewrite.blif
generated_xor_chain_32,rewrite,new_n43,1,new_n43,1.0,1.0,1.0,1.0,7,7,1,exact_anchor,1,0,4096,0,4b6a1dc8e031e9d9,4b6a1dc8e031e9d9,5,5,2,2,exact anchor SAT sanity check (score 1.000),True,variants/generated_xor_chain_32_original.blif,variants/generated_xor_chain_32_rewrite.blif
generated_xor_chain_32,rewrite,new_n44,1,new_n44,1.0,1.0,1.0,1.0,7,7,1,exact_anchor,1,0,4096,0,8bf5da1d35004f25,8bf5da1d35004f25,5,5,2,2,exact anchor SAT sanity check (score 1.000),True,variants/generated_xor_chain_32_original.blif,variants/generated_xor_chain_32_rewrite.blif
generated_xor_chain_32,rewrite,new_n45,1,new_n45,1.0,1.0,1.0,1.0,8,8,1,exact_anchor,1,0,4096,0,64646ebfba41526e,64646ebfba41526e,5,5,2,2,exact anchor SAT sanity check (score 1.000),True,variants/generated_xor_chain_32_original.blif,variants/generated_xor_chain_32_rewrite.blif
generated_xor_chain_32,rewrite,new_n46,1,new_n46,1.0,1.0,1.0,1.0,9,9,1,exact_anchor,1,0,4096,0,f3c3be0e0516da16,f3c3be0e0516da16,6,6,2,2,exact anchor SAT sanity check (score 1.000),True,variants/generated_xor_chain_32_original.blif,variants/generated_xor_chain_32_rewrite.blif
generated_xor_chain_32,rewrite,new_n47,1,new_n47,1.0,1.0,1.0,1.0,9,9,1,exact_anchor,1,0,4096,0,c308dc8f80612589,c308dc8f80612589,6,6,2,2,exact anchor SAT sanity check (score 1.000),True,variants/generated_xor_chain_32_original.blif,variants/generated_xor_chain_32_rewrite.blif
generated_xor_chain_32,rewrite,new_n48,1,new_n48,1.0,1.0,1.0,1.0,10,10,1,exact_anchor,1,0,4096,0,b39290f826b0df34,b39290f826b0df34,6,6,2,2,exact anchor SAT sanity check (score 1.000),True,variants/generated_xor_chain_32_original.blif,variants/generated_xor_chain_32_rewrite.blif
generated_xor_chain_32,rewrite,new_n49,1,new_n49,1.0,1.0,1.0,1.0,11,11,1,exact_anchor,1,0,4096,0,98748b4987efcace,98748b4987efcace,7,7,2,2,exact anchor SAT sanity check (score 1.000),True,variants/generated_xor_chain_32_original.blif,variants/generated_xor_chain_32_rewrite.blif
generated_xor_chain_32,rewrite,new_n50,1,new_n50,1.0,1.0,1.0,1.0,11,11,1,exact_anchor,1,0,4096,0,e0ed6989dd466f82,e0ed6989dd466f82,7,7,2,2,exact anchor SAT sanity check (score 1.000),True,variants/generated_xor_chain_32_original.blif,variants/generated_xor_chain_32_rewrite.blif
generated_xor_chain_32,rewrite,new_n51,1,new_n51,1.0,1.0,1.0,1.0,12,12,1,exact_anchor,1,0,4096,0,e748e5e009e29ae3,e748e5e009e29ae3,7,7,2,2,exact anchor SAT sanity check (score 1.000),True,variants/generated_xor_chain_32_original.blif,variants/generated_xor_chain_32_rewrite.blif
generated_xor_chain_32,rewrite,new_n52,1,new_n52,1.0,1.0,1.0,1.0,13,13,1,exact_anchor,1,0,4096,0,71b3f1f8c39c925e,71b3f1f8c39c925e,8,8,2,2,exact anchor SAT sanity check (score 1.000),True,variants/generated_xor_chain_32_original.blif,variants/generated_xor_chain_32_rewrite.blif
generated_xor_chain_32,rewrite,new_n53,1,new_n53,1.0,1.0,1.0,1.0,13,13,1,exact_anchor,1,0,4096,0,270b7751f0df6fe3,270b7751f0df6fe3,8,8,2,2,exact anchor SAT sanity check (score 1.000),True,variants/generated_xor_chain_32_original.blif,variants/generated_xor_chain_32_rewrite.blif
generated_xor_chain_32,rewrite,new_n54,1,new_n54,1.0,1.0,1.0,1.0,14,14,1,exact_anchor,1,0,4096,0,bd57c54c01e6ef3e,bd57c54c01e6ef3e,8,8,2,2,exact anchor SAT sanity check (score 1.000),True,variants/generated_xor_chain_32_original.blif,variants/generated_xor_chain_32_rewrite.blif
generated_xor_chain_32,rewrite,new_n55,1,new_n55,1.0,1.0,1.0,1.0,15,15,1,exact_anchor,1,0,4096,0,39269b7a34173938,39269b7a34173938,9,9,2,2,exact anchor SAT sanity check (score 1.000),True,variants/generated_xor_chain_32_original.blif,variants/generated_xor_chain_32_rewrite.blif
generated_xor_chain_32,rewrite,new_n56,1,new_n56,1.0,1.0,1.0,1.0,15,15,1,exact_anchor,1,0,4096,0,16e8f8f5d962cc61,16e8f8f5d962cc61,9,9,2,2,exact anchor SAT sanity check (score 1.000),True,variants/generated_xor_chain_32_original.blif,variants/generated_xor_chain_32_rewrite.blif
generated_xor_chain_32,rewrite,new_n57,1,new_n57,1.0,1.0,1.0,1.0,16,16,1,exact_anchor,1,0,4096,0,91ea121987e7d99b,91ea121987e7d99b,9,9,2,2,exact anchor SAT sanity check (score 1.000),True,variants/generated_xor_chain_32_original.blif,variants/generated_xor_chain_32_rewrite.blif
generated_xor_chain_32,rewrite,new_n58,1,new_n58,1.0,1.0,1.0,1.0,17,17,1,exact_anchor,1,0,4096,0,6814966eace69531,6814966eace69531,10,10,2,2,exact anchor SAT sanity check (score 1.000),True,variants/generated_xor_chain_32_original.blif,variants/generated_xor_chain_32_rewrite.blif
generated_xor_chain_32,rewrite,new_n59,1,new_n59,1.0,1.0,1.0,1.0,17,17,1,exact_anchor,1,0,4096,0,efe3ca98da9e0770,efe3ca98da9e0770,10,10,2,2,exact anchor SAT sanity check (score 1.000),True,variants/generated_xor_chain_32_original.blif,variants/generated_xor_chain_32_rewrite.blif
generated_xor_chain_32,rewrite,new_n60,1,new_n60,1.0,1.0,1.0,1.0,18,18,1,exact_anchor,1,0,4096,0,ffde0e19096c5b59,ffde0e19096c5b59,10,10,2,2,exact anchor SAT sanity check (score 1.000),True,variants/generated_xor_chain_32_original.blif,variants/generated_xor_chain_32_rewrite.blif
generated_xor_chain_32,rewrite,new_n61,1,new_n61,1.0,1.0,1.0,1.0,19,19,1,exact_anchor,1,0,4096,0,1f2230075ad84ff4,1f2230075ad84ff4,11,11,2,2,exact anchor SAT sanity check (score 1.000),True,variants/generated_xor_chain_32_original.blif,variants/generated_xor_chain_32_rewrite.blif
generated_xor_chain_32,rewrite,new_n62,1,new_n62,1.0,1.0,1.0,1.0,19,19,1,exact_anchor,1,0,4096,0,17945fb2ddf062ef,17945fb2ddf062ef,11,11,2,2,exact anchor SAT sanity check (score 1.000),True,variants/generated_xor_chain_32_original.blif,variants/generated_xor_chain_32_rewrite.blif
generated_xor_chain_32,rewrite,new_n63,1,new_n63,1.0,1.0,1.0,1.0,20,20,1,exact_anchor,1,0,4096,0,c90371575d916994,c90371575d916994,11,11,2,2,exact anchor SAT sanity check (score 1.000),True,variants/generated_xor_chain_32_original.blif,variants/generated_xor_chain_32_rewrite.blif
generated_xor_chain_32,rewrite,new_n64,1,new_n64,1.0,1.0,1.0,1.0,21,21,1,exact_anchor,1,0,4096,0,f582cbff883f2a25,f582cbff883f2a25,12,12,2,2,exact anchor SAT sanity check (score 1.000),True,variants/generated_xor_chain_32_original.blif,variants/generated_xor_chain_32_rewrite.blif
generated_xor_chain_32,rewrite,new_n65,1,new_n65,1.0,1.0,1.0,1.0,21,21,1,exact_anchor,1,0,4096,0,69da9f37698ecce0,69da9f37698ecce0,12,12,2,2,exact anchor SAT sanity check (score 1.000),True,variants/generated_xor_chain_32_original.blif,variants/generated_xor_chain_32_rewrite.blif
generated_xor_chain_32,rewrite,new_n66,1,new_n66,1.0,1.0,1.0,1.0,22,22,1,exact_anchor,1,0,4096,0,f71bcd5da9b00c9c,f71bcd5da9b00c9c,12,12,2,2,exact anchor SAT sanity check (score 1.000),True,variants/generated_xor_chain_32_original.blif,variants/generated_xor_chain_32_rewrite.blif
generated_xor_chain_32,rewrite,new_n67,1,new_n67,1.0,1.0,1.0,1.0,23,23,1,exact_anchor,1,0,4096,0,e7237d335814494f,e7237d335814494f,13,13,2,2,exact anchor SAT sanity check (score 1.000),True,variants/generated_xor_chain_32_original.blif,variants/generated_xor_chain_32_rewrite.blif
generated_xor_chain_32,rewrite,new_n68,1,new_n68,1.0,1.0,1.0,1.0,23,23,1,exact_anchor,1,0,4096,0,13a39b7cf3622444,13a39b7cf3622444,13,13,2,2,exact anchor SAT sanity check (score 1.000),True,variants/generated_xor_chain_32_original.blif,variants/generated_xor_chain_32_rewrite.blif
generated_xor_chain_32,rewrite,new_n69,1,new_n69,1.0,1.0,1.0,1.0,24,24,1,exact_anchor,1,0,4096,0,e4e908e47f389445,e4e908e47f389445,13,13,2,2,exact anchor SAT sanity check (score 1.000),True,variants/generated_xor_chain_32_original.blif,variants/generated_xor_chain_32_rewrite.blif
generated_xor_chain_32,rewrite,new_n70,1,new_n70,1.0,1.0,1.0,1.0,25,25,1,exact_anchor,1,0,4096,0,873d69b197153803,873d69b197153803,14,14,2,2,exact anchor SAT sanity check (score 1.000),True,variants/generated_xor_chain_32_original.blif,variants/generated_xor_chain_32_rewrite.blif
generated_xor_chain_32,rewrite,new_n71,1,new_n71,1.0,1.0,1.0,1.0,25,25,1,exact_anchor,1,0,4096,0,a1892637b93ffd38,a1892637b93ffd38,14,14,2,2,exact anchor SAT sanity check (score 1.000),True,variants/generated_xor_chain_32_original.blif,variants/generated_xor_chain_32_rewrite.blif
generated_xor_chain_32,rewrite,new_n72,1,new_n72,1.0,1.0,1.0,1.0,26,26,1,exact_anchor,1,0,4096,0,b156b647de0b768a,b156b647de0b768a,14,14,2,2,exact anchor SAT sanity check (score 1.000),True,variants/generated_xor_chain_32_original.blif,variants/generated_xor_chain_32_rewrite.blif
generated_xor_chain_32,rewrite,new_n73,1,new_n73,1.0,1.0,1.0,1.0,27,27,1,exact_anchor,1,0,4096,0,d11401d0854a8811,d11401d0854a8811,15,15,2,2,exact anchor SAT sanity check (score 1.000),True,variants/generated_xor_chain_32_original.blif,variants/generated_xor_chain_32_rewrite.blif
generated_xor_chain_32,rewrite,new_n74,1,new_n74,1.0,1.0,1.0,1.0,27,27,1,exact_anchor,1,0,4096,0,e32fa4b208e74921,e32fa4b208e74921,15,15,2,2,exact anchor SAT sanity check (score 1.000),True,variants/generated_xor_chain_32_original.blif,variants/generated_xor_chain_32_rewrite.blif
generated_xor_chain_32,rewrite,new_n75,1,new_n75,1.0,1.0,1.0,1.0,28,28,1,exact_anchor,1,0,4096,0,8258123601d3c478,8258123601d3c478,15,15,2,2,exact anchor SAT sanity check (score 1.000),True,variants/generated_xor_chain_32_original.blif,variants/generated_xor_chain_32_rewrite.blif
generated_xor_chain_32,rewrite,new_n76,1,new_n76,1.0,1.0,1.0,1.0,29,29,1,exact_anchor,1,0,4096,0,ca81efd64baba313,ca81efd64baba313,16,16,2,2,exact anchor SAT sanity check (score 1.000),True,variants/generated_xor_chain_32_original.blif,variants/generated_xor_chain_32_rewrite.blif
generated_xor_chain_32,rewrite,new_n77,1,new_n77,1.0,1.0,1.0,1.0,29,29,1,exact_anchor,1,0,4096,0,e45361cdd9071b63,e45361cdd9071b63,16,16,2,2,exact anchor SAT sanity check (score 1.000),True,variants/generated_xor_chain_32_original.blif,variants/generated_xor_chain_32_rewrite.blif
generated_xor_chain_32,rewrite,new_n78,1,new_n78,1.0,1.0,1.0,1.0,30,30,1,exact_anchor,1,0,4096,0,dadb3a90ed577666,dadb3a90ed577666,16,16,2,2,exact anchor SAT sanity check (score 1.000),True,variants/generated_xor_chain_32_original.blif,variants/generated_xor_chain_32_rewrite.blif
generated_xor_chain_32,rewrite,new_n79,1,new_n79,1.0,1.0,1.0,1.0,31,31,1,exact_anchor,1,0,4096,0,cd8434a02bb91a25,cd8434a02bb91a25,17,17,2,2,exact anchor SAT sanity check (score 1.000),True,variants/generated_xor_chain_32_original.blif,variants/generated_xor_chain_32_rewrite.blif
generated_xor_chain_32,rewrite,new_n80,1,new_n80,1.0,1.0,1.0,1.0,31,31,1,exact_anchor,1,0,4096,0,220174ff23efb7a4,220174ff23efb7a4,17,17,2,2,exact anchor SAT sanity check (score 1.000),True,variants/generated_xor_chain_32_original.blif,variants/generated_xor_chain_32_rewrite.blif
generated_xor_chain_32,rewrite,new_n81,1,new_n81,1.0,1.0,1.0,1.0,32,32,1,exact_anchor,1,0,4096,0,03b3e228ee4ffb2a,03b3e228ee4ffb2a,17,17,2,2,exact anchor SAT sanity check (score 1.000),True,variants/generated_xor_chain_32_original.blif,variants/generated_xor_chain_32_rewrite.blif
generated_xor_chain_32,rewrite,new_n82,1,new_n82,1.0,1.0,1.0,1.0,33,33,1,exact_anchor,1,0,4096,0,01392e37de9f30b1,01392e37de9f30b1,18,18,2,2,exact anchor SAT sanity check (score 1.000),True,variants/generated_xor_chain_32_original.blif,variants/generated_xor_chain_32_rewrite.blif
generated_xor_chain_32,rewrite,new_n83,1,new_n83,1.0,1.0,1.0,1.0,33,33,1,exact_anchor,1,0,4096,0,90f37a7ab132ea7f,90f37a7ab132ea7f,18,18,2,2,exact anchor SAT sanity check (score 1.000),True,variants/generated_xor_chain_32_original.blif,variants/generated_xor_chain_32_rewrite.blif
generated_xor_chain_32,rewrite,new_n84,1,new_n84,1.0,1.0,1.0,1.0,34,34,1,exact_anchor,1,0,4096,0,b080637926619b0f,b080637926619b0f,18,18,2,2,exact anchor SAT sanity check (score 1.000),True,variants/generated_xor_chain_32_original.blif,variants/generated_xor_chain_32_rewrite.blif
generated_xor_chain_32,rewrite,new_n85,1,new_n85,1.0,1.0,1.0,1.0,35,35,1,exact_anchor,1,0,4096,0,27cbb081d056e9e2,27cbb081d056e9e2,19,19,2,2,exact anchor SAT sanity check (score 1.000),True,variants/generated_xor_chain_32_original.blif,variants/generated_xor_chain_32_rewrite.blif
generated_xor_chain_32,rewrite,new_n86,1,new_n86,1.0,1.0,1.0,1.0,35,35,1,exact_anchor,1,0,4096,0,c60dc4071d68fa40,c60dc4071d68fa40,19,19,2,2,exact anchor SAT sanity check (score 1.000),True,variants/generated_xor_chain_32_original.blif,variants/generated_xor_chain_32_rewrite.blif
generated_xor_chain_32,rewrite,new_n87,1,new_n87,1.0,1.0,1.0,1.0,36,36,1,exact_anchor,1,0,4096,0,629cf6e4c3ed575f,629cf6e4c3ed575f,19,19,2,2,exact anchor SAT sanity check (score 1.000),True,variants/generated_xor_chain_32_original.blif,variants/generated_xor_chain_32_rewrite.blif
generated_xor_chain_32,rewrite,new_n88,1,new_n88,1.0,1.0,1.0,1.0,37,37,1,exact_anchor,1,0,4096,0,570bce3141f26b4f,570bce3141f26b4f,20,20,2,2,exact anchor SAT sanity check (score 1.000),True,variants/generated_xor_chain_32_original.blif,variants/generated_xor_chain_32_rewrite.blif
generated_xor_chain_32,rewrite,new_n89,1,new_n89,1.0,1.0,1.0,1.0,37,37,1,exact_anchor,1,0,4096,0,824cbd02562ddaa3,824cbd02562ddaa3,20,20,2,2,exact anchor SAT sanity check (score 1.000),True,variants/generated_xor_chain_32_original.blif,variants/generated_xor_chain_32_rewrite.blif
generated_xor_chain_32,rewrite,new_n90,1,new_n90,1.0,1.0,1.0,1.0,38,38,1,exact_anchor,1,0,4096,0,ac59288bbf73e0c9,ac59288bbf73e0c9,20,20,2,2,exact anchor SAT sanity check (score 1.000),True,variants/generated_xor_chain_32_original.blif,variants/generated_xor_chain_32_rewrite.blif
generated_xor_chain_32,rewrite,new_n91,1,new_n91,1.0,1.0,1.0,1.0,39,39,1,exact_anchor,1,0,4096,0,3b5aa1daa0d16721,3b5aa1daa0d16721,21,21,2,2,exact anchor SAT sanity check (score 1.000),True,variants/generated_xor_chain_32_original.blif,variants/generated_xor_chain_32_rewrite.blif
generated_xor_chain_32,rewrite,new_n92,1,new_n92,1.0,1.0,1.0,1.0,39,39,1,exact_anchor,1,0,4096,0,81237eaa67031f41,81237eaa67031f41,21,21,2,2,exact anchor SAT sanity check (score 1.000),True,variants/generated_xor_chain_32_original.blif,variants/generated_xor_chain_32_rewrite.blif
generated_xor_chain_32,rewrite,new_n93,1,new_n93,1.0,1.0,1.0,1.0,40,40,1,exact_anchor,1,0,4096,0,147a24e567dc2fde,147a24e567dc2fde,21,21,2,2,exact anchor SAT sanity check (score 1.000),True,variants/generated_xor_chain_32_original.blif,variants/generated_xor_chain_32_rewrite.blif
generated_xor_chain_32,rewrite,new_n94,1,new_n94,1.0,1.0,1.0,1.0,41,41,1,exact_anchor,1,0,4096,0,163a9e78ba18ccd2,163a9e78ba18ccd2,22,22,2,2,exact anchor SAT sanity check (score 1.000),True,variants/generated_xor_chain_32_original.blif,variants/generated_xor_chain_32_rewrite.blif
generated_xor_chain_32,rewrite,new_n95,1,new_n95,1.0,1.0,1.0,1.0,41,41,1,exact_anchor,1,0,4096,0,2737170e747c7983,2737170e747c7983,22,22,2,2,exact anchor SAT sanity check (score 1.000),True,variants/generated_xor_chain_32_original.blif,variants/generated_xor_chain_32_rewrite.blif
generated_xor_chain_32,rewrite,new_n96,1,new_n96,1.0,1.0,1.0,1.0,42,42,1,exact_anchor,1,0,4096,0,1afad53deae227ee,1afad53deae227ee,22,22,2,2,exact anchor SAT sanity check (score 1.000),True,variants/generated_xor_chain_32_original.blif,variants/generated_xor_chain_32_rewrite.blif
generated_xor_chain_32,rewrite,new_n97,1,new_n97,1.0,1.0,1.0,1.0,43,43,1,exact_anchor,1,0,4096,0,22b096daf7089e2e,22b096daf7089e2e,23,23,2,2,exact anchor SAT sanity check (score 1.000),True,variants/generated_xor_chain_32_original.blif,variants/generated_xor_chain_32_rewrite.blif
generated_xor_chain_32,rewrite,new_n98,1,new_n98,1.0,1.0,1.0,1.0,43,43,1,exact_anchor,1,0,4096,0,79db4d515f0f9c6c,79db4d515f0f9c6c,23,23,2,2,exact anchor SAT sanity check (score 1.000),True,variants/generated_xor_chain_32_original.blif,variants/generated_xor_chain_32_rewrite.blif
generated_xor_chain_32,rewrite,new_n99,1,new_n99,1.0,1.0,1.0,1.0,44,44,1,exact_anchor,1,0,4096,0,18bdfc37b8d9381b,18bdfc37b8d9381b,23,23,2,2,exact anchor SAT sanity check (score 1.000),True,variants/generated_xor_chain_32_original.blif,variants/generated_xor_chain_32_rewrite.blif
generated_xor_chain_32,rewrite,new_n100,1,new_n100,1.0,1.0,1.0,1.0,45,45,1,exact_anchor,1,0,4096,0,4bad59e1d2039255,4bad59e1d2039255,24,24,2,2,exact anchor SAT sanity check (score 1.000),True,variants/generated_xor_chain_32_original.blif,variants/generated_xor_chain_32_rewrite.blif
generated_xor_chain_32,rewrite,new_n101,1,new_n101,1.0,1.0,1.0,1.0,45,45,1,exact_anchor,1,0,4096,0,f1c8ff3161a2b87b,f1c8ff3161a2b87b,24,24,2,2,exact anchor SAT sanity check (score 1.000),True,variants/generated_xor_chain_32_original.blif,variants/generated_xor_chain_32_rewrite.blif
generated_xor_chain_32,rewrite,new_n102,1,new_n102,1.0,1.0,1.0,1.0,46,46,1,exact_anchor,1,0,4096,0,93cc7cce0510065f,93cc7cce0510065f,24,24,2,2,exact anchor SAT sanity check (score 1.000),True,variants/generated_xor_chain_32_original.blif,variants/generated_xor_chain_32_rewrite.blif
generated_xor_chain_32,rewrite,new_n103,1,new_n103,1.0,1.0,1.0,1.0,47,47,1,exact_anchor,1,0,4096,0,027d56afa68ef13c,027d56afa68ef13c,25,25,2,2,exact anchor SAT sanity check (score 1.000),True,variants/generated_xor_chain_32_original.blif,variants/generated_xor_chain_32_rewrite.blif
generated_xor_chain_32,rewrite,new_n104,1,new_n104,1.0,1.0,1.0,1.0,47,47,1,exact_anchor,1,0,4096,0,77be784dc00a0b78,77be784dc00a0b78,25,25,2,2,exact anchor SAT sanity check (score 1.000),True,variants/generated_xor_chain_32_original.blif,variants/generated_xor_chain_32_rewrite.blif
generated_xor_chain_32,rewrite,new_n105,1,new_n105,1.0,1.0,1.0,1.0,48,48,1,exact_anchor,1,0,4096,0,c57acd2bec229db5,c57acd2bec229db5,25,25,2,2,exact anchor SAT sanity check (score 1.000),True,variants/generated_xor_chain_32_original.blif,variants/generated_xor_chain_32_rewrite.blif
generated_xor_chain_32,rewrite,new_n106,1,new_n106,1.0,1.0,1.0,1.0,49,49,1,exact_anchor,1,0,4096,0,b5d78e585a1fbf12,b5d78e585a1fbf12,26,26,2,2,exact anchor SAT sanity check (score 1.000),True,variants/generated_xor_chain_32_original.blif,variants/generated_xor_chain_32_rewrite.blif
generated_xor_chain_32,rewrite,new_n107,1,new_n107,1.0,1.0,1.0,1.0,49,49,1,exact_anchor,1,0,4096,0,44a6997db7d3543b,44a6997db7d3543b,26,26,2,2,exact anchor SAT sanity check (score 1.000),True,variants/generated_xor_chain_32_original.blif,variants/generated_xor_chain_32_rewrite.blif
generated_xor_chain_32,rewrite,new_n108,1,new_n108,1.0,1.0,1.0,1.0,50,50,1,exact_anchor,1,0,4096,0,39a05f4775241ce5,39a05f4775241ce5,26,26,2,2,exact anchor SAT sanity check (score 1.000),True,variants/generated_xor_chain_32_original.blif,variants/generated_xor_chain_32_rewrite.blif
generated_xor_chain_32,rewrite,new_n109,1,new_n109,1.0,1.0,1.0,1.0,51,51,1,exact_anchor,1,0,4096,0,fef766e7af305960,fef766e7af305960,27,27,2,2,exact anchor SAT sanity check (score 1.000),True,variants/generated_xor_chain_32_original.blif,variants/generated_xor_chain_32_rewrite.blif
generated_xor_chain_32,rewrite,new_n110,1,new_n110,1.0,1.0,1.0,1.0,51,51,1,exact_anchor,1,0,4096,0,f3f8362a01fcbcf8,f3f8362a01fcbcf8,27,27,2,2,exact anchor SAT sanity check (score 1.000),True,variants/generated_xor_chain_32_original.blif,variants/generated_xor_chain_32_rewrite.blif
generated_xor_chain_32,rewrite,new_n111,1,new_n111,1.0,1.0,1.0,1.0,52,52,1,exact_anchor,1,0,4096,0,327cdaf89a1a3356,327cdaf89a1a3356,27,27,2,2,exact anchor SAT sanity check (score 1.000),True,variants/generated_xor_chain_32_original.blif,variants/generated_xor_chain_32_rewrite.blif
generated_xor_chain_32,rewrite,new_n112,1,new_n112,1.0,1.0,1.0,1.0,53,53,1,exact_anchor,1,0,4096,0,0ed8c57671385b81,0ed8c57671385b81,28,28,2,2,exact anchor SAT sanity check (score 1.000),True,variants/generated_xor_chain_32_original.blif,variants/generated_xor_chain_32_rewrite.blif
generated_xor_chain_32,rewrite,new_n113,1,new_n113,1.0,1.0,1.0,1.0,53,53,1,exact_anchor,1,0,4096,0,228fc69792a3f583,228fc69792a3f583,28,28,2,2,exact anchor SAT sanity check (score 1.000),True,variants/generated_xor_chain_32_original.blif,variants/generated_xor_chain_32_rewrite.blif
generated_xor_chain_32,rewrite,new_n114,1,new_n114,1.0,1.0,1.0,1.0,54,54,1,exact_anchor,1,0,4096,0,67ed9808c4caf339,67ed9808c4caf339,28,28,2,2,exact anchor SAT sanity check (score 1.000),True,variants/generated_xor_chain_32_original.blif,variants/generated_xor_chain_32_rewrite.blif
generated_xor_chain_32,rewrite,new_n115,1,new_n115,1.0,1.0,1.0,1.0,55,55,1,exact_anchor,1,0,4096,0,2fc17cbf2b9e306f,2fc17cbf2b9e306f,29,29,2,2,exact anchor SAT sanity check (score 1.000),True,variants/generated_xor_chain_32_original.blif,variants/generated_xor_chain_32_rewrite.blif
generated_xor_chain_32,rewrite,new_n116,1,new_n116,1.0,1.0,1.0,1.0,55,55,1,exact_anchor,1,0,4096,0,de3699d15d184f89,de3699d15d184f89,29,29,2,2,exact anchor SAT sanity check (score 1.000),True,variants/generated_xor_chain_32_original.blif,variants/generated_xor_chain_32_rewrite.blif
generated_xor_chain_32,rewrite,new_n117,1,new_n117,1.0,1.0,1.0,1.0,56,56,1,exact_anchor,1,0,4096,0,310681a44b433ac7,310681a44b433ac7,29,29,2,2,exact anchor SAT sanity check (score 1.000),True,variants/generated_xor_chain_32_original.blif,variants/generated_xor_chain_32_rewrite.blif
generated_xor_chain_32,rewrite,new_n118,1,new_n118,1.0,1.0,1.0,1.0,57,57,1,exact_anchor,1,0,4096,0,695917147c4bd7fb,695917147c4bd7fb,30,30,2,2,exact anchor SAT sanity check (score 1.000),True,variants/generated_xor_chain_32_original.blif,variants/generated_xor_chain_32_rewrite.blif
generated_xor_chain_32,rewrite,new_n119,1,new_n119,1.0,1.0,1.0,1.0,57,57,1,exact_anchor,1,0,4096,0,df106c6500f80ddd,df106c6500f80ddd,30,30,2,2,exact anchor SAT sanity check (score 1.000),True,variants/generated_xor_chain_32_original.blif,variants/generated_xor_chain_32_rewrite.blif
generated_xor_chain_32,rewrite,new_n120,1,new_n120,1.0,1.0,1.0,1.0,58,58,1,exact_anchor,1,0,4096,0,35d32b86f7bcb18d,35d32b86f7bcb18d,30,30,2,2,exact anchor SAT sanity check (score 1.000),True,variants/generated_xor_chain_32_original.blif,variants/generated_xor_chain_32_rewrite.blif
generated_xor_chain_32,rewrite,new_n121,1,new_n121,1.0,1.0,1.0,1.0,59,59,1,exact_anchor,1,0,4096,0,51223532f7825351,51223532f7825351,31,31,2,2,exact anchor SAT sanity check (score 1.000),True,variants/generated_xor_chain_32_original.blif,variants/generated_xor_chain_32_rewrite.blif
generated_xor_chain_32,rewrite,new_n122,1,new_n122,1.0,1.0,1.0,1.0,59,59,1,exact_anchor,1,0,4096,0,69dedddd5b436afe,69dedddd5b436afe,31,31,2,2,exact anchor SAT sanity check (score 1.000),True,variants/generated_xor_chain_32_original.blif,variants/generated_xor_chain_32_rewrite.blif
generated_xor_chain_32,rewrite,new_n123,1,new_n123,1.0,1.0,1.0,1.0,60,60,1,exact_anchor,1,0,4096,0,2d8a7d07d3928de9,2d8a7d07d3928de9,31,31,2,2,exact anchor SAT sanity check (score 1.000),True,variants/generated_xor_chain_32_original.blif,variants/generated_xor_chain_32_rewrite.blif
generated_xor_chain_32,rewrite,new_n124,1,new_n124,1.0,1.0,1.0,1.0,61,61,1,exact_anchor,1,0,4096,0,bc0d675af3de312b,bc0d675af3de312b,32,32,2,2,exact anchor SAT sanity check (score 1.000),True,variants/generated_xor_chain_32_original.blif,variants/generated_xor_chain_32_rewrite.blif
generated_xor_chain_32,rewrite,new_n125,1,new_n125,1.0,1.0,1.0,1.0,61,61,1,exact_anchor,1,0,4096,0,efafca56aa8f2486,efafca56aa8f2486,32,32,2,2,exact anchor SAT sanity check (score 1.000),True,variants/generated_xor_chain_32_original.blif,variants/generated_xor_chain_32_rewrite.blif
generated_xor_chain_32,rewrite_z,new_n34,1,new_n34,1.0,1.0,1.0,1.0,1,1,1,exact_anchor,1,0,4096,0,1560debce216ff9f,1560debce216ff9f,2,2,2,2,exact anchor SAT sanity check (score 1.000),True,variants/generated_xor_chain_32_original.blif,variants/generated_xor_chain_32_rewrite_z.blif
generated_xor_chain_32,rewrite_z,new_n35,1,new_n35,1.0,1.0,1.0,1.0,1,1,1,exact_anchor,1,0,4096,0,78657c2cc9db4143,78657c2cc9db4143,2,2,2,2,exact anchor SAT sanity check (score 1.000),True,variants/generated_xor_chain_32_original.blif,variants/generated_xor_chain_32_rewrite_z.blif
generated_xor_chain_32,rewrite_z,new_n36,1,new_n36,1.0,1.0,1.0,1.0,2,2,1,exact_anchor,1,0,4096,0,98c71d4eb652bfca,98c71d4eb652bfca,2,2,2,2,exact anchor SAT sanity check (score 1.000),True,variants/generated_xor_chain_32_original.blif,variants/generated_xor_chain_32_rewrite_z.blif
generated_xor_chain_8,balance,new_n10,1,new_n10,1.0,1.0,1.0,1.0,1,1,1,exact_anchor,1,1,256,1,637f67ae1c9dfdbe,637f67ae1c9dfdbe,2,2,2,2,exact anchor SAT sanity check (score 1.000),True,variants/generated_xor_chain_8_original.blif,variants/generated_xor_chain_8_balance.blif
generated_xor_chain_8,balance,new_n11,1,new_n11,1.0,1.0,1.0,1.0,1,1,1,exact_anchor,1,1,256,1,d56677dd6f6059d5,d56677dd6f6059d5,2,2,2,2,exact anchor SAT sanity check (score 1.000),True,variants/generated_xor_chain_8_original.blif,variants/generated_xor_chain_8_balance.blif
generated_xor_chain_8,balance,new_n12,1,new_n12,1.0,1.0,1.0,1.0,2,2,1,exact_anchor,1,1,256,1,09b888d8cb3ab0db,09b888d8cb3ab0db,2,2,2,2,exact anchor SAT sanity check (score 1.000),True,variants/generated_xor_chain_8_original.blif,variants/generated_xor_chain_8_balance.blif
generated_xor_chain_8,balance,new_n13,1,new_n13,1.0,1.0,1.0,1.0,3,3,1,exact_anchor,1,1,256,1,fe4c3e917eceb448,fe4c3e917eceb448,3,3,2,2,exact anchor SAT sanity check (score 1.000),True,variants/generated_xor_chain_8_original.blif,variants/generated_xor_chain_8_balance.blif
generated_xor_chain_8,balance,new_n14,1,new_n14,1.0,1.0,1.0,1.0,3,3,1,exact_anchor,1,1,256,1,51b5d61c962603b9,51b5d61c962603b9,3,3,2,2,exact anchor SAT sanity check (score 1.000),True,variants/generated_xor_chain_8_original.blif,variants/generated_xor_chain_8_balance.blif
generated_xor_chain_8,balance,new_n15,1,new_n15,1.0,1.0,1.0,1.0,4,4,1,exact_anchor,1,1,256,1,36603df689239e08,36603df689239e08,3,3,2,2,exact anchor SAT sanity check (score 1.000),True,variants/generated_xor_chain_8_original.blif,variants/generated_xor_chain_8_balance.blif
generated_xor_chain_8,balance,new_n16,1,new_n16,1.0,1.0,1.0,1.0,5,5,1,exact_anchor,1,1,256,1,03386f3ae603fd33,03386f3ae603fd33,4,4,2,2,exact anchor SAT sanity check (score 1.000),True,variants/generated_xor_chain_8_original.blif,variants/generated_xor_chain_8_balance.blif
generated_xor_chain_8,balance,new_n17,1,new_n17,1.0,1.0,1.0,1.0,5,5,1,exact_anchor,1,1,256,1,1aeec1444cbbb06f,1aeec1444cbbb06f,4,4,2,2,exact anchor SAT sanity check (score 1.000),True,variants/generated_xor_chain_8_original.blif,variants/generated_xor_chain_8_balance.blif
generated_xor_chain_8,balance,new_n18,1,new_n18,1.0,1.0,1.0,1.0,6,6,1,exact_anchor,1,1,256,1,dd6d16081d832484,dd6d16081d832484,4,4,2,2,exact anchor SAT sanity check (score 1.000),True,variants/generated_xor_chain_8_original.blif,variants/generated_xor_chain_8_balance.blif
generated_xor_chain_8,balance,new_n19,1,new_n19,1.0,1.0,1.0,1.0,7,7,1,exact_anchor,1,1,256,1,1d275c732a06f389,1d275c732a06f389,5,5,2,2,exact anchor SAT sanity check (score 1.000),True,variants/generated_xor_chain_8_original.blif,variants/generated_xor_chain_8_balance.blif
generated_xor_chain_8,balance,new_n20,1,new_n20,1.0,1.0,1.0,1.0,7,7,1,exact_anchor,1,1,256,1,ac8814dd1601f85d,ac8814dd1601f85d,5,5,2,2,exact anchor SAT sanity check (score 1.000),True,variants/generated_xor_chain_8_original.blif,variants/generated_xor_chain_8_balance.blif
generated_xor_chain_8,balance,new_n21,1,new_n21,1.0,1.0,1.0,1.0,8,8,1,exact_anchor,1,1,256,1,a3560472f073806b,a3560472f073806b,5,5,2,2,exact anchor SAT sanity check (score 1.000),True,variants/generated_xor_chain_8_original.blif,variants/generated_xor_chain_8_balance.blif
generated_xor_chain_8,balance,new_n22,1,new_n22,1.0,1.0,1.0,1.0,9,9,1,exact_anchor,1,1,256,1,a60bc805ecfd5b86,a60bc805ecfd5b86,6,6,2,2,exact anchor SAT sanity check (score 1.000),True,variants/generated_xor_chain_8_original.blif,variants/generated_xor_chain_8_balance.blif
generated_xor_chain_8,balance,new_n23,1,new_n23,1.0,1.0,1.0,1.0,9,9,1,exact_anchor,1,1,256,1,f553080ca41735a0,f553080ca41735a0,6,6,2,2,exact anchor SAT sanity check (score 1.000),True,variants/generated_xor_chain_8_original.blif,variants/generated_xor_chain_8_balance.blif
generated_xor_chain_8,balance,new_n24,1,new_n24,1.0,1.0,1.0,1.0,10,10,1,exact_anchor,1,1,256,1,c25b28be06df6209,c25b28be06df6209,6,6,2,2,exact anchor SAT sanity check (score 1.000),True,variants/generated_xor_chain_8_original.blif,variants/generated_xor_chain_8_balance.blif
generated_xor_chain_8,balance,new_n25,1,new_n25,1.0,1.0,1.0,1.0,11,11,1,exact_anchor,1,1,256,1,867e38df1472b830,867e38df1472b830,7,7,2,2,exact anchor SAT sanity check (score 1.000),True,variants/generated_xor_chain_8_original.blif,variants/generated_xor_chain_8_balance.blif
generated_xor_chain_8,balance,new_n26,1,new_n26,1.0,1.0,1.0,1.0,11,11,1,exact_anchor,1,1,256,1,08145557d8044c4d,08145557d8044c4d,7,7,2,2,exact anchor SAT sanity check (score 1.000),True,variants/generated_xor_chain_8_original.blif,variants/generated_xor_chain_8_balance.blif
generated_xor_chain_8,balance,new_n27,1,new_n27,1.0,1.0,1.0,1.0,12,12,1,exact_anchor,1,1,256,1,e3828b09f574f32b,e3828b09f574f32b,7,7,2,2,exact anchor SAT sanity check (score 1.000),True,variants/generated_xor_chain_8_original.blif,variants/generated_xor_chain_8_balance.blif
generated_xor_chain_8,balance,new_n28,1,new_n28,1.0,1.0,1.0,1.0,13,13,1,exact_anchor,1,1,256,1,2adf249f0c7313de,2adf249f0c7313de,8,8,2,2,exact anchor SAT sanity check (score 1.000),True,variants/generated_xor_chain_8_original.blif,variants/generated_xor_chain_8_balance.blif
generated_xor_chain_8,balance,new_n29,1,new_n29,1.0,1.0,1.0,1.0,13,13,1,exact_anchor,1,1,256,1,5991376c2f5a7562,5991376c2f5a7562,8,8,2,2,exact anchor SAT sanity check (score 1.000),True,variants/generated_xor_chain_8_original.blif,variants/generated_xor_chain_8_balance.blif
generated_xor_chain_8,refactor,new_n10,1,new_n10,1.0,1.0,1.0,1.0,1,1,1,exact_anchor,1,1,256,1,637f67ae1c9dfdbe,637f67ae1c9dfdbe,2,2,2,2,exact anchor SAT sanity check (score 1.000),True,variants/generated_xor_chain_8_original.blif,variants/generated_xor_chain_8_refactor.blif
generated_xor_chain_8,refactor,new_n11,1,new_n11,1.0,1.0,1.0,1.0,1,1,1,exact_anchor,1,1,256,1,d56677dd6f6059d5,d56677dd6f6059d5,2,2,2,2,exact anchor SAT sanity check (score 1.000),True,variants/generated_xor_chain_8_original.blif,variants/generated_xor_chain_8_refactor.blif
generated_xor_chain_8,refactor,new_n12,1,new_n12,1.0,1.0,1.0,1.0,2,2,1,exact_anchor,1,1,256,1,09b888d8cb3ab0db,09b888d8cb3ab0db,2,2,2,2,exact anchor SAT sanity check (score 1.000),True,variants/generated_xor_chain_8_original.blif,variants/generated_xor_chain_8_refactor.blif
generated_xor_chain_8,refactor,new_n13,1,new_n13,1.0,1.0,1.0,1.0,3,3,1,exact_anchor,1,1,256,1,fe4c3e917eceb448,fe4c3e917eceb448,3,3,2,2,exact anchor SAT sanity check (score 1.000),True,variants/generated_xor_chain_8_original.blif,variants/generated_xor_chain_8_refactor.blif
generated_xor_chain_8,refactor,new_n14,1,new_n14,1.0,1.0,1.0,1.0,3,3,1,exact_anchor,1,1,256,1,51b5d61c962603b9,51b5d61c962603b9,3,3,2,2,exact anchor SAT sanity check (score 1.000),True,variants/generated_xor_chain_8_original.blif,variants/generated_xor_chain_8_refactor.blif
generated_xor_chain_8,refactor,new_n15,1,new_n15,1.0,1.0,1.0,1.0,4,4,1,exact_anchor,1,1,256,1,36603df689239e08,36603df689239e08,3,3,2,2,exact anchor SAT sanity check (score 1.000),True,variants/generated_xor_chain_8_original.blif,variants/generated_xor_chain_8_refactor.blif
generated_xor_chain_8,refactor,new_n16,1,new_n16,1.0,1.0,1.0,1.0,5,5,1,exact_anchor,1,1,256,1,03386f3ae603fd33,03386f3ae603fd33,4,4,2,2,exact anchor SAT sanity check (score 1.000),True,variants/generated_xor_chain_8_original.blif,variants/generated_xor_chain_8_refactor.blif
generated_xor_chain_8,refactor,new_n17,1,new_n17,1.0,1.0,1.0,1.0,5,5,1,exact_anchor,1,1,256,1,1aeec1444cbbb06f,1aeec1444cbbb06f,4,4,2,2,exact anchor SAT sanity check (score 1.000),True,variants/generated_xor_chain_8_original.blif,variants/generated_xor_chain_8_refactor.blif
generated_xor_chain_8,refactor,new_n18,1,new_n18,1.0,1.0,1.0,1.0,6,6,1,exact_anchor,1,1,256,1,dd6d16081d832484,dd6d16081d832484,4,4,2,2,exact anchor SAT sanity check (score 1.000),True,variants/generated_xor_chain_8_original.blif,variants/generated_xor_chain_8_refactor.blif
generated_xor_chain_8,refactor,new_n19,1,new_n19,1.0,1.0,1.0,1.0,7,7,1,exact_anchor,1,1,256,1,1d275c732a06f389,1d275c732a06f389,5,5,2,2,exact anchor SAT sanity check (score 1.000),True,variants/generated_xor_chain_8_original.blif,variants/generated_xor_chain_8_refactor.blif
generated_xor_chain_8,refactor,new_n20,1,new_n20,1.0,1.0,1.0,1.0,7,7,1,exact_anchor,1,1,256,1,ac8814dd1601f85d,ac8814dd1601f85d,5,5,2,2,exact anchor SAT sanity check (score 1.000),True,variants/generated_xor_chain_8_original.blif,variants/generated_xor_chain_8_refactor.blif
generated_xor_chain_8,refactor,new_n21,1,new_n21,1.0,1.0,1.0,1.0,8,8,1,exact_anchor,1,1,256,1,a3560472f073806b,a3560472f073806b,5,5,2,2,exact anchor SAT sanity check (score 1.000),True,variants/generated_xor_chain_8_original.blif,variants/generated_xor_chain_8_refactor.blif
generated_xor_chain_8,refactor,new_n22,1,new_n22,1.0,1.0,1.0,1.0,9,9,1,exact_anchor,1,1,256,1,a60bc805ecfd5b86,a60bc805ecfd5b86,6,6,2,2,exact anchor SAT sanity check (score 1.000),True,variants/generated_xor_chain_8_original.blif,variants/generated_xor_chain_8_refactor.blif
generated_xor_chain_8,refactor,new_n23,1,new_n23,1.0,1.0,1.0,1.0,9,9,1,exact_anchor,1,1,256,1,f553080ca41735a0,f553080ca41735a0,6,6,2,2,exact anchor SAT sanity check (score 1.000),True,variants/generated_xor_chain_8_original.blif,variants/generated_xor_chain_8_refactor.blif
generated_xor_chain_8,refactor,new_n24,1,new_n24,1.0,1.0,1.0,1.0,10,10,1,exact_anchor,1,1,256,1,c25b28be06df6209,c25b28be06df6209,6,6,2,2,exact anchor SAT sanity check (score 1.000),True,variants/generated_xor_chain_8_original.blif,variants/generated_xor_chain_8_refactor.blif
generated_xor_chain_8,refactor,new_n25,1,new_n25,1.0,1.0,1.0,1.0,11,11,1,exact_anchor,1,1,256,1,867e38df1472b830,867e38df1472b830,7,7,2,2,exact anchor SAT sanity check (score 1.000),True,variants/generated_xor_chain_8_original.blif,variants/generated_xor_chain_8_refactor.blif
generated_xor_chain_8,refactor,new_n26,1,new_n26,1.0,1.0,1.0,1.0,11,11,1,exact_anchor,1,1,256,1,08145557d8044c4d,08145557d8044c4d,7,7,2,2,exact anchor SAT sanity check (score 1.000),True,variants/generated_xor_chain_8_original.blif,variants/generated_xor_chain_8_refactor.blif
generated_xor_chain_8,refactor,new_n27,1,new_n27,1.0,1.0,1.0,1.0,12,12,1,exact_anchor,1,1,256,1,e3828b09f574f32b,e3828b09f574f32b,7,7,2,2,exact anchor SAT sanity check (score 1.000),True,variants/generated_xor_chain_8_original.blif,variants/generated_xor_chain_8_refactor.blif
generated_xor_chain_8,refactor,new_n28,1,new_n28,1.0,1.0,1.0,1.0,13,13,1,exact_anchor,1,1,256,1,2adf249f0c7313de,2adf249f0c7313de,8,8,2,2,exact anchor SAT sanity check (score 1.000),True,variants/generated_xor_chain_8_original.blif,variants/generated_xor_chain_8_refactor.blif
generated_xor_chain_8,refactor,new_n29,1,new_n29,1.0,1.0,1.0,1.0,13,13,1,exact_anchor,1,1,256,1,5991376c2f5a7562,5991376c2f5a7562,8,8,2,2,exact anchor SAT sanity check (score 1.000),True,variants/generated_xor_chain_8_original.blif,variants/generated_xor_chain_8_refactor.blif
generated_xor_chain_8,refactor_z,new_n13,1,new_n13,1.0,1.0,1.0,1.0,3,3,1,exact_anchor,1,1,256,1,fe4c3e917eceb448,fe4c3e917eceb448,3,3,2,2,exact anchor SAT sanity check (score 1.000),True,variants/generated_xor_chain_8_original.blif,variants/generated_xor_chain_8_refactor_z.blif
generated_xor_chain_8,refactor_z,new_n14,1,new_n14,1.0,1.0,1.0,1.0,3,3,1,exact_anchor,1,1,256,1,51b5d61c962603b9,51b5d61c962603b9,3,3,2,2,exact anchor SAT sanity check (score 1.000),True,variants/generated_xor_chain_8_original.blif,variants/generated_xor_chain_8_refactor_z.blif
generated_xor_chain_8,refactor_z,new_n15,1,new_n15,1.0,1.0,1.0,1.0,4,4,1,exact_anchor,1,1,256,1,36603df689239e08,36603df689239e08,3,3,2,2,exact anchor SAT sanity check (score 1.000),True,variants/generated_xor_chain_8_original.blif,variants/generated_xor_chain_8_refactor_z.blif
generated_xor_chain_8,refactor_z,new_n16,1,new_n16,1.0,1.0,1.0,1.0,5,5,1,exact_anchor,1,1,256,1,03386f3ae603fd33,03386f3ae603fd33,4,4,2,2,exact anchor SAT sanity check (score 1.000),True,variants/generated_xor_chain_8_original.blif,variants/generated_xor_chain_8_refactor_z.blif
generated_xor_chain_8,refactor_z,new_n17,1,new_n17,1.0,1.0,1.0,1.0,5,5,1,exact_anchor,1,1,256,1,1aeec1444cbbb06f,1aeec1444cbbb06f,4,4,2,2,exact anchor SAT sanity check (score 1.000),True,variants/generated_xor_chain_8_original.blif,variants/generated_xor_chain_8_refactor_z.blif
generated_xor_chain_8,refactor_z,new_n18,1,new_n18,1.0,1.0,1.0,1.0,6,6,1,exact_anchor,1,1,256,1,dd6d16081d832484,dd6d16081d832484,4,4,2,2,exact anchor SAT sanity check (score 1.000),True,variants/generated_xor_chain_8_original.blif,variants/generated_xor_chain_8_refactor_z.blif
generated_xor_chain_8,refactor_z,new_n19,1,new_n19,1.0,1.0,1.0,1.0,7,7,1,exact_anchor,1,1,256,1,1d275c732a06f389,1d275c732a06f389,5,5,2,2,exact anchor SAT sanity check (score 1.000),True,variants/generated_xor_chain_8_original.blif,variants/generated_xor_chain_8_refactor_z.blif
generated_xor_chain_8,refactor_z,new_n20,1,new_n20,1.0,1.0,1.0,1.0,7,7,1,exact_anchor,1,1,256,1,ac8814dd1601f85d,ac8814dd1601f85d,5,5,2,2,exact anchor SAT sanity check (score 1.000),True,variants/generated_xor_chain_8_original.blif,variants/generated_xor_chain_8_refactor_z.blif
generated_xor_chain_8,refactor_z,new_n21,1,new_n21,1.0,1.0,1.0,1.0,8,8,1,exact_anchor,1,1,256,1,a3560472f073806b,a3560472f073806b,5,5,2,2,exact anchor SAT sanity check (score 1.000),True,variants/generated_xor_chain_8_original.blif,variants/generated_xor_chain_8_refactor_z.blif
generated_xor_chain_8,refactor_z,new_n22,1,new_n22,1.0,1.0,1.0,1.0,9,9,1,exact_anchor,1,1,256,1,a60bc805ecfd5b86,a60bc805ecfd5b86,6,6,2,2,exact anchor SAT sanity check (score 1.000),True,variants/generated_xor_chain_8_original.blif,variants/generated_xor_chain_8_refactor_z.blif
generated_xor_chain_8,refactor_z,new_n23,1,new_n23,1.0,1.0,1.0,1.0,9,9,1,exact_anchor,1,1,256,1,f553080ca41735a0,f553080ca41735a0,6,6,2,2,exact anchor SAT sanity check (score 1.000),True,variants/generated_xor_chain_8_original.blif,variants/generated_xor_chain_8_refactor_z.blif
generated_xor_chain_8,refactor_z,new_n24,1,new_n24,1.0,1.0,1.0,1.0,10,10,1,exact_anchor,1,1,256,1,c25b28be06df6209,c25b28be06df6209,6,6,2,2,exact anchor SAT sanity check (score 1.000),True,variants/generated_xor_chain_8_original.blif,variants/generated_xor_chain_8_refactor_z.blif
generated_xor_chain_8,refactor_z,new_n25,1,new_n25,1.0,1.0,1.0,1.0,11,11,1,exact_anchor,1,1,256,1,867e38df1472b830,867e38df1472b830,7,7,2,2,exact anchor SAT sanity check (score 1.000),True,variants/generated_xor_chain_8_original.blif,variants/generated_xor_chain_8_refactor_z.blif
generated_xor_chain_8,refactor_z,new_n26,1,new_n26,1.0,1.0,1.0,1.0,11,11,1,exact_anchor,1,1,256,1,08145557d8044c4d,08145557d8044c4d,7,7,2,2,exact anchor SAT sanity check (score 1.000),True,variants/generated_xor_chain_8_original.blif,variants/generated_xor_chain_8_refactor_z.blif
generated_xor_chain_8,refactor_z,new_n27,1,new_n27,1.0,1.0,1.0,1.0,12,12,1,exact_anchor,1,1,256,1,e3828b09f574f32b,e3828b09f574f32b,7,7,2,2,exact anchor SAT sanity check (score 1.000),True,variants/generated_xor_chain_8_original.blif,variants/generated_xor_chain_8_refactor_z.blif
generated_xor_chain_8,refactor_z,new_n28,1,new_n28,1.0,1.0,1.0,1.0,13,13,1,exact_anchor,1,1,256,1,2adf249f0c7313de,2adf249f0c7313de,8,8,2,2,exact anchor SAT sanity check (score 1.000),True,variants/generated_xor_chain_8_original.blif,variants/generated_xor_chain_8_refactor_z.blif
generated_xor_chain_8,refactor_z,new_n29,1,new_n29,1.0,1.0,1.0,1.0,13,13,1,exact_anchor,1,1,256,1,5991376c2f5a7562,5991376c2f5a7562,8,8,2,2,exact anchor SAT sanity check (score 1.000),True,variants/generated_xor_chain_8_original.blif,variants/generated_xor_chain_8_refactor_z.blif
generated_xor_chain_8,resub,new_n10,1,new_n10,1.0,1.0,1.0,1.0,1,1,1,exact_anchor,1,1,256,1,637f67ae1c9dfdbe,637f67ae1c9dfdbe,2,2,2,2,exact anchor SAT sanity check (score 1.000),True,variants/generated_xor_chain_8_original.blif,variants/generated_xor_chain_8_resub.blif
generated_xor_chain_8,resub,new_n11,1,new_n11,1.0,1.0,1.0,1.0,1,1,1,exact_anchor,1,1,256,1,d56677dd6f6059d5,d56677dd6f6059d5,2,2,2,2,exact anchor SAT sanity check (score 1.000),True,variants/generated_xor_chain_8_original.blif,variants/generated_xor_chain_8_resub.blif
generated_xor_chain_8,resub,new_n12,1,new_n12,1.0,1.0,1.0,1.0,2,2,1,exact_anchor,1,1,256,1,09b888d8cb3ab0db,09b888d8cb3ab0db,2,2,2,2,exact anchor SAT sanity check (score 1.000),True,variants/generated_xor_chain_8_original.blif,variants/generated_xor_chain_8_resub.blif
generated_xor_chain_8,resub,new_n13,1,new_n13,1.0,1.0,1.0,1.0,3,3,1,exact_anchor,1,1,256,1,fe4c3e917eceb448,fe4c3e917eceb448,3,3,2,2,exact anchor SAT sanity check (score 1.000),True,variants/generated_xor_chain_8_original.blif,variants/generated_xor_chain_8_resub.blif
generated_xor_chain_8,resub,new_n14,1,new_n14,1.0,1.0,1.0,1.0,3,3,1,exact_anchor,1,1,256,1,51b5d61c962603b9,51b5d61c962603b9,3,3,2,2,exact anchor SAT sanity check (score 1.000),True,variants/generated_xor_chain_8_original.blif,variants/generated_xor_chain_8_resub.blif
generated_xor_chain_8,resub,new_n15,1,new_n15,1.0,1.0,1.0,1.0,4,4,1,exact_anchor,1,1,256,1,36603df689239e08,36603df689239e08,3,3,2,2,exact anchor SAT sanity check (score 1.000),True,variants/generated_xor_chain_8_original.blif,variants/generated_xor_chain_8_resub.blif
generated_xor_chain_8,resub,new_n16,1,new_n16,1.0,1.0,1.0,1.0,5,5,1,exact_anchor,1,1,256,1,03386f3ae603fd33,03386f3ae603fd33,4,4,2,2,exact anchor SAT sanity check (score 1.000),True,variants/generated_xor_chain_8_original.blif,variants/generated_xor_chain_8_resub.blif
generated_xor_chain_8,resub,new_n17,1,new_n17,1.0,1.0,1.0,1.0,5,5,1,exact_anchor,1,1,256,1,1aeec1444cbbb06f,1aeec1444cbbb06f,4,4,2,2,exact anchor SAT sanity check (score 1.000),True,variants/generated_xor_chain_8_original.blif,variants/generated_xor_chain_8_resub.blif
generated_xor_chain_8,resub,new_n18,1,new_n18,1.0,1.0,1.0,1.0,6,6,1,exact_anchor,1,1,256,1,dd6d16081d832484,dd6d16081d832484,4,4,2,2,exact anchor SAT sanity check (score 1.000),True,variants/generated_xor_chain_8_original.blif,variants/generated_xor_chain_8_resub.blif
generated_xor_chain_8,resub,new_n19,1,new_n19,1.0,1.0,1.0,1.0,7,7,1,exact_anchor,1,1,256,1,1d275c732a06f389,1d275c732a06f389,5,5,2,2,exact anchor SAT sanity check (score 1.000),True,variants/generated_xor_chain_8_original.blif,variants/generated_xor_chain_8_resub.blif
generated_xor_chain_8,resub,new_n20,1,new_n20,1.0,1.0,1.0,1.0,7,7,1,exact_anchor,1,1,256,1,ac8814dd1601f85d,ac8814dd1601f85d,5,5,2,2,exact anchor SAT sanity check (score 1.000),True,variants/generated_xor_chain_8_original.blif,variants/generated_xor_chain_8_resub.blif
generated_xor_chain_8,resub,new_n21,1,new_n21,1.0,1.0,1.0,1.0,8,8,1,exact_anchor,1,1,256,1,a3560472f073806b,a3560472f073806b,5,5,2,2,exact anchor SAT sanity check (score 1.000),True,variants/generated_xor_chain_8_original.blif,variants/generated_xor_chain_8_resub.blif
generated_xor_chain_8,resub,new_n22,1,new_n22,1.0,1.0,1.0,1.0,9,9,1,exact_anchor,1,1,256,1,a60bc805ecfd5b86,a60bc805ecfd5b86,6,6,2,2,exact anchor SAT sanity check (score 1.000),True,variants/generated_xor_chain_8_original.blif,variants/generated_xor_chain_8_resub.blif
generated_xor_chain_8,resub,new_n23,1,new_n23,1.0,1.0,1.0,1.0,9,9,1,exact_anchor,1,1,256,1,f553080ca41735a0,f553080ca41735a0,6,6,2,2,exact anchor SAT sanity check (score 1.000),True,variants/generated_xor_chain_8_original.blif,variants/generated_xor_chain_8_resub.blif
generated_xor_chain_8,resub,new_n24,1,new_n24,1.0,1.0,1.0,1.0,10,10,1,exact_anchor,1,1,256,1,c25b28be06df6209,c25b28be06df6209,6,6,2,2,exact anchor SAT sanity check (score 1.000),True,variants/generated_xor_chain_8_original.blif,variants/generated_xor_chain_8_resub.blif
generated_xor_chain_8,resub,new_n25,1,new_n25,1.0,1.0,1.0,1.0,11,11,1,exact_anchor,1,1,256,1,867e38df1472b830,867e38df1472b830,7,7,2,2,exact anchor SAT sanity check (score 1.000),True,variants/generated_xor_chain_8_original.blif,variants/generated_xor_chain_8_resub.blif
generated_xor_chain_8,resub,new_n26,1,new_n26,1.0,1.0,1.0,1.0,11,11,1,exact_anchor,1,1,256,1,08145557d8044c4d,08145557d8044c4d,7,7,2,2,exact anchor SAT sanity check (score 1.000),True,variants/generated_xor_chain_8_original.blif,variants/generated_xor_chain_8_resub.blif
generated_xor_chain_8,resub,new_n27,1,new_n27,1.0,1.0,1.0,1.0,12,12,1,exact_anchor,1,1,256,1,e3828b09f574f32b,e3828b09f574f32b,7,7,2,2,exact anchor SAT sanity check (score 1.000),True,variants/generated_xor_chain_8_original.blif,variants/generated_xor_chain_8_resub.blif
generated_xor_chain_8,resub,new_n28,1,new_n28,1.0,1.0,1.0,1.0,13,13,1,exact_anchor,1,1,256,1,2adf249f0c7313de,2adf249f0c7313de,8,8,2,2,exact anchor SAT sanity check (score 1.000),True,variants/generated_xor_chain_8_original.blif,variants/generated_xor_chain_8_resub.blif
generated_xor_chain_8,resub,new_n29,1,new_n29,1.0,1.0,1.0,1.0,13,13,1,exact_anchor,1,1,256,1,5991376c2f5a7562,5991376c2f5a7562,8,8,2,2,exact anchor SAT sanity check (score 1.000),True,variants/generated_xor_chain_8_original.blif,variants/generated_xor_chain_8_resub.blif
generated_xor_chain_8,resyn,new_n10,1,new_n10,1.0,1.0,1.0,1.0,1,1,1,exact_anchor,1,1,256,1,637f67ae1c9dfdbe,637f67ae1c9dfdbe,2,2,2,2,exact anchor SAT sanity check (score 1.000),True,variants/generated_xor_chain_8_original.blif,variants/generated_xor_chain_8_resyn.blif
generated_xor_chain_8,resyn,new_n11,1,new_n11,1.0,1.0,1.0,1.0,1,1,1,exact_anchor,1,1,256,1,d56677dd6f6059d5,d56677dd6f6059d5,2,2,2,2,exact anchor SAT sanity check (score 1.000),True,variants/generated_xor_chain_8_original.blif,variants/generated_xor_chain_8_resyn.blif
generated_xor_chain_8,resyn,new_n12,1,new_n12,1.0,1.0,1.0,1.0,2,2,1,exact_anchor,1,1,256,1,09b888d8cb3ab0db,09b888d8cb3ab0db,2,2,2,2,exact anchor SAT sanity check (score 1.000),True,variants/generated_xor_chain_8_original.blif,variants/generated_xor_chain_8_resyn.blif
generated_xor_chain_8,rewrite,new_n10,1,new_n10,1.0,1.0,1.0,1.0,1,1,1,exact_anchor,1,1,256,1,637f67ae1c9dfdbe,637f67ae1c9dfdbe,2,2,2,2,exact anchor SAT sanity check (score 1.000),True,variants/generated_xor_chain_8_original.blif,variants/generated_xor_chain_8_rewrite.blif
generated_xor_chain_8,rewrite,new_n11,1,new_n11,1.0,1.0,1.0,1.0,1,1,1,exact_anchor,1,1,256,1,d56677dd6f6059d5,d56677dd6f6059d5,2,2,2,2,exact anchor SAT sanity check (score 1.000),True,variants/generated_xor_chain_8_original.blif,variants/generated_xor_chain_8_rewrite.blif
generated_xor_chain_8,rewrite,new_n12,1,new_n12,1.0,1.0,1.0,1.0,2,2,1,exact_anchor,1,1,256,1,09b888d8cb3ab0db,09b888d8cb3ab0db,2,2,2,2,exact anchor SAT sanity check (score 1.000),True,variants/generated_xor_chain_8_original.blif,variants/generated_xor_chain_8_rewrite.blif
generated_xor_chain_8,rewrite,new_n13,1,new_n13,1.0,1.0,1.0,1.0,3,3,1,exact_anchor,1,1,256,1,fe4c3e917eceb448,fe4c3e917eceb448,3,3,2,2,exact anchor SAT sanity check (score 1.000),True,variants/generated_xor_chain_8_original.blif,variants/generated_xor_chain_8_rewrite.blif
generated_xor_chain_8,rewrite,new_n14,1,new_n14,1.0,1.0,1.0,1.0,3,3,1,exact_anchor,1,1,256,1,51b5d61c962603b9,51b5d61c962603b9,3,3,2,2,exact anchor SAT sanity check (score 1.000),True,variants/generated_xor_chain_8_original.blif,variants/generated_xor_chain_8_rewrite.blif
generated_xor_chain_8,rewrite,new_n15,1,new_n15,1.0,1.0,1.0,1.0,4,4,1,exact_anchor,1,1,256,1,36603df689239e08,36603df689239e08,3,3,2,2,exact anchor SAT sanity check (score 1.000),True,variants/generated_xor_chain_8_original.blif,variants/generated_xor_chain_8_rewrite.blif
generated_xor_chain_8,rewrite,new_n16,1,new_n16,1.0,1.0,1.0,1.0,5,5,1,exact_anchor,1,1,256,1,03386f3ae603fd33,03386f3ae603fd33,4,4,2,2,exact anchor SAT sanity check (score 1.000),True,variants/generated_xor_chain_8_original.blif,variants/generated_xor_chain_8_rewrite.blif
generated_xor_chain_8,rewrite,new_n17,1,new_n17,1.0,1.0,1.0,1.0,5,5,1,exact_anchor,1,1,256,1,1aeec1444cbbb06f,1aeec1444cbbb06f,4,4,2,2,exact anchor SAT sanity check (score 1.000),True,variants/generated_xor_chain_8_original.blif,variants/generated_xor_chain_8_rewrite.blif
generated_xor_chain_8,rewrite,new_n18,1,new_n18,1.0,1.0,1.0,1.0,6,6,1,exact_anchor,1,1,256,1,dd6d16081d832484,dd6d16081d832484,4,4,2,2,exact anchor SAT sanity check (score 1.000),True,variants/generated_xor_chain_8_original.blif,variants/generated_xor_chain_8_rewrite.blif
generated_xor_chain_8,rewrite,new_n19,1,new_n19,1.0,1.0,1.0,1.0,7,7,1,exact_anchor,1,1,256,1,1d275c732a06f389,1d275c732a06f389,5,5,2,2,exact anchor SAT sanity check (score 1.000),True,variants/generated_xor_chain_8_original.blif,variants/generated_xor_chain_8_rewrite.blif
generated_xor_chain_8,rewrite,new_n20,1,new_n20,1.0,1.0,1.0,1.0,7,7,1,exact_anchor,1,1,256,1,ac8814dd1601f85d,ac8814dd1601f85d,5,5,2,2,exact anchor SAT sanity check (score 1.000),True,variants/generated_xor_chain_8_original.blif,variants/generated_xor_chain_8_rewrite.blif
generated_xor_chain_8,rewrite,new_n21,1,new_n21,1.0,1.0,1.0,1.0,8,8,1,exact_anchor,1,1,256,1,a3560472f073806b,a3560472f073806b,5,5,2,2,exact anchor SAT sanity check (score 1.000),True,variants/generated_xor_chain_8_original.blif,variants/generated_xor_chain_8_rewrite.blif
generated_xor_chain_8,rewrite,new_n22,1,new_n22,1.0,1.0,1.0,1.0,9,9,1,exact_anchor,1,1,256,1,a60bc805ecfd5b86,a60bc805ecfd5b86,6,6,2,2,exact anchor SAT sanity check (score 1.000),True,variants/generated_xor_chain_8_original.blif,variants/generated_xor_chain_8_rewrite.blif
generated_xor_chain_8,rewrite,new_n23,1,new_n23,1.0,1.0,1.0,1.0,9,9,1,exact_anchor,1,1,256,1,f553080ca41735a0,f553080ca41735a0,6,6,2,2,exact anchor SAT sanity check (score 1.000),True,variants/generated_xor_chain_8_original.blif,variants/generated_xor_chain_8_rewrite.blif
generated_xor_chain_8,rewrite,new_n24,1,new_n24,1.0,1.0,1.0,1.0,10,10,1,exact_anchor,1,1,256,1,c25b28be06df6209,c25b28be06df6209,6,6,2,2,exact anchor SAT sanity check (score 1.000),True,variants/generated_xor_chain_8_original.blif,variants/generated_xor_chain_8_rewrite.blif
generated_xor_chain_8,rewrite,new_n25,1,new_n25,1.0,1.0,1.0,1.0,11,11,1,exact_anchor,1,1,256,1,867e38df1472b830,867e38df1472b830,7,7,2,2,exact anchor SAT sanity check (score 1.000),True,variants/generated_xor_chain_8_original.blif,variants/generated_xor_chain_8_rewrite.blif
generated_xor_chain_8,rewrite,new_n26,1,new_n26,1.0,1.0,1.0,1.0,11,11,1,exact_anchor,1,1,256,1,08145557d8044c4d,08145557d8044c4d,7,7,2,2,exact anchor SAT sanity check (score 1.000),True,variants/generated_xor_chain_8_original.blif,variants/generated_xor_chain_8_rewrite.blif
generated_xor_chain_8,rewrite,new_n27,1,new_n27,1.0,1.0,1.0,1.0,12,12,1,exact_anchor,1,1,256,1,e3828b09f574f32b,e3828b09f574f32b,7,7,2,2,exact anchor SAT sanity check (score 1.000),True,variants/generated_xor_chain_8_original.blif,variants/generated_xor_chain_8_rewrite.blif
generated_xor_chain_8,rewrite,new_n28,1,new_n28,1.0,1.0,1.0,1.0,13,13,1,exact_anchor,1,1,256,1,2adf249f0c7313de,2adf249f0c7313de,8,8,2,2,exact anchor SAT sanity check (score 1.000),True,variants/generated_xor_chain_8_original.blif,variants/generated_xor_chain_8_rewrite.blif
generated_xor_chain_8,rewrite,new_n29,1,new_n29,1.0,1.0,1.0,1.0,13,13,1,exact_anchor,1,1,256,1,5991376c2f5a7562,5991376c2f5a7562,8,8,2,2,exact anchor SAT sanity check (score 1.000),True,variants/generated_xor_chain_8_original.blif,variants/generated_xor_chain_8_rewrite.blif
generated_xor_chain_8,rewrite_z,new_n10,1,new_n10,1.0,1.0,1.0,1.0,1,1,1,exact_anchor,1,1,256,1,637f67ae1c9dfdbe,637f67ae1c9dfdbe,2,2,2,2,exact anchor SAT sanity check (score 1.000),True,variants/generated_xor_chain_8_original.blif,variants/generated_xor_chain_8_rewrite_z.blif
generated_xor_chain_8,rewrite_z,new_n11,1,new_n11,1.0,1.0,1.0,1.0,1,1,1,exact_anchor,1,1,256,1,d56677dd6f6059d5,d56677dd6f6059d5,2,2,2,2,exact anchor SAT sanity check (score 1.000),True,variants/generated_xor_chain_8_original.blif,variants/generated_xor_chain_8_rewrite_z.blif
generated_xor_chain_8,rewrite_z,new_n12,1,new_n12,1.0,1.0,1.0,1.0,2,2,1,exact_anchor,1,1,256,1,09b888d8cb3ab0db,09b888d8cb3ab0db,2,2,2,2,exact anchor SAT sanity check (score 1.000),True,variants/generated_xor_chain_8_original.blif,variants/generated_xor_chain_8_rewrite_z.blif
majority3,balance,new_n5,1,new_n7,1.0,1.0,1.0,1.0,1,1,1,exact_anchor,1,1,8,1,3cc43bfbadb9f937,3cc43bfbadb9f937,2,2,2,2,exact anchor SAT sanity check (score 1.000),True,variants/majority3_original.blif,variants/majority3_balance.blif
majority3,balance,new_n6,1,new_n5,1.0,1.0,1.0,1.0,1,1,1,exact_anchor,1,1,8,1,4b25162f97402510,4b25162f97402510,2,2,2,2,exact anchor SAT sanity check (score 1.000),True,variants/majority3_original.blif,variants/majority3_balance.blif
majority3,balance,new_n7,1,new_n6,1.0,1.0,1.0,1.0,1,1,1,exact_anchor,1,1,8,1,1d97b69ef057d218,1d97b69ef057d218,2,2,2,2,exact anchor SAT sanity check (score 1.000),True,variants/majority3_original.blif,variants/majority3_balance.blif
majority3,compress2rs,new_n6,1,new_n6,1.0,1.0,1.0,1.0,1,1,1,exact_anchor,1,1,8,1,1d97b69ef057d218,1d97b69ef057d218,2,2,2,2,exact anchor SAT sanity check (score 1.000),True,variants/majority3_original.blif,variants/majority3_compress2rs.blif
majority3,dc2,new_n6,1,new_n7,1.0,1.0,1.0,1.0,1,1,1,exact_anchor,1,1,8,1,3cc43bfbadb9f937,3cc43bfbadb9f937,2,2,2,2,exact anchor SAT sanity check (score 1.000),True,variants/majority3_original.blif,variants/majority3_dc2.blif
majority3,refactor,new_n5,1,new_n7,1.0,1.0,1.0,1.0,1,1,1,exact_anchor,1,1,8,1,3cc43bfbadb9f937,3cc43bfbadb9f937,2,2,2,2,exact anchor SAT sanity check (score 1.000),True,variants/majority3_original.blif,variants/majority3_refactor.blif
majority3,refactor_z,new_n6,1,new_n7,1.0,1.0,1.0,1.0,1,1,1,exact_anchor,1,1,8,1,3cc43bfbadb9f937,3cc43bfbadb9f937,2,2,2,2,exact anchor SAT sanity check (score 1.000),True,variants/majority3_original.blif,variants/majority3_refactor_z.blif
majority3,resub,new_n5,1,new_n7,1.0,1.0,1.0,1.0,1,1,1,exact_anchor,1,1,8,1,3cc43bfbadb9f937,3cc43bfbadb9f937,2,2,2,2,exact anchor SAT sanity check (score 1.000),True,variants/majority3_original.blif,variants/majority3_resub.blif
majority3,resub,new_n6,1,new_n5,1.0,1.0,1.0,1.0,1,1,1,exact_anchor,1,1,8,1,4b25162f97402510,4b25162f97402510,2,2,2,2,exact anchor SAT sanity check (score 1.000),True,variants/majority3_original.blif,variants/majority3_resub.blif
majority3,resub,new_n7,1,new_n6,1.0,1.0,1.0,1.0,1,1,1,exact_anchor,1,1,8,1,1d97b69ef057d218,1d97b69ef057d218,2,2,2,2,exact anchor SAT sanity check (score 1.000),True,variants/majority3_original.blif,variants/majority3_resub.blif
majority3,resub,new_n8,1,new_n8,1.0,1.0,1.0,1.0,2,2,1,exact_anchor,1,1,8,1,b61898c68531f6a1,b61898c68531f6a1,3,3,2,2,exact anchor SAT sanity check (score 1.000),True,variants/majority3_original.blif,variants/majority3_resub.blif
majority3,resyn,new_n5,1,new_n7,1.0,1.0,1.0,1.0,1,1,1,exact_anchor,1,1,8,1,3cc43bfbadb9f937,3cc43bfbadb9f937,2,2,2,2,exact anchor SAT sanity check (score 1.000),True,variants/majority3_original.blif,variants/majority3_resyn.blif
majority3,resyn,new_n6,1,new_n5,1.0,1.0,1.0,1.0,1,1,1,exact_anchor,1,1,8,1,4b25162f97402510,4b25162f97402510,2,2,2,2,exact anchor SAT sanity check (score 1.000),True,variants/majority3_original.blif,variants/majority3_resyn.blif
majority3,resyn,new_n7,1,new_n6,1.0,1.0,1.0,1.0,1,1,1,exact_anchor,1,1,8,1,1d97b69ef057d218,1d97b69ef057d218,2,2,2,2,exact anchor SAT sanity check (score 1.000),True,variants/majority3_original.blif,variants/majority3_resyn.blif
majority3,resyn2,new_n6,1,new_n6,1.0,1.0,1.0,1.0,1,1,1,exact_anchor,1,1,8,1,1d97b69ef057d218,1d97b69ef057d218,2,2,2,2,exact anchor SAT sanity check (score 1.000),True,variants/majority3_original.blif,variants/majority3_resyn2.blif
majority3,resyn2_like,new_n6,1,new_n6,1.0,1.0,1.0,1.0,1,1,1,exact_anchor,1,1,8,1,1d97b69ef057d218,1d97b69ef057d218,2,2,2,2,exact anchor SAT sanity check (score 1.000),True,variants/majority3_original.blif,variants/majority3_resyn2_like.blif
majority3,rewrite,new_n5,1,new_n7,1.0,1.0,1.0,1.0,1,1,1,exact_anchor,1,1,8,1,3cc43bfbadb9f937,3cc43bfbadb9f937,2,2,2,2,exact anchor SAT sanity check (score 1.000),True,variants/majority3_original.blif,variants/majority3_rewrite.blif
majority3,rewrite,new_n6,1,new_n5,1.0,1.0,1.0,1.0,1,1,1,exact_anchor,1,1,8,1,4b25162f97402510,4b25162f97402510,2,2,2,2,exact anchor SAT sanity check (score 1.000),True,variants/majority3_original.blif,variants/majority3_rewrite.blif
majority3,rewrite,new_n7,1,new_n6,1.0,1.0,1.0,1.0,1,1,1,exact_anchor,1,1,8,1,1d97b69ef057d218,1d97b69ef057d218,2,2,2,2,exact anchor SAT sanity check (score 1.000),True,variants/majority3_original.blif,variants/majority3_rewrite.blif
majority3,rewrite,new_n8,1,new_n8,1.0,1.0,1.0,1.0,2,2,1,exact_anchor,1,1,8,1,b61898c68531f6a1,b61898c68531f6a1,3,3,2,2,exact anchor SAT sanity check (score 1.000),True,variants/majority3_original.blif,variants/majority3_rewrite.blif
majority3,rewrite_z,new_n5,1,new_n6,1.0,1.0,1.0,1.0,1,1,1,exact_anchor,1,1,8,1,1d97b69ef057d218,1d97b69ef057d218,2,2,2,2,exact anchor SAT sanity check (score 1.000),True,variants/majority3_original.blif,variants/majority3_rewrite_z.blif
majority3,rewrite_z,new_n6,1,new_n5,1.0,1.0,1.0,1.0,1,1,1,exact_anchor,1,1,8,1,4b25162f97402510,4b25162f97402510,2,2,2,2,exact anchor SAT sanity check (score 1.000),True,variants/majority3_original.blif,variants/majority3_rewrite_z.blif
majority3,rewrite_z,new_n7,1,new_n7,1.0,1.0,1.0,1.0,1,1,1,exact_anchor,1,1,8,1,3cc43bfbadb9f937,3cc43bfbadb9f937,2,2,2,2,exact anchor SAT sanity check (score 1.000),True,variants/majority3_original.blif,variants/majority3_rewrite_z.blif
mux2,balance,new_n5,1,new_n5,1.0,1.0,1.0,1.0,1,1,1,exact_anchor,1,1,8,1,989b98f60edcb0f6,989b98f60edcb0f6,2,2,2,2,exact anchor SAT sanity check (score 1.000),True,variants/mux2_original.blif,variants/mux2_balance.blif
mux2,balance,new_n6,1,new_n6,1.0,1.0,1.0,1.0,1,1,1,exact_anchor,1,1,8,1,4743b815308fa714,4743b815308fa714,2,2,2,2,exact anchor SAT sanity check (score 1.000),True,variants/mux2_original.blif,variants/mux2_balance.blif
mux2,refactor,new_n5,1,new_n5,1.0,1.0,1.0,1.0,1,1,1,exact_anchor,1,1,8,1,989b98f60edcb0f6,989b98f60edcb0f6,2,2,2,2,exact anchor SAT sanity check (score 1.000),True,variants/mux2_original.blif,variants/mux2_refactor.blif
mux2,refactor,new_n6,1,new_n6,1.0,1.0,1.0,1.0,1,1,1,exact_anchor,1,1,8,1,4743b815308fa714,4743b815308fa714,2,2,2,2,exact anchor SAT sanity check (score 1.000),True,variants/mux2_original.blif,variants/mux2_refactor.blif
mux2,resub,new_n5,1,new_n5,1.0,1.0,1.0,1.0,1,1,1,exact_anchor,1,1,8,1,989b98f60edcb0f6,989b98f60edcb0f6,2,2,2,2,exact anchor SAT sanity check (score 1.000),True,variants/mux2_original.blif,variants/mux2_resub.blif
mux2,resub,new_n6,1,new_n6,1.0,1.0,1.0,1.0,1,1,1,exact_anchor,1,1,8,1,4743b815308fa714,4743b815308fa714,2,2,2,2,exact anchor SAT sanity check (score 1.000),True,variants/mux2_original.blif,variants/mux2_resub.blif
mux2,resyn,new_n5,1,new_n5,1.0,1.0,1.0,1.0,1,1,1,exact_anchor,1,1,8,1,989b98f60edcb0f6,989b98f60edcb0f6,2,2,2,2,exact anchor SAT sanity check (score 1.000),True,variants/mux2_original.blif,variants/mux2_resyn.blif
mux2,resyn,new_n6,1,new_n6,1.0,1.0,1.0,1.0,1,1,1,exact_anchor,1,1,8,1,4743b815308fa714,4743b815308fa714,2,2,2,2,exact anchor SAT sanity check (score 1.000),True,variants/mux2_original.blif,variants/mux2_resyn.blif
mux2,rewrite,new_n5,1,new_n5,1.0,1.0,1.0,1.0,1,1,1,exact_anchor,1,1,8,1,989b98f60edcb0f6,989b98f60edcb0f6,2,2,2,2,exact anchor SAT sanity check (score 1.000),True,variants/mux2_original.blif,variants/mux2_rewrite.blif
mux2,rewrite,new_n6,1,new_n6,1.0,1.0,1.0,1.0,1,1,1,exact_anchor,1,1,8,1,4743b815308fa714,4743b815308fa714,2,2,2,2,exact anchor SAT sanity check (score 1.000),True,variants/mux2_original.blif,variants/mux2_rewrite.blif
mux2,rewrite_z,new_n5,1,new_n5,1.0,1.0,1.0,1.0,1,1,1,exact_anchor,1,1,8,1,989b98f60edcb0f6,989b98f60edcb0f6,2,2,2,2,exact anchor SAT sanity check (score 1.000),True,variants/mux2_original.blif,variants/mux2_rewrite_z.blif
mux2,rewrite_z,new_n6,1,new_n6,1.0,1.0,1.0,1.0,1,1,1,exact_anchor,1,1,8,1,4743b815308fa714,4743b815308fa714,2,2,2,2,exact anchor SAT sanity check (score 1.000),True,variants/mux2_original.blif,variants/mux2_rewrite_z.blif
real_hand_written_comparator_4,balance,new_n10,1,new_n19,1.0,1.0,1.0,1.0,1,1,1,exact_anchor,1,1,256,1,8ee32552c03d805f,8ee32552c03d805f,2,2,2,2,exact anchor SAT sanity check (score 1.000),True,variants/real_hand_written_comparator_4_original.blif,variants/real_hand_written_comparator_4_balance.blif
real_hand_written_comparator_4,balance,new_n11,1,new_n20,1.0,1.0,1.0,1.0,1,1,1,exact_anchor,1,1,256,1,d8bea44485a01379,d8bea44485a01379,2,2,2,2,exact anchor SAT sanity check (score 1.000),True,variants/real_hand_written_comparator_4_original.blif,variants/real_hand_written_comparator_4_balance.blif
real_hand_written_comparator_4,balance,new_n12,1,new_n16,1.0,1.0,1.0,1.0,1,1,1,exact_anchor,1,1,256,1,59d67c060a80d2b4,59d67c060a80d2b4,2,2,2,2,exact anchor SAT sanity check (score 1.000),True,variants/real_hand_written_comparator_4_original.blif,variants/real_hand_written_comparator_4_balance.blif
real_hand_written_comparator_4,balance,new_n13,1,new_n17,1.0,1.0,1.0,1.0,1,1,1,exact_anchor,1,1,256,1,5b88da6ac27b918c,5b88da6ac27b918c,2,2,2,2,exact anchor SAT sanity check (score 1.000),True,variants/real_hand_written_comparator_4_original.blif,variants/real_hand_written_comparator_4_balance.blif
real_hand_written_comparator_4,balance,new_n14,1,new_n10,1.0,1.0,1.0,1.0,1,1,1,exact_anchor,1,1,256,1,36df4b7782097a46,36df4b7782097a46,2,2,2,2,exact anchor SAT sanity check (score 1.000),True,variants/real_hand_written_comparator_4_original.blif,variants/real_hand_written_comparator_4_balance.blif
real_hand_written_comparator_4,balance,new_n15,1,new_n11,1.0,1.0,1.0,1.0,1,1,1,exact_anchor,1,1,256,1,f1efe3b362dd8938,f1efe3b362dd8938,2,2,2,2,exact anchor SAT sanity check (score 1.000),True,variants/real_hand_written_comparator_4_original.blif,variants/real_hand_written_comparator_4_balance.blif
real_hand_written_comparator_4,balance,new_n16,1,new_n13,1.0,1.0,1.0,1.0,1,1,1,exact_anchor,1,1,256,1,72226fa2207e9641,72226fa2207e9641,2,2,2,2,exact anchor SAT sanity check (score 1.000),True,variants/real_hand_written_comparator_4_original.blif,variants/real_hand_written_comparator_4_balance.blif
real_hand_written_comparator_4,balance,new_n17,1,new_n14,1.0,1.0,1.0,1.0,1,1,1,exact_anchor,1,1,256,1,1cbcd396469d7c8f,1cbcd396469d7c8f,2,2,2,2,exact anchor SAT sanity check (score 1.000),True,variants/real_hand_written_comparator_4_original.blif,variants/real_hand_written_comparator_4_balance.blif
real_hand_written_comparator_4,balance,new_n18,1,new_n21,1.0,1.0,1.0,1.0,2,2,1,exact_anchor,1,1,256,1,89a47a033ab82eed,89a47a033ab82eed,2,2,2,2,exact anchor SAT sanity check (score 1.000),True,variants/real_hand_written_comparator_4_original.blif,variants/real_hand_written_comparator_4_balance.blif
real_hand_written_comparator_4,balance,new_n19,1,new_n18,1.0,1.0,1.0,1.0,2,2,1,exact_anchor,1,1,256,1,d928b808ef4c5558,d928b808ef4c5558,2,2,2,2,exact anchor SAT sanity check (score 1.000),True,variants/real_hand_written_comparator_4_original.blif,variants/real_hand_written_comparator_4_balance.blif
real_hand_written_comparator_4,balance,new_n20,1,new_n12,1.0,1.0,1.0,1.0,2,2,1,exact_anchor,1,1,256,1,48bfcec85d9afda6,48bfcec85d9afda6,2,2,2,2,exact anchor SAT sanity check (score 1.000),True,variants/real_hand_written_comparator_4_original.blif,variants/real_hand_written_comparator_4_balance.blif
real_hand_written_comparator_4,balance,new_n21,1,new_n15,1.0,1.0,1.0,1.0,2,2,1,exact_anchor,1,1,256,1,13dbe9d297e17c4f,13dbe9d297e17c4f,2,2,2,2,exact anchor SAT sanity check (score 1.000),True,variants/real_hand_written_comparator_4_original.blif,variants/real_hand_written_comparator_4_balance.blif
real_hand_written_comparator_4,balance,new_n22,1,new_n22,1.0,1.0,1.0,1.0,3,3,1,exact_anchor,1,1,256,1,43d73a59470713c9,43d73a59470713c9,4,4,2,2,exact anchor SAT sanity check (score 1.000),True,variants/real_hand_written_comparator_4_original.blif,variants/real_hand_written_comparator_4_balance.blif
real_hand_written_comparator_4,compress2rs,new_n10,1,new_n14,1.0,1.0,1.0,1.0,1,1,1,exact_anchor,1,1,256,1,1cbcd396469d7c8f,1cbcd396469d7c8f,2,2,2,2,exact anchor SAT sanity check (score 1.000),True,variants/real_hand_written_comparator_4_original.blif,variants/real_hand_written_comparator_4_compress2rs.blif
real_hand_written_comparator_4,compress2rs,new_n11,1,new_n13,1.0,1.0,1.0,1.0,1,1,1,exact_anchor,1,1,256,1,72226fa2207e9641,72226fa2207e9641,2,2,2,2,exact anchor SAT sanity check (score 1.000),True,variants/real_hand_written_comparator_4_original.blif,variants/real_hand_written_comparator_4_compress2rs.blif
real_hand_written_comparator_4,compress2rs,new_n12,1,new_n11,1.0,1.0,1.0,1.0,1,1,1,exact_anchor,1,1,256,1,f1efe3b362dd8938,f1efe3b362dd8938,2,2,2,2,exact anchor SAT sanity check (score 1.000),True,variants/real_hand_written_comparator_4_original.blif,variants/real_hand_written_comparator_4_compress2rs.blif
real_hand_written_comparator_4,compress2rs,new_n13,1,new_n10,1.0,1.0,1.0,1.0,1,1,1,exact_anchor,1,1,256,1,36df4b7782097a46,36df4b7782097a46,2,2,2,2,exact anchor SAT sanity check (score 1.000),True,variants/real_hand_written_comparator_4_original.blif,variants/real_hand_written_comparator_4_compress2rs.blif
real_hand_written_comparator_4,compress2rs,new_n14,1,new_n17,1.0,1.0,1.0,1.0,1,1,1,exact_anchor,1,1,256,1,5b88da6ac27b918c,5b88da6ac27b918c,2,2,2,2,exact anchor SAT sanity check (score 1.000),True,variants/real_hand_written_comparator_4_original.blif,variants/real_hand_written_comparator_4_compress2rs.blif
real_hand_written_comparator_4,compress2rs,new_n15,1,new_n16,1.0,1.0,1.0,1.0,1,1,1,exact_anchor,1,1,256,1,59d67c060a80d2b4,59d67c060a80d2b4,2,2,2,2,exact anchor SAT sanity check (score 1.000),True,variants/real_hand_written_comparator_4_original.blif,variants/real_hand_written_comparator_4_compress2rs.blif
real_hand_written_comparator_4,compress2rs,new_n16,1,new_n20,1.0,1.0,1.0,1.0,1,1,1,exact_anchor,1,1,256,1,d8bea44485a01379,d8bea44485a01379,2,2,2,2,exact anchor SAT sanity check (score 1.000),True,variants/real_hand_written_comparator_4_original.blif,variants/real_hand_written_comparator_4_compress2rs.blif
real_hand_written_comparator_4,compress2rs,new_n17,1,new_n19,1.0,1.0,1.0,1.0,1,1,1,exact_anchor,1,1,256,1,8ee32552c03d805f,8ee32552c03d805f,2,2,2,2,exact anchor SAT sanity check (score 1.000),True,variants/real_hand_written_comparator_4_original.blif,variants/real_hand_written_comparator_4_compress2rs.blif
real_hand_written_comparator_4,compress2rs,new_n18,1,new_n15,1.0,1.0,1.0,1.0,2,2,1,exact_anchor,1,1,256,1,13dbe9d297e17c4f,13dbe9d297e17c4f,2,2,2,2,exact anchor SAT sanity check (score 1.000),True,variants/real_hand_written_comparator_4_original.blif,variants/real_hand_written_comparator_4_compress2rs.blif
real_hand_written_comparator_4,compress2rs,new_n19,1,new_n12,1.0,1.0,1.0,1.0,2,2,1,exact_anchor,1,1,256,1,48bfcec85d9afda6,48bfcec85d9afda6,2,2,2,2,exact anchor SAT sanity check (score 1.000),True,variants/real_hand_written_comparator_4_original.blif,variants/real_hand_written_comparator_4_compress2rs.blif
real_hand_written_comparator_4,compress2rs,new_n20,1,new_n18,1.0,1.0,1.0,1.0,2,2,1,exact_anchor,1,1,256,1,d928b808ef4c5558,d928b808ef4c5558,2,2,2,2,exact anchor SAT sanity check (score 1.000),True,variants/real_hand_written_comparator_4_original.blif,variants/real_hand_written_comparator_4_compress2rs.blif
real_hand_written_comparator_4,compress2rs,new_n21,1,new_n21,1.0,1.0,1.0,1.0,2,2,1,exact_anchor,1,1,256,1,89a47a033ab82eed,89a47a033ab82eed,2,2,2,2,exact anchor SAT sanity check (score 1.000),True,variants/real_hand_written_comparator_4_original.blif,variants/real_hand_written_comparator_4_compress2rs.blif
real_hand_written_comparator_4,compress2rs,new_n23,1,new_n22,1.0,1.0,1.0,1.0,3,3,1,exact_anchor,1,1,256,1,43d73a59470713c9,43d73a59470713c9,4,4,2,2,exact anchor SAT sanity check (score 1.000),True,variants/real_hand_written_comparator_4_original.blif,variants/real_hand_written_comparator_4_compress2rs.blif
real_hand_written_comparator_4,dc2,new_n10,1,new_n17,1.0,1.0,1.0,1.0,1,1,1,exact_anchor,1,1,256,1,5b88da6ac27b918c,5b88da6ac27b918c,2,2,2,2,exact anchor SAT sanity check (score 1.000),True,variants/real_hand_written_comparator_4_original.blif,variants/real_hand_written_comparator_4_dc2.blif
real_hand_written_comparator_4,dc2,new_n11,1,new_n16,1.0,1.0,1.0,1.0,1,1,1,exact_anchor,1,1,256,1,59d67c060a80d2b4,59d67c060a80d2b4,2,2,2,2,exact anchor SAT sanity check (score 1.000),True,variants/real_hand_written_comparator_4_original.blif,variants/real_hand_written_comparator_4_dc2.blif
real_hand_written_comparator_4,dc2,new_n12,1,new_n18,1.0,1.0,1.0,1.0,2,2,1,exact_anchor,1,1,256,1,d928b808ef4c5558,d928b808ef4c5558,2,2,2,2,exact anchor SAT sanity check (score 1.000),True,variants/real_hand_written_comparator_4_original.blif,variants/real_hand_written_comparator_4_dc2.blif
real_hand_written_comparator_4,dc2,new_n17,1,new_n11,1.0,1.0,1.0,1.0,1,1,1,exact_anchor,1,1,256,1,f1efe3b362dd8938,f1efe3b362dd8938,2,2,2,2,exact anchor SAT sanity check (score 1.000),True,variants/real_hand_written_comparator_4_original.blif,variants/real_hand_written_comparator_4_dc2.blif
real_hand_written_comparator_4,dc2,new_n18,1,new_n10,1.0,1.0,1.0,1.0,1,1,1,exact_anchor,1,1,256,1,36df4b7782097a46,36df4b7782097a46,2,2,2,2,exact anchor SAT sanity check (score 1.000),True,variants/real_hand_written_comparator_4_original.blif,variants/real_hand_written_comparator_4_dc2.blif
real_hand_written_comparator_4,dc2,new_n19,1,new_n12,1.0,1.0,1.0,1.0,2,2,1,exact_anchor,1,1,256,1,48bfcec85d9afda6,48bfcec85d9afda6,2,2,2,2,exact anchor SAT sanity check (score 1.000),True,variants/real_hand_written_comparator_4_original.blif,variants/real_hand_written_comparator_4_dc2.blif
real_hand_written_comparator_4,dc2,new_n20,1,new_n13,1.0,1.0,1.0,1.0,1,1,1,exact_anchor,1,1,256,1,72226fa2207e9641,72226fa2207e9641,2,2,2,2,exact anchor SAT sanity check (score 1.000),True,variants/real_hand_written_comparator_4_original.blif,variants/real_hand_written_comparator_4_dc2.blif
real_hand_written_comparator_4,dc2,new_n21,1,new_n14,1.0,1.0,1.0,1.0,1,1,1,exact_anchor,1,1,256,1,1cbcd396469d7c8f,1cbcd396469d7c8f,2,2,2,2,exact anchor SAT sanity check (score 1.000),True,variants/real_hand_written_comparator_4_original.blif,variants/real_hand_written_comparator_4_dc2.blif
real_hand_written_comparator_4,dc2,new_n22,1,new_n15,1.0,1.0,1.0,1.0,2,2,1,exact_anchor,1,1,256,1,13dbe9d297e17c4f,13dbe9d297e17c4f,2,2,2,2,exact anchor SAT sanity check (score 1.000),True,variants/real_hand_written_comparator_4_original.blif,variants/real_hand_written_comparator_4_dc2.blif
real_hand_written_comparator_4,dc2,new_n23,1,new_n22,1.0,1.0,1.0,1.0,3,3,1,exact_anchor,1,1,256,1,43d73a59470713c9,43d73a59470713c9,4,4,2,2,exact anchor SAT sanity check (score 1.000),True,variants/real_hand_written_comparator_4_original.blif,variants/real_hand_written_comparator_4_dc2.blif
real_hand_written_comparator_4,refactor,new_n10,1,new_n19,1.0,1.0,1.0,1.0,1,1,1,exact_anchor,1,1,256,1,8ee32552c03d805f,8ee32552c03d805f,2,2,2,2,exact anchor SAT sanity check (score 1.000),True,variants/real_hand_written_comparator_4_original.blif,variants/real_hand_written_comparator_4_refactor.blif
real_hand_written_comparator_4,refactor,new_n11,1,new_n20,1.0,1.0,1.0,1.0,1,1,1,exact_anchor,1,1,256,1,d8bea44485a01379,d8bea44485a01379,2,2,2,2,exact anchor SAT sanity check (score 1.000),True,variants/real_hand_written_comparator_4_original.blif,variants/real_hand_written_comparator_4_refactor.blif
real_hand_written_comparator_4,refactor,new_n12,1,new_n21,1.0,1.0,1.0,1.0,2,2,1,exact_anchor,1,1,256,1,89a47a033ab82eed,89a47a033ab82eed,2,2,2,2,exact anchor SAT sanity check (score 1.000),True,variants/real_hand_written_comparator_4_original.blif,variants/real_hand_written_comparator_4_refactor.blif
real_hand_written_comparator_4,refactor,new_n13,1,new_n16,1.0,1.0,1.0,1.0,1,1,1,exact_anchor,1,1,256,1,59d67c060a80d2b4,59d67c060a80d2b4,2,2,2,2,exact anchor SAT sanity check (score 1.000),True,variants/real_hand_written_comparator_4_original.blif,variants/real_hand_written_comparator_4_refactor.blif
real_hand_written_comparator_4,refactor,new_n14,1,new_n17,1.0,1.0,1.0,1.0,1,1,1,exact_anchor,1,1,256,1,5b88da6ac27b918c,5b88da6ac27b918c,2,2,2,2,exact anchor SAT sanity check (score 1.000),True,variants/real_hand_written_comparator_4_original.blif,variants/real_hand_written_comparator_4_refactor.blif
real_hand_written_comparator_4,refactor,new_n15,1,new_n18,1.0,1.0,1.0,1.0,2,2,1,exact_anchor,1,1,256,1,d928b808ef4c5558,d928b808ef4c5558,2,2,2,2,exact anchor SAT sanity check (score 1.000),True,variants/real_hand_written_comparator_4_original.blif,variants/real_hand_written_comparator_4_refactor.blif
real_hand_written_comparator_4,refactor,new_n16,1,new_n10,1.0,1.0,1.0,1.0,1,1,1,exact_anchor,1,1,256,1,36df4b7782097a46,36df4b7782097a46,2,2,2,2,exact anchor SAT sanity check (score 1.000),True,variants/real_hand_written_comparator_4_original.blif,variants/real_hand_written_comparator_4_refactor.blif
real_hand_written_comparator_4,refactor,new_n17,1,new_n11,1.0,1.0,1.0,1.0,1,1,1,exact_anchor,1,1,256,1,f1efe3b362dd8938,f1efe3b362dd8938,2,2,2,2,exact anchor SAT sanity check (score 1.000),True,variants/real_hand_written_comparator_4_original.blif,variants/real_hand_written_comparator_4_refactor.blif
real_hand_written_comparator_4,refactor,new_n18,1,new_n12,1.0,1.0,1.0,1.0,2,2,1,exact_anchor,1,1,256,1,48bfcec85d9afda6,48bfcec85d9afda6,2,2,2,2,exact anchor SAT sanity check (score 1.000),True,variants/real_hand_written_comparator_4_original.blif,variants/real_hand_written_comparator_4_refactor.blif
real_hand_written_comparator_4,refactor,new_n19,1,new_n13,1.0,1.0,1.0,1.0,1,1,1,exact_anchor,1,1,256,1,72226fa2207e9641,72226fa2207e9641,2,2,2,2,exact anchor SAT sanity check (score 1.000),True,variants/real_hand_written_comparator_4_original.blif,variants/real_hand_written_comparator_4_refactor.blif
real_hand_written_comparator_4,refactor,new_n20,1,new_n14,1.0,1.0,1.0,1.0,1,1,1,exact_anchor,1,1,256,1,1cbcd396469d7c8f,1cbcd396469d7c8f,2,2,2,2,exact anchor SAT sanity check (score 1.000),True,variants/real_hand_written_comparator_4_original.blif,variants/real_hand_written_comparator_4_refactor.blif
real_hand_written_comparator_4,refactor,new_n21,1,new_n15,1.0,1.0,1.0,1.0,2,2,1,exact_anchor,1,1,256,1,13dbe9d297e17c4f,13dbe9d297e17c4f,2,2,2,2,exact anchor SAT sanity check (score 1.000),True,variants/real_hand_written_comparator_4_original.blif,variants/real_hand_written_comparator_4_refactor.blif
real_hand_written_comparator_4,refactor,new_n22,1,new_n22,1.0,1.0,1.0,1.0,3,3,1,exact_anchor,1,1,256,1,43d73a59470713c9,43d73a59470713c9,4,4,2,2,exact anchor SAT sanity check (score 1.000),True,variants/real_hand_written_comparator_4_original.blif,variants/real_hand_written_comparator_4_refactor.blif
real_hand_written_comparator_4,refactor,new_n23,1,new_n23,1.0,1.0,1.0,1.0,4,4,1,exact_anchor,1,1,256,1,9d30b92d5e4606c0,9d30b92d5e4606c0,6,6,2,2,exact anchor SAT sanity check (score 1.000),True,variants/real_hand_written_comparator_4_original.blif,variants/real_hand_written_comparator_4_refactor.blif
real_hand_written_comparator_4,refactor_z,new_n10,1,new_n17,1.0,1.0,1.0,1.0,1,1,1,exact_anchor,1,1,256,1,5b88da6ac27b918c,5b88da6ac27b918c,2,2,2,2,exact anchor SAT sanity check (score 1.000),True,variants/real_hand_written_comparator_4_original.blif,variants/real_hand_written_comparator_4_refactor_z.blif
real_hand_written_comparator_4,refactor_z,new_n11,1,new_n16,1.0,1.0,1.0,1.0,1,1,1,exact_anchor,1,1,256,1,59d67c060a80d2b4,59d67c060a80d2b4,2,2,2,2,exact anchor SAT sanity check (score 1.000),True,variants/real_hand_written_comparator_4_original.blif,variants/real_hand_written_comparator_4_refactor_z.blif
real_hand_written_comparator_4,refactor_z,new_n12,1,new_n18,1.0,1.0,1.0,1.0,2,2,1,exact_anchor,1,1,256,1,d928b808ef4c5558,d928b808ef4c5558,2,2,2,2,exact anchor SAT sanity check (score 1.000),True,variants/real_hand_written_comparator_4_original.blif,variants/real_hand_written_comparator_4_refactor_z.blif
real_hand_written_comparator_4,refactor_z,new_n13,1,new_n20,1.0,1.0,1.0,1.0,1,1,1,exact_anchor,1,1,256,1,d8bea44485a01379,d8bea44485a01379,2,2,2,2,exact anchor SAT sanity check (score 1.000),True,variants/real_hand_written_comparator_4_original.blif,variants/real_hand_written_comparator_4_refactor_z.blif
real_hand_written_comparator_4,refactor_z,new_n14,1,new_n19,1.0,1.0,1.0,1.0,1,1,1,exact_anchor,1,1,256,1,8ee32552c03d805f,8ee32552c03d805f,2,2,2,2,exact anchor SAT sanity check (score 1.000),True,variants/real_hand_written_comparator_4_original.blif,variants/real_hand_written_comparator_4_refactor_z.blif
real_hand_written_comparator_4,refactor_z,new_n15,1,new_n21,1.0,1.0,1.0,1.0,2,2,1,exact_anchor,1,1,256,1,89a47a033ab82eed,89a47a033ab82eed,2,2,2,2,exact anchor SAT sanity check (score 1.000),True,variants/real_hand_written_comparator_4_original.blif,variants/real_hand_written_comparator_4_refactor_z.blif
real_hand_written_comparator_4,refactor_z,new_n17,1,new_n14,1.0,1.0,1.0,1.0,1,1,1,exact_anchor,1,1,256,1,1cbcd396469d7c8f,1cbcd396469d7c8f,2,2,2,2,exact anchor SAT sanity check (score 1.000),True,variants/real_hand_written_comparator_4_original.blif,variants/real_hand_written_comparator_4_refactor_z.blif
real_hand_written_comparator_4,refactor_z,new_n18,1,new_n13,1.0,1.0,1.0,1.0,1,1,1,exact_anchor,1,1,256,1,72226fa2207e9641,72226fa2207e9641,2,2,2,2,exact anchor SAT sanity check (score 1.000),True,variants/real_hand_written_comparator_4_original.blif,variants/real_hand_written_comparator_4_refactor_z.blif
real_hand_written_comparator_4,refactor_z,new_n19,1,new_n15,1.0,1.0,1.0,1.0,2,2,1,exact_anchor,1,1,256,1,13dbe9d297e17c4f,13dbe9d297e17c4f,2,2,2,2,exact anchor SAT sanity check (score 1.000),True,variants/real_hand_written_comparator_4_original.blif,variants/real_hand_written_comparator_4_refactor_z.blif
real_hand_written_comparator_4,refactor_z,new_n20,1,new_n11,1.0,1.0,1.0,1.0,1,1,1,exact_anchor,1,1,256,1,f1efe3b362dd8938,f1efe3b362dd8938,2,2,2,2,exact anchor SAT sanity check (score 1.000),True,variants/real_hand_written_comparator_4_original.blif,variants/real_hand_written_comparator_4_refactor_z.blif
real_hand_written_comparator_4,refactor_z,new_n21,1,new_n10,1.0,1.0,1.0,1.0,1,1,1,exact_anchor,1,1,256,1,36df4b7782097a46,36df4b7782097a46,2,2,2,2,exact anchor SAT sanity check (score 1.000),True,variants/real_hand_written_comparator_4_original.blif,variants/real_hand_written_comparator_4_refactor_z.blif
real_hand_written_comparator_4,refactor_z,new_n22,1,new_n12,1.0,1.0,1.0,1.0,2,2,1,exact_anchor,1,1,256,1,48bfcec85d9afda6,48bfcec85d9afda6,2,2,2,2,exact anchor SAT sanity check (score 1.000),True,variants/real_hand_written_comparator_4_original.blif,variants/real_hand_written_comparator_4_refactor_z.blif
real_hand_written_comparator_4,refactor_z,new_n23,1,new_n22,1.0,1.0,1.0,1.0,3,3,1,exact_anchor,1,1,256,1,43d73a59470713c9,43d73a59470713c9,4,4,2,2,exact anchor SAT sanity check (score 1.000),True,variants/real_hand_written_comparator_4_original.blif,variants/real_hand_written_comparator_4_refactor_z.blif
real_hand_written_comparator_4,resub,new_n10,1,new_n19,1.0,1.0,1.0,1.0,1,1,1,exact_anchor,1,1,256,1,8ee32552c03d805f,8ee32552c03d805f,2,2,2,2,exact anchor SAT sanity check (score 1.000),True,variants/real_hand_written_comparator_4_original.blif,variants/real_hand_written_comparator_4_resub.blif
real_hand_written_comparator_4,resub,new_n11,1,new_n20,1.0,1.0,1.0,1.0,1,1,1,exact_anchor,1,1,256,1,d8bea44485a01379,d8bea44485a01379,2,2,2,2,exact anchor SAT sanity check (score 1.000),True,variants/real_hand_written_comparator_4_original.blif,variants/real_hand_written_comparator_4_resub.blif
real_hand_written_comparator_4,resub,new_n12,1,new_n21,1.0,1.0,1.0,1.0,2,2,1,exact_anchor,1,1,256,1,89a47a033ab82eed,89a47a033ab82eed,2,2,2,2,exact anchor SAT sanity check (score 1.000),True,variants/real_hand_written_comparator_4_original.blif,variants/real_hand_written_comparator_4_resub.blif
real_hand_written_comparator_4,resub,new_n13,1,new_n16,1.0,1.0,1.0,1.0,1,1,1,exact_anchor,1,1,256,1,59d67c060a80d2b4,59d67c060a80d2b4,2,2,2,2,exact anchor SAT sanity check (score 1.000),True,variants/real_hand_written_comparator_4_original.blif,variants/real_hand_written_comparator_4_resub.blif
real_hand_written_comparator_4,resub,new_n14,1,new_n17,1.0,1.0,1.0,1.0,1,1,1,exact_anchor,1,1,256,1,5b88da6ac27b918c,5b88da6ac27b918c,2,2,2,2,exact anchor SAT sanity check (score 1.000),True,variants/real_hand_written_comparator_4_original.blif,variants/real_hand_written_comparator_4_resub.blif
real_hand_written_comparator_4,resub,new_n15,1,new_n18,1.0,1.0,1.0,1.0,2,2,1,exact_anchor,1,1,256,1,d928b808ef4c5558,d928b808ef4c5558,2,2,2,2,exact anchor SAT sanity check (score 1.000),True,variants/real_hand_written_comparator_4_original.blif,variants/real_hand_written_comparator_4_resub.blif
real_hand_written_comparator_4,resub,new_n16,1,new_n10,1.0,1.0,1.0,1.0,1,1,1,exact_anchor,1,1,256,1,36df4b7782097a46,36df4b7782097a46,2,2,2,2,exact anchor SAT sanity check (score 1.000),True,variants/real_hand_written_comparator_4_original.blif,variants/real_hand_written_comparator_4_resub.blif
real_hand_written_comparator_4,resub,new_n17,1,new_n11,1.0,1.0,1.0,1.0,1,1,1,exact_anchor,1,1,256,1,f1efe3b362dd8938,f1efe3b362dd8938,2,2,2,2,exact anchor SAT sanity check (score 1.000),True,variants/real_hand_written_comparator_4_original.blif,variants/real_hand_written_comparator_4_resub.blif
real_hand_written_comparator_4,resub,new_n18,1,new_n12,1.0,1.0,1.0,1.0,2,2,1,exact_anchor,1,1,256,1,48bfcec85d9afda6,48bfcec85d9afda6,2,2,2,2,exact anchor SAT sanity check (score 1.000),True,variants/real_hand_written_comparator_4_original.blif,variants/real_hand_written_comparator_4_resub.blif
real_hand_written_comparator_4,resub,new_n19,1,new_n13,1.0,1.0,1.0,1.0,1,1,1,exact_anchor,1,1,256,1,72226fa2207e9641,72226fa2207e9641,2,2,2,2,exact anchor SAT sanity check (score 1.000),True,variants/real_hand_written_comparator_4_original.blif,variants/real_hand_written_comparator_4_resub.blif
real_hand_written_comparator_4,resub,new_n20,1,new_n14,1.0,1.0,1.0,1.0,1,1,1,exact_anchor,1,1,256,1,1cbcd396469d7c8f,1cbcd396469d7c8f,2,2,2,2,exact anchor SAT sanity check (score 1.000),True,variants/real_hand_written_comparator_4_original.blif,variants/real_hand_written_comparator_4_resub.blif
real_hand_written_comparator_4,resub,new_n21,1,new_n15,1.0,1.0,1.0,1.0,2,2,1,exact_anchor,1,1,256,1,13dbe9d297e17c4f,13dbe9d297e17c4f,2,2,2,2,exact anchor SAT sanity check (score 1.000),True,variants/real_hand_written_comparator_4_original.blif,variants/real_hand_written_comparator_4_resub.blif
real_hand_written_comparator_4,resub,new_n22,1,new_n22,1.0,1.0,1.0,1.0,3,3,1,exact_anchor,1,1,256,1,43d73a59470713c9,43d73a59470713c9,4,4,2,2,exact anchor SAT sanity check (score 1.000),True,variants/real_hand_written_comparator_4_original.blif,variants/real_hand_written_comparator_4_resub.blif
real_hand_written_comparator_4,resub,new_n23,1,new_n23,1.0,1.0,1.0,1.0,4,4,1,exact_anchor,1,1,256,1,9d30b92d5e4606c0,9d30b92d5e4606c0,6,6,2,2,exact anchor SAT sanity check (score 1.000),True,variants/real_hand_written_comparator_4_original.blif,variants/real_hand_written_comparator_4_resub.blif
real_hand_written_comparator_4,resyn,new_n13,1,new_n10,1.0,1.0,1.0,1.0,1,1,1,exact_anchor,1,1,256,1,36df4b7782097a46,36df4b7782097a46,2,2,2,2,exact anchor SAT sanity check (score 1.000),True,variants/real_hand_written_comparator_4_original.blif,variants/real_hand_written_comparator_4_resyn.blif
real_hand_written_comparator_4,resyn,new_n14,1,new_n11,1.0,1.0,1.0,1.0,1,1,1,exact_anchor,1,1,256,1,f1efe3b362dd8938,f1efe3b362dd8938,2,2,2,2,exact anchor SAT sanity check (score 1.000),True,variants/real_hand_written_comparator_4_original.blif,variants/real_hand_written_comparator_4_resyn.blif
real_hand_written_comparator_4,resyn,new_n21,1,new_n12,1.0,1.0,1.0,1.0,2,2,1,exact_anchor,1,1,256,1,48bfcec85d9afda6,48bfcec85d9afda6,2,2,2,2,exact anchor SAT sanity check (score 1.000),True,variants/real_hand_written_comparator_4_original.blif,variants/real_hand_written_comparator_4_resyn.blif
real_hand_written_comparator_4,resyn,new_n22,1,new_n22,1.0,1.0,1.0,1.0,3,3,1,exact_anchor,1,1,256,1,43d73a59470713c9,43d73a59470713c9,4,4,2,2,exact anchor SAT sanity check (score 1.000),True,variants/real_hand_written_comparator_4_original.blif,variants/real_hand_written_comparator_4_resyn.blif
real_hand_written_comparator_4,resyn2,new_n10,1,new_n14,1.0,1.0,1.0,1.0,1,1,1,exact_anchor,1,1,256,1,1cbcd396469d7c8f,1cbcd396469d7c8f,2,2,2,2,exact anchor SAT sanity check (score 1.000),True,variants/real_hand_written_comparator_4_original.blif,variants/real_hand_written_comparator_4_resyn2.blif
real_hand_written_comparator_4,resyn2,new_n11,1,new_n13,1.0,1.0,1.0,1.0,1,1,1,exact_anchor,1,1,256,1,72226fa2207e9641,72226fa2207e9641,2,2,2,2,exact anchor SAT sanity check (score 1.000),True,variants/real_hand_written_comparator_4_original.blif,variants/real_hand_written_comparator_4_resyn2.blif
real_hand_written_comparator_4,resyn2,new_n12,1,new_n11,1.0,1.0,1.0,1.0,1,1,1,exact_anchor,1,1,256,1,f1efe3b362dd8938,f1efe3b362dd8938,2,2,2,2,exact anchor SAT sanity check (score 1.000),True,variants/real_hand_written_comparator_4_original.blif,variants/real_hand_written_comparator_4_resyn2.blif
real_hand_written_comparator_4,resyn2,new_n13,1,new_n10,1.0,1.0,1.0,1.0,1,1,1,exact_anchor,1,1,256,1,36df4b7782097a46,36df4b7782097a46,2,2,2,2,exact anchor SAT sanity check (score 1.000),True,variants/real_hand_written_comparator_4_original.blif,variants/real_hand_written_comparator_4_resyn2.blif
real_hand_written_comparator_4,resyn2,new_n14,1,new_n17,1.0,1.0,1.0,1.0,1,1,1,exact_anchor,1,1,256,1,5b88da6ac27b918c,5b88da6ac27b918c,2,2,2,2,exact anchor SAT sanity check (score 1.000),True,variants/real_hand_written_comparator_4_original.blif,variants/real_hand_written_comparator_4_resyn2.blif
real_hand_written_comparator_4,resyn2,new_n15,1,new_n16,1.0,1.0,1.0,1.0,1,1,1,exact_anchor,1,1,256,1,59d67c060a80d2b4,59d67c060a80d2b4,2,2,2,2,exact anchor SAT sanity check (score 1.000),True,variants/real_hand_written_comparator_4_original.blif,variants/real_hand_written_comparator_4_resyn2.blif
real_hand_written_comparator_4,resyn2,new_n16,1,new_n20,1.0,1.0,1.0,1.0,1,1,1,exact_anchor,1,1,256,1,d8bea44485a01379,d8bea44485a01379,2,2,2,2,exact anchor SAT sanity check (score 1.000),True,variants/real_hand_written_comparator_4_original.blif,variants/real_hand_written_comparator_4_resyn2.blif
real_hand_written_comparator_4,resyn2,new_n17,1,new_n19,1.0,1.0,1.0,1.0,1,1,1,exact_anchor,1,1,256,1,8ee32552c03d805f,8ee32552c03d805f,2,2,2,2,exact anchor SAT sanity check (score 1.000),True,variants/real_hand_written_comparator_4_original.blif,variants/real_hand_written_comparator_4_resyn2.blif
real_hand_written_comparator_4,resyn2,new_n18,1,new_n15,1.0,1.0,1.0,1.0,2,2,1,exact_anchor,1,1,256,1,13dbe9d297e17c4f,13dbe9d297e17c4f,2,2,2,2,exact anchor SAT sanity check (score 1.000),True,variants/real_hand_written_comparator_4_original.blif,variants/real_hand_written_comparator_4_resyn2.blif
real_hand_written_comparator_4,resyn2,new_n19,1,new_n12,1.0,1.0,1.0,1.0,2,2,1,exact_anchor,1,1,256,1,48bfcec85d9afda6,48bfcec85d9afda6,2,2,2,2,exact anchor SAT sanity check (score 1.000),True,variants/real_hand_written_comparator_4_original.blif,variants/real_hand_written_comparator_4_resyn2.blif
real_hand_written_comparator_4,resyn2,new_n20,1,new_n18,1.0,1.0,1.0,1.0,2,2,1,exact_anchor,1,1,256,1,d928b808ef4c5558,d928b808ef4c5558,2,2,2,2,exact anchor SAT sanity check (score 1.000),True,variants/real_hand_written_comparator_4_original.blif,variants/real_hand_written_comparator_4_resyn2.blif
real_hand_written_comparator_4,resyn2,new_n21,1,new_n21,1.0,1.0,1.0,1.0,2,2,1,exact_anchor,1,1,256,1,89a47a033ab82eed,89a47a033ab82eed,2,2,2,2,exact anchor SAT sanity check (score 1.000),True,variants/real_hand_written_comparator_4_original.blif,variants/real_hand_written_comparator_4_resyn2.blif
real_hand_written_comparator_4,resyn2,new_n23,1,new_n22,1.0,1.0,1.0,1.0,3,3,1,exact_anchor,1,1,256,1,43d73a59470713c9,43d73a59470713c9,4,4,2,2,exact anchor SAT sanity check (score 1.000),True,variants/real_hand_written_comparator_4_original.blif,variants/real_hand_written_comparator_4_resyn2.blif
real_hand_written_comparator_4,resyn2_like,new_n10,1,new_n14,1.0,1.0,1.0,1.0,1,1,1,exact_anchor,1,1,256,1,1cbcd396469d7c8f,1cbcd396469d7c8f,2,2,2,2,exact anchor SAT sanity check (score 1.000),True,variants/real_hand_written_comparator_4_original.blif,variants/real_hand_written_comparator_4_resyn2_like.blif
real_hand_written_comparator_4,resyn2_like,new_n11,1,new_n13,1.0,1.0,1.0,1.0,1,1,1,exact_anchor,1,1,256,1,72226fa2207e9641,72226fa2207e9641,2,2,2,2,exact anchor SAT sanity check (score 1.000),True,variants/real_hand_written_comparator_4_original.blif,variants/real_hand_written_comparator_4_resyn2_like.blif
real_hand_written_comparator_4,resyn2_like,new_n12,1,new_n11,1.0,1.0,1.0,1.0,1,1,1,exact_anchor,1,1,256,1,f1efe3b362dd8938,f1efe3b362dd8938,2,2,2,2,exact anchor SAT sanity check (score 1.000),True,variants/real_hand_written_comparator_4_original.blif,variants/real_hand_written_comparator_4_resyn2_like.blif
real_hand_written_comparator_4,resyn2_like,new_n13,1,new_n10,1.0,1.0,1.0,1.0,1,1,1,exact_anchor,1,1,256,1,36df4b7782097a46,36df4b7782097a46,2,2,2,2,exact anchor SAT sanity check (score 1.000),True,variants/real_hand_written_comparator_4_original.blif,variants/real_hand_written_comparator_4_resyn2_like.blif
real_hand_written_comparator_4,resyn2_like,new_n14,1,new_n17,1.0,1.0,1.0,1.0,1,1,1,exact_anchor,1,1,256,1,5b88da6ac27b918c,5b88da6ac27b918c,2,2,2,2,exact anchor SAT sanity check (score 1.000),True,variants/real_hand_written_comparator_4_original.blif,variants/real_hand_written_comparator_4_resyn2_like.blif
real_hand_written_comparator_4,resyn2_like,new_n15,1,new_n16,1.0,1.0,1.0,1.0,1,1,1,exact_anchor,1,1,256,1,59d67c060a80d2b4,59d67c060a80d2b4,2,2,2,2,exact anchor SAT sanity check (score 1.000),True,variants/real_hand_written_comparator_4_original.blif,variants/real_hand_written_comparator_4_resyn2_like.blif
real_hand_written_comparator_4,resyn2_like,new_n16,1,new_n20,1.0,1.0,1.0,1.0,1,1,1,exact_anchor,1,1,256,1,d8bea44485a01379,d8bea44485a01379,2,2,2,2,exact anchor SAT sanity check (score 1.000),True,variants/real_hand_written_comparator_4_original.blif,variants/real_hand_written_comparator_4_resyn2_like.blif
real_hand_written_comparator_4,resyn2_like,new_n17,1,new_n19,1.0,1.0,1.0,1.0,1,1,1,exact_anchor,1,1,256,1,8ee32552c03d805f,8ee32552c03d805f,2,2,2,2,exact anchor SAT sanity check (score 1.000),True,variants/real_hand_written_comparator_4_original.blif,variants/real_hand_written_comparator_4_resyn2_like.blif
real_hand_written_comparator_4,resyn2_like,new_n18,1,new_n15,1.0,1.0,1.0,1.0,2,2,1,exact_anchor,1,1,256,1,13dbe9d297e17c4f,13dbe9d297e17c4f,2,2,2,2,exact anchor SAT sanity check (score 1.000),True,variants/real_hand_written_comparator_4_original.blif,variants/real_hand_written_comparator_4_resyn2_like.blif
real_hand_written_comparator_4,resyn2_like,new_n19,1,new_n12,1.0,1.0,1.0,1.0,2,2,1,exact_anchor,1,1,256,1,48bfcec85d9afda6,48bfcec85d9afda6,2,2,2,2,exact anchor SAT sanity check (score 1.000),True,variants/real_hand_written_comparator_4_original.blif,variants/real_hand_written_comparator_4_resyn2_like.blif
real_hand_written_comparator_4,resyn2_like,new_n20,1,new_n18,1.0,1.0,1.0,1.0,2,2,1,exact_anchor,1,1,256,1,d928b808ef4c5558,d928b808ef4c5558,2,2,2,2,exact anchor SAT sanity check (score 1.000),True,variants/real_hand_written_comparator_4_original.blif,variants/real_hand_written_comparator_4_resyn2_like.blif
real_hand_written_comparator_4,resyn2_like,new_n21,1,new_n21,1.0,1.0,1.0,1.0,2,2,1,exact_anchor,1,1,256,1,89a47a033ab82eed,89a47a033ab82eed,2,2,2,2,exact anchor SAT sanity check (score 1.000),True,variants/real_hand_written_comparator_4_original.blif,variants/real_hand_written_comparator_4_resyn2_like.blif
real_hand_written_comparator_4,resyn2_like,new_n23,1,new_n22,1.0,1.0,1.0,1.0,3,3,1,exact_anchor,1,1,256,1,43d73a59470713c9,43d73a59470713c9,4,4,2,2,exact anchor SAT sanity check (score 1.000),True,variants/real_hand_written_comparator_4_original.blif,variants/real_hand_written_comparator_4_resyn2_like.blif
real_hand_written_comparator_4,rewrite,new_n10,1,new_n19,1.0,1.0,1.0,1.0,1,1,1,exact_anchor,1,1,256,1,8ee32552c03d805f,8ee32552c03d805f,2,2,2,2,exact anchor SAT sanity check (score 1.000),True,variants/real_hand_written_comparator_4_original.blif,variants/real_hand_written_comparator_4_rewrite.blif
real_hand_written_comparator_4,rewrite,new_n11,1,new_n20,1.0,1.0,1.0,1.0,1,1,1,exact_anchor,1,1,256,1,d8bea44485a01379,d8bea44485a01379,2,2,2,2,exact anchor SAT sanity check (score 1.000),True,variants/real_hand_written_comparator_4_original.blif,variants/real_hand_written_comparator_4_rewrite.blif
real_hand_written_comparator_4,rewrite,new_n12,1,new_n21,1.0,1.0,1.0,1.0,2,2,1,exact_anchor,1,1,256,1,89a47a033ab82eed,89a47a033ab82eed,2,2,2,2,exact anchor SAT sanity check (score 1.000),True,variants/real_hand_written_comparator_4_original.blif,variants/real_hand_written_comparator_4_rewrite.blif
real_hand_written_comparator_4,rewrite,new_n13,1,new_n16,1.0,1.0,1.0,1.0,1,1,1,exact_anchor,1,1,256,1,59d67c060a80d2b4,59d67c060a80d2b4,2,2,2,2,exact anchor SAT sanity check (score 1.000),True,variants/real_hand_written_comparator_4_original.blif,variants/real_hand_written_comparator_4_rewrite.blif
real_hand_written_comparator_4,rewrite,new_n14,1,new_n17,1.0,1.0,1.0,1.0,1,1,1,exact_anchor,1,1,256,1,5b88da6ac27b918c,5b88da6ac27b918c,2,2,2,2,exact anchor SAT sanity check (score 1.000),True,variants/real_hand_written_comparator_4_original.blif,variants/real_hand_written_comparator_4_rewrite.blif
real_hand_written_comparator_4,rewrite,new_n15,1,new_n18,1.0,1.0,1.0,1.0,2,2,1,exact_anchor,1,1,256,1,d928b808ef4c5558,d928b808ef4c5558,2,2,2,2,exact anchor SAT sanity check (score 1.000),True,variants/real_hand_written_comparator_4_original.blif,variants/real_hand_written_comparator_4_rewrite.blif
real_hand_written_comparator_4,rewrite,new_n16,1,new_n10,1.0,1.0,1.0,1.0,1,1,1,exact_anchor,1,1,256,1,36df4b7782097a46,36df4b7782097a46,2,2,2,2,exact anchor SAT sanity check (score 1.000),True,variants/real_hand_written_comparator_4_original.blif,variants/real_hand_written_comparator_4_rewrite.blif
real_hand_written_comparator_4,rewrite,new_n17,1,new_n11,1.0,1.0,1.0,1.0,1,1,1,exact_anchor,1,1,256,1,f1efe3b362dd8938,f1efe3b362dd8938,2,2,2,2,exact anchor SAT sanity check (score 1.000),True,variants/real_hand_written_comparator_4_original.blif,variants/real_hand_written_comparator_4_rewrite.blif
real_hand_written_comparator_4,rewrite,new_n18,1,new_n12,1.0,1.0,1.0,1.0,2,2,1,exact_anchor,1,1,256,1,48bfcec85d9afda6,48bfcec85d9afda6,2,2,2,2,exact anchor SAT sanity check (score 1.000),True,variants/real_hand_written_comparator_4_original.blif,variants/real_hand_written_comparator_4_rewrite.blif
real_hand_written_comparator_4,rewrite,new_n19,1,new_n13,1.0,1.0,1.0,1.0,1,1,1,exact_anchor,1,1,256,1,72226fa2207e9641,72226fa2207e9641,2,2,2,2,exact anchor SAT sanity check (score 1.000),True,variants/real_hand_written_comparator_4_original.blif,variants/real_hand_written_comparator_4_rewrite.blif
real_hand_written_comparator_4,rewrite,new_n20,1,new_n14,1.0,1.0,1.0,1.0,1,1,1,exact_anchor,1,1,256,1,1cbcd396469d7c8f,1cbcd396469d7c8f,2,2,2,2,exact anchor SAT sanity check (score 1.000),True,variants/real_hand_written_comparator_4_original.blif,variants/real_hand_written_comparator_4_rewrite.blif
real_hand_written_comparator_4,rewrite,new_n21,1,new_n15,1.0,1.0,1.0,1.0,2,2,1,exact_anchor,1,1,256,1,13dbe9d297e17c4f,13dbe9d297e17c4f,2,2,2,2,exact anchor SAT sanity check (score 1.000),True,variants/real_hand_written_comparator_4_original.blif,variants/real_hand_written_comparator_4_rewrite.blif
real_hand_written_comparator_4,rewrite,new_n22,1,new_n22,1.0,1.0,1.0,1.0,3,3,1,exact_anchor,1,1,256,1,43d73a59470713c9,43d73a59470713c9,4,4,2,2,exact anchor SAT sanity check (score 1.000),True,variants/real_hand_written_comparator_4_original.blif,variants/real_hand_written_comparator_4_rewrite.blif
real_hand_written_comparator_4,rewrite,new_n23,1,new_n23,1.0,1.0,1.0,1.0,4,4,1,exact_anchor,1,1,256,1,9d30b92d5e4606c0,9d30b92d5e4606c0,6,6,2,2,exact anchor SAT sanity check (score 1.000),True,variants/real_hand_written_comparator_4_original.blif,variants/real_hand_written_comparator_4_rewrite.blif
real_hand_written_comparator_4,rewrite_z,new_n13,1,new_n19,1.0,1.0,1.0,1.0,1,1,1,exact_anchor,1,1,256,1,8ee32552c03d805f,8ee32552c03d805f,2,2,2,2,exact anchor SAT sanity check (score 1.000),True,variants/real_hand_written_comparator_4_original.blif,variants/real_hand_written_comparator_4_rewrite_z.blif
real_hand_written_comparator_4,rewrite_z,new_n14,1,new_n20,1.0,1.0,1.0,1.0,1,1,1,exact_anchor,1,1,256,1,d8bea44485a01379,d8bea44485a01379,2,2,2,2,exact anchor SAT sanity check (score 1.000),True,variants/real_hand_written_comparator_4_original.blif,variants/real_hand_written_comparator_4_rewrite_z.blif
real_hand_written_comparator_4,rewrite_z,new_n15,1,new_n21,1.0,1.0,1.0,1.0,2,2,1,exact_anchor,1,1,256,1,89a47a033ab82eed,89a47a033ab82eed,2,2,2,2,exact anchor SAT sanity check (score 1.000),True,variants/real_hand_written_comparator_4_original.blif,variants/real_hand_written_comparator_4_rewrite_z.blif
real_hand_written_comparator_4,rewrite_z,new_n16,1,new_n10,1.0,1.0,1.0,1.0,1,1,1,exact_anchor,1,1,256,1,36df4b7782097a46,36df4b7782097a46,2,2,2,2,exact anchor SAT sanity check (score 1.000),True,variants/real_hand_written_comparator_4_original.blif,variants/real_hand_written_comparator_4_rewrite_z.blif
real_hand_written_comparator_4,rewrite_z,new_n17,1,new_n11,1.0,1.0,1.0,1.0,1,1,1,exact_anchor,1,1,256,1,f1efe3b362dd8938,f1efe3b362dd8938,2,2,2,2,exact anchor SAT sanity check (score 1.000),True,variants/real_hand_written_comparator_4_original.blif,variants/real_hand_written_comparator_4_rewrite_z.blif
real_hand_written_comparator_4,rewrite_z,new_n18,1,new_n12,1.0,1.0,1.0,1.0,2,2,1,exact_anchor,1,1,256,1,48bfcec85d9afda6,48bfcec85d9afda6,2,2,2,2,exact anchor SAT sanity check (score 1.000),True,variants/real_hand_written_comparator_4_original.blif,variants/real_hand_written_comparator_4_rewrite_z.blif
real_hand_written_comparator_4,rewrite_z,new_n19,1,new_n16,1.0,1.0,1.0,1.0,1,1,1,exact_anchor,1,1,256,1,59d67c060a80d2b4,59d67c060a80d2b4,2,2,2,2,exact anchor SAT sanity check (score 1.000),True,variants/real_hand_written_comparator_4_original.blif,variants/real_hand_written_comparator_4_rewrite_z.blif
real_hand_written_comparator_4,rewrite_z,new_n20,1,new_n17,1.0,1.0,1.0,1.0,1,1,1,exact_anchor,1,1,256,1,5b88da6ac27b918c,5b88da6ac27b918c,2,2,2,2,exact anchor SAT sanity check (score 1.000),True,variants/real_hand_written_comparator_4_original.blif,variants/real_hand_written_comparator_4_rewrite_z.blif
real_hand_written_comparator_4,rewrite_z,new_n21,1,new_n18,1.0,1.0,1.0,1.0,2,2,1,exact_anchor,1,1,256,1,d928b808ef4c5558,d928b808ef4c5558,2,2,2,2,exact anchor SAT sanity check (score 1.000),True,variants/real_hand_written_comparator_4_original.blif,variants/real_hand_written_comparator_4_rewrite_z.blif
real_hand_written_full_adder,balance,new_n6,1,new_n6,1.0,1.0,1.0,1.0,1,1,1,exact_anchor,1,1,8,1,42c807927e3ea12c,42c807927e3ea12c,2,2,2,2,exact anchor SAT sanity check (score 1.000),True,variants/real_hand_written_full_adder_original.blif,variants/real_hand_written_full_adder_balance.blif
real_hand_written_full_adder,balance,new_n7,1,new_n7,1.0,1.0,1.0,1.0,1,1,1,exact_anchor,1,1,8,1,340c10cf88733e1f,340c10cf88733e1f,2,2,2,2,exact anchor SAT sanity check (score 1.000),True,variants/real_hand_written_full_adder_original.blif,variants/real_hand_written_full_adder_balance.blif
real_hand_written_full_adder,balance,new_n8,1,new_n8,1.0,1.0,1.0,1.0,2,2,1,exact_anchor,1,1,8,1,af731c8d17e8b70b,af731c8d17e8b70b,2,2,2,2,exact anchor SAT sanity check (score 1.000),True,variants/real_hand_written_full_adder_original.blif,variants/real_hand_written_full_adder_balance.blif
real_hand_written_full_adder,balance,new_n9,1,new_n9,1.0,1.0,1.0,1.0,3,3,1,exact_anchor,1,1,8,1,e0bb54b7877cd30e,e0bb54b7877cd30e,3,3,2,2,exact anchor SAT sanity check (score 1.000),True,variants/real_hand_written_full_adder_original.blif,variants/real_hand_written_full_adder_balance.blif
real_hand_written_full_adder,balance,new_n10,1,new_n10,1.0,1.0,1.0,1.0,3,3,1,exact_anchor,1,1,8,1,5aa631d06458d89e,5aa631d06458d89e,3,3,2,2,exact anchor SAT sanity check (score 1.000),True,variants/real_hand_written_full_adder_original.blif,variants/real_hand_written_full_adder_balance.blif
real_hand_written_full_adder,balance,new_n12,1,new_n14,1.0,1.0,1.0,1.0,1,1,1,exact_anchor,1,1,8,1,3544f5ddbae4140c,3544f5ddbae4140c,2,2,2,2,exact anchor SAT sanity check (score 1.000),True,variants/real_hand_written_full_adder_original.blif,variants/real_hand_written_full_adder_balance.blif
real_hand_written_full_adder,balance,new_n13,1,new_n12,1.0,1.0,1.0,1.0,1,1,1,exact_anchor,1,1,8,1,4b25162f97402510,4b25162f97402510,2,2,2,2,exact anchor SAT sanity check (score 1.000),True,variants/real_hand_written_full_adder_original.blif,variants/real_hand_written_full_adder_balance.blif
real_hand_written_full_adder,balance,new_n14,1,new_n13,1.0,1.0,1.0,1.0,1,1,1,exact_anchor,1,1,8,1,5fa753f2a2f85471,5fa753f2a2f85471,2,2,2,2,exact anchor SAT sanity check (score 1.000),True,variants/real_hand_written_full_adder_original.blif,variants/real_hand_written_full_adder_balance.blif
real_hand_written_full_adder,compress2rs,new_n6,1,new_n12,1.0,1.0,1.0,1.0,1,1,1,exact_anchor,1,1,8,1,4b25162f97402510,4b25162f97402510,2,2,2,2,exact anchor SAT sanity check (score 1.000),True,variants/real_hand_written_full_adder_original.blif,variants/real_hand_written_full_adder_compress2rs.blif
real_hand_written_full_adder,compress2rs,new_n9,1,new_n9,1.0,1.0,1.0,1.0,3,3,1,exact_anchor,1,1,8,1,e0bb54b7877cd30e,e0bb54b7877cd30e,3,3,2,2,exact anchor SAT sanity check (score 1.000),True,variants/real_hand_written_full_adder_original.blif,variants/real_hand_written_full_adder_compress2rs.blif
real_hand_written_full_adder,compress2rs,new_n10,1,new_n10,1.0,1.0,1.0,1.0,3,3,1,exact_anchor,1,1,8,1,5aa631d06458d89e,5aa631d06458d89e,3,3,2,2,exact anchor SAT sanity check (score 1.000),True,variants/real_hand_written_full_adder_original.blif,variants/real_hand_written_full_adder_compress2rs.blif
real_hand_written_full_adder,dc2,new_n8,1,new_n13,1.0,1.0,1.0,1.0,1,1,1,exact_anchor,1,1,8,1,5fa753f2a2f85471,5fa753f2a2f85471,2,2,2,2,exact anchor SAT sanity check (score 1.000),True,variants/real_hand_written_full_adder_original.blif,variants/real_hand_written_full_adder_dc2.blif
real_hand_written_full_adder,refactor,new_n6,1,new_n12,1.0,1.0,1.0,1.0,1,1,1,exact_anchor,1,1,8,1,4b25162f97402510,4b25162f97402510,2,2,2,2,exact anchor SAT sanity check (score 1.000),True,variants/real_hand_written_full_adder_original.blif,variants/real_hand_written_full_adder_refactor.blif
real_hand_written_full_adder,refactor,new_n9,1,new_n9,1.0,1.0,1.0,1.0,3,3,1,exact_anchor,1,1,8,1,e0bb54b7877cd30e,e0bb54b7877cd30e,3,3,2,2,exact anchor SAT sanity check (score 1.000),True,variants/real_hand_written_full_adder_original.blif,variants/real_hand_written_full_adder_refactor.blif
real_hand_written_full_adder,refactor,new_n10,1,new_n10,1.0,1.0,1.0,1.0,3,3,1,exact_anchor,1,1,8,1,5aa631d06458d89e,5aa631d06458d89e,3,3,2,2,exact anchor SAT sanity check (score 1.000),True,variants/real_hand_written_full_adder_original.blif,variants/real_hand_written_full_adder_refactor.blif
real_hand_written_full_adder,refactor,new_n12,1,new_n14,1.0,1.0,1.0,1.0,1,1,1,exact_anchor,1,1,8,1,3544f5ddbae4140c,3544f5ddbae4140c,2,2,2,2,exact anchor SAT sanity check (score 1.000),True,variants/real_hand_written_full_adder_original.blif,variants/real_hand_written_full_adder_refactor.blif
real_hand_written_full_adder,refactor,new_n13,1,new_n13,1.0,1.0,1.0,1.0,1,1,1,exact_anchor,1,1,8,1,5fa753f2a2f85471,5fa753f2a2f85471,2,2,2,2,exact anchor SAT sanity check (score 1.000),True,variants/real_hand_written_full_adder_original.blif,variants/real_hand_written_full_adder_refactor.blif
real_hand_written_full_adder,refactor,new_n14,1,new_n15,1.0,1.0,1.0,1.0,2,2,1,exact_anchor,1,1,8,1,ad394657e1eedc94,ad394657e1eedc94,3,3,2,2,exact anchor SAT sanity check (score 1.000),True,variants/real_hand_written_full_adder_original.blif,variants/real_hand_written_full_adder_refactor.blif
real_hand_written_full_adder,refactor_z,new_n6,1,new_n12,1.0,1.0,1.0,1.0,1,1,1,exact_anchor,1,1,8,1,4b25162f97402510,4b25162f97402510,2,2,2,2,exact anchor SAT sanity check (score 1.000),True,variants/real_hand_written_full_adder_original.blif,variants/real_hand_written_full_adder_refactor_z.blif
real_hand_written_full_adder,refactor_z,new_n9,1,new_n9,1.0,1.0,1.0,1.0,3,3,1,exact_anchor,1,1,8,1,e0bb54b7877cd30e,e0bb54b7877cd30e,3,3,2,2,exact anchor SAT sanity check (score 1.000),True,variants/real_hand_written_full_adder_original.blif,variants/real_hand_written_full_adder_refactor_z.blif
real_hand_written_full_adder,refactor_z,new_n10,1,new_n10,1.0,1.0,1.0,1.0,3,3,1,exact_anchor,1,1,8,1,5aa631d06458d89e,5aa631d06458d89e,3,3,2,2,exact anchor SAT sanity check (score 1.000),True,variants/real_hand_written_full_adder_original.blif,variants/real_hand_written_full_adder_refactor_z.blif
real_hand_written_full_adder,refactor_z,new_n13,1,new_n14,1.0,1.0,1.0,1.0,1,1,1,exact_anchor,1,1,8,1,3544f5ddbae4140c,3544f5ddbae4140c,2,2,2,2,exact anchor SAT sanity check (score 1.000),True,variants/real_hand_written_full_adder_original.blif,variants/real_hand_written_full_adder_refactor_z.blif
real_hand_written_full_adder,resub,new_n6,1,new_n6,1.0,1.0,1.0,1.0,1,1,1,exact_anchor,1,1,8,1,42c807927e3ea12c,42c807927e3ea12c,2,2,2,2,exact anchor SAT sanity check (score 1.000),True,variants/real_hand_written_full_adder_original.blif,variants/real_hand_written_full_adder_resub.blif
real_hand_written_full_adder,resub,new_n7,1,new_n7,1.0,1.0,1.0,1.0,1,1,1,exact_anchor,1,1,8,1,340c10cf88733e1f,340c10cf88733e1f,2,2,2,2,exact anchor SAT sanity check (score 1.000),True,variants/real_hand_written_full_adder_original.blif,variants/real_hand_written_full_adder_resub.blif
real_hand_written_full_adder,resub,new_n8,1,new_n8,1.0,1.0,1.0,1.0,2,2,1,exact_anchor,1,1,8,1,af731c8d17e8b70b,af731c8d17e8b70b,2,2,2,2,exact anchor SAT sanity check (score 1.000),True,variants/real_hand_written_full_adder_original.blif,variants/real_hand_written_full_adder_resub.blif
real_hand_written_full_adder,resub,new_n9,1,new_n9,1.0,1.0,1.0,1.0,3,3,1,exact_anchor,1,1,8,1,e0bb54b7877cd30e,e0bb54b7877cd30e,3,3,2,2,exact anchor SAT sanity check (score 1.000),True,variants/real_hand_written_full_adder_original.blif,variants/real_hand_written_full_adder_resub.blif
real_hand_written_full_adder,resub,new_n10,1,new_n10,1.0,1.0,1.0,1.0,3,3,1,exact_anchor,1,1,8,1,5aa631d06458d89e,5aa631d06458d89e,3,3,2,2,exact anchor SAT sanity check (score 1.000),True,variants/real_hand_written_full_adder_original.blif,variants/real_hand_written_full_adder_resub.blif
real_hand_written_full_adder,resub,new_n12,1,new_n14,1.0,1.0,1.0,1.0,1,1,1,exact_anchor,1,1,8,1,3544f5ddbae4140c,3544f5ddbae4140c,2,2,2,2,exact anchor SAT sanity check (score 1.000),True,variants/real_hand_written_full_adder_original.blif,variants/real_hand_written_full_adder_resub.blif
real_hand_written_full_adder,resub,new_n13,1,new_n12,1.0,1.0,1.0,1.0,1,1,1,exact_anchor,1,1,8,1,4b25162f97402510,4b25162f97402510,2,2,2,2,exact anchor SAT sanity check (score 1.000),True,variants/real_hand_written_full_adder_original.blif,variants/real_hand_written_full_adder_resub.blif
real_hand_written_full_adder,resub,new_n14,1,new_n13,1.0,1.0,1.0,1.0,1,1,1,exact_anchor,1,1,8,1,5fa753f2a2f85471,5fa753f2a2f85471,2,2,2,2,exact anchor SAT sanity check (score 1.000),True,variants/real_hand_written_full_adder_original.blif,variants/real_hand_written_full_adder_resub.blif
real_hand_written_full_adder,resub,new_n15,1,new_n15,1.0,1.0,1.0,1.0,2,2,1,exact_anchor,1,1,8,1,ad394657e1eedc94,ad394657e1eedc94,3,3,2,2,exact anchor SAT sanity check (score 1.000),True,variants/real_hand_written_full_adder_original.blif,variants/real_hand_written_full_adder_resub.blif
real_hand_written_full_adder,resyn,new_n6,1,new_n6,1.0,1.0,1.0,1.0,1,1,1,exact_anchor,1,1,8,1,42c807927e3ea12c,42c807927e3ea12c,2,2,2,2,exact anchor SAT sanity check (score 1.000),True,variants/real_hand_written_full_adder_original.blif,variants/real_hand_written_full_adder_resyn.blif
real_hand_written_full_adder,resyn,new_n7,1,new_n7,1.0,1.0,1.0,1.0,1,1,1,exact_anchor,1,1,8,1,340c10cf88733e1f,340c10cf88733e1f,2,2,2,2,exact anchor SAT sanity check (score 1.000),True,variants/real_hand_written_full_adder_original.blif,variants/real_hand_written_full_adder_resyn.blif
real_hand_written_full_adder,resyn,new_n8,1,new_n8,1.0,1.0,1.0,1.0,2,2,1,exact_anchor,1,1,8,1,af731c8d17e8b70b,af731c8d17e8b70b,2,2,2,2,exact anchor SAT sanity check (score 1.000),True,variants/real_hand_written_full_adder_original.blif,variants/real_hand_written_full_adder_resyn.blif
real_hand_written_full_adder,resyn,new_n9,1,new_n9,1.0,1.0,1.0,1.0,3,3,1,exact_anchor,1,1,8,1,e0bb54b7877cd30e,e0bb54b7877cd30e,3,3,2,2,exact anchor SAT sanity check (score 1.000),True,variants/real_hand_written_full_adder_original.blif,variants/real_hand_written_full_adder_resyn.blif
real_hand_written_full_adder,resyn,new_n10,1,new_n10,1.0,1.0,1.0,1.0,3,3,1,exact_anchor,1,1,8,1,5aa631d06458d89e,5aa631d06458d89e,3,3,2,2,exact anchor SAT sanity check (score 1.000),True,variants/real_hand_written_full_adder_original.blif,variants/real_hand_written_full_adder_resyn.blif
real_hand_written_full_adder,resyn,new_n12,1,new_n14,1.0,1.0,1.0,1.0,1,1,1,exact_anchor,1,1,8,1,3544f5ddbae4140c,3544f5ddbae4140c,2,2,2,2,exact anchor SAT sanity check (score 1.000),True,variants/real_hand_written_full_adder_original.blif,variants/real_hand_written_full_adder_resyn.blif
real_hand_written_full_adder,resyn,new_n13,1,new_n12,1.0,1.0,1.0,1.0,1,1,1,exact_anchor,1,1,8,1,4b25162f97402510,4b25162f97402510,2,2,2,2,exact anchor SAT sanity check (score 1.000),True,variants/real_hand_written_full_adder_original.blif,variants/real_hand_written_full_adder_resyn.blif
real_hand_written_full_adder,resyn,new_n14,1,new_n13,1.0,1.0,1.0,1.0,1,1,1,exact_anchor,1,1,8,1,5fa753f2a2f85471,5fa753f2a2f85471,2,2,2,2,exact anchor SAT sanity check (score 1.000),True,variants/real_hand_written_full_adder_original.blif,variants/real_hand_written_full_adder_resyn.blif
real_hand_written_full_adder,resyn2,new_n6,1,new_n12,1.0,1.0,1.0,1.0,1,1,1,exact_anchor,1,1,8,1,4b25162f97402510,4b25162f97402510,2,2,2,2,exact anchor SAT sanity check (score 1.000),True,variants/real_hand_written_full_adder_original.blif,variants/real_hand_written_full_adder_resyn2.blif
real_hand_written_full_adder,resyn2,new_n9,1,new_n9,1.0,1.0,1.0,1.0,3,3,1,exact_anchor,1,1,8,1,e0bb54b7877cd30e,e0bb54b7877cd30e,3,3,2,2,exact anchor SAT sanity check (score 1.000),True,variants/real_hand_written_full_adder_original.blif,variants/real_hand_written_full_adder_resyn2.blif
real_hand_written_full_adder,resyn2,new_n10,1,new_n10,1.0,1.0,1.0,1.0,3,3,1,exact_anchor,1,1,8,1,5aa631d06458d89e,5aa631d06458d89e,3,3,2,2,exact anchor SAT sanity check (score 1.000),True,variants/real_hand_written_full_adder_original.blif,variants/real_hand_written_full_adder_resyn2.blif
real_hand_written_full_adder,resyn2,new_n13,1,new_n13,1.0,1.0,1.0,1.0,1,1,1,exact_anchor,1,1,8,1,5fa753f2a2f85471,5fa753f2a2f85471,2,2,2,2,exact anchor SAT sanity check (score 1.000),True,variants/real_hand_written_full_adder_original.blif,variants/real_hand_written_full_adder_resyn2.blif
real_hand_written_full_adder,resyn2_like,new_n6,1,new_n12,1.0,1.0,1.0,1.0,1,1,1,exact_anchor,1,1,8,1,4b25162f97402510,4b25162f97402510,2,2,2,2,exact anchor SAT sanity check (score 1.000),True,variants/real_hand_written_full_adder_original.blif,variants/real_hand_written_full_adder_resyn2_like.blif
real_hand_written_full_adder,resyn2_like,new_n9,1,new_n9,1.0,1.0,1.0,1.0,3,3,1,exact_anchor,1,1,8,1,e0bb54b7877cd30e,e0bb54b7877cd30e,3,3,2,2,exact anchor SAT sanity check (score 1.000),True,variants/real_hand_written_full_adder_original.blif,variants/real_hand_written_full_adder_resyn2_like.blif
real_hand_written_full_adder,resyn2_like,new_n10,1,new_n10,1.0,1.0,1.0,1.0,3,3,1,exact_anchor,1,1,8,1,5aa631d06458d89e,5aa631d06458d89e,3,3,2,2,exact anchor SAT sanity check (score 1.000),True,variants/real_hand_written_full_adder_original.blif,variants/real_hand_written_full_adder_resyn2_like.blif
real_hand_written_full_adder,resyn2_like,new_n13,1,new_n13,1.0,1.0,1.0,1.0,1,1,1,exact_anchor,1,1,8,1,5fa753f2a2f85471,5fa753f2a2f85471,2,2,2,2,exact anchor SAT sanity check (score 1.000),True,variants/real_hand_written_full_adder_original.blif,variants/real_hand_written_full_adder_resyn2_like.blif
real_hand_written_full_adder,rewrite,new_n6,1,new_n6,1.0,1.0,1.0,1.0,1,1,1,exact_anchor,1,1,8,1,42c807927e3ea12c,42c807927e3ea12c,2,2,2,2,exact anchor SAT sanity check (score 1.000),True,variants/real_hand_written_full_adder_original.blif,variants/real_hand_written_full_adder_rewrite.blif
real_hand_written_full_adder,rewrite,new_n7,1,new_n7,1.0,1.0,1.0,1.0,1,1,1,exact_anchor,1,1,8,1,340c10cf88733e1f,340c10cf88733e1f,2,2,2,2,exact anchor SAT sanity check (score 1.000),True,variants/real_hand_written_full_adder_original.blif,variants/real_hand_written_full_adder_rewrite.blif
real_hand_written_full_adder,rewrite,new_n8,1,new_n8,1.0,1.0,1.0,1.0,2,2,1,exact_anchor,1,1,8,1,af731c8d17e8b70b,af731c8d17e8b70b,2,2,2,2,exact anchor SAT sanity check (score 1.000),True,variants/real_hand_written_full_adder_original.blif,variants/real_hand_written_full_adder_rewrite.blif
real_hand_written_full_adder,rewrite,new_n9,1,new_n9,1.0,1.0,1.0,1.0,3,3,1,exact_anchor,1,1,8,1,e0bb54b7877cd30e,e0bb54b7877cd30e,3,3,2,2,exact anchor SAT sanity check (score 1.000),True,variants/real_hand_written_full_adder_original.blif,variants/real_hand_written_full_adder_rewrite.blif
real_hand_written_full_adder,rewrite,new_n10,1,new_n10,1.0,1.0,1.0,1.0,3,3,1,exact_anchor,1,1,8,1,5aa631d06458d89e,5aa631d06458d89e,3,3,2,2,exact anchor SAT sanity check (score 1.000),True,variants/real_hand_written_full_adder_original.blif,variants/real_hand_written_full_adder_rewrite.blif
real_hand_written_full_adder,rewrite,new_n12,1,new_n14,1.0,1.0,1.0,1.0,1,1,1,exact_anchor,1,1,8,1,3544f5ddbae4140c,3544f5ddbae4140c,2,2,2,2,exact anchor SAT sanity check (score 1.000),True,variants/real_hand_written_full_adder_original.blif,variants/real_hand_written_full_adder_rewrite.blif
real_hand_written_full_adder,rewrite,new_n13,1,new_n12,1.0,1.0,1.0,1.0,1,1,1,exact_anchor,1,1,8,1,4b25162f97402510,4b25162f97402510,2,2,2,2,exact anchor SAT sanity check (score 1.000),True,variants/real_hand_written_full_adder_original.blif,variants/real_hand_written_full_adder_rewrite.blif
real_hand_written_full_adder,rewrite,new_n14,1,new_n13,1.0,1.0,1.0,1.0,1,1,1,exact_anchor,1,1,8,1,5fa753f2a2f85471,5fa753f2a2f85471,2,2,2,2,exact anchor SAT sanity check (score 1.000),True,variants/real_hand_written_full_adder_original.blif,variants/real_hand_written_full_adder_rewrite.blif
real_hand_written_full_adder,rewrite,new_n15,1,new_n15,1.0,1.0,1.0,1.0,2,2,1,exact_anchor,1,1,8,1,ad394657e1eedc94,ad394657e1eedc94,3,3,2,2,exact anchor SAT sanity check (score 1.000),True,variants/real_hand_written_full_adder_original.blif,variants/real_hand_written_full_adder_rewrite.blif
real_hand_written_full_adder,rewrite_z,new_n6,1,new_n6,1.0,1.0,1.0,1.0,1,1,1,exact_anchor,1,1,8,1,42c807927e3ea12c,42c807927e3ea12c,2,2,2,2,exact anchor SAT sanity check (score 1.000),True,variants/real_hand_written_full_adder_original.blif,variants/real_hand_written_full_adder_rewrite_z.blif
real_hand_written_full_adder,rewrite_z,new_n7,1,new_n7,1.0,1.0,1.0,1.0,1,1,1,exact_anchor,1,1,8,1,340c10cf88733e1f,340c10cf88733e1f,2,2,2,2,exact anchor SAT sanity check (score 1.000),True,variants/real_hand_written_full_adder_original.blif,variants/real_hand_written_full_adder_rewrite_z.blif
real_hand_written_full_adder,rewrite_z,new_n8,1,new_n8,1.0,1.0,1.0,1.0,2,2,1,exact_anchor,1,1,8,1,af731c8d17e8b70b,af731c8d17e8b70b,2,2,2,2,exact anchor SAT sanity check (score 1.000),True,variants/real_hand_written_full_adder_original.blif,variants/real_hand_written_full_adder_rewrite_z.blif
real_hand_written_full_adder,rewrite_z,new_n9,1,new_n9,1.0,1.0,1.0,1.0,3,3,1,exact_anchor,1,1,8,1,e0bb54b7877cd30e,e0bb54b7877cd30e,3,3,2,2,exact anchor SAT sanity check (score 1.000),True,variants/real_hand_written_full_adder_original.blif,variants/real_hand_written_full_adder_rewrite_z.blif
real_hand_written_full_adder,rewrite_z,new_n10,1,new_n10,1.0,1.0,1.0,1.0,3,3,1,exact_anchor,1,1,8,1,5aa631d06458d89e,5aa631d06458d89e,3,3,2,2,exact anchor SAT sanity check (score 1.000),True,variants/real_hand_written_full_adder_original.blif,variants/real_hand_written_full_adder_rewrite_z.blif
real_hand_written_full_adder,rewrite_z,new_n12,1,new_n13,1.0,1.0,1.0,1.0,1,1,1,exact_anchor,1,1,8,1,5fa753f2a2f85471,5fa753f2a2f85471,2,2,2,2,exact anchor SAT sanity check (score 1.000),True,variants/real_hand_written_full_adder_original.blif,variants/real_hand_written_full_adder_rewrite_z.blif
real_hand_written_full_adder,rewrite_z,new_n13,1,new_n12,1.0,1.0,1.0,1.0,1,1,1,exact_anchor,1,1,8,1,4b25162f97402510,4b25162f97402510,2,2,2,2,exact anchor SAT sanity check (score 1.000),True,variants/real_hand_written_full_adder_original.blif,variants/real_hand_written_full_adder_rewrite_z.blif
real_hand_written_full_adder,rewrite_z,new_n14,1,new_n14,1.0,1.0,1.0,1.0,1,1,1,exact_anchor,1,1,8,1,3544f5ddbae4140c,3544f5ddbae4140c,2,2,2,2,exact anchor SAT sanity check (score 1.000),True,variants/real_hand_written_full_adder_original.blif,variants/real_hand_written_full_adder_rewrite_z.blif
real_hand_written_mux_4to1,balance,new_n9,1,new_n13,1.0,1.0,1.0,1.0,2,2,1,exact_anchor,1,1,64,1,74b4e6d482457dc6,74b4e6d482457dc6,3,3,2,2,exact anchor SAT sanity check (score 1.000),True,variants/real_hand_written_mux_4to1_original.blif,variants/real_hand_written_mux_4to1_balance.blif
real_hand_written_mux_4to1,balance,new_n11,1,new_n15,1.0,1.0,1.0,1.0,2,2,1,exact_anchor,1,1,64,1,1d0c70974cbd573b,1d0c70974cbd573b,3,3,2,2,exact anchor SAT sanity check (score 1.000),True,variants/real_hand_written_mux_4to1_original.blif,variants/real_hand_written_mux_4to1_balance.blif
real_hand_written_mux_4to1,balance,new_n13,1,new_n9,1.0,1.0,1.0,1.0,2,2,1,exact_anchor,1,1,64,1,1d0268911630e006,1d0268911630e006,3,3,2,2,exact anchor SAT sanity check (score 1.000),True,variants/real_hand_written_mux_4to1_original.blif,variants/real_hand_written_mux_4to1_balance.blif
real_hand_written_mux_4to1,balance,new_n15,1,new_n11,1.0,1.0,1.0,1.0,2,2,1,exact_anchor,1,1,64,1,3db5fabbbca941b8,3db5fabbbca941b8,3,3,2,2,exact anchor SAT sanity check (score 1.000),True,variants/real_hand_written_mux_4to1_original.blif,variants/real_hand_written_mux_4to1_balance.blif
real_hand_written_mux_4to1,balance,new_n16,1,new_n16,1.0,1.0,1.0,1.0,3,3,1,exact_anchor,1,1,64,1,49cc277abc90cc14,49cc277abc90cc14,4,4,2,2,exact anchor SAT sanity check (score 1.000),True,variants/real_hand_written_mux_4to1_original.blif,variants/real_hand_written_mux_4to1_balance.blif
real_hand_written_mux_4to1,balance,new_n17,1,new_n17,1.0,1.0,1.0,1.0,3,3,1,exact_anchor,1,1,64,1,e69ff9372539d022,e69ff9372539d022,4,4,2,2,exact anchor SAT sanity check (score 1.000),True,variants/real_hand_written_mux_4to1_original.blif,variants/real_hand_written_mux_4to1_balance.blif
real_hand_written_mux_4to1,resub,new_n8,1,new_n12,1.0,1.0,1.0,1.0,1,1,1,exact_anchor,1,1,64,1,4fd24efaa38eb16c,4fd24efaa38eb16c,2,2,2,2,exact anchor SAT sanity check (score 1.000),True,variants/real_hand_written_mux_4to1_original.blif,variants/real_hand_written_mux_4to1_resub.blif
real_hand_written_mux_4to1,resub,new_n9,1,new_n13,1.0,1.0,1.0,1.0,2,2,1,exact_anchor,1,1,64,1,74b4e6d482457dc6,74b4e6d482457dc6,3,3,2,2,exact anchor SAT sanity check (score 1.000),True,variants/real_hand_written_mux_4to1_original.blif,variants/real_hand_written_mux_4to1_resub.blif
real_hand_written_mux_4to1,resub,new_n10,1,new_n14,1.0,1.0,1.0,1.0,1,1,1,exact_anchor,1,1,64,1,9204098adfb3c389,9204098adfb3c389,2,2,2,2,exact anchor SAT sanity check (score 1.000),True,variants/real_hand_written_mux_4to1_original.blif,variants/real_hand_written_mux_4to1_resub.blif
real_hand_written_mux_4to1,resub,new_n11,1,new_n15,1.0,1.0,1.0,1.0,2,2,1,exact_anchor,1,1,64,1,1d0c70974cbd573b,1d0c70974cbd573b,3,3,2,2,exact anchor SAT sanity check (score 1.000),True,variants/real_hand_written_mux_4to1_original.blif,variants/real_hand_written_mux_4to1_resub.blif
real_hand_written_mux_4to1,resub,new_n12,1,new_n16,1.0,1.0,1.0,1.0,3,3,1,exact_anchor,1,1,64,1,49cc277abc90cc14,49cc277abc90cc14,4,4,2,2,exact anchor SAT sanity check (score 1.000),True,variants/real_hand_written_mux_4to1_original.blif,variants/real_hand_written_mux_4to1_resub.blif
real_hand_written_mux_4to1,resub,new_n13,1,new_n8,1.0,1.0,1.0,1.0,1,1,1,exact_anchor,1,1,64,1,3ad8cb984dffb06b,3ad8cb984dffb06b,2,2,2,2,exact anchor SAT sanity check (score 1.000),True,variants/real_hand_written_mux_4to1_original.blif,variants/real_hand_written_mux_4to1_resub.blif
real_hand_written_mux_4to1,resub,new_n14,1,new_n9,1.0,1.0,1.0,1.0,2,2,1,exact_anchor,1,1,64,1,1d0268911630e006,1d0268911630e006,3,3,2,2,exact anchor SAT sanity check (score 1.000),True,variants/real_hand_written_mux_4to1_original.blif,variants/real_hand_written_mux_4to1_resub.blif
real_hand_written_mux_4to1,resub,new_n15,1,new_n10,1.0,1.0,1.0,1.0,1,1,1,exact_anchor,1,1,64,1,968131372fd6abe2,968131372fd6abe2,2,2,2,2,exact anchor SAT sanity check (score 1.000),True,variants/real_hand_written_mux_4to1_original.blif,variants/real_hand_written_mux_4to1_resub.blif
real_hand_written_mux_4to1,resub,new_n16,1,new_n11,1.0,1.0,1.0,1.0,2,2,1,exact_anchor,1,1,64,1,3db5fabbbca941b8,3db5fabbbca941b8,3,3,2,2,exact anchor SAT sanity check (score 1.000),True,variants/real_hand_written_mux_4to1_original.blif,variants/real_hand_written_mux_4to1_resub.blif
real_hand_written_mux_4to1,resub,new_n17,1,new_n17,1.0,1.0,1.0,1.0,3,3,1,exact_anchor,1,1,64,1,e69ff9372539d022,e69ff9372539d022,4,4,2,2,exact anchor SAT sanity check (score 1.000),True,variants/real_hand_written_mux_4to1_original.blif,variants/real_hand_written_mux_4to1_resub.blif
real_hand_written_parity_8,balance,new_n10,1,new_n10,1.0,1.0,1.0,1.0,1,1,1,exact_anchor,1,1,256,1,998444bfaf7dff6b,998444bfaf7dff6b,2,2,2,2,exact anchor SAT sanity check (score 1.000),True,variants/real_hand_written_parity_8_original.blif,variants/real_hand_written_parity_8_balance.blif
real_hand_written_parity_8,balance,new_n11,1,new_n11,1.0,1.0,1.0,1.0,1,1,1,exact_anchor,1,1,256,1,8bfaaead4c290f33,8bfaaead4c290f33,2,2,2,2,exact anchor SAT sanity check (score 1.000),True,variants/real_hand_written_parity_8_original.blif,variants/real_hand_written_parity_8_balance.blif
real_hand_written_parity_8,balance,new_n12,1,new_n12,1.0,1.0,1.0,1.0,2,2,1,exact_anchor,1,1,256,1,989b6c26e4ab4049,989b6c26e4ab4049,2,2,2,2,exact anchor SAT sanity check (score 1.000),True,variants/real_hand_written_parity_8_original.blif,variants/real_hand_written_parity_8_balance.blif
real_hand_written_parity_8,balance,new_n13,1,new_n13,1.0,1.0,1.0,1.0,1,1,1,exact_anchor,1,1,256,1,ddf9b0105503b56e,ddf9b0105503b56e,2,2,2,2,exact anchor SAT sanity check (score 1.000),True,variants/real_hand_written_parity_8_original.blif,variants/real_hand_written_parity_8_balance.blif
real_hand_written_parity_8,balance,new_n14,1,new_n14,1.0,1.0,1.0,1.0,1,1,1,exact_anchor,1,1,256,1,ea4e897b11f2ded5,ea4e897b11f2ded5,2,2,2,2,exact anchor SAT sanity check (score 1.000),True,variants/real_hand_written_parity_8_original.blif,variants/real_hand_written_parity_8_balance.blif
real_hand_written_parity_8,balance,new_n15,1,new_n15,1.0,1.0,1.0,1.0,2,2,1,exact_anchor,1,1,256,1,accc805865fc8772,accc805865fc8772,2,2,2,2,exact anchor SAT sanity check (score 1.000),True,variants/real_hand_written_parity_8_original.blif,variants/real_hand_written_parity_8_balance.blif
real_hand_written_parity_8,balance,new_n16,1,new_n16,1.0,1.0,1.0,1.0,3,3,1,exact_anchor,1,1,256,1,76c87575f35a4fb7,76c87575f35a4fb7,4,4,2,2,exact anchor SAT sanity check (score 1.000),True,variants/real_hand_written_parity_8_original.blif,variants/real_hand_written_parity_8_balance.blif
real_hand_written_parity_8,balance,new_n17,1,new_n17,1.0,1.0,1.0,1.0,3,3,1,exact_anchor,1,1,256,1,ef6dcec1379d02dc,ef6dcec1379d02dc,4,4,2,2,exact anchor SAT sanity check (score 1.000),True,variants/real_hand_written_parity_8_original.blif,variants/real_hand_written_parity_8_balance.blif
real_hand_written_parity_8,balance,new_n18,1,new_n18,1.0,1.0,1.0,1.0,4,4,1,exact_anchor,1,1,256,1,c33643c9f7b78871,c33643c9f7b78871,4,4,2,2,exact anchor SAT sanity check (score 1.000),True,variants/real_hand_written_parity_8_original.blif,variants/real_hand_written_parity_8_balance.blif
real_hand_written_parity_8,balance,new_n19,1,new_n19,1.0,1.0,1.0,1.0,1,1,1,exact_anchor,1,1,256,1,2650dbd44a3c16c9,2650dbd44a3c16c9,2,2,2,2,exact anchor SAT sanity check (score 1.000),True,variants/real_hand_written_parity_8_original.blif,variants/real_hand_written_parity_8_balance.blif
real_hand_written_parity_8,balance,new_n20,1,new_n20,1.0,1.0,1.0,1.0,1,1,1,exact_anchor,1,1,256,1,4d58eb903eae732e,4d58eb903eae732e,2,2,2,2,exact anchor SAT sanity check (score 1.000),True,variants/real_hand_written_parity_8_original.blif,variants/real_hand_written_parity_8_balance.blif
real_hand_written_parity_8,balance,new_n21,1,new_n21,1.0,1.0,1.0,1.0,2,2,1,exact_anchor,1,1,256,1,d22cfb5b66de32f5,d22cfb5b66de32f5,2,2,2,2,exact anchor SAT sanity check (score 1.000),True,variants/real_hand_written_parity_8_original.blif,variants/real_hand_written_parity_8_balance.blif
real_hand_written_parity_8,balance,new_n22,1,new_n22,1.0,1.0,1.0,1.0,1,1,1,exact_anchor,1,1,256,1,1e0aca332e7e065d,1e0aca332e7e065d,2,2,2,2,exact anchor SAT sanity check (score 1.000),True,variants/real_hand_written_parity_8_original.blif,variants/real_hand_written_parity_8_balance.blif
real_hand_written_parity_8,balance,new_n23,1,new_n23,1.0,1.0,1.0,1.0,1,1,1,exact_anchor,1,1,256,1,68fc986bb1043df7,68fc986bb1043df7,2,2,2,2,exact anchor SAT sanity check (score 1.000),True,variants/real_hand_written_parity_8_original.blif,variants/real_hand_written_parity_8_balance.blif
real_hand_written_parity_8,balance,new_n24,1,new_n24,1.0,1.0,1.0,1.0,2,2,1,exact_anchor,1,1,256,1,4ec22529c89ee971,4ec22529c89ee971,2,2,2,2,exact anchor SAT sanity check (score 1.000),True,variants/real_hand_written_parity_8_original.blif,variants/real_hand_written_parity_8_balance.blif
real_hand_written_parity_8,balance,new_n25,1,new_n25,1.0,1.0,1.0,1.0,3,3,1,exact_anchor,1,1,256,1,72bc4b8b95688c1c,72bc4b8b95688c1c,4,4,2,2,exact anchor SAT sanity check (score 1.000),True,variants/real_hand_written_parity_8_original.blif,variants/real_hand_written_parity_8_balance.blif
real_hand_written_parity_8,balance,new_n26,1,new_n26,1.0,1.0,1.0,1.0,3,3,1,exact_anchor,1,1,256,1,2696fec319262507,2696fec319262507,4,4,2,2,exact anchor SAT sanity check (score 1.000),True,variants/real_hand_written_parity_8_original.blif,variants/real_hand_written_parity_8_balance.blif
real_hand_written_parity_8,balance,new_n27,1,new_n27,1.0,1.0,1.0,1.0,4,4,1,exact_anchor,1,1,256,1,5d06ea8d32ebc790,5d06ea8d32ebc790,4,4,2,2,exact anchor SAT sanity check (score 1.000),True,variants/real_hand_written_parity_8_original.blif,variants/real_hand_written_parity_8_balance.blif
real_hand_written_parity_8,balance,new_n28,1,new_n28,1.0,1.0,1.0,1.0,5,5,1,exact_anchor,1,1,256,1,fcaea84c1c61d91a,fcaea84c1c61d91a,8,8,2,2,exact anchor SAT sanity check (score 1.000),True,variants/real_hand_written_parity_8_original.blif,variants/real_hand_written_parity_8_balance.blif
real_hand_written_parity_8,balance,new_n29,1,new_n29,1.0,1.0,1.0,1.0,5,5,1,exact_anchor,1,1,256,1,cd117222684e6e1a,cd117222684e6e1a,8,8,2,2,exact anchor SAT sanity check (score 1.000),True,variants/real_hand_written_parity_8_original.blif,variants/real_hand_written_parity_8_balance.blif
real_hand_written_parity_8,compress2rs,new_n25,1,new_n25,1.0,1.0,1.0,1.0,3,3,1,exact_anchor,1,1,256,1,72bc4b8b95688c1c,72bc4b8b95688c1c,4,4,2,2,exact anchor SAT sanity check (score 1.000),True,variants/real_hand_written_parity_8_original.blif,variants/real_hand_written_parity_8_compress2rs.blif
real_hand_written_parity_8,compress2rs,new_n26,1,new_n26,1.0,1.0,1.0,1.0,3,3,1,exact_anchor,1,1,256,1,2696fec319262507,2696fec319262507,4,4,2,2,exact anchor SAT sanity check (score 1.000),True,variants/real_hand_written_parity_8_original.blif,variants/real_hand_written_parity_8_compress2rs.blif
real_hand_written_parity_8,compress2rs,new_n27,1,new_n27,1.0,1.0,1.0,1.0,4,4,1,exact_anchor,1,1,256,1,5d06ea8d32ebc790,5d06ea8d32ebc790,4,4,2,2,exact anchor SAT sanity check (score 1.000),True,variants/real_hand_written_parity_8_original.blif,variants/real_hand_written_parity_8_compress2rs.blif
real_hand_written_parity_8,compress2rs,new_n28,1,new_n29,1.0,1.0,1.0,1.0,5,5,1,exact_anchor,1,1,256,1,cd117222684e6e1a,cd117222684e6e1a,8,8,2,2,exact anchor SAT sanity check (score 1.000),True,variants/real_hand_written_parity_8_original.blif,variants/real_hand_written_parity_8_compress2rs.blif
real_hand_written_parity_8,compress2rs,new_n29,1,new_n28,1.0,1.0,1.0,1.0,5,5,1,exact_anchor,1,1,256,1,fcaea84c1c61d91a,fcaea84c1c61d91a,8,8,2,2,exact anchor SAT sanity check (score 1.000),True,variants/real_hand_written_parity_8_original.blif,variants/real_hand_written_parity_8_compress2rs.blif
real_hand_written_parity_8,dc2,new_n13,1,new_n22,1.0,1.0,1.0,1.0,1,1,1,exact_anchor,1,1,256,1,1e0aca332e7e065d,1e0aca332e7e065d,2,2,2,2,exact anchor SAT sanity check (score 1.000),True,variants/real_hand_written_parity_8_original.blif,variants/real_hand_written_parity_8_dc2.blif
real_hand_written_parity_8,dc2,new_n14,1,new_n23,1.0,1.0,1.0,1.0,1,1,1,exact_anchor,1,1,256,1,68fc986bb1043df7,68fc986bb1043df7,2,2,2,2,exact anchor SAT sanity check (score 1.000),True,variants/real_hand_written_parity_8_original.blif,variants/real_hand_written_parity_8_dc2.blif
real_hand_written_parity_8,dc2,new_n15,1,new_n24,1.0,1.0,1.0,1.0,2,2,1,exact_anchor,1,1,256,1,4ec22529c89ee971,4ec22529c89ee971,2,2,2,2,exact anchor SAT sanity check (score 1.000),True,variants/real_hand_written_parity_8_original.blif,variants/real_hand_written_parity_8_dc2.blif
real_hand_written_parity_8,dc2,new_n19,1,new_n20,1.0,1.0,1.0,1.0,1,1,1,exact_anchor,1,1,256,1,4d58eb903eae732e,4d58eb903eae732e,2,2,2,2,exact anchor SAT sanity check (score 1.000),True,variants/real_hand_written_parity_8_original.blif,variants/real_hand_written_parity_8_dc2.blif
real_hand_written_parity_8,dc2,new_n20,1,new_n19,1.0,1.0,1.0,1.0,1,1,1,exact_anchor,1,1,256,1,2650dbd44a3c16c9,2650dbd44a3c16c9,2,2,2,2,exact anchor SAT sanity check (score 1.000),True,variants/real_hand_written_parity_8_original.blif,variants/real_hand_written_parity_8_dc2.blif
real_hand_written_parity_8,dc2,new_n21,1,new_n21,1.0,1.0,1.0,1.0,2,2,1,exact_anchor,1,1,256,1,d22cfb5b66de32f5,d22cfb5b66de32f5,2,2,2,2,exact anchor SAT sanity check (score 1.000),True,variants/real_hand_written_parity_8_original.blif,variants/real_hand_written_parity_8_dc2.blif
real_hand_written_parity_8,refactor,new_n10,1,new_n10,1.0,1.0,1.0,1.0,1,1,1,exact_anchor,1,1,256,1,998444bfaf7dff6b,998444bfaf7dff6b,2,2,2,2,exact anchor SAT sanity check (score 1.000),True,variants/real_hand_written_parity_8_original.blif,variants/real_hand_written_parity_8_refactor.blif
real_hand_written_parity_8,refactor,new_n11,1,new_n11,1.0,1.0,1.0,1.0,1,1,1,exact_anchor,1,1,256,1,8bfaaead4c290f33,8bfaaead4c290f33,2,2,2,2,exact anchor SAT sanity check (score 1.000),True,variants/real_hand_written_parity_8_original.blif,variants/real_hand_written_parity_8_refactor.blif
real_hand_written_parity_8,refactor,new_n12,1,new_n12,1.0,1.0,1.0,1.0,2,2,1,exact_anchor,1,1,256,1,989b6c26e4ab4049,989b6c26e4ab4049,2,2,2,2,exact anchor SAT sanity check (score 1.000),True,variants/real_hand_written_parity_8_original.blif,variants/real_hand_written_parity_8_refactor.blif
real_hand_written_parity_8,refactor,new_n13,1,new_n13,1.0,1.0,1.0,1.0,1,1,1,exact_anchor,1,1,256,1,ddf9b0105503b56e,ddf9b0105503b56e,2,2,2,2,exact anchor SAT sanity check (score 1.000),True,variants/real_hand_written_parity_8_original.blif,variants/real_hand_written_parity_8_refactor.blif
real_hand_written_parity_8,refactor,new_n14,1,new_n14,1.0,1.0,1.0,1.0,1,1,1,exact_anchor,1,1,256,1,ea4e897b11f2ded5,ea4e897b11f2ded5,2,2,2,2,exact anchor SAT sanity check (score 1.000),True,variants/real_hand_written_parity_8_original.blif,variants/real_hand_written_parity_8_refactor.blif
real_hand_written_parity_8,refactor,new_n15,1,new_n15,1.0,1.0,1.0,1.0,2,2,1,exact_anchor,1,1,256,1,accc805865fc8772,accc805865fc8772,2,2,2,2,exact anchor SAT sanity check (score 1.000),True,variants/real_hand_written_parity_8_original.blif,variants/real_hand_written_parity_8_refactor.blif
real_hand_written_parity_8,refactor,new_n16,1,new_n16,1.0,1.0,1.0,1.0,3,3,1,exact_anchor,1,1,256,1,76c87575f35a4fb7,76c87575f35a4fb7,4,4,2,2,exact anchor SAT sanity check (score 1.000),True,variants/real_hand_written_parity_8_original.blif,variants/real_hand_written_parity_8_refactor.blif
real_hand_written_parity_8,refactor,new_n17,1,new_n17,1.0,1.0,1.0,1.0,3,3,1,exact_anchor,1,1,256,1,ef6dcec1379d02dc,ef6dcec1379d02dc,4,4,2,2,exact anchor SAT sanity check (score 1.000),True,variants/real_hand_written_parity_8_original.blif,variants/real_hand_written_parity_8_refactor.blif
real_hand_written_parity_8,refactor,new_n18,1,new_n18,1.0,1.0,1.0,1.0,4,4,1,exact_anchor,1,1,256,1,c33643c9f7b78871,c33643c9f7b78871,4,4,2,2,exact anchor SAT sanity check (score 1.000),True,variants/real_hand_written_parity_8_original.blif,variants/real_hand_written_parity_8_refactor.blif
real_hand_written_parity_8,refactor,new_n19,1,new_n19,1.0,1.0,1.0,1.0,1,1,1,exact_anchor,1,1,256,1,2650dbd44a3c16c9,2650dbd44a3c16c9,2,2,2,2,exact anchor SAT sanity check (score 1.000),True,variants/real_hand_written_parity_8_original.blif,variants/real_hand_written_parity_8_refactor.blif
real_hand_written_parity_8,refactor,new_n20,1,new_n20,1.0,1.0,1.0,1.0,1,1,1,exact_anchor,1,1,256,1,4d58eb903eae732e,4d58eb903eae732e,2,2,2,2,exact anchor SAT sanity check (score 1.000),True,variants/real_hand_written_parity_8_original.blif,variants/real_hand_written_parity_8_refactor.blif
real_hand_written_parity_8,refactor,new_n21,1,new_n21,1.0,1.0,1.0,1.0,2,2,1,exact_anchor,1,1,256,1,d22cfb5b66de32f5,d22cfb5b66de32f5,2,2,2,2,exact anchor SAT sanity check (score 1.000),True,variants/real_hand_written_parity_8_original.blif,variants/real_hand_written_parity_8_refactor.blif
real_hand_written_parity_8,refactor,new_n22,1,new_n22,1.0,1.0,1.0,1.0,1,1,1,exact_anchor,1,1,256,1,1e0aca332e7e065d,1e0aca332e7e065d,2,2,2,2,exact anchor SAT sanity check (score 1.000),True,variants/real_hand_written_parity_8_original.blif,variants/real_hand_written_parity_8_refactor.blif
real_hand_written_parity_8,refactor,new_n23,1,new_n23,1.0,1.0,1.0,1.0,1,1,1,exact_anchor,1,1,256,1,68fc986bb1043df7,68fc986bb1043df7,2,2,2,2,exact anchor SAT sanity check (score 1.000),True,variants/real_hand_written_parity_8_original.blif,variants/real_hand_written_parity_8_refactor.blif
real_hand_written_parity_8,refactor,new_n24,1,new_n24,1.0,1.0,1.0,1.0,2,2,1,exact_anchor,1,1,256,1,4ec22529c89ee971,4ec22529c89ee971,2,2,2,2,exact anchor SAT sanity check (score 1.000),True,variants/real_hand_written_parity_8_original.blif,variants/real_hand_written_parity_8_refactor.blif
real_hand_written_parity_8,refactor,new_n25,1,new_n25,1.0,1.0,1.0,1.0,3,3,1,exact_anchor,1,1,256,1,72bc4b8b95688c1c,72bc4b8b95688c1c,4,4,2,2,exact anchor SAT sanity check (score 1.000),True,variants/real_hand_written_parity_8_original.blif,variants/real_hand_written_parity_8_refactor.blif
real_hand_written_parity_8,refactor,new_n26,1,new_n26,1.0,1.0,1.0,1.0,3,3,1,exact_anchor,1,1,256,1,2696fec319262507,2696fec319262507,4,4,2,2,exact anchor SAT sanity check (score 1.000),True,variants/real_hand_written_parity_8_original.blif,variants/real_hand_written_parity_8_refactor.blif
real_hand_written_parity_8,refactor,new_n27,1,new_n27,1.0,1.0,1.0,1.0,4,4,1,exact_anchor,1,1,256,1,5d06ea8d32ebc790,5d06ea8d32ebc790,4,4,2,2,exact anchor SAT sanity check (score 1.000),True,variants/real_hand_written_parity_8_original.blif,variants/real_hand_written_parity_8_refactor.blif
real_hand_written_parity_8,refactor,new_n28,1,new_n28,1.0,1.0,1.0,1.0,5,5,1,exact_anchor,1,1,256,1,fcaea84c1c61d91a,fcaea84c1c61d91a,8,8,2,2,exact anchor SAT sanity check (score 1.000),True,variants/real_hand_written_parity_8_original.blif,variants/real_hand_written_parity_8_refactor.blif
real_hand_written_parity_8,refactor,new_n29,1,new_n29,1.0,1.0,1.0,1.0,5,5,1,exact_anchor,1,1,256,1,cd117222684e6e1a,cd117222684e6e1a,8,8,2,2,exact anchor SAT sanity check (score 1.000),True,variants/real_hand_written_parity_8_original.blif,variants/real_hand_written_parity_8_refactor.blif
real_hand_written_parity_8,refactor_z,new_n16,1,new_n16,1.0,1.0,1.0,1.0,3,3,1,exact_anchor,1,1,256,1,76c87575f35a4fb7,76c87575f35a4fb7,4,4,2,2,exact anchor SAT sanity check (score 1.000),True,variants/real_hand_written_parity_8_original.blif,variants/real_hand_written_parity_8_refactor_z.blif
real_hand_written_parity_8,refactor_z,new_n17,1,new_n17,1.0,1.0,1.0,1.0,3,3,1,exact_anchor,1,1,256,1,ef6dcec1379d02dc,ef6dcec1379d02dc,4,4,2,2,exact anchor SAT sanity check (score 1.000),True,variants/real_hand_written_parity_8_original.blif,variants/real_hand_written_parity_8_refactor_z.blif
real_hand_written_parity_8,refactor_z,new_n18,1,new_n18,1.0,1.0,1.0,1.0,4,4,1,exact_anchor,1,1,256,1,c33643c9f7b78871,c33643c9f7b78871,4,4,2,2,exact anchor SAT sanity check (score 1.000),True,variants/real_hand_written_parity_8_original.blif,variants/real_hand_written_parity_8_refactor_z.blif
real_hand_written_parity_8,refactor_z,new_n25,1,new_n25,1.0,1.0,1.0,1.0,3,3,1,exact_anchor,1,1,256,1,72bc4b8b95688c1c,72bc4b8b95688c1c,4,4,2,2,exact anchor SAT sanity check (score 1.000),True,variants/real_hand_written_parity_8_original.blif,variants/real_hand_written_parity_8_refactor_z.blif
real_hand_written_parity_8,refactor_z,new_n26,1,new_n26,1.0,1.0,1.0,1.0,3,3,1,exact_anchor,1,1,256,1,2696fec319262507,2696fec319262507,4,4,2,2,exact anchor SAT sanity check (score 1.000),True,variants/real_hand_written_parity_8_original.blif,variants/real_hand_written_parity_8_refactor_z.blif
real_hand_written_parity_8,refactor_z,new_n27,1,new_n27,1.0,1.0,1.0,1.0,4,4,1,exact_anchor,1,1,256,1,5d06ea8d32ebc790,5d06ea8d32ebc790,4,4,2,2,exact anchor SAT sanity check (score 1.000),True,variants/real_hand_written_parity_8_original.blif,variants/real_hand_written_parity_8_refactor_z.blif
real_hand_written_parity_8,refactor_z,new_n28,1,new_n28,1.0,1.0,1.0,1.0,5,5,1,exact_anchor,1,1,256,1,fcaea84c1c61d91a,fcaea84c1c61d91a,8,8,2,2,exact anchor SAT sanity check (score 1.000),True,variants/real_hand_written_parity_8_original.blif,variants/real_hand_written_parity_8_refactor_z.blif
real_hand_written_parity_8,refactor_z,new_n29,1,new_n29,1.0,1.0,1.0,1.0,5,5,1,exact_anchor,1,1,256,1,cd117222684e6e1a,cd117222684e6e1a,8,8,2,2,exact anchor SAT sanity check (score 1.000),True,variants/real_hand_written_parity_8_original.blif,variants/real_hand_written_parity_8_refactor_z.blif
real_hand_written_parity_8,resub,new_n10,1,new_n10,1.0,1.0,1.0,1.0,1,1,1,exact_anchor,1,1,256,1,998444bfaf7dff6b,998444bfaf7dff6b,2,2,2,2,exact anchor SAT sanity check (score 1.000),True,variants/real_hand_written_parity_8_original.blif,variants/real_hand_written_parity_8_resub.blif
real_hand_written_parity_8,resub,new_n11,1,new_n11,1.0,1.0,1.0,1.0,1,1,1,exact_anchor,1,1,256,1,8bfaaead4c290f33,8bfaaead4c290f33,2,2,2,2,exact anchor SAT sanity check (score 1.000),True,variants/real_hand_written_parity_8_original.blif,variants/real_hand_written_parity_8_resub.blif
real_hand_written_parity_8,resub,new_n12,1,new_n12,1.0,1.0,1.0,1.0,2,2,1,exact_anchor,1,1,256,1,989b6c26e4ab4049,989b6c26e4ab4049,2,2,2,2,exact anchor SAT sanity check (score 1.000),True,variants/real_hand_written_parity_8_original.blif,variants/real_hand_written_parity_8_resub.blif
real_hand_written_parity_8,resub,new_n13,1,new_n13,1.0,1.0,1.0,1.0,1,1,1,exact_anchor,1,1,256,1,ddf9b0105503b56e,ddf9b0105503b56e,2,2,2,2,exact anchor SAT sanity check (score 1.000),True,variants/real_hand_written_parity_8_original.blif,variants/real_hand_written_parity_8_resub.blif
real_hand_written_parity_8,resub,new_n14,1,new_n14,1.0,1.0,1.0,1.0,1,1,1,exact_anchor,1,1,256,1,ea4e897b11f2ded5,ea4e897b11f2ded5,2,2,2,2,exact anchor SAT sanity check (score 1.000),True,variants/real_hand_written_parity_8_original.blif,variants/real_hand_written_parity_8_resub.blif
real_hand_written_parity_8,resub,new_n15,1,new_n15,1.0,1.0,1.0,1.0,2,2,1,exact_anchor,1,1,256,1,accc805865fc8772,accc805865fc8772,2,2,2,2,exact anchor SAT sanity check (score 1.000),True,variants/real_hand_written_parity_8_original.blif,variants/real_hand_written_parity_8_resub.blif
real_hand_written_parity_8,resub,new_n16,1,new_n16,1.0,1.0,1.0,1.0,3,3,1,exact_anchor,1,1,256,1,76c87575f35a4fb7,76c87575f35a4fb7,4,4,2,2,exact anchor SAT sanity check (score 1.000),True,variants/real_hand_written_parity_8_original.blif,variants/real_hand_written_parity_8_resub.blif
real_hand_written_parity_8,resub,new_n17,1,new_n17,1.0,1.0,1.0,1.0,3,3,1,exact_anchor,1,1,256,1,ef6dcec1379d02dc,ef6dcec1379d02dc,4,4,2,2,exact anchor SAT sanity check (score 1.000),True,variants/real_hand_written_parity_8_original.blif,variants/real_hand_written_parity_8_resub.blif
real_hand_written_parity_8,resub,new_n18,1,new_n18,1.0,1.0,1.0,1.0,4,4,1,exact_anchor,1,1,256,1,c33643c9f7b78871,c33643c9f7b78871,4,4,2,2,exact anchor SAT sanity check (score 1.000),True,variants/real_hand_written_parity_8_original.blif,variants/real_hand_written_parity_8_resub.blif
real_hand_written_parity_8,resub,new_n19,1,new_n19,1.0,1.0,1.0,1.0,1,1,1,exact_anchor,1,1,256,1,2650dbd44a3c16c9,2650dbd44a3c16c9,2,2,2,2,exact anchor SAT sanity check (score 1.000),True,variants/real_hand_written_parity_8_original.blif,variants/real_hand_written_parity_8_resub.blif
real_hand_written_parity_8,resub,new_n20,1,new_n20,1.0,1.0,1.0,1.0,1,1,1,exact_anchor,1,1,256,1,4d58eb903eae732e,4d58eb903eae732e,2,2,2,2,exact anchor SAT sanity check (score 1.000),True,variants/real_hand_written_parity_8_original.blif,variants/real_hand_written_parity_8_resub.blif
real_hand_written_parity_8,resub,new_n21,1,new_n21,1.0,1.0,1.0,1.0,2,2,1,exact_anchor,1,1,256,1,d22cfb5b66de32f5,d22cfb5b66de32f5,2,2,2,2,exact anchor SAT sanity check (score 1.000),True,variants/real_hand_written_parity_8_original.blif,variants/real_hand_written_parity_8_resub.blif
real_hand_written_parity_8,resub,new_n22,1,new_n22,1.0,1.0,1.0,1.0,1,1,1,exact_anchor,1,1,256,1,1e0aca332e7e065d,1e0aca332e7e065d,2,2,2,2,exact anchor SAT sanity check (score 1.000),True,variants/real_hand_written_parity_8_original.blif,variants/real_hand_written_parity_8_resub.blif
real_hand_written_parity_8,resub,new_n23,1,new_n23,1.0,1.0,1.0,1.0,1,1,1,exact_anchor,1,1,256,1,68fc986bb1043df7,68fc986bb1043df7,2,2,2,2,exact anchor SAT sanity check (score 1.000),True,variants/real_hand_written_parity_8_original.blif,variants/real_hand_written_parity_8_resub.blif
real_hand_written_parity_8,resub,new_n24,1,new_n24,1.0,1.0,1.0,1.0,2,2,1,exact_anchor,1,1,256,1,4ec22529c89ee971,4ec22529c89ee971,2,2,2,2,exact anchor SAT sanity check (score 1.000),True,variants/real_hand_written_parity_8_original.blif,variants/real_hand_written_parity_8_resub.blif
real_hand_written_parity_8,resub,new_n25,1,new_n25,1.0,1.0,1.0,1.0,3,3,1,exact_anchor,1,1,256,1,72bc4b8b95688c1c,72bc4b8b95688c1c,4,4,2,2,exact anchor SAT sanity check (score 1.000),True,variants/real_hand_written_parity_8_original.blif,variants/real_hand_written_parity_8_resub.blif
real_hand_written_parity_8,resub,new_n26,1,new_n26,1.0,1.0,1.0,1.0,3,3,1,exact_anchor,1,1,256,1,2696fec319262507,2696fec319262507,4,4,2,2,exact anchor SAT sanity check (score 1.000),True,variants/real_hand_written_parity_8_original.blif,variants/real_hand_written_parity_8_resub.blif
real_hand_written_parity_8,resub,new_n27,1,new_n27,1.0,1.0,1.0,1.0,4,4,1,exact_anchor,1,1,256,1,5d06ea8d32ebc790,5d06ea8d32ebc790,4,4,2,2,exact anchor SAT sanity check (score 1.000),True,variants/real_hand_written_parity_8_original.blif,variants/real_hand_written_parity_8_resub.blif
real_hand_written_parity_8,resub,new_n28,1,new_n28,1.0,1.0,1.0,1.0,5,5,1,exact_anchor,1,1,256,1,fcaea84c1c61d91a,fcaea84c1c61d91a,8,8,2,2,exact anchor SAT sanity check (score 1.000),True,variants/real_hand_written_parity_8_original.blif,variants/real_hand_written_parity_8_resub.blif
real_hand_written_parity_8,resub,new_n29,1,new_n29,1.0,1.0,1.0,1.0,5,5,1,exact_anchor,1,1,256,1,cd117222684e6e1a,cd117222684e6e1a,8,8,2,2,exact anchor SAT sanity check (score 1.000),True,variants/real_hand_written_parity_8_original.blif,variants/real_hand_written_parity_8_resub.blif
real_hand_written_parity_8,resyn,new_n10,1,new_n10,1.0,1.0,1.0,1.0,1,1,1,exact_anchor,1,1,256,1,998444bfaf7dff6b,998444bfaf7dff6b,2,2,2,2,exact anchor SAT sanity check (score 1.000),True,variants/real_hand_written_parity_8_original.blif,variants/real_hand_written_parity_8_resyn.blif
real_hand_written_parity_8,resyn,new_n11,1,new_n11,1.0,1.0,1.0,1.0,1,1,1,exact_anchor,1,1,256,1,8bfaaead4c290f33,8bfaaead4c290f33,2,2,2,2,exact anchor SAT sanity check (score 1.000),True,variants/real_hand_written_parity_8_original.blif,variants/real_hand_written_parity_8_resyn.blif
real_hand_written_parity_8,resyn,new_n12,1,new_n12,1.0,1.0,1.0,1.0,2,2,1,exact_anchor,1,1,256,1,989b6c26e4ab4049,989b6c26e4ab4049,2,2,2,2,exact anchor SAT sanity check (score 1.000),True,variants/real_hand_written_parity_8_original.blif,variants/real_hand_written_parity_8_resyn.blif
real_hand_written_parity_8,resyn,new_n13,1,new_n13,1.0,1.0,1.0,1.0,1,1,1,exact_anchor,1,1,256,1,ddf9b0105503b56e,ddf9b0105503b56e,2,2,2,2,exact anchor SAT sanity check (score 1.000),True,variants/real_hand_written_parity_8_original.blif,variants/real_hand_written_parity_8_resyn.blif
real_hand_written_parity_8,resyn,new_n14,1,new_n14,1.0,1.0,1.0,1.0,1,1,1,exact_anchor,1,1,256,1,ea4e897b11f2ded5,ea4e897b11f2ded5,2,2,2,2,exact anchor SAT sanity check (score 1.000),True,variants/real_hand_written_parity_8_original.blif,variants/real_hand_written_parity_8_resyn.blif
real_hand_written_parity_8,resyn,new_n15,1,new_n15,1.0,1.0,1.0,1.0,2,2,1,exact_anchor,1,1,256,1,accc805865fc8772,accc805865fc8772,2,2,2,2,exact anchor SAT sanity check (score 1.000),True,variants/real_hand_written_parity_8_original.blif,variants/real_hand_written_parity_8_resyn.blif
real_hand_written_parity_8,resyn,new_n19,1,new_n19,1.0,1.0,1.0,1.0,1,1,1,exact_anchor,1,1,256,1,2650dbd44a3c16c9,2650dbd44a3c16c9,2,2,2,2,exact anchor SAT sanity check (score 1.000),True,variants/real_hand_written_parity_8_original.blif,variants/real_hand_written_parity_8_resyn.blif
real_hand_written_parity_8,resyn,new_n20,1,new_n20,1.0,1.0,1.0,1.0,1,1,1,exact_anchor,1,1,256,1,4d58eb903eae732e,4d58eb903eae732e,2,2,2,2,exact anchor SAT sanity check (score 1.000),True,variants/real_hand_written_parity_8_original.blif,variants/real_hand_written_parity_8_resyn.blif
real_hand_written_parity_8,resyn,new_n21,1,new_n21,1.0,1.0,1.0,1.0,2,2,1,exact_anchor,1,1,256,1,d22cfb5b66de32f5,d22cfb5b66de32f5,2,2,2,2,exact anchor SAT sanity check (score 1.000),True,variants/real_hand_written_parity_8_original.blif,variants/real_hand_written_parity_8_resyn.blif
real_hand_written_parity_8,resyn,new_n22,1,new_n22,1.0,1.0,1.0,1.0,1,1,1,exact_anchor,1,1,256,1,1e0aca332e7e065d,1e0aca332e7e065d,2,2,2,2,exact anchor SAT sanity check (score 1.000),True,variants/real_hand_written_parity_8_original.blif,variants/real_hand_written_parity_8_resyn.blif
real_hand_written_parity_8,resyn,new_n23,1,new_n23,1.0,1.0,1.0,1.0,1,1,1,exact_anchor,1,1,256,1,68fc986bb1043df7,68fc986bb1043df7,2,2,2,2,exact anchor SAT sanity check (score 1.000),True,variants/real_hand_written_parity_8_original.blif,variants/real_hand_written_parity_8_resyn.blif
real_hand_written_parity_8,resyn,new_n24,1,new_n24,1.0,1.0,1.0,1.0,2,2,1,exact_anchor,1,1,256,1,4ec22529c89ee971,4ec22529c89ee971,2,2,2,2,exact anchor SAT sanity check (score 1.000),True,variants/real_hand_written_parity_8_original.blif,variants/real_hand_written_parity_8_resyn.blif
real_hand_written_parity_8,resyn,new_n25,1,new_n25,1.0,1.0,1.0,1.0,3,3,1,exact_anchor,1,1,256,1,72bc4b8b95688c1c,72bc4b8b95688c1c,4,4,2,2,exact anchor SAT sanity check (score 1.000),True,variants/real_hand_written_parity_8_original.blif,variants/real_hand_written_parity_8_resyn.blif
real_hand_written_parity_8,resyn,new_n26,1,new_n26,1.0,1.0,1.0,1.0,3,3,1,exact_anchor,1,1,256,1,2696fec319262507,2696fec319262507,4,4,2,2,exact anchor SAT sanity check (score 1.000),True,variants/real_hand_written_parity_8_original.blif,variants/real_hand_written_parity_8_resyn.blif
real_hand_written_parity_8,resyn,new_n27,1,new_n27,1.0,1.0,1.0,1.0,4,4,1,exact_anchor,1,1,256,1,5d06ea8d32ebc790,5d06ea8d32ebc790,4,4,2,2,exact anchor SAT sanity check (score 1.000),True,variants/real_hand_written_parity_8_original.blif,variants/real_hand_written_parity_8_resyn.blif
real_hand_written_parity_8,resyn,new_n28,1,new_n29,1.0,1.0,1.0,1.0,5,5,1,exact_anchor,1,1,256,1,cd117222684e6e1a,cd117222684e6e1a,8,8,2,2,exact anchor SAT sanity check (score 1.000),True,variants/real_hand_written_parity_8_original.blif,variants/real_hand_written_parity_8_resyn.blif
real_hand_written_parity_8,resyn,new_n29,1,new_n28,1.0,1.0,1.0,1.0,5,5,1,exact_anchor,1,1,256,1,fcaea84c1c61d91a,fcaea84c1c61d91a,8,8,2,2,exact anchor SAT sanity check (score 1.000),True,variants/real_hand_written_parity_8_original.blif,variants/real_hand_written_parity_8_resyn.blif
real_hand_written_parity_8,resyn2,new_n25,1,new_n25,1.0,1.0,1.0,1.0,3,3,1,exact_anchor,1,1,256,1,72bc4b8b95688c1c,72bc4b8b95688c1c,4,4,2,2,exact anchor SAT sanity check (score 1.000),True,variants/real_hand_written_parity_8_original.blif,variants/real_hand_written_parity_8_resyn2.blif
real_hand_written_parity_8,resyn2,new_n26,1,new_n26,1.0,1.0,1.0,1.0,3,3,1,exact_anchor,1,1,256,1,2696fec319262507,2696fec319262507,4,4,2,2,exact anchor SAT sanity check (score 1.000),True,variants/real_hand_written_parity_8_original.blif,variants/real_hand_written_parity_8_resyn2.blif
real_hand_written_parity_8,resyn2,new_n27,1,new_n27,1.0,1.0,1.0,1.0,4,4,1,exact_anchor,1,1,256,1,5d06ea8d32ebc790,5d06ea8d32ebc790,4,4,2,2,exact anchor SAT sanity check (score 1.000),True,variants/real_hand_written_parity_8_original.blif,variants/real_hand_written_parity_8_resyn2.blif
real_hand_written_parity_8,resyn2,new_n28,1,new_n29,1.0,1.0,1.0,1.0,5,5,1,exact_anchor,1,1,256,1,cd117222684e6e1a,cd117222684e6e1a,8,8,2,2,exact anchor SAT sanity check (score 1.000),True,variants/real_hand_written_parity_8_original.blif,variants/real_hand_written_parity_8_resyn2.blif
real_hand_written_parity_8,resyn2,new_n29,1,new_n28,1.0,1.0,1.0,1.0,5,5,1,exact_anchor,1,1,256,1,fcaea84c1c61d91a,fcaea84c1c61d91a,8,8,2,2,exact anchor SAT sanity check (score 1.000),True,variants/real_hand_written_parity_8_original.blif,variants/real_hand_written_parity_8_resyn2.blif
real_hand_written_parity_8,resyn2_like,new_n25,1,new_n25,1.0,1.0,1.0,1.0,3,3,1,exact_anchor,1,1,256,1,72bc4b8b95688c1c,72bc4b8b95688c1c,4,4,2,2,exact anchor SAT sanity check (score 1.000),True,variants/real_hand_written_parity_8_original.blif,variants/real_hand_written_parity_8_resyn2_like.blif
real_hand_written_parity_8,resyn2_like,new_n26,1,new_n26,1.0,1.0,1.0,1.0,3,3,1,exact_anchor,1,1,256,1,2696fec319262507,2696fec319262507,4,4,2,2,exact anchor SAT sanity check (score 1.000),True,variants/real_hand_written_parity_8_original.blif,variants/real_hand_written_parity_8_resyn2_like.blif
real_hand_written_parity_8,resyn2_like,new_n27,1,new_n27,1.0,1.0,1.0,1.0,4,4,1,exact_anchor,1,1,256,1,5d06ea8d32ebc790,5d06ea8d32ebc790,4,4,2,2,exact anchor SAT sanity check (score 1.000),True,variants/real_hand_written_parity_8_original.blif,variants/real_hand_written_parity_8_resyn2_like.blif
real_hand_written_parity_8,resyn2_like,new_n28,1,new_n29,1.0,1.0,1.0,1.0,5,5,1,exact_anchor,1,1,256,1,cd117222684e6e1a,cd117222684e6e1a,8,8,2,2,exact anchor SAT sanity check (score 1.000),True,variants/real_hand_written_parity_8_original.blif,variants/real_hand_written_parity_8_resyn2_like.blif
real_hand_written_parity_8,resyn2_like,new_n29,1,new_n28,1.0,1.0,1.0,1.0,5,5,1,exact_anchor,1,1,256,1,fcaea84c1c61d91a,fcaea84c1c61d91a,8,8,2,2,exact anchor SAT sanity check (score 1.000),True,variants/real_hand_written_parity_8_original.blif,variants/real_hand_written_parity_8_resyn2_like.blif
real_hand_written_parity_8,rewrite,new_n10,1,new_n10,1.0,1.0,1.0,1.0,1,1,1,exact_anchor,1,1,256,1,998444bfaf7dff6b,998444bfaf7dff6b,2,2,2,2,exact anchor SAT sanity check (score 1.000),True,variants/real_hand_written_parity_8_original.blif,variants/real_hand_written_parity_8_rewrite.blif
real_hand_written_parity_8,rewrite,new_n11,1,new_n11,1.0,1.0,1.0,1.0,1,1,1,exact_anchor,1,1,256,1,8bfaaead4c290f33,8bfaaead4c290f33,2,2,2,2,exact anchor SAT sanity check (score 1.000),True,variants/real_hand_written_parity_8_original.blif,variants/real_hand_written_parity_8_rewrite.blif
real_hand_written_parity_8,rewrite,new_n12,1,new_n12,1.0,1.0,1.0,1.0,2,2,1,exact_anchor,1,1,256,1,989b6c26e4ab4049,989b6c26e4ab4049,2,2,2,2,exact anchor SAT sanity check (score 1.000),True,variants/real_hand_written_parity_8_original.blif,variants/real_hand_written_parity_8_rewrite.blif
real_hand_written_parity_8,rewrite,new_n13,1,new_n13,1.0,1.0,1.0,1.0,1,1,1,exact_anchor,1,1,256,1,ddf9b0105503b56e,ddf9b0105503b56e,2,2,2,2,exact anchor SAT sanity check (score 1.000),True,variants/real_hand_written_parity_8_original.blif,variants/real_hand_written_parity_8_rewrite.blif
real_hand_written_parity_8,rewrite,new_n14,1,new_n14,1.0,1.0,1.0,1.0,1,1,1,exact_anchor,1,1,256,1,ea4e897b11f2ded5,ea4e897b11f2ded5,2,2,2,2,exact anchor SAT sanity check (score 1.000),True,variants/real_hand_written_parity_8_original.blif,variants/real_hand_written_parity_8_rewrite.blif
real_hand_written_parity_8,rewrite,new_n15,1,new_n15,1.0,1.0,1.0,1.0,2,2,1,exact_anchor,1,1,256,1,accc805865fc8772,accc805865fc8772,2,2,2,2,exact anchor SAT sanity check (score 1.000),True,variants/real_hand_written_parity_8_original.blif,variants/real_hand_written_parity_8_rewrite.blif
real_hand_written_parity_8,rewrite,new_n16,1,new_n16,1.0,1.0,1.0,1.0,3,3,1,exact_anchor,1,1,256,1,76c87575f35a4fb7,76c87575f35a4fb7,4,4,2,2,exact anchor SAT sanity check (score 1.000),True,variants/real_hand_written_parity_8_original.blif,variants/real_hand_written_parity_8_rewrite.blif
real_hand_written_parity_8,rewrite,new_n17,1,new_n17,1.0,1.0,1.0,1.0,3,3,1,exact_anchor,1,1,256,1,ef6dcec1379d02dc,ef6dcec1379d02dc,4,4,2,2,exact anchor SAT sanity check (score 1.000),True,variants/real_hand_written_parity_8_original.blif,variants/real_hand_written_parity_8_rewrite.blif
real_hand_written_parity_8,rewrite,new_n18,1,new_n18,1.0,1.0,1.0,1.0,4,4,1,exact_anchor,1,1,256,1,c33643c9f7b78871,c33643c9f7b78871,4,4,2,2,exact anchor SAT sanity check (score 1.000),True,variants/real_hand_written_parity_8_original.blif,variants/real_hand_written_parity_8_rewrite.blif
real_hand_written_parity_8,rewrite,new_n19,1,new_n19,1.0,1.0,1.0,1.0,1,1,1,exact_anchor,1,1,256,1,2650dbd44a3c16c9,2650dbd44a3c16c9,2,2,2,2,exact anchor SAT sanity check (score 1.000),True,variants/real_hand_written_parity_8_original.blif,variants/real_hand_written_parity_8_rewrite.blif
real_hand_written_parity_8,rewrite,new_n20,1,new_n20,1.0,1.0,1.0,1.0,1,1,1,exact_anchor,1,1,256,1,4d58eb903eae732e,4d58eb903eae732e,2,2,2,2,exact anchor SAT sanity check (score 1.000),True,variants/real_hand_written_parity_8_original.blif,variants/real_hand_written_parity_8_rewrite.blif
real_hand_written_parity_8,rewrite,new_n21,1,new_n21,1.0,1.0,1.0,1.0,2,2,1,exact_anchor,1,1,256,1,d22cfb5b66de32f5,d22cfb5b66de32f5,2,2,2,2,exact anchor SAT sanity check (score 1.000),True,variants/real_hand_written_parity_8_original.blif,variants/real_hand_written_parity_8_rewrite.blif
real_hand_written_parity_8,rewrite,new_n22,1,new_n22,1.0,1.0,1.0,1.0,1,1,1,exact_anchor,1,1,256,1,1e0aca332e7e065d,1e0aca332e7e065d,2,2,2,2,exact anchor SAT sanity check (score 1.000),True,variants/real_hand_written_parity_8_original.blif,variants/real_hand_written_parity_8_rewrite.blif
real_hand_written_parity_8,rewrite,new_n23,1,new_n23,1.0,1.0,1.0,1.0,1,1,1,exact_anchor,1,1,256,1,68fc986bb1043df7,68fc986bb1043df7,2,2,2,2,exact anchor SAT sanity check (score 1.000),True,variants/real_hand_written_parity_8_original.blif,variants/real_hand_written_parity_8_rewrite.blif
real_hand_written_parity_8,rewrite,new_n24,1,new_n24,1.0,1.0,1.0,1.0,2,2,1,exact_anchor,1,1,256,1,4ec22529c89ee971,4ec22529c89ee971,2,2,2,2,exact anchor SAT sanity check (score 1.000),True,variants/real_hand_written_parity_8_original.blif,variants/real_hand_written_parity_8_rewrite.blif
real_hand_written_parity_8,rewrite,new_n25,1,new_n25,1.0,1.0,1.0,1.0,3,3,1,exact_anchor,1,1,256,1,72bc4b8b95688c1c,72bc4b8b95688c1c,4,4,2,2,exact anchor SAT sanity check (score 1.000),True,variants/real_hand_written_parity_8_original.blif,variants/real_hand_written_parity_8_rewrite.blif
real_hand_written_parity_8,rewrite,new_n26,1,new_n26,1.0,1.0,1.0,1.0,3,3,1,exact_anchor,1,1,256,1,2696fec319262507,2696fec319262507,4,4,2,2,exact anchor SAT sanity check (score 1.000),True,variants/real_hand_written_parity_8_original.blif,variants/real_hand_written_parity_8_rewrite.blif
real_hand_written_parity_8,rewrite,new_n27,1,new_n27,1.0,1.0,1.0,1.0,4,4,1,exact_anchor,1,1,256,1,5d06ea8d32ebc790,5d06ea8d32ebc790,4,4,2,2,exact anchor SAT sanity check (score 1.000),True,variants/real_hand_written_parity_8_original.blif,variants/real_hand_written_parity_8_rewrite.blif
real_hand_written_parity_8,rewrite,new_n28,1,new_n28,1.0,1.0,1.0,1.0,5,5,1,exact_anchor,1,1,256,1,fcaea84c1c61d91a,fcaea84c1c61d91a,8,8,2,2,exact anchor SAT sanity check (score 1.000),True,variants/real_hand_written_parity_8_original.blif,variants/real_hand_written_parity_8_rewrite.blif
real_hand_written_parity_8,rewrite,new_n29,1,new_n29,1.0,1.0,1.0,1.0,5,5,1,exact_anchor,1,1,256,1,cd117222684e6e1a,cd117222684e6e1a,8,8,2,2,exact anchor SAT sanity check (score 1.000),True,variants/real_hand_written_parity_8_original.blif,variants/real_hand_written_parity_8_rewrite.blif
real_hand_written_parity_8,rewrite_z,new_n10,1,new_n10,1.0,1.0,1.0,1.0,1,1,1,exact_anchor,1,1,256,1,998444bfaf7dff6b,998444bfaf7dff6b,2,2,2,2,exact anchor SAT sanity check (score 1.000),True,variants/real_hand_written_parity_8_original.blif,variants/real_hand_written_parity_8_rewrite_z.blif
real_hand_written_parity_8,rewrite_z,new_n11,1,new_n11,1.0,1.0,1.0,1.0,1,1,1,exact_anchor,1,1,256,1,8bfaaead4c290f33,8bfaaead4c290f33,2,2,2,2,exact anchor SAT sanity check (score 1.000),True,variants/real_hand_written_parity_8_original.blif,variants/real_hand_written_parity_8_rewrite_z.blif
real_hand_written_parity_8,rewrite_z,new_n12,1,new_n12,1.0,1.0,1.0,1.0,2,2,1,exact_anchor,1,1,256,1,989b6c26e4ab4049,989b6c26e4ab4049,2,2,2,2,exact anchor SAT sanity check (score 1.000),True,variants/real_hand_written_parity_8_original.blif,variants/real_hand_written_parity_8_rewrite_z.blif
real_hand_written_parity_8,rewrite_z,new_n13,1,new_n13,1.0,1.0,1.0,1.0,1,1,1,exact_anchor,1,1,256,1,ddf9b0105503b56e,ddf9b0105503b56e,2,2,2,2,exact anchor SAT sanity check (score 1.000),True,variants/real_hand_written_parity_8_original.blif,variants/real_hand_written_parity_8_rewrite_z.blif
real_hand_written_parity_8,rewrite_z,new_n14,1,new_n14,1.0,1.0,1.0,1.0,1,1,1,exact_anchor,1,1,256,1,ea4e897b11f2ded5,ea4e897b11f2ded5,2,2,2,2,exact anchor SAT sanity check (score 1.000),True,variants/real_hand_written_parity_8_original.blif,variants/real_hand_written_parity_8_rewrite_z.blif
real_hand_written_parity_8,rewrite_z,new_n15,1,new_n15,1.0,1.0,1.0,1.0,2,2,1,exact_anchor,1,1,256,1,accc805865fc8772,accc805865fc8772,2,2,2,2,exact anchor SAT sanity check (score 1.000),True,variants/real_hand_written_parity_8_original.blif,variants/real_hand_written_parity_8_rewrite_z.blif
real_hand_written_parity_8,rewrite_z,new_n19,1,new_n19,1.0,1.0,1.0,1.0,1,1,1,exact_anchor,1,1,256,1,2650dbd44a3c16c9,2650dbd44a3c16c9,2,2,2,2,exact anchor SAT sanity check (score 1.000),True,variants/real_hand_written_parity_8_original.blif,variants/real_hand_written_parity_8_rewrite_z.blif
real_hand_written_parity_8,rewrite_z,new_n20,1,new_n20,1.0,1.0,1.0,1.0,1,1,1,exact_anchor,1,1,256,1,4d58eb903eae732e,4d58eb903eae732e,2,2,2,2,exact anchor SAT sanity check (score 1.000),True,variants/real_hand_written_parity_8_original.blif,variants/real_hand_written_parity_8_rewrite_z.blif
real_hand_written_parity_8,rewrite_z,new_n21,1,new_n21,1.0,1.0,1.0,1.0,2,2,1,exact_anchor,1,1,256,1,d22cfb5b66de32f5,d22cfb5b66de32f5,2,2,2,2,exact anchor SAT sanity check (score 1.000),True,variants/real_hand_written_parity_8_original.blif,variants/real_hand_written_parity_8_rewrite_z.blif
real_hand_written_parity_8,rewrite_z,new_n22,1,new_n22,1.0,1.0,1.0,1.0,1,1,1,exact_anchor,1,1,256,1,1e0aca332e7e065d,1e0aca332e7e065d,2,2,2,2,exact anchor SAT sanity check (score 1.000),True,variants/real_hand_written_parity_8_original.blif,variants/real_hand_written_parity_8_rewrite_z.blif
real_hand_written_parity_8,rewrite_z,new_n23,1,new_n23,1.0,1.0,1.0,1.0,1,1,1,exact_anchor,1,1,256,1,68fc986bb1043df7,68fc986bb1043df7,2,2,2,2,exact anchor SAT sanity check (score 1.000),True,variants/real_hand_written_parity_8_original.blif,variants/real_hand_written_parity_8_rewrite_z.blif
real_hand_written_parity_8,rewrite_z,new_n24,1,new_n24,1.0,1.0,1.0,1.0,2,2,1,exact_anchor,1,1,256,1,4ec22529c89ee971,4ec22529c89ee971,2,2,2,2,exact anchor SAT sanity check (score 1.000),True,variants/real_hand_written_parity_8_original.blif,variants/real_hand_written_parity_8_rewrite_z.blif
real_hand_written_parity_8,rewrite_z,new_n25,1,new_n25,1.0,1.0,1.0,1.0,3,3,1,exact_anchor,1,1,256,1,72bc4b8b95688c1c,72bc4b8b95688c1c,4,4,2,2,exact anchor SAT sanity check (score 1.000),True,variants/real_hand_written_parity_8_original.blif,variants/real_hand_written_parity_8_rewrite_z.blif
real_hand_written_parity_8,rewrite_z,new_n26,1,new_n26,1.0,1.0,1.0,1.0,3,3,1,exact_anchor,1,1,256,1,2696fec319262507,2696fec319262507,4,4,2,2,exact anchor SAT sanity check (score 1.000),True,variants/real_hand_written_parity_8_original.blif,variants/real_hand_written_parity_8_rewrite_z.blif
real_hand_written_parity_8,rewrite_z,new_n27,1,new_n27,1.0,1.0,1.0,1.0,4,4,1,exact_anchor,1,1,256,1,5d06ea8d32ebc790,5d06ea8d32ebc790,4,4,2,2,exact anchor SAT sanity check (score 1.000),True,variants/real_hand_written_parity_8_original.blif,variants/real_hand_written_parity_8_rewrite_z.blif
real_hand_written_parity_8,rewrite_z,new_n28,1,new_n29,1.0,1.0,1.0,1.0,5,5,1,exact_anchor,1,1,256,1,cd117222684e6e1a,cd117222684e6e1a,8,8,2,2,exact anchor SAT sanity check (score 1.000),True,variants/real_hand_written_parity_8_original.blif,variants/real_hand_written_parity_8_rewrite_z.blif
real_hand_written_parity_8,rewrite_z,new_n29,1,new_n28,1.0,1.0,1.0,1.0,5,5,1,exact_anchor,1,1,256,1,fcaea84c1c61d91a,fcaea84c1c61d91a,8,8,2,2,exact anchor SAT sanity check (score 1.000),True,variants/real_hand_written_parity_8_original.blif,variants/real_hand_written_parity_8_rewrite_z.blif
real_hand_written_priority_enc_4,balance,new_n9,1,new_n9,1.0,1.0,1.0,1.0,1,1,1,exact_anchor,1,1,16,1,f38b8d99a5d67869,f38b8d99a5d67869,2,2,2,2,exact anchor SAT sanity check (score 1.000),True,variants/real_hand_written_priority_enc_4_original.blif,variants/real_hand_written_priority_enc_4_balance.blif
real_hand_written_priority_enc_4,balance,new_n11,1,new_n11,1.0,1.0,1.0,1.0,1,1,1,exact_anchor,1,1,16,1,4fcd6c2f3c1c60c5,4fcd6c2f3c1c60c5,2,2,2,2,exact anchor SAT sanity check (score 1.000),True,variants/real_hand_written_priority_enc_4_original.blif,variants/real_hand_written_priority_enc_4_balance.blif
real_hand_written_priority_enc_4,compress2rs,new_n9,1,new_n9,1.0,1.0,1.0,1.0,1,1,1,exact_anchor,1,1,16,1,f38b8d99a5d67869,f38b8d99a5d67869,2,2,2,2,exact anchor SAT sanity check (score 1.000),True,variants/real_hand_written_priority_enc_4_original.blif,variants/real_hand_written_priority_enc_4_compress2rs.blif
real_hand_written_priority_enc_4,compress2rs,new_n11,1,new_n11,1.0,1.0,1.0,1.0,1,1,1,exact_anchor,1,1,16,1,4fcd6c2f3c1c60c5,4fcd6c2f3c1c60c5,2,2,2,2,exact anchor SAT sanity check (score 1.000),True,variants/real_hand_written_priority_enc_4_original.blif,variants/real_hand_written_priority_enc_4_compress2rs.blif
real_hand_written_priority_enc_4,dc2,new_n9,1,new_n9,1.0,1.0,1.0,1.0,1,1,1,exact_anchor,1,1,16,1,f38b8d99a5d67869,f38b8d99a5d67869,2,2,2,2,exact anchor SAT sanity check (score 1.000),True,variants/real_hand_written_priority_enc_4_original.blif,variants/real_hand_written_priority_enc_4_dc2.blif
real_hand_written_priority_enc_4,refactor,new_n9,1,new_n9,1.0,1.0,1.0,1.0,1,1,1,exact_anchor,1,1,16,1,f38b8d99a5d67869,f38b8d99a5d67869,2,2,2,2,exact anchor SAT sanity check (score 1.000),True,variants/real_hand_written_priority_enc_4_original.blif,variants/real_hand_written_priority_enc_4_refactor.blif
real_hand_written_priority_enc_4,refactor,new_n11,1,new_n11,1.0,1.0,1.0,1.0,1,1,1,exact_anchor,1,1,16,1,4fcd6c2f3c1c60c5,4fcd6c2f3c1c60c5,2,2,2,2,exact anchor SAT sanity check (score 1.000),True,variants/real_hand_written_priority_enc_4_original.blif,variants/real_hand_written_priority_enc_4_refactor.blif
real_hand_written_priority_enc_4,refactor_z,new_n9,1,new_n9,1.0,1.0,1.0,1.0,1,1,1,exact_anchor,1,1,16,1,f38b8d99a5d67869,f38b8d99a5d67869,2,2,2,2,exact anchor SAT sanity check (score 1.000),True,variants/real_hand_written_priority_enc_4_original.blif,variants/real_hand_written_priority_enc_4_refactor_z.blif
real_hand_written_priority_enc_4,refactor_z,new_n11,1,new_n11,1.0,1.0,1.0,1.0,1,1,1,exact_anchor,1,1,16,1,4fcd6c2f3c1c60c5,4fcd6c2f3c1c60c5,2,2,2,2,exact anchor SAT sanity check (score 1.000),True,variants/real_hand_written_priority_enc_4_original.blif,variants/real_hand_written_priority_enc_4_refactor_z.blif
real_hand_written_priority_enc_4,resub,new_n9,1,new_n9,1.0,1.0,1.0,1.0,1,1,1,exact_anchor,1,1,16,1,f38b8d99a5d67869,f38b8d99a5d67869,2,2,2,2,exact anchor SAT sanity check (score 1.000),True,variants/real_hand_written_priority_enc_4_original.blif,variants/real_hand_written_priority_enc_4_resub.blif
real_hand_written_priority_enc_4,resub,new_n11,1,new_n11,1.0,1.0,1.0,1.0,1,1,1,exact_anchor,1,1,16,1,4fcd6c2f3c1c60c5,4fcd6c2f3c1c60c5,2,2,2,2,exact anchor SAT sanity check (score 1.000),True,variants/real_hand_written_priority_enc_4_original.blif,variants/real_hand_written_priority_enc_4_resub.blif
real_hand_written_priority_enc_4,resyn,new_n9,1,new_n9,1.0,1.0,1.0,1.0,1,1,1,exact_anchor,1,1,16,1,f38b8d99a5d67869,f38b8d99a5d67869,2,2,2,2,exact anchor SAT sanity check (score 1.000),True,variants/real_hand_written_priority_enc_4_original.blif,variants/real_hand_written_priority_enc_4_resyn.blif
real_hand_written_priority_enc_4,resyn,new_n11,1,new_n11,1.0,1.0,1.0,1.0,1,1,1,exact_anchor,1,1,16,1,4fcd6c2f3c1c60c5,4fcd6c2f3c1c60c5,2,2,2,2,exact anchor SAT sanity check (score 1.000),True,variants/real_hand_written_priority_enc_4_original.blif,variants/real_hand_written_priority_enc_4_resyn.blif
real_hand_written_priority_enc_4,resyn2,new_n9,1,new_n9,1.0,1.0,1.0,1.0,1,1,1,exact_anchor,1,1,16,1,f38b8d99a5d67869,f38b8d99a5d67869,2,2,2,2,exact anchor SAT sanity check (score 1.000),True,variants/real_hand_written_priority_enc_4_original.blif,variants/real_hand_written_priority_enc_4_resyn2.blif
real_hand_written_priority_enc_4,resyn2,new_n11,1,new_n11,1.0,1.0,1.0,1.0,1,1,1,exact_anchor,1,1,16,1,4fcd6c2f3c1c60c5,4fcd6c2f3c1c60c5,2,2,2,2,exact anchor SAT sanity check (score 1.000),True,variants/real_hand_written_priority_enc_4_original.blif,variants/real_hand_written_priority_enc_4_resyn2.blif
real_hand_written_priority_enc_4,resyn2_like,new_n9,1,new_n9,1.0,1.0,1.0,1.0,1,1,1,exact_anchor,1,1,16,1,f38b8d99a5d67869,f38b8d99a5d67869,2,2,2,2,exact anchor SAT sanity check (score 1.000),True,variants/real_hand_written_priority_enc_4_original.blif,variants/real_hand_written_priority_enc_4_resyn2_like.blif
real_hand_written_priority_enc_4,resyn2_like,new_n11,1,new_n11,1.0,1.0,1.0,1.0,1,1,1,exact_anchor,1,1,16,1,4fcd6c2f3c1c60c5,4fcd6c2f3c1c60c5,2,2,2,2,exact anchor SAT sanity check (score 1.000),True,variants/real_hand_written_priority_enc_4_original.blif,variants/real_hand_written_priority_enc_4_resyn2_like.blif
real_hand_written_priority_enc_4,rewrite,new_n9,1,new_n9,1.0,1.0,1.0,1.0,1,1,1,exact_anchor,1,1,16,1,f38b8d99a5d67869,f38b8d99a5d67869,2,2,2,2,exact anchor SAT sanity check (score 1.000),True,variants/real_hand_written_priority_enc_4_original.blif,variants/real_hand_written_priority_enc_4_rewrite.blif
real_hand_written_priority_enc_4,rewrite,new_n11,1,new_n11,1.0,1.0,1.0,1.0,1,1,1,exact_anchor,1,1,16,1,4fcd6c2f3c1c60c5,4fcd6c2f3c1c60c5,2,2,2,2,exact anchor SAT sanity check (score 1.000),True,variants/real_hand_written_priority_enc_4_original.blif,variants/real_hand_written_priority_enc_4_rewrite.blif
real_hand_written_priority_enc_4,rewrite_z,new_n9,1,new_n9,1.0,1.0,1.0,1.0,1,1,1,exact_anchor,1,1,16,1,f38b8d99a5d67869,f38b8d99a5d67869,2,2,2,2,exact anchor SAT sanity check (score 1.000),True,variants/real_hand_written_priority_enc_4_original.blif,variants/real_hand_written_priority_enc_4_rewrite_z.blif
real_hand_written_priority_enc_4,rewrite_z,new_n11,1,new_n11,1.0,1.0,1.0,1.0,1,1,1,exact_anchor,1,1,16,1,4fcd6c2f3c1c60c5,4fcd6c2f3c1c60c5,2,2,2,2,exact anchor SAT sanity check (score 1.000),True,variants/real_hand_written_priority_enc_4_original.blif,variants/real_hand_written_priority_enc_4_rewrite_z.blif
toy_and_or,balance,new_n6,1,new_n6,1.0,1.0,1.0,1.0,1,1,1,exact_anchor,1,1,16,1,e7864e0d207fd4c5,e7864e0d207fd4c5,2,2,2,2,exact anchor SAT sanity check (score 1.000),True,variants/toy_and_or_original.blif,variants/toy_and_or_balance.blif
toy_and_or,balance,new_n7,1,new_n7,1.0,1.0,1.0,1.0,1,1,1,exact_anchor,1,1,16,1,43edd419fc12157e,43edd419fc12157e,2,2,2,2,exact anchor SAT sanity check (score 1.000),True,variants/toy_and_or_original.blif,variants/toy_and_or_balance.blif
toy_and_or,compress2rs,new_n6,1,new_n6,1.0,1.0,1.0,1.0,1,1,1,exact_anchor,1,1,16,1,e7864e0d207fd4c5,e7864e0d207fd4c5,2,2,2,2,exact anchor SAT sanity check (score 1.000),True,variants/toy_and_or_original.blif,variants/toy_and_or_compress2rs.blif
toy_and_or,compress2rs,new_n7,1,new_n7,1.0,1.0,1.0,1.0,1,1,1,exact_anchor,1,1,16,1,43edd419fc12157e,43edd419fc12157e,2,2,2,2,exact anchor SAT sanity check (score 1.000),True,variants/toy_and_or_original.blif,variants/toy_and_or_compress2rs.blif
toy_and_or,dc2,new_n6,1,new_n6,1.0,1.0,1.0,1.0,1,1,1,exact_anchor,1,1,16,1,e7864e0d207fd4c5,e7864e0d207fd4c5,2,2,2,2,exact anchor SAT sanity check (score 1.000),True,variants/toy_and_or_original.blif,variants/toy_and_or_dc2.blif
toy_and_or,dc2,new_n7,1,new_n7,1.0,1.0,1.0,1.0,1,1,1,exact_anchor,1,1,16,1,43edd419fc12157e,43edd419fc12157e,2,2,2,2,exact anchor SAT sanity check (score 1.000),True,variants/toy_and_or_original.blif,variants/toy_and_or_dc2.blif
toy_and_or,refactor,new_n6,1,new_n6,1.0,1.0,1.0,1.0,1,1,1,exact_anchor,1,1,16,1,e7864e0d207fd4c5,e7864e0d207fd4c5,2,2,2,2,exact anchor SAT sanity check (score 1.000),True,variants/toy_and_or_original.blif,variants/toy_and_or_refactor.blif
toy_and_or,refactor,new_n7,1,new_n7,1.0,1.0,1.0,1.0,1,1,1,exact_anchor,1,1,16,1,43edd419fc12157e,43edd419fc12157e,2,2,2,2,exact anchor SAT sanity check (score 1.000),True,variants/toy_and_or_original.blif,variants/toy_and_or_refactor.blif
toy_and_or,refactor_z,new_n6,1,new_n6,1.0,1.0,1.0,1.0,1,1,1,exact_anchor,1,1,16,1,e7864e0d207fd4c5,e7864e0d207fd4c5,2,2,2,2,exact anchor SAT sanity check (score 1.000),True,variants/toy_and_or_original.blif,variants/toy_and_or_refactor_z.blif
toy_and_or,refactor_z,new_n7,1,new_n7,1.0,1.0,1.0,1.0,1,1,1,exact_anchor,1,1,16,1,43edd419fc12157e,43edd419fc12157e,2,2,2,2,exact anchor SAT sanity check (score 1.000),True,variants/toy_and_or_original.blif,variants/toy_and_or_refactor_z.blif
toy_and_or,resub,new_n6,1,new_n6,1.0,1.0,1.0,1.0,1,1,1,exact_anchor,1,1,16,1,e7864e0d207fd4c5,e7864e0d207fd4c5,2,2,2,2,exact anchor SAT sanity check (score 1.000),True,variants/toy_and_or_original.blif,variants/toy_and_or_resub.blif
toy_and_or,resub,new_n7,1,new_n7,1.0,1.0,1.0,1.0,1,1,1,exact_anchor,1,1,16,1,43edd419fc12157e,43edd419fc12157e,2,2,2,2,exact anchor SAT sanity check (score 1.000),True,variants/toy_and_or_original.blif,variants/toy_and_or_resub.blif
toy_and_or,resyn,new_n6,1,new_n6,1.0,1.0,1.0,1.0,1,1,1,exact_anchor,1,1,16,1,e7864e0d207fd4c5,e7864e0d207fd4c5,2,2,2,2,exact anchor SAT sanity check (score 1.000),True,variants/toy_and_or_original.blif,variants/toy_and_or_resyn.blif
toy_and_or,resyn,new_n7,1,new_n7,1.0,1.0,1.0,1.0,1,1,1,exact_anchor,1,1,16,1,43edd419fc12157e,43edd419fc12157e,2,2,2,2,exact anchor SAT sanity check (score 1.000),True,variants/toy_and_or_original.blif,variants/toy_and_or_resyn.blif
toy_and_or,resyn2,new_n6,1,new_n6,1.0,1.0,1.0,1.0,1,1,1,exact_anchor,1,1,16,1,e7864e0d207fd4c5,e7864e0d207fd4c5,2,2,2,2,exact anchor SAT sanity check (score 1.000),True,variants/toy_and_or_original.blif,variants/toy_and_or_resyn2.blif
toy_and_or,resyn2,new_n7,1,new_n7,1.0,1.0,1.0,1.0,1,1,1,exact_anchor,1,1,16,1,43edd419fc12157e,43edd419fc12157e,2,2,2,2,exact anchor SAT sanity check (score 1.000),True,variants/toy_and_or_original.blif,variants/toy_and_or_resyn2.blif
toy_and_or,resyn2_like,new_n6,1,new_n6,1.0,1.0,1.0,1.0,1,1,1,exact_anchor,1,1,16,1,e7864e0d207fd4c5,e7864e0d207fd4c5,2,2,2,2,exact anchor SAT sanity check (score 1.000),True,variants/toy_and_or_original.blif,variants/toy_and_or_resyn2_like.blif
toy_and_or,resyn2_like,new_n7,1,new_n7,1.0,1.0,1.0,1.0,1,1,1,exact_anchor,1,1,16,1,43edd419fc12157e,43edd419fc12157e,2,2,2,2,exact anchor SAT sanity check (score 1.000),True,variants/toy_and_or_original.blif,variants/toy_and_or_resyn2_like.blif
toy_and_or,rewrite,new_n6,1,new_n6,1.0,1.0,1.0,1.0,1,1,1,exact_anchor,1,1,16,1,e7864e0d207fd4c5,e7864e0d207fd4c5,2,2,2,2,exact anchor SAT sanity check (score 1.000),True,variants/toy_and_or_original.blif,variants/toy_and_or_rewrite.blif
toy_and_or,rewrite,new_n7,1,new_n7,1.0,1.0,1.0,1.0,1,1,1,exact_anchor,1,1,16,1,43edd419fc12157e,43edd419fc12157e,2,2,2,2,exact anchor SAT sanity check (score 1.000),True,variants/toy_and_or_original.blif,variants/toy_and_or_rewrite.blif
toy_and_or,rewrite_z,new_n6,1,new_n6,1.0,1.0,1.0,1.0,1,1,1,exact_anchor,1,1,16,1,e7864e0d207fd4c5,e7864e0d207fd4c5,2,2,2,2,exact anchor SAT sanity check (score 1.000),True,variants/toy_and_or_original.blif,variants/toy_and_or_rewrite_z.blif
toy_and_or,rewrite_z,new_n7,1,new_n7,1.0,1.0,1.0,1.0,1,1,1,exact_anchor,1,1,16,1,43edd419fc12157e,43edd419fc12157e,2,2,2,2,exact anchor SAT sanity check (score 1.000),True,variants/toy_and_or_original.blif,variants/toy_and_or_rewrite_z.blif
xor_chain,balance,new_n6,1,new_n6,1.0,1.0,1.0,1.0,1,1,1,exact_anchor,1,1,16,1,4a091495267f98ed,4a091495267f98ed,2,2,2,2,exact anchor SAT sanity check (score 1.000),True,variants/xor_chain_original.blif,variants/xor_chain_balance.blif
xor_chain,balance,new_n7,1,new_n7,1.0,1.0,1.0,1.0,1,1,1,exact_anchor,1,1,16,1,e69c37e034ff2ec1,e69c37e034ff2ec1,2,2,2,2,exact anchor SAT sanity check (score 1.000),True,variants/xor_chain_original.blif,variants/xor_chain_balance.blif
xor_chain,balance,new_n8,1,new_n8,1.0,1.0,1.0,1.0,2,2,1,exact_anchor,1,1,16,1,25afa9f3ec302406,25afa9f3ec302406,2,2,2,2,exact anchor SAT sanity check (score 1.000),True,variants/xor_chain_original.blif,variants/xor_chain_balance.blif
xor_chain,balance,new_n9,1,new_n9,1.0,1.0,1.0,1.0,3,3,1,exact_anchor,1,1,16,1,597aa5553ea2bc85,597aa5553ea2bc85,3,3,2,2,exact anchor SAT sanity check (score 1.000),True,variants/xor_chain_original.blif,variants/xor_chain_balance.blif
xor_chain,balance,new_n10,1,new_n10,1.0,1.0,1.0,1.0,3,3,1,exact_anchor,1,1,16,1,a17d090e2495ba3e,a17d090e2495ba3e,3,3,2,2,exact anchor SAT sanity check (score 1.000),True,variants/xor_chain_original.blif,variants/xor_chain_balance.blif
xor_chain,balance,new_n11,1,new_n11,1.0,1.0,1.0,1.0,4,4,1,exact_anchor,1,1,16,1,1b5de8fc02772682,1b5de8fc02772682,3,3,2,2,exact anchor SAT sanity check (score 1.000),True,variants/xor_chain_original.blif,variants/xor_chain_balance.blif
xor_chain,balance,new_n12,1,new_n12,1.0,1.0,1.0,1.0,5,5,1,exact_anchor,1,1,16,1,64c66b160f25d9ce,64c66b160f25d9ce,4,4,2,2,exact anchor SAT sanity check (score 1.000),True,variants/xor_chain_original.blif,variants/xor_chain_balance.blif
xor_chain,balance,new_n13,1,new_n13,1.0,1.0,1.0,1.0,5,5,1,exact_anchor,1,1,16,1,257ae95f5acaeec8,257ae95f5acaeec8,4,4,2,2,exact anchor SAT sanity check (score 1.000),True,variants/xor_chain_original.blif,variants/xor_chain_balance.blif
xor_chain,refactor,new_n6,1,new_n6,1.0,1.0,1.0,1.0,1,1,1,exact_anchor,1,1,16,1,4a091495267f98ed,4a091495267f98ed,2,2,2,2,exact anchor SAT sanity check (score 1.000),True,variants/xor_chain_original.blif,variants/xor_chain_refactor.blif
xor_chain,refactor,new_n7,1,new_n7,1.0,1.0,1.0,1.0,1,1,1,exact_anchor,1,1,16,1,e69c37e034ff2ec1,e69c37e034ff2ec1,2,2,2,2,exact anchor SAT sanity check (score 1.000),True,variants/xor_chain_original.blif,variants/xor_chain_refactor.blif
xor_chain,refactor,new_n8,1,new_n8,1.0,1.0,1.0,1.0,2,2,1,exact_anchor,1,1,16,1,25afa9f3ec302406,25afa9f3ec302406,2,2,2,2,exact anchor SAT sanity check (score 1.000),True,variants/xor_chain_original.blif,variants/xor_chain_refactor.blif
xor_chain,refactor,new_n9,1,new_n9,1.0,1.0,1.0,1.0,3,3,1,exact_anchor,1,1,16,1,597aa5553ea2bc85,597aa5553ea2bc85,3,3,2,2,exact anchor SAT sanity check (score 1.000),True,variants/xor_chain_original.blif,variants/xor_chain_refactor.blif
xor_chain,refactor,new_n10,1,new_n10,1.0,1.0,1.0,1.0,3,3,1,exact_anchor,1,1,16,1,a17d090e2495ba3e,a17d090e2495ba3e,3,3,2,2,exact anchor SAT sanity check (score 1.000),True,variants/xor_chain_original.blif,variants/xor_chain_refactor.blif
xor_chain,refactor,new_n11,1,new_n11,1.0,1.0,1.0,1.0,4,4,1,exact_anchor,1,1,16,1,1b5de8fc02772682,1b5de8fc02772682,3,3,2,2,exact anchor SAT sanity check (score 1.000),True,variants/xor_chain_original.blif,variants/xor_chain_refactor.blif
xor_chain,refactor,new_n12,1,new_n12,1.0,1.0,1.0,1.0,5,5,1,exact_anchor,1,1,16,1,64c66b160f25d9ce,64c66b160f25d9ce,4,4,2,2,exact anchor SAT sanity check (score 1.000),True,variants/xor_chain_original.blif,variants/xor_chain_refactor.blif
xor_chain,refactor,new_n13,1,new_n13,1.0,1.0,1.0,1.0,5,5,1,exact_anchor,1,1,16,1,257ae95f5acaeec8,257ae95f5acaeec8,4,4,2,2,exact anchor SAT sanity check (score 1.000),True,variants/xor_chain_original.blif,variants/xor_chain_refactor.blif
xor_chain,refactor_z,new_n9,1,new_n9,1.0,1.0,1.0,1.0,3,3,1,exact_anchor,1,1,16,1,597aa5553ea2bc85,597aa5553ea2bc85,3,3,2,2,exact anchor SAT sanity check (score 1.000),True,variants/xor_chain_original.blif,variants/xor_chain_refactor_z.blif
xor_chain,refactor_z,new_n10,1,new_n10,1.0,1.0,1.0,1.0,3,3,1,exact_anchor,1,1,16,1,a17d090e2495ba3e,a17d090e2495ba3e,3,3,2,2,exact anchor SAT sanity check (score 1.000),True,variants/xor_chain_original.blif,variants/xor_chain_refactor_z.blif
xor_chain,refactor_z,new_n11,1,new_n11,1.0,1.0,1.0,1.0,4,4,1,exact_anchor,1,1,16,1,1b5de8fc02772682,1b5de8fc02772682,3,3,2,2,exact anchor SAT sanity check (score 1.000),True,variants/xor_chain_original.blif,variants/xor_chain_refactor_z.blif
xor_chain,refactor_z,new_n12,1,new_n12,1.0,1.0,1.0,1.0,5,5,1,exact_anchor,1,1,16,1,64c66b160f25d9ce,64c66b160f25d9ce,4,4,2,2,exact anchor SAT sanity check (score 1.000),True,variants/xor_chain_original.blif,variants/xor_chain_refactor_z.blif
xor_chain,refactor_z,new_n13,1,new_n13,1.0,1.0,1.0,1.0,5,5,1,exact_anchor,1,1,16,1,257ae95f5acaeec8,257ae95f5acaeec8,4,4,2,2,exact anchor SAT sanity check (score 1.000),True,variants/xor_chain_original.blif,variants/xor_chain_refactor_z.blif
xor_chain,resub,new_n6,1,new_n6,1.0,1.0,1.0,1.0,1,1,1,exact_anchor,1,1,16,1,4a091495267f98ed,4a091495267f98ed,2,2,2,2,exact anchor SAT sanity check (score 1.000),True,variants/xor_chain_original.blif,variants/xor_chain_resub.blif
xor_chain,resub,new_n7,1,new_n7,1.0,1.0,1.0,1.0,1,1,1,exact_anchor,1,1,16,1,e69c37e034ff2ec1,e69c37e034ff2ec1,2,2,2,2,exact anchor SAT sanity check (score 1.000),True,variants/xor_chain_original.blif,variants/xor_chain_resub.blif
xor_chain,resub,new_n8,1,new_n8,1.0,1.0,1.0,1.0,2,2,1,exact_anchor,1,1,16,1,25afa9f3ec302406,25afa9f3ec302406,2,2,2,2,exact anchor SAT sanity check (score 1.000),True,variants/xor_chain_original.blif,variants/xor_chain_resub.blif
xor_chain,resub,new_n9,1,new_n9,1.0,1.0,1.0,1.0,3,3,1,exact_anchor,1,1,16,1,597aa5553ea2bc85,597aa5553ea2bc85,3,3,2,2,exact anchor SAT sanity check (score 1.000),True,variants/xor_chain_original.blif,variants/xor_chain_resub.blif
xor_chain,resub,new_n10,1,new_n10,1.0,1.0,1.0,1.0,3,3,1,exact_anchor,1,1,16,1,a17d090e2495ba3e,a17d090e2495ba3e,3,3,2,2,exact anchor SAT sanity check (score 1.000),True,variants/xor_chain_original.blif,variants/xor_chain_resub.blif
xor_chain,resub,new_n11,1,new_n11,1.0,1.0,1.0,1.0,4,4,1,exact_anchor,1,1,16,1,1b5de8fc02772682,1b5de8fc02772682,3,3,2,2,exact anchor SAT sanity check (score 1.000),True,variants/xor_chain_original.blif,variants/xor_chain_resub.blif
xor_chain,resub,new_n12,1,new_n12,1.0,1.0,1.0,1.0,5,5,1,exact_anchor,1,1,16,1,64c66b160f25d9ce,64c66b160f25d9ce,4,4,2,2,exact anchor SAT sanity check (score 1.000),True,variants/xor_chain_original.blif,variants/xor_chain_resub.blif
xor_chain,resub,new_n13,1,new_n13,1.0,1.0,1.0,1.0,5,5,1,exact_anchor,1,1,16,1,257ae95f5acaeec8,257ae95f5acaeec8,4,4,2,2,exact anchor SAT sanity check (score 1.000),True,variants/xor_chain_original.blif,variants/xor_chain_resub.blif
xor_chain,resyn,new_n6,1,new_n6,1.0,1.0,1.0,1.0,1,1,1,exact_anchor,1,1,16,1,4a091495267f98ed,4a091495267f98ed,2,2,2,2,exact anchor SAT sanity check (score 1.000),True,variants/xor_chain_original.blif,variants/xor_chain_resyn.blif
xor_chain,resyn,new_n7,1,new_n7,1.0,1.0,1.0,1.0,1,1,1,exact_anchor,1,1,16,1,e69c37e034ff2ec1,e69c37e034ff2ec1,2,2,2,2,exact anchor SAT sanity check (score 1.000),True,variants/xor_chain_original.blif,variants/xor_chain_resyn.blif
xor_chain,resyn,new_n8,1,new_n8,1.0,1.0,1.0,1.0,2,2,1,exact_anchor,1,1,16,1,25afa9f3ec302406,25afa9f3ec302406,2,2,2,2,exact anchor SAT sanity check (score 1.000),True,variants/xor_chain_original.blif,variants/xor_chain_resyn.blif
xor_chain,rewrite,new_n6,1,new_n6,1.0,1.0,1.0,1.0,1,1,1,exact_anchor,1,1,16,1,4a091495267f98ed,4a091495267f98ed,2,2,2,2,exact anchor SAT sanity check (score 1.000),True,variants/xor_chain_original.blif,variants/xor_chain_rewrite.blif
xor_chain,rewrite,new_n7,1,new_n7,1.0,1.0,1.0,1.0,1,1,1,exact_anchor,1,1,16,1,e69c37e034ff2ec1,e69c37e034ff2ec1,2,2,2,2,exact anchor SAT sanity check (score 1.000),True,variants/xor_chain_original.blif,variants/xor_chain_rewrite.blif
xor_chain,rewrite,new_n8,1,new_n8,1.0,1.0,1.0,1.0,2,2,1,exact_anchor,1,1,16,1,25afa9f3ec302406,25afa9f3ec302406,2,2,2,2,exact anchor SAT sanity check (score 1.000),True,variants/xor_chain_original.blif,variants/xor_chain_rewrite.blif
xor_chain,rewrite,new_n9,1,new_n9,1.0,1.0,1.0,1.0,3,3,1,exact_anchor,1,1,16,1,597aa5553ea2bc85,597aa5553ea2bc85,3,3,2,2,exact anchor SAT sanity check (score 1.000),True,variants/xor_chain_original.blif,variants/xor_chain_rewrite.blif
xor_chain,rewrite,new_n10,1,new_n10,1.0,1.0,1.0,1.0,3,3,1,exact_anchor,1,1,16,1,a17d090e2495ba3e,a17d090e2495ba3e,3,3,2,2,exact anchor SAT sanity check (score 1.000),True,variants/xor_chain_original.blif,variants/xor_chain_rewrite.blif
xor_chain,rewrite,new_n11,1,new_n11,1.0,1.0,1.0,1.0,4,4,1,exact_anchor,1,1,16,1,1b5de8fc02772682,1b5de8fc02772682,3,3,2,2,exact anchor SAT sanity check (score 1.000),True,variants/xor_chain_original.blif,variants/xor_chain_rewrite.blif
xor_chain,rewrite,new_n12,1,new_n12,1.0,1.0,1.0,1.0,5,5,1,exact_anchor,1,1,16,1,64c66b160f25d9ce,64c66b160f25d9ce,4,4,2,2,exact anchor SAT sanity check (score 1.000),True,variants/xor_chain_original.blif,variants/xor_chain_rewrite.blif
xor_chain,rewrite,new_n13,1,new_n13,1.0,1.0,1.0,1.0,5,5,1,exact_anchor,1,1,16,1,257ae95f5acaeec8,257ae95f5acaeec8,4,4,2,2,exact anchor SAT sanity check (score 1.000),True,variants/xor_chain_original.blif,variants/xor_chain_rewrite.blif
xor_chain,rewrite_z,new_n6,1,new_n6,1.0,1.0,1.0,1.0,1,1,1,exact_anchor,1,1,16,1,4a091495267f98ed,4a091495267f98ed,2,2,2,2,exact anchor SAT sanity check (score 1.000),True,variants/xor_chain_original.blif,variants/xor_chain_rewrite_z.blif
xor_chain,rewrite_z,new_n7,1,new_n7,1.0,1.0,1.0,1.0,1,1,1,exact_anchor,1,1,16,1,e69c37e034ff2ec1,e69c37e034ff2ec1,2,2,2,2,exact anchor SAT sanity check (score 1.000),True,variants/xor_chain_original.blif,variants/xor_chain_rewrite_z.blif
xor_chain,rewrite_z,new_n8,1,new_n8,1.0,1.0,1.0,1.0,2,2,1,exact_anchor,1,1,16,1,25afa9f3ec302406,25afa9f3ec302406,2,2,2,2,exact anchor SAT sanity check (score 1.000),True,variants/xor_chain_original.blif,variants/xor_chain_rewrite_z.blif
