benchmark,optimization,optimized_node,original_candidate,combined_score,rank,support_overlap,is_exact_signature_match,match_category,signature_match_on_patterns,formal_truth_table_match,pattern_count,is_formal_exact_mode,sat_status,abc_result,recovery_method,notes,same_polarity_status,complement_status,polarity_checked
generated_multiplier_2,balance,new_n12,new_n16,0.8624999999999999,2,1.0,0,non_exact_candidate,0,0,16,1,rejected,Networks are NOT EQUIVALENT.  Time =     0.00 sec,direct,,rejected,rejected,original == NOT optimized
generated_multiplier_2,balance,new_n13,new_n16,0.8624999999999999,2,1.0,0,non_exact_candidate,0,0,16,1,rejected,Networks are NOT EQUIVALENT.  Time =     0.00 sec,direct,,rejected,rejected,original == NOT optimized
generated_multiplier_2,balance,new_n16,new_n18,0.915625,2,1.0,0,non_exact_candidate,0,0,16,1,rejected,Networks are NOT EQUIVALENT.  Time =     0.00 sec,direct,,rejected,rejected,original == NOT optimized
generated_multiplier_2,balance,new_n16,new_n12,0.8624999999999999,3,1.0,0,non_exact_candidate,0,0,16,1,rejected,Networks are NOT EQUIVALENT.  Time =     0.00 sec,direct,,rejected,rejected,original == NOT optimized
generated_multiplier_2,balance,new_n16,new_n13,0.8624999999999999,4,1.0,0,non_exact_candidate,0,0,16,1,rejected,Networks are NOT EQUIVALENT.  Time =     0.00 sec,direct,,rejected,rejected,original == NOT optimized
generated_multiplier_2,balance,new_n17,new_n18,0.896875,2,1.0,0,non_exact_candidate,0,0,16,1,rejected,Networks are NOT EQUIVALENT.  Time =     0.00 sec,direct,,rejected,rejected,original == NOT optimized
generated_multiplier_2,balance,new_n18,new_n16,0.915625,2,1.0,0,non_exact_candidate,0,0,16,1,rejected,Networks are NOT EQUIVALENT.  Time =     0.00 sec,direct,,rejected,rejected,original == NOT optimized
generated_multiplier_2,balance,new_n18,new_n17,0.896875,3,1.0,0,non_exact_candidate,0,0,16,1,rejected,Networks are NOT EQUIVALENT.  Time =     0.00 sec,direct,,rejected,rejected,original == NOT optimized
generated_multiplier_2,refactor,new_n12,new_n18,0.915625,2,1.0,0,non_exact_candidate,0,0,16,1,rejected,Networks are NOT EQUIVALENT.  Time =     0.00 sec,direct,,rejected,rejected,original == NOT optimized
generated_multiplier_2,refactor,new_n12,new_n12,0.8624999999999999,3,1.0,0,non_exact_candidate,0,0,16,1,rejected,Networks are NOT EQUIVALENT.  Time =     0.00 sec,direct,,rejected,rejected,original == NOT optimized
generated_multiplier_2,refactor,new_n12,new_n13,0.8624999999999999,4,1.0,0,non_exact_candidate,0,0,16,1,rejected,Networks are NOT EQUIVALENT.  Time =     0.00 sec,direct,,rejected,rejected,original == NOT optimized
generated_multiplier_2,refactor_z,new_n12,new_n18,0.915625,2,1.0,0,non_exact_candidate,0,0,16,1,rejected,Networks are NOT EQUIVALENT.  Time =     0.00 sec,direct,,rejected,rejected,original == NOT optimized
generated_multiplier_2,refactor_z,new_n12,new_n12,0.8624999999999999,3,1.0,0,non_exact_candidate,0,0,16,1,rejected,Networks are NOT EQUIVALENT.  Time =     0.00 sec,direct,,rejected,rejected,original == NOT optimized
generated_multiplier_2,refactor_z,new_n12,new_n13,0.8624999999999999,4,1.0,0,non_exact_candidate,0,0,16,1,rejected,Networks are NOT EQUIVALENT.  Time =     0.00 sec,direct,,rejected,rejected,original == NOT optimized
generated_multiplier_2,resub,new_n12,new_n16,0.8624999999999999,2,1.0,0,non_exact_candidate,0,0,16,1,rejected,Networks are NOT EQUIVALENT.  Time =     0.00 sec,direct,,rejected,rejected,original == NOT optimized
generated_multiplier_2,resub,new_n13,new_n16,0.8624999999999999,2,1.0,0,non_exact_candidate,0,0,16,1,rejected,Networks are NOT EQUIVALENT.  Time =     0.00 sec,direct,,rejected,rejected,original == NOT optimized
generated_multiplier_2,resyn,new_n12,new_n16,0.8624999999999999,2,1.0,0,non_exact_candidate,0,0,16,1,rejected,Networks are NOT EQUIVALENT.  Time =     0.00 sec,direct,,rejected,rejected,original == NOT optimized
generated_multiplier_2,resyn,new_n13,new_n16,0.8624999999999999,2,1.0,0,non_exact_candidate,0,0,16,1,rejected,Networks are NOT EQUIVALENT.  Time =     0.00 sec,direct,,rejected,rejected,original == NOT optimized
generated_multiplier_2,rewrite,new_n12,new_n16,0.8624999999999999,2,1.0,0,non_exact_candidate,0,0,16,1,rejected,Networks are NOT EQUIVALENT.  Time =     0.00 sec,direct,,rejected,rejected,original == NOT optimized
generated_multiplier_2,rewrite,new_n13,new_n16,0.8624999999999999,2,1.0,0,non_exact_candidate,0,0,16,1,rejected,Networks are NOT EQUIVALENT.  Time =     0.00 sec,direct,,rejected,rejected,original == NOT optimized
generated_multiplier_2,rewrite_z,new_n12,new_n16,0.8624999999999999,2,1.0,0,non_exact_candidate,0,0,16,1,rejected,Networks are NOT EQUIVALENT.  Time =     0.00 sec,direct,,rejected,rejected,original == NOT optimized
generated_multiplier_2,rewrite_z,new_n13,new_n16,0.8624999999999999,2,1.0,0,non_exact_candidate,0,0,16,1,rejected,Networks are NOT EQUIVALENT.  Time =     0.00 sec,direct,,rejected,rejected,original == NOT optimized
generated_multiplier_4,balance,new_n20,new_n24,0.8624999999999999,2,1.0,0,non_exact_candidate,0,0,256,1,rejected,Networks are NOT EQUIVALENT.  Time =     0.00 sec,direct,,rejected,rejected,original == NOT optimized
generated_multiplier_4,balance,new_n21,new_n24,0.8624999999999999,2,1.0,0,non_exact_candidate,0,0,256,1,rejected,Networks are NOT EQUIVALENT.  Time =     0.00 sec,direct,,rejected,rejected,original == NOT optimized
generated_multiplier_4,balance,new_n24,new_n26,0.8628125,3,0.8,0,non_exact_candidate,0,0,256,1,rejected,Networks are NOT EQUIVALENT.  Time =     0.00 sec,direct,,rejected,rejected,original == NOT optimized
generated_multiplier_4,balance,new_n24,new_n38,0.8628125,4,0.8,0,non_exact_candidate,0,0,256,1,rejected,Networks are NOT EQUIVALENT.  Time =     0.00 sec,direct,,rejected,rejected,original == NOT optimized
generated_multiplier_4,balance,new_n24,new_n20,0.8624999999999999,5,1.0,0,non_exact_candidate,0,0,256,1,rejected,Networks are NOT EQUIVALENT.  Time =     0.00 sec,direct,,rejected,rejected,original == NOT optimized
generated_multiplier_4,balance,new_n26,new_n38,0.965625,2,1.0,0,non_exact_candidate,0,0,256,1,rejected,Networks are NOT EQUIVALENT.  Time =     0.00 sec,direct,,rejected,rejected,original == NOT optimized
generated_multiplier_4,balance,new_n26,new_n39,0.9128125,3,0.8,0,non_exact_candidate,0,0,256,1,rejected,Networks are NOT EQUIVALENT.  Time =     0.00 sec,direct,,rejected,rejected,original == NOT optimized
generated_multiplier_4,balance,new_n26,new_n24,0.8628125,4,0.8,0,non_exact_candidate,0,0,256,1,rejected,Networks are NOT EQUIVALENT.  Time =     0.00 sec,direct,,rejected,rejected,original == NOT optimized
generated_multiplier_4,balance,new_n26,new_n27,0.8624999999999999,5,1.0,0,non_exact_candidate,0,0,256,1,rejected,Networks are NOT EQUIVALENT.  Time =     0.00 sec,direct,,rejected,rejected,original == NOT optimized
generated_multiplier_4,balance,new_n27,new_n30,0.9161458333333332,2,1.0,0,non_exact_candidate,0,0,256,1,rejected,Networks are NOT EQUIVALENT.  Time =     0.00 sec,direct,,rejected,rejected,original == NOT optimized
generated_multiplier_4,balance,new_n27,new_n26,0.8624999999999999,3,1.0,0,non_exact_candidate,0,0,256,1,rejected,Networks are NOT EQUIVALENT.  Time =     0.00 sec,direct,,rejected,rejected,original == NOT optimized
generated_multiplier_4,balance,new_n27,new_n38,0.8624999999999999,4,1.0,0,non_exact_candidate,0,0,256,1,rejected,Networks are NOT EQUIVALENT.  Time =     0.00 sec,direct,,rejected,rejected,original == NOT optimized
generated_multiplier_4,balance,new_n28,new_n40,0.8624999999999999,2,1.0,0,non_exact_candidate,0,0,256,1,rejected,Networks are NOT EQUIVALENT.  Time =     0.00 sec,direct,,rejected,rejected,original == NOT optimized
generated_multiplier_4,balance,new_n30,new_n27,0.9161458333333332,2,1.0,0,non_exact_candidate,0,0,256,1,rejected,Networks are NOT EQUIVALENT.  Time =     0.00 sec,direct,,rejected,rejected,original == NOT optimized
generated_multiplier_4,balance,new_n33,new_n37,0.8624999999999999,2,1.0,0,non_exact_candidate,0,0,256,1,rejected,Networks are NOT EQUIVALENT.  Time =     0.00 sec,direct,,rejected,rejected,original == NOT optimized
generated_multiplier_4,balance,new_n33,new_n71,0.85546875,3,1.0,0,non_exact_candidate,0,0,256,1,rejected,Networks are NOT EQUIVALENT.  Time =     0.00 sec,direct,,rejected,rejected,original == NOT optimized
generated_multiplier_4,balance,new_n37,new_n43,0.94140625,2,1.0,0,non_exact_candidate,0,0,256,1,rejected,Networks are NOT EQUIVALENT.  Time =     0.00 sec,direct,,rejected,rejected,original == NOT optimized
generated_multiplier_4,balance,new_n37,new_n71,0.90703125,3,1.0,0,non_exact_candidate,0,0,256,1,rejected,Networks are NOT EQUIVALENT.  Time =     0.00 sec,direct,,rejected,rejected,original == NOT optimized
generated_multiplier_4,balance,new_n37,new_n72,0.8656250000000001,4,0.8571428571428571,0,non_exact_candidate,0,0,256,1,rejected,Networks are NOT EQUIVALENT.  Time =     0.00 sec,direct,,rejected,rejected,original == NOT optimized
generated_multiplier_4,balance,new_n37,new_n33,0.8624999999999999,5,1.0,0,non_exact_candidate,0,0,256,1,rejected,Networks are NOT EQUIVALENT.  Time =     0.00 sec,direct,,rejected,rejected,original == NOT optimized
generated_multiplier_4,balance,new_n38,new_n26,0.965625,2,1.0,0,non_exact_candidate,0,0,256,1,rejected,Networks are NOT EQUIVALENT.  Time =     0.00 sec,direct,,rejected,rejected,original == NOT optimized
generated_multiplier_4,balance,new_n38,new_n39,0.9128125,3,0.8,0,non_exact_candidate,0,0,256,1,rejected,Networks are NOT EQUIVALENT.  Time =     0.00 sec,direct,,rejected,rejected,original == NOT optimized
generated_multiplier_4,balance,new_n38,new_n24,0.8628125,4,0.8,0,non_exact_candidate,0,0,256,1,rejected,Networks are NOT EQUIVALENT.  Time =     0.00 sec,direct,,rejected,rejected,original == NOT optimized
generated_multiplier_4,balance,new_n38,new_n41,0.8628125,5,0.8,0,non_exact_candidate,0,0,256,1,rejected,Networks are NOT EQUIVALENT.  Time =     0.00 sec,direct,,rejected,rejected,original == NOT optimized
generated_multiplier_4,balance,new_n39,new_n26,0.9128125,3,0.8,0,non_exact_candidate,0,0,256,1,rejected,Networks are NOT EQUIVALENT.  Time =     0.00 sec,direct,,rejected,rejected,original == NOT optimized
generated_multiplier_4,balance,new_n39,new_n38,0.9128125,4,0.8,0,non_exact_candidate,0,0,256,1,rejected,Networks are NOT EQUIVALENT.  Time =     0.00 sec,direct,,rejected,rejected,original == NOT optimized
generated_multiplier_4,balance,new_n40,new_n38,0.8628125,2,0.8,0,non_exact_candidate,0,0,256,1,rejected,Networks are NOT EQUIVALENT.  Time =     0.00 sec,direct,,rejected,rejected,original == NOT optimized
generated_multiplier_4,balance,new_n41,new_n42,0.9328125,2,1.0,0,non_exact_candidate,0,0,256,1,rejected,Networks are NOT EQUIVALENT.  Time =     0.00 sec,direct,,rejected,rejected,original == NOT optimized
generated_multiplier_4,balance,new_n41,new_n28,0.8624999999999999,3,1.0,0,non_exact_candidate,0,0,256,1,rejected,Networks are NOT EQUIVALENT.  Time =     0.00 sec,direct,,rejected,rejected,original == NOT optimized
generated_multiplier_4,balance,new_n42,new_n40,0.9328125,2,1.0,0,non_exact_candidate,0,0,256,1,rejected,Networks are NOT EQUIVALENT.  Time =     0.00 sec,direct,,rejected,rejected,original == NOT optimized
generated_multiplier_4,balance,new_n43,new_n71,0.9484375,2,1.0,0,non_exact_candidate,0,0,256,1,rejected,Networks are NOT EQUIVALENT.  Time =     0.00 sec,direct,,rejected,rejected,original == NOT optimized
generated_multiplier_4,balance,new_n43,new_n37,0.94140625,3,1.0,0,non_exact_candidate,0,0,256,1,rejected,Networks are NOT EQUIVALENT.  Time =     0.00 sec,direct,,rejected,rejected,original == NOT optimized
generated_multiplier_4,balance,new_n43,new_n72,0.915625,4,0.8571428571428571,0,non_exact_candidate,0,0,256,1,rejected,Networks are NOT EQUIVALENT.  Time =     0.00 sec,direct,,rejected,rejected,original == NOT optimized
generated_multiplier_4,balance,new_n43,new_n44,0.9140625,5,1.0,0,non_exact_candidate,0,0,256,1,rejected,Networks are NOT EQUIVALENT.  Time =     0.00 sec,direct,,rejected,rejected,original == NOT optimized
generated_multiplier_4,balance,new_n44,new_n71,0.9484375,2,1.0,0,non_exact_candidate,0,0,256,1,rejected,Networks are NOT EQUIVALENT.  Time =     0.00 sec,direct,,rejected,rejected,original == NOT optimized
generated_multiplier_4,balance,new_n44,new_n43,0.9140625,3,1.0,0,non_exact_candidate,0,0,256,1,rejected,Networks are NOT EQUIVALENT.  Time =     0.00 sec,direct,,rejected,rejected,original == NOT optimized
generated_multiplier_4,balance,new_n44,new_n72,0.8898437499999999,4,0.8571428571428571,0,non_exact_candidate,0,0,256,1,rejected,Networks are NOT EQUIVALENT.  Time =     0.00 sec,direct,,rejected,rejected,original == NOT optimized
generated_multiplier_4,balance,new_n44,new_n37,0.85546875,5,1.0,0,non_exact_candidate,0,0,256,1,rejected,Networks are NOT EQUIVALENT.  Time =     0.00 sec,direct,,rejected,rejected,original == NOT optimized
generated_multiplier_4,balance,new_n45,new_n73,0.8683593749999999,2,0.8571428571428571,0,non_exact_candidate,0,0,256,1,rejected,Networks are NOT EQUIVALENT.  Time =     0.00 sec,direct,,rejected,rejected,original == NOT optimized
generated_multiplier_4,balance,new_n47,new_n63,0.8903645833333333,2,1.0,0,non_exact_candidate,0,0,256,1,rejected,Networks are NOT EQUIVALENT.  Time =     0.00 sec,direct,,rejected,rejected,original == NOT optimized
generated_multiplier_4,balance,new_n47,new_n64,0.8903645833333333,3,1.0,0,non_exact_candidate,0,0,256,1,rejected,Networks are NOT EQUIVALENT.  Time =     0.00 sec,direct,,rejected,rejected,original == NOT optimized
generated_multiplier_4,balance,new_n47,new_n72,0.8645833333333334,4,1.0,0,non_exact_candidate,0,0,256,1,rejected,Networks are NOT EQUIVALENT.  Time =     0.00 sec,direct,,rejected,rejected,original == NOT optimized
generated_multiplier_4,balance,new_n47,new_n102,0.8522135416666667,5,1.0,0,non_exact_candidate,0,0,256,1,rejected,Networks are NOT EQUIVALENT.  Time =     0.00 sec,direct,,rejected,rejected,original == NOT optimized
generated_multiplier_4,balance,new_n48,new_n51,0.8903645833333333,2,1.0,0,non_exact_candidate,0,0,256,1,rejected,Networks are NOT EQUIVALENT.  Time =     0.00 sec,direct,,rejected,rejected,original == NOT optimized
generated_multiplier_4,balance,new_n49,new_n65,0.8559895833333334,2,1.0,0,non_exact_candidate,0,0,256,1,rejected,Networks are NOT EQUIVALENT.  Time =     0.00 sec,direct,,rejected,rejected,original == NOT optimized
generated_multiplier_4,balance,new_n51,new_n64,0.90546875,2,1.0,0,non_exact_candidate,0,0,256,1,rejected,Networks are NOT EQUIVALENT.  Time =     0.00 sec,direct,,rejected,rejected,original == NOT optimized
generated_multiplier_4,balance,new_n51,new_n48,0.8903645833333333,3,1.0,0,non_exact_candidate,0,0,256,1,rejected,Networks are NOT EQUIVALENT.  Time =     0.00 sec,direct,,rejected,rejected,original == NOT optimized
generated_multiplier_4,balance,new_n52,new_n63,0.8624999999999999,2,1.0,0,non_exact_candidate,0,0,256,1,rejected,Networks are NOT EQUIVALENT.  Time =     0.00 sec,direct,,rejected,rejected,original == NOT optimized
generated_multiplier_4,balance,new_n52,new_n64,0.85390625,3,1.0,0,non_exact_candidate,0,0,256,1,rejected,Networks are NOT EQUIVALENT.  Time =     0.00 sec,direct,,rejected,rejected,original == NOT optimized
generated_multiplier_4,balance,new_n56,new_n102,0.8597656250000001,2,1.0,0,non_exact_candidate,0,0,256,1,rejected,Networks are NOT EQUIVALENT.  Time =     0.00 sec,direct,,rejected,rejected,original == NOT optimized
generated_multiplier_4,balance,new_n58,new_n99,0.8662109375,2,1.0,0,non_exact_candidate,0,0,256,1,rejected,Networks are NOT EQUIVALENT.  Time =     0.00 sec,direct,,rejected,rejected,original == NOT optimized
generated_multiplier_4,balance,new_n58,new_n62,0.8624999999999999,3,1.0,0,non_exact_candidate,0,0,256,1,rejected,Networks are NOT EQUIVALENT.  Time =     0.00 sec,direct,,rejected,rejected,original == NOT optimized
generated_multiplier_4,balance,new_n58,new_n100,0.8619140625000001,4,1.0,0,non_exact_candidate,0,0,256,1,rejected,Networks are NOT EQUIVALENT.  Time =     0.00 sec,direct,,rejected,rejected,original == NOT optimized
generated_multiplier_4,balance,new_n62,new_n68,0.9435546875,2,1.0,0,non_exact_candidate,0,0,256,1,rejected,Networks are NOT EQUIVALENT.  Time =     0.00 sec,direct,,rejected,rejected,original == NOT optimized
generated_multiplier_4,balance,new_n62,new_n100,0.9005859375,3,1.0,0,non_exact_candidate,0,0,256,1,rejected,Networks are NOT EQUIVALENT.  Time =     0.00 sec,direct,,rejected,rejected,original == NOT optimized
generated_multiplier_4,balance,new_n62,new_n99,0.8962890625000001,4,1.0,0,non_exact_candidate,0,0,256,1,rejected,Networks are NOT EQUIVALENT.  Time =     0.00 sec,direct,,rejected,rejected,original == NOT optimized
generated_multiplier_4,balance,new_n62,new_n58,0.8624999999999999,5,1.0,0,non_exact_candidate,0,0,256,1,rejected,Networks are NOT EQUIVALENT.  Time =     0.00 sec,direct,,rejected,rejected,original == NOT optimized
generated_multiplier_4,balance,new_n63,new_n64,0.93984375,2,1.0,0,non_exact_candidate,0,0,256,1,rejected,Networks are NOT EQUIVALENT.  Time =     0.00 sec,direct,,rejected,rejected,original == NOT optimized
generated_multiplier_4,balance,new_n63,new_n47,0.8903645833333333,3,1.0,0,non_exact_candidate,0,0,256,1,rejected,Networks are NOT EQUIVALENT.  Time =     0.00 sec,direct,,rejected,rejected,original == NOT optimized
generated_multiplier_4,balance,new_n63,new_n102,0.8777343750000001,4,1.0,0,non_exact_candidate,0,0,256,1,rejected,Networks are NOT EQUIVALENT.  Time =     0.00 sec,direct,,rejected,rejected,original == NOT optimized
generated_multiplier_4,balance,new_n63,new_n72,0.8684375,5,1.0,0,non_exact_candidate,0,0,256,1,rejected,Networks are NOT EQUIVALENT.  Time =     0.00 sec,direct,,rejected,rejected,original == NOT optimized
generated_multiplier_4,balance,new_n64,new_n63,0.93984375,2,1.0,0,non_exact_candidate,0,0,256,1,rejected,Networks are NOT EQUIVALENT.  Time =     0.00 sec,direct,,rejected,rejected,original == NOT optimized
generated_multiplier_4,balance,new_n64,new_n51,0.90546875,3,1.0,0,non_exact_candidate,0,0,256,1,rejected,Networks are NOT EQUIVALENT.  Time =     0.00 sec,direct,,rejected,rejected,original == NOT optimized
generated_multiplier_4,balance,new_n64,new_n47,0.8903645833333333,4,1.0,0,non_exact_candidate,0,0,256,1,rejected,Networks are NOT EQUIVALENT.  Time =     0.00 sec,direct,,rejected,rejected,original == NOT optimized
generated_multiplier_4,balance,new_n64,new_n102,0.8691406250000001,5,1.0,0,non_exact_candidate,0,0,256,1,rejected,Networks are NOT EQUIVALENT.  Time =     0.00 sec,direct,,rejected,rejected,original == NOT optimized
generated_multiplier_4,balance,new_n66,new_n67,0.915625,2,1.0,0,non_exact_candidate,0,0,256,1,rejected,Networks are NOT EQUIVALENT.  Time =     0.00 sec,direct,,rejected,rejected,original == NOT optimized
generated_multiplier_4,balance,new_n66,new_n73,0.855546875,3,1.0,0,non_exact_candidate,0,0,256,1,rejected,Networks are NOT EQUIVALENT.  Time =     0.00 sec,direct,,rejected,rejected,original == NOT optimized
generated_multiplier_4,balance,new_n67,new_n65,0.9328125,2,1.0,0,non_exact_candidate,0,0,256,1,rejected,Networks are NOT EQUIVALENT.  Time =     0.00 sec,direct,,rejected,rejected,original == NOT optimized
generated_multiplier_4,balance,new_n68,new_n100,0.952734375,2,1.0,0,non_exact_candidate,0,0,256,1,rejected,Networks are NOT EQUIVALENT.  Time =     0.00 sec,direct,,rejected,rejected,original == NOT optimized
generated_multiplier_4,balance,new_n68,new_n62,0.9435546875,3,1.0,0,non_exact_candidate,0,0,256,1,rejected,Networks are NOT EQUIVALENT.  Time =     0.00 sec,direct,,rejected,rejected,original == NOT optimized
generated_multiplier_4,balance,new_n68,new_n99,0.93984375,4,1.0,0,non_exact_candidate,0,0,256,1,rejected,Networks are NOT EQUIVALENT.  Time =     0.00 sec,direct,,rejected,rejected,original == NOT optimized
generated_multiplier_4,balance,new_n68,new_n69,0.8582031250000001,5,1.0,0,non_exact_candidate,0,0,256,1,rejected,Networks are NOT EQUIVALENT.  Time =     0.00 sec,direct,,rejected,rejected,original == NOT optimized
generated_multiplier_4,balance,new_n69,new_n99,0.90546875,2,1.0,0,non_exact_candidate,0,0,256,1,rejected,Networks are NOT EQUIVALENT.  Time =     0.00 sec,direct,,rejected,rejected,original == NOT optimized
generated_multiplier_4,balance,new_n69,new_n100,0.901171875,3,1.0,0,non_exact_candidate,0,0,256,1,rejected,Networks are NOT EQUIVALENT.  Time =     0.00 sec,direct,,rejected,rejected,original == NOT optimized
generated_multiplier_4,balance,new_n69,new_n76,0.8774739583333334,4,1.0,0,non_exact_candidate,0,0,256,1,rejected,Networks are NOT EQUIVALENT.  Time =     0.00 sec,direct,,rejected,rejected,original == NOT optimized
generated_multiplier_4,balance,new_n69,new_n68,0.8582031250000001,5,1.0,0,non_exact_candidate,0,0,256,1,rejected,Networks are NOT EQUIVALENT.  Time =     0.00 sec,direct,,rejected,rejected,original == NOT optimized
generated_multiplier_4,balance,new_n70,new_n78,0.8903645833333333,2,1.0,0,non_exact_candidate,0,0,256,1,rejected,Networks are NOT EQUIVALENT.  Time =     0.00 sec,direct,,rejected,rejected,original == NOT optimized
generated_multiplier_4,balance,new_n70,new_n101,0.8603515625,3,1.0,0,non_exact_candidate,0,0,256,1,rejected,Networks are NOT EQUIVALENT.  Time =     0.00 sec,direct,,rejected,rejected,original == NOT optimized
generated_multiplier_4,balance,new_n71,new_n43,0.9484375,2,1.0,0,non_exact_candidate,0,0,256,1,rejected,Networks are NOT EQUIVALENT.  Time =     0.00 sec,direct,,rejected,rejected,original == NOT optimized
generated_multiplier_4,balance,new_n71,new_n44,0.9484375,3,1.0,0,non_exact_candidate,0,0,256,1,rejected,Networks are NOT EQUIVALENT.  Time =     0.00 sec,direct,,rejected,rejected,original == NOT optimized
generated_multiplier_4,balance,new_n71,new_n72,0.9328125,4,0.8571428571428571,0,non_exact_candidate,0,0,256,1,rejected,Networks are NOT EQUIVALENT.  Time =     0.00 sec,direct,,rejected,rejected,original == NOT optimized
generated_multiplier_4,balance,new_n71,new_n37,0.90703125,5,1.0,0,non_exact_candidate,0,0,256,1,rejected,Networks are NOT EQUIVALENT.  Time =     0.00 sec,direct,,rejected,rejected,original == NOT optimized
generated_multiplier_4,balance,new_n72,new_n71,0.9328125,2,0.8571428571428571,0,non_exact_candidate,0,0,256,1,rejected,Networks are NOT EQUIVALENT.  Time =     0.00 sec,direct,,rejected,rejected,original == NOT optimized
generated_multiplier_4,balance,new_n72,new_n43,0.915625,3,0.8571428571428571,0,non_exact_candidate,0,0,256,1,rejected,Networks are NOT EQUIVALENT.  Time =     0.00 sec,direct,,rejected,rejected,original == NOT optimized
generated_multiplier_4,balance,new_n72,new_n102,0.891015625,4,1.0,0,non_exact_candidate,0,0,256,1,rejected,Networks are NOT EQUIVALENT.  Time =     0.00 sec,direct,,rejected,rejected,original == NOT optimized
generated_multiplier_4,balance,new_n72,new_n44,0.8898437499999999,5,0.8571428571428571,0,non_exact_candidate,0,0,256,1,rejected,Networks are NOT EQUIVALENT.  Time =     0.00 sec,direct,,rejected,rejected,original == NOT optimized
generated_multiplier_4,balance,new_n74,new_n75,0.937109375,2,1.0,0,non_exact_candidate,0,0,256,1,rejected,Networks are NOT EQUIVALENT.  Time =     0.00 sec,direct,,rejected,rejected,original == NOT optimized
generated_multiplier_4,balance,new_n74,new_n45,0.876953125,3,0.8571428571428571,0,non_exact_candidate,0,0,256,1,rejected,Networks are NOT EQUIVALENT.  Time =     0.00 sec,direct,,rejected,rejected,original == NOT optimized
generated_multiplier_4,balance,new_n75,new_n73,0.928515625,2,1.0,0,non_exact_candidate,0,0,256,1,rejected,Networks are NOT EQUIVALENT.  Time =     0.00 sec,direct,,rejected,rejected,original == NOT optimized
generated_multiplier_4,balance,new_n76,new_n80,0.8882161458333333,2,1.0,0,non_exact_candidate,0,0,256,1,rejected,Networks are NOT EQUIVALENT.  Time =     0.00 sec,direct,,rejected,rejected,original == NOT optimized
generated_multiplier_4,balance,new_n76,new_n69,0.8774739583333334,3,1.0,0,non_exact_candidate,0,0,256,1,rejected,Networks are NOT EQUIVALENT.  Time =     0.00 sec,direct,,rejected,rejected,original == NOT optimized
generated_multiplier_4,balance,new_n76,new_n77,0.85390625,4,1.0,0,non_exact_candidate,0,0,256,1,rejected,Networks are NOT EQUIVALENT.  Time =     0.00 sec,direct,,rejected,rejected,original == NOT optimized
generated_multiplier_4,balance,new_n77,new_n99,0.9075520833333334,2,1.0,0,non_exact_candidate,0,0,256,1,rejected,Networks are NOT EQUIVALENT.  Time =     0.00 sec,direct,,rejected,rejected,original == NOT optimized
generated_multiplier_4,balance,new_n77,new_n100,0.9032552083333334,3,1.0,0,non_exact_candidate,0,0,256,1,rejected,Networks are NOT EQUIVALENT.  Time =     0.00 sec,direct,,rejected,rejected,original == NOT optimized
generated_multiplier_4,balance,new_n77,new_n120,0.8888671874999999,4,1.0,0,non_exact_candidate,0,0,256,1,rejected,Networks are NOT EQUIVALENT.  Time =     0.00 sec,direct,,rejected,rejected,original == NOT optimized
generated_multiplier_4,balance,new_n77,new_n91,0.8882161458333333,5,1.0,0,non_exact_candidate,0,0,256,1,rejected,Networks are NOT EQUIVALENT.  Time =     0.00 sec,direct,,rejected,rejected,original == NOT optimized
generated_multiplier_4,balance,new_n78,new_n70,0.8903645833333333,2,1.0,0,non_exact_candidate,0,0,256,1,rejected,Networks are NOT EQUIVALENT.  Time =     0.00 sec,direct,,rejected,rejected,original == NOT optimized
generated_multiplier_4,balance,new_n78,new_n93,0.8817708333333333,3,1.0,0,non_exact_candidate,0,0,256,1,rejected,Networks are NOT EQUIVALENT.  Time =     0.00 sec,direct,,rejected,rejected,original == NOT optimized
generated_multiplier_4,balance,new_n78,new_n106,0.8584375,4,1.0,0,non_exact_candidate,0,0,256,1,rejected,Networks are NOT EQUIVALENT.  Time =     0.00 sec,direct,,rejected,rejected,original == NOT optimized
generated_multiplier_4,balance,new_n78,new_n95,0.8562500000000001,5,1.0,0,non_exact_candidate,0,0,256,1,rejected,Networks are NOT EQUIVALENT.  Time =     0.00 sec,direct,,rejected,rejected,original == NOT optimized
generated_multiplier_4,balance,new_n80,new_n92,0.93125,2,1.0,0,non_exact_candidate,0,0,256,1,rejected,Networks are NOT EQUIVALENT.  Time =     0.00 sec,direct,,rejected,rejected,original == NOT optimized
generated_multiplier_4,balance,new_n80,new_n76,0.8882161458333333,3,1.0,0,non_exact_candidate,0,0,256,1,rejected,Networks are NOT EQUIVALENT.  Time =     0.00 sec,direct,,rejected,rejected,original == NOT optimized
generated_multiplier_4,balance,new_n80,new_n91,0.85390625,4,1.0,0,non_exact_candidate,0,0,256,1,rejected,Networks are NOT EQUIVALENT.  Time =     0.00 sec,direct,,rejected,rejected,original == NOT optimized
generated_multiplier_4,balance,new_n81,new_n84,0.8645833333333334,2,1.0,0,non_exact_candidate,0,0,256,1,rejected,Networks are NOT EQUIVALENT.  Time =     0.00 sec,direct,,rejected,rejected,original == NOT optimized
generated_multiplier_4,balance,new_n81,new_n91,0.8624999999999999,3,1.0,0,non_exact_candidate,0,0,256,1,rejected,Networks are NOT EQUIVALENT.  Time =     0.00 sec,direct,,rejected,rejected,original == NOT optimized
generated_multiplier_4,balance,new_n81,new_n92,0.8624999999999999,4,1.0,0,non_exact_candidate,0,0,256,1,rejected,Networks are NOT EQUIVALENT.  Time =     0.00 sec,direct,,rejected,rejected,original == NOT optimized
generated_multiplier_4,balance,new_n81,new_n123,0.851953125,5,1.0,0,non_exact_candidate,0,0,256,1,rejected,Networks are NOT EQUIVALENT.  Time =     0.00 sec,direct,,rejected,rejected,original == NOT optimized
generated_multiplier_4,balance,new_n84,new_n81,0.8645833333333334,2,1.0,0,non_exact_candidate,0,0,256,1,rejected,Networks are NOT EQUIVALENT.  Time =     0.00 sec,direct,,rejected,rejected,original == NOT optimized
generated_multiplier_4,balance,new_n85,new_n123,0.8597656250000001,2,1.0,0,non_exact_candidate,0,0,256,1,rejected,Networks are NOT EQUIVALENT.  Time =     0.00 sec,direct,,rejected,rejected,original == NOT optimized
generated_multiplier_4,balance,new_n87,new_n120,0.868359375,2,1.0,0,non_exact_candidate,0,0,256,1,rejected,Networks are NOT EQUIVALENT.  Time =     0.00 sec,direct,,rejected,rejected,original == NOT optimized
generated_multiplier_4,balance,new_n87,new_n123,0.868359375,3,1.0,0,non_exact_candidate,0,0,256,1,rejected,Networks are NOT EQUIVALENT.  Time =     0.00 sec,direct,,rejected,rejected,original == NOT optimized
generated_multiplier_4,balance,new_n87,new_n90,0.8624999999999999,4,1.0,0,non_exact_candidate,0,0,256,1,rejected,Networks are NOT EQUIVALENT.  Time =     0.00 sec,direct,,rejected,rejected,original == NOT optimized
generated_multiplier_4,balance,new_n87,new_n121,0.8597656250000001,5,1.0,0,non_exact_candidate,0,0,256,1,rejected,Networks are NOT EQUIVALENT.  Time =     0.00 sec,direct,,rejected,rejected,original == NOT optimized
generated_multiplier_4,balance,new_n90,new_n96,0.945703125,2,1.0,0,non_exact_candidate,0,0,256,1,rejected,Networks are NOT EQUIVALENT.  Time =     0.00 sec,direct,,rejected,rejected,original == NOT optimized
generated_multiplier_4,balance,new_n90,new_n121,0.902734375,3,1.0,0,non_exact_candidate,0,0,256,1,rejected,Networks are NOT EQUIVALENT.  Time =     0.00 sec,direct,,rejected,rejected,original == NOT optimized
generated_multiplier_4,balance,new_n90,new_n120,0.8941406250000001,4,1.0,0,non_exact_candidate,0,0,256,1,rejected,Networks are NOT EQUIVALENT.  Time =     0.00 sec,direct,,rejected,rejected,original == NOT optimized
generated_multiplier_4,balance,new_n90,new_n123,0.8812500000000001,5,1.0,0,non_exact_candidate,0,0,256,1,rejected,Networks are NOT EQUIVALENT.  Time =     0.00 sec,direct,,rejected,rejected,original == NOT optimized
generated_multiplier_4,balance,new_n91,new_n92,0.92265625,2,1.0,0,non_exact_candidate,0,0,256,1,rejected,Networks are NOT EQUIVALENT.  Time =     0.00 sec,direct,,rejected,rejected,original == NOT optimized
generated_multiplier_4,balance,new_n91,new_n77,0.8882161458333333,3,1.0,0,non_exact_candidate,0,0,256,1,rejected,Networks are NOT EQUIVALENT.  Time =     0.00 sec,direct,,rejected,rejected,original == NOT optimized
generated_multiplier_4,balance,new_n91,new_n120,0.8651041666666667,4,1.0,0,non_exact_candidate,0,0,256,1,rejected,Networks are NOT EQUIVALENT.  Time =     0.00 sec,direct,,rejected,rejected,original == NOT optimized
generated_multiplier_4,balance,new_n91,new_n81,0.8624999999999999,5,1.0,0,non_exact_candidate,0,0,256,1,rejected,Networks are NOT EQUIVALENT.  Time =     0.00 sec,direct,,rejected,rejected,original == NOT optimized
generated_multiplier_4,balance,new_n92,new_n80,0.93125,2,1.0,0,non_exact_candidate,0,0,256,1,rejected,Networks are NOT EQUIVALENT.  Time =     0.00 sec,direct,,rejected,rejected,original == NOT optimized
generated_multiplier_4,balance,new_n92,new_n91,0.92265625,3,1.0,0,non_exact_candidate,0,0,256,1,rejected,Networks are NOT EQUIVALENT.  Time =     0.00 sec,direct,,rejected,rejected,original == NOT optimized
generated_multiplier_4,balance,new_n92,new_n77,0.8753255208333334,4,1.0,0,non_exact_candidate,0,0,256,1,rejected,Networks are NOT EQUIVALENT.  Time =     0.00 sec,direct,,rejected,rejected,original == NOT optimized
generated_multiplier_4,balance,new_n92,new_n120,0.8651041666666667,5,1.0,0,non_exact_candidate,0,0,256,1,rejected,Networks are NOT EQUIVALENT.  Time =     0.00 sec,direct,,rejected,rejected,original == NOT optimized
generated_multiplier_4,balance,new_n94,new_n95,0.911328125,2,1.0,0,non_exact_candidate,0,0,256,1,rejected,Networks are NOT EQUIVALENT.  Time =     0.00 sec,direct,,rejected,rejected,original == NOT optimized
generated_multiplier_4,balance,new_n94,new_n103,0.851953125,3,1.0,0,non_exact_candidate,0,0,256,1,rejected,Networks are NOT EQUIVALENT.  Time =     0.00 sec,direct,,rejected,rejected,original == NOT optimized
generated_multiplier_4,balance,new_n95,new_n93,0.9328125,2,1.0,0,non_exact_candidate,0,0,256,1,rejected,Networks are NOT EQUIVALENT.  Time =     0.00 sec,direct,,rejected,rejected,original == NOT optimized
generated_multiplier_4,balance,new_n95,new_n98,0.85984375,3,1.0,0,non_exact_candidate,0,0,256,1,rejected,Networks are NOT EQUIVALENT.  Time =     0.00 sec,direct,,rejected,rejected,original == NOT optimized
generated_multiplier_4,balance,new_n95,new_n78,0.8562500000000001,4,1.0,0,non_exact_candidate,0,0,256,1,rejected,Networks are NOT EQUIVALENT.  Time =     0.00 sec,direct,,rejected,rejected,original == NOT optimized
generated_multiplier_4,balance,new_n95,new_n106,0.8541294642857142,5,1.0,0,non_exact_candidate,0,0,256,1,rejected,Networks are NOT EQUIVALENT.  Time =     0.00 sec,direct,,rejected,rejected,original == NOT optimized
generated_multiplier_4,balance,new_n96,new_n121,0.952734375,2,1.0,0,non_exact_candidate,0,0,256,1,rejected,Networks are NOT EQUIVALENT.  Time =     0.00 sec,direct,,rejected,rejected,original == NOT optimized
generated_multiplier_4,balance,new_n96,new_n90,0.945703125,3,1.0,0,non_exact_candidate,0,0,256,1,rejected,Networks are NOT EQUIVALENT.  Time =     0.00 sec,direct,,rejected,rejected,original == NOT optimized
generated_multiplier_4,balance,new_n96,new_n120,0.93984375,4,1.0,0,non_exact_candidate,0,0,256,1,rejected,Networks are NOT EQUIVALENT.  Time =     0.00 sec,direct,,rejected,rejected,original == NOT optimized
generated_multiplier_4,balance,new_n96,new_n105,0.8731770833333333,5,1.0,0,non_exact_candidate,0,0,256,1,rejected,Networks are NOT EQUIVALENT.  Time =     0.00 sec,direct,,rejected,rejected,original == NOT optimized
generated_multiplier_4,balance,new_n97,new_n120,0.88828125,2,1.0,0,non_exact_candidate,0,0,256,1,rejected,Networks are NOT EQUIVALENT.  Time =     0.00 sec,direct,,rejected,rejected,original == NOT optimized
generated_multiplier_4,balance,new_n97,new_n121,0.8796875000000001,3,1.0,0,non_exact_candidate,0,0,256,1,rejected,Networks are NOT EQUIVALENT.  Time =     0.00 sec,direct,,rejected,rejected,original == NOT optimized
generated_multiplier_4,balance,new_n97,new_n104,0.8774739583333334,4,1.0,0,non_exact_candidate,0,0,256,1,rejected,Networks are NOT EQUIVALENT.  Time =     0.00 sec,direct,,rejected,rejected,original == NOT optimized
generated_multiplier_4,balance,new_n97,new_n91,0.8565104166666667,5,1.0,0,non_exact_candidate,0,0,256,1,rejected,Networks are NOT EQUIVALENT.  Time =     0.00 sec,direct,,rejected,rejected,original == NOT optimized
generated_multiplier_4,balance,new_n98,new_n106,0.9075520833333334,2,1.0,0,non_exact_candidate,0,0,256,1,rejected,Networks are NOT EQUIVALENT.  Time =     0.00 sec,direct,,rejected,rejected,original == NOT optimized
generated_multiplier_4,balance,new_n98,new_n95,0.85984375,3,1.0,0,non_exact_candidate,0,0,256,1,rejected,Networks are NOT EQUIVALENT.  Time =     0.00 sec,direct,,rejected,rejected,original == NOT optimized
generated_multiplier_4,balance,new_n98,new_n127,0.85234375,4,1.0,0,non_exact_candidate,0,0,256,1,rejected,Networks are NOT EQUIVALENT.  Time =     0.00 sec,direct,,rejected,rejected,original == NOT optimized
generated_multiplier_4,balance,new_n98,new_n117,0.8512500000000001,5,1.0,0,non_exact_candidate,0,0,256,1,rejected,Networks are NOT EQUIVALENT.  Time =     0.00 sec,direct,,rejected,rejected,original == NOT optimized
generated_multiplier_4,balance,new_n99,new_n100,0.987109375,2,1.0,0,non_exact_candidate,0,0,256,1,rejected,Networks are NOT EQUIVALENT.  Time =     0.00 sec,direct,,rejected,rejected,original == NOT optimized
generated_multiplier_4,balance,new_n99,new_n68,0.93984375,3,1.0,0,non_exact_candidate,0,0,256,1,rejected,Networks are NOT EQUIVALENT.  Time =     0.00 sec,direct,,rejected,rejected,original == NOT optimized
generated_multiplier_4,balance,new_n99,new_n77,0.9075520833333334,4,1.0,0,non_exact_candidate,0,0,256,1,rejected,Networks are NOT EQUIVALENT.  Time =     0.00 sec,direct,,rejected,rejected,original == NOT optimized
generated_multiplier_4,balance,new_n99,new_n69,0.90546875,5,1.0,0,non_exact_candidate,0,0,256,1,rejected,Networks are NOT EQUIVALENT.  Time =     0.00 sec,direct,,rejected,rejected,original == NOT optimized
generated_multiplier_4,balance,new_n100,new_n99,0.987109375,2,1.0,0,non_exact_candidate,0,0,256,1,rejected,Networks are NOT EQUIVALENT.  Time =     0.00 sec,direct,,rejected,rejected,original == NOT optimized
generated_multiplier_4,balance,new_n100,new_n68,0.952734375,3,1.0,0,non_exact_candidate,0,0,256,1,rejected,Networks are NOT EQUIVALENT.  Time =     0.00 sec,direct,,rejected,rejected,original == NOT optimized
generated_multiplier_4,balance,new_n100,new_n121,0.9035546875,4,1.0,0,non_exact_candidate,0,0,256,1,rejected,Networks are NOT EQUIVALENT.  Time =     0.00 sec,direct,,rejected,rejected,original == NOT optimized
generated_multiplier_4,balance,new_n100,new_n77,0.9032552083333334,5,1.0,0,non_exact_candidate,0,0,256,1,rejected,Networks are NOT EQUIVALENT.  Time =     0.00 sec,direct,,rejected,rejected,original == NOT optimized
generated_multiplier_4,balance,new_n101,new_n72,0.891015625,2,1.0,0,non_exact_candidate,0,0,256,1,rejected,Networks are NOT EQUIVALENT.  Time =     0.00 sec,direct,,rejected,rejected,original == NOT optimized
generated_multiplier_4,balance,new_n101,new_n63,0.8777343750000001,3,1.0,0,non_exact_candidate,0,0,256,1,rejected,Networks are NOT EQUIVALENT.  Time =     0.00 sec,direct,,rejected,rejected,original == NOT optimized
generated_multiplier_4,balance,new_n101,new_n99,0.8745442708333334,4,0.875,0,non_exact_candidate,0,0,256,1,rejected,Networks are NOT EQUIVALENT.  Time =     0.00 sec,direct,,rejected,rejected,original == NOT optimized
generated_multiplier_4,balance,new_n101,new_n100,0.8702473958333333,5,0.875,0,non_exact_candidate,0,0,256,1,rejected,Networks are NOT EQUIVALENT.  Time =     0.00 sec,direct,,rejected,rejected,original == NOT optimized
generated_multiplier_4,balance,new_n102,new_n103,0.94140625,2,1.0,0,non_exact_candidate,0,0,256,1,rejected,Networks are NOT EQUIVALENT.  Time =     0.00 sec,direct,,rejected,rejected,original == NOT optimized
generated_multiplier_4,balance,new_n102,new_n124,0.896200284090909,3,1.0,0,non_exact_candidate,0,0,256,1,rejected,Networks are NOT EQUIVALENT.  Time =     0.00 sec,direct,,rejected,rejected,original == NOT optimized
generated_multiplier_4,balance,new_n102,new_n122,0.8906640625000001,4,1.0,0,non_exact_candidate,0,0,256,1,rejected,Networks are NOT EQUIVALENT.  Time =     0.00 sec,direct,,rejected,rejected,original == NOT optimized
generated_multiplier_4,balance,new_n102,new_n70,0.8624999999999999,5,1.0,0,non_exact_candidate,0,0,256,1,rejected,Networks are NOT EQUIVALENT.  Time =     0.00 sec,direct,,rejected,rejected,original == NOT optimized
generated_multiplier_4,balance,new_n103,new_n101,0.9392578125,2,1.0,0,non_exact_candidate,0,0,256,1,rejected,Networks are NOT EQUIVALENT.  Time =     0.00 sec,direct,,rejected,rejected,original == NOT optimized
generated_multiplier_4,balance,new_n103,new_n124,0.905703125,3,1.0,0,non_exact_candidate,0,0,256,1,rejected,Networks are NOT EQUIVALENT.  Time =     0.00 sec,direct,,rejected,rejected,original == NOT optimized
generated_multiplier_4,balance,new_n103,new_n122,0.8960720486111111,4,1.0,0,non_exact_candidate,0,0,256,1,rejected,Networks are NOT EQUIVALENT.  Time =     0.00 sec,direct,,rejected,rejected,original == NOT optimized
generated_multiplier_4,balance,new_n104,new_n97,0.8774739583333334,2,1.0,0,non_exact_candidate,0,0,256,1,rejected,Networks are NOT EQUIVALENT.  Time =     0.00 sec,direct,,rejected,rejected,original == NOT optimized
generated_multiplier_4,balance,new_n104,new_n108,0.8753255208333334,3,1.0,0,non_exact_candidate,0,0,256,1,rejected,Networks are NOT EQUIVALENT.  Time =     0.00 sec,direct,,rejected,rejected,original == NOT optimized
generated_multiplier_4,balance,new_n104,new_n125,0.8651041666666667,4,1.0,0,non_exact_candidate,0,0,256,1,rejected,Networks are NOT EQUIVALENT.  Time =     0.00 sec,direct,,rejected,rejected,original == NOT optimized
generated_multiplier_4,balance,new_n104,new_n105,0.85390625,5,1.0,0,non_exact_candidate,0,0,256,1,rejected,Networks are NOT EQUIVALENT.  Time =     0.00 sec,direct,,rejected,rejected,original == NOT optimized
generated_multiplier_4,balance,new_n105,new_n135,0.9328125,2,1.0,0,non_exact_candidate,0,0,256,1,rejected,Networks are NOT EQUIVALENT.  Time =     0.00 sec,direct,,rejected,rejected,original == NOT optimized
generated_multiplier_4,balance,new_n105,new_n120,0.9290364583333334,3,1.0,0,non_exact_candidate,0,0,256,1,rejected,Networks are NOT EQUIVALENT.  Time =     0.00 sec,direct,,rejected,rejected,original == NOT optimized
generated_multiplier_4,balance,new_n105,new_n121,0.9204427083333332,4,1.0,0,non_exact_candidate,0,0,256,1,rejected,Networks are NOT EQUIVALENT.  Time =     0.00 sec,direct,,rejected,rejected,original == NOT optimized
generated_multiplier_4,balance,new_n105,new_n123,0.907109375,5,1.0,0,non_exact_candidate,0,0,256,1,rejected,Networks are NOT EQUIVALENT.  Time =     0.00 sec,direct,,rejected,rejected,original == NOT optimized
generated_multiplier_4,balance,new_n106,new_n98,0.9075520833333334,2,1.0,0,non_exact_candidate,0,0,256,1,rejected,Networks are NOT EQUIVALENT.  Time =     0.00 sec,direct,,rejected,rejected,original == NOT optimized
generated_multiplier_4,balance,new_n106,new_n117,0.8860677083333334,3,1.0,0,non_exact_candidate,0,0,256,1,rejected,Networks are NOT EQUIVALENT.  Time =     0.00 sec,direct,,rejected,rejected,original == NOT optimized
generated_multiplier_4,balance,new_n106,new_n119,0.860546875,4,1.0,0,non_exact_candidate,0,0,256,1,rejected,Networks are NOT EQUIVALENT.  Time =     0.00 sec,direct,,rejected,rejected,original == NOT optimized
generated_multiplier_4,balance,new_n106,new_n78,0.8584375,5,1.0,0,non_exact_candidate,0,0,256,1,rejected,Networks are NOT EQUIVALENT.  Time =     0.00 sec,direct,,rejected,rejected,original == NOT optimized
generated_multiplier_4,balance,new_n108,new_n116,0.935546875,2,1.0,0,non_exact_candidate,0,0,256,1,rejected,Networks are NOT EQUIVALENT.  Time =     0.00 sec,direct,,rejected,rejected,original == NOT optimized
generated_multiplier_4,balance,new_n108,new_n104,0.8753255208333334,3,1.0,0,non_exact_candidate,0,0,256,1,rejected,Networks are NOT EQUIVALENT.  Time =     0.00 sec,direct,,rejected,rejected,original == NOT optimized
generated_multiplier_4,balance,new_n108,new_n115,0.85390625,4,1.0,0,non_exact_candidate,0,0,256,1,rejected,Networks are NOT EQUIVALENT.  Time =     0.00 sec,direct,,rejected,rejected,original == NOT optimized
generated_multiplier_4,balance,new_n109,new_n135,0.8791015625,2,1.0,0,non_exact_candidate,0,0,256,1,rejected,Networks are NOT EQUIVALENT.  Time =     0.00 sec,direct,,rejected,rejected,original == NOT optimized
generated_multiplier_4,balance,new_n109,new_n112,0.8688802083333333,3,1.0,0,non_exact_candidate,0,0,256,1,rejected,Networks are NOT EQUIVALENT.  Time =     0.00 sec,direct,,rejected,rejected,original == NOT optimized
generated_multiplier_4,balance,new_n109,new_n115,0.8624999999999999,4,1.0,0,non_exact_candidate,0,0,256,1,rejected,Networks are NOT EQUIVALENT.  Time =     0.00 sec,direct,,rejected,rejected,original == NOT optimized
generated_multiplier_4,balance,new_n109,new_n116,0.8624999999999999,5,1.0,0,non_exact_candidate,0,0,256,1,rejected,Networks are NOT EQUIVALENT.  Time =     0.00 sec,direct,,rejected,rejected,original == NOT optimized
generated_multiplier_4,balance,new_n112,new_n109,0.8688802083333333,2,1.0,0,non_exact_candidate,0,0,256,1,rejected,Networks are NOT EQUIVALENT.  Time =     0.00 sec,direct,,rejected,rejected,original == NOT optimized
generated_multiplier_4,balance,new_n113,new_n126,0.8705078125000001,2,1.0,0,non_exact_candidate,0,0,256,1,rejected,Networks are NOT EQUIVALENT.  Time =     0.00 sec,direct,,rejected,rejected,original == NOT optimized
generated_multiplier_4,balance,new_n113,new_n132,0.8619140625000001,3,1.0,0,non_exact_candidate,0,0,256,1,rejected,Networks are NOT EQUIVALENT.  Time =     0.00 sec,direct,,rejected,rejected,original == NOT optimized
generated_multiplier_4,balance,new_n115,new_n116,0.918359375,2,1.0,0,non_exact_candidate,0,0,256,1,rejected,Networks are NOT EQUIVALENT.  Time =     0.00 sec,direct,,rejected,rejected,original == NOT optimized
generated_multiplier_4,balance,new_n115,new_n135,0.8791015625,3,1.0,0,non_exact_candidate,0,0,256,1,rejected,Networks are NOT EQUIVALENT.  Time =     0.00 sec,direct,,rejected,rejected,original == NOT optimized
generated_multiplier_4,balance,new_n115,new_n125,0.8755859375,4,1.0,0,non_exact_candidate,0,0,256,1,rejected,Networks are NOT EQUIVALENT.  Time =     0.00 sec,direct,,rejected,rejected,original == NOT optimized
generated_multiplier_4,balance,new_n115,new_n105,0.8753255208333334,5,1.0,0,non_exact_candidate,0,0,256,1,rejected,Networks are NOT EQUIVALENT.  Time =     0.00 sec,direct,,rejected,rejected,original == NOT optimized
generated_multiplier_4,balance,new_n116,new_n108,0.935546875,2,1.0,0,non_exact_candidate,0,0,256,1,rejected,Networks are NOT EQUIVALENT.  Time =     0.00 sec,direct,,rejected,rejected,original == NOT optimized
generated_multiplier_4,balance,new_n116,new_n115,0.918359375,3,1.0,0,non_exact_candidate,0,0,256,1,rejected,Networks are NOT EQUIVALENT.  Time =     0.00 sec,direct,,rejected,rejected,original == NOT optimized
generated_multiplier_4,balance,new_n116,new_n135,0.8791015625,4,1.0,0,non_exact_candidate,0,0,256,1,rejected,Networks are NOT EQUIVALENT.  Time =     0.00 sec,direct,,rejected,rejected,original == NOT optimized
generated_multiplier_4,balance,new_n116,new_n125,0.8755859375,5,1.0,0,non_exact_candidate,0,0,256,1,rejected,Networks are NOT EQUIVALENT.  Time =     0.00 sec,direct,,rejected,rejected,original == NOT optimized
generated_multiplier_4,balance,new_n118,new_n119,0.9091796875,2,1.0,0,non_exact_candidate,0,0,256,1,rejected,Networks are NOT EQUIVALENT.  Time =     0.00 sec,direct,,rejected,rejected,original == NOT optimized
generated_multiplier_4,balance,new_n118,new_n134,0.8841796875000001,3,1.0,0,non_exact_candidate,0,0,256,1,rejected,Networks are NOT EQUIVALENT.  Time =     0.00 sec,direct,,rejected,rejected,original == NOT optimized
generated_multiplier_4,balance,new_n118,new_n127,0.8583984375000001,4,1.0,0,non_exact_candidate,0,0,256,1,rejected,Networks are NOT EQUIVALENT.  Time =     0.00 sec,direct,,rejected,rejected,original == NOT optimized
generated_multiplier_4,balance,new_n119,new_n117,0.9328125,2,1.0,0,non_exact_candidate,0,0,256,1,rejected,Networks are NOT EQUIVALENT.  Time =     0.00 sec,direct,,rejected,rejected,original == NOT optimized
generated_multiplier_4,balance,new_n119,new_n127,0.9075520833333334,3,1.0,0,non_exact_candidate,0,0,256,1,rejected,Networks are NOT EQUIVALENT.  Time =     0.00 sec,direct,,rejected,rejected,original == NOT optimized
generated_multiplier_4,balance,new_n119,new_n134,0.8817708333333333,4,1.0,0,non_exact_candidate,0,0,256,1,rejected,Networks are NOT EQUIVALENT.  Time =     0.00 sec,direct,,rejected,rejected,original == NOT optimized
generated_multiplier_4,balance,new_n119,new_n106,0.860546875,5,1.0,0,non_exact_candidate,0,0,256,1,rejected,Networks are NOT EQUIVALENT.  Time =     0.00 sec,direct,,rejected,rejected,original == NOT optimized
generated_multiplier_4,balance,new_n120,new_n121,0.987109375,2,1.0,0,non_exact_candidate,0,0,256,1,rejected,Networks are NOT EQUIVALENT.  Time =     0.00 sec,direct,,rejected,rejected,original == NOT optimized
generated_multiplier_4,balance,new_n120,new_n96,0.93984375,3,1.0,0,non_exact_candidate,0,0,256,1,rejected,Networks are NOT EQUIVALENT.  Time =     0.00 sec,direct,,rejected,rejected,original == NOT optimized
generated_multiplier_4,balance,new_n120,new_n105,0.9290364583333334,4,1.0,0,non_exact_candidate,0,0,256,1,rejected,Networks are NOT EQUIVALENT.  Time =     0.00 sec,direct,,rejected,rejected,original == NOT optimized
generated_multiplier_4,balance,new_n120,new_n123,0.9204427083333332,5,1.0,0,non_exact_candidate,0,0,256,1,rejected,Networks are NOT EQUIVALENT.  Time =     0.00 sec,direct,,rejected,rejected,original == NOT optimized
generated_multiplier_4,balance,new_n121,new_n120,0.987109375,2,1.0,0,non_exact_candidate,0,0,256,1,rejected,Networks are NOT EQUIVALENT.  Time =     0.00 sec,direct,,rejected,rejected,original == NOT optimized
generated_multiplier_4,balance,new_n121,new_n96,0.952734375,3,1.0,0,non_exact_candidate,0,0,256,1,rejected,Networks are NOT EQUIVALENT.  Time =     0.00 sec,direct,,rejected,rejected,original == NOT optimized
generated_multiplier_4,balance,new_n121,new_n105,0.9204427083333332,4,1.0,0,non_exact_candidate,0,0,256,1,rejected,Networks are NOT EQUIVALENT.  Time =     0.00 sec,direct,,rejected,rejected,original == NOT optimized
generated_multiplier_4,balance,new_n121,new_n135,0.912109375,5,1.0,0,non_exact_candidate,0,0,256,1,rejected,Networks are NOT EQUIVALENT.  Time =     0.00 sec,direct,,rejected,rejected,original == NOT optimized
generated_multiplier_4,balance,new_n122,new_n120,0.9204427083333332,2,1.0,0,non_exact_candidate,0,0,256,1,rejected,Networks are NOT EQUIVALENT.  Time =     0.00 sec,direct,,rejected,rejected,original == NOT optimized
generated_multiplier_4,balance,new_n122,new_n121,0.9118489583333332,3,1.0,0,non_exact_candidate,0,0,256,1,rejected,Networks are NOT EQUIVALENT.  Time =     0.00 sec,direct,,rejected,rejected,original == NOT optimized
generated_multiplier_4,balance,new_n122,new_n105,0.907109375,4,1.0,0,non_exact_candidate,0,0,256,1,rejected,Networks are NOT EQUIVALENT.  Time =     0.00 sec,direct,,rejected,rejected,original == NOT optimized
generated_multiplier_4,balance,new_n122,new_n135,0.9037760416666668,5,1.0,0,non_exact_candidate,0,0,256,1,rejected,Networks are NOT EQUIVALENT.  Time =     0.00 sec,direct,,rejected,rejected,original == NOT optimized
generated_multiplier_4,balance,new_n123,new_n124,0.9392578125,2,1.0,0,non_exact_candidate,0,0,256,1,rejected,Networks are NOT EQUIVALENT.  Time =     0.00 sec,direct,,rejected,rejected,original == NOT optimized
generated_multiplier_4,balance,new_n123,new_n103,0.8960720486111111,3,1.0,0,non_exact_candidate,0,0,256,1,rejected,Networks are NOT EQUIVALENT.  Time =     0.00 sec,direct,,rejected,rejected,original == NOT optimized
generated_multiplier_4,balance,new_n123,new_n101,0.8928125,4,1.0,0,non_exact_candidate,0,0,256,1,rejected,Networks are NOT EQUIVALENT.  Time =     0.00 sec,direct,,rejected,rejected,original == NOT optimized
generated_multiplier_4,balance,new_n123,new_n134,0.8544921875,5,1.0,0,non_exact_candidate,0,0,256,1,rejected,Networks are NOT EQUIVALENT.  Time =     0.00 sec,direct,,rejected,rejected,original == NOT optimized
generated_multiplier_4,balance,new_n124,new_n122,0.9392578125,2,1.0,0,non_exact_candidate,0,0,256,1,rejected,Networks are NOT EQUIVALENT.  Time =     0.00 sec,direct,,rejected,rejected,original == NOT optimized
generated_multiplier_4,balance,new_n124,new_n103,0.905703125,3,1.0,0,non_exact_candidate,0,0,256,1,rejected,Networks are NOT EQUIVALENT.  Time =     0.00 sec,direct,,rejected,rejected,original == NOT optimized
generated_multiplier_4,balance,new_n124,new_n101,0.8983487215909091,4,1.0,0,non_exact_candidate,0,0,256,1,rejected,Networks are NOT EQUIVALENT.  Time =     0.00 sec,direct,,rejected,rejected,original == NOT optimized
generated_multiplier_4,balance,new_n125,new_n133,0.935546875,2,1.0,0,non_exact_candidate,0,0,256,1,rejected,Networks are NOT EQUIVALENT.  Time =     0.00 sec,direct,,rejected,rejected,original == NOT optimized
generated_multiplier_4,balance,new_n125,new_n126,0.8839843749999999,3,1.0,0,non_exact_candidate,0,0,256,1,rejected,Networks are NOT EQUIVALENT.  Time =     0.00 sec,direct,,rejected,rejected,original == NOT optimized
generated_multiplier_4,balance,new_n125,new_n132,0.8839843749999999,4,1.0,0,non_exact_candidate,0,0,256,1,rejected,Networks are NOT EQUIVALENT.  Time =     0.00 sec,direct,,rejected,rejected,original == NOT optimized
generated_multiplier_4,balance,new_n125,new_n115,0.8755859375,5,1.0,0,non_exact_candidate,0,0,256,1,rejected,Networks are NOT EQUIVALENT.  Time =     0.00 sec,direct,,rejected,rejected,original == NOT optimized
generated_multiplier_4,balance,new_n126,new_n132,0.97421875,2,1.0,0,non_exact_candidate,0,0,256,1,rejected,Networks are NOT EQUIVALENT.  Time =     0.00 sec,direct,,rejected,rejected,original == NOT optimized
generated_multiplier_4,balance,new_n126,new_n133,0.92265625,3,1.0,0,non_exact_candidate,0,0,256,1,rejected,Networks are NOT EQUIVALENT.  Time =     0.00 sec,direct,,rejected,rejected,original == NOT optimized
generated_multiplier_4,balance,new_n126,new_n121,0.90390625,4,1.0,0,non_exact_candidate,0,0,256,1,rejected,Networks are NOT EQUIVALENT.  Time =     0.00 sec,direct,,rejected,rejected,original == NOT optimized
generated_multiplier_4,balance,new_n126,new_n105,0.8994791666666667,5,1.0,0,non_exact_candidate,0,0,256,1,rejected,Networks are NOT EQUIVALENT.  Time =     0.00 sec,direct,,rejected,rejected,original == NOT optimized
generated_multiplier_4,balance,new_n127,new_n134,0.92265625,2,1.0,0,non_exact_candidate,0,0,256,1,rejected,Networks are NOT EQUIVALENT.  Time =     0.00 sec,direct,,rejected,rejected,original == NOT optimized
generated_multiplier_4,balance,new_n127,new_n119,0.9075520833333334,3,1.0,0,non_exact_candidate,0,0,256,1,rejected,Networks are NOT EQUIVALENT.  Time =     0.00 sec,direct,,rejected,rejected,original == NOT optimized
generated_multiplier_4,balance,new_n127,new_n117,0.903515625,4,1.0,0,non_exact_candidate,0,0,256,1,rejected,Networks are NOT EQUIVALENT.  Time =     0.00 sec,direct,,rejected,rejected,original == NOT optimized
generated_multiplier_4,balance,new_n127,new_n98,0.85234375,5,1.0,0,non_exact_candidate,0,0,256,1,rejected,Networks are NOT EQUIVALENT.  Time =     0.00 sec,direct,,rejected,rejected,original == NOT optimized
generated_multiplier_4,balance,new_n129,new_n126,0.8774739583333334,2,1.0,0,non_exact_candidate,0,0,256,1,rejected,Networks are NOT EQUIVALENT.  Time =     0.00 sec,direct,,rejected,rejected,original == NOT optimized
generated_multiplier_4,balance,new_n129,new_n125,0.8731770833333333,3,1.0,0,non_exact_candidate,0,0,256,1,rejected,Networks are NOT EQUIVALENT.  Time =     0.00 sec,direct,,rejected,rejected,original == NOT optimized
generated_multiplier_4,balance,new_n129,new_n132,0.8602864583333333,4,1.0,0,non_exact_candidate,0,0,256,1,rejected,Networks are NOT EQUIVALENT.  Time =     0.00 sec,direct,,rejected,rejected,original == NOT optimized
generated_multiplier_4,balance,new_n129,new_n130,0.8582031250000001,5,1.0,0,non_exact_candidate,0,0,256,1,rejected,Networks are NOT EQUIVALENT.  Time =     0.00 sec,direct,,rejected,rejected,original == NOT optimized
generated_multiplier_4,balance,new_n130,new_n132,0.8645833333333334,2,1.0,0,non_exact_candidate,0,0,256,1,rejected,Networks are NOT EQUIVALENT.  Time =     0.00 sec,direct,,rejected,rejected,original == NOT optimized
generated_multiplier_4,balance,new_n130,new_n129,0.8582031250000001,3,1.0,0,non_exact_candidate,0,0,256,1,rejected,Networks are NOT EQUIVALENT.  Time =     0.00 sec,direct,,rejected,rejected,original == NOT optimized
generated_multiplier_4,balance,new_n132,new_n126,0.97421875,2,1.0,0,non_exact_candidate,0,0,256,1,rejected,Networks are NOT EQUIVALENT.  Time =     0.00 sec,direct,,rejected,rejected,original == NOT optimized
generated_multiplier_4,balance,new_n132,new_n133,0.9484375,3,1.0,0,non_exact_candidate,0,0,256,1,rejected,Networks are NOT EQUIVALENT.  Time =     0.00 sec,direct,,rejected,rejected,original == NOT optimized
generated_multiplier_4,balance,new_n132,new_n135,0.915703125,4,1.0,0,non_exact_candidate,0,0,256,1,rejected,Networks are NOT EQUIVALENT.  Time =     0.00 sec,direct,,rejected,rejected,original == NOT optimized
generated_multiplier_4,balance,new_n132,new_n120,0.90390625,5,1.0,0,non_exact_candidate,0,0,256,1,rejected,Networks are NOT EQUIVALENT.  Time =     0.00 sec,direct,,rejected,rejected,original == NOT optimized
generated_multiplier_4,balance,new_n133,new_n132,0.9484375,2,1.0,0,non_exact_candidate,0,0,256,1,rejected,Networks are NOT EQUIVALENT.  Time =     0.00 sec,direct,,rejected,rejected,original == NOT optimized
generated_multiplier_4,balance,new_n133,new_n125,0.935546875,3,1.0,0,non_exact_candidate,0,0,256,1,rejected,Networks are NOT EQUIVALENT.  Time =     0.00 sec,direct,,rejected,rejected,original == NOT optimized
generated_multiplier_4,balance,new_n133,new_n126,0.92265625,4,1.0,0,non_exact_candidate,0,0,256,1,rejected,Networks are NOT EQUIVALENT.  Time =     0.00 sec,direct,,rejected,rejected,original == NOT optimized
generated_multiplier_4,balance,new_n133,new_n115,0.8669921875000001,5,1.0,0,non_exact_candidate,0,0,256,1,rejected,Networks are NOT EQUIVALENT.  Time =     0.00 sec,direct,,rejected,rejected,original == NOT optimized
generated_multiplier_4,balance,new_n134,new_n105,0.9328125,2,1.0,0,non_exact_candidate,0,0,256,1,rejected,Networks are NOT EQUIVALENT.  Time =     0.00 sec,direct,,rejected,rejected,original == NOT optimized
generated_multiplier_4,balance,new_n134,new_n132,0.915703125,3,1.0,0,non_exact_candidate,0,0,256,1,rejected,Networks are NOT EQUIVALENT.  Time =     0.00 sec,direct,,rejected,rejected,original == NOT optimized
generated_multiplier_4,balance,new_n134,new_n120,0.912109375,4,1.0,0,non_exact_candidate,0,0,256,1,rejected,Networks are NOT EQUIVALENT.  Time =     0.00 sec,direct,,rejected,rejected,original == NOT optimized
generated_multiplier_4,balance,new_n134,new_n121,0.912109375,5,1.0,0,non_exact_candidate,0,0,256,1,rejected,Networks are NOT EQUIVALENT.  Time =     0.00 sec,direct,,rejected,rejected,original == NOT optimized
generated_multiplier_4,balance,new_n135,new_n124,0.9056919642857144,2,1.0,0,non_exact_candidate,0,0,256,1,rejected,Networks are NOT EQUIVALENT.  Time =     0.00 sec,direct,,rejected,rejected,original == NOT optimized
generated_multiplier_4,balance,new_n135,new_n122,0.9017578125,3,1.0,0,non_exact_candidate,0,0,256,1,rejected,Networks are NOT EQUIVALENT.  Time =     0.00 sec,direct,,rejected,rejected,original == NOT optimized
generated_multiplier_4,balance,new_n135,new_n101,0.8994370404411764,4,1.0,0,non_exact_candidate,0,0,256,1,rejected,Networks are NOT EQUIVALENT.  Time =     0.00 sec,direct,,rejected,rejected,original == NOT optimized
generated_multiplier_4,balance,new_n135,new_n103,0.893359375,5,1.0,0,non_exact_candidate,0,0,256,1,rejected,Networks are NOT EQUIVALENT.  Time =     0.00 sec,direct,,rejected,rejected,original == NOT optimized
generated_multiplier_4,compress2rs,new_n22,new_n26,0.8628125,3,0.8,0,non_exact_candidate,0,0,256,1,rejected,Networks are NOT EQUIVALENT.  Time =     0.00 sec,direct,,rejected,rejected,original == NOT optimized
generated_multiplier_4,compress2rs,new_n22,new_n38,0.8628125,4,0.8,0,non_exact_candidate,0,0,256,1,rejected,Networks are NOT EQUIVALENT.  Time =     0.00 sec,direct,,rejected,rejected,original == NOT optimized
generated_multiplier_4,compress2rs,new_n22,new_n20,0.8624999999999999,5,1.0,0,non_exact_candidate,0,0,256,1,rejected,Networks are NOT EQUIVALENT.  Time =     0.00 sec,direct,,rejected,rejected,original == NOT optimized
generated_multiplier_4,compress2rs,new_n26,new_n21,0.8624999999999999,2,1.0,0,non_exact_candidate,0,0,256,1,rejected,Networks are NOT EQUIVALENT.  Time =     0.00 sec,direct,,rejected,rejected,original == NOT optimized
generated_multiplier_4,compress2rs,new_n26,new_n24,0.8624999999999999,3,1.0,0,non_exact_candidate,0,0,256,1,rejected,Networks are NOT EQUIVALENT.  Time =     0.00 sec,direct,,rejected,rejected,original == NOT optimized
generated_multiplier_4,compress2rs,new_n27,new_n30,0.9161458333333332,2,1.0,0,non_exact_candidate,0,0,256,1,rejected,Networks are NOT EQUIVALENT.  Time =     0.00 sec,direct,,rejected,rejected,original == NOT optimized
generated_multiplier_4,compress2rs,new_n27,new_n38,0.896875,3,1.0,0,non_exact_candidate,0,0,256,1,rejected,Networks are NOT EQUIVALENT.  Time =     0.00 sec,direct,,rejected,rejected,original == NOT optimized
generated_multiplier_4,compress2rs,new_n27,new_n26,0.8624999999999999,4,1.0,0,non_exact_candidate,0,0,256,1,rejected,Networks are NOT EQUIVALENT.  Time =     0.00 sec,direct,,rejected,rejected,original == NOT optimized
generated_multiplier_4,compress2rs,new_n28,new_n26,0.896875,2,1.0,0,non_exact_candidate,0,0,256,1,rejected,Networks are NOT EQUIVALENT.  Time =     0.00 sec,direct,,rejected,rejected,original == NOT optimized
generated_multiplier_4,compress2rs,new_n28,new_n38,0.896875,3,1.0,0,non_exact_candidate,0,0,256,1,rejected,Networks are NOT EQUIVALENT.  Time =     0.00 sec,direct,,rejected,rejected,original == NOT optimized
generated_multiplier_4,compress2rs,new_n29,new_n28,0.8624999999999999,2,1.0,0,non_exact_candidate,0,0,256,1,rejected,Networks are NOT EQUIVALENT.  Time =     0.00 sec,direct,,rejected,rejected,original == NOT optimized
generated_multiplier_4,compress2rs,new_n30,new_n43,0.91640625,2,1.0,0,non_exact_candidate,0,0,256,1,rejected,Networks are NOT EQUIVALENT.  Time =     0.00 sec,direct,,rejected,rejected,original == NOT optimized
generated_multiplier_4,compress2rs,new_n30,new_n71,0.88203125,3,1.0,0,non_exact_candidate,0,0,256,1,rejected,Networks are NOT EQUIVALENT.  Time =     0.00 sec,direct,,rejected,rejected,original == NOT optimized
generated_multiplier_4,compress2rs,new_n37,new_n38,0.915625,2,1.0,0,non_exact_candidate,0,0,256,1,rejected,Networks are NOT EQUIVALENT.  Time =     0.00 sec,direct,,rejected,rejected,original == NOT optimized
generated_multiplier_4,compress2rs,new_n37,new_n39,0.8628125,3,0.8,0,non_exact_candidate,0,0,256,1,rejected,Networks are NOT EQUIVALENT.  Time =     0.00 sec,direct,,rejected,rejected,original == NOT optimized
generated_multiplier_4,compress2rs,new_n37,new_n44,0.8530729166666668,4,0.8333333333333334,0,non_exact_candidate,0,0,256,1,rejected,Networks are NOT EQUIVALENT.  Time =     0.00 sec,direct,,rejected,rejected,original == NOT optimized
generated_multiplier_4,compress2rs,new_n38,new_n37,0.90703125,2,1.0,0,non_exact_candidate,0,0,256,1,rejected,Networks are NOT EQUIVALENT.  Time =     0.00 sec,direct,,rejected,rejected,original == NOT optimized
generated_multiplier_4,compress2rs,new_n38,new_n43,0.8817708333333333,3,1.0,0,non_exact_candidate,0,0,256,1,rejected,Networks are NOT EQUIVALENT.  Time =     0.00 sec,direct,,rejected,rejected,original == NOT optimized
generated_multiplier_4,compress2rs,new_n38,new_n44,0.8817708333333333,4,1.0,0,non_exact_candidate,0,0,256,1,rejected,Networks are NOT EQUIVALENT.  Time =     0.00 sec,direct,,rejected,rejected,original == NOT optimized
generated_multiplier_4,compress2rs,new_n38,new_n74,0.87421875,5,0.7142857142857143,0,non_exact_candidate,0,0,256,1,rejected,Networks are NOT EQUIVALENT.  Time =     0.00 sec,direct,,rejected,rejected,original == NOT optimized
generated_multiplier_4,compress2rs,new_n40,new_n43,0.90703125,2,1.0,0,non_exact_candidate,0,0,256,1,rejected,Networks are NOT EQUIVALENT.  Time =     0.00 sec,direct,,rejected,rejected,original == NOT optimized
generated_multiplier_4,compress2rs,new_n40,new_n44,0.90703125,3,1.0,0,non_exact_candidate,0,0,256,1,rejected,Networks are NOT EQUIVALENT.  Time =     0.00 sec,direct,,rejected,rejected,original == NOT optimized
generated_multiplier_4,compress2rs,new_n40,new_n71,0.85546875,4,1.0,0,non_exact_candidate,0,0,256,1,rejected,Networks are NOT EQUIVALENT.  Time =     0.00 sec,direct,,rejected,rejected,original == NOT optimized
generated_multiplier_4,compress2rs,new_n41,new_n72,0.93125,2,1.0,0,non_exact_candidate,0,0,256,1,rejected,Networks are NOT EQUIVALENT.  Time =     0.00 sec,direct,,rejected,rejected,original == NOT optimized
generated_multiplier_4,compress2rs,new_n41,new_n43,0.915625,3,0.8571428571428571,0,non_exact_candidate,0,0,256,1,rejected,Networks are NOT EQUIVALENT.  Time =     0.00 sec,direct,,rejected,rejected,original == NOT optimized
generated_multiplier_4,compress2rs,new_n41,new_n44,0.8984375,4,0.8571428571428571,0,non_exact_candidate,0,0,256,1,rejected,Networks are NOT EQUIVALENT.  Time =     0.00 sec,direct,,rejected,rejected,original == NOT optimized
generated_multiplier_4,compress2rs,new_n41,new_n71,0.8898437499999999,5,0.8571428571428571,0,non_exact_candidate,0,0,256,1,rejected,Networks are NOT EQUIVALENT.  Time =     0.00 sec,direct,,rejected,rejected,original == NOT optimized
generated_multiplier_4,compress2rs,new_n42,new_n72,0.88828125,2,1.0,0,non_exact_candidate,0,0,256,1,rejected,Networks are NOT EQUIVALENT.  Time =     0.00 sec,direct,,rejected,rejected,original == NOT optimized
generated_multiplier_4,compress2rs,new_n42,new_n51,0.87703125,3,1.0,0,non_exact_candidate,0,0,256,1,rejected,Networks are NOT EQUIVALENT.  Time =     0.00 sec,direct,,rejected,rejected,original == NOT optimized
generated_multiplier_4,compress2rs,new_n44,new_n48,0.88828125,3,1.0,0,non_exact_candidate,0,0,256,1,rejected,Networks are NOT EQUIVALENT.  Time =     0.00 sec,direct,,rejected,rejected,original == NOT optimized
generated_multiplier_4,compress2rs,new_n44,new_n72,0.8817708333333333,4,1.0,0,non_exact_candidate,0,0,256,1,rejected,Networks are NOT EQUIVALENT.  Time =     0.00 sec,direct,,rejected,rejected,original == NOT optimized
generated_multiplier_4,compress2rs,new_n44,new_n64,0.8731770833333333,5,1.0,0,non_exact_candidate,0,0,256,1,rejected,Networks are NOT EQUIVALENT.  Time =     0.00 sec,direct,,rejected,rejected,original == NOT optimized
generated_multiplier_4,compress2rs,new_n45,new_n49,0.85546875,2,1.0,0,non_exact_candidate,0,0,256,1,rejected,Networks are NOT EQUIVALENT.  Time =     0.00 sec,direct,,rejected,rejected,original == NOT optimized
generated_multiplier_4,compress2rs,new_n46,new_n51,0.85546875,2,1.0,0,non_exact_candidate,0,0,256,1,rejected,Networks are NOT EQUIVALENT.  Time =     0.00 sec,direct,,rejected,rejected,original == NOT optimized
generated_multiplier_4,compress2rs,new_n47,new_n51,0.90546875,2,1.0,0,non_exact_candidate,0,0,256,1,rejected,Networks are NOT EQUIVALENT.  Time =     0.00 sec,direct,,rejected,rejected,original == NOT optimized
generated_multiplier_4,compress2rs,new_n47,new_n63,0.90546875,3,1.0,0,non_exact_candidate,0,0,256,1,rejected,Networks are NOT EQUIVALENT.  Time =     0.00 sec,direct,,rejected,rejected,original == NOT optimized
generated_multiplier_4,compress2rs,new_n47,new_n52,0.88828125,4,1.0,0,non_exact_candidate,0,0,256,1,rejected,Networks are NOT EQUIVALENT.  Time =     0.00 sec,direct,,rejected,rejected,original == NOT optimized
generated_multiplier_4,compress2rs,new_n47,new_n102,0.8777343750000001,5,1.0,0,non_exact_candidate,0,0,256,1,rejected,Networks are NOT EQUIVALENT.  Time =     0.00 sec,direct,,rejected,rejected,original == NOT optimized
generated_multiplier_4,compress2rs,new_n48,new_n53,0.8640625000000001,2,1.0,0,non_exact_candidate,0,0,256,1,rejected,Networks are NOT EQUIVALENT.  Time =     0.00 sec,direct,,rejected,rejected,original == NOT optimized
generated_multiplier_4,compress2rs,new_n50,new_n68,0.9185546875,2,1.0,0,non_exact_candidate,0,0,256,1,rejected,Networks are NOT EQUIVALENT.  Time =     0.00 sec,direct,,rejected,rejected,original == NOT optimized
generated_multiplier_4,compress2rs,new_n50,new_n100,0.8755859375,3,1.0,0,non_exact_candidate,0,0,256,1,rejected,Networks are NOT EQUIVALENT.  Time =     0.00 sec,direct,,rejected,rejected,original == NOT optimized
generated_multiplier_4,compress2rs,new_n50,new_n99,0.8712890625,4,1.0,0,non_exact_candidate,0,0,256,1,rejected,Networks are NOT EQUIVALENT.  Time =     0.00 sec,direct,,rejected,rejected,original == NOT optimized
generated_multiplier_4,compress2rs,new_n50,new_n121,0.8561298076923076,5,1.0,0,non_exact_candidate,0,0,256,1,rejected,Networks are NOT EQUIVALENT.  Time =     0.00 sec,direct,,rejected,rejected,original == NOT optimized
generated_multiplier_4,compress2rs,new_n56,new_n102,0.8842075892857143,2,1.0,0,non_exact_candidate,0,0,256,1,rejected,Networks are NOT EQUIVALENT.  Time =     0.00 sec,direct,,rejected,rejected,original == NOT optimized
generated_multiplier_4,compress2rs,new_n56,new_n71,0.8656250000000001,3,0.8571428571428571,0,non_exact_candidate,0,0,256,1,rejected,Networks are NOT EQUIVALENT.  Time =     0.00 sec,direct,,rejected,rejected,original == NOT optimized
generated_multiplier_4,compress2rs,new_n56,new_n74,0.8578125,4,0.8571428571428571,0,non_exact_candidate,0,0,256,1,rejected,Networks are NOT EQUIVALENT.  Time =     0.00 sec,direct,,rejected,rejected,original == NOT optimized
generated_multiplier_4,compress2rs,new_n56,new_n44,0.8570312500000001,5,0.8571428571428571,0,non_exact_candidate,0,0,256,1,rejected,Networks are NOT EQUIVALENT.  Time =     0.00 sec,direct,,rejected,rejected,original == NOT optimized
generated_multiplier_4,compress2rs,new_n57,new_n99,0.9204427083333332,3,1.0,0,non_exact_candidate,0,0,256,1,rejected,Networks are NOT EQUIVALENT.  Time =     0.00 sec,direct,,rejected,rejected,original == NOT optimized
generated_multiplier_4,compress2rs,new_n57,new_n121,0.9018880208333332,4,1.0,0,non_exact_candidate,0,0,256,1,rejected,Networks are NOT EQUIVALENT.  Time =     0.00 sec,direct,,rejected,rejected,original == NOT optimized
generated_multiplier_4,compress2rs,new_n57,new_n62,0.9005859375,5,1.0,0,non_exact_candidate,0,0,256,1,rejected,Networks are NOT EQUIVALENT.  Time =     0.00 sec,direct,,rejected,rejected,original == NOT optimized
generated_multiplier_4,compress2rs,new_n59,new_n68,0.9048828125,2,1.0,0,non_exact_candidate,0,0,256,1,rejected,Networks are NOT EQUIVALENT.  Time =     0.00 sec,direct,,rejected,rejected,original == NOT optimized
generated_multiplier_4,compress2rs,new_n59,new_n99,0.8705078125000001,3,1.0,0,non_exact_candidate,0,0,256,1,rejected,Networks are NOT EQUIVALENT.  Time =     0.00 sec,direct,,rejected,rejected,original == NOT optimized
generated_multiplier_4,compress2rs,new_n59,new_n77,0.8626953125,4,1.0,0,non_exact_candidate,0,0,256,1,rejected,Networks are NOT EQUIVALENT.  Time =     0.00 sec,direct,,rejected,rejected,original == NOT optimized
generated_multiplier_4,compress2rs,new_n59,new_n100,0.8576171875,5,1.0,0,non_exact_candidate,0,0,256,1,rejected,Networks are NOT EQUIVALENT.  Time =     0.00 sec,direct,,rejected,rejected,original == NOT optimized
generated_multiplier_4,compress2rs,new_n61,new_n100,0.97421875,2,1.0,0,non_exact_candidate,0,0,256,1,rejected,Networks are NOT EQUIVALENT.  Time =     0.00 sec,direct,,rejected,rejected,original == NOT optimized
generated_multiplier_4,compress2rs,new_n61,new_n68,0.93125,3,1.0,0,non_exact_candidate,0,0,256,1,rejected,Networks are NOT EQUIVALENT.  Time =     0.00 sec,direct,,rejected,rejected,original == NOT optimized
generated_multiplier_4,compress2rs,new_n61,new_n69,0.918359375,4,1.0,0,non_exact_candidate,0,0,256,1,rejected,Networks are NOT EQUIVALENT.  Time =     0.00 sec,direct,,rejected,rejected,original == NOT optimized
generated_multiplier_4,compress2rs,new_n61,new_n123,0.9017578125,5,1.0,0,non_exact_candidate,0,0,256,1,rejected,Networks are NOT EQUIVALENT.  Time =     0.00 sec,direct,,rejected,rejected,original == NOT optimized
generated_multiplier_4,compress2rs,new_n62,new_n78,0.9099609375,2,1.0,0,non_exact_candidate,0,0,256,1,rejected,Networks are NOT EQUIVALENT.  Time =     0.00 sec,direct,,rejected,rejected,original == NOT optimized
generated_multiplier_4,compress2rs,new_n62,new_n93,0.8500651041666668,3,1.0,0,non_exact_candidate,0,0,256,1,rejected,Networks are NOT EQUIVALENT.  Time =     0.00 sec,direct,,rejected,rejected,original == NOT optimized
generated_multiplier_4,compress2rs,new_n63,new_n69,0.8705078125000001,2,1.0,0,non_exact_candidate,0,0,256,1,rejected,Networks are NOT EQUIVALENT.  Time =     0.00 sec,direct,,rejected,rejected,original == NOT optimized
generated_multiplier_4,compress2rs,new_n63,new_n80,0.8691406250000001,3,1.0,0,non_exact_candidate,0,0,256,1,rejected,Networks are NOT EQUIVALENT.  Time =     0.00 sec,direct,,rejected,rejected,original == NOT optimized
generated_multiplier_4,compress2rs,new_n63,new_n104,0.857528409090909,4,1.0,0,non_exact_candidate,0,0,256,1,rejected,Networks are NOT EQUIVALENT.  Time =     0.00 sec,direct,,rejected,rejected,original == NOT optimized
generated_multiplier_4,compress2rs,new_n64,new_n76,0.8990234375,3,1.0,0,non_exact_candidate,0,0,256,1,rejected,Networks are NOT EQUIVALENT.  Time =     0.00 sec,direct,,rejected,rejected,original == NOT optimized
generated_multiplier_4,compress2rs,new_n64,new_n99,0.8753255208333334,4,1.0,0,non_exact_candidate,0,0,256,1,rejected,Networks are NOT EQUIVALENT.  Time =     0.00 sec,direct,,rejected,rejected,original == NOT optimized
generated_multiplier_4,compress2rs,new_n64,new_n100,0.8710286458333333,5,1.0,0,non_exact_candidate,0,0,256,1,rejected,Networks are NOT EQUIVALENT.  Time =     0.00 sec,direct,,rejected,rejected,original == NOT optimized
generated_multiplier_4,compress2rs,new_n65,new_n78,0.868359375,2,1.0,0,non_exact_candidate,0,0,256,1,rejected,Networks are NOT EQUIVALENT.  Time =     0.00 sec,direct,,rejected,rejected,original == NOT optimized
generated_multiplier_4,compress2rs,new_n65,new_n70,0.8511718750000001,3,1.0,0,non_exact_candidate,0,0,256,1,rejected,Networks are NOT EQUIVALENT.  Time =     0.00 sec,direct,,rejected,rejected,original == NOT optimized
generated_multiplier_4,compress2rs,new_n66,new_n80,0.868359375,2,1.0,0,non_exact_candidate,0,0,256,1,rejected,Networks are NOT EQUIVALENT.  Time =     0.00 sec,direct,,rejected,rejected,original == NOT optimized
generated_multiplier_4,compress2rs,new_n66,new_n81,0.8597656250000001,3,1.0,0,non_exact_candidate,0,0,256,1,rejected,Networks are NOT EQUIVALENT.  Time =     0.00 sec,direct,,rejected,rejected,original == NOT optimized
generated_multiplier_4,compress2rs,new_n67,new_n80,0.93125,2,1.0,0,non_exact_candidate,0,0,256,1,rejected,Networks are NOT EQUIVALENT.  Time =     0.00 sec,direct,,rejected,rejected,original == NOT optimized
generated_multiplier_4,compress2rs,new_n67,new_n81,0.896875,3,1.0,0,non_exact_candidate,0,0,256,1,rejected,Networks are NOT EQUIVALENT.  Time =     0.00 sec,direct,,rejected,rejected,original == NOT optimized
generated_multiplier_4,compress2rs,new_n67,new_n91,0.88828125,4,1.0,0,non_exact_candidate,0,0,256,1,rejected,Networks are NOT EQUIVALENT.  Time =     0.00 sec,direct,,rejected,rejected,original == NOT optimized
generated_multiplier_4,compress2rs,new_n67,new_n123,0.8777343750000001,5,1.0,0,non_exact_candidate,0,0,256,1,rejected,Networks are NOT EQUIVALENT.  Time =     0.00 sec,direct,,rejected,rejected,original == NOT optimized
generated_multiplier_4,compress2rs,new_n68,new_n82,0.868359375,2,1.0,0,non_exact_candidate,0,0,256,1,rejected,Networks are NOT EQUIVALENT.  Time =     0.00 sec,direct,,rejected,rejected,original == NOT optimized
generated_multiplier_4,compress2rs,new_n69,new_n88,0.86484375,2,1.0,0,non_exact_candidate,0,0,256,1,rejected,Networks are NOT EQUIVALENT.  Time =     0.00 sec,direct,,rejected,rejected,original == NOT optimized
generated_multiplier_4,compress2rs,new_n70,new_n96,0.920703125,2,1.0,0,non_exact_candidate,0,0,256,1,rejected,Networks are NOT EQUIVALENT.  Time =     0.00 sec,direct,,rejected,rejected,original == NOT optimized
generated_multiplier_4,compress2rs,new_n70,new_n84,0.909765625,3,1.0,0,non_exact_candidate,0,0,256,1,rejected,Networks are NOT EQUIVALENT.  Time =     0.00 sec,direct,,rejected,rejected,original == NOT optimized
generated_multiplier_4,compress2rs,new_n70,new_n85,0.892578125,4,1.0,0,non_exact_candidate,0,0,256,1,rejected,Networks are NOT EQUIVALENT.  Time =     0.00 sec,direct,,rejected,rejected,original == NOT optimized
generated_multiplier_4,compress2rs,new_n70,new_n123,0.8812500000000001,5,1.0,0,non_exact_candidate,0,0,256,1,rejected,Networks are NOT EQUIVALENT.  Time =     0.00 sec,direct,,rejected,rejected,original == NOT optimized
generated_multiplier_4,compress2rs,new_n75,new_n124,0.9047940340909092,3,1.0,0,non_exact_candidate,0,0,256,1,rejected,Networks are NOT EQUIVALENT.  Time =     0.00 sec,direct,,rejected,rejected,original == NOT optimized
generated_multiplier_4,compress2rs,new_n75,new_n122,0.8949609375,4,1.0,0,non_exact_candidate,0,0,256,1,rejected,Networks are NOT EQUIVALENT.  Time =     0.00 sec,direct,,rejected,rejected,original == NOT optimized
generated_multiplier_4,compress2rs,new_n75,new_n70,0.87109375,5,1.0,0,non_exact_candidate,0,0,256,1,rejected,Networks are NOT EQUIVALENT.  Time =     0.00 sec,direct,,rejected,rejected,original == NOT optimized
generated_multiplier_4,compress2rs,new_n76,new_n120,0.9204427083333332,3,1.0,0,non_exact_candidate,0,0,256,1,rejected,Networks are NOT EQUIVALENT.  Time =     0.00 sec,direct,,rejected,rejected,original == NOT optimized
generated_multiplier_4,compress2rs,new_n76,new_n105,0.907109375,4,1.0,0,non_exact_candidate,0,0,256,1,rejected,Networks are NOT EQUIVALENT.  Time =     0.00 sec,direct,,rejected,rejected,original == NOT optimized
generated_multiplier_4,compress2rs,new_n76,new_n100,0.9060546875,5,1.0,0,non_exact_candidate,0,0,256,1,rejected,Networks are NOT EQUIVALENT.  Time =     0.00 sec,direct,,rejected,rejected,original == NOT optimized
generated_multiplier_4,compress2rs,new_n77,new_n103,0.8694010416666668,2,1.0,0,non_exact_candidate,0,0,256,1,rejected,Networks are NOT EQUIVALENT.  Time =     0.00 sec,direct,,rejected,rejected,original == NOT optimized
generated_multiplier_4,compress2rs,new_n77,new_n122,0.8669921875000001,3,1.0,0,non_exact_candidate,0,0,256,1,rejected,Networks are NOT EQUIVALENT.  Time =     0.00 sec,direct,,rejected,rejected,original == NOT optimized
generated_multiplier_4,compress2rs,new_n77,new_n101,0.8562779017857143,4,1.0,0,non_exact_candidate,0,0,256,1,rejected,Networks are NOT EQUIVALENT.  Time =     0.00 sec,direct,,rejected,rejected,original == NOT optimized
generated_multiplier_4,compress2rs,new_n77,new_n86,0.85390625,5,1.0,0,non_exact_candidate,0,0,256,1,rejected,Networks are NOT EQUIVALENT.  Time =     0.00 sec,direct,,rejected,rejected,original == NOT optimized
generated_multiplier_4,compress2rs,new_n78,new_n96,0.92421875,2,1.0,0,non_exact_candidate,0,0,256,1,rejected,Networks are NOT EQUIVALENT.  Time =     0.00 sec,direct,,rejected,rejected,original == NOT optimized
generated_multiplier_4,compress2rs,new_n78,new_n123,0.8984375,3,1.0,0,non_exact_candidate,0,0,256,1,rejected,Networks are NOT EQUIVALENT.  Time =     0.00 sec,direct,,rejected,rejected,original == NOT optimized
generated_multiplier_4,compress2rs,new_n78,new_n120,0.88984375,4,1.0,0,non_exact_candidate,0,0,256,1,rejected,Networks are NOT EQUIVALENT.  Time =     0.00 sec,direct,,rejected,rejected,original == NOT optimized
generated_multiplier_4,compress2rs,new_n78,new_n121,0.876953125,5,1.0,0,non_exact_candidate,0,0,256,1,rejected,Networks are NOT EQUIVALENT.  Time =     0.00 sec,direct,,rejected,rejected,original == NOT optimized
generated_multiplier_4,compress2rs,new_n79,new_n78,0.8645833333333334,3,1.0,0,non_exact_candidate,0,0,256,1,rejected,Networks are NOT EQUIVALENT.  Time =     0.00 sec,direct,,rejected,rejected,original == NOT optimized
generated_multiplier_4,compress2rs,new_n79,new_n98,0.8565104166666667,4,1.0,0,non_exact_candidate,0,0,256,1,rejected,Networks are NOT EQUIVALENT.  Time =     0.00 sec,direct,,rejected,rejected,original == NOT optimized
generated_multiplier_4,compress2rs,new_n79,new_n106,0.85234375,5,1.0,0,non_exact_candidate,0,0,256,1,rejected,Networks are NOT EQUIVALENT.  Time =     0.00 sec,direct,,rejected,rejected,original == NOT optimized
generated_multiplier_4,compress2rs,new_n80,new_n121,0.97421875,2,1.0,0,non_exact_candidate,0,0,256,1,rejected,Networks are NOT EQUIVALENT.  Time =     0.00 sec,direct,,rejected,rejected,original == NOT optimized
generated_multiplier_4,compress2rs,new_n80,new_n96,0.93125,3,1.0,0,non_exact_candidate,0,0,256,1,rejected,Networks are NOT EQUIVALENT.  Time =     0.00 sec,direct,,rejected,rejected,original == NOT optimized
generated_multiplier_4,compress2rs,new_n80,new_n123,0.9290364583333334,4,1.0,0,non_exact_candidate,0,0,256,1,rejected,Networks are NOT EQUIVALENT.  Time =     0.00 sec,direct,,rejected,rejected,original == NOT optimized
generated_multiplier_4,compress2rs,new_n80,new_n105,0.9161458333333332,5,1.0,0,non_exact_candidate,0,0,256,1,rejected,Networks are NOT EQUIVALENT.  Time =     0.00 sec,direct,,rejected,rejected,original == NOT optimized
generated_multiplier_4,compress2rs,new_n81,new_n106,0.912109375,2,1.0,0,non_exact_candidate,0,0,256,1,rejected,Networks are NOT EQUIVALENT.  Time =     0.00 sec,direct,,rejected,rejected,original == NOT optimized
generated_multiplier_4,compress2rs,new_n81,new_n95,0.8777343750000001,3,1.0,0,non_exact_candidate,0,0,256,1,rejected,Networks are NOT EQUIVALENT.  Time =     0.00 sec,direct,,rejected,rejected,original == NOT optimized
generated_multiplier_4,compress2rs,new_n81,new_n117,0.8565104166666667,4,1.0,0,non_exact_candidate,0,0,256,1,rejected,Networks are NOT EQUIVALENT.  Time =     0.00 sec,direct,,rejected,rejected,original == NOT optimized
generated_multiplier_4,compress2rs,new_n81,new_n93,0.855546875,5,1.0,0,non_exact_candidate,0,0,256,1,rejected,Networks are NOT EQUIVALENT.  Time =     0.00 sec,direct,,rejected,rejected,original == NOT optimized
generated_multiplier_4,compress2rs,new_n82,new_n97,0.88984375,2,1.0,0,non_exact_candidate,0,0,256,1,rejected,Networks are NOT EQUIVALENT.  Time =     0.00 sec,direct,,rejected,rejected,original == NOT optimized
generated_multiplier_4,compress2rs,new_n82,new_n108,0.8669921875000001,3,1.0,0,non_exact_candidate,0,0,256,1,rejected,Networks are NOT EQUIVALENT.  Time =     0.00 sec,direct,,rejected,rejected,original == NOT optimized
generated_multiplier_4,compress2rs,new_n82,new_n125,0.8584263392857143,4,1.0,0,non_exact_candidate,0,0,256,1,rejected,Networks are NOT EQUIVALENT.  Time =     0.00 sec,direct,,rejected,rejected,original == NOT optimized
generated_multiplier_4,compress2rs,new_n83,new_n104,0.9119140625,3,1.0,0,non_exact_candidate,0,0,256,1,rejected,Networks are NOT EQUIVALENT.  Time =     0.00 sec,direct,,rejected,rejected,original == NOT optimized
generated_multiplier_4,compress2rs,new_n83,new_n135,0.8791015625,4,1.0,0,non_exact_candidate,0,0,256,1,rejected,Networks are NOT EQUIVALENT.  Time =     0.00 sec,direct,,rejected,rejected,original == NOT optimized
generated_multiplier_4,compress2rs,new_n83,new_n120,0.8753255208333334,5,1.0,0,non_exact_candidate,0,0,256,1,rejected,Networks are NOT EQUIVALENT.  Time =     0.00 sec,direct,,rejected,rejected,original == NOT optimized
generated_multiplier_4,compress2rs,new_n84,new_n106,0.8705078125000001,2,1.0,0,non_exact_candidate,0,0,256,1,rejected,Networks are NOT EQUIVALENT.  Time =     0.00 sec,direct,,rejected,rejected,original == NOT optimized
generated_multiplier_4,compress2rs,new_n84,new_n110,0.8669921875000001,3,1.0,0,non_exact_candidate,0,0,256,1,rejected,Networks are NOT EQUIVALENT.  Time =     0.00 sec,direct,,rejected,rejected,original == NOT optimized
generated_multiplier_4,compress2rs,new_n85,new_n112,0.8669921875000001,2,1.0,0,non_exact_candidate,0,0,256,1,rejected,Networks are NOT EQUIVALENT.  Time =     0.00 sec,direct,,rejected,rejected,original == NOT optimized
generated_multiplier_4,compress2rs,new_n85,new_n109,0.8619140625000001,3,1.0,0,non_exact_candidate,0,0,256,1,rejected,Networks are NOT EQUIVALENT.  Time =     0.00 sec,direct,,rejected,rejected,original == NOT optimized
generated_multiplier_4,compress2rs,new_n86,new_n115,0.896875,2,1.0,0,non_exact_candidate,0,0,256,1,rejected,Networks are NOT EQUIVALENT.  Time =     0.00 sec,direct,,rejected,rejected,original == NOT optimized
generated_multiplier_4,compress2rs,new_n86,new_n116,0.896875,3,1.0,0,non_exact_candidate,0,0,256,1,rejected,Networks are NOT EQUIVALENT.  Time =     0.00 sec,direct,,rejected,rejected,original == NOT optimized
generated_multiplier_4,compress2rs,new_n86,new_n135,0.8619140625000001,4,1.0,0,non_exact_candidate,0,0,256,1,rejected,Networks are NOT EQUIVALENT.  Time =     0.00 sec,direct,,rejected,rejected,original == NOT optimized
generated_multiplier_4,compress2rs,new_n86,new_n105,0.8538411458333334,5,1.0,0,non_exact_candidate,0,0,256,1,rejected,Networks are NOT EQUIVALENT.  Time =     0.00 sec,direct,,rejected,rejected,original == NOT optimized
generated_multiplier_4,compress2rs,new_n87,new_n108,0.896875,3,1.0,0,non_exact_candidate,0,0,256,1,rejected,Networks are NOT EQUIVALENT.  Time =     0.00 sec,direct,,rejected,rejected,original == NOT optimized
generated_multiplier_4,compress2rs,new_n90,new_n119,0.8626953125,2,1.0,0,non_exact_candidate,0,0,256,1,rejected,Networks are NOT EQUIVALENT.  Time =     0.00 sec,direct,,rejected,rejected,original == NOT optimized
generated_multiplier_4,compress2rs,new_n90,new_n117,0.8538411458333334,3,1.0,0,non_exact_candidate,0,0,256,1,rejected,Networks are NOT EQUIVALENT.  Time =     0.00 sec,direct,,rejected,rejected,original == NOT optimized
generated_multiplier_4,compress2rs,new_n91,new_n116,0.9419921875,2,1.0,0,non_exact_candidate,0,0,256,1,rejected,Networks are NOT EQUIVALENT.  Time =     0.00 sec,direct,,rejected,rejected,original == NOT optimized
generated_multiplier_4,compress2rs,new_n91,new_n125,0.912109375,3,1.0,0,non_exact_candidate,0,0,256,1,rejected,Networks are NOT EQUIVALENT.  Time =     0.00 sec,direct,,rejected,rejected,original == NOT optimized
generated_multiplier_4,compress2rs,new_n91,new_n108,0.8775390625,4,1.0,0,non_exact_candidate,0,0,256,1,rejected,Networks are NOT EQUIVALENT.  Time =     0.00 sec,direct,,rejected,rejected,original == NOT optimized
generated_multiplier_4,compress2rs,new_n91,new_n133,0.8734375,5,1.0,0,non_exact_candidate,0,0,256,1,rejected,Networks are NOT EQUIVALENT.  Time =     0.00 sec,direct,,rejected,rejected,original == NOT optimized
generated_multiplier_4,compress2rs,new_n92,new_n103,0.9068142361111112,3,1.0,0,non_exact_candidate,0,0,256,1,rejected,Networks are NOT EQUIVALENT.  Time =     0.00 sec,direct,,rejected,rejected,original == NOT optimized
generated_multiplier_4,compress2rs,new_n92,new_n101,0.8992578125,4,1.0,0,non_exact_candidate,0,0,256,1,rejected,Networks are NOT EQUIVALENT.  Time =     0.00 sec,direct,,rejected,rejected,original == NOT optimized
generated_multiplier_4,compress2rs,new_n92,new_n98,0.85390625,5,1.0,0,non_exact_candidate,0,0,256,1,rejected,Networks are NOT EQUIVALENT.  Time =     0.00 sec,direct,,rejected,rejected,original == NOT optimized
generated_multiplier_4,compress2rs,new_n93,new_n135,0.9290364583333334,2,1.0,0,non_exact_candidate,0,0,256,1,rejected,Networks are NOT EQUIVALENT.  Time =     0.00 sec,direct,,rejected,rejected,original == NOT optimized
generated_multiplier_4,compress2rs,new_n93,new_n105,0.912109375,3,1.0,0,non_exact_candidate,0,0,256,1,rejected,Networks are NOT EQUIVALENT.  Time =     0.00 sec,direct,,rejected,rejected,original == NOT optimized
generated_multiplier_4,compress2rs,new_n93,new_n120,0.9080729166666668,4,1.0,0,non_exact_candidate,0,0,256,1,rejected,Networks are NOT EQUIVALENT.  Time =     0.00 sec,direct,,rejected,rejected,original == NOT optimized
generated_multiplier_4,compress2rs,new_n93,new_n126,0.9075520833333334,5,1.0,0,non_exact_candidate,0,0,256,1,rejected,Networks are NOT EQUIVALENT.  Time =     0.00 sec,direct,,rejected,rejected,original == NOT optimized
generated_multiplier_4,compress2rs,new_n94,new_n119,0.937109375,2,1.0,0,non_exact_candidate,0,0,256,1,rejected,Networks are NOT EQUIVALENT.  Time =     0.00 sec,direct,,rejected,rejected,original == NOT optimized
generated_multiplier_4,compress2rs,new_n94,new_n127,0.912109375,3,1.0,0,non_exact_candidate,0,0,256,1,rejected,Networks are NOT EQUIVALENT.  Time =     0.00 sec,direct,,rejected,rejected,original == NOT optimized
generated_multiplier_4,compress2rs,new_n94,new_n98,0.8641406250000001,4,1.0,0,non_exact_candidate,0,0,256,1,rejected,Networks are NOT EQUIVALENT.  Time =     0.00 sec,direct,,rejected,rejected,original == NOT optimized
generated_multiplier_4,compress2rs,new_n94,new_n134,0.860546875,5,1.0,0,non_exact_candidate,0,0,256,1,rejected,Networks are NOT EQUIVALENT.  Time =     0.00 sec,direct,,rejected,rejected,original == NOT optimized
generated_multiplier_4,compress2rs,new_n95,new_n133,0.8726562500000001,2,1.0,0,non_exact_candidate,0,0,256,1,rejected,Networks are NOT EQUIVALENT.  Time =     0.00 sec,direct,,rejected,rejected,original == NOT optimized
generated_multiplier_4,compress2rs,new_n95,new_n115,0.8710286458333333,3,1.0,0,non_exact_candidate,0,0,256,1,rejected,Networks are NOT EQUIVALENT.  Time =     0.00 sec,direct,,rejected,rejected,original == NOT optimized
generated_multiplier_4,compress2rs,new_n95,new_n116,0.8710286458333333,4,1.0,0,non_exact_candidate,0,0,256,1,rejected,Networks are NOT EQUIVALENT.  Time =     0.00 sec,direct,,rejected,rejected,original == NOT optimized
generated_multiplier_4,compress2rs,new_n95,new_n129,0.8691406250000001,5,1.0,0,non_exact_candidate,0,0,256,1,rejected,Networks are NOT EQUIVALENT.  Time =     0.00 sec,direct,,rejected,rejected,original == NOT optimized
generated_multiplier_4,compress2rs,new_n96,new_n125,0.93984375,2,1.0,0,non_exact_candidate,0,0,256,1,rejected,Networks are NOT EQUIVALENT.  Time =     0.00 sec,direct,,rejected,rejected,original == NOT optimized
generated_multiplier_4,compress2rs,new_n96,new_n132,0.926953125,4,1.0,0,non_exact_candidate,0,0,256,1,rejected,Networks are NOT EQUIVALENT.  Time =     0.00 sec,direct,,rejected,rejected,original == NOT optimized
generated_multiplier_4,compress2rs,new_n96,new_n133,0.875390625,5,1.0,0,non_exact_candidate,0,0,256,1,rejected,Networks are NOT EQUIVALENT.  Time =     0.00 sec,direct,,rejected,rejected,original == NOT optimized
generated_multiplier_4,compress2rs,new_n97,new_n132,0.93125,2,1.0,0,non_exact_candidate,0,0,256,1,rejected,Networks are NOT EQUIVALENT.  Time =     0.00 sec,direct,,rejected,rejected,original == NOT optimized
generated_multiplier_4,compress2rs,new_n97,new_n126,0.90546875,3,1.0,0,non_exact_candidate,0,0,256,1,rejected,Networks are NOT EQUIVALENT.  Time =     0.00 sec,direct,,rejected,rejected,original == NOT optimized
generated_multiplier_4,compress2rs,new_n97,new_n133,0.8796875000000001,4,1.0,0,non_exact_candidate,0,0,256,1,rejected,Networks are NOT EQUIVALENT.  Time =     0.00 sec,direct,,rejected,rejected,original == NOT optimized
generated_multiplier_4,dc2,new_n20,new_n26,0.8628125,3,0.8,0,non_exact_candidate,0,0,256,1,rejected,Networks are NOT EQUIVALENT.  Time =     0.00 sec,direct,,rejected,rejected,original == NOT optimized
generated_multiplier_4,dc2,new_n20,new_n38,0.8628125,4,0.8,0,non_exact_candidate,0,0,256,1,rejected,Networks are NOT EQUIVALENT.  Time =     0.00 sec,direct,,rejected,rejected,original == NOT optimized
generated_multiplier_4,dc2,new_n20,new_n20,0.8624999999999999,5,1.0,0,non_exact_candidate,0,0,256,1,rejected,Networks are NOT EQUIVALENT.  Time =     0.00 sec,direct,,rejected,rejected,original == NOT optimized
generated_multiplier_4,dc2,new_n26,new_n21,0.8624999999999999,2,1.0,0,non_exact_candidate,0,0,256,1,rejected,Networks are NOT EQUIVALENT.  Time =     0.00 sec,direct,,rejected,rejected,original == NOT optimized
generated_multiplier_4,dc2,new_n26,new_n24,0.8624999999999999,3,1.0,0,non_exact_candidate,0,0,256,1,rejected,Networks are NOT EQUIVALENT.  Time =     0.00 sec,direct,,rejected,rejected,original == NOT optimized
generated_multiplier_4,dc2,new_n27,new_n30,0.9161458333333332,2,1.0,0,non_exact_candidate,0,0,256,1,rejected,Networks are NOT EQUIVALENT.  Time =     0.00 sec,direct,,rejected,rejected,original == NOT optimized
generated_multiplier_4,dc2,new_n27,new_n38,0.896875,3,1.0,0,non_exact_candidate,0,0,256,1,rejected,Networks are NOT EQUIVALENT.  Time =     0.00 sec,direct,,rejected,rejected,original == NOT optimized
generated_multiplier_4,dc2,new_n27,new_n26,0.8624999999999999,4,1.0,0,non_exact_candidate,0,0,256,1,rejected,Networks are NOT EQUIVALENT.  Time =     0.00 sec,direct,,rejected,rejected,original == NOT optimized
generated_multiplier_4,dc2,new_n28,new_n26,0.896875,2,1.0,0,non_exact_candidate,0,0,256,1,rejected,Networks are NOT EQUIVALENT.  Time =     0.00 sec,direct,,rejected,rejected,original == NOT optimized
generated_multiplier_4,dc2,new_n28,new_n38,0.896875,3,1.0,0,non_exact_candidate,0,0,256,1,rejected,Networks are NOT EQUIVALENT.  Time =     0.00 sec,direct,,rejected,rejected,original == NOT optimized
generated_multiplier_4,dc2,new_n29,new_n28,0.8624999999999999,2,1.0,0,non_exact_candidate,0,0,256,1,rejected,Networks are NOT EQUIVALENT.  Time =     0.00 sec,direct,,rejected,rejected,original == NOT optimized
generated_multiplier_4,dc2,new_n30,new_n43,0.91640625,2,1.0,0,non_exact_candidate,0,0,256,1,rejected,Networks are NOT EQUIVALENT.  Time =     0.00 sec,direct,,rejected,rejected,original == NOT optimized
generated_multiplier_4,dc2,new_n30,new_n71,0.88203125,3,1.0,0,non_exact_candidate,0,0,256,1,rejected,Networks are NOT EQUIVALENT.  Time =     0.00 sec,direct,,rejected,rejected,original == NOT optimized
generated_multiplier_4,dc2,new_n37,new_n38,0.8628125,2,0.8,0,non_exact_candidate,0,0,256,1,rejected,Networks are NOT EQUIVALENT.  Time =     0.00 sec,direct,,rejected,rejected,original == NOT optimized
generated_multiplier_4,dc2,new_n38,new_n40,0.9328125,2,1.0,0,non_exact_candidate,0,0,256,1,rejected,Networks are NOT EQUIVALENT.  Time =     0.00 sec,direct,,rejected,rejected,original == NOT optimized
generated_multiplier_4,dc2,new_n39,new_n37,0.90703125,2,1.0,0,non_exact_candidate,0,0,256,1,rejected,Networks are NOT EQUIVALENT.  Time =     0.00 sec,direct,,rejected,rejected,original == NOT optimized
generated_multiplier_4,dc2,new_n39,new_n43,0.8817708333333333,3,1.0,0,non_exact_candidate,0,0,256,1,rejected,Networks are NOT EQUIVALENT.  Time =     0.00 sec,direct,,rejected,rejected,original == NOT optimized
generated_multiplier_4,dc2,new_n39,new_n44,0.8817708333333333,4,1.0,0,non_exact_candidate,0,0,256,1,rejected,Networks are NOT EQUIVALENT.  Time =     0.00 sec,direct,,rejected,rejected,original == NOT optimized
generated_multiplier_4,dc2,new_n39,new_n74,0.87421875,5,0.7142857142857143,0,non_exact_candidate,0,0,256,1,rejected,Networks are NOT EQUIVALENT.  Time =     0.00 sec,direct,,rejected,rejected,original == NOT optimized
generated_multiplier_4,dc2,new_n41,new_n43,0.90703125,2,1.0,0,non_exact_candidate,0,0,256,1,rejected,Networks are NOT EQUIVALENT.  Time =     0.00 sec,direct,,rejected,rejected,original == NOT optimized
generated_multiplier_4,dc2,new_n41,new_n44,0.90703125,3,1.0,0,non_exact_candidate,0,0,256,1,rejected,Networks are NOT EQUIVALENT.  Time =     0.00 sec,direct,,rejected,rejected,original == NOT optimized
generated_multiplier_4,dc2,new_n41,new_n71,0.85546875,4,1.0,0,non_exact_candidate,0,0,256,1,rejected,Networks are NOT EQUIVALENT.  Time =     0.00 sec,direct,,rejected,rejected,original == NOT optimized
generated_multiplier_4,dc2,new_n43,new_n44,0.915625,2,0.8571428571428571,0,non_exact_candidate,0,0,256,1,rejected,Networks are NOT EQUIVALENT.  Time =     0.00 sec,direct,,rejected,rejected,original == NOT optimized
generated_multiplier_4,dc2,new_n43,new_n71,0.90703125,3,0.8571428571428571,0,non_exact_candidate,0,0,256,1,rejected,Networks are NOT EQUIVALENT.  Time =     0.00 sec,direct,,rejected,rejected,original == NOT optimized
generated_multiplier_4,dc2,new_n43,new_n43,0.8984375,4,0.8571428571428571,0,non_exact_candidate,0,0,256,1,rejected,Networks are NOT EQUIVALENT.  Time =     0.00 sec,direct,,rejected,rejected,original == NOT optimized
generated_multiplier_4,dc2,new_n43,new_n102,0.873828125,5,1.0,0,non_exact_candidate,0,0,256,1,rejected,Networks are NOT EQUIVALENT.  Time =     0.00 sec,direct,,rejected,rejected,original == NOT optimized
generated_multiplier_4,dc2,new_n44,new_n51,0.88203125,2,1.0,0,non_exact_candidate,0,0,256,1,rejected,Networks are NOT EQUIVALENT.  Time =     0.00 sec,direct,,rejected,rejected,original == NOT optimized
generated_multiplier_4,dc2,new_n45,new_n48,0.88828125,3,1.0,0,non_exact_candidate,0,0,256,1,rejected,Networks are NOT EQUIVALENT.  Time =     0.00 sec,direct,,rejected,rejected,original == NOT optimized
generated_multiplier_4,dc2,new_n45,new_n72,0.8817708333333333,4,1.0,0,non_exact_candidate,0,0,256,1,rejected,Networks are NOT EQUIVALENT.  Time =     0.00 sec,direct,,rejected,rejected,original == NOT optimized
generated_multiplier_4,dc2,new_n45,new_n64,0.8731770833333333,5,1.0,0,non_exact_candidate,0,0,256,1,rejected,Networks are NOT EQUIVALENT.  Time =     0.00 sec,direct,,rejected,rejected,original == NOT optimized
generated_multiplier_4,dc2,new_n46,new_n49,0.85546875,2,1.0,0,non_exact_candidate,0,0,256,1,rejected,Networks are NOT EQUIVALENT.  Time =     0.00 sec,direct,,rejected,rejected,original == NOT optimized
generated_multiplier_4,dc2,new_n47,new_n51,0.85546875,2,1.0,0,non_exact_candidate,0,0,256,1,rejected,Networks are NOT EQUIVALENT.  Time =     0.00 sec,direct,,rejected,rejected,original == NOT optimized
generated_multiplier_4,dc2,new_n48,new_n63,0.90546875,2,1.0,0,non_exact_candidate,0,0,256,1,rejected,Networks are NOT EQUIVALENT.  Time =     0.00 sec,direct,,rejected,rejected,original == NOT optimized
generated_multiplier_4,dc2,new_n48,new_n64,0.896875,3,1.0,0,non_exact_candidate,0,0,256,1,rejected,Networks are NOT EQUIVALENT.  Time =     0.00 sec,direct,,rejected,rejected,original == NOT optimized
generated_multiplier_4,dc2,new_n49,new_n52,0.90546875,2,1.0,0,non_exact_candidate,0,0,256,1,rejected,Networks are NOT EQUIVALENT.  Time =     0.00 sec,direct,,rejected,rejected,original == NOT optimized
generated_multiplier_4,dc2,new_n49,new_n51,0.88828125,3,1.0,0,non_exact_candidate,0,0,256,1,rejected,Networks are NOT EQUIVALENT.  Time =     0.00 sec,direct,,rejected,rejected,original == NOT optimized
generated_multiplier_4,dc2,new_n50,new_n53,0.8624999999999999,2,1.0,0,non_exact_candidate,0,0,256,1,rejected,Networks are NOT EQUIVALENT.  Time =     0.00 sec,direct,,rejected,rejected,original == NOT optimized
generated_multiplier_4,dc2,new_n51,new_n68,0.9185546875,2,1.0,0,non_exact_candidate,0,0,256,1,rejected,Networks are NOT EQUIVALENT.  Time =     0.00 sec,direct,,rejected,rejected,original == NOT optimized
generated_multiplier_4,dc2,new_n51,new_n100,0.8755859375,3,1.0,0,non_exact_candidate,0,0,256,1,rejected,Networks are NOT EQUIVALENT.  Time =     0.00 sec,direct,,rejected,rejected,original == NOT optimized
generated_multiplier_4,dc2,new_n51,new_n99,0.8712890625,4,1.0,0,non_exact_candidate,0,0,256,1,rejected,Networks are NOT EQUIVALENT.  Time =     0.00 sec,direct,,rejected,rejected,original == NOT optimized
generated_multiplier_4,dc2,new_n51,new_n121,0.8561298076923076,5,1.0,0,non_exact_candidate,0,0,256,1,rejected,Networks are NOT EQUIVALENT.  Time =     0.00 sec,direct,,rejected,rejected,original == NOT optimized
generated_multiplier_4,dc2,new_n58,new_n63,0.9484375,2,1.0,0,non_exact_candidate,0,0,256,1,rejected,Networks are NOT EQUIVALENT.  Time =     0.00 sec,direct,,rejected,rejected,original == NOT optimized
generated_multiplier_4,dc2,new_n58,new_n47,0.8731770833333333,3,1.0,0,non_exact_candidate,0,0,256,1,rejected,Networks are NOT EQUIVALENT.  Time =     0.00 sec,direct,,rejected,rejected,original == NOT optimized
generated_multiplier_4,dc2,new_n58,new_n69,0.8664713541666668,4,0.875,0,non_exact_candidate,0,0,256,1,rejected,Networks are NOT EQUIVALENT.  Time =     0.00 sec,direct,,rejected,rejected,original == NOT optimized
generated_multiplier_4,dc2,new_n58,new_n51,0.8624999999999999,5,1.0,0,non_exact_candidate,0,0,256,1,rejected,Networks are NOT EQUIVALENT.  Time =     0.00 sec,direct,,rejected,rejected,original == NOT optimized
generated_multiplier_4,dc2,new_n59,new_n100,0.9204427083333332,3,1.0,0,non_exact_candidate,0,0,256,1,rejected,Networks are NOT EQUIVALENT.  Time =     0.00 sec,direct,,rejected,rejected,original == NOT optimized
generated_multiplier_4,dc2,new_n59,new_n120,0.9018880208333332,4,1.0,0,non_exact_candidate,0,0,256,1,rejected,Networks are NOT EQUIVALENT.  Time =     0.00 sec,direct,,rejected,rejected,original == NOT optimized
generated_multiplier_4,dc2,new_n59,new_n105,0.9006975446428571,5,1.0,0,non_exact_candidate,0,0,256,1,rejected,Networks are NOT EQUIVALENT.  Time =     0.00 sec,direct,,rejected,rejected,original == NOT optimized
generated_multiplier_4,dc2,new_n60,new_n78,0.8715494791666667,2,1.0,0,non_exact_candidate,0,0,256,1,rejected,Networks are NOT EQUIVALENT.  Time =     0.00 sec,direct,,rejected,rejected,original == NOT optimized
generated_multiplier_4,dc2,new_n60,new_n67,0.8525390625,3,0.875,0,non_exact_candidate,0,0,256,1,rejected,Networks are NOT EQUIVALENT.  Time =     0.00 sec,direct,,rejected,rejected,original == NOT optimized
generated_multiplier_4,dc2,new_n61,new_n62,0.90546875,2,1.0,0,non_exact_candidate,0,0,256,1,rejected,Networks are NOT EQUIVALENT.  Time =     0.00 sec,direct,,rejected,rejected,original == NOT optimized
generated_multiplier_4,dc2,new_n61,new_n69,0.8962890625000001,3,1.0,0,non_exact_candidate,0,0,256,1,rejected,Networks are NOT EQUIVALENT.  Time =     0.00 sec,direct,,rejected,rejected,original == NOT optimized
generated_multiplier_4,dc2,new_n61,new_n68,0.8619140625000001,4,1.0,0,non_exact_candidate,0,0,256,1,rejected,Networks are NOT EQUIVALENT.  Time =     0.00 sec,direct,,rejected,rejected,original == NOT optimized
generated_multiplier_4,dc2,new_n61,new_n80,0.8522135416666667,5,1.0,0,non_exact_candidate,0,0,256,1,rejected,Networks are NOT EQUIVALENT.  Time =     0.00 sec,direct,,rejected,rejected,original == NOT optimized
generated_multiplier_4,dc2,new_n63,new_n71,0.915625,2,0.8571428571428571,0,non_exact_candidate,0,0,256,1,rejected,Networks are NOT EQUIVALENT.  Time =     0.00 sec,direct,,rejected,rejected,original == NOT optimized
generated_multiplier_4,dc2,new_n63,new_n44,0.90703125,3,0.8571428571428571,0,non_exact_candidate,0,0,256,1,rejected,Networks are NOT EQUIVALENT.  Time =     0.00 sec,direct,,rejected,rejected,original == NOT optimized
generated_multiplier_4,dc2,new_n63,new_n43,0.8898437499999999,4,0.8571428571428571,0,non_exact_candidate,0,0,256,1,rejected,Networks are NOT EQUIVALENT.  Time =     0.00 sec,direct,,rejected,rejected,original == NOT optimized
generated_multiplier_4,dc2,new_n63,new_n102,0.882421875,5,1.0,0,non_exact_candidate,0,0,256,1,rejected,Networks are NOT EQUIVALENT.  Time =     0.00 sec,direct,,rejected,rejected,original == NOT optimized
generated_multiplier_4,dc2,new_n64,new_n78,0.9056640625,2,1.0,0,non_exact_candidate,0,0,256,1,rejected,Networks are NOT EQUIVALENT.  Time =     0.00 sec,direct,,rejected,rejected,original == NOT optimized
generated_multiplier_4,dc2,new_n64,new_n98,0.8510830965909091,3,1.0,0,non_exact_candidate,0,0,256,1,rejected,Networks are NOT EQUIVALENT.  Time =     0.00 sec,direct,,rejected,rejected,original == NOT optimized
generated_multiplier_4,dc2,new_n65,new_n100,0.9392578125,2,1.0,0,non_exact_candidate,0,0,256,1,rejected,Networks are NOT EQUIVALENT.  Time =     0.00 sec,direct,,rejected,rejected,original == NOT optimized
generated_multiplier_4,dc2,new_n65,new_n99,0.9263671875,3,1.0,0,non_exact_candidate,0,0,256,1,rejected,Networks are NOT EQUIVALENT.  Time =     0.00 sec,direct,,rejected,rejected,original == NOT optimized
generated_multiplier_4,dc2,new_n65,new_n58,0.90546875,4,1.0,0,non_exact_candidate,0,0,256,1,rejected,Networks are NOT EQUIVALENT.  Time =     0.00 sec,direct,,rejected,rejected,original == NOT optimized
generated_multiplier_4,dc2,new_n65,new_n123,0.898220486111111,5,1.0,0,non_exact_candidate,0,0,256,1,rejected,Networks are NOT EQUIVALENT.  Time =     0.00 sec,direct,,rejected,rejected,original == NOT optimized
generated_multiplier_4,dc2,new_n66,new_n99,0.97421875,2,1.0,0,non_exact_candidate,0,0,256,1,rejected,Networks are NOT EQUIVALENT.  Time =     0.00 sec,direct,,rejected,rejected,original == NOT optimized
generated_multiplier_4,dc2,new_n66,new_n68,0.944140625,3,1.0,0,non_exact_candidate,0,0,256,1,rejected,Networks are NOT EQUIVALENT.  Time =     0.00 sec,direct,,rejected,rejected,original == NOT optimized
generated_multiplier_4,dc2,new_n66,new_n69,0.9140625,4,1.0,0,non_exact_candidate,0,0,256,1,rejected,Networks are NOT EQUIVALENT.  Time =     0.00 sec,direct,,rejected,rejected,original == NOT optimized
generated_multiplier_4,dc2,new_n66,new_n123,0.8974609375,5,1.0,0,non_exact_candidate,0,0,256,1,rejected,Networks are NOT EQUIVALENT.  Time =     0.00 sec,direct,,rejected,rejected,original == NOT optimized
generated_multiplier_4,dc2,new_n67,new_n69,0.8705078125000001,2,1.0,0,non_exact_candidate,0,0,256,1,rejected,Networks are NOT EQUIVALENT.  Time =     0.00 sec,direct,,rejected,rejected,original == NOT optimized
generated_multiplier_4,dc2,new_n67,new_n80,0.8691406250000001,3,1.0,0,non_exact_candidate,0,0,256,1,rejected,Networks are NOT EQUIVALENT.  Time =     0.00 sec,direct,,rejected,rejected,original == NOT optimized
generated_multiplier_4,dc2,new_n67,new_n104,0.857528409090909,4,1.0,0,non_exact_candidate,0,0,256,1,rejected,Networks are NOT EQUIVALENT.  Time =     0.00 sec,direct,,rejected,rejected,original == NOT optimized
generated_multiplier_4,dc2,new_n68,new_n76,0.8990234375,3,1.0,0,non_exact_candidate,0,0,256,1,rejected,Networks are NOT EQUIVALENT.  Time =     0.00 sec,direct,,rejected,rejected,original == NOT optimized
generated_multiplier_4,dc2,new_n68,new_n99,0.8753255208333334,4,1.0,0,non_exact_candidate,0,0,256,1,rejected,Networks are NOT EQUIVALENT.  Time =     0.00 sec,direct,,rejected,rejected,original == NOT optimized
generated_multiplier_4,dc2,new_n68,new_n100,0.8710286458333333,5,1.0,0,non_exact_candidate,0,0,256,1,rejected,Networks are NOT EQUIVALENT.  Time =     0.00 sec,direct,,rejected,rejected,original == NOT optimized
generated_multiplier_4,dc2,new_n69,new_n78,0.868359375,2,1.0,0,non_exact_candidate,0,0,256,1,rejected,Networks are NOT EQUIVALENT.  Time =     0.00 sec,direct,,rejected,rejected,original == NOT optimized
generated_multiplier_4,dc2,new_n69,new_n70,0.8511718750000001,3,1.0,0,non_exact_candidate,0,0,256,1,rejected,Networks are NOT EQUIVALENT.  Time =     0.00 sec,direct,,rejected,rejected,original == NOT optimized
generated_multiplier_4,dc2,new_n70,new_n80,0.868359375,2,1.0,0,non_exact_candidate,0,0,256,1,rejected,Networks are NOT EQUIVALENT.  Time =     0.00 sec,direct,,rejected,rejected,original == NOT optimized
generated_multiplier_4,dc2,new_n70,new_n81,0.8597656250000001,3,1.0,0,non_exact_candidate,0,0,256,1,rejected,Networks are NOT EQUIVALENT.  Time =     0.00 sec,direct,,rejected,rejected,original == NOT optimized
generated_multiplier_4,dc2,new_n71,new_n82,0.868359375,2,1.0,0,non_exact_candidate,0,0,256,1,rejected,Networks are NOT EQUIVALENT.  Time =     0.00 sec,direct,,rejected,rejected,original == NOT optimized
generated_multiplier_4,dc2,new_n72,new_n80,0.93125,2,1.0,0,non_exact_candidate,0,0,256,1,rejected,Networks are NOT EQUIVALENT.  Time =     0.00 sec,direct,,rejected,rejected,original == NOT optimized
generated_multiplier_4,dc2,new_n72,new_n81,0.896875,3,1.0,0,non_exact_candidate,0,0,256,1,rejected,Networks are NOT EQUIVALENT.  Time =     0.00 sec,direct,,rejected,rejected,original == NOT optimized
generated_multiplier_4,dc2,new_n72,new_n91,0.88828125,4,1.0,0,non_exact_candidate,0,0,256,1,rejected,Networks are NOT EQUIVALENT.  Time =     0.00 sec,direct,,rejected,rejected,original == NOT optimized
generated_multiplier_4,dc2,new_n72,new_n123,0.8777343750000001,5,1.0,0,non_exact_candidate,0,0,256,1,rejected,Networks are NOT EQUIVALENT.  Time =     0.00 sec,direct,,rejected,rejected,original == NOT optimized
generated_multiplier_4,dc2,new_n73,new_n88,0.86484375,2,1.0,0,non_exact_candidate,0,0,256,1,rejected,Networks are NOT EQUIVALENT.  Time =     0.00 sec,direct,,rejected,rejected,original == NOT optimized
generated_multiplier_4,dc2,new_n74,new_n96,0.920703125,2,1.0,0,non_exact_candidate,0,0,256,1,rejected,Networks are NOT EQUIVALENT.  Time =     0.00 sec,direct,,rejected,rejected,original == NOT optimized
generated_multiplier_4,dc2,new_n74,new_n84,0.909765625,3,1.0,0,non_exact_candidate,0,0,256,1,rejected,Networks are NOT EQUIVALENT.  Time =     0.00 sec,direct,,rejected,rejected,original == NOT optimized
generated_multiplier_4,dc2,new_n74,new_n85,0.892578125,4,1.0,0,non_exact_candidate,0,0,256,1,rejected,Networks are NOT EQUIVALENT.  Time =     0.00 sec,direct,,rejected,rejected,original == NOT optimized
generated_multiplier_4,dc2,new_n74,new_n123,0.8812500000000001,5,1.0,0,non_exact_candidate,0,0,256,1,rejected,Networks are NOT EQUIVALENT.  Time =     0.00 sec,direct,,rejected,rejected,original == NOT optimized
generated_multiplier_4,dc2,new_n79,new_n95,0.860546875,2,1.0,0,non_exact_candidate,0,0,256,1,rejected,Networks are NOT EQUIVALENT.  Time =     0.00 sec,direct,,rejected,rejected,original == NOT optimized
generated_multiplier_4,dc2,new_n79,new_n93,0.8516927083333333,3,1.0,0,non_exact_candidate,0,0,256,1,rejected,Networks are NOT EQUIVALENT.  Time =     0.00 sec,direct,,rejected,rejected,original == NOT optimized
generated_multiplier_4,dc2,new_n80,new_n92,0.944140625,2,1.0,0,non_exact_candidate,0,0,256,1,rejected,Networks are NOT EQUIVALENT.  Time =     0.00 sec,direct,,rejected,rejected,original == NOT optimized
generated_multiplier_4,dc2,new_n80,new_n97,0.9123697916666668,3,1.0,0,non_exact_candidate,0,0,256,1,rejected,Networks are NOT EQUIVALENT.  Time =     0.00 sec,direct,,rejected,rejected,original == NOT optimized
generated_multiplier_4,dc2,new_n80,new_n80,0.875390625,4,1.0,0,non_exact_candidate,0,0,256,1,rejected,Networks are NOT EQUIVALENT.  Time =     0.00 sec,direct,,rejected,rejected,original == NOT optimized
generated_multiplier_4,dc2,new_n80,new_n104,0.85234375,5,1.0,0,non_exact_candidate,0,0,256,1,rejected,Networks are NOT EQUIVALENT.  Time =     0.00 sec,direct,,rejected,rejected,original == NOT optimized
generated_multiplier_4,dc2,new_n81,new_n121,0.9204427083333332,3,1.0,0,non_exact_candidate,0,0,256,1,rejected,Networks are NOT EQUIVALENT.  Time =     0.00 sec,direct,,rejected,rejected,original == NOT optimized
generated_multiplier_4,dc2,new_n81,new_n105,0.915703125,4,1.0,0,non_exact_candidate,0,0,256,1,rejected,Networks are NOT EQUIVALENT.  Time =     0.00 sec,direct,,rejected,rejected,original == NOT optimized
generated_multiplier_4,dc2,new_n81,new_n99,0.9060546875,5,1.0,0,non_exact_candidate,0,0,256,1,rejected,Networks are NOT EQUIVALENT.  Time =     0.00 sec,direct,,rejected,rejected,original == NOT optimized
generated_multiplier_4,dc2,new_n82,new_n95,0.8941406250000001,2,1.0,0,non_exact_candidate,0,0,256,1,rejected,Networks are NOT EQUIVALENT.  Time =     0.00 sec,direct,,rejected,rejected,original == NOT optimized
generated_multiplier_4,dc2,new_n82,new_n106,0.8908854166666668,3,1.0,0,non_exact_candidate,0,0,256,1,rejected,Networks are NOT EQUIVALENT.  Time =     0.00 sec,direct,,rejected,rejected,original == NOT optimized
generated_multiplier_4,dc2,new_n82,new_n93,0.8602864583333333,4,1.0,0,non_exact_candidate,0,0,256,1,rejected,Networks are NOT EQUIVALENT.  Time =     0.00 sec,direct,,rejected,rejected,original == NOT optimized
generated_multiplier_4,dc2,new_n82,new_n78,0.8512500000000001,5,1.0,0,non_exact_candidate,0,0,256,1,rejected,Networks are NOT EQUIVALENT.  Time =     0.00 sec,direct,,rejected,rejected,original == NOT optimized
generated_multiplier_4,dc2,new_n83,new_n97,0.8941406250000001,2,1.0,0,non_exact_candidate,0,0,256,1,rejected,Networks are NOT EQUIVALENT.  Time =     0.00 sec,direct,,rejected,rejected,original == NOT optimized
generated_multiplier_4,dc2,new_n83,new_n90,0.88828125,3,1.0,0,non_exact_candidate,0,0,256,1,rejected,Networks are NOT EQUIVALENT.  Time =     0.00 sec,direct,,rejected,rejected,original == NOT optimized
generated_multiplier_4,dc2,new_n84,new_n124,0.9040364583333332,3,1.0,0,non_exact_candidate,0,0,256,1,rejected,Networks are NOT EQUIVALENT.  Time =     0.00 sec,direct,,rejected,rejected,original == NOT optimized
generated_multiplier_4,dc2,new_n84,new_n122,0.8940518465909091,4,1.0,0,non_exact_candidate,0,0,256,1,rejected,Networks are NOT EQUIVALENT.  Time =     0.00 sec,direct,,rejected,rejected,original == NOT optimized
generated_multiplier_4,dc2,new_n85,new_n121,0.987109375,2,1.0,0,non_exact_candidate,0,0,256,1,rejected,Networks are NOT EQUIVALENT.  Time =     0.00 sec,direct,,rejected,rejected,original == NOT optimized
generated_multiplier_4,dc2,new_n85,new_n96,0.93984375,3,1.0,0,non_exact_candidate,0,0,256,1,rejected,Networks are NOT EQUIVALENT.  Time =     0.00 sec,direct,,rejected,rejected,original == NOT optimized
generated_multiplier_4,dc2,new_n85,new_n123,0.9204427083333332,5,1.0,0,non_exact_candidate,0,0,256,1,rejected,Networks are NOT EQUIVALENT.  Time =     0.00 sec,direct,,rejected,rejected,original == NOT optimized
generated_multiplier_4,dc2,new_n86,new_n96,0.892578125,3,1.0,0,non_exact_candidate,0,0,256,1,rejected,Networks are NOT EQUIVALENT.  Time =     0.00 sec,direct,,rejected,rejected,original == NOT optimized
generated_multiplier_4,dc2,new_n86,new_n108,0.8619921875000001,4,1.0,0,non_exact_candidate,0,0,256,1,rejected,Networks are NOT EQUIVALENT.  Time =     0.00 sec,direct,,rejected,rejected,original == NOT optimized
generated_multiplier_4,dc2,new_n86,new_n125,0.8609374999999999,5,1.0,0,non_exact_candidate,0,0,256,1,rejected,Networks are NOT EQUIVALENT.  Time =     0.00 sec,direct,,rejected,rejected,original == NOT optimized
generated_multiplier_4,dc2,new_n87,new_n117,0.8727343750000001,3,1.0,0,non_exact_candidate,0,0,256,1,rejected,Networks are NOT EQUIVALENT.  Time =     0.00 sec,direct,,rejected,rejected,original == NOT optimized
generated_multiplier_4,dc2,new_n87,new_n78,0.8609374999999999,4,1.0,0,non_exact_candidate,0,0,256,1,rejected,Networks are NOT EQUIVALENT.  Time =     0.00 sec,direct,,rejected,rejected,original == NOT optimized
generated_multiplier_4,dc2,new_n87,new_n93,0.8608072916666668,5,1.0,0,non_exact_candidate,0,0,256,1,rejected,Networks are NOT EQUIVALENT.  Time =     0.00 sec,direct,,rejected,rejected,original == NOT optimized
generated_multiplier_4,dc2,new_n88,new_n104,0.9119140625,3,1.0,0,non_exact_candidate,0,0,256,1,rejected,Networks are NOT EQUIVALENT.  Time =     0.00 sec,direct,,rejected,rejected,original == NOT optimized
generated_multiplier_4,dc2,new_n88,new_n135,0.8791015625,4,1.0,0,non_exact_candidate,0,0,256,1,rejected,Networks are NOT EQUIVALENT.  Time =     0.00 sec,direct,,rejected,rejected,original == NOT optimized
generated_multiplier_4,dc2,new_n88,new_n120,0.8753255208333334,5,1.0,0,non_exact_candidate,0,0,256,1,rejected,Networks are NOT EQUIVALENT.  Time =     0.00 sec,direct,,rejected,rejected,original == NOT optimized
generated_multiplier_4,dc2,new_n89,new_n106,0.8705078125000001,2,1.0,0,non_exact_candidate,0,0,256,1,rejected,Networks are NOT EQUIVALENT.  Time =     0.00 sec,direct,,rejected,rejected,original == NOT optimized
generated_multiplier_4,dc2,new_n89,new_n110,0.8669921875000001,3,1.0,0,non_exact_candidate,0,0,256,1,rejected,Networks are NOT EQUIVALENT.  Time =     0.00 sec,direct,,rejected,rejected,original == NOT optimized
generated_multiplier_4,dc2,new_n90,new_n112,0.8669921875000001,2,1.0,0,non_exact_candidate,0,0,256,1,rejected,Networks are NOT EQUIVALENT.  Time =     0.00 sec,direct,,rejected,rejected,original == NOT optimized
generated_multiplier_4,dc2,new_n90,new_n109,0.8619140625000001,3,1.0,0,non_exact_candidate,0,0,256,1,rejected,Networks are NOT EQUIVALENT.  Time =     0.00 sec,direct,,rejected,rejected,original == NOT optimized
generated_multiplier_4,dc2,new_n92,new_n108,0.935546875,2,1.0,0,non_exact_candidate,0,0,256,1,rejected,Networks are NOT EQUIVALENT.  Time =     0.00 sec,direct,,rejected,rejected,original == NOT optimized
generated_multiplier_4,dc2,new_n92,new_n109,0.896875,3,1.0,0,non_exact_candidate,0,0,256,1,rejected,Networks are NOT EQUIVALENT.  Time =     0.00 sec,direct,,rejected,rejected,original == NOT optimized
generated_multiplier_4,dc2,new_n92,new_n135,0.8962890625000001,4,1.0,0,non_exact_candidate,0,0,256,1,rejected,Networks are NOT EQUIVALENT.  Time =     0.00 sec,direct,,rejected,rejected,original == NOT optimized
generated_multiplier_4,dc2,new_n92,new_n115,0.8839843749999999,5,1.0,0,non_exact_candidate,0,0,256,1,rejected,Networks are NOT EQUIVALENT.  Time =     0.00 sec,direct,,rejected,rejected,original == NOT optimized
generated_multiplier_4,dc2,new_n95,new_n119,0.8626953125,2,1.0,0,non_exact_candidate,0,0,256,1,rejected,Networks are NOT EQUIVALENT.  Time =     0.00 sec,direct,,rejected,rejected,original == NOT optimized
generated_multiplier_4,dc2,new_n95,new_n117,0.8538411458333334,3,1.0,0,non_exact_candidate,0,0,256,1,rejected,Networks are NOT EQUIVALENT.  Time =     0.00 sec,direct,,rejected,rejected,original == NOT optimized
generated_multiplier_4,dc2,new_n96,new_n116,0.9419921875,2,1.0,0,non_exact_candidate,0,0,256,1,rejected,Networks are NOT EQUIVALENT.  Time =     0.00 sec,direct,,rejected,rejected,original == NOT optimized
generated_multiplier_4,dc2,new_n96,new_n125,0.912109375,3,1.0,0,non_exact_candidate,0,0,256,1,rejected,Networks are NOT EQUIVALENT.  Time =     0.00 sec,direct,,rejected,rejected,original == NOT optimized
generated_multiplier_4,dc2,new_n96,new_n108,0.8775390625,4,1.0,0,non_exact_candidate,0,0,256,1,rejected,Networks are NOT EQUIVALENT.  Time =     0.00 sec,direct,,rejected,rejected,original == NOT optimized
generated_multiplier_4,dc2,new_n96,new_n133,0.8734375,5,1.0,0,non_exact_candidate,0,0,256,1,rejected,Networks are NOT EQUIVALENT.  Time =     0.00 sec,direct,,rejected,rejected,original == NOT optimized
generated_multiplier_4,dc2,new_n97,new_n122,0.9204427083333332,2,1.0,0,non_exact_candidate,0,0,256,1,rejected,Networks are NOT EQUIVALENT.  Time =     0.00 sec,direct,,rejected,rejected,original == NOT optimized
generated_multiplier_4,dc2,new_n97,new_n103,0.9121372767857142,3,1.0,0,non_exact_candidate,0,0,256,1,rejected,Networks are NOT EQUIVALENT.  Time =     0.00 sec,direct,,rejected,rejected,original == NOT optimized
generated_multiplier_4,dc2,new_n97,new_n101,0.8996093749999999,4,1.0,0,non_exact_candidate,0,0,256,1,rejected,Networks are NOT EQUIVALENT.  Time =     0.00 sec,direct,,rejected,rejected,original == NOT optimized
generated_multiplier_4,dc2,new_n98,new_n120,0.978515625,2,1.0,0,non_exact_candidate,0,0,256,1,rejected,Networks are NOT EQUIVALENT.  Time =     0.00 sec,direct,,rejected,rejected,original == NOT optimized
generated_multiplier_4,dc2,new_n98,new_n96,0.93984375,3,1.0,0,non_exact_candidate,0,0,256,1,rejected,Networks are NOT EQUIVALENT.  Time =     0.00 sec,direct,,rejected,rejected,original == NOT optimized
generated_multiplier_4,dc2,new_n98,new_n123,0.9204427083333332,4,1.0,0,non_exact_candidate,0,0,256,1,rejected,Networks are NOT EQUIVALENT.  Time =     0.00 sec,direct,,rejected,rejected,original == NOT optimized
generated_multiplier_4,dc2,new_n98,new_n135,0.91640625,5,1.0,0,non_exact_candidate,0,0,256,1,rejected,Networks are NOT EQUIVALENT.  Time =     0.00 sec,direct,,rejected,rejected,original == NOT optimized
generated_multiplier_4,dc2,new_n99,new_n135,0.9290364583333334,2,1.0,0,non_exact_candidate,0,0,256,1,rejected,Networks are NOT EQUIVALENT.  Time =     0.00 sec,direct,,rejected,rejected,original == NOT optimized
generated_multiplier_4,dc2,new_n99,new_n105,0.912109375,3,1.0,0,non_exact_candidate,0,0,256,1,rejected,Networks are NOT EQUIVALENT.  Time =     0.00 sec,direct,,rejected,rejected,original == NOT optimized
generated_multiplier_4,dc2,new_n99,new_n120,0.9080729166666668,4,1.0,0,non_exact_candidate,0,0,256,1,rejected,Networks are NOT EQUIVALENT.  Time =     0.00 sec,direct,,rejected,rejected,original == NOT optimized
generated_multiplier_4,dc2,new_n99,new_n126,0.9075520833333334,5,1.0,0,non_exact_candidate,0,0,256,1,rejected,Networks are NOT EQUIVALENT.  Time =     0.00 sec,direct,,rejected,rejected,original == NOT optimized
generated_multiplier_4,dc2,new_n100,new_n119,0.937109375,2,1.0,0,non_exact_candidate,0,0,256,1,rejected,Networks are NOT EQUIVALENT.  Time =     0.00 sec,direct,,rejected,rejected,original == NOT optimized
generated_multiplier_4,dc2,new_n100,new_n127,0.912109375,3,1.0,0,non_exact_candidate,0,0,256,1,rejected,Networks are NOT EQUIVALENT.  Time =     0.00 sec,direct,,rejected,rejected,original == NOT optimized
generated_multiplier_4,dc2,new_n100,new_n98,0.8641406250000001,4,1.0,0,non_exact_candidate,0,0,256,1,rejected,Networks are NOT EQUIVALENT.  Time =     0.00 sec,direct,,rejected,rejected,original == NOT optimized
generated_multiplier_4,dc2,new_n100,new_n134,0.860546875,5,1.0,0,non_exact_candidate,0,0,256,1,rejected,Networks are NOT EQUIVALENT.  Time =     0.00 sec,direct,,rejected,rejected,original == NOT optimized
generated_multiplier_4,dc2,new_n101,new_n133,0.8726562500000001,2,1.0,0,non_exact_candidate,0,0,256,1,rejected,Networks are NOT EQUIVALENT.  Time =     0.00 sec,direct,,rejected,rejected,original == NOT optimized
generated_multiplier_4,dc2,new_n101,new_n115,0.8710286458333333,3,1.0,0,non_exact_candidate,0,0,256,1,rejected,Networks are NOT EQUIVALENT.  Time =     0.00 sec,direct,,rejected,rejected,original == NOT optimized
generated_multiplier_4,dc2,new_n101,new_n116,0.8710286458333333,4,1.0,0,non_exact_candidate,0,0,256,1,rejected,Networks are NOT EQUIVALENT.  Time =     0.00 sec,direct,,rejected,rejected,original == NOT optimized
generated_multiplier_4,dc2,new_n101,new_n129,0.8691406250000001,5,1.0,0,non_exact_candidate,0,0,256,1,rejected,Networks are NOT EQUIVALENT.  Time =     0.00 sec,direct,,rejected,rejected,original == NOT optimized
generated_multiplier_4,dc2,new_n102,new_n127,0.868359375,2,1.0,0,non_exact_candidate,0,0,256,1,rejected,Networks are NOT EQUIVALENT.  Time =     0.00 sec,direct,,rejected,rejected,original == NOT optimized
generated_multiplier_4,dc2,new_n103,new_n125,0.944140625,2,1.0,0,non_exact_candidate,0,0,256,1,rejected,Networks are NOT EQUIVALENT.  Time =     0.00 sec,direct,,rejected,rejected,original == NOT optimized
generated_multiplier_4,dc2,new_n103,new_n126,0.93984375,3,1.0,0,non_exact_candidate,0,0,256,1,rejected,Networks are NOT EQUIVALENT.  Time =     0.00 sec,direct,,rejected,rejected,original == NOT optimized
generated_multiplier_4,dc2,new_n103,new_n132,0.93125,4,1.0,0,non_exact_candidate,0,0,256,1,rejected,Networks are NOT EQUIVALENT.  Time =     0.00 sec,direct,,rejected,rejected,original == NOT optimized
generated_multiplier_4,dc2,new_n103,new_n115,0.8712890625,5,1.0,0,non_exact_candidate,0,0,256,1,rejected,Networks are NOT EQUIVALENT.  Time =     0.00 sec,direct,,rejected,rejected,original == NOT optimized
generated_multiplier_4,dc2,new_n105,new_n134,0.8602864583333333,2,1.0,0,non_exact_candidate,0,0,256,1,rejected,Networks are NOT EQUIVALENT.  Time =     0.00 sec,direct,,rejected,rejected,original == NOT optimized
generated_multiplier_4,refactor,new_n20,new_n26,0.8628125,3,0.8,0,non_exact_candidate,0,0,256,1,rejected,Networks are NOT EQUIVALENT.  Time =     0.00 sec,direct,,rejected,rejected,original == NOT optimized
generated_multiplier_4,refactor,new_n20,new_n38,0.8628125,4,0.8,0,non_exact_candidate,0,0,256,1,rejected,Networks are NOT EQUIVALENT.  Time =     0.00 sec,direct,,rejected,rejected,original == NOT optimized
generated_multiplier_4,refactor,new_n20,new_n20,0.8624999999999999,5,1.0,0,non_exact_candidate,0,0,256,1,rejected,Networks are NOT EQUIVALENT.  Time =     0.00 sec,direct,,rejected,rejected,original == NOT optimized
generated_multiplier_4,refactor,new_n26,new_n26,0.965625,2,1.0,0,non_exact_candidate,0,0,256,1,rejected,Networks are NOT EQUIVALENT.  Time =     0.00 sec,direct,,rejected,rejected,original == NOT optimized
generated_multiplier_4,refactor,new_n26,new_n39,0.9128125,3,0.8,0,non_exact_candidate,0,0,256,1,rejected,Networks are NOT EQUIVALENT.  Time =     0.00 sec,direct,,rejected,rejected,original == NOT optimized
generated_multiplier_4,refactor,new_n26,new_n24,0.8628125,4,0.8,0,non_exact_candidate,0,0,256,1,rejected,Networks are NOT EQUIVALENT.  Time =     0.00 sec,direct,,rejected,rejected,original == NOT optimized
generated_multiplier_4,refactor,new_n26,new_n41,0.8628125,5,0.8,0,non_exact_candidate,0,0,256,1,rejected,Networks are NOT EQUIVALENT.  Time =     0.00 sec,direct,,rejected,rejected,original == NOT optimized
generated_multiplier_4,refactor,new_n28,new_n30,0.915625,2,1.0,0,non_exact_candidate,0,0,256,1,rejected,Networks are NOT EQUIVALENT.  Time =     0.00 sec,direct,,rejected,rejected,original == NOT optimized
generated_multiplier_4,refactor,new_n29,new_n27,0.9161458333333332,2,1.0,0,non_exact_candidate,0,0,256,1,rejected,Networks are NOT EQUIVALENT.  Time =     0.00 sec,direct,,rejected,rejected,original == NOT optimized
generated_multiplier_4,refactor,new_n32,new_n43,0.94140625,2,1.0,0,non_exact_candidate,0,0,256,1,rejected,Networks are NOT EQUIVALENT.  Time =     0.00 sec,direct,,rejected,rejected,original == NOT optimized
generated_multiplier_4,refactor,new_n32,new_n71,0.90703125,3,1.0,0,non_exact_candidate,0,0,256,1,rejected,Networks are NOT EQUIVALENT.  Time =     0.00 sec,direct,,rejected,rejected,original == NOT optimized
generated_multiplier_4,refactor,new_n32,new_n72,0.8656250000000001,4,0.8571428571428571,0,non_exact_candidate,0,0,256,1,rejected,Networks are NOT EQUIVALENT.  Time =     0.00 sec,direct,,rejected,rejected,original == NOT optimized
generated_multiplier_4,refactor,new_n32,new_n33,0.8624999999999999,5,1.0,0,non_exact_candidate,0,0,256,1,rejected,Networks are NOT EQUIVALENT.  Time =     0.00 sec,direct,,rejected,rejected,original == NOT optimized
generated_multiplier_4,refactor,new_n38,new_n26,0.9128125,3,0.8,0,non_exact_candidate,0,0,256,1,rejected,Networks are NOT EQUIVALENT.  Time =     0.00 sec,direct,,rejected,rejected,original == NOT optimized
generated_multiplier_4,refactor,new_n38,new_n38,0.9128125,4,0.8,0,non_exact_candidate,0,0,256,1,rejected,Networks are NOT EQUIVALENT.  Time =     0.00 sec,direct,,rejected,rejected,original == NOT optimized
generated_multiplier_4,refactor,new_n39,new_n42,0.9328125,2,1.0,0,non_exact_candidate,0,0,256,1,rejected,Networks are NOT EQUIVALENT.  Time =     0.00 sec,direct,,rejected,rejected,original == NOT optimized
generated_multiplier_4,refactor,new_n39,new_n28,0.8624999999999999,3,1.0,0,non_exact_candidate,0,0,256,1,rejected,Networks are NOT EQUIVALENT.  Time =     0.00 sec,direct,,rejected,rejected,original == NOT optimized
generated_multiplier_4,refactor,new_n40,new_n38,0.8628125,2,0.8,0,non_exact_candidate,0,0,256,1,rejected,Networks are NOT EQUIVALENT.  Time =     0.00 sec,direct,,rejected,rejected,original == NOT optimized
generated_multiplier_4,refactor,new_n41,new_n40,0.9328125,2,1.0,0,non_exact_candidate,0,0,256,1,rejected,Networks are NOT EQUIVALENT.  Time =     0.00 sec,direct,,rejected,rejected,original == NOT optimized
generated_multiplier_4,refactor,new_n42,new_n43,0.9484375,2,1.0,0,non_exact_candidate,0,0,256,1,rejected,Networks are NOT EQUIVALENT.  Time =     0.00 sec,direct,,rejected,rejected,original == NOT optimized
generated_multiplier_4,refactor,new_n42,new_n44,0.9484375,3,1.0,0,non_exact_candidate,0,0,256,1,rejected,Networks are NOT EQUIVALENT.  Time =     0.00 sec,direct,,rejected,rejected,original == NOT optimized
generated_multiplier_4,refactor,new_n42,new_n72,0.9328125,4,0.8571428571428571,0,non_exact_candidate,0,0,256,1,rejected,Networks are NOT EQUIVALENT.  Time =     0.00 sec,direct,,rejected,rejected,original == NOT optimized
generated_multiplier_4,refactor,new_n42,new_n37,0.90703125,5,1.0,0,non_exact_candidate,0,0,256,1,rejected,Networks are NOT EQUIVALENT.  Time =     0.00 sec,direct,,rejected,rejected,original == NOT optimized
generated_multiplier_4,refactor,new_n44,new_n44,0.90703125,2,1.0,0,non_exact_candidate,0,0,256,1,rejected,Networks are NOT EQUIVALENT.  Time =     0.00 sec,direct,,rejected,rejected,original == NOT optimized
generated_multiplier_4,refactor,new_n44,new_n37,0.8817708333333333,3,1.0,0,non_exact_candidate,0,0,256,1,rejected,Networks are NOT EQUIVALENT.  Time =     0.00 sec,direct,,rejected,rejected,original == NOT optimized
generated_multiplier_4,refactor,new_n44,new_n47,0.8656250000000001,4,0.8571428571428571,0,non_exact_candidate,0,0,256,1,rejected,Networks are NOT EQUIVALENT.  Time =     0.00 sec,direct,,rejected,rejected,original == NOT optimized
generated_multiplier_4,refactor,new_n44,new_n71,0.85546875,5,1.0,0,non_exact_candidate,0,0,256,1,rejected,Networks are NOT EQUIVALENT.  Time =     0.00 sec,direct,,rejected,rejected,original == NOT optimized
generated_multiplier_4,refactor,new_n45,new_n63,0.8903645833333333,2,1.0,0,non_exact_candidate,0,0,256,1,rejected,Networks are NOT EQUIVALENT.  Time =     0.00 sec,direct,,rejected,rejected,original == NOT optimized
generated_multiplier_4,refactor,new_n45,new_n64,0.8903645833333333,3,1.0,0,non_exact_candidate,0,0,256,1,rejected,Networks are NOT EQUIVALENT.  Time =     0.00 sec,direct,,rejected,rejected,original == NOT optimized
generated_multiplier_4,refactor,new_n45,new_n72,0.8645833333333334,4,1.0,0,non_exact_candidate,0,0,256,1,rejected,Networks are NOT EQUIVALENT.  Time =     0.00 sec,direct,,rejected,rejected,original == NOT optimized
generated_multiplier_4,refactor,new_n45,new_n102,0.8522135416666667,5,1.0,0,non_exact_candidate,0,0,256,1,rejected,Networks are NOT EQUIVALENT.  Time =     0.00 sec,direct,,rejected,rejected,original == NOT optimized
generated_multiplier_4,refactor,new_n46,new_n51,0.8903645833333333,2,1.0,0,non_exact_candidate,0,0,256,1,rejected,Networks are NOT EQUIVALENT.  Time =     0.00 sec,direct,,rejected,rejected,original == NOT optimized
generated_multiplier_4,refactor,new_n47,new_n65,0.8559895833333334,2,1.0,0,non_exact_candidate,0,0,256,1,rejected,Networks are NOT EQUIVALENT.  Time =     0.00 sec,direct,,rejected,rejected,original == NOT optimized
generated_multiplier_4,refactor,new_n49,new_n64,0.93984375,2,1.0,0,non_exact_candidate,0,0,256,1,rejected,Networks are NOT EQUIVALENT.  Time =     0.00 sec,direct,,rejected,rejected,original == NOT optimized
generated_multiplier_4,refactor,new_n49,new_n47,0.8903645833333333,3,1.0,0,non_exact_candidate,0,0,256,1,rejected,Networks are NOT EQUIVALENT.  Time =     0.00 sec,direct,,rejected,rejected,original == NOT optimized
generated_multiplier_4,refactor,new_n49,new_n102,0.8777343750000001,4,1.0,0,non_exact_candidate,0,0,256,1,rejected,Networks are NOT EQUIVALENT.  Time =     0.00 sec,direct,,rejected,rejected,original == NOT optimized
generated_multiplier_4,refactor,new_n49,new_n72,0.8684375,5,1.0,0,non_exact_candidate,0,0,256,1,rejected,Networks are NOT EQUIVALENT.  Time =     0.00 sec,direct,,rejected,rejected,original == NOT optimized
generated_multiplier_4,refactor,new_n50,new_n49,0.85546875,2,1.0,0,non_exact_candidate,0,0,256,1,rejected,Networks are NOT EQUIVALENT.  Time =     0.00 sec,direct,,rejected,rejected,original == NOT optimized
generated_multiplier_4,refactor,new_n51,new_n51,0.85546875,2,1.0,0,non_exact_candidate,0,0,256,1,rejected,Networks are NOT EQUIVALENT.  Time =     0.00 sec,direct,,rejected,rejected,original == NOT optimized
generated_multiplier_4,refactor,new_n53,new_n102,0.8597656250000001,2,1.0,0,non_exact_candidate,0,0,256,1,rejected,Networks are NOT EQUIVALENT.  Time =     0.00 sec,direct,,rejected,rejected,original == NOT optimized
generated_multiplier_4,refactor,new_n55,new_n68,0.9435546875,2,1.0,0,non_exact_candidate,0,0,256,1,rejected,Networks are NOT EQUIVALENT.  Time =     0.00 sec,direct,,rejected,rejected,original == NOT optimized
generated_multiplier_4,refactor,new_n55,new_n100,0.9005859375,3,1.0,0,non_exact_candidate,0,0,256,1,rejected,Networks are NOT EQUIVALENT.  Time =     0.00 sec,direct,,rejected,rejected,original == NOT optimized
generated_multiplier_4,refactor,new_n55,new_n99,0.8962890625000001,4,1.0,0,non_exact_candidate,0,0,256,1,rejected,Networks are NOT EQUIVALENT.  Time =     0.00 sec,direct,,rejected,rejected,original == NOT optimized
generated_multiplier_4,refactor,new_n55,new_n58,0.8624999999999999,5,1.0,0,non_exact_candidate,0,0,256,1,rejected,Networks are NOT EQUIVALENT.  Time =     0.00 sec,direct,,rejected,rejected,original == NOT optimized
generated_multiplier_4,refactor,new_n60,new_n71,0.9328125,2,0.8571428571428571,0,non_exact_candidate,0,0,256,1,rejected,Networks are NOT EQUIVALENT.  Time =     0.00 sec,direct,,rejected,rejected,original == NOT optimized
generated_multiplier_4,refactor,new_n60,new_n43,0.915625,3,0.8571428571428571,0,non_exact_candidate,0,0,256,1,rejected,Networks are NOT EQUIVALENT.  Time =     0.00 sec,direct,,rejected,rejected,original == NOT optimized
generated_multiplier_4,refactor,new_n60,new_n102,0.891015625,4,1.0,0,non_exact_candidate,0,0,256,1,rejected,Networks are NOT EQUIVALENT.  Time =     0.00 sec,direct,,rejected,rejected,original == NOT optimized
generated_multiplier_4,refactor,new_n60,new_n44,0.8898437499999999,5,0.8571428571428571,0,non_exact_candidate,0,0,256,1,rejected,Networks are NOT EQUIVALENT.  Time =     0.00 sec,direct,,rejected,rejected,original == NOT optimized
generated_multiplier_4,refactor,new_n61,new_n75,0.928515625,2,1.0,0,non_exact_candidate,0,0,256,1,rejected,Networks are NOT EQUIVALENT.  Time =     0.00 sec,direct,,rejected,rejected,original == NOT optimized
generated_multiplier_4,refactor,new_n61,new_n45,0.8683593749999999,3,0.8571428571428571,0,non_exact_candidate,0,0,256,1,rejected,Networks are NOT EQUIVALENT.  Time =     0.00 sec,direct,,rejected,rejected,original == NOT optimized
generated_multiplier_4,refactor,new_n63,new_n73,0.928515625,2,1.0,0,non_exact_candidate,0,0,256,1,rejected,Networks are NOT EQUIVALENT.  Time =     0.00 sec,direct,,rejected,rejected,original == NOT optimized
generated_multiplier_4,refactor,new_n64,new_n63,0.93984375,2,1.0,0,non_exact_candidate,0,0,256,1,rejected,Networks are NOT EQUIVALENT.  Time =     0.00 sec,direct,,rejected,rejected,original == NOT optimized
generated_multiplier_4,refactor,new_n64,new_n51,0.90546875,3,1.0,0,non_exact_candidate,0,0,256,1,rejected,Networks are NOT EQUIVALENT.  Time =     0.00 sec,direct,,rejected,rejected,original == NOT optimized
generated_multiplier_4,refactor,new_n64,new_n47,0.8903645833333333,4,1.0,0,non_exact_candidate,0,0,256,1,rejected,Networks are NOT EQUIVALENT.  Time =     0.00 sec,direct,,rejected,rejected,original == NOT optimized
generated_multiplier_4,refactor,new_n64,new_n102,0.8691406250000001,5,1.0,0,non_exact_candidate,0,0,256,1,rejected,Networks are NOT EQUIVALENT.  Time =     0.00 sec,direct,,rejected,rejected,original == NOT optimized
generated_multiplier_4,refactor,new_n65,new_n67,0.9328125,2,1.0,0,non_exact_candidate,0,0,256,1,rejected,Networks are NOT EQUIVALENT.  Time =     0.00 sec,direct,,rejected,rejected,original == NOT optimized
generated_multiplier_4,refactor,new_n65,new_n49,0.8559895833333334,3,1.0,0,non_exact_candidate,0,0,256,1,rejected,Networks are NOT EQUIVALENT.  Time =     0.00 sec,direct,,rejected,rejected,original == NOT optimized
generated_multiplier_4,refactor,new_n67,new_n65,0.9328125,2,1.0,0,non_exact_candidate,0,0,256,1,rejected,Networks are NOT EQUIVALENT.  Time =     0.00 sec,direct,,rejected,rejected,original == NOT optimized
generated_multiplier_4,refactor,new_n68,new_n100,0.987109375,2,1.0,0,non_exact_candidate,0,0,256,1,rejected,Networks are NOT EQUIVALENT.  Time =     0.00 sec,direct,,rejected,rejected,original == NOT optimized
generated_multiplier_4,refactor,new_n68,new_n68,0.93984375,3,1.0,0,non_exact_candidate,0,0,256,1,rejected,Networks are NOT EQUIVALENT.  Time =     0.00 sec,direct,,rejected,rejected,original == NOT optimized
generated_multiplier_4,refactor,new_n68,new_n77,0.9075520833333334,4,1.0,0,non_exact_candidate,0,0,256,1,rejected,Networks are NOT EQUIVALENT.  Time =     0.00 sec,direct,,rejected,rejected,original == NOT optimized
generated_multiplier_4,refactor,new_n68,new_n69,0.90546875,5,1.0,0,non_exact_candidate,0,0,256,1,rejected,Networks are NOT EQUIVALENT.  Time =     0.00 sec,direct,,rejected,rejected,original == NOT optimized
generated_multiplier_4,refactor,new_n69,new_n78,0.8798828125,2,1.0,0,non_exact_candidate,0,0,256,1,rejected,Networks are NOT EQUIVALENT.  Time =     0.00 sec,direct,,rejected,rejected,original == NOT optimized
generated_multiplier_4,refactor,new_n70,new_n69,0.8962890625000001,2,1.0,0,non_exact_candidate,0,0,256,1,rejected,Networks are NOT EQUIVALENT.  Time =     0.00 sec,direct,,rejected,rejected,original == NOT optimized
generated_multiplier_4,refactor,new_n70,new_n68,0.8619140625000001,3,1.0,0,non_exact_candidate,0,0,256,1,rejected,Networks are NOT EQUIVALENT.  Time =     0.00 sec,direct,,rejected,rejected,original == NOT optimized
generated_multiplier_4,refactor,new_n70,new_n80,0.860546875,4,1.0,0,non_exact_candidate,0,0,256,1,rejected,Networks are NOT EQUIVALENT.  Time =     0.00 sec,direct,,rejected,rejected,original == NOT optimized
generated_multiplier_4,refactor,new_n71,new_n80,0.8882161458333333,2,1.0,0,non_exact_candidate,0,0,256,1,rejected,Networks are NOT EQUIVALENT.  Time =     0.00 sec,direct,,rejected,rejected,original == NOT optimized
generated_multiplier_4,refactor,new_n71,new_n69,0.8774739583333334,3,1.0,0,non_exact_candidate,0,0,256,1,rejected,Networks are NOT EQUIVALENT.  Time =     0.00 sec,direct,,rejected,rejected,original == NOT optimized
generated_multiplier_4,refactor,new_n71,new_n77,0.85390625,4,1.0,0,non_exact_candidate,0,0,256,1,rejected,Networks are NOT EQUIVALENT.  Time =     0.00 sec,direct,,rejected,rejected,original == NOT optimized
generated_multiplier_4,refactor,new_n72,new_n99,0.9075520833333334,2,1.0,0,non_exact_candidate,0,0,256,1,rejected,Networks are NOT EQUIVALENT.  Time =     0.00 sec,direct,,rejected,rejected,original == NOT optimized
generated_multiplier_4,refactor,new_n72,new_n100,0.9032552083333334,3,1.0,0,non_exact_candidate,0,0,256,1,rejected,Networks are NOT EQUIVALENT.  Time =     0.00 sec,direct,,rejected,rejected,original == NOT optimized
generated_multiplier_4,refactor,new_n72,new_n120,0.8888671874999999,4,1.0,0,non_exact_candidate,0,0,256,1,rejected,Networks are NOT EQUIVALENT.  Time =     0.00 sec,direct,,rejected,rejected,original == NOT optimized
generated_multiplier_4,refactor,new_n72,new_n91,0.8882161458333333,5,1.0,0,non_exact_candidate,0,0,256,1,rejected,Networks are NOT EQUIVALENT.  Time =     0.00 sec,direct,,rejected,rejected,original == NOT optimized
generated_multiplier_4,refactor,new_n73,new_n70,0.8903645833333333,2,1.0,0,non_exact_candidate,0,0,256,1,rejected,Networks are NOT EQUIVALENT.  Time =     0.00 sec,direct,,rejected,rejected,original == NOT optimized
generated_multiplier_4,refactor,new_n73,new_n93,0.8817708333333333,3,1.0,0,non_exact_candidate,0,0,256,1,rejected,Networks are NOT EQUIVALENT.  Time =     0.00 sec,direct,,rejected,rejected,original == NOT optimized
generated_multiplier_4,refactor,new_n73,new_n106,0.8584375,4,1.0,0,non_exact_candidate,0,0,256,1,rejected,Networks are NOT EQUIVALENT.  Time =     0.00 sec,direct,,rejected,rejected,original == NOT optimized
generated_multiplier_4,refactor,new_n73,new_n95,0.8562500000000001,5,1.0,0,non_exact_candidate,0,0,256,1,rejected,Networks are NOT EQUIVALENT.  Time =     0.00 sec,direct,,rejected,rejected,original == NOT optimized
generated_multiplier_4,refactor,new_n75,new_n92,0.92265625,2,1.0,0,non_exact_candidate,0,0,256,1,rejected,Networks are NOT EQUIVALENT.  Time =     0.00 sec,direct,,rejected,rejected,original == NOT optimized
generated_multiplier_4,refactor,new_n75,new_n77,0.8882161458333333,3,1.0,0,non_exact_candidate,0,0,256,1,rejected,Networks are NOT EQUIVALENT.  Time =     0.00 sec,direct,,rejected,rejected,original == NOT optimized
generated_multiplier_4,refactor,new_n75,new_n120,0.8651041666666667,4,1.0,0,non_exact_candidate,0,0,256,1,rejected,Networks are NOT EQUIVALENT.  Time =     0.00 sec,direct,,rejected,rejected,original == NOT optimized
generated_multiplier_4,refactor,new_n75,new_n81,0.8624999999999999,5,1.0,0,non_exact_candidate,0,0,256,1,rejected,Networks are NOT EQUIVALENT.  Time =     0.00 sec,direct,,rejected,rejected,original == NOT optimized
generated_multiplier_4,refactor,new_n76,new_n78,0.868359375,2,1.0,0,non_exact_candidate,0,0,256,1,rejected,Networks are NOT EQUIVALENT.  Time =     0.00 sec,direct,,rejected,rejected,original == NOT optimized
generated_multiplier_4,refactor,new_n77,new_n80,0.868359375,2,1.0,0,non_exact_candidate,0,0,256,1,rejected,Networks are NOT EQUIVALENT.  Time =     0.00 sec,direct,,rejected,rejected,original == NOT optimized
generated_multiplier_4,refactor,new_n77,new_n81,0.8597656250000001,3,1.0,0,non_exact_candidate,0,0,256,1,rejected,Networks are NOT EQUIVALENT.  Time =     0.00 sec,direct,,rejected,rejected,original == NOT optimized
generated_multiplier_4,refactor,new_n78,new_n81,0.8645833333333334,2,1.0,0,non_exact_candidate,0,0,256,1,rejected,Networks are NOT EQUIVALENT.  Time =     0.00 sec,direct,,rejected,rejected,original == NOT optimized
generated_multiplier_4,refactor,new_n79,new_n123,0.8597656250000001,2,1.0,0,non_exact_candidate,0,0,256,1,rejected,Networks are NOT EQUIVALENT.  Time =     0.00 sec,direct,,rejected,rejected,original == NOT optimized
generated_multiplier_4,refactor,new_n81,new_n96,0.945703125,2,1.0,0,non_exact_candidate,0,0,256,1,rejected,Networks are NOT EQUIVALENT.  Time =     0.00 sec,direct,,rejected,rejected,original == NOT optimized
generated_multiplier_4,refactor,new_n81,new_n121,0.902734375,3,1.0,0,non_exact_candidate,0,0,256,1,rejected,Networks are NOT EQUIVALENT.  Time =     0.00 sec,direct,,rejected,rejected,original == NOT optimized
generated_multiplier_4,refactor,new_n81,new_n120,0.8941406250000001,4,1.0,0,non_exact_candidate,0,0,256,1,rejected,Networks are NOT EQUIVALENT.  Time =     0.00 sec,direct,,rejected,rejected,original == NOT optimized
generated_multiplier_4,refactor,new_n81,new_n123,0.8812500000000001,5,1.0,0,non_exact_candidate,0,0,256,1,rejected,Networks are NOT EQUIVALENT.  Time =     0.00 sec,direct,,rejected,rejected,original == NOT optimized
generated_multiplier_4,refactor,new_n85,new_n99,0.987109375,2,1.0,0,non_exact_candidate,0,0,256,1,rejected,Networks are NOT EQUIVALENT.  Time =     0.00 sec,direct,,rejected,rejected,original == NOT optimized
generated_multiplier_4,refactor,new_n85,new_n68,0.952734375,3,1.0,0,non_exact_candidate,0,0,256,1,rejected,Networks are NOT EQUIVALENT.  Time =     0.00 sec,direct,,rejected,rejected,original == NOT optimized
generated_multiplier_4,refactor,new_n85,new_n121,0.9035546875,4,1.0,0,non_exact_candidate,0,0,256,1,rejected,Networks are NOT EQUIVALENT.  Time =     0.00 sec,direct,,rejected,rejected,original == NOT optimized
generated_multiplier_4,refactor,new_n85,new_n77,0.9032552083333334,5,1.0,0,non_exact_candidate,0,0,256,1,rejected,Networks are NOT EQUIVALENT.  Time =     0.00 sec,direct,,rejected,rejected,original == NOT optimized
generated_multiplier_4,refactor,new_n86,new_n103,0.9392578125,2,1.0,0,non_exact_candidate,0,0,256,1,rejected,Networks are NOT EQUIVALENT.  Time =     0.00 sec,direct,,rejected,rejected,original == NOT optimized
generated_multiplier_4,refactor,new_n86,new_n122,0.90140625,3,1.0,0,non_exact_candidate,0,0,256,1,rejected,Networks are NOT EQUIVALENT.  Time =     0.00 sec,direct,,rejected,rejected,original == NOT optimized
generated_multiplier_4,refactor,new_n86,new_n124,0.8983487215909091,4,1.0,0,non_exact_candidate,0,0,256,1,rejected,Networks are NOT EQUIVALENT.  Time =     0.00 sec,direct,,rejected,rejected,original == NOT optimized
generated_multiplier_4,refactor,new_n86,new_n70,0.8603515625,5,1.0,0,non_exact_candidate,0,0,256,1,rejected,Networks are NOT EQUIVALENT.  Time =     0.00 sec,direct,,rejected,rejected,original == NOT optimized
generated_multiplier_4,refactor,new_n87,new_n72,0.891015625,2,1.0,0,non_exact_candidate,0,0,256,1,rejected,Networks are NOT EQUIVALENT.  Time =     0.00 sec,direct,,rejected,rejected,original == NOT optimized
generated_multiplier_4,refactor,new_n87,new_n63,0.8777343750000001,3,1.0,0,non_exact_candidate,0,0,256,1,rejected,Networks are NOT EQUIVALENT.  Time =     0.00 sec,direct,,rejected,rejected,original == NOT optimized
generated_multiplier_4,refactor,new_n87,new_n99,0.8745442708333334,4,0.875,0,non_exact_candidate,0,0,256,1,rejected,Networks are NOT EQUIVALENT.  Time =     0.00 sec,direct,,rejected,rejected,original == NOT optimized
generated_multiplier_4,refactor,new_n87,new_n100,0.8702473958333333,5,0.875,0,non_exact_candidate,0,0,256,1,rejected,Networks are NOT EQUIVALENT.  Time =     0.00 sec,direct,,rejected,rejected,original == NOT optimized
generated_multiplier_4,refactor,new_n88,new_n101,0.9392578125,2,1.0,0,non_exact_candidate,0,0,256,1,rejected,Networks are NOT EQUIVALENT.  Time =     0.00 sec,direct,,rejected,rejected,original == NOT optimized
generated_multiplier_4,refactor,new_n88,new_n124,0.905703125,3,1.0,0,non_exact_candidate,0,0,256,1,rejected,Networks are NOT EQUIVALENT.  Time =     0.00 sec,direct,,rejected,rejected,original == NOT optimized
generated_multiplier_4,refactor,new_n88,new_n122,0.8960720486111111,4,1.0,0,non_exact_candidate,0,0,256,1,rejected,Networks are NOT EQUIVALENT.  Time =     0.00 sec,direct,,rejected,rejected,original == NOT optimized
generated_multiplier_4,refactor,new_n89,new_n80,0.93125,2,1.0,0,non_exact_candidate,0,0,256,1,rejected,Networks are NOT EQUIVALENT.  Time =     0.00 sec,direct,,rejected,rejected,original == NOT optimized
generated_multiplier_4,refactor,new_n89,new_n91,0.92265625,3,1.0,0,non_exact_candidate,0,0,256,1,rejected,Networks are NOT EQUIVALENT.  Time =     0.00 sec,direct,,rejected,rejected,original == NOT optimized
generated_multiplier_4,refactor,new_n89,new_n77,0.8753255208333334,4,1.0,0,non_exact_candidate,0,0,256,1,rejected,Networks are NOT EQUIVALENT.  Time =     0.00 sec,direct,,rejected,rejected,original == NOT optimized
generated_multiplier_4,refactor,new_n89,new_n120,0.8651041666666667,5,1.0,0,non_exact_candidate,0,0,256,1,rejected,Networks are NOT EQUIVALENT.  Time =     0.00 sec,direct,,rejected,rejected,original == NOT optimized
generated_multiplier_4,refactor,new_n90,new_n95,0.9328125,2,1.0,0,non_exact_candidate,0,0,256,1,rejected,Networks are NOT EQUIVALENT.  Time =     0.00 sec,direct,,rejected,rejected,original == NOT optimized
generated_multiplier_4,refactor,new_n90,new_n78,0.8817708333333333,3,1.0,0,non_exact_candidate,0,0,256,1,rejected,Networks are NOT EQUIVALENT.  Time =     0.00 sec,direct,,rejected,rejected,original == NOT optimized
generated_multiplier_4,refactor,new_n90,new_n106,0.856640625,4,1.0,0,non_exact_candidate,0,0,256,1,rejected,Networks are NOT EQUIVALENT.  Time =     0.00 sec,direct,,rejected,rejected,original == NOT optimized
generated_multiplier_4,refactor,new_n92,new_n93,0.9328125,2,1.0,0,non_exact_candidate,0,0,256,1,rejected,Networks are NOT EQUIVALENT.  Time =     0.00 sec,direct,,rejected,rejected,original == NOT optimized
generated_multiplier_4,refactor,new_n92,new_n98,0.85984375,3,1.0,0,non_exact_candidate,0,0,256,1,rejected,Networks are NOT EQUIVALENT.  Time =     0.00 sec,direct,,rejected,rejected,original == NOT optimized
generated_multiplier_4,refactor,new_n92,new_n78,0.8562500000000001,4,1.0,0,non_exact_candidate,0,0,256,1,rejected,Networks are NOT EQUIVALENT.  Time =     0.00 sec,direct,,rejected,rejected,original == NOT optimized
generated_multiplier_4,refactor,new_n92,new_n106,0.8541294642857142,5,1.0,0,non_exact_candidate,0,0,256,1,rejected,Networks are NOT EQUIVALENT.  Time =     0.00 sec,direct,,rejected,rejected,original == NOT optimized
generated_multiplier_4,refactor,new_n93,new_n121,0.987109375,2,1.0,0,non_exact_candidate,0,0,256,1,rejected,Networks are NOT EQUIVALENT.  Time =     0.00 sec,direct,,rejected,rejected,original == NOT optimized
generated_multiplier_4,refactor,new_n93,new_n96,0.93984375,3,1.0,0,non_exact_candidate,0,0,256,1,rejected,Networks are NOT EQUIVALENT.  Time =     0.00 sec,direct,,rejected,rejected,original == NOT optimized
generated_multiplier_4,refactor,new_n93,new_n105,0.9290364583333334,4,1.0,0,non_exact_candidate,0,0,256,1,rejected,Networks are NOT EQUIVALENT.  Time =     0.00 sec,direct,,rejected,rejected,original == NOT optimized
generated_multiplier_4,refactor,new_n93,new_n123,0.9204427083333332,5,1.0,0,non_exact_candidate,0,0,256,1,rejected,Networks are NOT EQUIVALENT.  Time =     0.00 sec,direct,,rejected,rejected,original == NOT optimized
generated_multiplier_4,refactor,new_n94,new_n106,0.8992187500000001,2,1.0,0,non_exact_candidate,0,0,256,1,rejected,Networks are NOT EQUIVALENT.  Time =     0.00 sec,direct,,rejected,rejected,original == NOT optimized
generated_multiplier_4,refactor,new_n94,new_n95,0.8691406250000001,3,1.0,0,non_exact_candidate,0,0,256,1,rejected,Networks are NOT EQUIVALENT.  Time =     0.00 sec,direct,,rejected,rejected,original == NOT optimized
generated_multiplier_4,refactor,new_n95,new_n97,0.8941406250000001,2,1.0,0,non_exact_candidate,0,0,256,1,rejected,Networks are NOT EQUIVALENT.  Time =     0.00 sec,direct,,rejected,rejected,original == NOT optimized
generated_multiplier_4,refactor,new_n96,new_n97,0.8774739583333334,2,1.0,0,non_exact_candidate,0,0,256,1,rejected,Networks are NOT EQUIVALENT.  Time =     0.00 sec,direct,,rejected,rejected,original == NOT optimized
generated_multiplier_4,refactor,new_n96,new_n108,0.8753255208333334,3,1.0,0,non_exact_candidate,0,0,256,1,rejected,Networks are NOT EQUIVALENT.  Time =     0.00 sec,direct,,rejected,rejected,original == NOT optimized
generated_multiplier_4,refactor,new_n96,new_n125,0.8651041666666667,4,1.0,0,non_exact_candidate,0,0,256,1,rejected,Networks are NOT EQUIVALENT.  Time =     0.00 sec,direct,,rejected,rejected,original == NOT optimized
generated_multiplier_4,refactor,new_n96,new_n105,0.85390625,5,1.0,0,non_exact_candidate,0,0,256,1,rejected,Networks are NOT EQUIVALENT.  Time =     0.00 sec,direct,,rejected,rejected,original == NOT optimized
generated_multiplier_4,refactor,new_n97,new_n135,0.9328125,2,1.0,0,non_exact_candidate,0,0,256,1,rejected,Networks are NOT EQUIVALENT.  Time =     0.00 sec,direct,,rejected,rejected,original == NOT optimized
generated_multiplier_4,refactor,new_n97,new_n120,0.9290364583333334,3,1.0,0,non_exact_candidate,0,0,256,1,rejected,Networks are NOT EQUIVALENT.  Time =     0.00 sec,direct,,rejected,rejected,original == NOT optimized
generated_multiplier_4,refactor,new_n97,new_n121,0.9204427083333332,4,1.0,0,non_exact_candidate,0,0,256,1,rejected,Networks are NOT EQUIVALENT.  Time =     0.00 sec,direct,,rejected,rejected,original == NOT optimized
generated_multiplier_4,refactor,new_n97,new_n123,0.907109375,5,1.0,0,non_exact_candidate,0,0,256,1,rejected,Networks are NOT EQUIVALENT.  Time =     0.00 sec,direct,,rejected,rejected,original == NOT optimized
generated_multiplier_4,refactor,new_n98,new_n98,0.9075520833333334,2,1.0,0,non_exact_candidate,0,0,256,1,rejected,Networks are NOT EQUIVALENT.  Time =     0.00 sec,direct,,rejected,rejected,original == NOT optimized
generated_multiplier_4,refactor,new_n98,new_n117,0.8860677083333334,3,1.0,0,non_exact_candidate,0,0,256,1,rejected,Networks are NOT EQUIVALENT.  Time =     0.00 sec,direct,,rejected,rejected,original == NOT optimized
generated_multiplier_4,refactor,new_n98,new_n119,0.860546875,4,1.0,0,non_exact_candidate,0,0,256,1,rejected,Networks are NOT EQUIVALENT.  Time =     0.00 sec,direct,,rejected,rejected,original == NOT optimized
generated_multiplier_4,refactor,new_n98,new_n78,0.8584375,5,1.0,0,non_exact_candidate,0,0,256,1,rejected,Networks are NOT EQUIVALENT.  Time =     0.00 sec,direct,,rejected,rejected,original == NOT optimized
generated_multiplier_4,refactor,new_n100,new_n116,0.918359375,2,1.0,0,non_exact_candidate,0,0,256,1,rejected,Networks are NOT EQUIVALENT.  Time =     0.00 sec,direct,,rejected,rejected,original == NOT optimized
generated_multiplier_4,refactor,new_n100,new_n135,0.8791015625,3,1.0,0,non_exact_candidate,0,0,256,1,rejected,Networks are NOT EQUIVALENT.  Time =     0.00 sec,direct,,rejected,rejected,original == NOT optimized
generated_multiplier_4,refactor,new_n100,new_n125,0.8755859375,4,1.0,0,non_exact_candidate,0,0,256,1,rejected,Networks are NOT EQUIVALENT.  Time =     0.00 sec,direct,,rejected,rejected,original == NOT optimized
generated_multiplier_4,refactor,new_n100,new_n105,0.8753255208333334,5,1.0,0,non_exact_candidate,0,0,256,1,rejected,Networks are NOT EQUIVALENT.  Time =     0.00 sec,direct,,rejected,rejected,original == NOT optimized
generated_multiplier_4,refactor,new_n101,new_n106,0.8705078125000001,2,1.0,0,non_exact_candidate,0,0,256,1,rejected,Networks are NOT EQUIVALENT.  Time =     0.00 sec,direct,,rejected,rejected,original == NOT optimized
generated_multiplier_4,refactor,new_n102,new_n108,0.8705078125000001,2,1.0,0,non_exact_candidate,0,0,256,1,rejected,Networks are NOT EQUIVALENT.  Time =     0.00 sec,direct,,rejected,rejected,original == NOT optimized
generated_multiplier_4,refactor,new_n102,new_n109,0.8619140625000001,3,1.0,0,non_exact_candidate,0,0,256,1,rejected,Networks are NOT EQUIVALENT.  Time =     0.00 sec,direct,,rejected,rejected,original == NOT optimized
generated_multiplier_4,refactor,new_n103,new_n109,0.8688802083333333,2,1.0,0,non_exact_candidate,0,0,256,1,rejected,Networks are NOT EQUIVALENT.  Time =     0.00 sec,direct,,rejected,rejected,original == NOT optimized
generated_multiplier_4,refactor,new_n104,new_n126,0.8705078125000001,2,1.0,0,non_exact_candidate,0,0,256,1,rejected,Networks are NOT EQUIVALENT.  Time =     0.00 sec,direct,,rejected,rejected,original == NOT optimized
generated_multiplier_4,refactor,new_n104,new_n132,0.8619140625000001,3,1.0,0,non_exact_candidate,0,0,256,1,rejected,Networks are NOT EQUIVALENT.  Time =     0.00 sec,direct,,rejected,rejected,original == NOT optimized
generated_multiplier_4,refactor,new_n107,new_n108,0.935546875,2,1.0,0,non_exact_candidate,0,0,256,1,rejected,Networks are NOT EQUIVALENT.  Time =     0.00 sec,direct,,rejected,rejected,original == NOT optimized
generated_multiplier_4,refactor,new_n107,new_n115,0.918359375,3,1.0,0,non_exact_candidate,0,0,256,1,rejected,Networks are NOT EQUIVALENT.  Time =     0.00 sec,direct,,rejected,rejected,original == NOT optimized
generated_multiplier_4,refactor,new_n107,new_n135,0.8791015625,4,1.0,0,non_exact_candidate,0,0,256,1,rejected,Networks are NOT EQUIVALENT.  Time =     0.00 sec,direct,,rejected,rejected,original == NOT optimized
generated_multiplier_4,refactor,new_n107,new_n125,0.8755859375,5,1.0,0,non_exact_candidate,0,0,256,1,rejected,Networks are NOT EQUIVALENT.  Time =     0.00 sec,direct,,rejected,rejected,original == NOT optimized
generated_multiplier_4,refactor,new_n108,new_n119,0.9328125,2,1.0,0,non_exact_candidate,0,0,256,1,rejected,Networks are NOT EQUIVALENT.  Time =     0.00 sec,direct,,rejected,rejected,original == NOT optimized
generated_multiplier_4,refactor,new_n108,new_n127,0.903515625,3,1.0,0,non_exact_candidate,0,0,256,1,rejected,Networks are NOT EQUIVALENT.  Time =     0.00 sec,direct,,rejected,rejected,original == NOT optimized
generated_multiplier_4,refactor,new_n108,new_n106,0.8860677083333334,4,1.0,0,non_exact_candidate,0,0,256,1,rejected,Networks are NOT EQUIVALENT.  Time =     0.00 sec,direct,,rejected,rejected,original == NOT optimized
generated_multiplier_4,refactor,new_n108,new_n134,0.8562500000000001,5,1.0,0,non_exact_candidate,0,0,256,1,rejected,Networks are NOT EQUIVALENT.  Time =     0.00 sec,direct,,rejected,rejected,original == NOT optimized
generated_multiplier_4,refactor,new_n110,new_n117,0.9328125,2,1.0,0,non_exact_candidate,0,0,256,1,rejected,Networks are NOT EQUIVALENT.  Time =     0.00 sec,direct,,rejected,rejected,original == NOT optimized
generated_multiplier_4,refactor,new_n110,new_n127,0.9075520833333334,3,1.0,0,non_exact_candidate,0,0,256,1,rejected,Networks are NOT EQUIVALENT.  Time =     0.00 sec,direct,,rejected,rejected,original == NOT optimized
generated_multiplier_4,refactor,new_n110,new_n134,0.8817708333333333,4,1.0,0,non_exact_candidate,0,0,256,1,rejected,Networks are NOT EQUIVALENT.  Time =     0.00 sec,direct,,rejected,rejected,original == NOT optimized
generated_multiplier_4,refactor,new_n110,new_n106,0.860546875,5,1.0,0,non_exact_candidate,0,0,256,1,rejected,Networks are NOT EQUIVALENT.  Time =     0.00 sec,direct,,rejected,rejected,original == NOT optimized
generated_multiplier_4,refactor,new_n111,new_n120,0.987109375,2,1.0,0,non_exact_candidate,0,0,256,1,rejected,Networks are NOT EQUIVALENT.  Time =     0.00 sec,direct,,rejected,rejected,original == NOT optimized
generated_multiplier_4,refactor,new_n111,new_n96,0.952734375,3,1.0,0,non_exact_candidate,0,0,256,1,rejected,Networks are NOT EQUIVALENT.  Time =     0.00 sec,direct,,rejected,rejected,original == NOT optimized
generated_multiplier_4,refactor,new_n111,new_n105,0.9204427083333332,4,1.0,0,non_exact_candidate,0,0,256,1,rejected,Networks are NOT EQUIVALENT.  Time =     0.00 sec,direct,,rejected,rejected,original == NOT optimized
generated_multiplier_4,refactor,new_n111,new_n135,0.912109375,5,1.0,0,non_exact_candidate,0,0,256,1,rejected,Networks are NOT EQUIVALENT.  Time =     0.00 sec,direct,,rejected,rejected,original == NOT optimized
generated_multiplier_4,refactor,new_n112,new_n124,0.9392578125,2,1.0,0,non_exact_candidate,0,0,256,1,rejected,Networks are NOT EQUIVALENT.  Time =     0.00 sec,direct,,rejected,rejected,original == NOT optimized
generated_multiplier_4,refactor,new_n112,new_n101,0.90140625,3,1.0,0,non_exact_candidate,0,0,256,1,rejected,Networks are NOT EQUIVALENT.  Time =     0.00 sec,direct,,rejected,rejected,original == NOT optimized
generated_multiplier_4,refactor,new_n112,new_n103,0.8960720486111111,4,1.0,0,non_exact_candidate,0,0,256,1,rejected,Networks are NOT EQUIVALENT.  Time =     0.00 sec,direct,,rejected,rejected,original == NOT optimized
generated_multiplier_4,refactor,new_n113,new_n120,0.9204427083333332,2,1.0,0,non_exact_candidate,0,0,256,1,rejected,Networks are NOT EQUIVALENT.  Time =     0.00 sec,direct,,rejected,rejected,original == NOT optimized
generated_multiplier_4,refactor,new_n113,new_n121,0.9118489583333332,3,1.0,0,non_exact_candidate,0,0,256,1,rejected,Networks are NOT EQUIVALENT.  Time =     0.00 sec,direct,,rejected,rejected,original == NOT optimized
generated_multiplier_4,refactor,new_n113,new_n105,0.907109375,4,1.0,0,non_exact_candidate,0,0,256,1,rejected,Networks are NOT EQUIVALENT.  Time =     0.00 sec,direct,,rejected,rejected,original == NOT optimized
generated_multiplier_4,refactor,new_n113,new_n135,0.9037760416666668,5,1.0,0,non_exact_candidate,0,0,256,1,rejected,Networks are NOT EQUIVALENT.  Time =     0.00 sec,direct,,rejected,rejected,original == NOT optimized
generated_multiplier_4,refactor,new_n114,new_n122,0.9392578125,2,1.0,0,non_exact_candidate,0,0,256,1,rejected,Networks are NOT EQUIVALENT.  Time =     0.00 sec,direct,,rejected,rejected,original == NOT optimized
generated_multiplier_4,refactor,new_n114,new_n103,0.905703125,3,1.0,0,non_exact_candidate,0,0,256,1,rejected,Networks are NOT EQUIVALENT.  Time =     0.00 sec,direct,,rejected,rejected,original == NOT optimized
generated_multiplier_4,refactor,new_n114,new_n101,0.8983487215909091,4,1.0,0,non_exact_candidate,0,0,256,1,rejected,Networks are NOT EQUIVALENT.  Time =     0.00 sec,direct,,rejected,rejected,original == NOT optimized
generated_multiplier_4,refactor,new_n115,new_n126,0.97421875,2,1.0,0,non_exact_candidate,0,0,256,1,rejected,Networks are NOT EQUIVALENT.  Time =     0.00 sec,direct,,rejected,rejected,original == NOT optimized
generated_multiplier_4,refactor,new_n115,new_n133,0.9484375,3,1.0,0,non_exact_candidate,0,0,256,1,rejected,Networks are NOT EQUIVALENT.  Time =     0.00 sec,direct,,rejected,rejected,original == NOT optimized
generated_multiplier_4,refactor,new_n115,new_n135,0.915703125,4,1.0,0,non_exact_candidate,0,0,256,1,rejected,Networks are NOT EQUIVALENT.  Time =     0.00 sec,direct,,rejected,rejected,original == NOT optimized
generated_multiplier_4,refactor,new_n115,new_n120,0.90390625,5,1.0,0,non_exact_candidate,0,0,256,1,rejected,Networks are NOT EQUIVALENT.  Time =     0.00 sec,direct,,rejected,rejected,original == NOT optimized
generated_multiplier_4,refactor,new_n116,new_n127,0.937109375,2,1.0,0,non_exact_candidate,0,0,256,1,rejected,Networks are NOT EQUIVALENT.  Time =     0.00 sec,direct,,rejected,rejected,original == NOT optimized
generated_multiplier_4,refactor,new_n116,new_n117,0.9032552083333334,3,1.0,0,non_exact_candidate,0,0,256,1,rejected,Networks are NOT EQUIVALENT.  Time =     0.00 sec,direct,,rejected,rejected,original == NOT optimized
generated_multiplier_4,refactor,new_n116,new_n134,0.8855468750000001,4,1.0,0,non_exact_candidate,0,0,256,1,rejected,Networks are NOT EQUIVALENT.  Time =     0.00 sec,direct,,rejected,rejected,original == NOT optimized
generated_multiplier_4,refactor,new_n116,new_n98,0.8584263392857143,5,1.0,0,non_exact_candidate,0,0,256,1,rejected,Networks are NOT EQUIVALENT.  Time =     0.00 sec,direct,,rejected,rejected,original == NOT optimized
generated_multiplier_4,refactor,new_n117,new_n129,0.8941406250000001,2,1.0,0,non_exact_candidate,0,0,256,1,rejected,Networks are NOT EQUIVALENT.  Time =     0.00 sec,direct,,rejected,rejected,original == NOT optimized
generated_multiplier_4,refactor,new_n117,new_n133,0.8726562500000001,3,1.0,0,non_exact_candidate,0,0,256,1,rejected,Networks are NOT EQUIVALENT.  Time =     0.00 sec,direct,,rejected,rejected,original == NOT optimized
generated_multiplier_4,refactor,new_n117,new_n115,0.8576953125,4,1.0,0,non_exact_candidate,0,0,256,1,rejected,Networks are NOT EQUIVALENT.  Time =     0.00 sec,direct,,rejected,rejected,original == NOT optimized
generated_multiplier_4,refactor,new_n117,new_n116,0.8576953125,5,1.0,0,non_exact_candidate,0,0,256,1,rejected,Networks are NOT EQUIVALENT.  Time =     0.00 sec,direct,,rejected,rejected,original == NOT optimized
generated_multiplier_4,refactor,new_n118,new_n126,0.8774739583333334,2,1.0,0,non_exact_candidate,0,0,256,1,rejected,Networks are NOT EQUIVALENT.  Time =     0.00 sec,direct,,rejected,rejected,original == NOT optimized
generated_multiplier_4,refactor,new_n118,new_n125,0.8731770833333333,3,1.0,0,non_exact_candidate,0,0,256,1,rejected,Networks are NOT EQUIVALENT.  Time =     0.00 sec,direct,,rejected,rejected,original == NOT optimized
generated_multiplier_4,refactor,new_n118,new_n132,0.8602864583333333,4,1.0,0,non_exact_candidate,0,0,256,1,rejected,Networks are NOT EQUIVALENT.  Time =     0.00 sec,direct,,rejected,rejected,original == NOT optimized
generated_multiplier_4,refactor,new_n118,new_n130,0.8582031250000001,5,1.0,0,non_exact_candidate,0,0,256,1,rejected,Networks are NOT EQUIVALENT.  Time =     0.00 sec,direct,,rejected,rejected,original == NOT optimized
generated_multiplier_4,refactor,new_n119,new_n132,0.8645833333333334,2,1.0,0,non_exact_candidate,0,0,256,1,rejected,Networks are NOT EQUIVALENT.  Time =     0.00 sec,direct,,rejected,rejected,original == NOT optimized
generated_multiplier_4,refactor,new_n119,new_n129,0.8582031250000001,3,1.0,0,non_exact_candidate,0,0,256,1,rejected,Networks are NOT EQUIVALENT.  Time =     0.00 sec,direct,,rejected,rejected,original == NOT optimized
generated_multiplier_4,refactor,new_n121,new_n132,0.9484375,2,1.0,0,non_exact_candidate,0,0,256,1,rejected,Networks are NOT EQUIVALENT.  Time =     0.00 sec,direct,,rejected,rejected,original == NOT optimized
generated_multiplier_4,refactor,new_n121,new_n125,0.935546875,3,1.0,0,non_exact_candidate,0,0,256,1,rejected,Networks are NOT EQUIVALENT.  Time =     0.00 sec,direct,,rejected,rejected,original == NOT optimized
generated_multiplier_4,refactor,new_n121,new_n126,0.92265625,4,1.0,0,non_exact_candidate,0,0,256,1,rejected,Networks are NOT EQUIVALENT.  Time =     0.00 sec,direct,,rejected,rejected,original == NOT optimized
generated_multiplier_4,refactor,new_n121,new_n115,0.8669921875000001,5,1.0,0,non_exact_candidate,0,0,256,1,rejected,Networks are NOT EQUIVALENT.  Time =     0.00 sec,direct,,rejected,rejected,original == NOT optimized
generated_multiplier_4,refactor,new_n122,new_n127,0.92265625,2,1.0,0,non_exact_candidate,0,0,256,1,rejected,Networks are NOT EQUIVALENT.  Time =     0.00 sec,direct,,rejected,rejected,original == NOT optimized
generated_multiplier_4,refactor,new_n122,new_n119,0.8817708333333333,3,1.0,0,non_exact_candidate,0,0,256,1,rejected,Networks are NOT EQUIVALENT.  Time =     0.00 sec,direct,,rejected,rejected,original == NOT optimized
generated_multiplier_4,refactor,new_n122,new_n117,0.8562500000000001,4,1.0,0,non_exact_candidate,0,0,256,1,rejected,Networks are NOT EQUIVALENT.  Time =     0.00 sec,direct,,rejected,rejected,original == NOT optimized
generated_multiplier_4,refactor,new_n123,new_n105,0.9328125,2,1.0,0,non_exact_candidate,0,0,256,1,rejected,Networks are NOT EQUIVALENT.  Time =     0.00 sec,direct,,rejected,rejected,original == NOT optimized
generated_multiplier_4,refactor,new_n123,new_n132,0.915703125,3,1.0,0,non_exact_candidate,0,0,256,1,rejected,Networks are NOT EQUIVALENT.  Time =     0.00 sec,direct,,rejected,rejected,original == NOT optimized
generated_multiplier_4,refactor,new_n123,new_n120,0.912109375,4,1.0,0,non_exact_candidate,0,0,256,1,rejected,Networks are NOT EQUIVALENT.  Time =     0.00 sec,direct,,rejected,rejected,original == NOT optimized
generated_multiplier_4,refactor,new_n123,new_n121,0.912109375,5,1.0,0,non_exact_candidate,0,0,256,1,rejected,Networks are NOT EQUIVALENT.  Time =     0.00 sec,direct,,rejected,rejected,original == NOT optimized
generated_multiplier_4,refactor_z,new_n20,new_n26,0.8628125,3,0.8,0,non_exact_candidate,0,0,256,1,rejected,Networks are NOT EQUIVALENT.  Time =     0.00 sec,direct,,rejected,rejected,original == NOT optimized
generated_multiplier_4,refactor_z,new_n20,new_n38,0.8628125,4,0.8,0,non_exact_candidate,0,0,256,1,rejected,Networks are NOT EQUIVALENT.  Time =     0.00 sec,direct,,rejected,rejected,original == NOT optimized
generated_multiplier_4,refactor_z,new_n20,new_n20,0.8624999999999999,5,1.0,0,non_exact_candidate,0,0,256,1,rejected,Networks are NOT EQUIVALENT.  Time =     0.00 sec,direct,,rejected,rejected,original == NOT optimized
generated_multiplier_4,refactor_z,new_n26,new_n26,0.965625,2,1.0,0,non_exact_candidate,0,0,256,1,rejected,Networks are NOT EQUIVALENT.  Time =     0.00 sec,direct,,rejected,rejected,original == NOT optimized
generated_multiplier_4,refactor_z,new_n26,new_n39,0.9128125,3,0.8,0,non_exact_candidate,0,0,256,1,rejected,Networks are NOT EQUIVALENT.  Time =     0.00 sec,direct,,rejected,rejected,original == NOT optimized
generated_multiplier_4,refactor_z,new_n26,new_n24,0.8628125,4,0.8,0,non_exact_candidate,0,0,256,1,rejected,Networks are NOT EQUIVALENT.  Time =     0.00 sec,direct,,rejected,rejected,original == NOT optimized
generated_multiplier_4,refactor_z,new_n26,new_n41,0.8628125,5,0.8,0,non_exact_candidate,0,0,256,1,rejected,Networks are NOT EQUIVALENT.  Time =     0.00 sec,direct,,rejected,rejected,original == NOT optimized
generated_multiplier_4,refactor_z,new_n28,new_n30,0.915625,2,1.0,0,non_exact_candidate,0,0,256,1,rejected,Networks are NOT EQUIVALENT.  Time =     0.00 sec,direct,,rejected,rejected,original == NOT optimized
generated_multiplier_4,refactor_z,new_n29,new_n27,0.9161458333333332,2,1.0,0,non_exact_candidate,0,0,256,1,rejected,Networks are NOT EQUIVALENT.  Time =     0.00 sec,direct,,rejected,rejected,original == NOT optimized
generated_multiplier_4,refactor_z,new_n32,new_n43,0.94140625,2,1.0,0,non_exact_candidate,0,0,256,1,rejected,Networks are NOT EQUIVALENT.  Time =     0.00 sec,direct,,rejected,rejected,original == NOT optimized
generated_multiplier_4,refactor_z,new_n32,new_n71,0.90703125,3,1.0,0,non_exact_candidate,0,0,256,1,rejected,Networks are NOT EQUIVALENT.  Time =     0.00 sec,direct,,rejected,rejected,original == NOT optimized
generated_multiplier_4,refactor_z,new_n32,new_n72,0.8656250000000001,4,0.8571428571428571,0,non_exact_candidate,0,0,256,1,rejected,Networks are NOT EQUIVALENT.  Time =     0.00 sec,direct,,rejected,rejected,original == NOT optimized
generated_multiplier_4,refactor_z,new_n32,new_n33,0.8624999999999999,5,1.0,0,non_exact_candidate,0,0,256,1,rejected,Networks are NOT EQUIVALENT.  Time =     0.00 sec,direct,,rejected,rejected,original == NOT optimized
generated_multiplier_4,refactor_z,new_n39,new_n38,0.8628125,2,0.8,0,non_exact_candidate,0,0,256,1,rejected,Networks are NOT EQUIVALENT.  Time =     0.00 sec,direct,,rejected,rejected,original == NOT optimized
generated_multiplier_4,refactor_z,new_n40,new_n40,0.9328125,2,1.0,0,non_exact_candidate,0,0,256,1,rejected,Networks are NOT EQUIVALENT.  Time =     0.00 sec,direct,,rejected,rejected,original == NOT optimized
generated_multiplier_4,refactor_z,new_n41,new_n38,0.915625,2,1.0,0,non_exact_candidate,0,0,256,1,rejected,Networks are NOT EQUIVALENT.  Time =     0.00 sec,direct,,rejected,rejected,original == NOT optimized
generated_multiplier_4,refactor_z,new_n41,new_n39,0.8628125,3,0.8,0,non_exact_candidate,0,0,256,1,rejected,Networks are NOT EQUIVALENT.  Time =     0.00 sec,direct,,rejected,rejected,original == NOT optimized
generated_multiplier_4,refactor_z,new_n41,new_n44,0.8530729166666668,4,0.8333333333333334,0,non_exact_candidate,0,0,256,1,rejected,Networks are NOT EQUIVALENT.  Time =     0.00 sec,direct,,rejected,rejected,original == NOT optimized
generated_multiplier_4,refactor_z,new_n42,new_n43,0.9484375,2,1.0,0,non_exact_candidate,0,0,256,1,rejected,Networks are NOT EQUIVALENT.  Time =     0.00 sec,direct,,rejected,rejected,original == NOT optimized
generated_multiplier_4,refactor_z,new_n42,new_n44,0.9484375,3,1.0,0,non_exact_candidate,0,0,256,1,rejected,Networks are NOT EQUIVALENT.  Time =     0.00 sec,direct,,rejected,rejected,original == NOT optimized
generated_multiplier_4,refactor_z,new_n42,new_n72,0.9328125,4,0.8571428571428571,0,non_exact_candidate,0,0,256,1,rejected,Networks are NOT EQUIVALENT.  Time =     0.00 sec,direct,,rejected,rejected,original == NOT optimized
generated_multiplier_4,refactor_z,new_n42,new_n37,0.90703125,5,1.0,0,non_exact_candidate,0,0,256,1,rejected,Networks are NOT EQUIVALENT.  Time =     0.00 sec,direct,,rejected,rejected,original == NOT optimized
generated_multiplier_4,refactor_z,new_n44,new_n44,0.90703125,2,1.0,0,non_exact_candidate,0,0,256,1,rejected,Networks are NOT EQUIVALENT.  Time =     0.00 sec,direct,,rejected,rejected,original == NOT optimized
generated_multiplier_4,refactor_z,new_n44,new_n37,0.8817708333333333,3,1.0,0,non_exact_candidate,0,0,256,1,rejected,Networks are NOT EQUIVALENT.  Time =     0.00 sec,direct,,rejected,rejected,original == NOT optimized
generated_multiplier_4,refactor_z,new_n44,new_n47,0.8656250000000001,4,0.8571428571428571,0,non_exact_candidate,0,0,256,1,rejected,Networks are NOT EQUIVALENT.  Time =     0.00 sec,direct,,rejected,rejected,original == NOT optimized
generated_multiplier_4,refactor_z,new_n44,new_n71,0.85546875,5,1.0,0,non_exact_candidate,0,0,256,1,rejected,Networks are NOT EQUIVALENT.  Time =     0.00 sec,direct,,rejected,rejected,original == NOT optimized
generated_multiplier_4,refactor_z,new_n45,new_n63,0.8903645833333333,2,1.0,0,non_exact_candidate,0,0,256,1,rejected,Networks are NOT EQUIVALENT.  Time =     0.00 sec,direct,,rejected,rejected,original == NOT optimized
generated_multiplier_4,refactor_z,new_n45,new_n64,0.8903645833333333,3,1.0,0,non_exact_candidate,0,0,256,1,rejected,Networks are NOT EQUIVALENT.  Time =     0.00 sec,direct,,rejected,rejected,original == NOT optimized
generated_multiplier_4,refactor_z,new_n45,new_n72,0.8645833333333334,4,1.0,0,non_exact_candidate,0,0,256,1,rejected,Networks are NOT EQUIVALENT.  Time =     0.00 sec,direct,,rejected,rejected,original == NOT optimized
generated_multiplier_4,refactor_z,new_n45,new_n102,0.8522135416666667,5,1.0,0,non_exact_candidate,0,0,256,1,rejected,Networks are NOT EQUIVALENT.  Time =     0.00 sec,direct,,rejected,rejected,original == NOT optimized
generated_multiplier_4,refactor_z,new_n46,new_n51,0.8903645833333333,2,1.0,0,non_exact_candidate,0,0,256,1,rejected,Networks are NOT EQUIVALENT.  Time =     0.00 sec,direct,,rejected,rejected,original == NOT optimized
generated_multiplier_4,refactor_z,new_n47,new_n65,0.8559895833333334,2,1.0,0,non_exact_candidate,0,0,256,1,rejected,Networks are NOT EQUIVALENT.  Time =     0.00 sec,direct,,rejected,rejected,original == NOT optimized
generated_multiplier_4,refactor_z,new_n49,new_n64,0.93984375,2,1.0,0,non_exact_candidate,0,0,256,1,rejected,Networks are NOT EQUIVALENT.  Time =     0.00 sec,direct,,rejected,rejected,original == NOT optimized
generated_multiplier_4,refactor_z,new_n49,new_n47,0.8903645833333333,3,1.0,0,non_exact_candidate,0,0,256,1,rejected,Networks are NOT EQUIVALENT.  Time =     0.00 sec,direct,,rejected,rejected,original == NOT optimized
generated_multiplier_4,refactor_z,new_n49,new_n102,0.8777343750000001,4,1.0,0,non_exact_candidate,0,0,256,1,rejected,Networks are NOT EQUIVALENT.  Time =     0.00 sec,direct,,rejected,rejected,original == NOT optimized
generated_multiplier_4,refactor_z,new_n49,new_n72,0.8684375,5,1.0,0,non_exact_candidate,0,0,256,1,rejected,Networks are NOT EQUIVALENT.  Time =     0.00 sec,direct,,rejected,rejected,original == NOT optimized
generated_multiplier_4,refactor_z,new_n50,new_n49,0.85546875,2,1.0,0,non_exact_candidate,0,0,256,1,rejected,Networks are NOT EQUIVALENT.  Time =     0.00 sec,direct,,rejected,rejected,original == NOT optimized
generated_multiplier_4,refactor_z,new_n51,new_n51,0.85546875,2,1.0,0,non_exact_candidate,0,0,256,1,rejected,Networks are NOT EQUIVALENT.  Time =     0.00 sec,direct,,rejected,rejected,original == NOT optimized
generated_multiplier_4,refactor_z,new_n53,new_n102,0.8597656250000001,2,1.0,0,non_exact_candidate,0,0,256,1,rejected,Networks are NOT EQUIVALENT.  Time =     0.00 sec,direct,,rejected,rejected,original == NOT optimized
generated_multiplier_4,refactor_z,new_n55,new_n68,0.9435546875,2,1.0,0,non_exact_candidate,0,0,256,1,rejected,Networks are NOT EQUIVALENT.  Time =     0.00 sec,direct,,rejected,rejected,original == NOT optimized
generated_multiplier_4,refactor_z,new_n55,new_n100,0.9005859375,3,1.0,0,non_exact_candidate,0,0,256,1,rejected,Networks are NOT EQUIVALENT.  Time =     0.00 sec,direct,,rejected,rejected,original == NOT optimized
generated_multiplier_4,refactor_z,new_n55,new_n99,0.8962890625000001,4,1.0,0,non_exact_candidate,0,0,256,1,rejected,Networks are NOT EQUIVALENT.  Time =     0.00 sec,direct,,rejected,rejected,original == NOT optimized
generated_multiplier_4,refactor_z,new_n55,new_n58,0.8624999999999999,5,1.0,0,non_exact_candidate,0,0,256,1,rejected,Networks are NOT EQUIVALENT.  Time =     0.00 sec,direct,,rejected,rejected,original == NOT optimized
generated_multiplier_4,refactor_z,new_n62,new_n67,0.8559895833333334,2,1.0,0,non_exact_candidate,0,0,256,1,rejected,Networks are NOT EQUIVALENT.  Time =     0.00 sec,direct,,rejected,rejected,original == NOT optimized
generated_multiplier_4,refactor_z,new_n62,new_n65,0.85546875,3,1.0,0,non_exact_candidate,0,0,256,1,rejected,Networks are NOT EQUIVALENT.  Time =     0.00 sec,direct,,rejected,rejected,original == NOT optimized
generated_multiplier_4,refactor_z,new_n63,new_n63,0.8984375,2,1.0,0,non_exact_candidate,0,0,256,1,rejected,Networks are NOT EQUIVALENT.  Time =     0.00 sec,direct,,rejected,rejected,original == NOT optimized
generated_multiplier_4,refactor_z,new_n63,new_n69,0.8698046875000001,3,0.875,0,non_exact_candidate,0,0,256,1,rejected,Networks are NOT EQUIVALENT.  Time =     0.00 sec,direct,,rejected,rejected,original == NOT optimized
generated_multiplier_4,refactor_z,new_n63,new_n47,0.86484375,4,1.0,0,non_exact_candidate,0,0,256,1,rejected,Networks are NOT EQUIVALENT.  Time =     0.00 sec,direct,,rejected,rejected,original == NOT optimized
generated_multiplier_4,refactor_z,new_n63,new_n102,0.8516927083333333,5,1.0,0,non_exact_candidate,0,0,256,1,rejected,Networks are NOT EQUIVALENT.  Time =     0.00 sec,direct,,rejected,rejected,original == NOT optimized
generated_multiplier_4,refactor_z,new_n64,new_n100,0.987109375,2,1.0,0,non_exact_candidate,0,0,256,1,rejected,Networks are NOT EQUIVALENT.  Time =     0.00 sec,direct,,rejected,rejected,original == NOT optimized
generated_multiplier_4,refactor_z,new_n64,new_n68,0.93984375,3,1.0,0,non_exact_candidate,0,0,256,1,rejected,Networks are NOT EQUIVALENT.  Time =     0.00 sec,direct,,rejected,rejected,original == NOT optimized
generated_multiplier_4,refactor_z,new_n64,new_n77,0.9075520833333334,4,1.0,0,non_exact_candidate,0,0,256,1,rejected,Networks are NOT EQUIVALENT.  Time =     0.00 sec,direct,,rejected,rejected,original == NOT optimized
generated_multiplier_4,refactor_z,new_n64,new_n69,0.90546875,5,1.0,0,non_exact_candidate,0,0,256,1,rejected,Networks are NOT EQUIVALENT.  Time =     0.00 sec,direct,,rejected,rejected,original == NOT optimized
generated_multiplier_4,refactor_z,new_n65,new_n78,0.8798828125,2,1.0,0,non_exact_candidate,0,0,256,1,rejected,Networks are NOT EQUIVALENT.  Time =     0.00 sec,direct,,rejected,rejected,original == NOT optimized
generated_multiplier_4,refactor_z,new_n66,new_n69,0.8962890625000001,2,1.0,0,non_exact_candidate,0,0,256,1,rejected,Networks are NOT EQUIVALENT.  Time =     0.00 sec,direct,,rejected,rejected,original == NOT optimized
generated_multiplier_4,refactor_z,new_n66,new_n68,0.8619140625000001,3,1.0,0,non_exact_candidate,0,0,256,1,rejected,Networks are NOT EQUIVALENT.  Time =     0.00 sec,direct,,rejected,rejected,original == NOT optimized
generated_multiplier_4,refactor_z,new_n66,new_n80,0.860546875,4,1.0,0,non_exact_candidate,0,0,256,1,rejected,Networks are NOT EQUIVALENT.  Time =     0.00 sec,direct,,rejected,rejected,original == NOT optimized
generated_multiplier_4,refactor_z,new_n69,new_n73,0.8984375,2,1.0,0,non_exact_candidate,0,0,256,1,rejected,Networks are NOT EQUIVALENT.  Time =     0.00 sec,direct,,rejected,rejected,original == NOT optimized
generated_multiplier_4,refactor_z,new_n69,new_n45,0.8699218750000002,3,0.8571428571428571,0,non_exact_candidate,0,0,256,1,rejected,Networks are NOT EQUIVALENT.  Time =     0.00 sec,direct,,rejected,rejected,original == NOT optimized
generated_multiplier_4,refactor_z,new_n70,new_n102,0.8842075892857143,2,1.0,0,non_exact_candidate,0,0,256,1,rejected,Networks are NOT EQUIVALENT.  Time =     0.00 sec,direct,,rejected,rejected,original == NOT optimized
generated_multiplier_4,refactor_z,new_n70,new_n71,0.8656250000000001,3,0.8571428571428571,0,non_exact_candidate,0,0,256,1,rejected,Networks are NOT EQUIVALENT.  Time =     0.00 sec,direct,,rejected,rejected,original == NOT optimized
generated_multiplier_4,refactor_z,new_n70,new_n74,0.8578125,4,0.8571428571428571,0,non_exact_candidate,0,0,256,1,rejected,Networks are NOT EQUIVALENT.  Time =     0.00 sec,direct,,rejected,rejected,original == NOT optimized
generated_multiplier_4,refactor_z,new_n70,new_n44,0.8570312500000001,5,0.8571428571428571,0,non_exact_candidate,0,0,256,1,rejected,Networks are NOT EQUIVALENT.  Time =     0.00 sec,direct,,rejected,rejected,original == NOT optimized
generated_multiplier_4,refactor_z,new_n71,new_n80,0.8882161458333333,2,1.0,0,non_exact_candidate,0,0,256,1,rejected,Networks are NOT EQUIVALENT.  Time =     0.00 sec,direct,,rejected,rejected,original == NOT optimized
generated_multiplier_4,refactor_z,new_n71,new_n69,0.8774739583333334,3,1.0,0,non_exact_candidate,0,0,256,1,rejected,Networks are NOT EQUIVALENT.  Time =     0.00 sec,direct,,rejected,rejected,original == NOT optimized
generated_multiplier_4,refactor_z,new_n71,new_n77,0.85390625,4,1.0,0,non_exact_candidate,0,0,256,1,rejected,Networks are NOT EQUIVALENT.  Time =     0.00 sec,direct,,rejected,rejected,original == NOT optimized
generated_multiplier_4,refactor_z,new_n72,new_n99,0.9075520833333334,2,1.0,0,non_exact_candidate,0,0,256,1,rejected,Networks are NOT EQUIVALENT.  Time =     0.00 sec,direct,,rejected,rejected,original == NOT optimized
generated_multiplier_4,refactor_z,new_n72,new_n100,0.9032552083333334,3,1.0,0,non_exact_candidate,0,0,256,1,rejected,Networks are NOT EQUIVALENT.  Time =     0.00 sec,direct,,rejected,rejected,original == NOT optimized
generated_multiplier_4,refactor_z,new_n72,new_n120,0.8888671874999999,4,1.0,0,non_exact_candidate,0,0,256,1,rejected,Networks are NOT EQUIVALENT.  Time =     0.00 sec,direct,,rejected,rejected,original == NOT optimized
generated_multiplier_4,refactor_z,new_n72,new_n91,0.8882161458333333,5,1.0,0,non_exact_candidate,0,0,256,1,rejected,Networks are NOT EQUIVALENT.  Time =     0.00 sec,direct,,rejected,rejected,original == NOT optimized
generated_multiplier_4,refactor_z,new_n73,new_n70,0.8903645833333333,2,1.0,0,non_exact_candidate,0,0,256,1,rejected,Networks are NOT EQUIVALENT.  Time =     0.00 sec,direct,,rejected,rejected,original == NOT optimized
generated_multiplier_4,refactor_z,new_n73,new_n93,0.8817708333333333,3,1.0,0,non_exact_candidate,0,0,256,1,rejected,Networks are NOT EQUIVALENT.  Time =     0.00 sec,direct,,rejected,rejected,original == NOT optimized
generated_multiplier_4,refactor_z,new_n73,new_n106,0.8584375,4,1.0,0,non_exact_candidate,0,0,256,1,rejected,Networks are NOT EQUIVALENT.  Time =     0.00 sec,direct,,rejected,rejected,original == NOT optimized
generated_multiplier_4,refactor_z,new_n73,new_n95,0.8562500000000001,5,1.0,0,non_exact_candidate,0,0,256,1,rejected,Networks are NOT EQUIVALENT.  Time =     0.00 sec,direct,,rejected,rejected,original == NOT optimized
generated_multiplier_4,refactor_z,new_n75,new_n92,0.92265625,2,1.0,0,non_exact_candidate,0,0,256,1,rejected,Networks are NOT EQUIVALENT.  Time =     0.00 sec,direct,,rejected,rejected,original == NOT optimized
generated_multiplier_4,refactor_z,new_n75,new_n77,0.8882161458333333,3,1.0,0,non_exact_candidate,0,0,256,1,rejected,Networks are NOT EQUIVALENT.  Time =     0.00 sec,direct,,rejected,rejected,original == NOT optimized
generated_multiplier_4,refactor_z,new_n75,new_n120,0.8651041666666667,4,1.0,0,non_exact_candidate,0,0,256,1,rejected,Networks are NOT EQUIVALENT.  Time =     0.00 sec,direct,,rejected,rejected,original == NOT optimized
generated_multiplier_4,refactor_z,new_n75,new_n81,0.8624999999999999,5,1.0,0,non_exact_candidate,0,0,256,1,rejected,Networks are NOT EQUIVALENT.  Time =     0.00 sec,direct,,rejected,rejected,original == NOT optimized
generated_multiplier_4,refactor_z,new_n76,new_n78,0.868359375,2,1.0,0,non_exact_candidate,0,0,256,1,rejected,Networks are NOT EQUIVALENT.  Time =     0.00 sec,direct,,rejected,rejected,original == NOT optimized
generated_multiplier_4,refactor_z,new_n77,new_n80,0.868359375,2,1.0,0,non_exact_candidate,0,0,256,1,rejected,Networks are NOT EQUIVALENT.  Time =     0.00 sec,direct,,rejected,rejected,original == NOT optimized
generated_multiplier_4,refactor_z,new_n77,new_n81,0.8597656250000001,3,1.0,0,non_exact_candidate,0,0,256,1,rejected,Networks are NOT EQUIVALENT.  Time =     0.00 sec,direct,,rejected,rejected,original == NOT optimized
generated_multiplier_4,refactor_z,new_n78,new_n81,0.8645833333333334,2,1.0,0,non_exact_candidate,0,0,256,1,rejected,Networks are NOT EQUIVALENT.  Time =     0.00 sec,direct,,rejected,rejected,original == NOT optimized
generated_multiplier_4,refactor_z,new_n79,new_n123,0.8597656250000001,2,1.0,0,non_exact_candidate,0,0,256,1,rejected,Networks are NOT EQUIVALENT.  Time =     0.00 sec,direct,,rejected,rejected,original == NOT optimized
generated_multiplier_4,refactor_z,new_n81,new_n96,0.945703125,2,1.0,0,non_exact_candidate,0,0,256,1,rejected,Networks are NOT EQUIVALENT.  Time =     0.00 sec,direct,,rejected,rejected,original == NOT optimized
generated_multiplier_4,refactor_z,new_n81,new_n121,0.902734375,3,1.0,0,non_exact_candidate,0,0,256,1,rejected,Networks are NOT EQUIVALENT.  Time =     0.00 sec,direct,,rejected,rejected,original == NOT optimized
generated_multiplier_4,refactor_z,new_n81,new_n120,0.8941406250000001,4,1.0,0,non_exact_candidate,0,0,256,1,rejected,Networks are NOT EQUIVALENT.  Time =     0.00 sec,direct,,rejected,rejected,original == NOT optimized
generated_multiplier_4,refactor_z,new_n81,new_n123,0.8812500000000001,5,1.0,0,non_exact_candidate,0,0,256,1,rejected,Networks are NOT EQUIVALENT.  Time =     0.00 sec,direct,,rejected,rejected,original == NOT optimized
generated_multiplier_4,refactor_z,new_n87,new_n70,0.88203125,2,1.0,0,non_exact_candidate,0,0,256,1,rejected,Networks are NOT EQUIVALENT.  Time =     0.00 sec,direct,,rejected,rejected,original == NOT optimized
generated_multiplier_4,refactor_z,new_n87,new_n95,0.8817708333333333,3,1.0,0,non_exact_candidate,0,0,256,1,rejected,Networks are NOT EQUIVALENT.  Time =     0.00 sec,direct,,rejected,rejected,original == NOT optimized
generated_multiplier_4,refactor_z,new_n87,new_n93,0.8812500000000001,4,1.0,0,non_exact_candidate,0,0,256,1,rejected,Networks are NOT EQUIVALENT.  Time =     0.00 sec,direct,,rejected,rejected,original == NOT optimized
generated_multiplier_4,refactor_z,new_n87,new_n98,0.8584263392857143,5,1.0,0,non_exact_candidate,0,0,256,1,rejected,Networks are NOT EQUIVALENT.  Time =     0.00 sec,direct,,rejected,rejected,original == NOT optimized
generated_multiplier_4,refactor_z,new_n88,new_n91,0.8941406250000001,2,1.0,0,non_exact_candidate,0,0,256,1,rejected,Networks are NOT EQUIVALENT.  Time =     0.00 sec,direct,,rejected,rejected,original == NOT optimized
generated_multiplier_4,refactor_z,new_n88,new_n92,0.8941406250000001,3,1.0,0,non_exact_candidate,0,0,256,1,rejected,Networks are NOT EQUIVALENT.  Time =     0.00 sec,direct,,rejected,rejected,original == NOT optimized
generated_multiplier_4,refactor_z,new_n88,new_n104,0.8541294642857142,4,1.0,0,non_exact_candidate,0,0,256,1,rejected,Networks are NOT EQUIVALENT.  Time =     0.00 sec,direct,,rejected,rejected,original == NOT optimized
generated_multiplier_4,refactor_z,new_n89,new_n121,0.987109375,2,1.0,0,non_exact_candidate,0,0,256,1,rejected,Networks are NOT EQUIVALENT.  Time =     0.00 sec,direct,,rejected,rejected,original == NOT optimized
generated_multiplier_4,refactor_z,new_n89,new_n96,0.93984375,3,1.0,0,non_exact_candidate,0,0,256,1,rejected,Networks are NOT EQUIVALENT.  Time =     0.00 sec,direct,,rejected,rejected,original == NOT optimized
generated_multiplier_4,refactor_z,new_n89,new_n105,0.9290364583333334,4,1.0,0,non_exact_candidate,0,0,256,1,rejected,Networks are NOT EQUIVALENT.  Time =     0.00 sec,direct,,rejected,rejected,original == NOT optimized
generated_multiplier_4,refactor_z,new_n89,new_n123,0.9204427083333332,5,1.0,0,non_exact_candidate,0,0,256,1,rejected,Networks are NOT EQUIVALENT.  Time =     0.00 sec,direct,,rejected,rejected,original == NOT optimized
generated_multiplier_4,refactor_z,new_n90,new_n106,0.8992187500000001,2,1.0,0,non_exact_candidate,0,0,256,1,rejected,Networks are NOT EQUIVALENT.  Time =     0.00 sec,direct,,rejected,rejected,original == NOT optimized
generated_multiplier_4,refactor_z,new_n90,new_n95,0.8691406250000001,3,1.0,0,non_exact_candidate,0,0,256,1,rejected,Networks are NOT EQUIVALENT.  Time =     0.00 sec,direct,,rejected,rejected,original == NOT optimized
generated_multiplier_4,refactor_z,new_n91,new_n97,0.8941406250000001,2,1.0,0,non_exact_candidate,0,0,256,1,rejected,Networks are NOT EQUIVALENT.  Time =     0.00 sec,direct,,rejected,rejected,original == NOT optimized
generated_multiplier_4,refactor_z,new_n92,new_n65,0.902734375,2,1.0,0,non_exact_candidate,0,0,256,1,rejected,Networks are NOT EQUIVALENT.  Time =     0.00 sec,direct,,rejected,rejected,original == NOT optimized
generated_multiplier_4,refactor_z,new_n93,new_n56,0.909765625,2,1.0,0,non_exact_candidate,0,0,256,1,rejected,Networks are NOT EQUIVALENT.  Time =     0.00 sec,direct,,rejected,rejected,original == NOT optimized
generated_multiplier_4,refactor_z,new_n93,new_n72,0.8928013392857143,3,1.0,0,non_exact_candidate,0,0,256,1,rejected,Networks are NOT EQUIVALENT.  Time =     0.00 sec,direct,,rejected,rejected,original == NOT optimized
generated_multiplier_4,refactor_z,new_n93,new_n63,0.8860677083333334,4,1.0,0,non_exact_candidate,0,0,256,1,rejected,Networks are NOT EQUIVALENT.  Time =     0.00 sec,direct,,rejected,rejected,original == NOT optimized
generated_multiplier_4,refactor_z,new_n93,new_n64,0.8774739583333334,5,1.0,0,non_exact_candidate,0,0,256,1,rejected,Networks are NOT EQUIVALENT.  Time =     0.00 sec,direct,,rejected,rejected,original == NOT optimized
generated_multiplier_4,refactor_z,new_n94,new_n103,0.8882161458333333,2,1.0,0,non_exact_candidate,0,0,256,1,rejected,Networks are NOT EQUIVALENT.  Time =     0.00 sec,direct,,rejected,rejected,original == NOT optimized
generated_multiplier_4,refactor_z,new_n94,new_n70,0.8662109375,3,1.0,0,non_exact_candidate,0,0,256,1,rejected,Networks are NOT EQUIVALENT.  Time =     0.00 sec,direct,,rejected,rejected,original == NOT optimized
generated_multiplier_4,refactor_z,new_n94,new_n124,0.8589192708333333,4,1.0,0,non_exact_candidate,0,0,256,1,rejected,Networks are NOT EQUIVALENT.  Time =     0.00 sec,direct,,rejected,rejected,original == NOT optimized
generated_multiplier_4,refactor_z,new_n95,new_n99,0.9306640625,2,1.0,0,non_exact_candidate,0,0,256,1,rejected,Networks are NOT EQUIVALENT.  Time =     0.00 sec,direct,,rejected,rejected,original == NOT optimized
generated_multiplier_4,refactor_z,new_n95,new_n77,0.9048828125,3,1.0,0,non_exact_candidate,0,0,256,1,rejected,Networks are NOT EQUIVALENT.  Time =     0.00 sec,direct,,rejected,rejected,original == NOT optimized
generated_multiplier_4,refactor_z,new_n95,new_n123,0.9013950892857142,4,1.0,0,non_exact_candidate,0,0,256,1,rejected,Networks are NOT EQUIVALENT.  Time =     0.00 sec,direct,,rejected,rejected,original == NOT optimized
generated_multiplier_4,refactor_z,new_n95,new_n121,0.898220486111111,5,1.0,0,non_exact_candidate,0,0,256,1,rejected,Networks are NOT EQUIVALENT.  Time =     0.00 sec,direct,,rejected,rejected,original == NOT optimized
generated_multiplier_4,refactor_z,new_n96,new_n97,0.8774739583333334,2,1.0,0,non_exact_candidate,0,0,256,1,rejected,Networks are NOT EQUIVALENT.  Time =     0.00 sec,direct,,rejected,rejected,original == NOT optimized
generated_multiplier_4,refactor_z,new_n96,new_n108,0.8753255208333334,3,1.0,0,non_exact_candidate,0,0,256,1,rejected,Networks are NOT EQUIVALENT.  Time =     0.00 sec,direct,,rejected,rejected,original == NOT optimized
generated_multiplier_4,refactor_z,new_n96,new_n125,0.8651041666666667,4,1.0,0,non_exact_candidate,0,0,256,1,rejected,Networks are NOT EQUIVALENT.  Time =     0.00 sec,direct,,rejected,rejected,original == NOT optimized
generated_multiplier_4,refactor_z,new_n96,new_n105,0.85390625,5,1.0,0,non_exact_candidate,0,0,256,1,rejected,Networks are NOT EQUIVALENT.  Time =     0.00 sec,direct,,rejected,rejected,original == NOT optimized
generated_multiplier_4,refactor_z,new_n97,new_n135,0.9328125,2,1.0,0,non_exact_candidate,0,0,256,1,rejected,Networks are NOT EQUIVALENT.  Time =     0.00 sec,direct,,rejected,rejected,original == NOT optimized
generated_multiplier_4,refactor_z,new_n97,new_n120,0.9290364583333334,3,1.0,0,non_exact_candidate,0,0,256,1,rejected,Networks are NOT EQUIVALENT.  Time =     0.00 sec,direct,,rejected,rejected,original == NOT optimized
generated_multiplier_4,refactor_z,new_n97,new_n121,0.9204427083333332,4,1.0,0,non_exact_candidate,0,0,256,1,rejected,Networks are NOT EQUIVALENT.  Time =     0.00 sec,direct,,rejected,rejected,original == NOT optimized
generated_multiplier_4,refactor_z,new_n97,new_n123,0.907109375,5,1.0,0,non_exact_candidate,0,0,256,1,rejected,Networks are NOT EQUIVALENT.  Time =     0.00 sec,direct,,rejected,rejected,original == NOT optimized
generated_multiplier_4,refactor_z,new_n98,new_n98,0.9075520833333334,2,1.0,0,non_exact_candidate,0,0,256,1,rejected,Networks are NOT EQUIVALENT.  Time =     0.00 sec,direct,,rejected,rejected,original == NOT optimized
generated_multiplier_4,refactor_z,new_n98,new_n117,0.8860677083333334,3,1.0,0,non_exact_candidate,0,0,256,1,rejected,Networks are NOT EQUIVALENT.  Time =     0.00 sec,direct,,rejected,rejected,original == NOT optimized
generated_multiplier_4,refactor_z,new_n98,new_n119,0.860546875,4,1.0,0,non_exact_candidate,0,0,256,1,rejected,Networks are NOT EQUIVALENT.  Time =     0.00 sec,direct,,rejected,rejected,original == NOT optimized
generated_multiplier_4,refactor_z,new_n98,new_n78,0.8584375,5,1.0,0,non_exact_candidate,0,0,256,1,rejected,Networks are NOT EQUIVALENT.  Time =     0.00 sec,direct,,rejected,rejected,original == NOT optimized
generated_multiplier_4,refactor_z,new_n100,new_n116,0.918359375,2,1.0,0,non_exact_candidate,0,0,256,1,rejected,Networks are NOT EQUIVALENT.  Time =     0.00 sec,direct,,rejected,rejected,original == NOT optimized
generated_multiplier_4,refactor_z,new_n100,new_n135,0.8791015625,3,1.0,0,non_exact_candidate,0,0,256,1,rejected,Networks are NOT EQUIVALENT.  Time =     0.00 sec,direct,,rejected,rejected,original == NOT optimized
generated_multiplier_4,refactor_z,new_n100,new_n125,0.8755859375,4,1.0,0,non_exact_candidate,0,0,256,1,rejected,Networks are NOT EQUIVALENT.  Time =     0.00 sec,direct,,rejected,rejected,original == NOT optimized
generated_multiplier_4,refactor_z,new_n100,new_n105,0.8753255208333334,5,1.0,0,non_exact_candidate,0,0,256,1,rejected,Networks are NOT EQUIVALENT.  Time =     0.00 sec,direct,,rejected,rejected,original == NOT optimized
generated_multiplier_4,refactor_z,new_n101,new_n106,0.8705078125000001,2,1.0,0,non_exact_candidate,0,0,256,1,rejected,Networks are NOT EQUIVALENT.  Time =     0.00 sec,direct,,rejected,rejected,original == NOT optimized
generated_multiplier_4,refactor_z,new_n102,new_n108,0.8705078125000001,2,1.0,0,non_exact_candidate,0,0,256,1,rejected,Networks are NOT EQUIVALENT.  Time =     0.00 sec,direct,,rejected,rejected,original == NOT optimized
generated_multiplier_4,refactor_z,new_n102,new_n109,0.8619140625000001,3,1.0,0,non_exact_candidate,0,0,256,1,rejected,Networks are NOT EQUIVALENT.  Time =     0.00 sec,direct,,rejected,rejected,original == NOT optimized
generated_multiplier_4,refactor_z,new_n103,new_n109,0.8688802083333333,2,1.0,0,non_exact_candidate,0,0,256,1,rejected,Networks are NOT EQUIVALENT.  Time =     0.00 sec,direct,,rejected,rejected,original == NOT optimized
generated_multiplier_4,refactor_z,new_n104,new_n126,0.8705078125000001,2,1.0,0,non_exact_candidate,0,0,256,1,rejected,Networks are NOT EQUIVALENT.  Time =     0.00 sec,direct,,rejected,rejected,original == NOT optimized
generated_multiplier_4,refactor_z,new_n104,new_n132,0.8619140625000001,3,1.0,0,non_exact_candidate,0,0,256,1,rejected,Networks are NOT EQUIVALENT.  Time =     0.00 sec,direct,,rejected,rejected,original == NOT optimized
generated_multiplier_4,refactor_z,new_n109,new_n98,0.8992187500000001,2,1.0,0,non_exact_candidate,0,0,256,1,rejected,Networks are NOT EQUIVALENT.  Time =     0.00 sec,direct,,rejected,rejected,original == NOT optimized
generated_multiplier_4,refactor_z,new_n109,new_n119,0.8860677083333334,3,1.0,0,non_exact_candidate,0,0,256,1,rejected,Networks are NOT EQUIVALENT.  Time =     0.00 sec,direct,,rejected,rejected,original == NOT optimized
generated_multiplier_4,refactor_z,new_n109,new_n117,0.8855468750000001,4,1.0,0,non_exact_candidate,0,0,256,1,rejected,Networks are NOT EQUIVALENT.  Time =     0.00 sec,direct,,rejected,rejected,original == NOT optimized
generated_multiplier_4,refactor_z,new_n109,new_n95,0.85234375,5,1.0,0,non_exact_candidate,0,0,256,1,rejected,Networks are NOT EQUIVALENT.  Time =     0.00 sec,direct,,rejected,rejected,original == NOT optimized
generated_multiplier_4,refactor_z,new_n110,new_n115,0.8919921875000001,2,1.0,0,non_exact_candidate,0,0,256,1,rejected,Networks are NOT EQUIVALENT.  Time =     0.00 sec,direct,,rejected,rejected,original == NOT optimized
generated_multiplier_4,refactor_z,new_n110,new_n116,0.8919921875000001,3,1.0,0,non_exact_candidate,0,0,256,1,rejected,Networks are NOT EQUIVALENT.  Time =     0.00 sec,direct,,rejected,rejected,original == NOT optimized
generated_multiplier_4,refactor_z,new_n110,new_n133,0.8817708333333333,4,1.0,0,non_exact_candidate,0,0,256,1,rejected,Networks are NOT EQUIVALENT.  Time =     0.00 sec,direct,,rejected,rejected,original == NOT optimized
generated_multiplier_4,refactor_z,new_n110,new_n104,0.860546875,5,1.0,0,non_exact_candidate,0,0,256,1,rejected,Networks are NOT EQUIVALENT.  Time =     0.00 sec,direct,,rejected,rejected,original == NOT optimized
generated_multiplier_4,refactor_z,new_n111,new_n93,0.919921875,2,1.0,0,non_exact_candidate,0,0,256,1,rejected,Networks are NOT EQUIVALENT.  Time =     0.00 sec,direct,,rejected,rejected,original == NOT optimized
generated_multiplier_4,refactor_z,new_n111,new_n98,0.8684375,3,1.0,0,non_exact_candidate,0,0,256,1,rejected,Networks are NOT EQUIVALENT.  Time =     0.00 sec,direct,,rejected,rejected,original == NOT optimized
generated_multiplier_4,refactor_z,new_n112,new_n120,0.912109375,2,1.0,0,non_exact_candidate,0,0,256,1,rejected,Networks are NOT EQUIVALENT.  Time =     0.00 sec,direct,,rejected,rejected,original == NOT optimized
generated_multiplier_4,refactor_z,new_n112,new_n85,0.909765625,3,1.0,0,non_exact_candidate,0,0,256,1,rejected,Networks are NOT EQUIVALENT.  Time =     0.00 sec,direct,,rejected,rejected,original == NOT optimized
generated_multiplier_4,refactor_z,new_n112,new_n105,0.9037760416666668,4,1.0,0,non_exact_candidate,0,0,256,1,rejected,Networks are NOT EQUIVALENT.  Time =     0.00 sec,direct,,rejected,rejected,original == NOT optimized
generated_multiplier_4,refactor_z,new_n112,new_n99,0.9035435267857144,5,1.0,0,non_exact_candidate,0,0,256,1,rejected,Networks are NOT EQUIVALENT.  Time =     0.00 sec,direct,,rejected,rejected,original == NOT optimized
generated_multiplier_4,refactor_z,new_n113,new_n124,0.8882161458333333,2,1.0,0,non_exact_candidate,0,0,256,1,rejected,Networks are NOT EQUIVALENT.  Time =     0.00 sec,direct,,rejected,rejected,original == NOT optimized
generated_multiplier_4,refactor_z,new_n113,new_n103,0.8630859375,3,1.0,0,non_exact_candidate,0,0,256,1,rejected,Networks are NOT EQUIVALENT.  Time =     0.00 sec,direct,,rejected,rejected,original == NOT optimized
generated_multiplier_4,refactor_z,new_n113,new_n101,0.8552517361111112,4,1.0,0,non_exact_candidate,0,0,256,1,rejected,Networks are NOT EQUIVALENT.  Time =     0.00 sec,direct,,rejected,rejected,original == NOT optimized
generated_multiplier_4,refactor_z,new_n114,new_n120,0.928515625,2,1.0,0,non_exact_candidate,0,0,256,1,rejected,Networks are NOT EQUIVALENT.  Time =     0.00 sec,direct,,rejected,rejected,original == NOT optimized
generated_multiplier_4,refactor_z,new_n114,new_n135,0.9247395833333334,3,1.0,0,non_exact_candidate,0,0,256,1,rejected,Networks are NOT EQUIVALENT.  Time =     0.00 sec,direct,,rejected,rejected,original == NOT optimized
generated_multiplier_4,refactor_z,new_n114,new_n105,0.92421875,4,1.0,0,non_exact_candidate,0,0,256,1,rejected,Networks are NOT EQUIVALENT.  Time =     0.00 sec,direct,,rejected,rejected,original == NOT optimized
generated_multiplier_4,refactor_z,new_n114,new_n123,0.912109375,5,1.0,0,non_exact_candidate,0,0,256,1,rejected,Networks are NOT EQUIVALENT.  Time =     0.00 sec,direct,,rejected,rejected,original == NOT optimized
generated_multiplier_4,refactor_z,new_n115,new_n126,0.92421875,2,1.0,0,non_exact_candidate,0,0,256,1,rejected,Networks are NOT EQUIVALENT.  Time =     0.00 sec,direct,,rejected,rejected,original == NOT optimized
generated_multiplier_4,refactor_z,new_n115,new_n135,0.920703125,3,1.0,0,non_exact_candidate,0,0,256,1,rejected,Networks are NOT EQUIVALENT.  Time =     0.00 sec,direct,,rejected,rejected,original == NOT optimized
generated_multiplier_4,refactor_z,new_n115,new_n113,0.9119140625,4,1.0,0,non_exact_candidate,0,0,256,1,rejected,Networks are NOT EQUIVALENT.  Time =     0.00 sec,direct,,rejected,rejected,original == NOT optimized
generated_multiplier_4,refactor_z,new_n115,new_n105,0.907109375,5,1.0,0,non_exact_candidate,0,0,256,1,rejected,Networks are NOT EQUIVALENT.  Time =     0.00 sec,direct,,rejected,rejected,original == NOT optimized
generated_multiplier_4,refactor_z,new_n116,new_n127,0.9204427083333332,2,1.0,0,non_exact_candidate,0,0,256,1,rejected,Networks are NOT EQUIVALENT.  Time =     0.00 sec,direct,,rejected,rejected,original == NOT optimized
generated_multiplier_4,refactor_z,new_n116,new_n117,0.919921875,3,1.0,0,non_exact_candidate,0,0,256,1,rejected,Networks are NOT EQUIVALENT.  Time =     0.00 sec,direct,,rejected,rejected,original == NOT optimized
generated_multiplier_4,refactor_z,new_n116,new_n134,0.8688802083333333,4,1.0,0,non_exact_candidate,0,0,256,1,rejected,Networks are NOT EQUIVALENT.  Time =     0.00 sec,direct,,rejected,rejected,original == NOT optimized
generated_multiplier_4,refactor_z,new_n116,new_n98,0.8608072916666668,5,1.0,0,non_exact_candidate,0,0,256,1,rejected,Networks are NOT EQUIVALENT.  Time =     0.00 sec,direct,,rejected,rejected,original == NOT optimized
generated_multiplier_4,refactor_z,new_n117,new_n133,0.92265625,2,1.0,0,non_exact_candidate,0,0,256,1,rejected,Networks are NOT EQUIVALENT.  Time =     0.00 sec,direct,,rejected,rejected,original == NOT optimized
generated_multiplier_4,refactor_z,new_n117,new_n126,0.896875,3,1.0,0,non_exact_candidate,0,0,256,1,rejected,Networks are NOT EQUIVALENT.  Time =     0.00 sec,direct,,rejected,rejected,original == NOT optimized
generated_multiplier_4,refactor_z,new_n117,new_n129,0.8774739583333334,4,1.0,0,non_exact_candidate,0,0,256,1,rejected,Networks are NOT EQUIVALENT.  Time =     0.00 sec,direct,,rejected,rejected,original == NOT optimized
generated_multiplier_4,refactor_z,new_n117,new_n132,0.87109375,5,1.0,0,non_exact_candidate,0,0,256,1,rejected,Networks are NOT EQUIVALENT.  Time =     0.00 sec,direct,,rejected,rejected,original == NOT optimized
generated_multiplier_4,refactor_z,new_n118,new_n126,0.8941406250000001,2,1.0,0,non_exact_candidate,0,0,256,1,rejected,Networks are NOT EQUIVALENT.  Time =     0.00 sec,direct,,rejected,rejected,original == NOT optimized
generated_multiplier_4,refactor_z,new_n118,new_n125,0.88984375,3,1.0,0,non_exact_candidate,0,0,256,1,rejected,Networks are NOT EQUIVALENT.  Time =     0.00 sec,direct,,rejected,rejected,original == NOT optimized
generated_multiplier_4,refactor_z,new_n118,new_n132,0.876953125,4,1.0,0,non_exact_candidate,0,0,256,1,rejected,Networks are NOT EQUIVALENT.  Time =     0.00 sec,direct,,rejected,rejected,original == NOT optimized
generated_multiplier_4,refactor_z,new_n118,new_n115,0.8533984375000001,5,1.0,0,non_exact_candidate,0,0,256,1,rejected,Networks are NOT EQUIVALENT.  Time =     0.00 sec,direct,,rejected,rejected,original == NOT optimized
generated_multiplier_4,refactor_z,new_n119,new_n132,0.8812500000000001,2,1.0,0,non_exact_candidate,0,0,256,1,rejected,Networks are NOT EQUIVALENT.  Time =     0.00 sec,direct,,rejected,rejected,original == NOT optimized
generated_multiplier_4,refactor_z,new_n119,new_n126,0.85546875,3,1.0,0,non_exact_candidate,0,0,256,1,rejected,Networks are NOT EQUIVALENT.  Time =     0.00 sec,direct,,rejected,rejected,original == NOT optimized
generated_multiplier_4,refactor_z,new_n122,new_n120,0.9204427083333332,3,1.0,0,non_exact_candidate,0,0,256,1,rejected,Networks are NOT EQUIVALENT.  Time =     0.00 sec,direct,,rejected,rejected,original == NOT optimized
generated_multiplier_4,refactor_z,new_n122,new_n121,0.9204427083333332,4,1.0,0,non_exact_candidate,0,0,256,1,rejected,Networks are NOT EQUIVALENT.  Time =     0.00 sec,direct,,rejected,rejected,original == NOT optimized
generated_multiplier_4,refactor_z,new_n122,new_n132,0.9123697916666668,5,1.0,0,non_exact_candidate,0,0,256,1,rejected,Networks are NOT EQUIVALENT.  Time =     0.00 sec,direct,,rejected,rejected,original == NOT optimized
generated_multiplier_4,refactor_z,new_n123,new_n117,0.928515625,2,1.0,0,non_exact_candidate,0,0,256,1,rejected,Networks are NOT EQUIVALENT.  Time =     0.00 sec,direct,,rejected,rejected,original == NOT optimized
generated_multiplier_4,refactor_z,new_n123,new_n127,0.9118489583333332,3,1.0,0,non_exact_candidate,0,0,256,1,rejected,Networks are NOT EQUIVALENT.  Time =     0.00 sec,direct,,rejected,rejected,original == NOT optimized
generated_multiplier_4,refactor_z,new_n123,new_n134,0.8774739583333334,4,1.0,0,non_exact_candidate,0,0,256,1,rejected,Networks are NOT EQUIVALENT.  Time =     0.00 sec,direct,,rejected,rejected,original == NOT optimized
generated_multiplier_4,refactor_z,new_n123,new_n106,0.8562500000000001,5,1.0,0,non_exact_candidate,0,0,256,1,rejected,Networks are NOT EQUIVALENT.  Time =     0.00 sec,direct,,rejected,rejected,original == NOT optimized
generated_multiplier_4,resub,new_n20,new_n24,0.8624999999999999,2,1.0,0,non_exact_candidate,0,0,256,1,rejected,Networks are NOT EQUIVALENT.  Time =     0.00 sec,direct,,rejected,rejected,original == NOT optimized
generated_multiplier_4,resub,new_n21,new_n24,0.8624999999999999,2,1.0,0,non_exact_candidate,0,0,256,1,rejected,Networks are NOT EQUIVALENT.  Time =     0.00 sec,direct,,rejected,rejected,original == NOT optimized
generated_multiplier_4,resub,new_n24,new_n26,0.8628125,3,0.8,0,non_exact_candidate,0,0,256,1,rejected,Networks are NOT EQUIVALENT.  Time =     0.00 sec,direct,,rejected,rejected,original == NOT optimized
generated_multiplier_4,resub,new_n24,new_n38,0.8628125,4,0.8,0,non_exact_candidate,0,0,256,1,rejected,Networks are NOT EQUIVALENT.  Time =     0.00 sec,direct,,rejected,rejected,original == NOT optimized
generated_multiplier_4,resub,new_n24,new_n20,0.8624999999999999,5,1.0,0,non_exact_candidate,0,0,256,1,rejected,Networks are NOT EQUIVALENT.  Time =     0.00 sec,direct,,rejected,rejected,original == NOT optimized
generated_multiplier_4,resub,new_n26,new_n38,0.965625,2,1.0,0,non_exact_candidate,0,0,256,1,rejected,Networks are NOT EQUIVALENT.  Time =     0.00 sec,direct,,rejected,rejected,original == NOT optimized
generated_multiplier_4,resub,new_n26,new_n39,0.9128125,3,0.8,0,non_exact_candidate,0,0,256,1,rejected,Networks are NOT EQUIVALENT.  Time =     0.00 sec,direct,,rejected,rejected,original == NOT optimized
generated_multiplier_4,resub,new_n26,new_n24,0.8628125,4,0.8,0,non_exact_candidate,0,0,256,1,rejected,Networks are NOT EQUIVALENT.  Time =     0.00 sec,direct,,rejected,rejected,original == NOT optimized
generated_multiplier_4,resub,new_n26,new_n27,0.8624999999999999,5,1.0,0,non_exact_candidate,0,0,256,1,rejected,Networks are NOT EQUIVALENT.  Time =     0.00 sec,direct,,rejected,rejected,original == NOT optimized
generated_multiplier_4,resub,new_n27,new_n30,0.9161458333333332,2,1.0,0,non_exact_candidate,0,0,256,1,rejected,Networks are NOT EQUIVALENT.  Time =     0.00 sec,direct,,rejected,rejected,original == NOT optimized
generated_multiplier_4,resub,new_n27,new_n26,0.8624999999999999,3,1.0,0,non_exact_candidate,0,0,256,1,rejected,Networks are NOT EQUIVALENT.  Time =     0.00 sec,direct,,rejected,rejected,original == NOT optimized
generated_multiplier_4,resub,new_n27,new_n38,0.8624999999999999,4,1.0,0,non_exact_candidate,0,0,256,1,rejected,Networks are NOT EQUIVALENT.  Time =     0.00 sec,direct,,rejected,rejected,original == NOT optimized
generated_multiplier_4,resub,new_n28,new_n40,0.8624999999999999,2,1.0,0,non_exact_candidate,0,0,256,1,rejected,Networks are NOT EQUIVALENT.  Time =     0.00 sec,direct,,rejected,rejected,original == NOT optimized
generated_multiplier_4,resub,new_n30,new_n27,0.9161458333333332,2,1.0,0,non_exact_candidate,0,0,256,1,rejected,Networks are NOT EQUIVALENT.  Time =     0.00 sec,direct,,rejected,rejected,original == NOT optimized
generated_multiplier_4,resub,new_n33,new_n37,0.8624999999999999,2,1.0,0,non_exact_candidate,0,0,256,1,rejected,Networks are NOT EQUIVALENT.  Time =     0.00 sec,direct,,rejected,rejected,original == NOT optimized
generated_multiplier_4,resub,new_n33,new_n71,0.85546875,3,1.0,0,non_exact_candidate,0,0,256,1,rejected,Networks are NOT EQUIVALENT.  Time =     0.00 sec,direct,,rejected,rejected,original == NOT optimized
generated_multiplier_4,resub,new_n37,new_n43,0.94140625,2,1.0,0,non_exact_candidate,0,0,256,1,rejected,Networks are NOT EQUIVALENT.  Time =     0.00 sec,direct,,rejected,rejected,original == NOT optimized
generated_multiplier_4,resub,new_n37,new_n71,0.90703125,3,1.0,0,non_exact_candidate,0,0,256,1,rejected,Networks are NOT EQUIVALENT.  Time =     0.00 sec,direct,,rejected,rejected,original == NOT optimized
generated_multiplier_4,resub,new_n37,new_n72,0.8656250000000001,4,0.8571428571428571,0,non_exact_candidate,0,0,256,1,rejected,Networks are NOT EQUIVALENT.  Time =     0.00 sec,direct,,rejected,rejected,original == NOT optimized
generated_multiplier_4,resub,new_n37,new_n33,0.8624999999999999,5,1.0,0,non_exact_candidate,0,0,256,1,rejected,Networks are NOT EQUIVALENT.  Time =     0.00 sec,direct,,rejected,rejected,original == NOT optimized
generated_multiplier_4,resub,new_n38,new_n38,0.8628125,2,0.8,0,non_exact_candidate,0,0,256,1,rejected,Networks are NOT EQUIVALENT.  Time =     0.00 sec,direct,,rejected,rejected,original == NOT optimized
generated_multiplier_4,resub,new_n39,new_n40,0.9328125,2,1.0,0,non_exact_candidate,0,0,256,1,rejected,Networks are NOT EQUIVALENT.  Time =     0.00 sec,direct,,rejected,rejected,original == NOT optimized
generated_multiplier_4,resub,new_n40,new_n71,0.9484375,2,1.0,0,non_exact_candidate,0,0,256,1,rejected,Networks are NOT EQUIVALENT.  Time =     0.00 sec,direct,,rejected,rejected,original == NOT optimized
generated_multiplier_4,resub,new_n40,new_n37,0.94140625,3,1.0,0,non_exact_candidate,0,0,256,1,rejected,Networks are NOT EQUIVALENT.  Time =     0.00 sec,direct,,rejected,rejected,original == NOT optimized
generated_multiplier_4,resub,new_n40,new_n72,0.915625,4,0.8571428571428571,0,non_exact_candidate,0,0,256,1,rejected,Networks are NOT EQUIVALENT.  Time =     0.00 sec,direct,,rejected,rejected,original == NOT optimized
generated_multiplier_4,resub,new_n40,new_n44,0.9140625,5,1.0,0,non_exact_candidate,0,0,256,1,rejected,Networks are NOT EQUIVALENT.  Time =     0.00 sec,direct,,rejected,rejected,original == NOT optimized
generated_multiplier_4,resub,new_n41,new_n71,0.9484375,2,1.0,0,non_exact_candidate,0,0,256,1,rejected,Networks are NOT EQUIVALENT.  Time =     0.00 sec,direct,,rejected,rejected,original == NOT optimized
generated_multiplier_4,resub,new_n41,new_n43,0.9140625,3,1.0,0,non_exact_candidate,0,0,256,1,rejected,Networks are NOT EQUIVALENT.  Time =     0.00 sec,direct,,rejected,rejected,original == NOT optimized
generated_multiplier_4,resub,new_n41,new_n72,0.8898437499999999,4,0.8571428571428571,0,non_exact_candidate,0,0,256,1,rejected,Networks are NOT EQUIVALENT.  Time =     0.00 sec,direct,,rejected,rejected,original == NOT optimized
generated_multiplier_4,resub,new_n41,new_n37,0.85546875,5,1.0,0,non_exact_candidate,0,0,256,1,rejected,Networks are NOT EQUIVALENT.  Time =     0.00 sec,direct,,rejected,rejected,original == NOT optimized
generated_multiplier_4,resub,new_n42,new_n73,0.8683593749999999,2,0.8571428571428571,0,non_exact_candidate,0,0,256,1,rejected,Networks are NOT EQUIVALENT.  Time =     0.00 sec,direct,,rejected,rejected,original == NOT optimized
generated_multiplier_4,resub,new_n44,new_n63,0.8903645833333333,2,1.0,0,non_exact_candidate,0,0,256,1,rejected,Networks are NOT EQUIVALENT.  Time =     0.00 sec,direct,,rejected,rejected,original == NOT optimized
generated_multiplier_4,resub,new_n44,new_n64,0.8903645833333333,3,1.0,0,non_exact_candidate,0,0,256,1,rejected,Networks are NOT EQUIVALENT.  Time =     0.00 sec,direct,,rejected,rejected,original == NOT optimized
generated_multiplier_4,resub,new_n44,new_n72,0.8645833333333334,4,1.0,0,non_exact_candidate,0,0,256,1,rejected,Networks are NOT EQUIVALENT.  Time =     0.00 sec,direct,,rejected,rejected,original == NOT optimized
generated_multiplier_4,resub,new_n44,new_n102,0.8522135416666667,5,1.0,0,non_exact_candidate,0,0,256,1,rejected,Networks are NOT EQUIVALENT.  Time =     0.00 sec,direct,,rejected,rejected,original == NOT optimized
generated_multiplier_4,resub,new_n45,new_n51,0.8903645833333333,2,1.0,0,non_exact_candidate,0,0,256,1,rejected,Networks are NOT EQUIVALENT.  Time =     0.00 sec,direct,,rejected,rejected,original == NOT optimized
generated_multiplier_4,resub,new_n46,new_n65,0.8559895833333334,2,1.0,0,non_exact_candidate,0,0,256,1,rejected,Networks are NOT EQUIVALENT.  Time =     0.00 sec,direct,,rejected,rejected,original == NOT optimized
generated_multiplier_4,resub,new_n48,new_n64,0.90546875,2,1.0,0,non_exact_candidate,0,0,256,1,rejected,Networks are NOT EQUIVALENT.  Time =     0.00 sec,direct,,rejected,rejected,original == NOT optimized
generated_multiplier_4,resub,new_n48,new_n48,0.8903645833333333,3,1.0,0,non_exact_candidate,0,0,256,1,rejected,Networks are NOT EQUIVALENT.  Time =     0.00 sec,direct,,rejected,rejected,original == NOT optimized
generated_multiplier_4,resub,new_n49,new_n63,0.8624999999999999,2,1.0,0,non_exact_candidate,0,0,256,1,rejected,Networks are NOT EQUIVALENT.  Time =     0.00 sec,direct,,rejected,rejected,original == NOT optimized
generated_multiplier_4,resub,new_n49,new_n64,0.85390625,3,1.0,0,non_exact_candidate,0,0,256,1,rejected,Networks are NOT EQUIVALENT.  Time =     0.00 sec,direct,,rejected,rejected,original == NOT optimized
generated_multiplier_4,resub,new_n53,new_n102,0.8597656250000001,2,1.0,0,non_exact_candidate,0,0,256,1,rejected,Networks are NOT EQUIVALENT.  Time =     0.00 sec,direct,,rejected,rejected,original == NOT optimized
generated_multiplier_4,resub,new_n55,new_n99,0.8662109375,2,1.0,0,non_exact_candidate,0,0,256,1,rejected,Networks are NOT EQUIVALENT.  Time =     0.00 sec,direct,,rejected,rejected,original == NOT optimized
generated_multiplier_4,resub,new_n55,new_n62,0.8624999999999999,3,1.0,0,non_exact_candidate,0,0,256,1,rejected,Networks are NOT EQUIVALENT.  Time =     0.00 sec,direct,,rejected,rejected,original == NOT optimized
generated_multiplier_4,resub,new_n55,new_n100,0.8619140625000001,4,1.0,0,non_exact_candidate,0,0,256,1,rejected,Networks are NOT EQUIVALENT.  Time =     0.00 sec,direct,,rejected,rejected,original == NOT optimized
generated_multiplier_4,resub,new_n59,new_n68,0.9435546875,2,1.0,0,non_exact_candidate,0,0,256,1,rejected,Networks are NOT EQUIVALENT.  Time =     0.00 sec,direct,,rejected,rejected,original == NOT optimized
generated_multiplier_4,resub,new_n59,new_n100,0.9005859375,3,1.0,0,non_exact_candidate,0,0,256,1,rejected,Networks are NOT EQUIVALENT.  Time =     0.00 sec,direct,,rejected,rejected,original == NOT optimized
generated_multiplier_4,resub,new_n59,new_n99,0.8962890625000001,4,1.0,0,non_exact_candidate,0,0,256,1,rejected,Networks are NOT EQUIVALENT.  Time =     0.00 sec,direct,,rejected,rejected,original == NOT optimized
generated_multiplier_4,resub,new_n59,new_n58,0.8624999999999999,5,1.0,0,non_exact_candidate,0,0,256,1,rejected,Networks are NOT EQUIVALENT.  Time =     0.00 sec,direct,,rejected,rejected,original == NOT optimized
generated_multiplier_4,resub,new_n60,new_n64,0.93984375,2,1.0,0,non_exact_candidate,0,0,256,1,rejected,Networks are NOT EQUIVALENT.  Time =     0.00 sec,direct,,rejected,rejected,original == NOT optimized
generated_multiplier_4,resub,new_n60,new_n47,0.8903645833333333,3,1.0,0,non_exact_candidate,0,0,256,1,rejected,Networks are NOT EQUIVALENT.  Time =     0.00 sec,direct,,rejected,rejected,original == NOT optimized
generated_multiplier_4,resub,new_n60,new_n102,0.8777343750000001,4,1.0,0,non_exact_candidate,0,0,256,1,rejected,Networks are NOT EQUIVALENT.  Time =     0.00 sec,direct,,rejected,rejected,original == NOT optimized
generated_multiplier_4,resub,new_n60,new_n72,0.8684375,5,1.0,0,non_exact_candidate,0,0,256,1,rejected,Networks are NOT EQUIVALENT.  Time =     0.00 sec,direct,,rejected,rejected,original == NOT optimized
generated_multiplier_4,resub,new_n61,new_n63,0.93984375,2,1.0,0,non_exact_candidate,0,0,256,1,rejected,Networks are NOT EQUIVALENT.  Time =     0.00 sec,direct,,rejected,rejected,original == NOT optimized
generated_multiplier_4,resub,new_n61,new_n51,0.90546875,3,1.0,0,non_exact_candidate,0,0,256,1,rejected,Networks are NOT EQUIVALENT.  Time =     0.00 sec,direct,,rejected,rejected,original == NOT optimized
generated_multiplier_4,resub,new_n61,new_n47,0.8903645833333333,4,1.0,0,non_exact_candidate,0,0,256,1,rejected,Networks are NOT EQUIVALENT.  Time =     0.00 sec,direct,,rejected,rejected,original == NOT optimized
generated_multiplier_4,resub,new_n61,new_n102,0.8691406250000001,5,1.0,0,non_exact_candidate,0,0,256,1,rejected,Networks are NOT EQUIVALENT.  Time =     0.00 sec,direct,,rejected,rejected,original == NOT optimized
generated_multiplier_4,resub,new_n62,new_n67,0.9328125,2,1.0,0,non_exact_candidate,0,0,256,1,rejected,Networks are NOT EQUIVALENT.  Time =     0.00 sec,direct,,rejected,rejected,original == NOT optimized
generated_multiplier_4,resub,new_n62,new_n49,0.8559895833333334,3,1.0,0,non_exact_candidate,0,0,256,1,rejected,Networks are NOT EQUIVALENT.  Time =     0.00 sec,direct,,rejected,rejected,original == NOT optimized
generated_multiplier_4,resub,new_n64,new_n65,0.9328125,2,1.0,0,non_exact_candidate,0,0,256,1,rejected,Networks are NOT EQUIVALENT.  Time =     0.00 sec,direct,,rejected,rejected,original == NOT optimized
generated_multiplier_4,resub,new_n65,new_n100,0.952734375,2,1.0,0,non_exact_candidate,0,0,256,1,rejected,Networks are NOT EQUIVALENT.  Time =     0.00 sec,direct,,rejected,rejected,original == NOT optimized
generated_multiplier_4,resub,new_n65,new_n62,0.9435546875,3,1.0,0,non_exact_candidate,0,0,256,1,rejected,Networks are NOT EQUIVALENT.  Time =     0.00 sec,direct,,rejected,rejected,original == NOT optimized
generated_multiplier_4,resub,new_n65,new_n99,0.93984375,4,1.0,0,non_exact_candidate,0,0,256,1,rejected,Networks are NOT EQUIVALENT.  Time =     0.00 sec,direct,,rejected,rejected,original == NOT optimized
generated_multiplier_4,resub,new_n65,new_n69,0.8582031250000001,5,1.0,0,non_exact_candidate,0,0,256,1,rejected,Networks are NOT EQUIVALENT.  Time =     0.00 sec,direct,,rejected,rejected,original == NOT optimized
generated_multiplier_4,resub,new_n66,new_n99,0.90546875,2,1.0,0,non_exact_candidate,0,0,256,1,rejected,Networks are NOT EQUIVALENT.  Time =     0.00 sec,direct,,rejected,rejected,original == NOT optimized
generated_multiplier_4,resub,new_n66,new_n100,0.901171875,3,1.0,0,non_exact_candidate,0,0,256,1,rejected,Networks are NOT EQUIVALENT.  Time =     0.00 sec,direct,,rejected,rejected,original == NOT optimized
generated_multiplier_4,resub,new_n66,new_n76,0.8774739583333334,4,1.0,0,non_exact_candidate,0,0,256,1,rejected,Networks are NOT EQUIVALENT.  Time =     0.00 sec,direct,,rejected,rejected,original == NOT optimized
generated_multiplier_4,resub,new_n66,new_n68,0.8582031250000001,5,1.0,0,non_exact_candidate,0,0,256,1,rejected,Networks are NOT EQUIVALENT.  Time =     0.00 sec,direct,,rejected,rejected,original == NOT optimized
generated_multiplier_4,resub,new_n67,new_n78,0.8903645833333333,2,1.0,0,non_exact_candidate,0,0,256,1,rejected,Networks are NOT EQUIVALENT.  Time =     0.00 sec,direct,,rejected,rejected,original == NOT optimized
generated_multiplier_4,resub,new_n67,new_n101,0.8603515625,3,1.0,0,non_exact_candidate,0,0,256,1,rejected,Networks are NOT EQUIVALENT.  Time =     0.00 sec,direct,,rejected,rejected,original == NOT optimized
generated_multiplier_4,resub,new_n68,new_n26,0.8658854166666667,2,0.8333333333333334,0,non_exact_candidate,0,0,256,1,rejected,Networks are NOT EQUIVALENT.  Time =     0.00 sec,direct,,rejected,rejected,original == NOT optimized
generated_multiplier_4,resub,new_n68,new_n38,0.8658854166666667,3,0.8333333333333334,0,non_exact_candidate,0,0,256,1,rejected,Networks are NOT EQUIVALENT.  Time =     0.00 sec,direct,,rejected,rejected,original == NOT optimized
generated_multiplier_4,resub,new_n69,new_n102,0.9028125,2,1.0,0,non_exact_candidate,0,0,256,1,rejected,Networks are NOT EQUIVALENT.  Time =     0.00 sec,direct,,rejected,rejected,original == NOT optimized
generated_multiplier_4,resub,new_n69,new_n63,0.8941406250000001,3,1.0,0,non_exact_candidate,0,0,256,1,rejected,Networks are NOT EQUIVALENT.  Time =     0.00 sec,direct,,rejected,rejected,original == NOT optimized
generated_multiplier_4,resub,new_n69,new_n64,0.8855468750000001,4,1.0,0,non_exact_candidate,0,0,256,1,rejected,Networks are NOT EQUIVALENT.  Time =     0.00 sec,direct,,rejected,rejected,original == NOT optimized
generated_multiplier_4,resub,new_n69,new_n47,0.876953125,5,1.0,0,non_exact_candidate,0,0,256,1,rejected,Networks are NOT EQUIVALENT.  Time =     0.00 sec,direct,,rejected,rejected,original == NOT optimized
generated_multiplier_4,resub,new_n70,new_n73,0.903515625,2,1.0,0,non_exact_candidate,0,0,256,1,rejected,Networks are NOT EQUIVALENT.  Time =     0.00 sec,direct,,rejected,rejected,original == NOT optimized
generated_multiplier_4,resub,new_n71,new_n80,0.8882161458333333,2,1.0,0,non_exact_candidate,0,0,256,1,rejected,Networks are NOT EQUIVALENT.  Time =     0.00 sec,direct,,rejected,rejected,original == NOT optimized
generated_multiplier_4,resub,new_n71,new_n69,0.8774739583333334,3,1.0,0,non_exact_candidate,0,0,256,1,rejected,Networks are NOT EQUIVALENT.  Time =     0.00 sec,direct,,rejected,rejected,original == NOT optimized
generated_multiplier_4,resub,new_n71,new_n77,0.85390625,4,1.0,0,non_exact_candidate,0,0,256,1,rejected,Networks are NOT EQUIVALENT.  Time =     0.00 sec,direct,,rejected,rejected,original == NOT optimized
generated_multiplier_4,resub,new_n72,new_n99,0.9075520833333334,2,1.0,0,non_exact_candidate,0,0,256,1,rejected,Networks are NOT EQUIVALENT.  Time =     0.00 sec,direct,,rejected,rejected,original == NOT optimized
generated_multiplier_4,resub,new_n72,new_n100,0.9032552083333334,3,1.0,0,non_exact_candidate,0,0,256,1,rejected,Networks are NOT EQUIVALENT.  Time =     0.00 sec,direct,,rejected,rejected,original == NOT optimized
generated_multiplier_4,resub,new_n72,new_n120,0.8888671874999999,4,1.0,0,non_exact_candidate,0,0,256,1,rejected,Networks are NOT EQUIVALENT.  Time =     0.00 sec,direct,,rejected,rejected,original == NOT optimized
generated_multiplier_4,resub,new_n72,new_n91,0.8882161458333333,5,1.0,0,non_exact_candidate,0,0,256,1,rejected,Networks are NOT EQUIVALENT.  Time =     0.00 sec,direct,,rejected,rejected,original == NOT optimized
generated_multiplier_4,resub,new_n73,new_n70,0.8903645833333333,2,1.0,0,non_exact_candidate,0,0,256,1,rejected,Networks are NOT EQUIVALENT.  Time =     0.00 sec,direct,,rejected,rejected,original == NOT optimized
generated_multiplier_4,resub,new_n73,new_n93,0.8817708333333333,3,1.0,0,non_exact_candidate,0,0,256,1,rejected,Networks are NOT EQUIVALENT.  Time =     0.00 sec,direct,,rejected,rejected,original == NOT optimized
generated_multiplier_4,resub,new_n73,new_n106,0.8584375,4,1.0,0,non_exact_candidate,0,0,256,1,rejected,Networks are NOT EQUIVALENT.  Time =     0.00 sec,direct,,rejected,rejected,original == NOT optimized
generated_multiplier_4,resub,new_n73,new_n95,0.8562500000000001,5,1.0,0,non_exact_candidate,0,0,256,1,rejected,Networks are NOT EQUIVALENT.  Time =     0.00 sec,direct,,rejected,rejected,original == NOT optimized
generated_multiplier_4,resub,new_n75,new_n92,0.93125,2,1.0,0,non_exact_candidate,0,0,256,1,rejected,Networks are NOT EQUIVALENT.  Time =     0.00 sec,direct,,rejected,rejected,original == NOT optimized
generated_multiplier_4,resub,new_n75,new_n76,0.8882161458333333,3,1.0,0,non_exact_candidate,0,0,256,1,rejected,Networks are NOT EQUIVALENT.  Time =     0.00 sec,direct,,rejected,rejected,original == NOT optimized
generated_multiplier_4,resub,new_n75,new_n91,0.85390625,4,1.0,0,non_exact_candidate,0,0,256,1,rejected,Networks are NOT EQUIVALENT.  Time =     0.00 sec,direct,,rejected,rejected,original == NOT optimized
generated_multiplier_4,resub,new_n76,new_n84,0.8645833333333334,2,1.0,0,non_exact_candidate,0,0,256,1,rejected,Networks are NOT EQUIVALENT.  Time =     0.00 sec,direct,,rejected,rejected,original == NOT optimized
generated_multiplier_4,resub,new_n76,new_n91,0.8624999999999999,3,1.0,0,non_exact_candidate,0,0,256,1,rejected,Networks are NOT EQUIVALENT.  Time =     0.00 sec,direct,,rejected,rejected,original == NOT optimized
generated_multiplier_4,resub,new_n76,new_n92,0.8624999999999999,4,1.0,0,non_exact_candidate,0,0,256,1,rejected,Networks are NOT EQUIVALENT.  Time =     0.00 sec,direct,,rejected,rejected,original == NOT optimized
generated_multiplier_4,resub,new_n76,new_n123,0.851953125,5,1.0,0,non_exact_candidate,0,0,256,1,rejected,Networks are NOT EQUIVALENT.  Time =     0.00 sec,direct,,rejected,rejected,original == NOT optimized
generated_multiplier_4,resub,new_n79,new_n81,0.8645833333333334,2,1.0,0,non_exact_candidate,0,0,256,1,rejected,Networks are NOT EQUIVALENT.  Time =     0.00 sec,direct,,rejected,rejected,original == NOT optimized
generated_multiplier_4,resub,new_n80,new_n123,0.8597656250000001,2,1.0,0,non_exact_candidate,0,0,256,1,rejected,Networks are NOT EQUIVALENT.  Time =     0.00 sec,direct,,rejected,rejected,original == NOT optimized
generated_multiplier_4,resub,new_n82,new_n120,0.868359375,2,1.0,0,non_exact_candidate,0,0,256,1,rejected,Networks are NOT EQUIVALENT.  Time =     0.00 sec,direct,,rejected,rejected,original == NOT optimized
generated_multiplier_4,resub,new_n82,new_n123,0.868359375,3,1.0,0,non_exact_candidate,0,0,256,1,rejected,Networks are NOT EQUIVALENT.  Time =     0.00 sec,direct,,rejected,rejected,original == NOT optimized
generated_multiplier_4,resub,new_n82,new_n90,0.8624999999999999,4,1.0,0,non_exact_candidate,0,0,256,1,rejected,Networks are NOT EQUIVALENT.  Time =     0.00 sec,direct,,rejected,rejected,original == NOT optimized
generated_multiplier_4,resub,new_n82,new_n121,0.8597656250000001,5,1.0,0,non_exact_candidate,0,0,256,1,rejected,Networks are NOT EQUIVALENT.  Time =     0.00 sec,direct,,rejected,rejected,original == NOT optimized
generated_multiplier_4,resub,new_n85,new_n96,0.945703125,2,1.0,0,non_exact_candidate,0,0,256,1,rejected,Networks are NOT EQUIVALENT.  Time =     0.00 sec,direct,,rejected,rejected,original == NOT optimized
generated_multiplier_4,resub,new_n85,new_n121,0.902734375,3,1.0,0,non_exact_candidate,0,0,256,1,rejected,Networks are NOT EQUIVALENT.  Time =     0.00 sec,direct,,rejected,rejected,original == NOT optimized
generated_multiplier_4,resub,new_n85,new_n120,0.8941406250000001,4,1.0,0,non_exact_candidate,0,0,256,1,rejected,Networks are NOT EQUIVALENT.  Time =     0.00 sec,direct,,rejected,rejected,original == NOT optimized
generated_multiplier_4,resub,new_n85,new_n123,0.8812500000000001,5,1.0,0,non_exact_candidate,0,0,256,1,rejected,Networks are NOT EQUIVALENT.  Time =     0.00 sec,direct,,rejected,rejected,original == NOT optimized
generated_multiplier_4,resub,new_n87,new_n123,0.896875,2,1.0,0,non_exact_candidate,0,0,256,1,rejected,Networks are NOT EQUIVALENT.  Time =     0.00 sec,direct,,rejected,rejected,original == NOT optimized
generated_multiplier_4,resub,new_n87,new_n91,0.886328125,3,1.0,0,non_exact_candidate,0,0,256,1,rejected,Networks are NOT EQUIVALENT.  Time =     0.00 sec,direct,,rejected,rejected,original == NOT optimized
generated_multiplier_4,resub,new_n87,new_n92,0.886328125,4,1.0,0,non_exact_candidate,0,0,256,1,rejected,Networks are NOT EQUIVALENT.  Time =     0.00 sec,direct,,rejected,rejected,original == NOT optimized
generated_multiplier_4,resub,new_n87,new_n104,0.8641406250000001,5,1.0,0,non_exact_candidate,0,0,256,1,rejected,Networks are NOT EQUIVALENT.  Time =     0.00 sec,direct,,rejected,rejected,original == NOT optimized
generated_multiplier_4,resub,new_n88,new_n93,0.9078125,2,1.0,0,non_exact_candidate,0,0,256,1,rejected,Networks are NOT EQUIVALENT.  Time =     0.00 sec,direct,,rejected,rejected,original == NOT optimized
generated_multiplier_4,resub,new_n88,new_n98,0.8731770833333333,3,1.0,0,non_exact_candidate,0,0,256,1,rejected,Networks are NOT EQUIVALENT.  Time =     0.00 sec,direct,,rejected,rejected,original == NOT optimized
generated_multiplier_4,resub,new_n88,new_n106,0.85984375,4,1.0,0,non_exact_candidate,0,0,256,1,rejected,Networks are NOT EQUIVALENT.  Time =     0.00 sec,direct,,rejected,rejected,original == NOT optimized
generated_multiplier_4,resub,new_n89,new_n121,0.952734375,2,1.0,0,non_exact_candidate,0,0,256,1,rejected,Networks are NOT EQUIVALENT.  Time =     0.00 sec,direct,,rejected,rejected,original == NOT optimized
generated_multiplier_4,resub,new_n89,new_n90,0.945703125,3,1.0,0,non_exact_candidate,0,0,256,1,rejected,Networks are NOT EQUIVALENT.  Time =     0.00 sec,direct,,rejected,rejected,original == NOT optimized
generated_multiplier_4,resub,new_n89,new_n120,0.93984375,4,1.0,0,non_exact_candidate,0,0,256,1,rejected,Networks are NOT EQUIVALENT.  Time =     0.00 sec,direct,,rejected,rejected,original == NOT optimized
generated_multiplier_4,resub,new_n89,new_n105,0.8731770833333333,5,1.0,0,non_exact_candidate,0,0,256,1,rejected,Networks are NOT EQUIVALENT.  Time =     0.00 sec,direct,,rejected,rejected,original == NOT optimized
generated_multiplier_4,resub,new_n90,new_n120,0.88828125,2,1.0,0,non_exact_candidate,0,0,256,1,rejected,Networks are NOT EQUIVALENT.  Time =     0.00 sec,direct,,rejected,rejected,original == NOT optimized
generated_multiplier_4,resub,new_n90,new_n121,0.8796875000000001,3,1.0,0,non_exact_candidate,0,0,256,1,rejected,Networks are NOT EQUIVALENT.  Time =     0.00 sec,direct,,rejected,rejected,original == NOT optimized
generated_multiplier_4,resub,new_n90,new_n104,0.8774739583333334,4,1.0,0,non_exact_candidate,0,0,256,1,rejected,Networks are NOT EQUIVALENT.  Time =     0.00 sec,direct,,rejected,rejected,original == NOT optimized
generated_multiplier_4,resub,new_n90,new_n91,0.8565104166666667,5,1.0,0,non_exact_candidate,0,0,256,1,rejected,Networks are NOT EQUIVALENT.  Time =     0.00 sec,direct,,rejected,rejected,original == NOT optimized
generated_multiplier_4,resub,new_n91,new_n106,0.9075520833333334,2,1.0,0,non_exact_candidate,0,0,256,1,rejected,Networks are NOT EQUIVALENT.  Time =     0.00 sec,direct,,rejected,rejected,original == NOT optimized
generated_multiplier_4,resub,new_n91,new_n95,0.85984375,3,1.0,0,non_exact_candidate,0,0,256,1,rejected,Networks are NOT EQUIVALENT.  Time =     0.00 sec,direct,,rejected,rejected,original == NOT optimized
generated_multiplier_4,resub,new_n91,new_n127,0.85234375,4,1.0,0,non_exact_candidate,0,0,256,1,rejected,Networks are NOT EQUIVALENT.  Time =     0.00 sec,direct,,rejected,rejected,original == NOT optimized
generated_multiplier_4,resub,new_n91,new_n117,0.8512500000000001,5,1.0,0,non_exact_candidate,0,0,256,1,rejected,Networks are NOT EQUIVALENT.  Time =     0.00 sec,direct,,rejected,rejected,original == NOT optimized
generated_multiplier_4,resub,new_n92,new_n72,0.891015625,2,1.0,0,non_exact_candidate,0,0,256,1,rejected,Networks are NOT EQUIVALENT.  Time =     0.00 sec,direct,,rejected,rejected,original == NOT optimized
generated_multiplier_4,resub,new_n92,new_n63,0.8777343750000001,3,1.0,0,non_exact_candidate,0,0,256,1,rejected,Networks are NOT EQUIVALENT.  Time =     0.00 sec,direct,,rejected,rejected,original == NOT optimized
generated_multiplier_4,resub,new_n92,new_n99,0.8745442708333334,4,0.875,0,non_exact_candidate,0,0,256,1,rejected,Networks are NOT EQUIVALENT.  Time =     0.00 sec,direct,,rejected,rejected,original == NOT optimized
generated_multiplier_4,resub,new_n92,new_n100,0.8702473958333333,5,0.875,0,non_exact_candidate,0,0,256,1,rejected,Networks are NOT EQUIVALENT.  Time =     0.00 sec,direct,,rejected,rejected,original == NOT optimized
generated_multiplier_4,resub,new_n93,new_n99,0.91640625,2,1.0,0,non_exact_candidate,0,0,256,1,rejected,Networks are NOT EQUIVALENT.  Time =     0.00 sec,direct,,rejected,rejected,original == NOT optimized
generated_multiplier_4,resub,new_n93,new_n77,0.915625,3,1.0,0,non_exact_candidate,0,0,256,1,rejected,Networks are NOT EQUIVALENT.  Time =     0.00 sec,direct,,rejected,rejected,original == NOT optimized
generated_multiplier_4,resub,new_n93,new_n121,0.9078404017857142,4,1.0,0,non_exact_candidate,0,0,256,1,rejected,Networks are NOT EQUIVALENT.  Time =     0.00 sec,direct,,rejected,rejected,original == NOT optimized
generated_multiplier_4,resub,new_n93,new_n123,0.9049609375,5,1.0,0,non_exact_candidate,0,0,256,1,rejected,Networks are NOT EQUIVALENT.  Time =     0.00 sec,direct,,rejected,rejected,original == NOT optimized
generated_multiplier_4,resub,new_n94,new_n101,0.9142578125,2,1.0,0,non_exact_candidate,0,0,256,1,rejected,Networks are NOT EQUIVALENT.  Time =     0.00 sec,direct,,rejected,rejected,original == NOT optimized
generated_multiplier_4,resub,new_n94,new_n124,0.908203125,3,1.0,0,non_exact_candidate,0,0,256,1,rejected,Networks are NOT EQUIVALENT.  Time =     0.00 sec,direct,,rejected,rejected,original == NOT optimized
generated_multiplier_4,resub,new_n94,new_n122,0.8992466517857143,4,1.0,0,non_exact_candidate,0,0,256,1,rejected,Networks are NOT EQUIVALENT.  Time =     0.00 sec,direct,,rejected,rejected,original == NOT optimized
generated_multiplier_4,resub,new_n95,new_n97,0.8774739583333334,2,1.0,0,non_exact_candidate,0,0,256,1,rejected,Networks are NOT EQUIVALENT.  Time =     0.00 sec,direct,,rejected,rejected,original == NOT optimized
generated_multiplier_4,resub,new_n95,new_n108,0.8753255208333334,3,1.0,0,non_exact_candidate,0,0,256,1,rejected,Networks are NOT EQUIVALENT.  Time =     0.00 sec,direct,,rejected,rejected,original == NOT optimized
generated_multiplier_4,resub,new_n95,new_n125,0.8651041666666667,4,1.0,0,non_exact_candidate,0,0,256,1,rejected,Networks are NOT EQUIVALENT.  Time =     0.00 sec,direct,,rejected,rejected,original == NOT optimized
generated_multiplier_4,resub,new_n95,new_n105,0.85390625,5,1.0,0,non_exact_candidate,0,0,256,1,rejected,Networks are NOT EQUIVALENT.  Time =     0.00 sec,direct,,rejected,rejected,original == NOT optimized
generated_multiplier_4,resub,new_n96,new_n135,0.9328125,2,1.0,0,non_exact_candidate,0,0,256,1,rejected,Networks are NOT EQUIVALENT.  Time =     0.00 sec,direct,,rejected,rejected,original == NOT optimized
generated_multiplier_4,resub,new_n96,new_n120,0.9290364583333334,3,1.0,0,non_exact_candidate,0,0,256,1,rejected,Networks are NOT EQUIVALENT.  Time =     0.00 sec,direct,,rejected,rejected,original == NOT optimized
generated_multiplier_4,resub,new_n96,new_n121,0.9204427083333332,4,1.0,0,non_exact_candidate,0,0,256,1,rejected,Networks are NOT EQUIVALENT.  Time =     0.00 sec,direct,,rejected,rejected,original == NOT optimized
generated_multiplier_4,resub,new_n96,new_n123,0.907109375,5,1.0,0,non_exact_candidate,0,0,256,1,rejected,Networks are NOT EQUIVALENT.  Time =     0.00 sec,direct,,rejected,rejected,original == NOT optimized
generated_multiplier_4,resub,new_n97,new_n98,0.9075520833333334,2,1.0,0,non_exact_candidate,0,0,256,1,rejected,Networks are NOT EQUIVALENT.  Time =     0.00 sec,direct,,rejected,rejected,original == NOT optimized
generated_multiplier_4,resub,new_n97,new_n117,0.8860677083333334,3,1.0,0,non_exact_candidate,0,0,256,1,rejected,Networks are NOT EQUIVALENT.  Time =     0.00 sec,direct,,rejected,rejected,original == NOT optimized
generated_multiplier_4,resub,new_n97,new_n119,0.860546875,4,1.0,0,non_exact_candidate,0,0,256,1,rejected,Networks are NOT EQUIVALENT.  Time =     0.00 sec,direct,,rejected,rejected,original == NOT optimized
generated_multiplier_4,resub,new_n97,new_n78,0.8584375,5,1.0,0,non_exact_candidate,0,0,256,1,rejected,Networks are NOT EQUIVALENT.  Time =     0.00 sec,direct,,rejected,rejected,original == NOT optimized
generated_multiplier_4,resub,new_n99,new_n116,0.935546875,2,1.0,0,non_exact_candidate,0,0,256,1,rejected,Networks are NOT EQUIVALENT.  Time =     0.00 sec,direct,,rejected,rejected,original == NOT optimized
generated_multiplier_4,resub,new_n99,new_n104,0.8753255208333334,3,1.0,0,non_exact_candidate,0,0,256,1,rejected,Networks are NOT EQUIVALENT.  Time =     0.00 sec,direct,,rejected,rejected,original == NOT optimized
generated_multiplier_4,resub,new_n99,new_n115,0.85390625,4,1.0,0,non_exact_candidate,0,0,256,1,rejected,Networks are NOT EQUIVALENT.  Time =     0.00 sec,direct,,rejected,rejected,original == NOT optimized
generated_multiplier_4,resub,new_n100,new_n135,0.8791015625,2,1.0,0,non_exact_candidate,0,0,256,1,rejected,Networks are NOT EQUIVALENT.  Time =     0.00 sec,direct,,rejected,rejected,original == NOT optimized
generated_multiplier_4,resub,new_n100,new_n112,0.8688802083333333,3,1.0,0,non_exact_candidate,0,0,256,1,rejected,Networks are NOT EQUIVALENT.  Time =     0.00 sec,direct,,rejected,rejected,original == NOT optimized
generated_multiplier_4,resub,new_n100,new_n115,0.8624999999999999,4,1.0,0,non_exact_candidate,0,0,256,1,rejected,Networks are NOT EQUIVALENT.  Time =     0.00 sec,direct,,rejected,rejected,original == NOT optimized
generated_multiplier_4,resub,new_n100,new_n116,0.8624999999999999,5,1.0,0,non_exact_candidate,0,0,256,1,rejected,Networks are NOT EQUIVALENT.  Time =     0.00 sec,direct,,rejected,rejected,original == NOT optimized
generated_multiplier_4,resub,new_n103,new_n109,0.8688802083333333,2,1.0,0,non_exact_candidate,0,0,256,1,rejected,Networks are NOT EQUIVALENT.  Time =     0.00 sec,direct,,rejected,rejected,original == NOT optimized
generated_multiplier_4,resub,new_n104,new_n126,0.8705078125000001,2,1.0,0,non_exact_candidate,0,0,256,1,rejected,Networks are NOT EQUIVALENT.  Time =     0.00 sec,direct,,rejected,rejected,original == NOT optimized
generated_multiplier_4,resub,new_n104,new_n132,0.8619140625000001,3,1.0,0,non_exact_candidate,0,0,256,1,rejected,Networks are NOT EQUIVALENT.  Time =     0.00 sec,direct,,rejected,rejected,original == NOT optimized
generated_multiplier_4,resub,new_n106,new_n116,0.918359375,2,1.0,0,non_exact_candidate,0,0,256,1,rejected,Networks are NOT EQUIVALENT.  Time =     0.00 sec,direct,,rejected,rejected,original == NOT optimized
generated_multiplier_4,resub,new_n106,new_n135,0.8791015625,3,1.0,0,non_exact_candidate,0,0,256,1,rejected,Networks are NOT EQUIVALENT.  Time =     0.00 sec,direct,,rejected,rejected,original == NOT optimized
generated_multiplier_4,resub,new_n106,new_n125,0.8755859375,4,1.0,0,non_exact_candidate,0,0,256,1,rejected,Networks are NOT EQUIVALENT.  Time =     0.00 sec,direct,,rejected,rejected,original == NOT optimized
generated_multiplier_4,resub,new_n106,new_n105,0.8753255208333334,5,1.0,0,non_exact_candidate,0,0,256,1,rejected,Networks are NOT EQUIVALENT.  Time =     0.00 sec,direct,,rejected,rejected,original == NOT optimized
generated_multiplier_4,resub,new_n107,new_n108,0.935546875,2,1.0,0,non_exact_candidate,0,0,256,1,rejected,Networks are NOT EQUIVALENT.  Time =     0.00 sec,direct,,rejected,rejected,original == NOT optimized
generated_multiplier_4,resub,new_n107,new_n115,0.918359375,3,1.0,0,non_exact_candidate,0,0,256,1,rejected,Networks are NOT EQUIVALENT.  Time =     0.00 sec,direct,,rejected,rejected,original == NOT optimized
generated_multiplier_4,resub,new_n107,new_n135,0.8791015625,4,1.0,0,non_exact_candidate,0,0,256,1,rejected,Networks are NOT EQUIVALENT.  Time =     0.00 sec,direct,,rejected,rejected,original == NOT optimized
generated_multiplier_4,resub,new_n107,new_n125,0.8755859375,5,1.0,0,non_exact_candidate,0,0,256,1,rejected,Networks are NOT EQUIVALENT.  Time =     0.00 sec,direct,,rejected,rejected,original == NOT optimized
generated_multiplier_4,resub,new_n108,new_n119,0.9328125,2,1.0,0,non_exact_candidate,0,0,256,1,rejected,Networks are NOT EQUIVALENT.  Time =     0.00 sec,direct,,rejected,rejected,original == NOT optimized
generated_multiplier_4,resub,new_n108,new_n127,0.903515625,3,1.0,0,non_exact_candidate,0,0,256,1,rejected,Networks are NOT EQUIVALENT.  Time =     0.00 sec,direct,,rejected,rejected,original == NOT optimized
generated_multiplier_4,resub,new_n108,new_n106,0.8860677083333334,4,1.0,0,non_exact_candidate,0,0,256,1,rejected,Networks are NOT EQUIVALENT.  Time =     0.00 sec,direct,,rejected,rejected,original == NOT optimized
generated_multiplier_4,resub,new_n108,new_n134,0.8562500000000001,5,1.0,0,non_exact_candidate,0,0,256,1,rejected,Networks are NOT EQUIVALENT.  Time =     0.00 sec,direct,,rejected,rejected,original == NOT optimized
generated_multiplier_4,resub,new_n110,new_n117,0.9328125,2,1.0,0,non_exact_candidate,0,0,256,1,rejected,Networks are NOT EQUIVALENT.  Time =     0.00 sec,direct,,rejected,rejected,original == NOT optimized
generated_multiplier_4,resub,new_n110,new_n127,0.9075520833333334,3,1.0,0,non_exact_candidate,0,0,256,1,rejected,Networks are NOT EQUIVALENT.  Time =     0.00 sec,direct,,rejected,rejected,original == NOT optimized
generated_multiplier_4,resub,new_n110,new_n134,0.8817708333333333,4,1.0,0,non_exact_candidate,0,0,256,1,rejected,Networks are NOT EQUIVALENT.  Time =     0.00 sec,direct,,rejected,rejected,original == NOT optimized
generated_multiplier_4,resub,new_n110,new_n106,0.860546875,5,1.0,0,non_exact_candidate,0,0,256,1,rejected,Networks are NOT EQUIVALENT.  Time =     0.00 sec,direct,,rejected,rejected,original == NOT optimized
generated_multiplier_4,resub,new_n111,new_n121,0.978515625,2,1.0,0,non_exact_candidate,0,0,256,1,rejected,Networks are NOT EQUIVALENT.  Time =     0.00 sec,direct,,rejected,rejected,original == NOT optimized
generated_multiplier_4,resub,new_n111,new_n96,0.93125,4,1.0,0,non_exact_candidate,0,0,256,1,rejected,Networks are NOT EQUIVALENT.  Time =     0.00 sec,direct,,rejected,rejected,original == NOT optimized
generated_multiplier_4,resub,new_n111,new_n105,0.9204427083333332,5,1.0,0,non_exact_candidate,0,0,256,1,rejected,Networks are NOT EQUIVALENT.  Time =     0.00 sec,direct,,rejected,rejected,original == NOT optimized
generated_multiplier_4,resub,new_n112,new_n105,0.9349609375,2,1.0,0,non_exact_candidate,0,0,256,1,rejected,Networks are NOT EQUIVALENT.  Time =     0.00 sec,direct,,rejected,rejected,original == NOT optimized
generated_multiplier_4,resub,new_n112,new_n121,0.9228515625,3,1.0,0,non_exact_candidate,0,0,256,1,rejected,Networks are NOT EQUIVALENT.  Time =     0.00 sec,direct,,rejected,rejected,original == NOT optimized
generated_multiplier_4,resub,new_n112,new_n120,0.9142578125,4,1.0,0,non_exact_candidate,0,0,256,1,rejected,Networks are NOT EQUIVALENT.  Time =     0.00 sec,direct,,rejected,rejected,original == NOT optimized
generated_multiplier_4,resub,new_n112,new_n126,0.9092578125,5,1.0,0,non_exact_candidate,0,0,256,1,rejected,Networks are NOT EQUIVALENT.  Time =     0.00 sec,direct,,rejected,rejected,original == NOT optimized
generated_multiplier_4,resub,new_n113,new_n122,0.9142578125,2,1.0,0,non_exact_candidate,0,0,256,1,rejected,Networks are NOT EQUIVALENT.  Time =     0.00 sec,direct,,rejected,rejected,original == NOT optimized
generated_multiplier_4,resub,new_n113,new_n103,0.9040364583333332,3,1.0,0,non_exact_candidate,0,0,256,1,rejected,Networks are NOT EQUIVALENT.  Time =     0.00 sec,direct,,rejected,rejected,original == NOT optimized
generated_multiplier_4,resub,new_n113,new_n101,0.8969501201923077,4,1.0,0,non_exact_candidate,0,0,256,1,rejected,Networks are NOT EQUIVALENT.  Time =     0.00 sec,direct,,rejected,rejected,original == NOT optimized
generated_multiplier_4,resub,new_n113,new_n134,0.855546875,5,1.0,0,non_exact_candidate,0,0,256,1,rejected,Networks are NOT EQUIVALENT.  Time =     0.00 sec,direct,,rejected,rejected,original == NOT optimized
generated_multiplier_4,resub,new_n114,new_n133,0.935546875,2,1.0,0,non_exact_candidate,0,0,256,1,rejected,Networks are NOT EQUIVALENT.  Time =     0.00 sec,direct,,rejected,rejected,original == NOT optimized
generated_multiplier_4,resub,new_n114,new_n126,0.8839843749999999,3,1.0,0,non_exact_candidate,0,0,256,1,rejected,Networks are NOT EQUIVALENT.  Time =     0.00 sec,direct,,rejected,rejected,original == NOT optimized
generated_multiplier_4,resub,new_n114,new_n132,0.8839843749999999,4,1.0,0,non_exact_candidate,0,0,256,1,rejected,Networks are NOT EQUIVALENT.  Time =     0.00 sec,direct,,rejected,rejected,original == NOT optimized
generated_multiplier_4,resub,new_n114,new_n115,0.8755859375,5,1.0,0,non_exact_candidate,0,0,256,1,rejected,Networks are NOT EQUIVALENT.  Time =     0.00 sec,direct,,rejected,rejected,original == NOT optimized
generated_multiplier_4,resub,new_n115,new_n132,0.97421875,2,1.0,0,non_exact_candidate,0,0,256,1,rejected,Networks are NOT EQUIVALENT.  Time =     0.00 sec,direct,,rejected,rejected,original == NOT optimized
generated_multiplier_4,resub,new_n115,new_n133,0.92265625,3,1.0,0,non_exact_candidate,0,0,256,1,rejected,Networks are NOT EQUIVALENT.  Time =     0.00 sec,direct,,rejected,rejected,original == NOT optimized
generated_multiplier_4,resub,new_n115,new_n121,0.90390625,4,1.0,0,non_exact_candidate,0,0,256,1,rejected,Networks are NOT EQUIVALENT.  Time =     0.00 sec,direct,,rejected,rejected,original == NOT optimized
generated_multiplier_4,resub,new_n115,new_n105,0.8994791666666667,5,1.0,0,non_exact_candidate,0,0,256,1,rejected,Networks are NOT EQUIVALENT.  Time =     0.00 sec,direct,,rejected,rejected,original == NOT optimized
generated_multiplier_4,resub,new_n116,new_n134,0.92265625,2,1.0,0,non_exact_candidate,0,0,256,1,rejected,Networks are NOT EQUIVALENT.  Time =     0.00 sec,direct,,rejected,rejected,original == NOT optimized
generated_multiplier_4,resub,new_n116,new_n119,0.9075520833333334,3,1.0,0,non_exact_candidate,0,0,256,1,rejected,Networks are NOT EQUIVALENT.  Time =     0.00 sec,direct,,rejected,rejected,original == NOT optimized
generated_multiplier_4,resub,new_n116,new_n117,0.903515625,4,1.0,0,non_exact_candidate,0,0,256,1,rejected,Networks are NOT EQUIVALENT.  Time =     0.00 sec,direct,,rejected,rejected,original == NOT optimized
generated_multiplier_4,resub,new_n116,new_n98,0.85234375,5,1.0,0,non_exact_candidate,0,0,256,1,rejected,Networks are NOT EQUIVALENT.  Time =     0.00 sec,direct,,rejected,rejected,original == NOT optimized
generated_multiplier_4,resub,new_n118,new_n126,0.8774739583333334,2,1.0,0,non_exact_candidate,0,0,256,1,rejected,Networks are NOT EQUIVALENT.  Time =     0.00 sec,direct,,rejected,rejected,original == NOT optimized
generated_multiplier_4,resub,new_n118,new_n125,0.8731770833333333,3,1.0,0,non_exact_candidate,0,0,256,1,rejected,Networks are NOT EQUIVALENT.  Time =     0.00 sec,direct,,rejected,rejected,original == NOT optimized
generated_multiplier_4,resub,new_n118,new_n132,0.8602864583333333,4,1.0,0,non_exact_candidate,0,0,256,1,rejected,Networks are NOT EQUIVALENT.  Time =     0.00 sec,direct,,rejected,rejected,original == NOT optimized
generated_multiplier_4,resub,new_n118,new_n130,0.8582031250000001,5,1.0,0,non_exact_candidate,0,0,256,1,rejected,Networks are NOT EQUIVALENT.  Time =     0.00 sec,direct,,rejected,rejected,original == NOT optimized
generated_multiplier_4,resub,new_n119,new_n132,0.8645833333333334,2,1.0,0,non_exact_candidate,0,0,256,1,rejected,Networks are NOT EQUIVALENT.  Time =     0.00 sec,direct,,rejected,rejected,original == NOT optimized
generated_multiplier_4,resub,new_n119,new_n129,0.8582031250000001,3,1.0,0,non_exact_candidate,0,0,256,1,rejected,Networks are NOT EQUIVALENT.  Time =     0.00 sec,direct,,rejected,rejected,original == NOT optimized
generated_multiplier_4,resub,new_n121,new_n126,0.97421875,2,1.0,0,non_exact_candidate,0,0,256,1,rejected,Networks are NOT EQUIVALENT.  Time =     0.00 sec,direct,,rejected,rejected,original == NOT optimized
generated_multiplier_4,resub,new_n121,new_n133,0.9484375,3,1.0,0,non_exact_candidate,0,0,256,1,rejected,Networks are NOT EQUIVALENT.  Time =     0.00 sec,direct,,rejected,rejected,original == NOT optimized
generated_multiplier_4,resub,new_n121,new_n135,0.915703125,4,1.0,0,non_exact_candidate,0,0,256,1,rejected,Networks are NOT EQUIVALENT.  Time =     0.00 sec,direct,,rejected,rejected,original == NOT optimized
generated_multiplier_4,resub,new_n121,new_n120,0.90390625,5,1.0,0,non_exact_candidate,0,0,256,1,rejected,Networks are NOT EQUIVALENT.  Time =     0.00 sec,direct,,rejected,rejected,original == NOT optimized
generated_multiplier_4,resub,new_n122,new_n132,0.9484375,2,1.0,0,non_exact_candidate,0,0,256,1,rejected,Networks are NOT EQUIVALENT.  Time =     0.00 sec,direct,,rejected,rejected,original == NOT optimized
generated_multiplier_4,resub,new_n122,new_n125,0.935546875,3,1.0,0,non_exact_candidate,0,0,256,1,rejected,Networks are NOT EQUIVALENT.  Time =     0.00 sec,direct,,rejected,rejected,original == NOT optimized
generated_multiplier_4,resub,new_n122,new_n126,0.92265625,4,1.0,0,non_exact_candidate,0,0,256,1,rejected,Networks are NOT EQUIVALENT.  Time =     0.00 sec,direct,,rejected,rejected,original == NOT optimized
generated_multiplier_4,resub,new_n122,new_n115,0.8669921875000001,5,1.0,0,non_exact_candidate,0,0,256,1,rejected,Networks are NOT EQUIVALENT.  Time =     0.00 sec,direct,,rejected,rejected,original == NOT optimized
generated_multiplier_4,resub,new_n123,new_n127,0.92265625,2,1.0,0,non_exact_candidate,0,0,256,1,rejected,Networks are NOT EQUIVALENT.  Time =     0.00 sec,direct,,rejected,rejected,original == NOT optimized
generated_multiplier_4,resub,new_n123,new_n119,0.8817708333333333,3,1.0,0,non_exact_candidate,0,0,256,1,rejected,Networks are NOT EQUIVALENT.  Time =     0.00 sec,direct,,rejected,rejected,original == NOT optimized
generated_multiplier_4,resub,new_n123,new_n117,0.8562500000000001,4,1.0,0,non_exact_candidate,0,0,256,1,rejected,Networks are NOT EQUIVALENT.  Time =     0.00 sec,direct,,rejected,rejected,original == NOT optimized
generated_multiplier_4,resub,new_n124,new_n132,0.9290364583333334,2,1.0,0,non_exact_candidate,0,0,256,1,rejected,Networks are NOT EQUIVALENT.  Time =     0.00 sec,direct,,rejected,rejected,original == NOT optimized
generated_multiplier_4,resub,new_n124,new_n126,0.9118489583333332,3,1.0,0,non_exact_candidate,0,0,256,1,rejected,Networks are NOT EQUIVALENT.  Time =     0.00 sec,direct,,rejected,rejected,original == NOT optimized
generated_multiplier_4,resub,new_n124,new_n105,0.9078125,4,1.0,0,non_exact_candidate,0,0,256,1,rejected,Networks are NOT EQUIVALENT.  Time =     0.00 sec,direct,,rejected,rejected,original == NOT optimized
generated_multiplier_4,resub,new_n124,new_n120,0.9037760416666668,5,1.0,0,non_exact_candidate,0,0,256,1,rejected,Networks are NOT EQUIVALENT.  Time =     0.00 sec,direct,,rejected,rejected,original == NOT optimized
generated_multiplier_4,resyn,new_n20,new_n24,0.8624999999999999,2,1.0,0,non_exact_candidate,0,0,256,1,rejected,Networks are NOT EQUIVALENT.  Time =     0.00 sec,direct,,rejected,rejected,original == NOT optimized
generated_multiplier_4,resyn,new_n21,new_n24,0.8624999999999999,2,1.0,0,non_exact_candidate,0,0,256,1,rejected,Networks are NOT EQUIVALENT.  Time =     0.00 sec,direct,,rejected,rejected,original == NOT optimized
generated_multiplier_4,resyn,new_n26,new_n21,0.8624999999999999,2,1.0,0,non_exact_candidate,0,0,256,1,rejected,Networks are NOT EQUIVALENT.  Time =     0.00 sec,direct,,rejected,rejected,original == NOT optimized
generated_multiplier_4,resyn,new_n26,new_n24,0.8624999999999999,3,1.0,0,non_exact_candidate,0,0,256,1,rejected,Networks are NOT EQUIVALENT.  Time =     0.00 sec,direct,,rejected,rejected,original == NOT optimized
generated_multiplier_4,resyn,new_n27,new_n30,0.9161458333333332,2,1.0,0,non_exact_candidate,0,0,256,1,rejected,Networks are NOT EQUIVALENT.  Time =     0.00 sec,direct,,rejected,rejected,original == NOT optimized
generated_multiplier_4,resyn,new_n27,new_n38,0.896875,3,1.0,0,non_exact_candidate,0,0,256,1,rejected,Networks are NOT EQUIVALENT.  Time =     0.00 sec,direct,,rejected,rejected,original == NOT optimized
generated_multiplier_4,resyn,new_n27,new_n26,0.8624999999999999,4,1.0,0,non_exact_candidate,0,0,256,1,rejected,Networks are NOT EQUIVALENT.  Time =     0.00 sec,direct,,rejected,rejected,original == NOT optimized
generated_multiplier_4,resyn,new_n28,new_n26,0.896875,2,1.0,0,non_exact_candidate,0,0,256,1,rejected,Networks are NOT EQUIVALENT.  Time =     0.00 sec,direct,,rejected,rejected,original == NOT optimized
generated_multiplier_4,resyn,new_n28,new_n38,0.896875,3,1.0,0,non_exact_candidate,0,0,256,1,rejected,Networks are NOT EQUIVALENT.  Time =     0.00 sec,direct,,rejected,rejected,original == NOT optimized
generated_multiplier_4,resyn,new_n29,new_n28,0.8624999999999999,2,1.0,0,non_exact_candidate,0,0,256,1,rejected,Networks are NOT EQUIVALENT.  Time =     0.00 sec,direct,,rejected,rejected,original == NOT optimized
generated_multiplier_4,resyn,new_n30,new_n43,0.91640625,2,1.0,0,non_exact_candidate,0,0,256,1,rejected,Networks are NOT EQUIVALENT.  Time =     0.00 sec,direct,,rejected,rejected,original == NOT optimized
generated_multiplier_4,resyn,new_n30,new_n71,0.88203125,3,1.0,0,non_exact_candidate,0,0,256,1,rejected,Networks are NOT EQUIVALENT.  Time =     0.00 sec,direct,,rejected,rejected,original == NOT optimized
generated_multiplier_4,resyn,new_n37,new_n26,0.8628125,3,0.8,0,non_exact_candidate,0,0,256,1,rejected,Networks are NOT EQUIVALENT.  Time =     0.00 sec,direct,,rejected,rejected,original == NOT optimized
generated_multiplier_4,resyn,new_n37,new_n38,0.8628125,4,0.8,0,non_exact_candidate,0,0,256,1,rejected,Networks are NOT EQUIVALENT.  Time =     0.00 sec,direct,,rejected,rejected,original == NOT optimized
generated_multiplier_4,resyn,new_n37,new_n20,0.8624999999999999,5,1.0,0,non_exact_candidate,0,0,256,1,rejected,Networks are NOT EQUIVALENT.  Time =     0.00 sec,direct,,rejected,rejected,original == NOT optimized
generated_multiplier_4,resyn,new_n38,new_n38,0.8628125,2,0.8,0,non_exact_candidate,0,0,256,1,rejected,Networks are NOT EQUIVALENT.  Time =     0.00 sec,direct,,rejected,rejected,original == NOT optimized
generated_multiplier_4,resyn,new_n39,new_n40,0.9328125,2,1.0,0,non_exact_candidate,0,0,256,1,rejected,Networks are NOT EQUIVALENT.  Time =     0.00 sec,direct,,rejected,rejected,original == NOT optimized
generated_multiplier_4,resyn,new_n40,new_n37,0.90703125,2,1.0,0,non_exact_candidate,0,0,256,1,rejected,Networks are NOT EQUIVALENT.  Time =     0.00 sec,direct,,rejected,rejected,original == NOT optimized
generated_multiplier_4,resyn,new_n40,new_n43,0.8817708333333333,3,1.0,0,non_exact_candidate,0,0,256,1,rejected,Networks are NOT EQUIVALENT.  Time =     0.00 sec,direct,,rejected,rejected,original == NOT optimized
generated_multiplier_4,resyn,new_n40,new_n44,0.8817708333333333,4,1.0,0,non_exact_candidate,0,0,256,1,rejected,Networks are NOT EQUIVALENT.  Time =     0.00 sec,direct,,rejected,rejected,original == NOT optimized
generated_multiplier_4,resyn,new_n40,new_n74,0.87421875,5,0.7142857142857143,0,non_exact_candidate,0,0,256,1,rejected,Networks are NOT EQUIVALENT.  Time =     0.00 sec,direct,,rejected,rejected,original == NOT optimized
generated_multiplier_4,resyn,new_n42,new_n43,0.90703125,2,1.0,0,non_exact_candidate,0,0,256,1,rejected,Networks are NOT EQUIVALENT.  Time =     0.00 sec,direct,,rejected,rejected,original == NOT optimized
generated_multiplier_4,resyn,new_n42,new_n44,0.90703125,3,1.0,0,non_exact_candidate,0,0,256,1,rejected,Networks are NOT EQUIVALENT.  Time =     0.00 sec,direct,,rejected,rejected,original == NOT optimized
generated_multiplier_4,resyn,new_n42,new_n71,0.85546875,4,1.0,0,non_exact_candidate,0,0,256,1,rejected,Networks are NOT EQUIVALENT.  Time =     0.00 sec,direct,,rejected,rejected,original == NOT optimized
generated_multiplier_4,resyn,new_n43,new_n44,0.915625,2,0.8571428571428571,0,non_exact_candidate,0,0,256,1,rejected,Networks are NOT EQUIVALENT.  Time =     0.00 sec,direct,,rejected,rejected,original == NOT optimized
generated_multiplier_4,resyn,new_n43,new_n71,0.90703125,3,0.8571428571428571,0,non_exact_candidate,0,0,256,1,rejected,Networks are NOT EQUIVALENT.  Time =     0.00 sec,direct,,rejected,rejected,original == NOT optimized
generated_multiplier_4,resyn,new_n43,new_n43,0.8984375,4,0.8571428571428571,0,non_exact_candidate,0,0,256,1,rejected,Networks are NOT EQUIVALENT.  Time =     0.00 sec,direct,,rejected,rejected,original == NOT optimized
generated_multiplier_4,resyn,new_n43,new_n102,0.873828125,5,1.0,0,non_exact_candidate,0,0,256,1,rejected,Networks are NOT EQUIVALENT.  Time =     0.00 sec,direct,,rejected,rejected,original == NOT optimized
generated_multiplier_4,resyn,new_n45,new_n51,0.88203125,2,1.0,0,non_exact_candidate,0,0,256,1,rejected,Networks are NOT EQUIVALENT.  Time =     0.00 sec,direct,,rejected,rejected,original == NOT optimized
generated_multiplier_4,resyn,new_n46,new_n48,0.88828125,3,1.0,0,non_exact_candidate,0,0,256,1,rejected,Networks are NOT EQUIVALENT.  Time =     0.00 sec,direct,,rejected,rejected,original == NOT optimized
generated_multiplier_4,resyn,new_n46,new_n72,0.8817708333333333,4,1.0,0,non_exact_candidate,0,0,256,1,rejected,Networks are NOT EQUIVALENT.  Time =     0.00 sec,direct,,rejected,rejected,original == NOT optimized
generated_multiplier_4,resyn,new_n46,new_n64,0.8731770833333333,5,1.0,0,non_exact_candidate,0,0,256,1,rejected,Networks are NOT EQUIVALENT.  Time =     0.00 sec,direct,,rejected,rejected,original == NOT optimized
generated_multiplier_4,resyn,new_n47,new_n49,0.85546875,2,1.0,0,non_exact_candidate,0,0,256,1,rejected,Networks are NOT EQUIVALENT.  Time =     0.00 sec,direct,,rejected,rejected,original == NOT optimized
generated_multiplier_4,resyn,new_n48,new_n51,0.85546875,2,1.0,0,non_exact_candidate,0,0,256,1,rejected,Networks are NOT EQUIVALENT.  Time =     0.00 sec,direct,,rejected,rejected,original == NOT optimized
generated_multiplier_4,resyn,new_n49,new_n63,0.90546875,2,1.0,0,non_exact_candidate,0,0,256,1,rejected,Networks are NOT EQUIVALENT.  Time =     0.00 sec,direct,,rejected,rejected,original == NOT optimized
generated_multiplier_4,resyn,new_n49,new_n64,0.896875,3,1.0,0,non_exact_candidate,0,0,256,1,rejected,Networks are NOT EQUIVALENT.  Time =     0.00 sec,direct,,rejected,rejected,original == NOT optimized
generated_multiplier_4,resyn,new_n50,new_n52,0.90546875,2,1.0,0,non_exact_candidate,0,0,256,1,rejected,Networks are NOT EQUIVALENT.  Time =     0.00 sec,direct,,rejected,rejected,original == NOT optimized
generated_multiplier_4,resyn,new_n50,new_n51,0.88828125,3,1.0,0,non_exact_candidate,0,0,256,1,rejected,Networks are NOT EQUIVALENT.  Time =     0.00 sec,direct,,rejected,rejected,original == NOT optimized
generated_multiplier_4,resyn,new_n51,new_n53,0.8624999999999999,2,1.0,0,non_exact_candidate,0,0,256,1,rejected,Networks are NOT EQUIVALENT.  Time =     0.00 sec,direct,,rejected,rejected,original == NOT optimized
generated_multiplier_4,resyn,new_n52,new_n68,0.9185546875,2,1.0,0,non_exact_candidate,0,0,256,1,rejected,Networks are NOT EQUIVALENT.  Time =     0.00 sec,direct,,rejected,rejected,original == NOT optimized
generated_multiplier_4,resyn,new_n52,new_n100,0.8755859375,3,1.0,0,non_exact_candidate,0,0,256,1,rejected,Networks are NOT EQUIVALENT.  Time =     0.00 sec,direct,,rejected,rejected,original == NOT optimized
generated_multiplier_4,resyn,new_n52,new_n99,0.8712890625,4,1.0,0,non_exact_candidate,0,0,256,1,rejected,Networks are NOT EQUIVALENT.  Time =     0.00 sec,direct,,rejected,rejected,original == NOT optimized
generated_multiplier_4,resyn,new_n52,new_n121,0.8561298076923076,5,1.0,0,non_exact_candidate,0,0,256,1,rejected,Networks are NOT EQUIVALENT.  Time =     0.00 sec,direct,,rejected,rejected,original == NOT optimized
generated_multiplier_4,resyn,new_n59,new_n63,0.9484375,2,1.0,0,non_exact_candidate,0,0,256,1,rejected,Networks are NOT EQUIVALENT.  Time =     0.00 sec,direct,,rejected,rejected,original == NOT optimized
generated_multiplier_4,resyn,new_n59,new_n47,0.8731770833333333,3,1.0,0,non_exact_candidate,0,0,256,1,rejected,Networks are NOT EQUIVALENT.  Time =     0.00 sec,direct,,rejected,rejected,original == NOT optimized
generated_multiplier_4,resyn,new_n59,new_n69,0.8664713541666668,4,0.875,0,non_exact_candidate,0,0,256,1,rejected,Networks are NOT EQUIVALENT.  Time =     0.00 sec,direct,,rejected,rejected,original == NOT optimized
generated_multiplier_4,resyn,new_n59,new_n51,0.8624999999999999,5,1.0,0,non_exact_candidate,0,0,256,1,rejected,Networks are NOT EQUIVALENT.  Time =     0.00 sec,direct,,rejected,rejected,original == NOT optimized
generated_multiplier_4,resyn,new_n61,new_n71,0.915625,2,0.8571428571428571,0,non_exact_candidate,0,0,256,1,rejected,Networks are NOT EQUIVALENT.  Time =     0.00 sec,direct,,rejected,rejected,original == NOT optimized
generated_multiplier_4,resyn,new_n61,new_n44,0.90703125,3,0.8571428571428571,0,non_exact_candidate,0,0,256,1,rejected,Networks are NOT EQUIVALENT.  Time =     0.00 sec,direct,,rejected,rejected,original == NOT optimized
generated_multiplier_4,resyn,new_n61,new_n43,0.8898437499999999,4,0.8571428571428571,0,non_exact_candidate,0,0,256,1,rejected,Networks are NOT EQUIVALENT.  Time =     0.00 sec,direct,,rejected,rejected,original == NOT optimized
generated_multiplier_4,resyn,new_n61,new_n102,0.882421875,5,1.0,0,non_exact_candidate,0,0,256,1,rejected,Networks are NOT EQUIVALENT.  Time =     0.00 sec,direct,,rejected,rejected,original == NOT optimized
generated_multiplier_4,resyn,new_n62,new_n99,0.9204427083333332,3,1.0,0,non_exact_candidate,0,0,256,1,rejected,Networks are NOT EQUIVALENT.  Time =     0.00 sec,direct,,rejected,rejected,original == NOT optimized
generated_multiplier_4,resyn,new_n62,new_n121,0.9018880208333332,4,1.0,0,non_exact_candidate,0,0,256,1,rejected,Networks are NOT EQUIVALENT.  Time =     0.00 sec,direct,,rejected,rejected,original == NOT optimized
generated_multiplier_4,resyn,new_n62,new_n62,0.9005859375,5,1.0,0,non_exact_candidate,0,0,256,1,rejected,Networks are NOT EQUIVALENT.  Time =     0.00 sec,direct,,rejected,rejected,original == NOT optimized
generated_multiplier_4,resyn,new_n64,new_n68,0.9048828125,2,1.0,0,non_exact_candidate,0,0,256,1,rejected,Networks are NOT EQUIVALENT.  Time =     0.00 sec,direct,,rejected,rejected,original == NOT optimized
generated_multiplier_4,resyn,new_n64,new_n99,0.8705078125000001,3,1.0,0,non_exact_candidate,0,0,256,1,rejected,Networks are NOT EQUIVALENT.  Time =     0.00 sec,direct,,rejected,rejected,original == NOT optimized
generated_multiplier_4,resyn,new_n64,new_n77,0.8626953125,4,1.0,0,non_exact_candidate,0,0,256,1,rejected,Networks are NOT EQUIVALENT.  Time =     0.00 sec,direct,,rejected,rejected,original == NOT optimized
generated_multiplier_4,resyn,new_n64,new_n100,0.8576171875,5,1.0,0,non_exact_candidate,0,0,256,1,rejected,Networks are NOT EQUIVALENT.  Time =     0.00 sec,direct,,rejected,rejected,original == NOT optimized
generated_multiplier_4,resyn,new_n65,new_n99,0.918359375,2,1.0,0,non_exact_candidate,0,0,256,1,rejected,Networks are NOT EQUIVALENT.  Time =     0.00 sec,direct,,rejected,rejected,original == NOT optimized
generated_multiplier_4,resyn,new_n65,new_n100,0.9140625,3,1.0,0,non_exact_candidate,0,0,256,1,rejected,Networks are NOT EQUIVALENT.  Time =     0.00 sec,direct,,rejected,rejected,original == NOT optimized
generated_multiplier_4,resyn,new_n65,new_n76,0.8860677083333334,4,1.0,0,non_exact_candidate,0,0,256,1,rejected,Networks are NOT EQUIVALENT.  Time =     0.00 sec,direct,,rejected,rejected,original == NOT optimized
generated_multiplier_4,resyn,new_n65,new_n68,0.866796875,5,1.0,0,non_exact_candidate,0,0,256,1,rejected,Networks are NOT EQUIVALENT.  Time =     0.00 sec,direct,,rejected,rejected,original == NOT optimized
generated_multiplier_4,resyn,new_n66,new_n99,0.926953125,2,1.0,0,non_exact_candidate,0,0,256,1,rejected,Networks are NOT EQUIVALENT.  Time =     0.00 sec,direct,,rejected,rejected,original == NOT optimized
generated_multiplier_4,resyn,new_n66,new_n100,0.92265625,3,1.0,0,non_exact_candidate,0,0,256,1,rejected,Networks are NOT EQUIVALENT.  Time =     0.00 sec,direct,,rejected,rejected,original == NOT optimized
generated_multiplier_4,resyn,new_n66,new_n62,0.9134765625,4,1.0,0,non_exact_candidate,0,0,256,1,rejected,Networks are NOT EQUIVALENT.  Time =     0.00 sec,direct,,rejected,rejected,original == NOT optimized
generated_multiplier_4,resyn,new_n66,new_n77,0.8860677083333334,5,1.0,0,non_exact_candidate,0,0,256,1,rejected,Networks are NOT EQUIVALENT.  Time =     0.00 sec,direct,,rejected,rejected,original == NOT optimized
generated_multiplier_4,resyn,new_n67,new_n93,0.8684375,3,1.0,0,non_exact_candidate,0,0,256,1,rejected,Networks are NOT EQUIVALENT.  Time =     0.00 sec,direct,,rejected,rejected,original == NOT optimized
generated_multiplier_4,resyn,new_n67,new_n106,0.8567708333333333,4,1.0,0,non_exact_candidate,0,0,256,1,rejected,Networks are NOT EQUIVALENT.  Time =     0.00 sec,direct,,rejected,rejected,original == NOT optimized
generated_multiplier_4,resyn,new_n68,new_n76,0.8990234375,3,1.0,0,non_exact_candidate,0,0,256,1,rejected,Networks are NOT EQUIVALENT.  Time =     0.00 sec,direct,,rejected,rejected,original == NOT optimized
generated_multiplier_4,resyn,new_n68,new_n99,0.8753255208333334,4,1.0,0,non_exact_candidate,0,0,256,1,rejected,Networks are NOT EQUIVALENT.  Time =     0.00 sec,direct,,rejected,rejected,original == NOT optimized
generated_multiplier_4,resyn,new_n68,new_n100,0.8710286458333333,5,1.0,0,non_exact_candidate,0,0,256,1,rejected,Networks are NOT EQUIVALENT.  Time =     0.00 sec,direct,,rejected,rejected,original == NOT optimized
generated_multiplier_4,resyn,new_n69,new_n78,0.868359375,2,1.0,0,non_exact_candidate,0,0,256,1,rejected,Networks are NOT EQUIVALENT.  Time =     0.00 sec,direct,,rejected,rejected,original == NOT optimized
generated_multiplier_4,resyn,new_n69,new_n70,0.8511718750000001,3,1.0,0,non_exact_candidate,0,0,256,1,rejected,Networks are NOT EQUIVALENT.  Time =     0.00 sec,direct,,rejected,rejected,original == NOT optimized
generated_multiplier_4,resyn,new_n70,new_n80,0.868359375,2,1.0,0,non_exact_candidate,0,0,256,1,rejected,Networks are NOT EQUIVALENT.  Time =     0.00 sec,direct,,rejected,rejected,original == NOT optimized
generated_multiplier_4,resyn,new_n70,new_n81,0.8597656250000001,3,1.0,0,non_exact_candidate,0,0,256,1,rejected,Networks are NOT EQUIVALENT.  Time =     0.00 sec,direct,,rejected,rejected,original == NOT optimized
generated_multiplier_4,resyn,new_n71,new_n80,0.93125,2,1.0,0,non_exact_candidate,0,0,256,1,rejected,Networks are NOT EQUIVALENT.  Time =     0.00 sec,direct,,rejected,rejected,original == NOT optimized
generated_multiplier_4,resyn,new_n71,new_n81,0.896875,3,1.0,0,non_exact_candidate,0,0,256,1,rejected,Networks are NOT EQUIVALENT.  Time =     0.00 sec,direct,,rejected,rejected,original == NOT optimized
generated_multiplier_4,resyn,new_n71,new_n91,0.88828125,4,1.0,0,non_exact_candidate,0,0,256,1,rejected,Networks are NOT EQUIVALENT.  Time =     0.00 sec,direct,,rejected,rejected,original == NOT optimized
generated_multiplier_4,resyn,new_n71,new_n123,0.8777343750000001,5,1.0,0,non_exact_candidate,0,0,256,1,rejected,Networks are NOT EQUIVALENT.  Time =     0.00 sec,direct,,rejected,rejected,original == NOT optimized
generated_multiplier_4,resyn,new_n72,new_n82,0.868359375,2,1.0,0,non_exact_candidate,0,0,256,1,rejected,Networks are NOT EQUIVALENT.  Time =     0.00 sec,direct,,rejected,rejected,original == NOT optimized
generated_multiplier_4,resyn,new_n73,new_n88,0.86484375,2,1.0,0,non_exact_candidate,0,0,256,1,rejected,Networks are NOT EQUIVALENT.  Time =     0.00 sec,direct,,rejected,rejected,original == NOT optimized
generated_multiplier_4,resyn,new_n74,new_n96,0.920703125,2,1.0,0,non_exact_candidate,0,0,256,1,rejected,Networks are NOT EQUIVALENT.  Time =     0.00 sec,direct,,rejected,rejected,original == NOT optimized
generated_multiplier_4,resyn,new_n74,new_n84,0.909765625,3,1.0,0,non_exact_candidate,0,0,256,1,rejected,Networks are NOT EQUIVALENT.  Time =     0.00 sec,direct,,rejected,rejected,original == NOT optimized
generated_multiplier_4,resyn,new_n74,new_n85,0.892578125,4,1.0,0,non_exact_candidate,0,0,256,1,rejected,Networks are NOT EQUIVALENT.  Time =     0.00 sec,direct,,rejected,rejected,original == NOT optimized
generated_multiplier_4,resyn,new_n74,new_n123,0.8812500000000001,5,1.0,0,non_exact_candidate,0,0,256,1,rejected,Networks are NOT EQUIVALENT.  Time =     0.00 sec,direct,,rejected,rejected,original == NOT optimized
generated_multiplier_4,resyn,new_n79,new_n67,0.8809895833333333,2,0.875,0,non_exact_candidate,0,0,256,1,rejected,Networks are NOT EQUIVALENT.  Time =     0.00 sec,direct,,rejected,rejected,original == NOT optimized
generated_multiplier_4,resyn,new_n79,new_n65,0.8554687500000001,3,0.875,0,non_exact_candidate,0,0,256,1,rejected,Networks are NOT EQUIVALENT.  Time =     0.00 sec,direct,,rejected,rejected,original == NOT optimized
generated_multiplier_4,resyn,new_n80,new_n99,0.9806640625,2,1.0,0,non_exact_candidate,0,0,256,1,rejected,Networks are NOT EQUIVALENT.  Time =     0.00 sec,direct,,rejected,rejected,original == NOT optimized
generated_multiplier_4,resyn,new_n80,new_n68,0.9376953125,3,1.0,0,non_exact_candidate,0,0,256,1,rejected,Networks are NOT EQUIVALENT.  Time =     0.00 sec,direct,,rejected,rejected,original == NOT optimized
generated_multiplier_4,resyn,new_n80,new_n69,0.9076171875,4,1.0,0,non_exact_candidate,0,0,256,1,rejected,Networks are NOT EQUIVALENT.  Time =     0.00 sec,direct,,rejected,rejected,original == NOT optimized
generated_multiplier_4,resyn,new_n80,new_n123,0.8996093749999999,5,1.0,0,non_exact_candidate,0,0,256,1,rejected,Networks are NOT EQUIVALENT.  Time =     0.00 sec,direct,,rejected,rejected,original == NOT optimized
generated_multiplier_4,resyn,new_n81,new_n120,0.9204427083333332,3,1.0,0,non_exact_candidate,0,0,256,1,rejected,Networks are NOT EQUIVALENT.  Time =     0.00 sec,direct,,rejected,rejected,original == NOT optimized
generated_multiplier_4,resyn,new_n81,new_n105,0.907109375,4,1.0,0,non_exact_candidate,0,0,256,1,rejected,Networks are NOT EQUIVALENT.  Time =     0.00 sec,direct,,rejected,rejected,original == NOT optimized
generated_multiplier_4,resyn,new_n81,new_n100,0.9060546875,5,1.0,0,non_exact_candidate,0,0,256,1,rejected,Networks are NOT EQUIVALENT.  Time =     0.00 sec,direct,,rejected,rejected,original == NOT optimized
generated_multiplier_4,resyn,new_n82,new_n103,0.8694010416666668,2,1.0,0,non_exact_candidate,0,0,256,1,rejected,Networks are NOT EQUIVALENT.  Time =     0.00 sec,direct,,rejected,rejected,original == NOT optimized
generated_multiplier_4,resyn,new_n82,new_n122,0.8669921875000001,3,1.0,0,non_exact_candidate,0,0,256,1,rejected,Networks are NOT EQUIVALENT.  Time =     0.00 sec,direct,,rejected,rejected,original == NOT optimized
generated_multiplier_4,resyn,new_n82,new_n101,0.8562779017857143,4,1.0,0,non_exact_candidate,0,0,256,1,rejected,Networks are NOT EQUIVALENT.  Time =     0.00 sec,direct,,rejected,rejected,original == NOT optimized
generated_multiplier_4,resyn,new_n82,new_n86,0.85390625,5,1.0,0,non_exact_candidate,0,0,256,1,rejected,Networks are NOT EQUIVALENT.  Time =     0.00 sec,direct,,rejected,rejected,original == NOT optimized
generated_multiplier_4,resyn,new_n83,new_n96,0.92421875,2,1.0,0,non_exact_candidate,0,0,256,1,rejected,Networks are NOT EQUIVALENT.  Time =     0.00 sec,direct,,rejected,rejected,original == NOT optimized
generated_multiplier_4,resyn,new_n83,new_n123,0.8984375,3,1.0,0,non_exact_candidate,0,0,256,1,rejected,Networks are NOT EQUIVALENT.  Time =     0.00 sec,direct,,rejected,rejected,original == NOT optimized
generated_multiplier_4,resyn,new_n83,new_n120,0.88984375,4,1.0,0,non_exact_candidate,0,0,256,1,rejected,Networks are NOT EQUIVALENT.  Time =     0.00 sec,direct,,rejected,rejected,original == NOT optimized
generated_multiplier_4,resyn,new_n83,new_n121,0.876953125,5,1.0,0,non_exact_candidate,0,0,256,1,rejected,Networks are NOT EQUIVALENT.  Time =     0.00 sec,direct,,rejected,rejected,original == NOT optimized
generated_multiplier_4,resyn,new_n84,new_n77,0.8748046875000001,2,1.0,0,non_exact_candidate,0,0,256,1,rejected,Networks are NOT EQUIVALENT.  Time =     0.00 sec,direct,,rejected,rejected,original == NOT optimized
generated_multiplier_4,resyn,new_n84,new_n97,0.8713169642857143,3,1.0,0,non_exact_candidate,0,0,256,1,rejected,Networks are NOT EQUIVALENT.  Time =     0.00 sec,direct,,rejected,rejected,original == NOT optimized
generated_multiplier_4,resyn,new_n84,new_n80,0.8640625000000001,4,1.0,0,non_exact_candidate,0,0,256,1,rejected,Networks are NOT EQUIVALENT.  Time =     0.00 sec,direct,,rejected,rejected,original == NOT optimized
generated_multiplier_4,resyn,new_n84,new_n123,0.85984375,5,1.0,0,non_exact_candidate,0,0,256,1,rejected,Networks are NOT EQUIVALENT.  Time =     0.00 sec,direct,,rejected,rejected,original == NOT optimized
generated_multiplier_4,resyn,new_n85,new_n93,0.9328125,2,1.0,0,non_exact_candidate,0,0,256,1,rejected,Networks are NOT EQUIVALENT.  Time =     0.00 sec,direct,,rejected,rejected,original == NOT optimized
generated_multiplier_4,resyn,new_n85,new_n78,0.8812500000000001,3,1.0,0,non_exact_candidate,0,0,256,1,rejected,Networks are NOT EQUIVALENT.  Time =     0.00 sec,direct,,rejected,rejected,original == NOT optimized
generated_multiplier_4,resyn,new_n85,new_n98,0.8541294642857142,4,1.0,0,non_exact_candidate,0,0,256,1,rejected,Networks are NOT EQUIVALENT.  Time =     0.00 sec,direct,,rejected,rejected,original == NOT optimized
generated_multiplier_4,resyn,new_n85,new_n106,0.8509548611111111,5,1.0,0,non_exact_candidate,0,0,256,1,rejected,Networks are NOT EQUIVALENT.  Time =     0.00 sec,direct,,rejected,rejected,original == NOT optimized
generated_multiplier_4,resyn,new_n86,new_n106,0.912109375,2,1.0,0,non_exact_candidate,0,0,256,1,rejected,Networks are NOT EQUIVALENT.  Time =     0.00 sec,direct,,rejected,rejected,original == NOT optimized
generated_multiplier_4,resyn,new_n86,new_n95,0.8777343750000001,3,1.0,0,non_exact_candidate,0,0,256,1,rejected,Networks are NOT EQUIVALENT.  Time =     0.00 sec,direct,,rejected,rejected,original == NOT optimized
generated_multiplier_4,resyn,new_n86,new_n117,0.8565104166666667,4,1.0,0,non_exact_candidate,0,0,256,1,rejected,Networks are NOT EQUIVALENT.  Time =     0.00 sec,direct,,rejected,rejected,original == NOT optimized
generated_multiplier_4,resyn,new_n86,new_n93,0.855546875,5,1.0,0,non_exact_candidate,0,0,256,1,rejected,Networks are NOT EQUIVALENT.  Time =     0.00 sec,direct,,rejected,rejected,original == NOT optimized
generated_multiplier_4,resyn,new_n87,new_n120,0.9392578125,2,1.0,0,non_exact_candidate,0,0,256,1,rejected,Networks are NOT EQUIVALENT.  Time =     0.00 sec,direct,,rejected,rejected,original == NOT optimized
generated_multiplier_4,resyn,new_n87,new_n90,0.9333984375,3,1.0,0,non_exact_candidate,0,0,256,1,rejected,Networks are NOT EQUIVALENT.  Time =     0.00 sec,direct,,rejected,rejected,original == NOT optimized
generated_multiplier_4,resyn,new_n87,new_n121,0.9263671875,4,1.0,0,non_exact_candidate,0,0,256,1,rejected,Networks are NOT EQUIVALENT.  Time =     0.00 sec,direct,,rejected,rejected,original == NOT optimized
generated_multiplier_4,resyn,new_n87,new_n87,0.9162109375,5,1.0,0,non_exact_candidate,0,0,256,1,rejected,Networks are NOT EQUIVALENT.  Time =     0.00 sec,direct,,rejected,rejected,original == NOT optimized
generated_multiplier_4,resyn,new_n88,new_n121,0.97421875,2,1.0,0,non_exact_candidate,0,0,256,1,rejected,Networks are NOT EQUIVALENT.  Time =     0.00 sec,direct,,rejected,rejected,original == NOT optimized
generated_multiplier_4,resyn,new_n88,new_n96,0.93125,3,1.0,0,non_exact_candidate,0,0,256,1,rejected,Networks are NOT EQUIVALENT.  Time =     0.00 sec,direct,,rejected,rejected,original == NOT optimized
generated_multiplier_4,resyn,new_n88,new_n123,0.9290364583333334,4,1.0,0,non_exact_candidate,0,0,256,1,rejected,Networks are NOT EQUIVALENT.  Time =     0.00 sec,direct,,rejected,rejected,original == NOT optimized
generated_multiplier_4,resyn,new_n88,new_n105,0.9161458333333332,5,1.0,0,non_exact_candidate,0,0,256,1,rejected,Networks are NOT EQUIVALENT.  Time =     0.00 sec,direct,,rejected,rejected,original == NOT optimized
generated_multiplier_4,resyn,new_n89,new_n97,0.88984375,2,1.0,0,non_exact_candidate,0,0,256,1,rejected,Networks are NOT EQUIVALENT.  Time =     0.00 sec,direct,,rejected,rejected,original == NOT optimized
generated_multiplier_4,resyn,new_n89,new_n108,0.8669921875000001,3,1.0,0,non_exact_candidate,0,0,256,1,rejected,Networks are NOT EQUIVALENT.  Time =     0.00 sec,direct,,rejected,rejected,original == NOT optimized
generated_multiplier_4,resyn,new_n89,new_n125,0.8584263392857143,4,1.0,0,non_exact_candidate,0,0,256,1,rejected,Networks are NOT EQUIVALENT.  Time =     0.00 sec,direct,,rejected,rejected,original == NOT optimized
generated_multiplier_4,resyn,new_n90,new_n104,0.9119140625,3,1.0,0,non_exact_candidate,0,0,256,1,rejected,Networks are NOT EQUIVALENT.  Time =     0.00 sec,direct,,rejected,rejected,original == NOT optimized
generated_multiplier_4,resyn,new_n90,new_n135,0.8791015625,4,1.0,0,non_exact_candidate,0,0,256,1,rejected,Networks are NOT EQUIVALENT.  Time =     0.00 sec,direct,,rejected,rejected,original == NOT optimized
generated_multiplier_4,resyn,new_n90,new_n120,0.8753255208333334,5,1.0,0,non_exact_candidate,0,0,256,1,rejected,Networks are NOT EQUIVALENT.  Time =     0.00 sec,direct,,rejected,rejected,original == NOT optimized
generated_multiplier_4,resyn,new_n91,new_n106,0.8705078125000001,2,1.0,0,non_exact_candidate,0,0,256,1,rejected,Networks are NOT EQUIVALENT.  Time =     0.00 sec,direct,,rejected,rejected,original == NOT optimized
generated_multiplier_4,resyn,new_n91,new_n110,0.8669921875000001,3,1.0,0,non_exact_candidate,0,0,256,1,rejected,Networks are NOT EQUIVALENT.  Time =     0.00 sec,direct,,rejected,rejected,original == NOT optimized
generated_multiplier_4,resyn,new_n92,new_n112,0.8669921875000001,2,1.0,0,non_exact_candidate,0,0,256,1,rejected,Networks are NOT EQUIVALENT.  Time =     0.00 sec,direct,,rejected,rejected,original == NOT optimized
generated_multiplier_4,resyn,new_n92,new_n109,0.8619140625000001,3,1.0,0,non_exact_candidate,0,0,256,1,rejected,Networks are NOT EQUIVALENT.  Time =     0.00 sec,direct,,rejected,rejected,original == NOT optimized
generated_multiplier_4,resyn,new_n93,new_n115,0.896875,2,1.0,0,non_exact_candidate,0,0,256,1,rejected,Networks are NOT EQUIVALENT.  Time =     0.00 sec,direct,,rejected,rejected,original == NOT optimized
generated_multiplier_4,resyn,new_n93,new_n116,0.896875,3,1.0,0,non_exact_candidate,0,0,256,1,rejected,Networks are NOT EQUIVALENT.  Time =     0.00 sec,direct,,rejected,rejected,original == NOT optimized
generated_multiplier_4,resyn,new_n93,new_n135,0.8619140625000001,4,1.0,0,non_exact_candidate,0,0,256,1,rejected,Networks are NOT EQUIVALENT.  Time =     0.00 sec,direct,,rejected,rejected,original == NOT optimized
generated_multiplier_4,resyn,new_n93,new_n105,0.8538411458333334,5,1.0,0,non_exact_candidate,0,0,256,1,rejected,Networks are NOT EQUIVALENT.  Time =     0.00 sec,direct,,rejected,rejected,original == NOT optimized
generated_multiplier_4,resyn,new_n94,new_n108,0.896875,3,1.0,0,non_exact_candidate,0,0,256,1,rejected,Networks are NOT EQUIVALENT.  Time =     0.00 sec,direct,,rejected,rejected,original == NOT optimized
generated_multiplier_4,resyn,new_n97,new_n103,0.908203125,3,1.0,0,non_exact_candidate,0,0,256,1,rejected,Networks are NOT EQUIVALENT.  Time =     0.00 sec,direct,,rejected,rejected,original == NOT optimized
generated_multiplier_4,resyn,new_n97,new_n101,0.9003689236111111,4,1.0,0,non_exact_candidate,0,0,256,1,rejected,Networks are NOT EQUIVALENT.  Time =     0.00 sec,direct,,rejected,rejected,original == NOT optimized
generated_multiplier_4,resyn,new_n98,new_n119,0.8626953125,2,1.0,0,non_exact_candidate,0,0,256,1,rejected,Networks are NOT EQUIVALENT.  Time =     0.00 sec,direct,,rejected,rejected,original == NOT optimized
generated_multiplier_4,resyn,new_n98,new_n117,0.8538411458333334,3,1.0,0,non_exact_candidate,0,0,256,1,rejected,Networks are NOT EQUIVALENT.  Time =     0.00 sec,direct,,rejected,rejected,original == NOT optimized
generated_multiplier_4,resyn,new_n99,new_n116,0.9419921875,2,1.0,0,non_exact_candidate,0,0,256,1,rejected,Networks are NOT EQUIVALENT.  Time =     0.00 sec,direct,,rejected,rejected,original == NOT optimized
generated_multiplier_4,resyn,new_n99,new_n125,0.912109375,3,1.0,0,non_exact_candidate,0,0,256,1,rejected,Networks are NOT EQUIVALENT.  Time =     0.00 sec,direct,,rejected,rejected,original == NOT optimized
generated_multiplier_4,resyn,new_n99,new_n108,0.8775390625,4,1.0,0,non_exact_candidate,0,0,256,1,rejected,Networks are NOT EQUIVALENT.  Time =     0.00 sec,direct,,rejected,rejected,original == NOT optimized
generated_multiplier_4,resyn,new_n99,new_n133,0.8734375,5,1.0,0,non_exact_candidate,0,0,256,1,rejected,Networks are NOT EQUIVALENT.  Time =     0.00 sec,direct,,rejected,rejected,original == NOT optimized
generated_multiplier_4,resyn,new_n100,new_n135,0.9290364583333334,2,1.0,0,non_exact_candidate,0,0,256,1,rejected,Networks are NOT EQUIVALENT.  Time =     0.00 sec,direct,,rejected,rejected,original == NOT optimized
generated_multiplier_4,resyn,new_n100,new_n105,0.912109375,3,1.0,0,non_exact_candidate,0,0,256,1,rejected,Networks are NOT EQUIVALENT.  Time =     0.00 sec,direct,,rejected,rejected,original == NOT optimized
generated_multiplier_4,resyn,new_n100,new_n120,0.9080729166666668,4,1.0,0,non_exact_candidate,0,0,256,1,rejected,Networks are NOT EQUIVALENT.  Time =     0.00 sec,direct,,rejected,rejected,original == NOT optimized
generated_multiplier_4,resyn,new_n100,new_n126,0.9075520833333334,5,1.0,0,non_exact_candidate,0,0,256,1,rejected,Networks are NOT EQUIVALENT.  Time =     0.00 sec,direct,,rejected,rejected,original == NOT optimized
generated_multiplier_4,resyn,new_n101,new_n119,0.937109375,2,1.0,0,non_exact_candidate,0,0,256,1,rejected,Networks are NOT EQUIVALENT.  Time =     0.00 sec,direct,,rejected,rejected,original == NOT optimized
generated_multiplier_4,resyn,new_n101,new_n127,0.912109375,3,1.0,0,non_exact_candidate,0,0,256,1,rejected,Networks are NOT EQUIVALENT.  Time =     0.00 sec,direct,,rejected,rejected,original == NOT optimized
generated_multiplier_4,resyn,new_n101,new_n98,0.8641406250000001,4,1.0,0,non_exact_candidate,0,0,256,1,rejected,Networks are NOT EQUIVALENT.  Time =     0.00 sec,direct,,rejected,rejected,original == NOT optimized
generated_multiplier_4,resyn,new_n101,new_n134,0.860546875,5,1.0,0,non_exact_candidate,0,0,256,1,rejected,Networks are NOT EQUIVALENT.  Time =     0.00 sec,direct,,rejected,rejected,original == NOT optimized
generated_multiplier_4,resyn,new_n102,new_n133,0.8726562500000001,2,1.0,0,non_exact_candidate,0,0,256,1,rejected,Networks are NOT EQUIVALENT.  Time =     0.00 sec,direct,,rejected,rejected,original == NOT optimized
generated_multiplier_4,resyn,new_n102,new_n115,0.8710286458333333,3,1.0,0,non_exact_candidate,0,0,256,1,rejected,Networks are NOT EQUIVALENT.  Time =     0.00 sec,direct,,rejected,rejected,original == NOT optimized
generated_multiplier_4,resyn,new_n102,new_n116,0.8710286458333333,4,1.0,0,non_exact_candidate,0,0,256,1,rejected,Networks are NOT EQUIVALENT.  Time =     0.00 sec,direct,,rejected,rejected,original == NOT optimized
generated_multiplier_4,resyn,new_n102,new_n129,0.8691406250000001,5,1.0,0,non_exact_candidate,0,0,256,1,rejected,Networks are NOT EQUIVALENT.  Time =     0.00 sec,direct,,rejected,rejected,original == NOT optimized
generated_multiplier_4,resyn,new_n103,new_n125,0.944140625,2,1.0,0,non_exact_candidate,0,0,256,1,rejected,Networks are NOT EQUIVALENT.  Time =     0.00 sec,direct,,rejected,rejected,original == NOT optimized
generated_multiplier_4,resyn,new_n103,new_n126,0.93984375,3,1.0,0,non_exact_candidate,0,0,256,1,rejected,Networks are NOT EQUIVALENT.  Time =     0.00 sec,direct,,rejected,rejected,original == NOT optimized
generated_multiplier_4,resyn,new_n103,new_n132,0.93125,4,1.0,0,non_exact_candidate,0,0,256,1,rejected,Networks are NOT EQUIVALENT.  Time =     0.00 sec,direct,,rejected,rejected,original == NOT optimized
generated_multiplier_4,resyn,new_n103,new_n115,0.8712890625,5,1.0,0,non_exact_candidate,0,0,256,1,rejected,Networks are NOT EQUIVALENT.  Time =     0.00 sec,direct,,rejected,rejected,original == NOT optimized
generated_multiplier_4,resyn,new_n104,new_n127,0.868359375,2,1.0,0,non_exact_candidate,0,0,256,1,rejected,Networks are NOT EQUIVALENT.  Time =     0.00 sec,direct,,rejected,rejected,original == NOT optimized
generated_multiplier_4,resyn,new_n106,new_n134,0.8602864583333333,2,1.0,0,non_exact_candidate,0,0,256,1,rejected,Networks are NOT EQUIVALENT.  Time =     0.00 sec,direct,,rejected,rejected,original == NOT optimized
generated_multiplier_4,resyn2,new_n22,new_n26,0.8628125,3,0.8,0,non_exact_candidate,0,0,256,1,rejected,Networks are NOT EQUIVALENT.  Time =     0.00 sec,direct,,rejected,rejected,original == NOT optimized
generated_multiplier_4,resyn2,new_n22,new_n38,0.8628125,4,0.8,0,non_exact_candidate,0,0,256,1,rejected,Networks are NOT EQUIVALENT.  Time =     0.00 sec,direct,,rejected,rejected,original == NOT optimized
generated_multiplier_4,resyn2,new_n22,new_n20,0.8624999999999999,5,1.0,0,non_exact_candidate,0,0,256,1,rejected,Networks are NOT EQUIVALENT.  Time =     0.00 sec,direct,,rejected,rejected,original == NOT optimized
generated_multiplier_4,resyn2,new_n26,new_n21,0.8624999999999999,2,1.0,0,non_exact_candidate,0,0,256,1,rejected,Networks are NOT EQUIVALENT.  Time =     0.00 sec,direct,,rejected,rejected,original == NOT optimized
generated_multiplier_4,resyn2,new_n26,new_n24,0.8624999999999999,3,1.0,0,non_exact_candidate,0,0,256,1,rejected,Networks are NOT EQUIVALENT.  Time =     0.00 sec,direct,,rejected,rejected,original == NOT optimized
generated_multiplier_4,resyn2,new_n27,new_n30,0.9161458333333332,2,1.0,0,non_exact_candidate,0,0,256,1,rejected,Networks are NOT EQUIVALENT.  Time =     0.00 sec,direct,,rejected,rejected,original == NOT optimized
generated_multiplier_4,resyn2,new_n27,new_n38,0.896875,3,1.0,0,non_exact_candidate,0,0,256,1,rejected,Networks are NOT EQUIVALENT.  Time =     0.00 sec,direct,,rejected,rejected,original == NOT optimized
generated_multiplier_4,resyn2,new_n27,new_n26,0.8624999999999999,4,1.0,0,non_exact_candidate,0,0,256,1,rejected,Networks are NOT EQUIVALENT.  Time =     0.00 sec,direct,,rejected,rejected,original == NOT optimized
generated_multiplier_4,resyn2,new_n28,new_n26,0.896875,2,1.0,0,non_exact_candidate,0,0,256,1,rejected,Networks are NOT EQUIVALENT.  Time =     0.00 sec,direct,,rejected,rejected,original == NOT optimized
generated_multiplier_4,resyn2,new_n28,new_n38,0.896875,3,1.0,0,non_exact_candidate,0,0,256,1,rejected,Networks are NOT EQUIVALENT.  Time =     0.00 sec,direct,,rejected,rejected,original == NOT optimized
generated_multiplier_4,resyn2,new_n29,new_n28,0.8624999999999999,2,1.0,0,non_exact_candidate,0,0,256,1,rejected,Networks are NOT EQUIVALENT.  Time =     0.00 sec,direct,,rejected,rejected,original == NOT optimized
generated_multiplier_4,resyn2,new_n30,new_n43,0.91640625,2,1.0,0,non_exact_candidate,0,0,256,1,rejected,Networks are NOT EQUIVALENT.  Time =     0.00 sec,direct,,rejected,rejected,original == NOT optimized
generated_multiplier_4,resyn2,new_n30,new_n71,0.88203125,3,1.0,0,non_exact_candidate,0,0,256,1,rejected,Networks are NOT EQUIVALENT.  Time =     0.00 sec,direct,,rejected,rejected,original == NOT optimized
generated_multiplier_4,resyn2,new_n37,new_n38,0.8628125,2,0.8,0,non_exact_candidate,0,0,256,1,rejected,Networks are NOT EQUIVALENT.  Time =     0.00 sec,direct,,rejected,rejected,original == NOT optimized
generated_multiplier_4,resyn2,new_n38,new_n40,0.9328125,2,1.0,0,non_exact_candidate,0,0,256,1,rejected,Networks are NOT EQUIVALENT.  Time =     0.00 sec,direct,,rejected,rejected,original == NOT optimized
generated_multiplier_4,resyn2,new_n39,new_n37,0.90703125,2,1.0,0,non_exact_candidate,0,0,256,1,rejected,Networks are NOT EQUIVALENT.  Time =     0.00 sec,direct,,rejected,rejected,original == NOT optimized
generated_multiplier_4,resyn2,new_n39,new_n43,0.8817708333333333,3,1.0,0,non_exact_candidate,0,0,256,1,rejected,Networks are NOT EQUIVALENT.  Time =     0.00 sec,direct,,rejected,rejected,original == NOT optimized
generated_multiplier_4,resyn2,new_n39,new_n44,0.8817708333333333,4,1.0,0,non_exact_candidate,0,0,256,1,rejected,Networks are NOT EQUIVALENT.  Time =     0.00 sec,direct,,rejected,rejected,original == NOT optimized
generated_multiplier_4,resyn2,new_n39,new_n74,0.87421875,5,0.7142857142857143,0,non_exact_candidate,0,0,256,1,rejected,Networks are NOT EQUIVALENT.  Time =     0.00 sec,direct,,rejected,rejected,original == NOT optimized
generated_multiplier_4,resyn2,new_n41,new_n43,0.90703125,2,1.0,0,non_exact_candidate,0,0,256,1,rejected,Networks are NOT EQUIVALENT.  Time =     0.00 sec,direct,,rejected,rejected,original == NOT optimized
generated_multiplier_4,resyn2,new_n41,new_n44,0.90703125,3,1.0,0,non_exact_candidate,0,0,256,1,rejected,Networks are NOT EQUIVALENT.  Time =     0.00 sec,direct,,rejected,rejected,original == NOT optimized
generated_multiplier_4,resyn2,new_n41,new_n71,0.85546875,4,1.0,0,non_exact_candidate,0,0,256,1,rejected,Networks are NOT EQUIVALENT.  Time =     0.00 sec,direct,,rejected,rejected,original == NOT optimized
generated_multiplier_4,resyn2,new_n42,new_n44,0.915625,2,0.8571428571428571,0,non_exact_candidate,0,0,256,1,rejected,Networks are NOT EQUIVALENT.  Time =     0.00 sec,direct,,rejected,rejected,original == NOT optimized
generated_multiplier_4,resyn2,new_n42,new_n71,0.90703125,3,0.8571428571428571,0,non_exact_candidate,0,0,256,1,rejected,Networks are NOT EQUIVALENT.  Time =     0.00 sec,direct,,rejected,rejected,original == NOT optimized
generated_multiplier_4,resyn2,new_n42,new_n43,0.8984375,4,0.8571428571428571,0,non_exact_candidate,0,0,256,1,rejected,Networks are NOT EQUIVALENT.  Time =     0.00 sec,direct,,rejected,rejected,original == NOT optimized
generated_multiplier_4,resyn2,new_n42,new_n102,0.873828125,5,1.0,0,non_exact_candidate,0,0,256,1,rejected,Networks are NOT EQUIVALENT.  Time =     0.00 sec,direct,,rejected,rejected,original == NOT optimized
generated_multiplier_4,resyn2,new_n44,new_n51,0.88203125,2,1.0,0,non_exact_candidate,0,0,256,1,rejected,Networks are NOT EQUIVALENT.  Time =     0.00 sec,direct,,rejected,rejected,original == NOT optimized
generated_multiplier_4,resyn2,new_n45,new_n48,0.88828125,3,1.0,0,non_exact_candidate,0,0,256,1,rejected,Networks are NOT EQUIVALENT.  Time =     0.00 sec,direct,,rejected,rejected,original == NOT optimized
generated_multiplier_4,resyn2,new_n45,new_n72,0.8817708333333333,4,1.0,0,non_exact_candidate,0,0,256,1,rejected,Networks are NOT EQUIVALENT.  Time =     0.00 sec,direct,,rejected,rejected,original == NOT optimized
generated_multiplier_4,resyn2,new_n45,new_n64,0.8731770833333333,5,1.0,0,non_exact_candidate,0,0,256,1,rejected,Networks are NOT EQUIVALENT.  Time =     0.00 sec,direct,,rejected,rejected,original == NOT optimized
generated_multiplier_4,resyn2,new_n46,new_n49,0.85546875,2,1.0,0,non_exact_candidate,0,0,256,1,rejected,Networks are NOT EQUIVALENT.  Time =     0.00 sec,direct,,rejected,rejected,original == NOT optimized
generated_multiplier_4,resyn2,new_n47,new_n51,0.85546875,2,1.0,0,non_exact_candidate,0,0,256,1,rejected,Networks are NOT EQUIVALENT.  Time =     0.00 sec,direct,,rejected,rejected,original == NOT optimized
generated_multiplier_4,resyn2,new_n48,new_n63,0.90546875,2,1.0,0,non_exact_candidate,0,0,256,1,rejected,Networks are NOT EQUIVALENT.  Time =     0.00 sec,direct,,rejected,rejected,original == NOT optimized
generated_multiplier_4,resyn2,new_n48,new_n64,0.896875,3,1.0,0,non_exact_candidate,0,0,256,1,rejected,Networks are NOT EQUIVALENT.  Time =     0.00 sec,direct,,rejected,rejected,original == NOT optimized
generated_multiplier_4,resyn2,new_n49,new_n52,0.90546875,2,1.0,0,non_exact_candidate,0,0,256,1,rejected,Networks are NOT EQUIVALENT.  Time =     0.00 sec,direct,,rejected,rejected,original == NOT optimized
generated_multiplier_4,resyn2,new_n49,new_n51,0.88828125,3,1.0,0,non_exact_candidate,0,0,256,1,rejected,Networks are NOT EQUIVALENT.  Time =     0.00 sec,direct,,rejected,rejected,original == NOT optimized
generated_multiplier_4,resyn2,new_n50,new_n53,0.8624999999999999,2,1.0,0,non_exact_candidate,0,0,256,1,rejected,Networks are NOT EQUIVALENT.  Time =     0.00 sec,direct,,rejected,rejected,original == NOT optimized
generated_multiplier_4,resyn2,new_n51,new_n68,0.9185546875,2,1.0,0,non_exact_candidate,0,0,256,1,rejected,Networks are NOT EQUIVALENT.  Time =     0.00 sec,direct,,rejected,rejected,original == NOT optimized
generated_multiplier_4,resyn2,new_n51,new_n100,0.8755859375,3,1.0,0,non_exact_candidate,0,0,256,1,rejected,Networks are NOT EQUIVALENT.  Time =     0.00 sec,direct,,rejected,rejected,original == NOT optimized
generated_multiplier_4,resyn2,new_n51,new_n99,0.8712890625,4,1.0,0,non_exact_candidate,0,0,256,1,rejected,Networks are NOT EQUIVALENT.  Time =     0.00 sec,direct,,rejected,rejected,original == NOT optimized
generated_multiplier_4,resyn2,new_n51,new_n121,0.8561298076923076,5,1.0,0,non_exact_candidate,0,0,256,1,rejected,Networks are NOT EQUIVALENT.  Time =     0.00 sec,direct,,rejected,rejected,original == NOT optimized
generated_multiplier_4,resyn2,new_n58,new_n63,0.9484375,2,1.0,0,non_exact_candidate,0,0,256,1,rejected,Networks are NOT EQUIVALENT.  Time =     0.00 sec,direct,,rejected,rejected,original == NOT optimized
generated_multiplier_4,resyn2,new_n58,new_n47,0.8731770833333333,3,1.0,0,non_exact_candidate,0,0,256,1,rejected,Networks are NOT EQUIVALENT.  Time =     0.00 sec,direct,,rejected,rejected,original == NOT optimized
generated_multiplier_4,resyn2,new_n58,new_n69,0.8664713541666668,4,0.875,0,non_exact_candidate,0,0,256,1,rejected,Networks are NOT EQUIVALENT.  Time =     0.00 sec,direct,,rejected,rejected,original == NOT optimized
generated_multiplier_4,resyn2,new_n58,new_n51,0.8624999999999999,5,1.0,0,non_exact_candidate,0,0,256,1,rejected,Networks are NOT EQUIVALENT.  Time =     0.00 sec,direct,,rejected,rejected,original == NOT optimized
generated_multiplier_4,resyn2,new_n60,new_n71,0.915625,2,0.8571428571428571,0,non_exact_candidate,0,0,256,1,rejected,Networks are NOT EQUIVALENT.  Time =     0.00 sec,direct,,rejected,rejected,original == NOT optimized
generated_multiplier_4,resyn2,new_n60,new_n44,0.90703125,3,0.8571428571428571,0,non_exact_candidate,0,0,256,1,rejected,Networks are NOT EQUIVALENT.  Time =     0.00 sec,direct,,rejected,rejected,original == NOT optimized
generated_multiplier_4,resyn2,new_n60,new_n43,0.8898437499999999,4,0.8571428571428571,0,non_exact_candidate,0,0,256,1,rejected,Networks are NOT EQUIVALENT.  Time =     0.00 sec,direct,,rejected,rejected,original == NOT optimized
generated_multiplier_4,resyn2,new_n60,new_n102,0.882421875,5,1.0,0,non_exact_candidate,0,0,256,1,rejected,Networks are NOT EQUIVALENT.  Time =     0.00 sec,direct,,rejected,rejected,original == NOT optimized
generated_multiplier_4,resyn2,new_n61,new_n99,0.9204427083333332,3,1.0,0,non_exact_candidate,0,0,256,1,rejected,Networks are NOT EQUIVALENT.  Time =     0.00 sec,direct,,rejected,rejected,original == NOT optimized
generated_multiplier_4,resyn2,new_n61,new_n121,0.9018880208333332,4,1.0,0,non_exact_candidate,0,0,256,1,rejected,Networks are NOT EQUIVALENT.  Time =     0.00 sec,direct,,rejected,rejected,original == NOT optimized
generated_multiplier_4,resyn2,new_n61,new_n62,0.9005859375,5,1.0,0,non_exact_candidate,0,0,256,1,rejected,Networks are NOT EQUIVALENT.  Time =     0.00 sec,direct,,rejected,rejected,original == NOT optimized
generated_multiplier_4,resyn2,new_n63,new_n68,0.9048828125,2,1.0,0,non_exact_candidate,0,0,256,1,rejected,Networks are NOT EQUIVALENT.  Time =     0.00 sec,direct,,rejected,rejected,original == NOT optimized
generated_multiplier_4,resyn2,new_n63,new_n99,0.8705078125000001,3,1.0,0,non_exact_candidate,0,0,256,1,rejected,Networks are NOT EQUIVALENT.  Time =     0.00 sec,direct,,rejected,rejected,original == NOT optimized
generated_multiplier_4,resyn2,new_n63,new_n77,0.8626953125,4,1.0,0,non_exact_candidate,0,0,256,1,rejected,Networks are NOT EQUIVALENT.  Time =     0.00 sec,direct,,rejected,rejected,original == NOT optimized
generated_multiplier_4,resyn2,new_n63,new_n100,0.8576171875,5,1.0,0,non_exact_candidate,0,0,256,1,rejected,Networks are NOT EQUIVALENT.  Time =     0.00 sec,direct,,rejected,rejected,original == NOT optimized
generated_multiplier_4,resyn2,new_n64,new_n99,0.918359375,2,1.0,0,non_exact_candidate,0,0,256,1,rejected,Networks are NOT EQUIVALENT.  Time =     0.00 sec,direct,,rejected,rejected,original == NOT optimized
generated_multiplier_4,resyn2,new_n64,new_n100,0.9140625,3,1.0,0,non_exact_candidate,0,0,256,1,rejected,Networks are NOT EQUIVALENT.  Time =     0.00 sec,direct,,rejected,rejected,original == NOT optimized
generated_multiplier_4,resyn2,new_n64,new_n76,0.8860677083333334,4,1.0,0,non_exact_candidate,0,0,256,1,rejected,Networks are NOT EQUIVALENT.  Time =     0.00 sec,direct,,rejected,rejected,original == NOT optimized
generated_multiplier_4,resyn2,new_n64,new_n68,0.866796875,5,1.0,0,non_exact_candidate,0,0,256,1,rejected,Networks are NOT EQUIVALENT.  Time =     0.00 sec,direct,,rejected,rejected,original == NOT optimized
generated_multiplier_4,resyn2,new_n65,new_n99,0.926953125,2,1.0,0,non_exact_candidate,0,0,256,1,rejected,Networks are NOT EQUIVALENT.  Time =     0.00 sec,direct,,rejected,rejected,original == NOT optimized
generated_multiplier_4,resyn2,new_n65,new_n100,0.92265625,3,1.0,0,non_exact_candidate,0,0,256,1,rejected,Networks are NOT EQUIVALENT.  Time =     0.00 sec,direct,,rejected,rejected,original == NOT optimized
generated_multiplier_4,resyn2,new_n65,new_n62,0.9134765625,4,1.0,0,non_exact_candidate,0,0,256,1,rejected,Networks are NOT EQUIVALENT.  Time =     0.00 sec,direct,,rejected,rejected,original == NOT optimized
generated_multiplier_4,resyn2,new_n65,new_n77,0.8860677083333334,5,1.0,0,non_exact_candidate,0,0,256,1,rejected,Networks are NOT EQUIVALENT.  Time =     0.00 sec,direct,,rejected,rejected,original == NOT optimized
generated_multiplier_4,resyn2,new_n66,new_n93,0.8684375,3,1.0,0,non_exact_candidate,0,0,256,1,rejected,Networks are NOT EQUIVALENT.  Time =     0.00 sec,direct,,rejected,rejected,original == NOT optimized
generated_multiplier_4,resyn2,new_n66,new_n106,0.8567708333333333,4,1.0,0,non_exact_candidate,0,0,256,1,rejected,Networks are NOT EQUIVALENT.  Time =     0.00 sec,direct,,rejected,rejected,original == NOT optimized
generated_multiplier_4,resyn2,new_n67,new_n76,0.8990234375,3,1.0,0,non_exact_candidate,0,0,256,1,rejected,Networks are NOT EQUIVALENT.  Time =     0.00 sec,direct,,rejected,rejected,original == NOT optimized
generated_multiplier_4,resyn2,new_n67,new_n99,0.8753255208333334,4,1.0,0,non_exact_candidate,0,0,256,1,rejected,Networks are NOT EQUIVALENT.  Time =     0.00 sec,direct,,rejected,rejected,original == NOT optimized
generated_multiplier_4,resyn2,new_n67,new_n100,0.8710286458333333,5,1.0,0,non_exact_candidate,0,0,256,1,rejected,Networks are NOT EQUIVALENT.  Time =     0.00 sec,direct,,rejected,rejected,original == NOT optimized
generated_multiplier_4,resyn2,new_n68,new_n78,0.868359375,2,1.0,0,non_exact_candidate,0,0,256,1,rejected,Networks are NOT EQUIVALENT.  Time =     0.00 sec,direct,,rejected,rejected,original == NOT optimized
generated_multiplier_4,resyn2,new_n68,new_n70,0.8511718750000001,3,1.0,0,non_exact_candidate,0,0,256,1,rejected,Networks are NOT EQUIVALENT.  Time =     0.00 sec,direct,,rejected,rejected,original == NOT optimized
generated_multiplier_4,resyn2,new_n69,new_n80,0.868359375,2,1.0,0,non_exact_candidate,0,0,256,1,rejected,Networks are NOT EQUIVALENT.  Time =     0.00 sec,direct,,rejected,rejected,original == NOT optimized
generated_multiplier_4,resyn2,new_n69,new_n81,0.8597656250000001,3,1.0,0,non_exact_candidate,0,0,256,1,rejected,Networks are NOT EQUIVALENT.  Time =     0.00 sec,direct,,rejected,rejected,original == NOT optimized
generated_multiplier_4,resyn2,new_n70,new_n80,0.93125,2,1.0,0,non_exact_candidate,0,0,256,1,rejected,Networks are NOT EQUIVALENT.  Time =     0.00 sec,direct,,rejected,rejected,original == NOT optimized
generated_multiplier_4,resyn2,new_n70,new_n81,0.896875,3,1.0,0,non_exact_candidate,0,0,256,1,rejected,Networks are NOT EQUIVALENT.  Time =     0.00 sec,direct,,rejected,rejected,original == NOT optimized
generated_multiplier_4,resyn2,new_n70,new_n91,0.88828125,4,1.0,0,non_exact_candidate,0,0,256,1,rejected,Networks are NOT EQUIVALENT.  Time =     0.00 sec,direct,,rejected,rejected,original == NOT optimized
generated_multiplier_4,resyn2,new_n70,new_n123,0.8777343750000001,5,1.0,0,non_exact_candidate,0,0,256,1,rejected,Networks are NOT EQUIVALENT.  Time =     0.00 sec,direct,,rejected,rejected,original == NOT optimized
generated_multiplier_4,resyn2,new_n71,new_n82,0.868359375,2,1.0,0,non_exact_candidate,0,0,256,1,rejected,Networks are NOT EQUIVALENT.  Time =     0.00 sec,direct,,rejected,rejected,original == NOT optimized
generated_multiplier_4,resyn2,new_n72,new_n88,0.86484375,2,1.0,0,non_exact_candidate,0,0,256,1,rejected,Networks are NOT EQUIVALENT.  Time =     0.00 sec,direct,,rejected,rejected,original == NOT optimized
generated_multiplier_4,resyn2,new_n73,new_n96,0.920703125,2,1.0,0,non_exact_candidate,0,0,256,1,rejected,Networks are NOT EQUIVALENT.  Time =     0.00 sec,direct,,rejected,rejected,original == NOT optimized
generated_multiplier_4,resyn2,new_n73,new_n84,0.909765625,3,1.0,0,non_exact_candidate,0,0,256,1,rejected,Networks are NOT EQUIVALENT.  Time =     0.00 sec,direct,,rejected,rejected,original == NOT optimized
generated_multiplier_4,resyn2,new_n73,new_n85,0.892578125,4,1.0,0,non_exact_candidate,0,0,256,1,rejected,Networks are NOT EQUIVALENT.  Time =     0.00 sec,direct,,rejected,rejected,original == NOT optimized
generated_multiplier_4,resyn2,new_n73,new_n123,0.8812500000000001,5,1.0,0,non_exact_candidate,0,0,256,1,rejected,Networks are NOT EQUIVALENT.  Time =     0.00 sec,direct,,rejected,rejected,original == NOT optimized
generated_multiplier_4,resyn2,new_n78,new_n67,0.8809895833333333,2,0.875,0,non_exact_candidate,0,0,256,1,rejected,Networks are NOT EQUIVALENT.  Time =     0.00 sec,direct,,rejected,rejected,original == NOT optimized
generated_multiplier_4,resyn2,new_n78,new_n65,0.8554687500000001,3,0.875,0,non_exact_candidate,0,0,256,1,rejected,Networks are NOT EQUIVALENT.  Time =     0.00 sec,direct,,rejected,rejected,original == NOT optimized
generated_multiplier_4,resyn2,new_n79,new_n99,0.9806640625,2,1.0,0,non_exact_candidate,0,0,256,1,rejected,Networks are NOT EQUIVALENT.  Time =     0.00 sec,direct,,rejected,rejected,original == NOT optimized
generated_multiplier_4,resyn2,new_n79,new_n68,0.9376953125,3,1.0,0,non_exact_candidate,0,0,256,1,rejected,Networks are NOT EQUIVALENT.  Time =     0.00 sec,direct,,rejected,rejected,original == NOT optimized
generated_multiplier_4,resyn2,new_n79,new_n69,0.9076171875,4,1.0,0,non_exact_candidate,0,0,256,1,rejected,Networks are NOT EQUIVALENT.  Time =     0.00 sec,direct,,rejected,rejected,original == NOT optimized
generated_multiplier_4,resyn2,new_n79,new_n123,0.8996093749999999,5,1.0,0,non_exact_candidate,0,0,256,1,rejected,Networks are NOT EQUIVALENT.  Time =     0.00 sec,direct,,rejected,rejected,original == NOT optimized
generated_multiplier_4,resyn2,new_n80,new_n120,0.9204427083333332,3,1.0,0,non_exact_candidate,0,0,256,1,rejected,Networks are NOT EQUIVALENT.  Time =     0.00 sec,direct,,rejected,rejected,original == NOT optimized
generated_multiplier_4,resyn2,new_n80,new_n105,0.907109375,4,1.0,0,non_exact_candidate,0,0,256,1,rejected,Networks are NOT EQUIVALENT.  Time =     0.00 sec,direct,,rejected,rejected,original == NOT optimized
generated_multiplier_4,resyn2,new_n80,new_n100,0.9060546875,5,1.0,0,non_exact_candidate,0,0,256,1,rejected,Networks are NOT EQUIVALENT.  Time =     0.00 sec,direct,,rejected,rejected,original == NOT optimized
generated_multiplier_4,resyn2,new_n81,new_n103,0.8694010416666668,2,1.0,0,non_exact_candidate,0,0,256,1,rejected,Networks are NOT EQUIVALENT.  Time =     0.00 sec,direct,,rejected,rejected,original == NOT optimized
generated_multiplier_4,resyn2,new_n81,new_n122,0.8669921875000001,3,1.0,0,non_exact_candidate,0,0,256,1,rejected,Networks are NOT EQUIVALENT.  Time =     0.00 sec,direct,,rejected,rejected,original == NOT optimized
generated_multiplier_4,resyn2,new_n81,new_n101,0.8562779017857143,4,1.0,0,non_exact_candidate,0,0,256,1,rejected,Networks are NOT EQUIVALENT.  Time =     0.00 sec,direct,,rejected,rejected,original == NOT optimized
generated_multiplier_4,resyn2,new_n81,new_n86,0.85390625,5,1.0,0,non_exact_candidate,0,0,256,1,rejected,Networks are NOT EQUIVALENT.  Time =     0.00 sec,direct,,rejected,rejected,original == NOT optimized
generated_multiplier_4,resyn2,new_n82,new_n96,0.92421875,2,1.0,0,non_exact_candidate,0,0,256,1,rejected,Networks are NOT EQUIVALENT.  Time =     0.00 sec,direct,,rejected,rejected,original == NOT optimized
generated_multiplier_4,resyn2,new_n82,new_n123,0.8984375,3,1.0,0,non_exact_candidate,0,0,256,1,rejected,Networks are NOT EQUIVALENT.  Time =     0.00 sec,direct,,rejected,rejected,original == NOT optimized
generated_multiplier_4,resyn2,new_n82,new_n120,0.88984375,4,1.0,0,non_exact_candidate,0,0,256,1,rejected,Networks are NOT EQUIVALENT.  Time =     0.00 sec,direct,,rejected,rejected,original == NOT optimized
generated_multiplier_4,resyn2,new_n82,new_n121,0.876953125,5,1.0,0,non_exact_candidate,0,0,256,1,rejected,Networks are NOT EQUIVALENT.  Time =     0.00 sec,direct,,rejected,rejected,original == NOT optimized
generated_multiplier_4,resyn2,new_n83,new_n77,0.8748046875000001,2,1.0,0,non_exact_candidate,0,0,256,1,rejected,Networks are NOT EQUIVALENT.  Time =     0.00 sec,direct,,rejected,rejected,original == NOT optimized
generated_multiplier_4,resyn2,new_n83,new_n97,0.8713169642857143,3,1.0,0,non_exact_candidate,0,0,256,1,rejected,Networks are NOT EQUIVALENT.  Time =     0.00 sec,direct,,rejected,rejected,original == NOT optimized
generated_multiplier_4,resyn2,new_n83,new_n80,0.8640625000000001,4,1.0,0,non_exact_candidate,0,0,256,1,rejected,Networks are NOT EQUIVALENT.  Time =     0.00 sec,direct,,rejected,rejected,original == NOT optimized
generated_multiplier_4,resyn2,new_n83,new_n123,0.85984375,5,1.0,0,non_exact_candidate,0,0,256,1,rejected,Networks are NOT EQUIVALENT.  Time =     0.00 sec,direct,,rejected,rejected,original == NOT optimized
generated_multiplier_4,resyn2,new_n84,new_n93,0.9328125,2,1.0,0,non_exact_candidate,0,0,256,1,rejected,Networks are NOT EQUIVALENT.  Time =     0.00 sec,direct,,rejected,rejected,original == NOT optimized
generated_multiplier_4,resyn2,new_n84,new_n78,0.8812500000000001,3,1.0,0,non_exact_candidate,0,0,256,1,rejected,Networks are NOT EQUIVALENT.  Time =     0.00 sec,direct,,rejected,rejected,original == NOT optimized
generated_multiplier_4,resyn2,new_n84,new_n98,0.8541294642857142,4,1.0,0,non_exact_candidate,0,0,256,1,rejected,Networks are NOT EQUIVALENT.  Time =     0.00 sec,direct,,rejected,rejected,original == NOT optimized
generated_multiplier_4,resyn2,new_n84,new_n106,0.8509548611111111,5,1.0,0,non_exact_candidate,0,0,256,1,rejected,Networks are NOT EQUIVALENT.  Time =     0.00 sec,direct,,rejected,rejected,original == NOT optimized
generated_multiplier_4,resyn2,new_n85,new_n106,0.912109375,2,1.0,0,non_exact_candidate,0,0,256,1,rejected,Networks are NOT EQUIVALENT.  Time =     0.00 sec,direct,,rejected,rejected,original == NOT optimized
generated_multiplier_4,resyn2,new_n85,new_n95,0.8777343750000001,3,1.0,0,non_exact_candidate,0,0,256,1,rejected,Networks are NOT EQUIVALENT.  Time =     0.00 sec,direct,,rejected,rejected,original == NOT optimized
generated_multiplier_4,resyn2,new_n85,new_n117,0.8565104166666667,4,1.0,0,non_exact_candidate,0,0,256,1,rejected,Networks are NOT EQUIVALENT.  Time =     0.00 sec,direct,,rejected,rejected,original == NOT optimized
generated_multiplier_4,resyn2,new_n85,new_n93,0.855546875,5,1.0,0,non_exact_candidate,0,0,256,1,rejected,Networks are NOT EQUIVALENT.  Time =     0.00 sec,direct,,rejected,rejected,original == NOT optimized
generated_multiplier_4,resyn2,new_n86,new_n120,0.9392578125,2,1.0,0,non_exact_candidate,0,0,256,1,rejected,Networks are NOT EQUIVALENT.  Time =     0.00 sec,direct,,rejected,rejected,original == NOT optimized
generated_multiplier_4,resyn2,new_n86,new_n90,0.9333984375,3,1.0,0,non_exact_candidate,0,0,256,1,rejected,Networks are NOT EQUIVALENT.  Time =     0.00 sec,direct,,rejected,rejected,original == NOT optimized
generated_multiplier_4,resyn2,new_n86,new_n121,0.9263671875,4,1.0,0,non_exact_candidate,0,0,256,1,rejected,Networks are NOT EQUIVALENT.  Time =     0.00 sec,direct,,rejected,rejected,original == NOT optimized
generated_multiplier_4,resyn2,new_n86,new_n87,0.9162109375,5,1.0,0,non_exact_candidate,0,0,256,1,rejected,Networks are NOT EQUIVALENT.  Time =     0.00 sec,direct,,rejected,rejected,original == NOT optimized
generated_multiplier_4,resyn2,new_n87,new_n121,0.97421875,2,1.0,0,non_exact_candidate,0,0,256,1,rejected,Networks are NOT EQUIVALENT.  Time =     0.00 sec,direct,,rejected,rejected,original == NOT optimized
generated_multiplier_4,resyn2,new_n87,new_n96,0.93125,3,1.0,0,non_exact_candidate,0,0,256,1,rejected,Networks are NOT EQUIVALENT.  Time =     0.00 sec,direct,,rejected,rejected,original == NOT optimized
generated_multiplier_4,resyn2,new_n87,new_n123,0.9290364583333334,4,1.0,0,non_exact_candidate,0,0,256,1,rejected,Networks are NOT EQUIVALENT.  Time =     0.00 sec,direct,,rejected,rejected,original == NOT optimized
generated_multiplier_4,resyn2,new_n87,new_n105,0.9161458333333332,5,1.0,0,non_exact_candidate,0,0,256,1,rejected,Networks are NOT EQUIVALENT.  Time =     0.00 sec,direct,,rejected,rejected,original == NOT optimized
generated_multiplier_4,resyn2,new_n88,new_n97,0.88984375,2,1.0,0,non_exact_candidate,0,0,256,1,rejected,Networks are NOT EQUIVALENT.  Time =     0.00 sec,direct,,rejected,rejected,original == NOT optimized
generated_multiplier_4,resyn2,new_n88,new_n108,0.8669921875000001,3,1.0,0,non_exact_candidate,0,0,256,1,rejected,Networks are NOT EQUIVALENT.  Time =     0.00 sec,direct,,rejected,rejected,original == NOT optimized
generated_multiplier_4,resyn2,new_n88,new_n125,0.8584263392857143,4,1.0,0,non_exact_candidate,0,0,256,1,rejected,Networks are NOT EQUIVALENT.  Time =     0.00 sec,direct,,rejected,rejected,original == NOT optimized
generated_multiplier_4,resyn2,new_n89,new_n104,0.9119140625,3,1.0,0,non_exact_candidate,0,0,256,1,rejected,Networks are NOT EQUIVALENT.  Time =     0.00 sec,direct,,rejected,rejected,original == NOT optimized
generated_multiplier_4,resyn2,new_n89,new_n135,0.8791015625,4,1.0,0,non_exact_candidate,0,0,256,1,rejected,Networks are NOT EQUIVALENT.  Time =     0.00 sec,direct,,rejected,rejected,original == NOT optimized
generated_multiplier_4,resyn2,new_n89,new_n120,0.8753255208333334,5,1.0,0,non_exact_candidate,0,0,256,1,rejected,Networks are NOT EQUIVALENT.  Time =     0.00 sec,direct,,rejected,rejected,original == NOT optimized
generated_multiplier_4,resyn2,new_n90,new_n106,0.8705078125000001,2,1.0,0,non_exact_candidate,0,0,256,1,rejected,Networks are NOT EQUIVALENT.  Time =     0.00 sec,direct,,rejected,rejected,original == NOT optimized
generated_multiplier_4,resyn2,new_n90,new_n110,0.8669921875000001,3,1.0,0,non_exact_candidate,0,0,256,1,rejected,Networks are NOT EQUIVALENT.  Time =     0.00 sec,direct,,rejected,rejected,original == NOT optimized
generated_multiplier_4,resyn2,new_n91,new_n112,0.8669921875000001,2,1.0,0,non_exact_candidate,0,0,256,1,rejected,Networks are NOT EQUIVALENT.  Time =     0.00 sec,direct,,rejected,rejected,original == NOT optimized
generated_multiplier_4,resyn2,new_n91,new_n109,0.8619140625000001,3,1.0,0,non_exact_candidate,0,0,256,1,rejected,Networks are NOT EQUIVALENT.  Time =     0.00 sec,direct,,rejected,rejected,original == NOT optimized
generated_multiplier_4,resyn2,new_n92,new_n115,0.896875,2,1.0,0,non_exact_candidate,0,0,256,1,rejected,Networks are NOT EQUIVALENT.  Time =     0.00 sec,direct,,rejected,rejected,original == NOT optimized
generated_multiplier_4,resyn2,new_n92,new_n116,0.896875,3,1.0,0,non_exact_candidate,0,0,256,1,rejected,Networks are NOT EQUIVALENT.  Time =     0.00 sec,direct,,rejected,rejected,original == NOT optimized
generated_multiplier_4,resyn2,new_n92,new_n135,0.8619140625000001,4,1.0,0,non_exact_candidate,0,0,256,1,rejected,Networks are NOT EQUIVALENT.  Time =     0.00 sec,direct,,rejected,rejected,original == NOT optimized
generated_multiplier_4,resyn2,new_n92,new_n105,0.8538411458333334,5,1.0,0,non_exact_candidate,0,0,256,1,rejected,Networks are NOT EQUIVALENT.  Time =     0.00 sec,direct,,rejected,rejected,original == NOT optimized
generated_multiplier_4,resyn2,new_n93,new_n108,0.896875,3,1.0,0,non_exact_candidate,0,0,256,1,rejected,Networks are NOT EQUIVALENT.  Time =     0.00 sec,direct,,rejected,rejected,original == NOT optimized
generated_multiplier_4,resyn2,new_n96,new_n103,0.908203125,3,1.0,0,non_exact_candidate,0,0,256,1,rejected,Networks are NOT EQUIVALENT.  Time =     0.00 sec,direct,,rejected,rejected,original == NOT optimized
generated_multiplier_4,resyn2,new_n96,new_n101,0.9003689236111111,4,1.0,0,non_exact_candidate,0,0,256,1,rejected,Networks are NOT EQUIVALENT.  Time =     0.00 sec,direct,,rejected,rejected,original == NOT optimized
generated_multiplier_4,resyn2,new_n97,new_n119,0.8626953125,2,1.0,0,non_exact_candidate,0,0,256,1,rejected,Networks are NOT EQUIVALENT.  Time =     0.00 sec,direct,,rejected,rejected,original == NOT optimized
generated_multiplier_4,resyn2,new_n97,new_n117,0.8538411458333334,3,1.0,0,non_exact_candidate,0,0,256,1,rejected,Networks are NOT EQUIVALENT.  Time =     0.00 sec,direct,,rejected,rejected,original == NOT optimized
generated_multiplier_4,resyn2,new_n98,new_n116,0.9419921875,2,1.0,0,non_exact_candidate,0,0,256,1,rejected,Networks are NOT EQUIVALENT.  Time =     0.00 sec,direct,,rejected,rejected,original == NOT optimized
generated_multiplier_4,resyn2,new_n98,new_n125,0.912109375,3,1.0,0,non_exact_candidate,0,0,256,1,rejected,Networks are NOT EQUIVALENT.  Time =     0.00 sec,direct,,rejected,rejected,original == NOT optimized
generated_multiplier_4,resyn2,new_n98,new_n108,0.8775390625,4,1.0,0,non_exact_candidate,0,0,256,1,rejected,Networks are NOT EQUIVALENT.  Time =     0.00 sec,direct,,rejected,rejected,original == NOT optimized
generated_multiplier_4,resyn2,new_n98,new_n133,0.8734375,5,1.0,0,non_exact_candidate,0,0,256,1,rejected,Networks are NOT EQUIVALENT.  Time =     0.00 sec,direct,,rejected,rejected,original == NOT optimized
generated_multiplier_4,resyn2,new_n99,new_n135,0.9290364583333334,2,1.0,0,non_exact_candidate,0,0,256,1,rejected,Networks are NOT EQUIVALENT.  Time =     0.00 sec,direct,,rejected,rejected,original == NOT optimized
generated_multiplier_4,resyn2,new_n99,new_n105,0.912109375,3,1.0,0,non_exact_candidate,0,0,256,1,rejected,Networks are NOT EQUIVALENT.  Time =     0.00 sec,direct,,rejected,rejected,original == NOT optimized
generated_multiplier_4,resyn2,new_n99,new_n120,0.9080729166666668,4,1.0,0,non_exact_candidate,0,0,256,1,rejected,Networks are NOT EQUIVALENT.  Time =     0.00 sec,direct,,rejected,rejected,original == NOT optimized
generated_multiplier_4,resyn2,new_n99,new_n126,0.9075520833333334,5,1.0,0,non_exact_candidate,0,0,256,1,rejected,Networks are NOT EQUIVALENT.  Time =     0.00 sec,direct,,rejected,rejected,original == NOT optimized
generated_multiplier_4,resyn2,new_n100,new_n119,0.937109375,2,1.0,0,non_exact_candidate,0,0,256,1,rejected,Networks are NOT EQUIVALENT.  Time =     0.00 sec,direct,,rejected,rejected,original == NOT optimized
generated_multiplier_4,resyn2,new_n100,new_n127,0.912109375,3,1.0,0,non_exact_candidate,0,0,256,1,rejected,Networks are NOT EQUIVALENT.  Time =     0.00 sec,direct,,rejected,rejected,original == NOT optimized
generated_multiplier_4,resyn2,new_n100,new_n98,0.8641406250000001,4,1.0,0,non_exact_candidate,0,0,256,1,rejected,Networks are NOT EQUIVALENT.  Time =     0.00 sec,direct,,rejected,rejected,original == NOT optimized
generated_multiplier_4,resyn2,new_n100,new_n134,0.860546875,5,1.0,0,non_exact_candidate,0,0,256,1,rejected,Networks are NOT EQUIVALENT.  Time =     0.00 sec,direct,,rejected,rejected,original == NOT optimized
generated_multiplier_4,resyn2,new_n101,new_n133,0.8726562500000001,2,1.0,0,non_exact_candidate,0,0,256,1,rejected,Networks are NOT EQUIVALENT.  Time =     0.00 sec,direct,,rejected,rejected,original == NOT optimized
generated_multiplier_4,resyn2,new_n101,new_n115,0.8710286458333333,3,1.0,0,non_exact_candidate,0,0,256,1,rejected,Networks are NOT EQUIVALENT.  Time =     0.00 sec,direct,,rejected,rejected,original == NOT optimized
generated_multiplier_4,resyn2,new_n101,new_n116,0.8710286458333333,4,1.0,0,non_exact_candidate,0,0,256,1,rejected,Networks are NOT EQUIVALENT.  Time =     0.00 sec,direct,,rejected,rejected,original == NOT optimized
generated_multiplier_4,resyn2,new_n101,new_n129,0.8691406250000001,5,1.0,0,non_exact_candidate,0,0,256,1,rejected,Networks are NOT EQUIVALENT.  Time =     0.00 sec,direct,,rejected,rejected,original == NOT optimized
generated_multiplier_4,resyn2,new_n102,new_n125,0.944140625,2,1.0,0,non_exact_candidate,0,0,256,1,rejected,Networks are NOT EQUIVALENT.  Time =     0.00 sec,direct,,rejected,rejected,original == NOT optimized
generated_multiplier_4,resyn2,new_n102,new_n126,0.93984375,3,1.0,0,non_exact_candidate,0,0,256,1,rejected,Networks are NOT EQUIVALENT.  Time =     0.00 sec,direct,,rejected,rejected,original == NOT optimized
generated_multiplier_4,resyn2,new_n102,new_n132,0.93125,4,1.0,0,non_exact_candidate,0,0,256,1,rejected,Networks are NOT EQUIVALENT.  Time =     0.00 sec,direct,,rejected,rejected,original == NOT optimized
generated_multiplier_4,resyn2,new_n102,new_n115,0.8712890625,5,1.0,0,non_exact_candidate,0,0,256,1,rejected,Networks are NOT EQUIVALENT.  Time =     0.00 sec,direct,,rejected,rejected,original == NOT optimized
generated_multiplier_4,resyn2,new_n103,new_n127,0.868359375,2,1.0,0,non_exact_candidate,0,0,256,1,rejected,Networks are NOT EQUIVALENT.  Time =     0.00 sec,direct,,rejected,rejected,original == NOT optimized
generated_multiplier_4,resyn2,new_n105,new_n134,0.8602864583333333,2,1.0,0,non_exact_candidate,0,0,256,1,rejected,Networks are NOT EQUIVALENT.  Time =     0.00 sec,direct,,rejected,rejected,original == NOT optimized
generated_multiplier_4,resyn2_like,new_n22,new_n26,0.8628125,3,0.8,0,non_exact_candidate,0,0,256,1,rejected,Networks are NOT EQUIVALENT.  Time =     0.00 sec,direct,,rejected,rejected,original == NOT optimized
generated_multiplier_4,resyn2_like,new_n22,new_n38,0.8628125,4,0.8,0,non_exact_candidate,0,0,256,1,rejected,Networks are NOT EQUIVALENT.  Time =     0.00 sec,direct,,rejected,rejected,original == NOT optimized
generated_multiplier_4,resyn2_like,new_n22,new_n20,0.8624999999999999,5,1.0,0,non_exact_candidate,0,0,256,1,rejected,Networks are NOT EQUIVALENT.  Time =     0.00 sec,direct,,rejected,rejected,original == NOT optimized
generated_multiplier_4,resyn2_like,new_n26,new_n21,0.8624999999999999,2,1.0,0,non_exact_candidate,0,0,256,1,rejected,Networks are NOT EQUIVALENT.  Time =     0.00 sec,direct,,rejected,rejected,original == NOT optimized
generated_multiplier_4,resyn2_like,new_n26,new_n24,0.8624999999999999,3,1.0,0,non_exact_candidate,0,0,256,1,rejected,Networks are NOT EQUIVALENT.  Time =     0.00 sec,direct,,rejected,rejected,original == NOT optimized
generated_multiplier_4,resyn2_like,new_n27,new_n30,0.9161458333333332,2,1.0,0,non_exact_candidate,0,0,256,1,rejected,Networks are NOT EQUIVALENT.  Time =     0.00 sec,direct,,rejected,rejected,original == NOT optimized
generated_multiplier_4,resyn2_like,new_n27,new_n38,0.896875,3,1.0,0,non_exact_candidate,0,0,256,1,rejected,Networks are NOT EQUIVALENT.  Time =     0.00 sec,direct,,rejected,rejected,original == NOT optimized
generated_multiplier_4,resyn2_like,new_n27,new_n26,0.8624999999999999,4,1.0,0,non_exact_candidate,0,0,256,1,rejected,Networks are NOT EQUIVALENT.  Time =     0.00 sec,direct,,rejected,rejected,original == NOT optimized
generated_multiplier_4,resyn2_like,new_n28,new_n26,0.896875,2,1.0,0,non_exact_candidate,0,0,256,1,rejected,Networks are NOT EQUIVALENT.  Time =     0.00 sec,direct,,rejected,rejected,original == NOT optimized
generated_multiplier_4,resyn2_like,new_n28,new_n38,0.896875,3,1.0,0,non_exact_candidate,0,0,256,1,rejected,Networks are NOT EQUIVALENT.  Time =     0.00 sec,direct,,rejected,rejected,original == NOT optimized
generated_multiplier_4,resyn2_like,new_n29,new_n28,0.8624999999999999,2,1.0,0,non_exact_candidate,0,0,256,1,rejected,Networks are NOT EQUIVALENT.  Time =     0.00 sec,direct,,rejected,rejected,original == NOT optimized
generated_multiplier_4,resyn2_like,new_n30,new_n43,0.91640625,2,1.0,0,non_exact_candidate,0,0,256,1,rejected,Networks are NOT EQUIVALENT.  Time =     0.00 sec,direct,,rejected,rejected,original == NOT optimized
generated_multiplier_4,resyn2_like,new_n30,new_n71,0.88203125,3,1.0,0,non_exact_candidate,0,0,256,1,rejected,Networks are NOT EQUIVALENT.  Time =     0.00 sec,direct,,rejected,rejected,original == NOT optimized
generated_multiplier_4,resyn2_like,new_n37,new_n38,0.8628125,2,0.8,0,non_exact_candidate,0,0,256,1,rejected,Networks are NOT EQUIVALENT.  Time =     0.00 sec,direct,,rejected,rejected,original == NOT optimized
generated_multiplier_4,resyn2_like,new_n38,new_n40,0.9328125,2,1.0,0,non_exact_candidate,0,0,256,1,rejected,Networks are NOT EQUIVALENT.  Time =     0.00 sec,direct,,rejected,rejected,original == NOT optimized
generated_multiplier_4,resyn2_like,new_n39,new_n37,0.90703125,2,1.0,0,non_exact_candidate,0,0,256,1,rejected,Networks are NOT EQUIVALENT.  Time =     0.00 sec,direct,,rejected,rejected,original == NOT optimized
generated_multiplier_4,resyn2_like,new_n39,new_n43,0.8817708333333333,3,1.0,0,non_exact_candidate,0,0,256,1,rejected,Networks are NOT EQUIVALENT.  Time =     0.00 sec,direct,,rejected,rejected,original == NOT optimized
generated_multiplier_4,resyn2_like,new_n39,new_n44,0.8817708333333333,4,1.0,0,non_exact_candidate,0,0,256,1,rejected,Networks are NOT EQUIVALENT.  Time =     0.00 sec,direct,,rejected,rejected,original == NOT optimized
generated_multiplier_4,resyn2_like,new_n39,new_n74,0.87421875,5,0.7142857142857143,0,non_exact_candidate,0,0,256,1,rejected,Networks are NOT EQUIVALENT.  Time =     0.00 sec,direct,,rejected,rejected,original == NOT optimized
generated_multiplier_4,resyn2_like,new_n41,new_n43,0.90703125,2,1.0,0,non_exact_candidate,0,0,256,1,rejected,Networks are NOT EQUIVALENT.  Time =     0.00 sec,direct,,rejected,rejected,original == NOT optimized
generated_multiplier_4,resyn2_like,new_n41,new_n44,0.90703125,3,1.0,0,non_exact_candidate,0,0,256,1,rejected,Networks are NOT EQUIVALENT.  Time =     0.00 sec,direct,,rejected,rejected,original == NOT optimized
generated_multiplier_4,resyn2_like,new_n41,new_n71,0.85546875,4,1.0,0,non_exact_candidate,0,0,256,1,rejected,Networks are NOT EQUIVALENT.  Time =     0.00 sec,direct,,rejected,rejected,original == NOT optimized
generated_multiplier_4,resyn2_like,new_n42,new_n44,0.915625,2,0.8571428571428571,0,non_exact_candidate,0,0,256,1,rejected,Networks are NOT EQUIVALENT.  Time =     0.00 sec,direct,,rejected,rejected,original == NOT optimized
generated_multiplier_4,resyn2_like,new_n42,new_n71,0.90703125,3,0.8571428571428571,0,non_exact_candidate,0,0,256,1,rejected,Networks are NOT EQUIVALENT.  Time =     0.00 sec,direct,,rejected,rejected,original == NOT optimized
generated_multiplier_4,resyn2_like,new_n42,new_n43,0.8984375,4,0.8571428571428571,0,non_exact_candidate,0,0,256,1,rejected,Networks are NOT EQUIVALENT.  Time =     0.00 sec,direct,,rejected,rejected,original == NOT optimized
generated_multiplier_4,resyn2_like,new_n42,new_n102,0.873828125,5,1.0,0,non_exact_candidate,0,0,256,1,rejected,Networks are NOT EQUIVALENT.  Time =     0.00 sec,direct,,rejected,rejected,original == NOT optimized
generated_multiplier_4,resyn2_like,new_n44,new_n51,0.88203125,2,1.0,0,non_exact_candidate,0,0,256,1,rejected,Networks are NOT EQUIVALENT.  Time =     0.00 sec,direct,,rejected,rejected,original == NOT optimized
generated_multiplier_4,resyn2_like,new_n45,new_n48,0.88828125,3,1.0,0,non_exact_candidate,0,0,256,1,rejected,Networks are NOT EQUIVALENT.  Time =     0.00 sec,direct,,rejected,rejected,original == NOT optimized
generated_multiplier_4,resyn2_like,new_n45,new_n72,0.8817708333333333,4,1.0,0,non_exact_candidate,0,0,256,1,rejected,Networks are NOT EQUIVALENT.  Time =     0.00 sec,direct,,rejected,rejected,original == NOT optimized
generated_multiplier_4,resyn2_like,new_n45,new_n64,0.8731770833333333,5,1.0,0,non_exact_candidate,0,0,256,1,rejected,Networks are NOT EQUIVALENT.  Time =     0.00 sec,direct,,rejected,rejected,original == NOT optimized
generated_multiplier_4,resyn2_like,new_n46,new_n49,0.85546875,2,1.0,0,non_exact_candidate,0,0,256,1,rejected,Networks are NOT EQUIVALENT.  Time =     0.00 sec,direct,,rejected,rejected,original == NOT optimized
generated_multiplier_4,resyn2_like,new_n47,new_n51,0.85546875,2,1.0,0,non_exact_candidate,0,0,256,1,rejected,Networks are NOT EQUIVALENT.  Time =     0.00 sec,direct,,rejected,rejected,original == NOT optimized
generated_multiplier_4,resyn2_like,new_n48,new_n63,0.90546875,2,1.0,0,non_exact_candidate,0,0,256,1,rejected,Networks are NOT EQUIVALENT.  Time =     0.00 sec,direct,,rejected,rejected,original == NOT optimized
generated_multiplier_4,resyn2_like,new_n48,new_n64,0.896875,3,1.0,0,non_exact_candidate,0,0,256,1,rejected,Networks are NOT EQUIVALENT.  Time =     0.00 sec,direct,,rejected,rejected,original == NOT optimized
generated_multiplier_4,resyn2_like,new_n49,new_n52,0.90546875,2,1.0,0,non_exact_candidate,0,0,256,1,rejected,Networks are NOT EQUIVALENT.  Time =     0.00 sec,direct,,rejected,rejected,original == NOT optimized
generated_multiplier_4,resyn2_like,new_n49,new_n51,0.88828125,3,1.0,0,non_exact_candidate,0,0,256,1,rejected,Networks are NOT EQUIVALENT.  Time =     0.00 sec,direct,,rejected,rejected,original == NOT optimized
generated_multiplier_4,resyn2_like,new_n50,new_n53,0.8624999999999999,2,1.0,0,non_exact_candidate,0,0,256,1,rejected,Networks are NOT EQUIVALENT.  Time =     0.00 sec,direct,,rejected,rejected,original == NOT optimized
generated_multiplier_4,resyn2_like,new_n51,new_n68,0.9185546875,2,1.0,0,non_exact_candidate,0,0,256,1,rejected,Networks are NOT EQUIVALENT.  Time =     0.00 sec,direct,,rejected,rejected,original == NOT optimized
generated_multiplier_4,resyn2_like,new_n51,new_n100,0.8755859375,3,1.0,0,non_exact_candidate,0,0,256,1,rejected,Networks are NOT EQUIVALENT.  Time =     0.00 sec,direct,,rejected,rejected,original == NOT optimized
generated_multiplier_4,resyn2_like,new_n51,new_n99,0.8712890625,4,1.0,0,non_exact_candidate,0,0,256,1,rejected,Networks are NOT EQUIVALENT.  Time =     0.00 sec,direct,,rejected,rejected,original == NOT optimized
generated_multiplier_4,resyn2_like,new_n51,new_n121,0.8561298076923076,5,1.0,0,non_exact_candidate,0,0,256,1,rejected,Networks are NOT EQUIVALENT.  Time =     0.00 sec,direct,,rejected,rejected,original == NOT optimized
generated_multiplier_4,resyn2_like,new_n58,new_n63,0.9484375,2,1.0,0,non_exact_candidate,0,0,256,1,rejected,Networks are NOT EQUIVALENT.  Time =     0.00 sec,direct,,rejected,rejected,original == NOT optimized
generated_multiplier_4,resyn2_like,new_n58,new_n47,0.8731770833333333,3,1.0,0,non_exact_candidate,0,0,256,1,rejected,Networks are NOT EQUIVALENT.  Time =     0.00 sec,direct,,rejected,rejected,original == NOT optimized
generated_multiplier_4,resyn2_like,new_n58,new_n69,0.8664713541666668,4,0.875,0,non_exact_candidate,0,0,256,1,rejected,Networks are NOT EQUIVALENT.  Time =     0.00 sec,direct,,rejected,rejected,original == NOT optimized
generated_multiplier_4,resyn2_like,new_n58,new_n51,0.8624999999999999,5,1.0,0,non_exact_candidate,0,0,256,1,rejected,Networks are NOT EQUIVALENT.  Time =     0.00 sec,direct,,rejected,rejected,original == NOT optimized
generated_multiplier_4,resyn2_like,new_n60,new_n71,0.915625,2,0.8571428571428571,0,non_exact_candidate,0,0,256,1,rejected,Networks are NOT EQUIVALENT.  Time =     0.00 sec,direct,,rejected,rejected,original == NOT optimized
generated_multiplier_4,resyn2_like,new_n60,new_n44,0.90703125,3,0.8571428571428571,0,non_exact_candidate,0,0,256,1,rejected,Networks are NOT EQUIVALENT.  Time =     0.00 sec,direct,,rejected,rejected,original == NOT optimized
generated_multiplier_4,resyn2_like,new_n60,new_n43,0.8898437499999999,4,0.8571428571428571,0,non_exact_candidate,0,0,256,1,rejected,Networks are NOT EQUIVALENT.  Time =     0.00 sec,direct,,rejected,rejected,original == NOT optimized
generated_multiplier_4,resyn2_like,new_n60,new_n102,0.882421875,5,1.0,0,non_exact_candidate,0,0,256,1,rejected,Networks are NOT EQUIVALENT.  Time =     0.00 sec,direct,,rejected,rejected,original == NOT optimized
generated_multiplier_4,resyn2_like,new_n61,new_n99,0.9204427083333332,3,1.0,0,non_exact_candidate,0,0,256,1,rejected,Networks are NOT EQUIVALENT.  Time =     0.00 sec,direct,,rejected,rejected,original == NOT optimized
generated_multiplier_4,resyn2_like,new_n61,new_n121,0.9018880208333332,4,1.0,0,non_exact_candidate,0,0,256,1,rejected,Networks are NOT EQUIVALENT.  Time =     0.00 sec,direct,,rejected,rejected,original == NOT optimized
generated_multiplier_4,resyn2_like,new_n61,new_n62,0.9005859375,5,1.0,0,non_exact_candidate,0,0,256,1,rejected,Networks are NOT EQUIVALENT.  Time =     0.00 sec,direct,,rejected,rejected,original == NOT optimized
generated_multiplier_4,resyn2_like,new_n63,new_n68,0.9048828125,2,1.0,0,non_exact_candidate,0,0,256,1,rejected,Networks are NOT EQUIVALENT.  Time =     0.00 sec,direct,,rejected,rejected,original == NOT optimized
generated_multiplier_4,resyn2_like,new_n63,new_n99,0.8705078125000001,3,1.0,0,non_exact_candidate,0,0,256,1,rejected,Networks are NOT EQUIVALENT.  Time =     0.00 sec,direct,,rejected,rejected,original == NOT optimized
generated_multiplier_4,resyn2_like,new_n63,new_n77,0.8626953125,4,1.0,0,non_exact_candidate,0,0,256,1,rejected,Networks are NOT EQUIVALENT.  Time =     0.00 sec,direct,,rejected,rejected,original == NOT optimized
generated_multiplier_4,resyn2_like,new_n63,new_n100,0.8576171875,5,1.0,0,non_exact_candidate,0,0,256,1,rejected,Networks are NOT EQUIVALENT.  Time =     0.00 sec,direct,,rejected,rejected,original == NOT optimized
generated_multiplier_4,resyn2_like,new_n64,new_n99,0.918359375,2,1.0,0,non_exact_candidate,0,0,256,1,rejected,Networks are NOT EQUIVALENT.  Time =     0.00 sec,direct,,rejected,rejected,original == NOT optimized
generated_multiplier_4,resyn2_like,new_n64,new_n100,0.9140625,3,1.0,0,non_exact_candidate,0,0,256,1,rejected,Networks are NOT EQUIVALENT.  Time =     0.00 sec,direct,,rejected,rejected,original == NOT optimized
generated_multiplier_4,resyn2_like,new_n64,new_n76,0.8860677083333334,4,1.0,0,non_exact_candidate,0,0,256,1,rejected,Networks are NOT EQUIVALENT.  Time =     0.00 sec,direct,,rejected,rejected,original == NOT optimized
generated_multiplier_4,resyn2_like,new_n64,new_n68,0.866796875,5,1.0,0,non_exact_candidate,0,0,256,1,rejected,Networks are NOT EQUIVALENT.  Time =     0.00 sec,direct,,rejected,rejected,original == NOT optimized
generated_multiplier_4,resyn2_like,new_n65,new_n99,0.926953125,2,1.0,0,non_exact_candidate,0,0,256,1,rejected,Networks are NOT EQUIVALENT.  Time =     0.00 sec,direct,,rejected,rejected,original == NOT optimized
generated_multiplier_4,resyn2_like,new_n65,new_n100,0.92265625,3,1.0,0,non_exact_candidate,0,0,256,1,rejected,Networks are NOT EQUIVALENT.  Time =     0.00 sec,direct,,rejected,rejected,original == NOT optimized
generated_multiplier_4,resyn2_like,new_n65,new_n62,0.9134765625,4,1.0,0,non_exact_candidate,0,0,256,1,rejected,Networks are NOT EQUIVALENT.  Time =     0.00 sec,direct,,rejected,rejected,original == NOT optimized
generated_multiplier_4,resyn2_like,new_n65,new_n77,0.8860677083333334,5,1.0,0,non_exact_candidate,0,0,256,1,rejected,Networks are NOT EQUIVALENT.  Time =     0.00 sec,direct,,rejected,rejected,original == NOT optimized
generated_multiplier_4,resyn2_like,new_n66,new_n93,0.8684375,3,1.0,0,non_exact_candidate,0,0,256,1,rejected,Networks are NOT EQUIVALENT.  Time =     0.00 sec,direct,,rejected,rejected,original == NOT optimized
generated_multiplier_4,resyn2_like,new_n66,new_n106,0.8567708333333333,4,1.0,0,non_exact_candidate,0,0,256,1,rejected,Networks are NOT EQUIVALENT.  Time =     0.00 sec,direct,,rejected,rejected,original == NOT optimized
generated_multiplier_4,resyn2_like,new_n67,new_n76,0.8990234375,3,1.0,0,non_exact_candidate,0,0,256,1,rejected,Networks are NOT EQUIVALENT.  Time =     0.00 sec,direct,,rejected,rejected,original == NOT optimized
generated_multiplier_4,resyn2_like,new_n67,new_n99,0.8753255208333334,4,1.0,0,non_exact_candidate,0,0,256,1,rejected,Networks are NOT EQUIVALENT.  Time =     0.00 sec,direct,,rejected,rejected,original == NOT optimized
generated_multiplier_4,resyn2_like,new_n67,new_n100,0.8710286458333333,5,1.0,0,non_exact_candidate,0,0,256,1,rejected,Networks are NOT EQUIVALENT.  Time =     0.00 sec,direct,,rejected,rejected,original == NOT optimized
generated_multiplier_4,resyn2_like,new_n68,new_n78,0.868359375,2,1.0,0,non_exact_candidate,0,0,256,1,rejected,Networks are NOT EQUIVALENT.  Time =     0.00 sec,direct,,rejected,rejected,original == NOT optimized
generated_multiplier_4,resyn2_like,new_n68,new_n70,0.8511718750000001,3,1.0,0,non_exact_candidate,0,0,256,1,rejected,Networks are NOT EQUIVALENT.  Time =     0.00 sec,direct,,rejected,rejected,original == NOT optimized
generated_multiplier_4,resyn2_like,new_n69,new_n80,0.868359375,2,1.0,0,non_exact_candidate,0,0,256,1,rejected,Networks are NOT EQUIVALENT.  Time =     0.00 sec,direct,,rejected,rejected,original == NOT optimized
generated_multiplier_4,resyn2_like,new_n69,new_n81,0.8597656250000001,3,1.0,0,non_exact_candidate,0,0,256,1,rejected,Networks are NOT EQUIVALENT.  Time =     0.00 sec,direct,,rejected,rejected,original == NOT optimized
generated_multiplier_4,resyn2_like,new_n70,new_n80,0.93125,2,1.0,0,non_exact_candidate,0,0,256,1,rejected,Networks are NOT EQUIVALENT.  Time =     0.00 sec,direct,,rejected,rejected,original == NOT optimized
generated_multiplier_4,resyn2_like,new_n70,new_n81,0.896875,3,1.0,0,non_exact_candidate,0,0,256,1,rejected,Networks are NOT EQUIVALENT.  Time =     0.00 sec,direct,,rejected,rejected,original == NOT optimized
generated_multiplier_4,resyn2_like,new_n70,new_n91,0.88828125,4,1.0,0,non_exact_candidate,0,0,256,1,rejected,Networks are NOT EQUIVALENT.  Time =     0.00 sec,direct,,rejected,rejected,original == NOT optimized
generated_multiplier_4,resyn2_like,new_n70,new_n123,0.8777343750000001,5,1.0,0,non_exact_candidate,0,0,256,1,rejected,Networks are NOT EQUIVALENT.  Time =     0.00 sec,direct,,rejected,rejected,original == NOT optimized
generated_multiplier_4,resyn2_like,new_n71,new_n82,0.868359375,2,1.0,0,non_exact_candidate,0,0,256,1,rejected,Networks are NOT EQUIVALENT.  Time =     0.00 sec,direct,,rejected,rejected,original == NOT optimized
generated_multiplier_4,resyn2_like,new_n72,new_n88,0.86484375,2,1.0,0,non_exact_candidate,0,0,256,1,rejected,Networks are NOT EQUIVALENT.  Time =     0.00 sec,direct,,rejected,rejected,original == NOT optimized
generated_multiplier_4,resyn2_like,new_n73,new_n96,0.920703125,2,1.0,0,non_exact_candidate,0,0,256,1,rejected,Networks are NOT EQUIVALENT.  Time =     0.00 sec,direct,,rejected,rejected,original == NOT optimized
generated_multiplier_4,resyn2_like,new_n73,new_n84,0.909765625,3,1.0,0,non_exact_candidate,0,0,256,1,rejected,Networks are NOT EQUIVALENT.  Time =     0.00 sec,direct,,rejected,rejected,original == NOT optimized
generated_multiplier_4,resyn2_like,new_n73,new_n85,0.892578125,4,1.0,0,non_exact_candidate,0,0,256,1,rejected,Networks are NOT EQUIVALENT.  Time =     0.00 sec,direct,,rejected,rejected,original == NOT optimized
generated_multiplier_4,resyn2_like,new_n73,new_n123,0.8812500000000001,5,1.0,0,non_exact_candidate,0,0,256,1,rejected,Networks are NOT EQUIVALENT.  Time =     0.00 sec,direct,,rejected,rejected,original == NOT optimized
generated_multiplier_4,resyn2_like,new_n78,new_n67,0.8809895833333333,2,0.875,0,non_exact_candidate,0,0,256,1,rejected,Networks are NOT EQUIVALENT.  Time =     0.00 sec,direct,,rejected,rejected,original == NOT optimized
generated_multiplier_4,resyn2_like,new_n78,new_n65,0.8554687500000001,3,0.875,0,non_exact_candidate,0,0,256,1,rejected,Networks are NOT EQUIVALENT.  Time =     0.00 sec,direct,,rejected,rejected,original == NOT optimized
generated_multiplier_4,resyn2_like,new_n79,new_n99,0.9806640625,2,1.0,0,non_exact_candidate,0,0,256,1,rejected,Networks are NOT EQUIVALENT.  Time =     0.00 sec,direct,,rejected,rejected,original == NOT optimized
generated_multiplier_4,resyn2_like,new_n79,new_n68,0.9376953125,3,1.0,0,non_exact_candidate,0,0,256,1,rejected,Networks are NOT EQUIVALENT.  Time =     0.00 sec,direct,,rejected,rejected,original == NOT optimized
generated_multiplier_4,resyn2_like,new_n79,new_n69,0.9076171875,4,1.0,0,non_exact_candidate,0,0,256,1,rejected,Networks are NOT EQUIVALENT.  Time =     0.00 sec,direct,,rejected,rejected,original == NOT optimized
generated_multiplier_4,resyn2_like,new_n79,new_n123,0.8996093749999999,5,1.0,0,non_exact_candidate,0,0,256,1,rejected,Networks are NOT EQUIVALENT.  Time =     0.00 sec,direct,,rejected,rejected,original == NOT optimized
generated_multiplier_4,resyn2_like,new_n80,new_n120,0.9204427083333332,3,1.0,0,non_exact_candidate,0,0,256,1,rejected,Networks are NOT EQUIVALENT.  Time =     0.00 sec,direct,,rejected,rejected,original == NOT optimized
generated_multiplier_4,resyn2_like,new_n80,new_n105,0.907109375,4,1.0,0,non_exact_candidate,0,0,256,1,rejected,Networks are NOT EQUIVALENT.  Time =     0.00 sec,direct,,rejected,rejected,original == NOT optimized
generated_multiplier_4,resyn2_like,new_n80,new_n100,0.9060546875,5,1.0,0,non_exact_candidate,0,0,256,1,rejected,Networks are NOT EQUIVALENT.  Time =     0.00 sec,direct,,rejected,rejected,original == NOT optimized
generated_multiplier_4,resyn2_like,new_n81,new_n103,0.8694010416666668,2,1.0,0,non_exact_candidate,0,0,256,1,rejected,Networks are NOT EQUIVALENT.  Time =     0.00 sec,direct,,rejected,rejected,original == NOT optimized
generated_multiplier_4,resyn2_like,new_n81,new_n122,0.8669921875000001,3,1.0,0,non_exact_candidate,0,0,256,1,rejected,Networks are NOT EQUIVALENT.  Time =     0.00 sec,direct,,rejected,rejected,original == NOT optimized
generated_multiplier_4,resyn2_like,new_n81,new_n101,0.8562779017857143,4,1.0,0,non_exact_candidate,0,0,256,1,rejected,Networks are NOT EQUIVALENT.  Time =     0.00 sec,direct,,rejected,rejected,original == NOT optimized
generated_multiplier_4,resyn2_like,new_n81,new_n86,0.85390625,5,1.0,0,non_exact_candidate,0,0,256,1,rejected,Networks are NOT EQUIVALENT.  Time =     0.00 sec,direct,,rejected,rejected,original == NOT optimized
generated_multiplier_4,resyn2_like,new_n82,new_n96,0.92421875,2,1.0,0,non_exact_candidate,0,0,256,1,rejected,Networks are NOT EQUIVALENT.  Time =     0.00 sec,direct,,rejected,rejected,original == NOT optimized
generated_multiplier_4,resyn2_like,new_n82,new_n123,0.8984375,3,1.0,0,non_exact_candidate,0,0,256,1,rejected,Networks are NOT EQUIVALENT.  Time =     0.00 sec,direct,,rejected,rejected,original == NOT optimized
generated_multiplier_4,resyn2_like,new_n82,new_n120,0.88984375,4,1.0,0,non_exact_candidate,0,0,256,1,rejected,Networks are NOT EQUIVALENT.  Time =     0.00 sec,direct,,rejected,rejected,original == NOT optimized
generated_multiplier_4,resyn2_like,new_n82,new_n121,0.876953125,5,1.0,0,non_exact_candidate,0,0,256,1,rejected,Networks are NOT EQUIVALENT.  Time =     0.00 sec,direct,,rejected,rejected,original == NOT optimized
generated_multiplier_4,resyn2_like,new_n83,new_n77,0.8748046875000001,2,1.0,0,non_exact_candidate,0,0,256,1,rejected,Networks are NOT EQUIVALENT.  Time =     0.00 sec,direct,,rejected,rejected,original == NOT optimized
generated_multiplier_4,resyn2_like,new_n83,new_n97,0.8713169642857143,3,1.0,0,non_exact_candidate,0,0,256,1,rejected,Networks are NOT EQUIVALENT.  Time =     0.00 sec,direct,,rejected,rejected,original == NOT optimized
generated_multiplier_4,resyn2_like,new_n83,new_n80,0.8640625000000001,4,1.0,0,non_exact_candidate,0,0,256,1,rejected,Networks are NOT EQUIVALENT.  Time =     0.00 sec,direct,,rejected,rejected,original == NOT optimized
generated_multiplier_4,resyn2_like,new_n83,new_n123,0.85984375,5,1.0,0,non_exact_candidate,0,0,256,1,rejected,Networks are NOT EQUIVALENT.  Time =     0.00 sec,direct,,rejected,rejected,original == NOT optimized
generated_multiplier_4,resyn2_like,new_n84,new_n93,0.9328125,2,1.0,0,non_exact_candidate,0,0,256,1,rejected,Networks are NOT EQUIVALENT.  Time =     0.00 sec,direct,,rejected,rejected,original == NOT optimized
generated_multiplier_4,resyn2_like,new_n84,new_n78,0.8812500000000001,3,1.0,0,non_exact_candidate,0,0,256,1,rejected,Networks are NOT EQUIVALENT.  Time =     0.00 sec,direct,,rejected,rejected,original == NOT optimized
generated_multiplier_4,resyn2_like,new_n84,new_n98,0.8541294642857142,4,1.0,0,non_exact_candidate,0,0,256,1,rejected,Networks are NOT EQUIVALENT.  Time =     0.00 sec,direct,,rejected,rejected,original == NOT optimized
generated_multiplier_4,resyn2_like,new_n84,new_n106,0.8509548611111111,5,1.0,0,non_exact_candidate,0,0,256,1,rejected,Networks are NOT EQUIVALENT.  Time =     0.00 sec,direct,,rejected,rejected,original == NOT optimized
generated_multiplier_4,resyn2_like,new_n85,new_n106,0.912109375,2,1.0,0,non_exact_candidate,0,0,256,1,rejected,Networks are NOT EQUIVALENT.  Time =     0.00 sec,direct,,rejected,rejected,original == NOT optimized
generated_multiplier_4,resyn2_like,new_n85,new_n95,0.8777343750000001,3,1.0,0,non_exact_candidate,0,0,256,1,rejected,Networks are NOT EQUIVALENT.  Time =     0.00 sec,direct,,rejected,rejected,original == NOT optimized
generated_multiplier_4,resyn2_like,new_n85,new_n117,0.8565104166666667,4,1.0,0,non_exact_candidate,0,0,256,1,rejected,Networks are NOT EQUIVALENT.  Time =     0.00 sec,direct,,rejected,rejected,original == NOT optimized
generated_multiplier_4,resyn2_like,new_n85,new_n93,0.855546875,5,1.0,0,non_exact_candidate,0,0,256,1,rejected,Networks are NOT EQUIVALENT.  Time =     0.00 sec,direct,,rejected,rejected,original == NOT optimized
generated_multiplier_4,resyn2_like,new_n86,new_n120,0.9392578125,2,1.0,0,non_exact_candidate,0,0,256,1,rejected,Networks are NOT EQUIVALENT.  Time =     0.00 sec,direct,,rejected,rejected,original == NOT optimized
generated_multiplier_4,resyn2_like,new_n86,new_n90,0.9333984375,3,1.0,0,non_exact_candidate,0,0,256,1,rejected,Networks are NOT EQUIVALENT.  Time =     0.00 sec,direct,,rejected,rejected,original == NOT optimized
generated_multiplier_4,resyn2_like,new_n86,new_n121,0.9263671875,4,1.0,0,non_exact_candidate,0,0,256,1,rejected,Networks are NOT EQUIVALENT.  Time =     0.00 sec,direct,,rejected,rejected,original == NOT optimized
generated_multiplier_4,resyn2_like,new_n86,new_n87,0.9162109375,5,1.0,0,non_exact_candidate,0,0,256,1,rejected,Networks are NOT EQUIVALENT.  Time =     0.00 sec,direct,,rejected,rejected,original == NOT optimized
generated_multiplier_4,resyn2_like,new_n87,new_n121,0.97421875,2,1.0,0,non_exact_candidate,0,0,256,1,rejected,Networks are NOT EQUIVALENT.  Time =     0.00 sec,direct,,rejected,rejected,original == NOT optimized
generated_multiplier_4,resyn2_like,new_n87,new_n96,0.93125,3,1.0,0,non_exact_candidate,0,0,256,1,rejected,Networks are NOT EQUIVALENT.  Time =     0.00 sec,direct,,rejected,rejected,original == NOT optimized
generated_multiplier_4,resyn2_like,new_n87,new_n123,0.9290364583333334,4,1.0,0,non_exact_candidate,0,0,256,1,rejected,Networks are NOT EQUIVALENT.  Time =     0.00 sec,direct,,rejected,rejected,original == NOT optimized
generated_multiplier_4,resyn2_like,new_n87,new_n105,0.9161458333333332,5,1.0,0,non_exact_candidate,0,0,256,1,rejected,Networks are NOT EQUIVALENT.  Time =     0.00 sec,direct,,rejected,rejected,original == NOT optimized
generated_multiplier_4,resyn2_like,new_n88,new_n97,0.88984375,2,1.0,0,non_exact_candidate,0,0,256,1,rejected,Networks are NOT EQUIVALENT.  Time =     0.00 sec,direct,,rejected,rejected,original == NOT optimized
generated_multiplier_4,resyn2_like,new_n88,new_n108,0.8669921875000001,3,1.0,0,non_exact_candidate,0,0,256,1,rejected,Networks are NOT EQUIVALENT.  Time =     0.00 sec,direct,,rejected,rejected,original == NOT optimized
generated_multiplier_4,resyn2_like,new_n88,new_n125,0.8584263392857143,4,1.0,0,non_exact_candidate,0,0,256,1,rejected,Networks are NOT EQUIVALENT.  Time =     0.00 sec,direct,,rejected,rejected,original == NOT optimized
generated_multiplier_4,resyn2_like,new_n89,new_n104,0.9119140625,3,1.0,0,non_exact_candidate,0,0,256,1,rejected,Networks are NOT EQUIVALENT.  Time =     0.00 sec,direct,,rejected,rejected,original == NOT optimized
generated_multiplier_4,resyn2_like,new_n89,new_n135,0.8791015625,4,1.0,0,non_exact_candidate,0,0,256,1,rejected,Networks are NOT EQUIVALENT.  Time =     0.00 sec,direct,,rejected,rejected,original == NOT optimized
generated_multiplier_4,resyn2_like,new_n89,new_n120,0.8753255208333334,5,1.0,0,non_exact_candidate,0,0,256,1,rejected,Networks are NOT EQUIVALENT.  Time =     0.00 sec,direct,,rejected,rejected,original == NOT optimized
generated_multiplier_4,resyn2_like,new_n90,new_n106,0.8705078125000001,2,1.0,0,non_exact_candidate,0,0,256,1,rejected,Networks are NOT EQUIVALENT.  Time =     0.00 sec,direct,,rejected,rejected,original == NOT optimized
generated_multiplier_4,resyn2_like,new_n90,new_n110,0.8669921875000001,3,1.0,0,non_exact_candidate,0,0,256,1,rejected,Networks are NOT EQUIVALENT.  Time =     0.00 sec,direct,,rejected,rejected,original == NOT optimized
generated_multiplier_4,resyn2_like,new_n91,new_n112,0.8669921875000001,2,1.0,0,non_exact_candidate,0,0,256,1,rejected,Networks are NOT EQUIVALENT.  Time =     0.00 sec,direct,,rejected,rejected,original == NOT optimized
generated_multiplier_4,resyn2_like,new_n91,new_n109,0.8619140625000001,3,1.0,0,non_exact_candidate,0,0,256,1,rejected,Networks are NOT EQUIVALENT.  Time =     0.00 sec,direct,,rejected,rejected,original == NOT optimized
generated_multiplier_4,resyn2_like,new_n92,new_n115,0.896875,2,1.0,0,non_exact_candidate,0,0,256,1,rejected,Networks are NOT EQUIVALENT.  Time =     0.00 sec,direct,,rejected,rejected,original == NOT optimized
generated_multiplier_4,resyn2_like,new_n92,new_n116,0.896875,3,1.0,0,non_exact_candidate,0,0,256,1,rejected,Networks are NOT EQUIVALENT.  Time =     0.00 sec,direct,,rejected,rejected,original == NOT optimized
generated_multiplier_4,resyn2_like,new_n92,new_n135,0.8619140625000001,4,1.0,0,non_exact_candidate,0,0,256,1,rejected,Networks are NOT EQUIVALENT.  Time =     0.00 sec,direct,,rejected,rejected,original == NOT optimized
generated_multiplier_4,resyn2_like,new_n92,new_n105,0.8538411458333334,5,1.0,0,non_exact_candidate,0,0,256,1,rejected,Networks are NOT EQUIVALENT.  Time =     0.00 sec,direct,,rejected,rejected,original == NOT optimized
generated_multiplier_4,resyn2_like,new_n93,new_n108,0.896875,3,1.0,0,non_exact_candidate,0,0,256,1,rejected,Networks are NOT EQUIVALENT.  Time =     0.00 sec,direct,,rejected,rejected,original == NOT optimized
generated_multiplier_4,resyn2_like,new_n96,new_n103,0.908203125,3,1.0,0,non_exact_candidate,0,0,256,1,rejected,Networks are NOT EQUIVALENT.  Time =     0.00 sec,direct,,rejected,rejected,original == NOT optimized
generated_multiplier_4,resyn2_like,new_n96,new_n101,0.9003689236111111,4,1.0,0,non_exact_candidate,0,0,256,1,rejected,Networks are NOT EQUIVALENT.  Time =     0.00 sec,direct,,rejected,rejected,original == NOT optimized
generated_multiplier_4,resyn2_like,new_n97,new_n119,0.8626953125,2,1.0,0,non_exact_candidate,0,0,256,1,rejected,Networks are NOT EQUIVALENT.  Time =     0.00 sec,direct,,rejected,rejected,original == NOT optimized
generated_multiplier_4,resyn2_like,new_n97,new_n117,0.8538411458333334,3,1.0,0,non_exact_candidate,0,0,256,1,rejected,Networks are NOT EQUIVALENT.  Time =     0.00 sec,direct,,rejected,rejected,original == NOT optimized
generated_multiplier_4,resyn2_like,new_n98,new_n116,0.9419921875,2,1.0,0,non_exact_candidate,0,0,256,1,rejected,Networks are NOT EQUIVALENT.  Time =     0.00 sec,direct,,rejected,rejected,original == NOT optimized
generated_multiplier_4,resyn2_like,new_n98,new_n125,0.912109375,3,1.0,0,non_exact_candidate,0,0,256,1,rejected,Networks are NOT EQUIVALENT.  Time =     0.00 sec,direct,,rejected,rejected,original == NOT optimized
generated_multiplier_4,resyn2_like,new_n98,new_n108,0.8775390625,4,1.0,0,non_exact_candidate,0,0,256,1,rejected,Networks are NOT EQUIVALENT.  Time =     0.00 sec,direct,,rejected,rejected,original == NOT optimized
generated_multiplier_4,resyn2_like,new_n98,new_n133,0.8734375,5,1.0,0,non_exact_candidate,0,0,256,1,rejected,Networks are NOT EQUIVALENT.  Time =     0.00 sec,direct,,rejected,rejected,original == NOT optimized
generated_multiplier_4,resyn2_like,new_n99,new_n135,0.9290364583333334,2,1.0,0,non_exact_candidate,0,0,256,1,rejected,Networks are NOT EQUIVALENT.  Time =     0.00 sec,direct,,rejected,rejected,original == NOT optimized
generated_multiplier_4,resyn2_like,new_n99,new_n105,0.912109375,3,1.0,0,non_exact_candidate,0,0,256,1,rejected,Networks are NOT EQUIVALENT.  Time =     0.00 sec,direct,,rejected,rejected,original == NOT optimized
generated_multiplier_4,resyn2_like,new_n99,new_n120,0.9080729166666668,4,1.0,0,non_exact_candidate,0,0,256,1,rejected,Networks are NOT EQUIVALENT.  Time =     0.00 sec,direct,,rejected,rejected,original == NOT optimized
generated_multiplier_4,resyn2_like,new_n99,new_n126,0.9075520833333334,5,1.0,0,non_exact_candidate,0,0,256,1,rejected,Networks are NOT EQUIVALENT.  Time =     0.00 sec,direct,,rejected,rejected,original == NOT optimized
generated_multiplier_4,resyn2_like,new_n100,new_n119,0.937109375,2,1.0,0,non_exact_candidate,0,0,256,1,rejected,Networks are NOT EQUIVALENT.  Time =     0.00 sec,direct,,rejected,rejected,original == NOT optimized
generated_multiplier_4,resyn2_like,new_n100,new_n127,0.912109375,3,1.0,0,non_exact_candidate,0,0,256,1,rejected,Networks are NOT EQUIVALENT.  Time =     0.00 sec,direct,,rejected,rejected,original == NOT optimized
generated_multiplier_4,resyn2_like,new_n100,new_n98,0.8641406250000001,4,1.0,0,non_exact_candidate,0,0,256,1,rejected,Networks are NOT EQUIVALENT.  Time =     0.00 sec,direct,,rejected,rejected,original == NOT optimized
generated_multiplier_4,resyn2_like,new_n100,new_n134,0.860546875,5,1.0,0,non_exact_candidate,0,0,256,1,rejected,Networks are NOT EQUIVALENT.  Time =     0.00 sec,direct,,rejected,rejected,original == NOT optimized
generated_multiplier_4,resyn2_like,new_n101,new_n133,0.8726562500000001,2,1.0,0,non_exact_candidate,0,0,256,1,rejected,Networks are NOT EQUIVALENT.  Time =     0.00 sec,direct,,rejected,rejected,original == NOT optimized
generated_multiplier_4,resyn2_like,new_n101,new_n115,0.8710286458333333,3,1.0,0,non_exact_candidate,0,0,256,1,rejected,Networks are NOT EQUIVALENT.  Time =     0.00 sec,direct,,rejected,rejected,original == NOT optimized
generated_multiplier_4,resyn2_like,new_n101,new_n116,0.8710286458333333,4,1.0,0,non_exact_candidate,0,0,256,1,rejected,Networks are NOT EQUIVALENT.  Time =     0.00 sec,direct,,rejected,rejected,original == NOT optimized
generated_multiplier_4,resyn2_like,new_n101,new_n129,0.8691406250000001,5,1.0,0,non_exact_candidate,0,0,256,1,rejected,Networks are NOT EQUIVALENT.  Time =     0.00 sec,direct,,rejected,rejected,original == NOT optimized
generated_multiplier_4,resyn2_like,new_n102,new_n125,0.944140625,2,1.0,0,non_exact_candidate,0,0,256,1,rejected,Networks are NOT EQUIVALENT.  Time =     0.00 sec,direct,,rejected,rejected,original == NOT optimized
generated_multiplier_4,resyn2_like,new_n102,new_n126,0.93984375,3,1.0,0,non_exact_candidate,0,0,256,1,rejected,Networks are NOT EQUIVALENT.  Time =     0.00 sec,direct,,rejected,rejected,original == NOT optimized
generated_multiplier_4,resyn2_like,new_n102,new_n132,0.93125,4,1.0,0,non_exact_candidate,0,0,256,1,rejected,Networks are NOT EQUIVALENT.  Time =     0.00 sec,direct,,rejected,rejected,original == NOT optimized
generated_multiplier_4,resyn2_like,new_n102,new_n115,0.8712890625,5,1.0,0,non_exact_candidate,0,0,256,1,rejected,Networks are NOT EQUIVALENT.  Time =     0.00 sec,direct,,rejected,rejected,original == NOT optimized
generated_multiplier_4,resyn2_like,new_n103,new_n127,0.868359375,2,1.0,0,non_exact_candidate,0,0,256,1,rejected,Networks are NOT EQUIVALENT.  Time =     0.00 sec,direct,,rejected,rejected,original == NOT optimized
generated_multiplier_4,resyn2_like,new_n105,new_n134,0.8602864583333333,2,1.0,0,non_exact_candidate,0,0,256,1,rejected,Networks are NOT EQUIVALENT.  Time =     0.00 sec,direct,,rejected,rejected,original == NOT optimized
generated_multiplier_4,rewrite,new_n20,new_n24,0.8624999999999999,2,1.0,0,non_exact_candidate,0,0,256,1,rejected,Networks are NOT EQUIVALENT.  Time =     0.00 sec,direct,,rejected,rejected,original == NOT optimized
generated_multiplier_4,rewrite,new_n21,new_n24,0.8624999999999999,2,1.0,0,non_exact_candidate,0,0,256,1,rejected,Networks are NOT EQUIVALENT.  Time =     0.00 sec,direct,,rejected,rejected,original == NOT optimized
generated_multiplier_4,rewrite,new_n24,new_n26,0.8628125,3,0.8,0,non_exact_candidate,0,0,256,1,rejected,Networks are NOT EQUIVALENT.  Time =     0.00 sec,direct,,rejected,rejected,original == NOT optimized
generated_multiplier_4,rewrite,new_n24,new_n38,0.8628125,4,0.8,0,non_exact_candidate,0,0,256,1,rejected,Networks are NOT EQUIVALENT.  Time =     0.00 sec,direct,,rejected,rejected,original == NOT optimized
generated_multiplier_4,rewrite,new_n24,new_n20,0.8624999999999999,5,1.0,0,non_exact_candidate,0,0,256,1,rejected,Networks are NOT EQUIVALENT.  Time =     0.00 sec,direct,,rejected,rejected,original == NOT optimized
generated_multiplier_4,rewrite,new_n26,new_n38,0.965625,2,1.0,0,non_exact_candidate,0,0,256,1,rejected,Networks are NOT EQUIVALENT.  Time =     0.00 sec,direct,,rejected,rejected,original == NOT optimized
generated_multiplier_4,rewrite,new_n26,new_n39,0.9128125,3,0.8,0,non_exact_candidate,0,0,256,1,rejected,Networks are NOT EQUIVALENT.  Time =     0.00 sec,direct,,rejected,rejected,original == NOT optimized
generated_multiplier_4,rewrite,new_n26,new_n24,0.8628125,4,0.8,0,non_exact_candidate,0,0,256,1,rejected,Networks are NOT EQUIVALENT.  Time =     0.00 sec,direct,,rejected,rejected,original == NOT optimized
generated_multiplier_4,rewrite,new_n26,new_n27,0.8624999999999999,5,1.0,0,non_exact_candidate,0,0,256,1,rejected,Networks are NOT EQUIVALENT.  Time =     0.00 sec,direct,,rejected,rejected,original == NOT optimized
generated_multiplier_4,rewrite,new_n27,new_n30,0.9161458333333332,2,1.0,0,non_exact_candidate,0,0,256,1,rejected,Networks are NOT EQUIVALENT.  Time =     0.00 sec,direct,,rejected,rejected,original == NOT optimized
generated_multiplier_4,rewrite,new_n27,new_n26,0.8624999999999999,3,1.0,0,non_exact_candidate,0,0,256,1,rejected,Networks are NOT EQUIVALENT.  Time =     0.00 sec,direct,,rejected,rejected,original == NOT optimized
generated_multiplier_4,rewrite,new_n27,new_n38,0.8624999999999999,4,1.0,0,non_exact_candidate,0,0,256,1,rejected,Networks are NOT EQUIVALENT.  Time =     0.00 sec,direct,,rejected,rejected,original == NOT optimized
generated_multiplier_4,rewrite,new_n28,new_n40,0.8624999999999999,2,1.0,0,non_exact_candidate,0,0,256,1,rejected,Networks are NOT EQUIVALENT.  Time =     0.00 sec,direct,,rejected,rejected,original == NOT optimized
generated_multiplier_4,rewrite,new_n30,new_n27,0.9161458333333332,2,1.0,0,non_exact_candidate,0,0,256,1,rejected,Networks are NOT EQUIVALENT.  Time =     0.00 sec,direct,,rejected,rejected,original == NOT optimized
generated_multiplier_4,rewrite,new_n33,new_n43,0.94140625,2,1.0,0,non_exact_candidate,0,0,256,1,rejected,Networks are NOT EQUIVALENT.  Time =     0.00 sec,direct,,rejected,rejected,original == NOT optimized
generated_multiplier_4,rewrite,new_n33,new_n71,0.90703125,3,1.0,0,non_exact_candidate,0,0,256,1,rejected,Networks are NOT EQUIVALENT.  Time =     0.00 sec,direct,,rejected,rejected,original == NOT optimized
generated_multiplier_4,rewrite,new_n33,new_n72,0.8656250000000001,4,0.8571428571428571,0,non_exact_candidate,0,0,256,1,rejected,Networks are NOT EQUIVALENT.  Time =     0.00 sec,direct,,rejected,rejected,original == NOT optimized
generated_multiplier_4,rewrite,new_n33,new_n33,0.8624999999999999,5,1.0,0,non_exact_candidate,0,0,256,1,rejected,Networks are NOT EQUIVALENT.  Time =     0.00 sec,direct,,rejected,rejected,original == NOT optimized
generated_multiplier_4,rewrite,new_n39,new_n38,0.8628125,2,0.8,0,non_exact_candidate,0,0,256,1,rejected,Networks are NOT EQUIVALENT.  Time =     0.00 sec,direct,,rejected,rejected,original == NOT optimized
generated_multiplier_4,rewrite,new_n40,new_n40,0.9328125,2,1.0,0,non_exact_candidate,0,0,256,1,rejected,Networks are NOT EQUIVALENT.  Time =     0.00 sec,direct,,rejected,rejected,original == NOT optimized
generated_multiplier_4,rewrite,new_n41,new_n43,0.9484375,2,1.0,0,non_exact_candidate,0,0,256,1,rejected,Networks are NOT EQUIVALENT.  Time =     0.00 sec,direct,,rejected,rejected,original == NOT optimized
generated_multiplier_4,rewrite,new_n41,new_n44,0.9484375,3,1.0,0,non_exact_candidate,0,0,256,1,rejected,Networks are NOT EQUIVALENT.  Time =     0.00 sec,direct,,rejected,rejected,original == NOT optimized
generated_multiplier_4,rewrite,new_n41,new_n72,0.9328125,4,0.8571428571428571,0,non_exact_candidate,0,0,256,1,rejected,Networks are NOT EQUIVALENT.  Time =     0.00 sec,direct,,rejected,rejected,original == NOT optimized
generated_multiplier_4,rewrite,new_n41,new_n37,0.90703125,5,1.0,0,non_exact_candidate,0,0,256,1,rejected,Networks are NOT EQUIVALENT.  Time =     0.00 sec,direct,,rejected,rejected,original == NOT optimized
generated_multiplier_4,rewrite,new_n43,new_n44,0.90703125,2,1.0,0,non_exact_candidate,0,0,256,1,rejected,Networks are NOT EQUIVALENT.  Time =     0.00 sec,direct,,rejected,rejected,original == NOT optimized
generated_multiplier_4,rewrite,new_n43,new_n37,0.8817708333333333,3,1.0,0,non_exact_candidate,0,0,256,1,rejected,Networks are NOT EQUIVALENT.  Time =     0.00 sec,direct,,rejected,rejected,original == NOT optimized
generated_multiplier_4,rewrite,new_n43,new_n47,0.8656250000000001,4,0.8571428571428571,0,non_exact_candidate,0,0,256,1,rejected,Networks are NOT EQUIVALENT.  Time =     0.00 sec,direct,,rejected,rejected,original == NOT optimized
generated_multiplier_4,rewrite,new_n43,new_n71,0.85546875,5,1.0,0,non_exact_candidate,0,0,256,1,rejected,Networks are NOT EQUIVALENT.  Time =     0.00 sec,direct,,rejected,rejected,original == NOT optimized
generated_multiplier_4,rewrite,new_n44,new_n63,0.8903645833333333,2,1.0,0,non_exact_candidate,0,0,256,1,rejected,Networks are NOT EQUIVALENT.  Time =     0.00 sec,direct,,rejected,rejected,original == NOT optimized
generated_multiplier_4,rewrite,new_n44,new_n64,0.8903645833333333,3,1.0,0,non_exact_candidate,0,0,256,1,rejected,Networks are NOT EQUIVALENT.  Time =     0.00 sec,direct,,rejected,rejected,original == NOT optimized
generated_multiplier_4,rewrite,new_n44,new_n72,0.8645833333333334,4,1.0,0,non_exact_candidate,0,0,256,1,rejected,Networks are NOT EQUIVALENT.  Time =     0.00 sec,direct,,rejected,rejected,original == NOT optimized
generated_multiplier_4,rewrite,new_n44,new_n102,0.8522135416666667,5,1.0,0,non_exact_candidate,0,0,256,1,rejected,Networks are NOT EQUIVALENT.  Time =     0.00 sec,direct,,rejected,rejected,original == NOT optimized
generated_multiplier_4,rewrite,new_n45,new_n51,0.8903645833333333,2,1.0,0,non_exact_candidate,0,0,256,1,rejected,Networks are NOT EQUIVALENT.  Time =     0.00 sec,direct,,rejected,rejected,original == NOT optimized
generated_multiplier_4,rewrite,new_n46,new_n65,0.8559895833333334,2,1.0,0,non_exact_candidate,0,0,256,1,rejected,Networks are NOT EQUIVALENT.  Time =     0.00 sec,direct,,rejected,rejected,original == NOT optimized
generated_multiplier_4,rewrite,new_n48,new_n64,0.93984375,2,1.0,0,non_exact_candidate,0,0,256,1,rejected,Networks are NOT EQUIVALENT.  Time =     0.00 sec,direct,,rejected,rejected,original == NOT optimized
generated_multiplier_4,rewrite,new_n48,new_n47,0.8903645833333333,3,1.0,0,non_exact_candidate,0,0,256,1,rejected,Networks are NOT EQUIVALENT.  Time =     0.00 sec,direct,,rejected,rejected,original == NOT optimized
generated_multiplier_4,rewrite,new_n48,new_n102,0.8777343750000001,4,1.0,0,non_exact_candidate,0,0,256,1,rejected,Networks are NOT EQUIVALENT.  Time =     0.00 sec,direct,,rejected,rejected,original == NOT optimized
generated_multiplier_4,rewrite,new_n48,new_n72,0.8684375,5,1.0,0,non_exact_candidate,0,0,256,1,rejected,Networks are NOT EQUIVALENT.  Time =     0.00 sec,direct,,rejected,rejected,original == NOT optimized
generated_multiplier_4,rewrite,new_n49,new_n49,0.85546875,2,1.0,0,non_exact_candidate,0,0,256,1,rejected,Networks are NOT EQUIVALENT.  Time =     0.00 sec,direct,,rejected,rejected,original == NOT optimized
generated_multiplier_4,rewrite,new_n50,new_n51,0.85546875,2,1.0,0,non_exact_candidate,0,0,256,1,rejected,Networks are NOT EQUIVALENT.  Time =     0.00 sec,direct,,rejected,rejected,original == NOT optimized
generated_multiplier_4,rewrite,new_n52,new_n102,0.8597656250000001,2,1.0,0,non_exact_candidate,0,0,256,1,rejected,Networks are NOT EQUIVALENT.  Time =     0.00 sec,direct,,rejected,rejected,original == NOT optimized
generated_multiplier_4,rewrite,new_n54,new_n68,0.9435546875,2,1.0,0,non_exact_candidate,0,0,256,1,rejected,Networks are NOT EQUIVALENT.  Time =     0.00 sec,direct,,rejected,rejected,original == NOT optimized
generated_multiplier_4,rewrite,new_n54,new_n100,0.9005859375,3,1.0,0,non_exact_candidate,0,0,256,1,rejected,Networks are NOT EQUIVALENT.  Time =     0.00 sec,direct,,rejected,rejected,original == NOT optimized
generated_multiplier_4,rewrite,new_n54,new_n99,0.8962890625000001,4,1.0,0,non_exact_candidate,0,0,256,1,rejected,Networks are NOT EQUIVALENT.  Time =     0.00 sec,direct,,rejected,rejected,original == NOT optimized
generated_multiplier_4,rewrite,new_n54,new_n58,0.8624999999999999,5,1.0,0,non_exact_candidate,0,0,256,1,rejected,Networks are NOT EQUIVALENT.  Time =     0.00 sec,direct,,rejected,rejected,original == NOT optimized
generated_multiplier_4,rewrite,new_n59,new_n102,0.8774739583333334,2,1.0,0,non_exact_candidate,0,0,256,1,rejected,Networks are NOT EQUIVALENT.  Time =     0.00 sec,direct,,rejected,rejected,original == NOT optimized
generated_multiplier_4,rewrite,new_n59,new_n63,0.8726562500000001,3,1.0,0,non_exact_candidate,0,0,256,1,rejected,Networks are NOT EQUIVALENT.  Time =     0.00 sec,direct,,rejected,rejected,original == NOT optimized
generated_multiplier_4,rewrite,new_n59,new_n47,0.86484375,4,1.0,0,non_exact_candidate,0,0,256,1,rejected,Networks are NOT EQUIVALENT.  Time =     0.00 sec,direct,,rejected,rejected,original == NOT optimized
generated_multiplier_4,rewrite,new_n60,new_n65,0.9328125,2,1.0,0,non_exact_candidate,0,0,256,1,rejected,Networks are NOT EQUIVALENT.  Time =     0.00 sec,direct,,rejected,rejected,original == NOT optimized
generated_multiplier_4,rewrite,new_n61,new_n100,0.987109375,2,1.0,0,non_exact_candidate,0,0,256,1,rejected,Networks are NOT EQUIVALENT.  Time =     0.00 sec,direct,,rejected,rejected,original == NOT optimized
generated_multiplier_4,rewrite,new_n61,new_n68,0.93984375,3,1.0,0,non_exact_candidate,0,0,256,1,rejected,Networks are NOT EQUIVALENT.  Time =     0.00 sec,direct,,rejected,rejected,original == NOT optimized
generated_multiplier_4,rewrite,new_n61,new_n77,0.9075520833333334,4,1.0,0,non_exact_candidate,0,0,256,1,rejected,Networks are NOT EQUIVALENT.  Time =     0.00 sec,direct,,rejected,rejected,original == NOT optimized
generated_multiplier_4,rewrite,new_n61,new_n69,0.90546875,5,1.0,0,non_exact_candidate,0,0,256,1,rejected,Networks are NOT EQUIVALENT.  Time =     0.00 sec,direct,,rejected,rejected,original == NOT optimized
generated_multiplier_4,rewrite,new_n62,new_n78,0.8798828125,2,1.0,0,non_exact_candidate,0,0,256,1,rejected,Networks are NOT EQUIVALENT.  Time =     0.00 sec,direct,,rejected,rejected,original == NOT optimized
generated_multiplier_4,rewrite,new_n63,new_n69,0.8962890625000001,2,1.0,0,non_exact_candidate,0,0,256,1,rejected,Networks are NOT EQUIVALENT.  Time =     0.00 sec,direct,,rejected,rejected,original == NOT optimized
generated_multiplier_4,rewrite,new_n63,new_n68,0.8619140625000001,3,1.0,0,non_exact_candidate,0,0,256,1,rejected,Networks are NOT EQUIVALENT.  Time =     0.00 sec,direct,,rejected,rejected,original == NOT optimized
generated_multiplier_4,rewrite,new_n63,new_n80,0.860546875,4,1.0,0,non_exact_candidate,0,0,256,1,rejected,Networks are NOT EQUIVALENT.  Time =     0.00 sec,direct,,rejected,rejected,original == NOT optimized
generated_multiplier_4,rewrite,new_n64,new_n75,0.8511718750000001,2,1.0,0,non_exact_candidate,0,0,256,1,rejected,Networks are NOT EQUIVALENT.  Time =     0.00 sec,direct,,rejected,rejected,original == NOT optimized
generated_multiplier_4,rewrite,new_n65,new_n47,0.90546875,2,1.0,0,non_exact_candidate,0,0,256,1,rejected,Networks are NOT EQUIVALENT.  Time =     0.00 sec,direct,,rejected,rejected,original == NOT optimized
generated_multiplier_4,rewrite,new_n65,new_n102,0.8865885416666668,3,1.0,0,non_exact_candidate,0,0,256,1,rejected,Networks are NOT EQUIVALENT.  Time =     0.00 sec,direct,,rejected,rejected,original == NOT optimized
generated_multiplier_4,rewrite,new_n65,new_n48,0.8624999999999999,4,1.0,0,non_exact_candidate,0,0,256,1,rejected,Networks are NOT EQUIVALENT.  Time =     0.00 sec,direct,,rejected,rejected,original == NOT optimized
generated_multiplier_4,rewrite,new_n65,new_n63,0.8559895833333334,5,1.0,0,non_exact_candidate,0,0,256,1,rejected,Networks are NOT EQUIVALENT.  Time =     0.00 sec,direct,,rejected,rejected,original == NOT optimized
generated_multiplier_4,rewrite,new_n66,new_n80,0.8882161458333333,2,1.0,0,non_exact_candidate,0,0,256,1,rejected,Networks are NOT EQUIVALENT.  Time =     0.00 sec,direct,,rejected,rejected,original == NOT optimized
generated_multiplier_4,rewrite,new_n66,new_n69,0.8774739583333334,3,1.0,0,non_exact_candidate,0,0,256,1,rejected,Networks are NOT EQUIVALENT.  Time =     0.00 sec,direct,,rejected,rejected,original == NOT optimized
generated_multiplier_4,rewrite,new_n66,new_n77,0.85390625,4,1.0,0,non_exact_candidate,0,0,256,1,rejected,Networks are NOT EQUIVALENT.  Time =     0.00 sec,direct,,rejected,rejected,original == NOT optimized
generated_multiplier_4,rewrite,new_n67,new_n99,0.9075520833333334,2,1.0,0,non_exact_candidate,0,0,256,1,rejected,Networks are NOT EQUIVALENT.  Time =     0.00 sec,direct,,rejected,rejected,original == NOT optimized
generated_multiplier_4,rewrite,new_n67,new_n100,0.9032552083333334,3,1.0,0,non_exact_candidate,0,0,256,1,rejected,Networks are NOT EQUIVALENT.  Time =     0.00 sec,direct,,rejected,rejected,original == NOT optimized
generated_multiplier_4,rewrite,new_n67,new_n120,0.8888671874999999,4,1.0,0,non_exact_candidate,0,0,256,1,rejected,Networks are NOT EQUIVALENT.  Time =     0.00 sec,direct,,rejected,rejected,original == NOT optimized
generated_multiplier_4,rewrite,new_n67,new_n91,0.8882161458333333,5,1.0,0,non_exact_candidate,0,0,256,1,rejected,Networks are NOT EQUIVALENT.  Time =     0.00 sec,direct,,rejected,rejected,original == NOT optimized
generated_multiplier_4,rewrite,new_n68,new_n70,0.8903645833333333,2,1.0,0,non_exact_candidate,0,0,256,1,rejected,Networks are NOT EQUIVALENT.  Time =     0.00 sec,direct,,rejected,rejected,original == NOT optimized
generated_multiplier_4,rewrite,new_n68,new_n93,0.8817708333333333,3,1.0,0,non_exact_candidate,0,0,256,1,rejected,Networks are NOT EQUIVALENT.  Time =     0.00 sec,direct,,rejected,rejected,original == NOT optimized
generated_multiplier_4,rewrite,new_n68,new_n106,0.8584375,4,1.0,0,non_exact_candidate,0,0,256,1,rejected,Networks are NOT EQUIVALENT.  Time =     0.00 sec,direct,,rejected,rejected,original == NOT optimized
generated_multiplier_4,rewrite,new_n68,new_n95,0.8562500000000001,5,1.0,0,non_exact_candidate,0,0,256,1,rejected,Networks are NOT EQUIVALENT.  Time =     0.00 sec,direct,,rejected,rejected,original == NOT optimized
generated_multiplier_4,rewrite,new_n70,new_n92,0.92265625,2,1.0,0,non_exact_candidate,0,0,256,1,rejected,Networks are NOT EQUIVALENT.  Time =     0.00 sec,direct,,rejected,rejected,original == NOT optimized
generated_multiplier_4,rewrite,new_n70,new_n77,0.8882161458333333,3,1.0,0,non_exact_candidate,0,0,256,1,rejected,Networks are NOT EQUIVALENT.  Time =     0.00 sec,direct,,rejected,rejected,original == NOT optimized
generated_multiplier_4,rewrite,new_n70,new_n120,0.8651041666666667,4,1.0,0,non_exact_candidate,0,0,256,1,rejected,Networks are NOT EQUIVALENT.  Time =     0.00 sec,direct,,rejected,rejected,original == NOT optimized
generated_multiplier_4,rewrite,new_n70,new_n81,0.8624999999999999,5,1.0,0,non_exact_candidate,0,0,256,1,rejected,Networks are NOT EQUIVALENT.  Time =     0.00 sec,direct,,rejected,rejected,original == NOT optimized
generated_multiplier_4,rewrite,new_n71,new_n78,0.868359375,2,1.0,0,non_exact_candidate,0,0,256,1,rejected,Networks are NOT EQUIVALENT.  Time =     0.00 sec,direct,,rejected,rejected,original == NOT optimized
generated_multiplier_4,rewrite,new_n72,new_n80,0.868359375,2,1.0,0,non_exact_candidate,0,0,256,1,rejected,Networks are NOT EQUIVALENT.  Time =     0.00 sec,direct,,rejected,rejected,original == NOT optimized
generated_multiplier_4,rewrite,new_n72,new_n81,0.8597656250000001,3,1.0,0,non_exact_candidate,0,0,256,1,rejected,Networks are NOT EQUIVALENT.  Time =     0.00 sec,direct,,rejected,rejected,original == NOT optimized
generated_multiplier_4,rewrite,new_n73,new_n81,0.8645833333333334,2,1.0,0,non_exact_candidate,0,0,256,1,rejected,Networks are NOT EQUIVALENT.  Time =     0.00 sec,direct,,rejected,rejected,original == NOT optimized
generated_multiplier_4,rewrite,new_n74,new_n123,0.8597656250000001,2,1.0,0,non_exact_candidate,0,0,256,1,rejected,Networks are NOT EQUIVALENT.  Time =     0.00 sec,direct,,rejected,rejected,original == NOT optimized
generated_multiplier_4,rewrite,new_n76,new_n96,0.945703125,2,1.0,0,non_exact_candidate,0,0,256,1,rejected,Networks are NOT EQUIVALENT.  Time =     0.00 sec,direct,,rejected,rejected,original == NOT optimized
generated_multiplier_4,rewrite,new_n76,new_n121,0.902734375,3,1.0,0,non_exact_candidate,0,0,256,1,rejected,Networks are NOT EQUIVALENT.  Time =     0.00 sec,direct,,rejected,rejected,original == NOT optimized
generated_multiplier_4,rewrite,new_n76,new_n120,0.8941406250000001,4,1.0,0,non_exact_candidate,0,0,256,1,rejected,Networks are NOT EQUIVALENT.  Time =     0.00 sec,direct,,rejected,rejected,original == NOT optimized
generated_multiplier_4,rewrite,new_n76,new_n123,0.8812500000000001,5,1.0,0,non_exact_candidate,0,0,256,1,rejected,Networks are NOT EQUIVALENT.  Time =     0.00 sec,direct,,rejected,rejected,original == NOT optimized
generated_multiplier_4,rewrite,new_n80,new_n97,0.87703125,2,1.0,0,non_exact_candidate,0,0,256,1,rejected,Networks are NOT EQUIVALENT.  Time =     0.00 sec,direct,,rejected,rejected,original == NOT optimized
generated_multiplier_4,rewrite,new_n80,new_n123,0.8731770833333333,3,1.0,0,non_exact_candidate,0,0,256,1,rejected,Networks are NOT EQUIVALENT.  Time =     0.00 sec,direct,,rejected,rejected,original == NOT optimized
generated_multiplier_4,rewrite,new_n80,new_n80,0.8640625000000001,4,1.0,0,non_exact_candidate,0,0,256,1,rejected,Networks are NOT EQUIVALENT.  Time =     0.00 sec,direct,,rejected,rejected,original == NOT optimized
generated_multiplier_4,rewrite,new_n80,new_n91,0.85546875,5,1.0,0,non_exact_candidate,0,0,256,1,rejected,Networks are NOT EQUIVALENT.  Time =     0.00 sec,direct,,rejected,rejected,original == NOT optimized
generated_multiplier_4,rewrite,new_n81,new_n93,0.9328125,2,1.0,0,non_exact_candidate,0,0,256,1,rejected,Networks are NOT EQUIVALENT.  Time =     0.00 sec,direct,,rejected,rejected,original == NOT optimized
generated_multiplier_4,rewrite,new_n81,new_n98,0.85984375,3,1.0,0,non_exact_candidate,0,0,256,1,rejected,Networks are NOT EQUIVALENT.  Time =     0.00 sec,direct,,rejected,rejected,original == NOT optimized
generated_multiplier_4,rewrite,new_n81,new_n78,0.8562500000000001,4,1.0,0,non_exact_candidate,0,0,256,1,rejected,Networks are NOT EQUIVALENT.  Time =     0.00 sec,direct,,rejected,rejected,original == NOT optimized
generated_multiplier_4,rewrite,new_n81,new_n106,0.8541294642857142,5,1.0,0,non_exact_candidate,0,0,256,1,rejected,Networks are NOT EQUIVALENT.  Time =     0.00 sec,direct,,rejected,rejected,original == NOT optimized
generated_multiplier_4,rewrite,new_n82,new_n121,0.987109375,2,1.0,0,non_exact_candidate,0,0,256,1,rejected,Networks are NOT EQUIVALENT.  Time =     0.00 sec,direct,,rejected,rejected,original == NOT optimized
generated_multiplier_4,rewrite,new_n82,new_n96,0.93984375,3,1.0,0,non_exact_candidate,0,0,256,1,rejected,Networks are NOT EQUIVALENT.  Time =     0.00 sec,direct,,rejected,rejected,original == NOT optimized
generated_multiplier_4,rewrite,new_n82,new_n105,0.9290364583333334,4,1.0,0,non_exact_candidate,0,0,256,1,rejected,Networks are NOT EQUIVALENT.  Time =     0.00 sec,direct,,rejected,rejected,original == NOT optimized
generated_multiplier_4,rewrite,new_n82,new_n123,0.9204427083333332,5,1.0,0,non_exact_candidate,0,0,256,1,rejected,Networks are NOT EQUIVALENT.  Time =     0.00 sec,direct,,rejected,rejected,original == NOT optimized
generated_multiplier_4,rewrite,new_n83,new_n106,0.8992187500000001,2,1.0,0,non_exact_candidate,0,0,256,1,rejected,Networks are NOT EQUIVALENT.  Time =     0.00 sec,direct,,rejected,rejected,original == NOT optimized
generated_multiplier_4,rewrite,new_n83,new_n95,0.8691406250000001,3,1.0,0,non_exact_candidate,0,0,256,1,rejected,Networks are NOT EQUIVALENT.  Time =     0.00 sec,direct,,rejected,rejected,original == NOT optimized
generated_multiplier_4,rewrite,new_n84,new_n97,0.8941406250000001,2,1.0,0,non_exact_candidate,0,0,256,1,rejected,Networks are NOT EQUIVALENT.  Time =     0.00 sec,direct,,rejected,rejected,original == NOT optimized
generated_multiplier_4,rewrite,new_n85,new_n103,0.928515625,2,1.0,0,non_exact_candidate,0,0,256,1,rejected,Networks are NOT EQUIVALENT.  Time =     0.00 sec,direct,,rejected,rejected,original == NOT optimized
generated_multiplier_4,rewrite,new_n85,new_n124,0.8833096590909091,3,1.0,0,non_exact_candidate,0,0,256,1,rejected,Networks are NOT EQUIVALENT.  Time =     0.00 sec,direct,,rejected,rejected,original == NOT optimized
generated_multiplier_4,rewrite,new_n85,new_n122,0.8734765625,4,1.0,0,non_exact_candidate,0,0,256,1,rejected,Networks are NOT EQUIVALENT.  Time =     0.00 sec,direct,,rejected,rejected,original == NOT optimized
generated_multiplier_4,rewrite,new_n85,new_n75,0.8630642361111112,5,0.875,0,non_exact_candidate,0,0,256,1,rejected,Networks are NOT EQUIVALENT.  Time =     0.00 sec,direct,,rejected,rejected,original == NOT optimized
generated_multiplier_4,rewrite,new_n86,new_n100,0.9182942708333334,2,1.0,0,non_exact_candidate,0,0,256,1,rejected,Networks are NOT EQUIVALENT.  Time =     0.00 sec,direct,,rejected,rejected,original == NOT optimized
generated_multiplier_4,rewrite,new_n86,new_n99,0.9139973958333334,3,1.0,0,non_exact_candidate,0,0,256,1,rejected,Networks are NOT EQUIVALENT.  Time =     0.00 sec,direct,,rejected,rejected,original == NOT optimized
generated_multiplier_4,rewrite,new_n86,new_n123,0.9037760416666668,4,1.0,0,non_exact_candidate,0,0,256,1,rejected,Networks are NOT EQUIVALENT.  Time =     0.00 sec,direct,,rejected,rejected,original == NOT optimized
generated_multiplier_4,rewrite,new_n86,new_n121,0.8996093749999999,5,1.0,0,non_exact_candidate,0,0,256,1,rejected,Networks are NOT EQUIVALENT.  Time =     0.00 sec,direct,,rejected,rejected,original == NOT optimized
generated_multiplier_4,rewrite,new_n87,new_n97,0.8774739583333334,2,1.0,0,non_exact_candidate,0,0,256,1,rejected,Networks are NOT EQUIVALENT.  Time =     0.00 sec,direct,,rejected,rejected,original == NOT optimized
generated_multiplier_4,rewrite,new_n87,new_n108,0.8753255208333334,3,1.0,0,non_exact_candidate,0,0,256,1,rejected,Networks are NOT EQUIVALENT.  Time =     0.00 sec,direct,,rejected,rejected,original == NOT optimized
generated_multiplier_4,rewrite,new_n87,new_n125,0.8651041666666667,4,1.0,0,non_exact_candidate,0,0,256,1,rejected,Networks are NOT EQUIVALENT.  Time =     0.00 sec,direct,,rejected,rejected,original == NOT optimized
generated_multiplier_4,rewrite,new_n87,new_n105,0.85390625,5,1.0,0,non_exact_candidate,0,0,256,1,rejected,Networks are NOT EQUIVALENT.  Time =     0.00 sec,direct,,rejected,rejected,original == NOT optimized
generated_multiplier_4,rewrite,new_n88,new_n135,0.9328125,2,1.0,0,non_exact_candidate,0,0,256,1,rejected,Networks are NOT EQUIVALENT.  Time =     0.00 sec,direct,,rejected,rejected,original == NOT optimized
generated_multiplier_4,rewrite,new_n88,new_n120,0.9290364583333334,3,1.0,0,non_exact_candidate,0,0,256,1,rejected,Networks are NOT EQUIVALENT.  Time =     0.00 sec,direct,,rejected,rejected,original == NOT optimized
generated_multiplier_4,rewrite,new_n88,new_n121,0.9204427083333332,4,1.0,0,non_exact_candidate,0,0,256,1,rejected,Networks are NOT EQUIVALENT.  Time =     0.00 sec,direct,,rejected,rejected,original == NOT optimized
generated_multiplier_4,rewrite,new_n88,new_n123,0.907109375,5,1.0,0,non_exact_candidate,0,0,256,1,rejected,Networks are NOT EQUIVALENT.  Time =     0.00 sec,direct,,rejected,rejected,original == NOT optimized
generated_multiplier_4,rewrite,new_n89,new_n98,0.9075520833333334,2,1.0,0,non_exact_candidate,0,0,256,1,rejected,Networks are NOT EQUIVALENT.  Time =     0.00 sec,direct,,rejected,rejected,original == NOT optimized
generated_multiplier_4,rewrite,new_n89,new_n117,0.8860677083333334,3,1.0,0,non_exact_candidate,0,0,256,1,rejected,Networks are NOT EQUIVALENT.  Time =     0.00 sec,direct,,rejected,rejected,original == NOT optimized
generated_multiplier_4,rewrite,new_n89,new_n119,0.860546875,4,1.0,0,non_exact_candidate,0,0,256,1,rejected,Networks are NOT EQUIVALENT.  Time =     0.00 sec,direct,,rejected,rejected,original == NOT optimized
generated_multiplier_4,rewrite,new_n89,new_n78,0.8584375,5,1.0,0,non_exact_candidate,0,0,256,1,rejected,Networks are NOT EQUIVALENT.  Time =     0.00 sec,direct,,rejected,rejected,original == NOT optimized
generated_multiplier_4,rewrite,new_n91,new_n116,0.918359375,2,1.0,0,non_exact_candidate,0,0,256,1,rejected,Networks are NOT EQUIVALENT.  Time =     0.00 sec,direct,,rejected,rejected,original == NOT optimized
generated_multiplier_4,rewrite,new_n91,new_n135,0.8791015625,3,1.0,0,non_exact_candidate,0,0,256,1,rejected,Networks are NOT EQUIVALENT.  Time =     0.00 sec,direct,,rejected,rejected,original == NOT optimized
generated_multiplier_4,rewrite,new_n91,new_n125,0.8755859375,4,1.0,0,non_exact_candidate,0,0,256,1,rejected,Networks are NOT EQUIVALENT.  Time =     0.00 sec,direct,,rejected,rejected,original == NOT optimized
generated_multiplier_4,rewrite,new_n91,new_n105,0.8753255208333334,5,1.0,0,non_exact_candidate,0,0,256,1,rejected,Networks are NOT EQUIVALENT.  Time =     0.00 sec,direct,,rejected,rejected,original == NOT optimized
generated_multiplier_4,rewrite,new_n92,new_n106,0.8705078125000001,2,1.0,0,non_exact_candidate,0,0,256,1,rejected,Networks are NOT EQUIVALENT.  Time =     0.00 sec,direct,,rejected,rejected,original == NOT optimized
generated_multiplier_4,rewrite,new_n93,new_n108,0.8705078125000001,2,1.0,0,non_exact_candidate,0,0,256,1,rejected,Networks are NOT EQUIVALENT.  Time =     0.00 sec,direct,,rejected,rejected,original == NOT optimized
generated_multiplier_4,rewrite,new_n93,new_n109,0.8619140625000001,3,1.0,0,non_exact_candidate,0,0,256,1,rejected,Networks are NOT EQUIVALENT.  Time =     0.00 sec,direct,,rejected,rejected,original == NOT optimized
generated_multiplier_4,rewrite,new_n94,new_n109,0.8688802083333333,2,1.0,0,non_exact_candidate,0,0,256,1,rejected,Networks are NOT EQUIVALENT.  Time =     0.00 sec,direct,,rejected,rejected,original == NOT optimized
generated_multiplier_4,rewrite,new_n95,new_n126,0.8705078125000001,2,1.0,0,non_exact_candidate,0,0,256,1,rejected,Networks are NOT EQUIVALENT.  Time =     0.00 sec,direct,,rejected,rejected,original == NOT optimized
generated_multiplier_4,rewrite,new_n95,new_n132,0.8619140625000001,3,1.0,0,non_exact_candidate,0,0,256,1,rejected,Networks are NOT EQUIVALENT.  Time =     0.00 sec,direct,,rejected,rejected,original == NOT optimized
generated_multiplier_4,rewrite,new_n98,new_n133,0.8925130208333334,2,1.0,0,non_exact_candidate,0,0,256,1,rejected,Networks are NOT EQUIVALENT.  Time =     0.00 sec,direct,,rejected,rejected,original == NOT optimized
generated_multiplier_4,rewrite,new_n98,new_n125,0.8796223958333333,3,1.0,0,non_exact_candidate,0,0,256,1,rejected,Networks are NOT EQUIVALENT.  Time =     0.00 sec,direct,,rejected,rejected,original == NOT optimized
generated_multiplier_4,rewrite,new_n98,new_n132,0.8710286458333333,4,1.0,0,non_exact_candidate,0,0,256,1,rejected,Networks are NOT EQUIVALENT.  Time =     0.00 sec,direct,,rejected,rejected,original == NOT optimized
generated_multiplier_4,rewrite,new_n98,new_n108,0.868359375,5,1.0,0,non_exact_candidate,0,0,256,1,rejected,Networks are NOT EQUIVALENT.  Time =     0.00 sec,direct,,rejected,rejected,original == NOT optimized
generated_multiplier_4,rewrite,new_n99,new_n117,0.9328125,2,1.0,0,non_exact_candidate,0,0,256,1,rejected,Networks are NOT EQUIVALENT.  Time =     0.00 sec,direct,,rejected,rejected,original == NOT optimized
generated_multiplier_4,rewrite,new_n99,new_n127,0.9075520833333334,3,1.0,0,non_exact_candidate,0,0,256,1,rejected,Networks are NOT EQUIVALENT.  Time =     0.00 sec,direct,,rejected,rejected,original == NOT optimized
generated_multiplier_4,rewrite,new_n99,new_n134,0.8817708333333333,4,1.0,0,non_exact_candidate,0,0,256,1,rejected,Networks are NOT EQUIVALENT.  Time =     0.00 sec,direct,,rejected,rejected,original == NOT optimized
generated_multiplier_4,rewrite,new_n99,new_n106,0.860546875,5,1.0,0,non_exact_candidate,0,0,256,1,rejected,Networks are NOT EQUIVALENT.  Time =     0.00 sec,direct,,rejected,rejected,original == NOT optimized
generated_multiplier_4,rewrite,new_n100,new_n124,0.9478515625,2,1.0,0,non_exact_candidate,0,0,256,1,rejected,Networks are NOT EQUIVALENT.  Time =     0.00 sec,direct,,rejected,rejected,original == NOT optimized
generated_multiplier_4,rewrite,new_n100,new_n103,0.908962673611111,3,1.0,0,non_exact_candidate,0,0,256,1,rejected,Networks are NOT EQUIVALENT.  Time =     0.00 sec,direct,,rejected,rejected,original == NOT optimized
generated_multiplier_4,rewrite,new_n100,new_n101,0.897109375,4,1.0,0,non_exact_candidate,0,0,256,1,rejected,Networks are NOT EQUIVALENT.  Time =     0.00 sec,direct,,rejected,rejected,original == NOT optimized
generated_multiplier_4,rewrite,new_n100,new_n98,0.8517578124999999,5,1.0,0,non_exact_candidate,0,0,256,1,rejected,Networks are NOT EQUIVALENT.  Time =     0.00 sec,direct,,rejected,rejected,original == NOT optimized
generated_multiplier_4,rewrite,new_n101,new_n135,0.94140625,2,1.0,0,non_exact_candidate,0,0,256,1,rejected,Networks are NOT EQUIVALENT.  Time =     0.00 sec,direct,,rejected,rejected,original == NOT optimized
generated_multiplier_4,rewrite,new_n101,new_n121,0.9204427083333332,3,1.0,0,non_exact_candidate,0,0,256,1,rejected,Networks are NOT EQUIVALENT.  Time =     0.00 sec,direct,,rejected,rejected,original == NOT optimized
generated_multiplier_4,rewrite,new_n101,new_n120,0.9118489583333332,4,1.0,0,non_exact_candidate,0,0,256,1,rejected,Networks are NOT EQUIVALENT.  Time =     0.00 sec,direct,,rejected,rejected,original == NOT optimized
generated_multiplier_4,rewrite,new_n101,new_n123,0.907109375,5,1.0,0,non_exact_candidate,0,0,256,1,rejected,Networks are NOT EQUIVALENT.  Time =     0.00 sec,direct,,rejected,rejected,original == NOT optimized
generated_multiplier_4,rewrite,new_n102,new_n126,0.97421875,2,1.0,0,non_exact_candidate,0,0,256,1,rejected,Networks are NOT EQUIVALENT.  Time =     0.00 sec,direct,,rejected,rejected,original == NOT optimized
generated_multiplier_4,rewrite,new_n102,new_n133,0.9484375,3,1.0,0,non_exact_candidate,0,0,256,1,rejected,Networks are NOT EQUIVALENT.  Time =     0.00 sec,direct,,rejected,rejected,original == NOT optimized
generated_multiplier_4,rewrite,new_n102,new_n135,0.915703125,4,1.0,0,non_exact_candidate,0,0,256,1,rejected,Networks are NOT EQUIVALENT.  Time =     0.00 sec,direct,,rejected,rejected,original == NOT optimized
generated_multiplier_4,rewrite,new_n102,new_n120,0.90390625,5,1.0,0,non_exact_candidate,0,0,256,1,rejected,Networks are NOT EQUIVALENT.  Time =     0.00 sec,direct,,rejected,rejected,original == NOT optimized
generated_multiplier_4,rewrite,new_n103,new_n127,0.937109375,2,1.0,0,non_exact_candidate,0,0,256,1,rejected,Networks are NOT EQUIVALENT.  Time =     0.00 sec,direct,,rejected,rejected,original == NOT optimized
generated_multiplier_4,rewrite,new_n103,new_n117,0.9032552083333334,3,1.0,0,non_exact_candidate,0,0,256,1,rejected,Networks are NOT EQUIVALENT.  Time =     0.00 sec,direct,,rejected,rejected,original == NOT optimized
generated_multiplier_4,rewrite,new_n103,new_n134,0.8855468750000001,4,1.0,0,non_exact_candidate,0,0,256,1,rejected,Networks are NOT EQUIVALENT.  Time =     0.00 sec,direct,,rejected,rejected,original == NOT optimized
generated_multiplier_4,rewrite,new_n103,new_n98,0.8584263392857143,5,1.0,0,non_exact_candidate,0,0,256,1,rejected,Networks are NOT EQUIVALENT.  Time =     0.00 sec,direct,,rejected,rejected,original == NOT optimized
generated_multiplier_4,rewrite,new_n104,new_n129,0.8941406250000001,2,1.0,0,non_exact_candidate,0,0,256,1,rejected,Networks are NOT EQUIVALENT.  Time =     0.00 sec,direct,,rejected,rejected,original == NOT optimized
generated_multiplier_4,rewrite,new_n104,new_n133,0.8726562500000001,3,1.0,0,non_exact_candidate,0,0,256,1,rejected,Networks are NOT EQUIVALENT.  Time =     0.00 sec,direct,,rejected,rejected,original == NOT optimized
generated_multiplier_4,rewrite,new_n104,new_n115,0.8576953125,4,1.0,0,non_exact_candidate,0,0,256,1,rejected,Networks are NOT EQUIVALENT.  Time =     0.00 sec,direct,,rejected,rejected,original == NOT optimized
generated_multiplier_4,rewrite,new_n104,new_n116,0.8576953125,5,1.0,0,non_exact_candidate,0,0,256,1,rejected,Networks are NOT EQUIVALENT.  Time =     0.00 sec,direct,,rejected,rejected,original == NOT optimized
generated_multiplier_4,rewrite,new_n105,new_n126,0.8774739583333334,2,1.0,0,non_exact_candidate,0,0,256,1,rejected,Networks are NOT EQUIVALENT.  Time =     0.00 sec,direct,,rejected,rejected,original == NOT optimized
generated_multiplier_4,rewrite,new_n105,new_n125,0.8731770833333333,3,1.0,0,non_exact_candidate,0,0,256,1,rejected,Networks are NOT EQUIVALENT.  Time =     0.00 sec,direct,,rejected,rejected,original == NOT optimized
generated_multiplier_4,rewrite,new_n105,new_n132,0.8602864583333333,4,1.0,0,non_exact_candidate,0,0,256,1,rejected,Networks are NOT EQUIVALENT.  Time =     0.00 sec,direct,,rejected,rejected,original == NOT optimized
generated_multiplier_4,rewrite,new_n105,new_n130,0.8582031250000001,5,1.0,0,non_exact_candidate,0,0,256,1,rejected,Networks are NOT EQUIVALENT.  Time =     0.00 sec,direct,,rejected,rejected,original == NOT optimized
generated_multiplier_4,rewrite,new_n106,new_n132,0.8645833333333334,2,1.0,0,non_exact_candidate,0,0,256,1,rejected,Networks are NOT EQUIVALENT.  Time =     0.00 sec,direct,,rejected,rejected,original == NOT optimized
generated_multiplier_4,rewrite,new_n106,new_n129,0.8582031250000001,3,1.0,0,non_exact_candidate,0,0,256,1,rejected,Networks are NOT EQUIVALENT.  Time =     0.00 sec,direct,,rejected,rejected,original == NOT optimized
generated_multiplier_4,rewrite,new_n108,new_n132,0.8941406250000001,2,1.0,0,non_exact_candidate,0,0,256,1,rejected,Networks are NOT EQUIVALENT.  Time =     0.00 sec,direct,,rejected,rejected,original == NOT optimized
generated_multiplier_4,rewrite,new_n108,new_n125,0.8812500000000001,3,1.0,0,non_exact_candidate,0,0,256,1,rejected,Networks are NOT EQUIVALENT.  Time =     0.00 sec,direct,,rejected,rejected,original == NOT optimized
generated_multiplier_4,rewrite,new_n108,new_n126,0.876953125,4,1.0,0,non_exact_candidate,0,0,256,1,rejected,Networks are NOT EQUIVALENT.  Time =     0.00 sec,direct,,rejected,rejected,original == NOT optimized
generated_multiplier_4,rewrite,new_n108,new_n135,0.8651041666666667,5,1.0,0,non_exact_candidate,0,0,256,1,rejected,Networks are NOT EQUIVALENT.  Time =     0.00 sec,direct,,rejected,rejected,original == NOT optimized
generated_multiplier_4,rewrite_z,new_n20,new_n24,0.8624999999999999,2,1.0,0,non_exact_candidate,0,0,256,1,rejected,Networks are NOT EQUIVALENT.  Time =     0.00 sec,direct,,rejected,rejected,original == NOT optimized
generated_multiplier_4,rewrite_z,new_n21,new_n24,0.8624999999999999,2,1.0,0,non_exact_candidate,0,0,256,1,rejected,Networks are NOT EQUIVALENT.  Time =     0.00 sec,direct,,rejected,rejected,original == NOT optimized
generated_multiplier_4,rewrite_z,new_n26,new_n21,0.8624999999999999,2,1.0,0,non_exact_candidate,0,0,256,1,rejected,Networks are NOT EQUIVALENT.  Time =     0.00 sec,direct,,rejected,rejected,original == NOT optimized
generated_multiplier_4,rewrite_z,new_n26,new_n24,0.8624999999999999,3,1.0,0,non_exact_candidate,0,0,256,1,rejected,Networks are NOT EQUIVALENT.  Time =     0.00 sec,direct,,rejected,rejected,original == NOT optimized
generated_multiplier_4,rewrite_z,new_n27,new_n30,0.9161458333333332,2,1.0,0,non_exact_candidate,0,0,256,1,rejected,Networks are NOT EQUIVALENT.  Time =     0.00 sec,direct,,rejected,rejected,original == NOT optimized
generated_multiplier_4,rewrite_z,new_n27,new_n38,0.896875,3,1.0,0,non_exact_candidate,0,0,256,1,rejected,Networks are NOT EQUIVALENT.  Time =     0.00 sec,direct,,rejected,rejected,original == NOT optimized
generated_multiplier_4,rewrite_z,new_n27,new_n26,0.8624999999999999,4,1.0,0,non_exact_candidate,0,0,256,1,rejected,Networks are NOT EQUIVALENT.  Time =     0.00 sec,direct,,rejected,rejected,original == NOT optimized
generated_multiplier_4,rewrite_z,new_n28,new_n26,0.896875,2,1.0,0,non_exact_candidate,0,0,256,1,rejected,Networks are NOT EQUIVALENT.  Time =     0.00 sec,direct,,rejected,rejected,original == NOT optimized
generated_multiplier_4,rewrite_z,new_n28,new_n38,0.896875,3,1.0,0,non_exact_candidate,0,0,256,1,rejected,Networks are NOT EQUIVALENT.  Time =     0.00 sec,direct,,rejected,rejected,original == NOT optimized
generated_multiplier_4,rewrite_z,new_n29,new_n28,0.8624999999999999,2,1.0,0,non_exact_candidate,0,0,256,1,rejected,Networks are NOT EQUIVALENT.  Time =     0.00 sec,direct,,rejected,rejected,original == NOT optimized
generated_multiplier_4,rewrite_z,new_n30,new_n43,0.91640625,2,1.0,0,non_exact_candidate,0,0,256,1,rejected,Networks are NOT EQUIVALENT.  Time =     0.00 sec,direct,,rejected,rejected,original == NOT optimized
generated_multiplier_4,rewrite_z,new_n30,new_n71,0.88203125,3,1.0,0,non_exact_candidate,0,0,256,1,rejected,Networks are NOT EQUIVALENT.  Time =     0.00 sec,direct,,rejected,rejected,original == NOT optimized
generated_multiplier_4,rewrite_z,new_n37,new_n26,0.8628125,3,0.8,0,non_exact_candidate,0,0,256,1,rejected,Networks are NOT EQUIVALENT.  Time =     0.00 sec,direct,,rejected,rejected,original == NOT optimized
generated_multiplier_4,rewrite_z,new_n37,new_n38,0.8628125,4,0.8,0,non_exact_candidate,0,0,256,1,rejected,Networks are NOT EQUIVALENT.  Time =     0.00 sec,direct,,rejected,rejected,original == NOT optimized
generated_multiplier_4,rewrite_z,new_n37,new_n20,0.8624999999999999,5,1.0,0,non_exact_candidate,0,0,256,1,rejected,Networks are NOT EQUIVALENT.  Time =     0.00 sec,direct,,rejected,rejected,original == NOT optimized
generated_multiplier_4,rewrite_z,new_n38,new_n38,0.8628125,2,0.8,0,non_exact_candidate,0,0,256,1,rejected,Networks are NOT EQUIVALENT.  Time =     0.00 sec,direct,,rejected,rejected,original == NOT optimized
generated_multiplier_4,rewrite_z,new_n39,new_n26,0.965625,2,1.0,0,non_exact_candidate,0,0,256,1,rejected,Networks are NOT EQUIVALENT.  Time =     0.00 sec,direct,,rejected,rejected,original == NOT optimized
generated_multiplier_4,rewrite_z,new_n39,new_n39,0.9128125,3,0.8,0,non_exact_candidate,0,0,256,1,rejected,Networks are NOT EQUIVALENT.  Time =     0.00 sec,direct,,rejected,rejected,original == NOT optimized
generated_multiplier_4,rewrite_z,new_n39,new_n24,0.8628125,4,0.8,0,non_exact_candidate,0,0,256,1,rejected,Networks are NOT EQUIVALENT.  Time =     0.00 sec,direct,,rejected,rejected,original == NOT optimized
generated_multiplier_4,rewrite_z,new_n39,new_n41,0.8628125,5,0.8,0,non_exact_candidate,0,0,256,1,rejected,Networks are NOT EQUIVALENT.  Time =     0.00 sec,direct,,rejected,rejected,original == NOT optimized
generated_multiplier_4,rewrite_z,new_n40,new_n42,0.9328125,2,1.0,0,non_exact_candidate,0,0,256,1,rejected,Networks are NOT EQUIVALENT.  Time =     0.00 sec,direct,,rejected,rejected,original == NOT optimized
generated_multiplier_4,rewrite_z,new_n40,new_n28,0.8624999999999999,3,1.0,0,non_exact_candidate,0,0,256,1,rejected,Networks are NOT EQUIVALENT.  Time =     0.00 sec,direct,,rejected,rejected,original == NOT optimized
generated_multiplier_4,rewrite_z,new_n41,new_n40,0.9328125,2,1.0,0,non_exact_candidate,0,0,256,1,rejected,Networks are NOT EQUIVALENT.  Time =     0.00 sec,direct,,rejected,rejected,original == NOT optimized
generated_multiplier_4,rewrite_z,new_n42,new_n37,0.90703125,2,1.0,0,non_exact_candidate,0,0,256,1,rejected,Networks are NOT EQUIVALENT.  Time =     0.00 sec,direct,,rejected,rejected,original == NOT optimized
generated_multiplier_4,rewrite_z,new_n42,new_n43,0.8817708333333333,3,1.0,0,non_exact_candidate,0,0,256,1,rejected,Networks are NOT EQUIVALENT.  Time =     0.00 sec,direct,,rejected,rejected,original == NOT optimized
generated_multiplier_4,rewrite_z,new_n42,new_n44,0.8817708333333333,4,1.0,0,non_exact_candidate,0,0,256,1,rejected,Networks are NOT EQUIVALENT.  Time =     0.00 sec,direct,,rejected,rejected,original == NOT optimized
generated_multiplier_4,rewrite_z,new_n42,new_n74,0.87421875,5,0.7142857142857143,0,non_exact_candidate,0,0,256,1,rejected,Networks are NOT EQUIVALENT.  Time =     0.00 sec,direct,,rejected,rejected,original == NOT optimized
generated_multiplier_4,rewrite_z,new_n44,new_n43,0.90703125,2,1.0,0,non_exact_candidate,0,0,256,1,rejected,Networks are NOT EQUIVALENT.  Time =     0.00 sec,direct,,rejected,rejected,original == NOT optimized
generated_multiplier_4,rewrite_z,new_n44,new_n44,0.90703125,3,1.0,0,non_exact_candidate,0,0,256,1,rejected,Networks are NOT EQUIVALENT.  Time =     0.00 sec,direct,,rejected,rejected,original == NOT optimized
generated_multiplier_4,rewrite_z,new_n44,new_n71,0.85546875,4,1.0,0,non_exact_candidate,0,0,256,1,rejected,Networks are NOT EQUIVALENT.  Time =     0.00 sec,direct,,rejected,rejected,original == NOT optimized
generated_multiplier_4,rewrite_z,new_n45,new_n44,0.915625,2,0.8571428571428571,0,non_exact_candidate,0,0,256,1,rejected,Networks are NOT EQUIVALENT.  Time =     0.00 sec,direct,,rejected,rejected,original == NOT optimized
generated_multiplier_4,rewrite_z,new_n45,new_n71,0.90703125,3,0.8571428571428571,0,non_exact_candidate,0,0,256,1,rejected,Networks are NOT EQUIVALENT.  Time =     0.00 sec,direct,,rejected,rejected,original == NOT optimized
generated_multiplier_4,rewrite_z,new_n45,new_n43,0.8984375,4,0.8571428571428571,0,non_exact_candidate,0,0,256,1,rejected,Networks are NOT EQUIVALENT.  Time =     0.00 sec,direct,,rejected,rejected,original == NOT optimized
generated_multiplier_4,rewrite_z,new_n45,new_n102,0.873828125,5,1.0,0,non_exact_candidate,0,0,256,1,rejected,Networks are NOT EQUIVALENT.  Time =     0.00 sec,direct,,rejected,rejected,original == NOT optimized
generated_multiplier_4,rewrite_z,new_n47,new_n51,0.88203125,2,1.0,0,non_exact_candidate,0,0,256,1,rejected,Networks are NOT EQUIVALENT.  Time =     0.00 sec,direct,,rejected,rejected,original == NOT optimized
generated_multiplier_4,rewrite_z,new_n48,new_n48,0.88828125,3,1.0,0,non_exact_candidate,0,0,256,1,rejected,Networks are NOT EQUIVALENT.  Time =     0.00 sec,direct,,rejected,rejected,original == NOT optimized
generated_multiplier_4,rewrite_z,new_n48,new_n72,0.8817708333333333,4,1.0,0,non_exact_candidate,0,0,256,1,rejected,Networks are NOT EQUIVALENT.  Time =     0.00 sec,direct,,rejected,rejected,original == NOT optimized
generated_multiplier_4,rewrite_z,new_n48,new_n64,0.8731770833333333,5,1.0,0,non_exact_candidate,0,0,256,1,rejected,Networks are NOT EQUIVALENT.  Time =     0.00 sec,direct,,rejected,rejected,original == NOT optimized
generated_multiplier_4,rewrite_z,new_n49,new_n49,0.85546875,2,1.0,0,non_exact_candidate,0,0,256,1,rejected,Networks are NOT EQUIVALENT.  Time =     0.00 sec,direct,,rejected,rejected,original == NOT optimized
generated_multiplier_4,rewrite_z,new_n50,new_n51,0.85546875,2,1.0,0,non_exact_candidate,0,0,256,1,rejected,Networks are NOT EQUIVALENT.  Time =     0.00 sec,direct,,rejected,rejected,original == NOT optimized
generated_multiplier_4,rewrite_z,new_n51,new_n52,0.90546875,2,1.0,0,non_exact_candidate,0,0,256,1,rejected,Networks are NOT EQUIVALENT.  Time =     0.00 sec,direct,,rejected,rejected,original == NOT optimized
generated_multiplier_4,rewrite_z,new_n51,new_n51,0.88828125,3,1.0,0,non_exact_candidate,0,0,256,1,rejected,Networks are NOT EQUIVALENT.  Time =     0.00 sec,direct,,rejected,rejected,original == NOT optimized
generated_multiplier_4,rewrite_z,new_n52,new_n63,0.90546875,2,1.0,0,non_exact_candidate,0,0,256,1,rejected,Networks are NOT EQUIVALENT.  Time =     0.00 sec,direct,,rejected,rejected,original == NOT optimized
generated_multiplier_4,rewrite_z,new_n52,new_n64,0.896875,3,1.0,0,non_exact_candidate,0,0,256,1,rejected,Networks are NOT EQUIVALENT.  Time =     0.00 sec,direct,,rejected,rejected,original == NOT optimized
generated_multiplier_4,rewrite_z,new_n53,new_n53,0.8624999999999999,2,1.0,0,non_exact_candidate,0,0,256,1,rejected,Networks are NOT EQUIVALENT.  Time =     0.00 sec,direct,,rejected,rejected,original == NOT optimized
generated_multiplier_4,rewrite_z,new_n54,new_n68,0.9185546875,2,1.0,0,non_exact_candidate,0,0,256,1,rejected,Networks are NOT EQUIVALENT.  Time =     0.00 sec,direct,,rejected,rejected,original == NOT optimized
generated_multiplier_4,rewrite_z,new_n54,new_n100,0.8755859375,3,1.0,0,non_exact_candidate,0,0,256,1,rejected,Networks are NOT EQUIVALENT.  Time =     0.00 sec,direct,,rejected,rejected,original == NOT optimized
generated_multiplier_4,rewrite_z,new_n54,new_n99,0.8712890625,4,1.0,0,non_exact_candidate,0,0,256,1,rejected,Networks are NOT EQUIVALENT.  Time =     0.00 sec,direct,,rejected,rejected,original == NOT optimized
generated_multiplier_4,rewrite_z,new_n54,new_n121,0.8561298076923076,5,1.0,0,non_exact_candidate,0,0,256,1,rejected,Networks are NOT EQUIVALENT.  Time =     0.00 sec,direct,,rejected,rejected,original == NOT optimized
generated_multiplier_4,rewrite_z,new_n61,new_n64,0.9075520833333334,2,1.0,0,non_exact_candidate,0,0,256,1,rejected,Networks are NOT EQUIVALENT.  Time =     0.00 sec,direct,,rejected,rejected,original == NOT optimized
generated_multiplier_4,rewrite_z,new_n61,new_n63,0.8989583333333333,3,1.0,0,non_exact_candidate,0,0,256,1,rejected,Networks are NOT EQUIVALENT.  Time =     0.00 sec,direct,,rejected,rejected,original == NOT optimized
generated_multiplier_4,rewrite_z,new_n61,new_n48,0.88828125,4,1.0,0,non_exact_candidate,0,0,256,1,rejected,Networks are NOT EQUIVALENT.  Time =     0.00 sec,direct,,rejected,rejected,original == NOT optimized
generated_multiplier_4,rewrite_z,new_n63,new_n65,0.9161458333333332,2,1.0,0,non_exact_candidate,0,0,256,1,rejected,Networks are NOT EQUIVALENT.  Time =     0.00 sec,direct,,rejected,rejected,original == NOT optimized
generated_multiplier_4,rewrite_z,new_n63,new_n49,0.90546875,3,1.0,0,non_exact_candidate,0,0,256,1,rejected,Networks are NOT EQUIVALENT.  Time =     0.00 sec,direct,,rejected,rejected,original == NOT optimized
generated_multiplier_4,rewrite_z,new_n64,new_n100,0.9204427083333332,3,1.0,0,non_exact_candidate,0,0,256,1,rejected,Networks are NOT EQUIVALENT.  Time =     0.00 sec,direct,,rejected,rejected,original == NOT optimized
generated_multiplier_4,rewrite_z,new_n64,new_n120,0.9018880208333332,4,1.0,0,non_exact_candidate,0,0,256,1,rejected,Networks are NOT EQUIVALENT.  Time =     0.00 sec,direct,,rejected,rejected,original == NOT optimized
generated_multiplier_4,rewrite_z,new_n64,new_n105,0.9006975446428571,5,1.0,0,non_exact_candidate,0,0,256,1,rejected,Networks are NOT EQUIVALENT.  Time =     0.00 sec,direct,,rejected,rejected,original == NOT optimized
generated_multiplier_4,rewrite_z,new_n65,new_n78,0.8715494791666667,2,1.0,0,non_exact_candidate,0,0,256,1,rejected,Networks are NOT EQUIVALENT.  Time =     0.00 sec,direct,,rejected,rejected,original == NOT optimized
generated_multiplier_4,rewrite_z,new_n65,new_n67,0.8525390625,3,0.875,0,non_exact_candidate,0,0,256,1,rejected,Networks are NOT EQUIVALENT.  Time =     0.00 sec,direct,,rejected,rejected,original == NOT optimized
generated_multiplier_4,rewrite_z,new_n66,new_n62,0.90546875,2,1.0,0,non_exact_candidate,0,0,256,1,rejected,Networks are NOT EQUIVALENT.  Time =     0.00 sec,direct,,rejected,rejected,original == NOT optimized
generated_multiplier_4,rewrite_z,new_n66,new_n69,0.8962890625000001,3,1.0,0,non_exact_candidate,0,0,256,1,rejected,Networks are NOT EQUIVALENT.  Time =     0.00 sec,direct,,rejected,rejected,original == NOT optimized
generated_multiplier_4,rewrite_z,new_n66,new_n68,0.8619140625000001,4,1.0,0,non_exact_candidate,0,0,256,1,rejected,Networks are NOT EQUIVALENT.  Time =     0.00 sec,direct,,rejected,rejected,original == NOT optimized
generated_multiplier_4,rewrite_z,new_n66,new_n80,0.8522135416666667,5,1.0,0,non_exact_candidate,0,0,256,1,rejected,Networks are NOT EQUIVALENT.  Time =     0.00 sec,direct,,rejected,rejected,original == NOT optimized
generated_multiplier_4,rewrite_z,new_n68,new_n71,0.915625,2,0.8571428571428571,0,non_exact_candidate,0,0,256,1,rejected,Networks are NOT EQUIVALENT.  Time =     0.00 sec,direct,,rejected,rejected,original == NOT optimized
generated_multiplier_4,rewrite_z,new_n68,new_n44,0.90703125,3,0.8571428571428571,0,non_exact_candidate,0,0,256,1,rejected,Networks are NOT EQUIVALENT.  Time =     0.00 sec,direct,,rejected,rejected,original == NOT optimized
generated_multiplier_4,rewrite_z,new_n68,new_n43,0.8898437499999999,4,0.8571428571428571,0,non_exact_candidate,0,0,256,1,rejected,Networks are NOT EQUIVALENT.  Time =     0.00 sec,direct,,rejected,rejected,original == NOT optimized
generated_multiplier_4,rewrite_z,new_n68,new_n102,0.882421875,5,1.0,0,non_exact_candidate,0,0,256,1,rejected,Networks are NOT EQUIVALENT.  Time =     0.00 sec,direct,,rejected,rejected,original == NOT optimized
generated_multiplier_4,rewrite_z,new_n69,new_n99,0.97421875,2,1.0,0,non_exact_candidate,0,0,256,1,rejected,Networks are NOT EQUIVALENT.  Time =     0.00 sec,direct,,rejected,rejected,original == NOT optimized
generated_multiplier_4,rewrite_z,new_n69,new_n68,0.944140625,3,1.0,0,non_exact_candidate,0,0,256,1,rejected,Networks are NOT EQUIVALENT.  Time =     0.00 sec,direct,,rejected,rejected,original == NOT optimized
generated_multiplier_4,rewrite_z,new_n69,new_n69,0.9140625,4,1.0,0,non_exact_candidate,0,0,256,1,rejected,Networks are NOT EQUIVALENT.  Time =     0.00 sec,direct,,rejected,rejected,original == NOT optimized
generated_multiplier_4,rewrite_z,new_n69,new_n123,0.8974609375,5,1.0,0,non_exact_candidate,0,0,256,1,rejected,Networks are NOT EQUIVALENT.  Time =     0.00 sec,direct,,rejected,rejected,original == NOT optimized
generated_multiplier_4,rewrite_z,new_n70,new_n78,0.9056640625,2,1.0,0,non_exact_candidate,0,0,256,1,rejected,Networks are NOT EQUIVALENT.  Time =     0.00 sec,direct,,rejected,rejected,original == NOT optimized
generated_multiplier_4,rewrite_z,new_n70,new_n98,0.8510830965909091,3,1.0,0,non_exact_candidate,0,0,256,1,rejected,Networks are NOT EQUIVALENT.  Time =     0.00 sec,direct,,rejected,rejected,original == NOT optimized
generated_multiplier_4,rewrite_z,new_n71,new_n69,0.8705078125000001,2,1.0,0,non_exact_candidate,0,0,256,1,rejected,Networks are NOT EQUIVALENT.  Time =     0.00 sec,direct,,rejected,rejected,original == NOT optimized
generated_multiplier_4,rewrite_z,new_n71,new_n80,0.8691406250000001,3,1.0,0,non_exact_candidate,0,0,256,1,rejected,Networks are NOT EQUIVALENT.  Time =     0.00 sec,direct,,rejected,rejected,original == NOT optimized
generated_multiplier_4,rewrite_z,new_n71,new_n104,0.857528409090909,4,1.0,0,non_exact_candidate,0,0,256,1,rejected,Networks are NOT EQUIVALENT.  Time =     0.00 sec,direct,,rejected,rejected,original == NOT optimized
generated_multiplier_4,rewrite_z,new_n72,new_n76,0.8990234375,3,1.0,0,non_exact_candidate,0,0,256,1,rejected,Networks are NOT EQUIVALENT.  Time =     0.00 sec,direct,,rejected,rejected,original == NOT optimized
generated_multiplier_4,rewrite_z,new_n72,new_n99,0.8753255208333334,4,1.0,0,non_exact_candidate,0,0,256,1,rejected,Networks are NOT EQUIVALENT.  Time =     0.00 sec,direct,,rejected,rejected,original == NOT optimized
generated_multiplier_4,rewrite_z,new_n72,new_n100,0.8710286458333333,5,1.0,0,non_exact_candidate,0,0,256,1,rejected,Networks are NOT EQUIVALENT.  Time =     0.00 sec,direct,,rejected,rejected,original == NOT optimized
generated_multiplier_4,rewrite_z,new_n73,new_n78,0.868359375,2,1.0,0,non_exact_candidate,0,0,256,1,rejected,Networks are NOT EQUIVALENT.  Time =     0.00 sec,direct,,rejected,rejected,original == NOT optimized
generated_multiplier_4,rewrite_z,new_n73,new_n70,0.8511718750000001,3,1.0,0,non_exact_candidate,0,0,256,1,rejected,Networks are NOT EQUIVALENT.  Time =     0.00 sec,direct,,rejected,rejected,original == NOT optimized
generated_multiplier_4,rewrite_z,new_n74,new_n80,0.868359375,2,1.0,0,non_exact_candidate,0,0,256,1,rejected,Networks are NOT EQUIVALENT.  Time =     0.00 sec,direct,,rejected,rejected,original == NOT optimized
generated_multiplier_4,rewrite_z,new_n74,new_n81,0.8597656250000001,3,1.0,0,non_exact_candidate,0,0,256,1,rejected,Networks are NOT EQUIVALENT.  Time =     0.00 sec,direct,,rejected,rejected,original == NOT optimized
generated_multiplier_4,rewrite_z,new_n75,new_n81,0.93125,2,1.0,0,non_exact_candidate,0,0,256,1,rejected,Networks are NOT EQUIVALENT.  Time =     0.00 sec,direct,,rejected,rejected,original == NOT optimized
generated_multiplier_4,rewrite_z,new_n75,new_n80,0.896875,3,1.0,0,non_exact_candidate,0,0,256,1,rejected,Networks are NOT EQUIVALENT.  Time =     0.00 sec,direct,,rejected,rejected,original == NOT optimized
generated_multiplier_4,rewrite_z,new_n76,new_n91,0.896875,2,1.0,0,non_exact_candidate,0,0,256,1,rejected,Networks are NOT EQUIVALENT.  Time =     0.00 sec,direct,,rejected,rejected,original == NOT optimized
generated_multiplier_4,rewrite_z,new_n76,new_n92,0.896875,3,1.0,0,non_exact_candidate,0,0,256,1,rejected,Networks are NOT EQUIVALENT.  Time =     0.00 sec,direct,,rejected,rejected,original == NOT optimized
generated_multiplier_4,rewrite_z,new_n77,new_n82,0.8624999999999999,2,1.0,0,non_exact_candidate,0,0,256,1,rejected,Networks are NOT EQUIVALENT.  Time =     0.00 sec,direct,,rejected,rejected,original == NOT optimized
generated_multiplier_4,rewrite_z,new_n78,new_n96,0.920703125,2,1.0,0,non_exact_candidate,0,0,256,1,rejected,Networks are NOT EQUIVALENT.  Time =     0.00 sec,direct,,rejected,rejected,original == NOT optimized
generated_multiplier_4,rewrite_z,new_n78,new_n84,0.909765625,3,1.0,0,non_exact_candidate,0,0,256,1,rejected,Networks are NOT EQUIVALENT.  Time =     0.00 sec,direct,,rejected,rejected,original == NOT optimized
generated_multiplier_4,rewrite_z,new_n78,new_n85,0.892578125,4,1.0,0,non_exact_candidate,0,0,256,1,rejected,Networks are NOT EQUIVALENT.  Time =     0.00 sec,direct,,rejected,rejected,original == NOT optimized
generated_multiplier_4,rewrite_z,new_n78,new_n123,0.8812500000000001,5,1.0,0,non_exact_candidate,0,0,256,1,rejected,Networks are NOT EQUIVALENT.  Time =     0.00 sec,direct,,rejected,rejected,original == NOT optimized
generated_multiplier_4,rewrite_z,new_n84,new_n76,0.9248046875,2,1.0,0,non_exact_candidate,0,0,256,1,rejected,Networks are NOT EQUIVALENT.  Time =     0.00 sec,direct,,rejected,rejected,original == NOT optimized
generated_multiplier_4,rewrite_z,new_n84,new_n91,0.8946614583333333,3,1.0,0,non_exact_candidate,0,0,256,1,rejected,Networks are NOT EQUIVALENT.  Time =     0.00 sec,direct,,rejected,rejected,original == NOT optimized
generated_multiplier_4,rewrite_z,new_n84,new_n92,0.8946614583333333,4,1.0,0,non_exact_candidate,0,0,256,1,rejected,Networks are NOT EQUIVALENT.  Time =     0.00 sec,direct,,rejected,rejected,original == NOT optimized
generated_multiplier_4,rewrite_z,new_n84,new_n97,0.891015625,5,1.0,0,non_exact_candidate,0,0,256,1,rejected,Networks are NOT EQUIVALENT.  Time =     0.00 sec,direct,,rejected,rejected,original == NOT optimized
generated_multiplier_4,rewrite_z,new_n86,new_n93,0.9161458333333332,3,1.0,0,non_exact_candidate,0,0,256,1,rejected,Networks are NOT EQUIVALENT.  Time =     0.00 sec,direct,,rejected,rejected,original == NOT optimized
generated_multiplier_4,rewrite_z,new_n86,new_n98,0.85234375,4,1.0,0,non_exact_candidate,0,0,256,1,rejected,Networks are NOT EQUIVALENT.  Time =     0.00 sec,direct,,rejected,rejected,original == NOT optimized
generated_multiplier_4,rewrite_z,new_n87,new_n121,0.9204427083333332,3,1.0,0,non_exact_candidate,0,0,256,1,rejected,Networks are NOT EQUIVALENT.  Time =     0.00 sec,direct,,rejected,rejected,original == NOT optimized
generated_multiplier_4,rewrite_z,new_n87,new_n105,0.915703125,4,1.0,0,non_exact_candidate,0,0,256,1,rejected,Networks are NOT EQUIVALENT.  Time =     0.00 sec,direct,,rejected,rejected,original == NOT optimized
generated_multiplier_4,rewrite_z,new_n87,new_n99,0.9060546875,5,1.0,0,non_exact_candidate,0,0,256,1,rejected,Networks are NOT EQUIVALENT.  Time =     0.00 sec,direct,,rejected,rejected,original == NOT optimized
generated_multiplier_4,rewrite_z,new_n88,new_n95,0.8941406250000001,2,1.0,0,non_exact_candidate,0,0,256,1,rejected,Networks are NOT EQUIVALENT.  Time =     0.00 sec,direct,,rejected,rejected,original == NOT optimized
generated_multiplier_4,rewrite_z,new_n88,new_n106,0.8908854166666668,3,1.0,0,non_exact_candidate,0,0,256,1,rejected,Networks are NOT EQUIVALENT.  Time =     0.00 sec,direct,,rejected,rejected,original == NOT optimized
generated_multiplier_4,rewrite_z,new_n88,new_n93,0.8602864583333333,4,1.0,0,non_exact_candidate,0,0,256,1,rejected,Networks are NOT EQUIVALENT.  Time =     0.00 sec,direct,,rejected,rejected,original == NOT optimized
generated_multiplier_4,rewrite_z,new_n88,new_n78,0.8512500000000001,5,1.0,0,non_exact_candidate,0,0,256,1,rejected,Networks are NOT EQUIVALENT.  Time =     0.00 sec,direct,,rejected,rejected,original == NOT optimized
generated_multiplier_4,rewrite_z,new_n89,new_n97,0.8941406250000001,2,1.0,0,non_exact_candidate,0,0,256,1,rejected,Networks are NOT EQUIVALENT.  Time =     0.00 sec,direct,,rejected,rejected,original == NOT optimized
generated_multiplier_4,rewrite_z,new_n89,new_n90,0.88828125,3,1.0,0,non_exact_candidate,0,0,256,1,rejected,Networks are NOT EQUIVALENT.  Time =     0.00 sec,direct,,rejected,rejected,original == NOT optimized
generated_multiplier_4,rewrite_z,new_n90,new_n101,0.9011067708333332,2,1.0,0,non_exact_candidate,0,0,256,1,rejected,Networks are NOT EQUIVALENT.  Time =     0.00 sec,direct,,rejected,rejected,original == NOT optimized
generated_multiplier_4,rewrite_z,new_n90,new_n124,0.8819110576923077,3,1.0,0,non_exact_candidate,0,0,256,1,rejected,Networks are NOT EQUIVALENT.  Time =     0.00 sec,direct,,rejected,rejected,original == NOT optimized
generated_multiplier_4,rewrite_z,new_n90,new_n122,0.8718098958333333,4,1.0,0,non_exact_candidate,0,0,256,1,rejected,Networks are NOT EQUIVALENT.  Time =     0.00 sec,direct,,rejected,rejected,original == NOT optimized
generated_multiplier_4,rewrite_z,new_n90,new_n75,0.8662388392857143,5,0.875,0,non_exact_candidate,0,0,256,1,rejected,Networks are NOT EQUIVALENT.  Time =     0.00 sec,direct,,rejected,rejected,original == NOT optimized
generated_multiplier_4,rewrite_z,new_n91,new_n99,0.9806640625,2,1.0,0,non_exact_candidate,0,0,256,1,rejected,Networks are NOT EQUIVALENT.  Time =     0.00 sec,direct,,rejected,rejected,original == NOT optimized
generated_multiplier_4,rewrite_z,new_n91,new_n68,0.9376953125,3,1.0,0,non_exact_candidate,0,0,256,1,rejected,Networks are NOT EQUIVALENT.  Time =     0.00 sec,direct,,rejected,rejected,original == NOT optimized
generated_multiplier_4,rewrite_z,new_n91,new_n69,0.9076171875,4,1.0,0,non_exact_candidate,0,0,256,1,rejected,Networks are NOT EQUIVALENT.  Time =     0.00 sec,direct,,rejected,rejected,original == NOT optimized
generated_multiplier_4,rewrite_z,new_n91,new_n123,0.8996093749999999,5,1.0,0,non_exact_candidate,0,0,256,1,rejected,Networks are NOT EQUIVALENT.  Time =     0.00 sec,direct,,rejected,rejected,original == NOT optimized
generated_multiplier_4,rewrite_z,new_n92,new_n120,0.97421875,2,1.0,0,non_exact_candidate,0,0,256,1,rejected,Networks are NOT EQUIVALENT.  Time =     0.00 sec,direct,,rejected,rejected,original == NOT optimized
generated_multiplier_4,rewrite_z,new_n92,new_n96,0.944140625,3,1.0,0,non_exact_candidate,0,0,256,1,rejected,Networks are NOT EQUIVALENT.  Time =     0.00 sec,direct,,rejected,rejected,original == NOT optimized
generated_multiplier_4,rewrite_z,new_n92,new_n123,0.9204427083333332,4,1.0,0,non_exact_candidate,0,0,256,1,rejected,Networks are NOT EQUIVALENT.  Time =     0.00 sec,direct,,rejected,rejected,original == NOT optimized
generated_multiplier_4,rewrite_z,new_n92,new_n135,0.912109375,5,1.0,0,non_exact_candidate,0,0,256,1,rejected,Networks are NOT EQUIVALENT.  Time =     0.00 sec,direct,,rejected,rejected,original == NOT optimized
generated_multiplier_4,rewrite_z,new_n93,new_n106,0.903515625,2,1.0,0,non_exact_candidate,0,0,256,1,rejected,Networks are NOT EQUIVALENT.  Time =     0.00 sec,direct,,rejected,rejected,original == NOT optimized
generated_multiplier_4,rewrite_z,new_n93,new_n95,0.86484375,3,1.0,0,non_exact_candidate,0,0,256,1,rejected,Networks are NOT EQUIVALENT.  Time =     0.00 sec,direct,,rejected,rejected,original == NOT optimized
generated_multiplier_4,rewrite_z,new_n94,new_n97,0.88984375,2,1.0,0,non_exact_candidate,0,0,256,1,rejected,Networks are NOT EQUIVALENT.  Time =     0.00 sec,direct,,rejected,rejected,original == NOT optimized
generated_multiplier_4,rewrite_z,new_n94,new_n108,0.8669921875000001,3,1.0,0,non_exact_candidate,0,0,256,1,rejected,Networks are NOT EQUIVALENT.  Time =     0.00 sec,direct,,rejected,rejected,original == NOT optimized
generated_multiplier_4,rewrite_z,new_n94,new_n125,0.8584263392857143,4,1.0,0,non_exact_candidate,0,0,256,1,rejected,Networks are NOT EQUIVALENT.  Time =     0.00 sec,direct,,rejected,rejected,original == NOT optimized
generated_multiplier_4,rewrite_z,new_n95,new_n104,0.9119140625,3,1.0,0,non_exact_candidate,0,0,256,1,rejected,Networks are NOT EQUIVALENT.  Time =     0.00 sec,direct,,rejected,rejected,original == NOT optimized
generated_multiplier_4,rewrite_z,new_n95,new_n135,0.8791015625,4,1.0,0,non_exact_candidate,0,0,256,1,rejected,Networks are NOT EQUIVALENT.  Time =     0.00 sec,direct,,rejected,rejected,original == NOT optimized
generated_multiplier_4,rewrite_z,new_n95,new_n120,0.8753255208333334,5,1.0,0,non_exact_candidate,0,0,256,1,rejected,Networks are NOT EQUIVALENT.  Time =     0.00 sec,direct,,rejected,rejected,original == NOT optimized
generated_multiplier_4,rewrite_z,new_n96,new_n106,0.8705078125000001,2,1.0,0,non_exact_candidate,0,0,256,1,rejected,Networks are NOT EQUIVALENT.  Time =     0.00 sec,direct,,rejected,rejected,original == NOT optimized
generated_multiplier_4,rewrite_z,new_n96,new_n110,0.8669921875000001,3,1.0,0,non_exact_candidate,0,0,256,1,rejected,Networks are NOT EQUIVALENT.  Time =     0.00 sec,direct,,rejected,rejected,original == NOT optimized
generated_multiplier_4,rewrite_z,new_n97,new_n112,0.8669921875000001,2,1.0,0,non_exact_candidate,0,0,256,1,rejected,Networks are NOT EQUIVALENT.  Time =     0.00 sec,direct,,rejected,rejected,original == NOT optimized
generated_multiplier_4,rewrite_z,new_n97,new_n109,0.8619140625000001,3,1.0,0,non_exact_candidate,0,0,256,1,rejected,Networks are NOT EQUIVALENT.  Time =     0.00 sec,direct,,rejected,rejected,original == NOT optimized
generated_multiplier_4,rewrite_z,new_n98,new_n108,0.896875,3,1.0,0,non_exact_candidate,0,0,256,1,rejected,Networks are NOT EQUIVALENT.  Time =     0.00 sec,direct,,rejected,rejected,original == NOT optimized
generated_multiplier_4,rewrite_z,new_n99,new_n115,0.896875,2,1.0,0,non_exact_candidate,0,0,256,1,rejected,Networks are NOT EQUIVALENT.  Time =     0.00 sec,direct,,rejected,rejected,original == NOT optimized
generated_multiplier_4,rewrite_z,new_n99,new_n116,0.896875,3,1.0,0,non_exact_candidate,0,0,256,1,rejected,Networks are NOT EQUIVALENT.  Time =     0.00 sec,direct,,rejected,rejected,original == NOT optimized
generated_multiplier_4,rewrite_z,new_n99,new_n135,0.8619140625000001,4,1.0,0,non_exact_candidate,0,0,256,1,rejected,Networks are NOT EQUIVALENT.  Time =     0.00 sec,direct,,rejected,rejected,original == NOT optimized
generated_multiplier_4,rewrite_z,new_n99,new_n105,0.8538411458333334,5,1.0,0,non_exact_candidate,0,0,256,1,rejected,Networks are NOT EQUIVALENT.  Time =     0.00 sec,direct,,rejected,rejected,original == NOT optimized
generated_multiplier_4,rewrite_z,new_n101,new_n122,0.9204427083333332,2,1.0,0,non_exact_candidate,0,0,256,1,rejected,Networks are NOT EQUIVALENT.  Time =     0.00 sec,direct,,rejected,rejected,original == NOT optimized
generated_multiplier_4,rewrite_z,new_n101,new_n103,0.9121372767857142,3,1.0,0,non_exact_candidate,0,0,256,1,rejected,Networks are NOT EQUIVALENT.  Time =     0.00 sec,direct,,rejected,rejected,original == NOT optimized
generated_multiplier_4,rewrite_z,new_n101,new_n101,0.8996093749999999,4,1.0,0,non_exact_candidate,0,0,256,1,rejected,Networks are NOT EQUIVALENT.  Time =     0.00 sec,direct,,rejected,rejected,original == NOT optimized
generated_multiplier_4,rewrite_z,new_n102,new_n120,0.978515625,2,1.0,0,non_exact_candidate,0,0,256,1,rejected,Networks are NOT EQUIVALENT.  Time =     0.00 sec,direct,,rejected,rejected,original == NOT optimized
generated_multiplier_4,rewrite_z,new_n102,new_n96,0.93984375,3,1.0,0,non_exact_candidate,0,0,256,1,rejected,Networks are NOT EQUIVALENT.  Time =     0.00 sec,direct,,rejected,rejected,original == NOT optimized
generated_multiplier_4,rewrite_z,new_n102,new_n123,0.9204427083333332,4,1.0,0,non_exact_candidate,0,0,256,1,rejected,Networks are NOT EQUIVALENT.  Time =     0.00 sec,direct,,rejected,rejected,original == NOT optimized
generated_multiplier_4,rewrite_z,new_n102,new_n135,0.91640625,5,1.0,0,non_exact_candidate,0,0,256,1,rejected,Networks are NOT EQUIVALENT.  Time =     0.00 sec,direct,,rejected,rejected,original == NOT optimized
generated_multiplier_4,rewrite_z,new_n104,new_n125,0.9080729166666668,2,1.0,0,non_exact_candidate,0,0,256,1,rejected,Networks are NOT EQUIVALENT.  Time =     0.00 sec,direct,,rejected,rejected,original == NOT optimized
generated_multiplier_4,rewrite_z,new_n104,new_n105,0.901171875,3,1.0,0,non_exact_candidate,0,0,256,1,rejected,Networks are NOT EQUIVALENT.  Time =     0.00 sec,direct,,rejected,rejected,original == NOT optimized
generated_multiplier_4,rewrite_z,new_n104,new_n115,0.8925130208333334,4,1.0,0,non_exact_candidate,0,0,256,1,rejected,Networks are NOT EQUIVALENT.  Time =     0.00 sec,direct,,rejected,rejected,original == NOT optimized
generated_multiplier_4,rewrite_z,new_n104,new_n116,0.8925130208333334,5,1.0,0,non_exact_candidate,0,0,256,1,rejected,Networks are NOT EQUIVALENT.  Time =     0.00 sec,direct,,rejected,rejected,original == NOT optimized
generated_multiplier_4,rewrite_z,new_n107,new_n117,0.9161458333333332,3,1.0,0,non_exact_candidate,0,0,256,1,rejected,Networks are NOT EQUIVALENT.  Time =     0.00 sec,direct,,rejected,rejected,original == NOT optimized
generated_multiplier_4,rewrite_z,new_n107,new_n127,0.8908854166666668,4,1.0,0,non_exact_candidate,0,0,256,1,rejected,Networks are NOT EQUIVALENT.  Time =     0.00 sec,direct,,rejected,rejected,original == NOT optimized
generated_multiplier_4,rewrite_z,new_n107,new_n134,0.8651041666666667,5,1.0,0,non_exact_candidate,0,0,256,1,rejected,Networks are NOT EQUIVALENT.  Time =     0.00 sec,direct,,rejected,rejected,original == NOT optimized
generated_multiplier_4,rewrite_z,new_n108,new_n116,0.9419921875,2,1.0,0,non_exact_candidate,0,0,256,1,rejected,Networks are NOT EQUIVALENT.  Time =     0.00 sec,direct,,rejected,rejected,original == NOT optimized
generated_multiplier_4,rewrite_z,new_n108,new_n135,0.8941406250000001,4,1.0,0,non_exact_candidate,0,0,256,1,rejected,Networks are NOT EQUIVALENT.  Time =     0.00 sec,direct,,rejected,rejected,original == NOT optimized
generated_multiplier_4,rewrite_z,new_n108,new_n109,0.8904296875000001,5,1.0,0,non_exact_candidate,0,0,256,1,rejected,Networks are NOT EQUIVALENT.  Time =     0.00 sec,direct,,rejected,rejected,original == NOT optimized
generated_multiplier_4,rewrite_z,new_n109,new_n117,0.8597656250000001,2,1.0,0,non_exact_candidate,0,0,256,1,rejected,Networks are NOT EQUIVALENT.  Time =     0.00 sec,direct,,rejected,rejected,original == NOT optimized
generated_multiplier_4,rewrite_z,new_n111,new_n132,0.9328125,2,1.0,0,non_exact_candidate,0,0,256,1,rejected,Networks are NOT EQUIVALENT.  Time =     0.00 sec,direct,,rejected,rejected,original == NOT optimized
generated_multiplier_4,rewrite_z,new_n111,new_n113,0.9205078125,3,1.0,0,non_exact_candidate,0,0,256,1,rejected,Networks are NOT EQUIVALENT.  Time =     0.00 sec,direct,,rejected,rejected,original == NOT optimized
generated_multiplier_4,rewrite_z,new_n111,new_n135,0.912109375,4,1.0,0,non_exact_candidate,0,0,256,1,rejected,Networks are NOT EQUIVALENT.  Time =     0.00 sec,direct,,rejected,rejected,original == NOT optimized
generated_multiplier_4,rewrite_z,new_n111,new_n105,0.91140625,5,1.0,0,non_exact_candidate,0,0,256,1,rejected,Networks are NOT EQUIVALENT.  Time =     0.00 sec,direct,,rejected,rejected,original == NOT optimized
generated_multiplier_4,rewrite_z,new_n114,new_n132,0.9290364583333334,2,1.0,0,non_exact_candidate,0,0,256,1,rejected,Networks are NOT EQUIVALENT.  Time =     0.00 sec,direct,,rejected,rejected,original == NOT optimized
generated_multiplier_4,rewrite_z,new_n114,new_n126,0.9118489583333332,3,1.0,0,non_exact_candidate,0,0,256,1,rejected,Networks are NOT EQUIVALENT.  Time =     0.00 sec,direct,,rejected,rejected,original == NOT optimized
generated_multiplier_4,rewrite_z,new_n114,new_n105,0.9078125,4,1.0,0,non_exact_candidate,0,0,256,1,rejected,Networks are NOT EQUIVALENT.  Time =     0.00 sec,direct,,rejected,rejected,original == NOT optimized
generated_multiplier_4,rewrite_z,new_n114,new_n120,0.9037760416666668,5,1.0,0,non_exact_candidate,0,0,256,1,rejected,Networks are NOT EQUIVALENT.  Time =     0.00 sec,direct,,rejected,rejected,original == NOT optimized
real_hand_written_parity_8,dc2,new_n28,new_n29,0.8624999999999999,2,1.0,0,non_exact_candidate,0,0,256,1,rejected,Networks are NOT EQUIVALENT.  Time =     0.00 sec,direct,,rejected,rejected,original == NOT optimized
real_hand_written_parity_8,dc2,new_n29,new_n29,0.8624999999999999,2,1.0,0,non_exact_candidate,0,0,256,1,rejected,Networks are NOT EQUIVALENT.  Time =     0.00 sec,direct,,rejected,rejected,original == NOT optimized
